callsign,product,status,type,created_date,last_modified_date,licence_version_last_modified_date,licence_version_original_start_date
20FEV,Amateur Intermediate Radio Licence,Allocated,Call Sign - Amateur,2019-01-23 15:51,2024-03-05 09:35,,
20FEZ,Amateur Intermediate Radio Licence,Allocated,Call Sign - Amateur,2019-01-24 11:40,2024-05-01 18:12,,
20FFB,Amateur Intermediate Radio Licence,Reserved,Call Sign - Amateur,2019-01-30 17:53,2024-02-25 00:00,,
20FFD,Amateur Intermediate Radio Licence,Allocated,Call Sign - Amateur,2019-01-31 10:18,2024-04-22 18:21,,
20FFI,Amateur Intermediate Radio Licence,Allocated,Call Sign - Amateur,2019-02-02 11:32,2024-04-22 18:24,,
20FFJ,Amateur Intermediate Radio Licence,Allocated,Call Sign - Amateur,2019-02-18 21:54,2024-04-23 18:15,,
20FFK,Amateur Intermediate Radio Licence,Allocated,Call Sign - Amateur,2019-02-19 18:44,2024-04-23 18:16,,
20FFN,Amateur Intermediate Radio Licence,Allocated,Call Sign - Amateur,2019-02-21 21:20,2024-04-23 18:23,,
20FFO,Amateur Intermediate Radio Licence,Reserved,Call Sign - Amateur,2019-02-21 21:50,2023-11-24 00:00,,
20FFU,Amateur Intermediate Radio Licence,Allocated,Call Sign - Amateur,2019-02-22 00:23,2024-04-23 18:27,,
20FFV,Amateur Intermediate Radio Licence,Allocated,Call Sign - Amateur,2019-02-27 17:21,2024-04-23 18:38,,
20FFZ,Amateur Intermediate Radio Licence,Allocated,Call Sign - Amateur,2019-02-28 16:09,2024-04-24 18:05,,
20FHO,Amateur Intermediate Radio Licence,Allocated,Call Sign - Amateur,2019-04-14 18:14,2024-04-27 18:04,,
20FHP,Amateur Intermediate Radio Licence,Allocated,Call Sign - Amateur,2019-04-14 18:17,2024-04-27 18:06,,
20FHQ,Amateur Intermediate Radio Licence,Allocated,Call Sign - Amateur,2019-04-14 22:42,2024-06-19 02:47,,
20FHV,Amateur Intermediate Radio Licence,Allocated,Call Sign - Amateur,2019-04-16 13:22,2024-06-10 03:53,,
20FHW,Amateur Intermediate Radio Licence,Allocated,Call Sign - Amateur,2019-04-18 07:56,2024-06-18 04:26,,
20FHX,Amateur Intermediate Radio Licence,Allocated,Call Sign - Amateur,2019-04-18 12:12,2024-04-27 18:14,,
20FHY,Amateur Intermediate Radio Licence,Allocated,Call Sign - Amateur,2019-04-19 11:24,2024-04-27 18:16,,
20FHZ,Amateur Intermediate Radio Licence,Allocated,Call Sign - Amateur,2019-04-19 15:04,2024-08-12 14:15,,
20FID,Amateur Intermediate Radio Licence,Allocated,Call Sign - Amateur,2019-04-28 17:54,2024-04-27 18:29,,
20FIH,Amateur Intermediate Radio Licence,Allocated,Call Sign - Amateur,2019-04-29 12:31,2024-06-26 03:56,,
20FII,Amateur Intermediate Radio Licence,Allocated,Call Sign - Amateur,2019-04-29 16:05,2024-04-27 18:31,,
20FIK,Amateur Intermediate Radio Licence,Allocated,Call Sign - Amateur,2019-04-29 16:09,2024-06-22 04:32,,
20FIM,Amateur Intermediate Radio Licence,Reserved,Call Sign - Amateur,2019-04-29 16:25,2019-11-26 00:00,,
20FIO,Amateur Intermediate Radio Licence,Allocated,Call Sign - Amateur,2019-04-29 17:26,2024-04-27 18:29,,
20FIP,Amateur Intermediate Radio Licence,Allocated,Call Sign - Amateur,2019-04-29 21:19,2024-06-27 03:09,,
20FIU,Amateur Intermediate Radio Licence,Allocated,Call Sign - Amateur,2019-04-29 23:29,2024-03-26 07:43,,
20FIV,Amateur Intermediate Radio Licence,Allocated,Call Sign - Amateur,2019-05-01 22:06,2024-06-15 03:35,,
20FIW,Amateur Intermediate Radio Licence,Allocated,Call Sign - Amateur,2019-05-02 12:30,2024-04-28 18:03,,
20FIY,Amateur Intermediate Radio Licence,Allocated,Call Sign - Amateur,2019-05-03 09:27,2024-04-28 18:06,,
20FJB,Amateur Intermediate Radio Licence,Allocated,Call Sign - Amateur,2019-05-10 09:59,2024-04-28 18:21,,
20FJC,Amateur Intermediate Radio Licence,Allocated,Call Sign - Amateur,2019-05-10 17:03,2024-04-28 18:20,,
20FJE,Amateur Intermediate Radio Licence,Allocated,Call Sign - Amateur,2019-05-11 09:42,2024-06-20 02:37,,
20FJF,Amateur Intermediate Radio Licence,Allocated,Call Sign - Amateur,2019-05-11 10:54,2024-06-28 03:03,,
20FJG,Amateur Intermediate Radio Licence,Allocated,Call Sign - Amateur,2019-05-14 15:32,2024-04-28 18:28,,
20FJH,Amateur Intermediate Radio Licence,Allocated,Call Sign - Amateur,2019-05-16 09:25,2024-06-02 02:47,,
20FJI,Amateur Intermediate Radio Licence,Reserved,Call Sign - Amateur,2019-05-16 12:12,2025-02-21 00:00,,
20FJJ,Amateur Intermediate Radio Licence,Allocated,Call Sign - Amateur,2019-05-16 14:06,2024-06-21 04:06,,
20FJK,Amateur Intermediate Radio Licence,Allocated,Call Sign - Amateur,2019-05-19 18:16,2024-04-28 18:37,,
20FJN,Amateur Intermediate Radio Licence,Allocated,Call Sign - Amateur,2019-05-20 16:50,2024-04-29 18:02,,
20FJO,Amateur Intermediate Radio Licence,Allocated,Call Sign - Amateur,2019-05-22 07:37,2024-04-29 18:05,,
20FJQ,Amateur Intermediate Radio Licence,Allocated,Call Sign - Amateur,2019-05-22 13:39,2024-04-29 18:09,,
20FJT,Amateur Intermediate Radio Licence,Allocated,Call Sign - Amateur,2019-05-22 15:25,2025-03-23 10:26,,
20FJU,Amateur Intermediate Radio Licence,Allocated,Call Sign - Amateur,2019-05-22 15:35,2025-03-23 10:34,,
20FJV,Amateur Intermediate Radio Licence,Allocated,Call Sign - Amateur,2019-05-22 15:37,2024-04-29 18:05,,
20FJW,Amateur Intermediate Radio Licence,Allocated,Call Sign - Amateur,2019-05-28 11:25,2024-04-29 18:16,,
20FJX,Amateur Intermediate Radio Licence,Allocated,Call Sign - Amateur,2019-05-28 15:24,2024-04-29 18:18,,
20FKB,Amateur Intermediate Radio Licence,Allocated,Call Sign - Amateur,2019-05-22 17:12,2024-04-29 18:07,,
20FMN,Amateur Intermediate Radio Licence,Allocated,Call Sign - Amateur,2019-04-29 16:03,2024-06-24 04:11,,
20FNK,Amateur Intermediate Radio Licence,Allocated,Call Sign - Amateur,2019-05-20 21:40,2024-04-29 18:02,,
20FOE,Amateur Intermediate Radio Licence,Allocated,Call Sign - Amateur,2019-05-05 20:17,2024-06-06 03:23,,
20FXE,Amateur Intermediate Radio Licence,Allocated,Call Sign - Amateur,2019-05-08 17:56,2024-04-28 18:17,,
20GNE,Amateur Intermediate Radio Licence,Allocated,Call Sign - Amateur,2019-05-21 13:30,2024-09-09 09:07,,
20HCO,Amateur Intermediate Radio Licence,Allocated,Call Sign - Amateur,2019-05-01 22:14,2024-06-27 02:50,,
20HCR,Amateur Intermediate Radio Licence,Allocated,Call Sign - Amateur,2019-04-29 18:05,2024-04-27 18:36,,
20HGP,Amateur Intermediate Radio Licence,Allocated,Call Sign - Amateur,2019-05-17 21:10,2024-06-14 03:41,,
20HJT,Amateur Intermediate Radio Licence,Reserved,Call Sign - Amateur,2021-08-15 19:13,2023-09-05 23:00,,
20HJU,Amateur Intermediate Radio Licence,Allocated,Call Sign - Amateur,2021-08-19 12:44,2024-06-11 02:46,,
20HJW,Amateur Intermediate Radio Licence,Allocated,Call Sign - Amateur,2021-08-20 10:27,2024-06-11 02:47,,
20HJX,Amateur Intermediate Radio Licence,Allocated,Call Sign - Amateur,2021-08-25 14:39,2024-04-20 13:56,,
20HJY,Amateur Intermediate Radio Licence,Allocated,Call Sign - Amateur,2021-08-26 11:15,2024-06-11 02:55,,
20HKB,Amateur Intermediate Radio Licence,Allocated,Call Sign - Amateur,2021-08-27 14:24,2024-06-11 02:59,,
20HKE,Amateur Intermediate Radio Licence,Allocated,Call Sign - Amateur,2021-09-04 09:46,2024-06-11 03:12,,
20HKH,Amateur Intermediate Radio Licence,Reserved,Call Sign - Amateur,2021-09-06 12:16,2022-03-11 14:00,,
20HKI,Amateur Intermediate Radio Licence,Allocated,Call Sign - Amateur,2021-09-16 09:58,2024-06-11 03:34,,
20HKJ,Amateur Intermediate Radio Licence,Allocated,Call Sign - Amateur,2021-09-20 15:09,2024-06-28 04:31,,
20HKP,Amateur Intermediate Radio Licence,Allocated,Call Sign - Amateur,2021-09-21 17:15,2024-06-19 04:12,,
20HKQ,Amateur Intermediate Radio Licence,Allocated,Call Sign - Amateur,2021-09-22 13:01,2024-06-11 03:47,,
20HKT,Amateur Intermediate Radio Licence,Allocated,Call Sign - Amateur,2021-09-22 13:02,2024-06-11 03:47,,
20HKV,Amateur Intermediate Radio Licence,Allocated,Call Sign - Amateur,2021-09-23 07:30,2024-06-11 03:50,,
20HKW,Amateur Intermediate Radio Licence,Allocated,Call Sign - Amateur,2021-09-24 14:44,2024-06-11 03:51,,
20HKX,Amateur Intermediate Radio Licence,Allocated,Call Sign - Amateur,2021-09-28 12:17,2024-06-11 03:57,,
20HKZ,Amateur Intermediate Radio Licence,Allocated,Call Sign - Amateur,2021-10-01 07:05,2024-06-11 04:05,,
20HLA,Amateur Intermediate Radio Licence,Allocated,Call Sign - Amateur,2019-02-27 18:13,2024-05-17 18:16,,
20HLE,Amateur Intermediate Radio Licence,Allocated,Call Sign - Amateur,2021-10-01 20:34,2024-06-11 04:04,,
20HLQ,Amateur Intermediate Radio Licence,Allocated,Call Sign - Amateur,2021-10-02 17:17,2024-06-11 04:07,,
20HLS,Amateur Intermediate Radio Licence,Reserved,Call Sign - Amateur,2021-10-02 17:24,2021-10-02 23:00,,
20HLU,Amateur Intermediate Radio Licence,Allocated,Call Sign - Amateur,2021-10-02 17:27,2024-06-11 04:07,,
20HLV,Amateur Intermediate Radio Licence,Allocated,Call Sign - Amateur,2021-10-06 12:09,2024-12-05 10:46,,
20HLY,Amateur Intermediate Radio Licence,Allocated,Call Sign - Amateur,2021-10-06 13:01,2024-06-11 04:15,,
20HLZ,Amateur Intermediate Radio Licence,Allocated,Call Sign - Amateur,2021-10-07 14:49,2024-06-11 04:17,,
20HMK,Amateur Intermediate Radio Licence,Allocated,Call Sign - Amateur,2021-10-19 10:01,2024-06-21 03:51,,
20HML,Amateur Intermediate Radio Licence,Allocated,Call Sign - Amateur,2021-10-20 06:19,2024-06-22 04:23,,
20HMN,Amateur Intermediate Radio Licence,Allocated,Call Sign - Amateur,2021-10-20 12:19,2024-06-11 04:41,,
20HMO,Amateur Intermediate Radio Licence,Allocated,Call Sign - Amateur,2021-10-21 11:19,2024-06-11 04:44,,
20HMP,Amateur Intermediate Radio Licence,Allocated,Call Sign - Amateur,2021-10-26 08:50,2024-06-12 02:35,,
20HOX,Amateur Intermediate Radio Licence,Allocated,Call Sign - Amateur,2019-05-16 17:52,2024-04-28 18:31,,
20HWO,Amateur Intermediate Radio Licence,Allocated,Call Sign - Amateur,2019-04-13 06:55,2024-06-13 04:27,,
20IQI,Amateur Intermediate Radio Licence,Allocated,Call Sign - Amateur,2021-09-29 06:07,2024-06-11 04:00,,
20IWK,Amateur Intermediate Radio Licence,Allocated,Call Sign - Amateur,2019-05-20 16:10,2024-04-29 18:02,,
20IWX,Amateur Intermediate Radio Licence,Allocated,Call Sign - Amateur,2019-05-20 12:30,2024-04-28 18:41,,
20IZZ,Amateur Intermediate Radio Licence,Allocated,Call Sign - Amateur,2019-04-30 12:24,2024-04-27 18:39,,
20JHH,Amateur Intermediate Radio Licence,Allocated,Call Sign - Amateur,2019-04-29 22:17,2024-07-24 04:10,,
20JKX,Amateur Intermediate Radio Licence,Reserved,Call Sign - Amateur,2019-04-13 10:16,2021-07-14 23:00,,
20JMJ,Amateur Intermediate Radio Licence,Allocated,Call Sign - Amateur,2019-02-28 16:45,2024-04-24 18:05,,
20JNC,Amateur Intermediate Radio Licence,Allocated,Call Sign - Amateur,2019-04-14 17:18,2024-10-09 16:46,,
20JNR,Amateur Intermediate Radio Licence,Allocated,Call Sign - Amateur,2021-08-26 12:49,2024-06-11 02:58,,
20JOT,Amateur Intermediate Radio Licence,Allocated,Call Sign - Amateur,2019-02-27 18:07,2024-11-01 19:09,,
20JTO,Amateur Intermediate Radio Licence,Allocated,Call Sign - Amateur,2019-02-28 11:41,2024-04-24 18:04,,
20JZG,Amateur Intermediate Radio Licence,Allocated,Call Sign - Amateur,2025-05-10 13:04,2025-05-10 14:55,,
20JZH,Amateur Intermediate Radio Licence,Allocated,Call Sign - Amateur,2025-05-10 14:55,2025-05-12 18:27,,
20JZI,Amateur Intermediate Radio Licence,Allocated,Call Sign - Amateur,2025-05-12 18:27,2025-05-14 14:21,,
20JZJ,Amateur Intermediate Radio Licence,Allocated,Call Sign - Amateur,2025-05-14 14:21,2025-05-14 14:21,,
20KBZ,Amateur Intermediate Radio Licence,Allocated,Call Sign - Amateur,2019-05-22 09:01,2024-03-05 21:04,,
20KGN,Amateur Intermediate Radio Licence,Allocated,Call Sign - Amateur,2019-04-30 08:52,2024-04-27 18:41,,
20KGY,Amateur Intermediate Radio Licence,Allocated,Call Sign - Amateur,2021-10-20 06:33,2024-04-24 07:40,,
20KIE,Amateur Intermediate Radio Licence,Allocated,Call Sign - Amateur,2021-09-07 23:44,2024-06-11 03:17,,
20KTO,Amateur Intermediate Radio Licence,Allocated,Call Sign - Amateur,2019-05-08 15:22,2024-04-28 18:12,,
20KVS,Amateur Intermediate Radio Licence,Allocated,Call Sign - Amateur,2019-02-21 11:15,2024-04-23 18:22,,
20KXL,Amateur Intermediate Radio Licence,Allocated,Call Sign - Amateur,2019-04-29 16:43,2025-04-01 06:24,,
20LCF,Amateur Intermediate Radio Licence,Allocated,Call Sign - Amateur,2019-05-15 17:29,2024-04-28 18:29,,
20LPU,Amateur Intermediate Radio Licence,Allocated,Call Sign - Amateur,2019-04-29 16:33,2024-06-24 03:54,,
20LXY,Amateur Intermediate Radio Licence,Allocated,Call Sign - Amateur,2019-01-24 19:16,2024-06-17 03:43,,
20LYB,Amateur Intermediate Radio Licence,Allocated,Call Sign - Amateur,2021-09-18 18:02,2025-03-03 20:49,,
20LZI,Amateur Intermediate Radio Licence,Allocated,Call Sign - Amateur,2019-02-28 15:52,2024-06-13 03:20,,
20MOU,Amateur Intermediate Radio Licence,Allocated,Call Sign - Amateur,2019-05-09 17:26,2024-04-28 18:18,,
20MOX,Amateur Intermediate Radio Licence,Allocated,Call Sign - Amateur,2019-01-23 17:14,2024-06-02 03:48,,
20MSN,Amateur Intermediate Radio Licence,Allocated,Call Sign - Amateur,2019-02-21 10:28,2024-04-23 18:25,,
20MSU,Amateur Intermediate Radio Licence,Allocated,Call Sign - Amateur,2019-05-08 10:43,2024-04-04 18:47,,
20MYZ,Amateur Intermediate Radio Licence,Allocated,Call Sign - Amateur,2019-05-16 18:41,2024-06-27 04:56,,
20MZC,Amateur Intermediate Radio Licence,Allocated,Call Sign - Amateur,2019-05-17 07:06,2024-06-22 03:02,,
20NEG,Amateur Intermediate Radio Licence,Allocated,Call Sign - Amateur,2021-09-22 09:37,2024-06-11 03:46,,
20NII,Amateur Intermediate Radio Licence,Allocated,Call Sign - Amateur,2021-08-25 21:26,2024-06-11 02:53,,
20NOU,Amateur Intermediate Radio Licence,Allocated,Call Sign - Amateur,2019-02-27 18:31,2024-04-23 18:38,,
20NQF,Amateur Intermediate Radio Licence,Allocated,Call Sign - Amateur,2019-05-08 15:28,2024-04-28 18:12,,
20NRN,Amateur Intermediate Radio Licence,Allocated,Call Sign - Amateur,2019-04-29 15:50,2024-06-20 04:09,,
20NSH,Amateur Intermediate Radio Licence,Allocated,Call Sign - Amateur,2025-05-15 13:02,2025-05-15 13:02,,
20NSX,Amateur Intermediate Radio Licence,Allocated,Call Sign - Amateur,2019-05-16 09:53,2024-10-15 13:00,,
20NUR,Amateur Intermediate Radio Licence,Allocated,Call Sign - Amateur,2019-04-18 06:39,2024-06-17 03:40,,
20NXE,Amateur Intermediate Radio Licence,Allocated,Call Sign - Amateur,2019-04-29 17:15,2024-04-27 18:32,,
20NXM,Amateur Intermediate Radio Licence,Allocated,Call Sign - Amateur,2021-10-21 11:28,2024-09-19 13:50,,
20NZS,Amateur Intermediate Radio Licence,Allocated,Call Sign - Amateur,2021-09-10 17:43,2024-06-09 20:04,,
20OFS,Amateur Intermediate Radio Licence,Allocated,Call Sign - Amateur,2019-02-27 19:59,2025-04-04 19:41,,
20OMR,Amateur Intermediate Radio Licence,Allocated,Call Sign - Amateur,2019-01-30 11:43,2025-03-20 17:57,,
20ONK,Amateur Intermediate Radio Licence,Allocated,Call Sign - Amateur,2021-10-26 06:37,2024-07-14 20:58,,
20ONX,Amateur Intermediate Radio Licence,Allocated,Call Sign - Amateur,2019-05-28 12:27,2024-06-16 04:45,,
20ONZ,Amateur Intermediate Radio Licence,Allocated,Call Sign - Amateur,2019-02-28 14:21,2024-04-24 18:03,,
20OQR,Amateur Intermediate Radio Licence,Allocated,Call Sign - Amateur,2021-09-10 13:30,2024-06-11 03:22,,
20OSN,Amateur Intermediate Radio Licence,Reserved,Call Sign - Amateur,2019-05-22 08:59,2023-02-28 12:49,,
20OTA,Amateur Intermediate Radio Licence,Allocated,Call Sign - Amateur,2019-02-06 14:42,2024-04-22 18:32,,
20OUU,Amateur Intermediate Radio Licence,Allocated,Call Sign - Amateur,2019-05-08 11:58,2024-04-28 18:14,,
20OVO,Amateur Intermediate Radio Licence,Allocated,Call Sign - Amateur,2019-04-29 22:04,2024-04-27 18:33,,
20OVW,Amateur Intermediate Radio Licence,Allocated,Call Sign - Amateur,2019-04-30 18:25,2024-04-27 18:37,,
20OWE,Amateur Intermediate Radio Licence,Allocated,Call Sign - Amateur,2019-04-29 18:23,2024-04-27 18:32,,
20OWN,Amateur Intermediate Radio Licence,Allocated,Call Sign - Amateur,2019-01-31 23:15,2025-01-31 07:51,,
20OYY,Amateur Intermediate Radio Licence,Allocated,Call Sign - Amateur,2019-04-30 17:12,2024-06-18 03:47,,
20PIR,Amateur Intermediate Radio Licence,Allocated,Call Sign - Amateur,2021-09-07 15:45,2025-01-05 16:54,,
20PJX,Amateur Intermediate Radio Licence,Allocated,Call Sign - Amateur,2021-10-09 13:33,2024-06-11 04:20,,
20PLU,Amateur Intermediate Radio Licence,Allocated,Call Sign - Amateur,2019-05-01 07:36,2024-06-21 02:47,,
20PMU,Amateur Intermediate Radio Licence,Allocated,Call Sign - Amateur,2019-02-06 13:22,2024-04-22 18:33,,
20POE,Amateur Intermediate Radio Licence,Allocated,Call Sign - Amateur,2019-04-29 17:15,2024-04-27 18:36,,
20RGQ,Amateur Intermediate Radio Licence,Allocated,Call Sign - Amateur,2019-04-17 09:26,2024-05-07 18:36,,
20RIJ,Amateur Intermediate Radio Licence,Allocated,Call Sign - Amateur,2019-02-27 13:12,2024-06-23 04:05,,
20RIV,Amateur Intermediate Radio Licence,Allocated,Call Sign - Amateur,2019-01-29 11:08,2024-05-12 18:38,,
20RKN,Amateur Intermediate Radio Licence,Allocated,Call Sign - Amateur,2019-04-18 09:32,2024-06-17 03:34,,
20RLE,Amateur Intermediate Radio Licence,Allocated,Call Sign - Amateur,2019-04-29 16:56,2024-05-17 18:37,,
20RMF,Amateur Intermediate Radio Licence,Allocated,Call Sign - Amateur,2019-05-08 10:34,2024-06-28 05:09,,
20ROJ,Amateur Intermediate Radio Licence,Allocated,Call Sign - Amateur,2021-09-21 12:37,2024-06-11 03:43,,
20RQC,Amateur Intermediate Radio Licence,Allocated,Call Sign - Amateur,2019-02-22 11:15,2024-04-23 18:27,,
20RSR,Amateur Intermediate Radio Licence,Allocated,Call Sign - Amateur,2019-02-27 16:04,2024-06-27 03:52,,
20RSY,Amateur Intermediate Radio Licence,Allocated,Call Sign - Amateur,2019-01-23 17:23,2024-06-15 03:56,,
20RTH,Amateur Intermediate Radio Licence,Allocated,Call Sign - Amateur,2019-04-18 17:37,2024-04-27 18:14,,
20RUX,Amateur Intermediate Radio Licence,Allocated,Call Sign - Amateur,2019-04-29 15:12,2024-05-12 18:05,,
20RVA,Amateur Intermediate Radio Licence,Allocated,Call Sign - Amateur,2025-05-09 04:53,2025-05-09 04:53,,
20RXI,Amateur Intermediate Radio Licence,Allocated,Call Sign - Amateur,2021-10-20 10:08,2024-06-11 04:40,,
20RYD,Amateur Intermediate Radio Licence,Allocated,Call Sign - Amateur,2019-02-21 09:33,2024-07-08 08:22,,
20SKR,Amateur Intermediate Radio Licence,Allocated,Call Sign - Amateur,2021-10-02 08:44,2024-06-11 04:08,,
20SNT,Amateur Intermediate Radio Licence,Allocated,Call Sign - Amateur,2021-08-14 08:26,2024-06-11 02:36,,
20SSE,Amateur Intermediate Radio Licence,Allocated,Call Sign - Amateur,2019-05-07 13:21,2024-06-22 03:27,,
20STH,Amateur Intermediate Radio Licence,Allocated,Call Sign - Amateur,2019-01-23 14:50,2024-06-09 03:14,,
20SUC,Amateur Intermediate Radio Licence,Allocated,Call Sign - Amateur,2021-09-14 11:20,2024-06-11 03:29,,
20SUI,Amateur Intermediate Radio Licence,Allocated,Call Sign - Amateur,2025-05-09 12:22,2025-05-09 12:23,,
20SUK,Amateur Intermediate Radio Licence,Reserved,Call Sign - Amateur,2019-05-22 09:46,2024-02-23 00:00,,
20SYA,Amateur Intermediate Radio Licence,Allocated,Call Sign - Amateur,2021-09-15 07:10,2024-04-09 15:50,,
20SYT,Amateur Intermediate Radio Licence,Allocated,Call Sign - Amateur,2019-04-24 22:29,2024-04-27 18:24,,
20SZL,Amateur Intermediate Radio Licence,Allocated,Call Sign - Amateur,2021-09-02 01:17,2024-06-11 03:08,,
20TGR,Amateur Intermediate Radio Licence,Allocated,Call Sign - Amateur,2019-05-22 13:48,2024-04-29 18:08,,
20TGZ,Amateur Intermediate Radio Licence,Allocated,Call Sign - Amateur,2019-04-28 08:03,2024-10-19 09:58,,
20TLJ,Amateur Intermediate Radio Licence,Allocated,Call Sign - Amateur,2021-10-26 12:13,2024-07-05 16:16,,
20TNO,Amateur Intermediate Radio Licence,Allocated,Call Sign - Amateur,2019-05-02 06:27,2024-06-07 04:29,,
20TPL,Amateur Intermediate Radio Licence,Allocated,Call Sign - Amateur,2019-01-31 20:35,2024-04-22 18:20,,
20UCD,Amateur Intermediate Radio Licence,Allocated,Call Sign - Amateur,2021-10-21 07:43,2025-03-14 10:42,,
20UDB,Amateur Intermediate Radio Licence,Allocated,Call Sign - Amateur,2019-05-02 12:05,2024-12-15 22:29,,
20UFC,Amateur Intermediate Radio Licence,Allocated,Call Sign - Amateur,2025-05-10 12:50,2025-05-10 12:50,,
20UHD,Amateur Intermediate Radio Licence,Allocated,Call Sign - Amateur,2019-02-28 08:11,2024-03-16 19:45,,
20UHZ,Amateur Intermediate Radio Licence,Allocated,Call Sign - Amateur,2019-02-19 20:35,2024-06-03 03:06,,
20UKE,Amateur Intermediate Radio Licence,Allocated,Call Sign - Amateur,2019-01-23 20:56,2024-04-21 19:23,,
20URK,Amateur Intermediate Radio Licence,Reserved,Call Sign - Amateur,2019-02-28 10:11,2024-04-24 23:00,,
20UXL,Amateur Intermediate Radio Licence,Allocated,Call Sign - Amateur,2019-02-07 00:25,2024-04-22 18:33,,
20UXV,Amateur Intermediate Radio Licence,Allocated,Call Sign - Amateur,2021-08-21 10:50,2024-06-11 02:48,,
20VMK,Amateur Intermediate Radio Licence,Allocated,Call Sign - Amateur,2019-04-17 16:43,2024-06-16 03:46,,
20VPA,Amateur Intermediate Radio Licence,Allocated,Call Sign - Amateur,2021-10-23 15:12,2024-11-05 23:09,,
20VPJ,Amateur Intermediate Radio Licence,Allocated,Call Sign - Amateur,2019-02-06 14:48,2024-06-17 04:21,,
20VPV,Amateur Intermediate Radio Licence,Allocated,Call Sign - Amateur,2019-05-28 11:50,2024-06-08 21:55,,
20VTP,Amateur Intermediate Radio Licence,Allocated,Call Sign - Amateur,2019-02-21 13:52,2024-04-23 18:22,,
20VVX,Amateur Intermediate Radio Licence,Allocated,Call Sign - Amateur,2019-01-24 11:12,2024-12-20 10:50,,
20WCP,Amateur Intermediate Radio Licence,Allocated,Call Sign - Amateur,2021-08-16 19:23,2024-06-11 02:39,,
20WER,Amateur Intermediate Radio Licence,Allocated,Call Sign - Amateur,2019-02-27 23:19,2024-04-23 18:37,,
20WFZ,Amateur Intermediate Radio Licence,Allocated,Call Sign - Amateur,2019-05-17 11:06,2024-04-28 18:33,,
20WGW,Amateur Intermediate Radio Licence,Allocated,Call Sign - Amateur,2019-04-29 15:55,2024-04-27 18:31,,
20WII,Amateur Intermediate Radio Licence,Allocated,Call Sign - Amateur,2019-04-29 21:38,2024-04-27 18:35,,
20WND,Amateur Intermediate Radio Licence,Reserved,Call Sign - Amateur,2019-05-20 12:11,2023-12-01 11:43,,
20WOH,Amateur Intermediate Radio Licence,Allocated,Call Sign - Amateur,2019-05-11 09:34,2024-04-28 18:22,,
20WPR,Amateur Intermediate Radio Licence,Allocated,Call Sign - Amateur,2021-09-28 17:54,2024-08-02 11:20,,
20WQE,Amateur Intermediate Radio Licence,Allocated,Call Sign - Amateur,2021-09-01 15:06,2024-06-25 04:03,,
20WRO,Amateur Intermediate Radio Licence,Allocated,Call Sign - Amateur,2021-09-20 09:33,2024-06-11 03:41,,
20WUE,Amateur Intermediate Radio Licence,Allocated,Call Sign - Amateur,2019-02-28 11:51,2024-04-24 18:03,,
20WXU,Amateur Intermediate Radio Licence,Allocated,Call Sign - Amateur,2021-10-16 09:20,2024-06-11 04:33,,
20WXW,Amateur Intermediate Radio Licence,Allocated,Call Sign - Amateur,2025-05-15 15:53,2025-05-15 15:53,,
20XCS,Amateur Intermediate Radio Licence,Allocated,Call Sign - Amateur,2019-02-28 11:11,2024-08-31 22:41,,
20XES,Amateur Intermediate Radio Licence,Allocated,Call Sign - Amateur,2019-05-28 12:42,2024-04-29 18:17,,
20XFC,Amateur Intermediate Radio Licence,Allocated,Call Sign - Amateur,2019-05-10 19:32,2024-05-07 18:12,,
20XFK,Amateur Intermediate Radio Licence,Allocated,Call Sign - Amateur,2019-05-22 14:45,2024-04-29 18:09,,
20XGR,Amateur Intermediate Radio Licence,Allocated,Call Sign - Amateur,2019-04-29 16:26,2024-04-27 18:36,,
20XHA,Amateur Intermediate Radio Licence,Allocated,Call Sign - Amateur,2019-04-20 14:30,2025-03-28 20:39,,
20XIT,Amateur Intermediate Radio Licence,Allocated,Call Sign - Amateur,2019-04-29 18:26,2024-06-07 03:26,,
20XKM,Amateur Intermediate Radio Licence,Allocated,Call Sign - Amateur,2019-04-30 09:32,2024-04-27 18:41,,
20XLA,Amateur Intermediate Radio Licence,Allocated,Call Sign - Amateur,2019-02-27 16:56,2024-06-02 04:22,,
20XLI,Amateur Intermediate Radio Licence,Allocated,Call Sign - Amateur,2019-01-30 13:49,2024-06-19 04:39,,
20XLT,Amateur Intermediate Radio Licence,Allocated,Call Sign - Amateur,2019-04-20 08:17,2024-05-20 18:35,,
20XMW,Amateur Intermediate Radio Licence,Allocated,Call Sign - Amateur,2019-04-29 15:26,2024-06-12 04:11,,
20XNP,Amateur Intermediate Radio Licence,Allocated,Call Sign - Amateur,2019-02-18 16:52,2024-04-23 18:14,,
20XTH,Amateur Intermediate Radio Licence,Allocated,Call Sign - Amateur,2019-04-18 10:03,2025-03-28 10:40,,
20XTN,Amateur Intermediate Radio Licence,Allocated,Call Sign - Amateur,2019-02-28 12:58,2024-04-24 18:02,,
20XWI,Amateur Intermediate Radio Licence,Allocated,Call Sign - Amateur,2025-05-16 11:19,2025-05-16 11:19,,
20XWM,Amateur Intermediate Radio Licence,Allocated,Call Sign - Amateur,2019-05-22 18:51,2024-07-03 19:49,,
20XXD,Amateur Intermediate Radio Licence,Allocated,Call Sign - Amateur,2019-02-28 16:41,2024-06-05 03:35,,
20YBB,Amateur Intermediate Radio Licence,Allocated,Call Sign - Amateur,2019-05-22 12:03,2024-06-24 04:51,,
20YBC,Amateur Intermediate Radio Licence,Allocated,Call Sign - Amateur,2019-02-28 17:12,2024-10-29 16:30,,
20YGC,Amateur Intermediate Radio Licence,Allocated,Call Sign - Amateur,2021-08-26 18:42,2024-06-11 02:57,,
20YGT,Amateur Intermediate Radio Licence,Allocated,Call Sign - Amateur,2021-10-02 11:59,2024-06-11 04:08,,
20YHF,Amateur Intermediate Radio Licence,Allocated,Call Sign - Amateur,2019-04-29 17:27,2024-06-09 02:50,,
20YOX,Amateur Intermediate Radio Licence,Allocated,Call Sign - Amateur,2019-01-23 13:13,2024-06-24 04:24,,
20YRF,Amateur Intermediate Radio Licence,Allocated,Call Sign - Amateur,2019-02-09 13:26,2024-05-01 18:29,,
20YRT,Amateur Intermediate Radio Licence,Allocated,Call Sign - Amateur,2019-04-29 16:16,2024-04-27 18:33,,
20YTB,Amateur Intermediate Radio Licence,Allocated,Call Sign - Amateur,2019-05-22 17:16,2024-04-29 18:08,,
20YTD,Amateur Intermediate Radio Licence,Allocated,Call Sign - Amateur,2019-04-18 09:28,2024-05-01 18:04,,
20YVE,Amateur Intermediate Radio Licence,Allocated,Call Sign - Amateur,2019-05-25 22:32,2024-04-29 18:12,,
20YVY,Amateur Intermediate Radio Licence,Allocated,Call Sign - Amateur,2019-04-23 08:27,2024-06-08 03:33,,
20YWF,Amateur Intermediate Radio Licence,Allocated,Call Sign - Amateur,2019-02-14 20:34,2024-04-23 18:08,,
20YWH,Amateur Intermediate Radio Licence,Allocated,Call Sign - Amateur,2019-01-24 17:43,2024-04-22 18:03,,
2E1BOZ,Amateur Intermediate Radio Licence,Allocated,Call Sign - Amateur,2021-09-02 09:52,2024-06-11 03:09,,
G1NMI,Amateur Full Radio Licence,Allocated,Call Sign - Amateur,2021-10-18 13:30,2024-02-25 10:27,,
G1ZAA,Amateur Full Radio Licence,Allocated,Call Sign - Amateur,2019-02-26 15:57,2024-04-24 18:12,,
G4FJV,Amateur Full Radio Licence,Allocated,Call Sign - Amateur,2021-10-28 18:32,2024-06-12 02:42,,
G6BAD,Amateur Full Radio Licence,Allocated,Call Sign - Amateur,2019-05-16 15:28,2024-04-28 18:31,,
G7FRR,Amateur Full Radio Licence,Allocated,Call Sign - Amateur,2021-09-29 15:34,2024-06-11 04:10,,
G8DRB,Amateur Full Radio Licence,Allocated,Call Sign - Amateur,2019-02-22 10:12,2024-04-23 18:28,,
G8EIS,Amateur Full Radio Licence,Allocated,Call Sign - Amateur,2021-10-18 10:19,2024-06-11 04:39,,
M/EA2AIV,Amateur Temporary Reciprocal Radio Licence,Allocated,Call Sign - Amateur,2019-05-16 10:04,2019-05-17 05:42,,
M/JE1QCL,Amateur Temporary Reciprocal Radio Licence,Reserved,Call Sign - Amateur,2019-05-07 08:21,2019-11-30 00:00,,
M/KNIZ,Amateur Temporary Reciprocal Radio Licence,Allocated,Call Sign - Amateur,2019-01-23 14:37,2019-01-26 12:39,,
M/OK1IKI,Amateur Temporary Reciprocal Radio Licence,Available,Call Sign - Amateur,2019-02-26 09:28,2019-05-09 09:46,,
M0IVB,Amateur Full Radio Licence,Allocated,Call Sign - Amateur,2019-01-20 17:07,2024-04-21 19:08,,
M0IVC,Amateur Full Radio Licence,Allocated,Call Sign - Amateur,2019-01-23 13:31,2024-06-14 02:40,,
M0IVD,Amateur Full Radio Licence,Reserved,Call Sign - Amateur,2019-01-23 13:49,2019-01-23 13:55,,
M0IVG,Amateur Full Radio Licence,Allocated,Call Sign - Amateur,2019-01-23 18:17,2024-06-13 04:02,,
M0IVH,Amateur Full Radio Licence,Reserved,Call Sign - Amateur,2019-01-29 18:15,2022-01-18 23:55,,
M0IVI,Amateur Full Radio Licence,Allocated,Call Sign - Amateur,2019-01-29 22:08,2024-10-16 08:21,,
M0IVJ,Amateur Full Radio Licence,Allocated,Call Sign - Amateur,2019-02-04 14:12,2024-06-05 03:01,,
M0IVK,Amateur Full Radio Licence,Allocated,Call Sign - Amateur,2019-02-15 09:04,2024-06-07 04:27,,
M0IVL,Amateur Full Radio Licence,Allocated,Call Sign - Amateur,2019-02-19 22:36,2024-04-23 18:16,,
M0IVM,Amateur Full Radio Licence,Allocated,Call Sign - Amateur,2019-02-26 17:27,2024-04-23 18:35,,
M0IWQ,Amateur Full Radio Licence,Allocated,Call Sign - Amateur,2019-04-13 08:26,2024-04-26 18:40,,
M0IWR,Amateur Full Radio Licence,Allocated,Call Sign - Amateur,2019-04-23 13:15,2024-04-27 18:20,,
M0IWT,Amateur Full Radio Licence,Allocated,Call Sign - Amateur,2019-05-03 16:50,2024-04-28 18:06,,
M0IWU,Amateur Club Radio Licence,Allocated,Call Sign - Amateur,2019-05-08 14:08,2025-05-09 10:59,,
M0IWV,Amateur Full Radio Licence,Allocated,Call Sign - Amateur,2019-05-13 08:30,2024-04-28 18:24,,
M0IWW,Amateur Full Radio Licence,Allocated,Call Sign - Amateur,2019-05-13 08:58,2024-04-28 18:25,,
M0IWX,Amateur Club Radio Licence,Allocated,Call Sign - Amateur,2019-05-15 12:16,2024-05-20 18:26,,
M0IWY,Amateur Full Radio Licence,Allocated,Call Sign - Amateur,2019-05-24 09:46,2024-04-29 18:10,,
M0JBL,Amateur Full Radio Licence,Allocated,Call Sign - Amateur,2019-01-23 10:13,2024-04-23 18:15,,
M0JCG,Amateur Full Radio Licence,Allocated,Call Sign - Amateur,2019-02-01 15:57,2024-04-22 18:22,,
M0JKW,Amateur Full Radio Licence,Allocated,Call Sign - Amateur,2019-05-16 17:42,2024-04-28 18:32,,
M0JOJ,Amateur Full Radio Licence,Allocated,Call Sign - Amateur,2019-02-20 12:16,2024-04-23 18:20,,
M0JUC,Amateur Full Radio Licence,Allocated,Call Sign - Amateur,2021-08-13 15:31,2024-06-11 02:34,,
M0JUF,Amateur Full Radio Licence,Allocated,Call Sign - Amateur,2021-08-14 13:21,2024-06-11 02:43,,
M0JUH,Amateur Club Radio Licence,Allocated,Call Sign - Amateur,2021-08-16 01:15,2024-06-11 02:38,,
M0JUI,Amateur Full Radio Licence,Allocated,Call Sign - Amateur,2021-09-10 14:46,2024-06-11 03:23,,
M0JUJ,Amateur Full Radio Licence,Allocated,Call Sign - Amateur,2021-09-15 10:45,2024-06-11 03:30,,
M0JUM,Amateur Full Radio Licence,Allocated,Call Sign - Amateur,2021-09-21 17:16,2024-06-11 03:46,,
M0JUO,Amateur Full Radio Licence,Allocated,Call Sign - Amateur,2021-09-21 17:55,2024-06-11 03:45,,
M0JUP,Amateur Full Radio Licence,Allocated,Call Sign - Amateur,2021-10-16 10:49,2024-06-11 04:32,,
M0JUQ,Amateur Club Radio Licence,Allocated,Call Sign - Amateur,2021-10-24 17:37,2024-06-12 02:32,,
M0JUR,Amateur Full Radio Licence,Allocated,Call Sign - Amateur,2021-10-26 15:21,2024-06-12 02:36,,
M0JUS,Amateur Full Radio Licence,Allocated,Call Sign - Amateur,2021-09-02 14:58,2024-06-11 03:09,,
M0JYT,Amateur Full Radio Licence,Allocated,Call Sign - Amateur,2021-09-01 19:15,2024-06-13 03:26,,
M0KBR,Amateur Full Radio Licence,Allocated,Call Sign - Amateur,2019-04-29 17:55,2024-06-17 03:24,,
M0KDJ,Amateur Full Radio Licence,Allocated,Call Sign - Amateur,2019-05-28 17:08,2024-04-29 18:17,,
M0KGR,Amateur Full Radio Licence,Allocated,Call Sign - Amateur,2021-10-19 08:21,2024-06-20 04:11,,
M0KKV,Amateur Full Radio Licence,Allocated,Call Sign - Amateur,2019-05-09 09:51,2024-04-28 18:20,,
M0KPS,Amateur Full Radio Licence,Allocated,Call Sign - Amateur,2019-04-16 14:57,2024-04-27 18:09,,
M0KYQ,Amateur Full Radio Licence,Reserved,Call Sign - Amateur,2025-05-13 14:40,2025-05-16 23:00,,
M0LEJ,Amateur Full Radio Licence,Allocated,Call Sign - Amateur,2019-04-20 15:46,2024-04-27 18:16,,
M0LIF,Amateur Club Radio Licence,Allocated,Call Sign - Amateur,2021-10-12 10:48,2024-06-28 04:55,,
M0LIH,Amateur Full Radio Licence,Allocated,Call Sign - Amateur,2019-04-29 15:46,2024-06-23 04:08,,
M0LJE,Amateur Full Radio Licence,Allocated,Call Sign - Amateur,2019-04-22 08:51,2024-04-27 18:20,,
M0LPZ,Amateur Full Radio Licence,Allocated,Call Sign - Amateur,2019-01-30 18:59,2024-08-19 15:54,,
M0MOX,Amateur Club Radio Licence,Allocated,Call Sign - Amateur,2021-10-16 12:07,2024-07-24 11:19,,
M0MZR,Amateur Full Radio Licence,Allocated,Call Sign - Amateur,2019-04-18 09:31,2024-06-25 03:54,,
M0NBT,Amateur Club Radio Licence,Allocated,Call Sign - Amateur,2021-08-22 08:51,2024-06-11 02:49,,
M0NHR,Amateur Club Radio Licence,Allocated,Call Sign - Amateur,2019-02-28 11:31,2024-06-16 04:53,,
M0NPH,Amateur Full Radio Licence,Allocated,Call Sign - Amateur,2019-05-28 14:08,2024-06-22 02:43,,
M0NSS,Amateur Full Radio Licence,Allocated,Call Sign - Amateur,2019-02-27 07:53,2024-06-15 04:00,,
M0NTR,Amateur Club Radio Licence,Allocated,Call Sign - Amateur,2021-09-14 01:26,2024-06-23 02:51,,
M0NVT,Amateur Full Radio Licence,Allocated,Call Sign - Amateur,2019-02-06 15:02,2024-06-18 04:28,,
M0NWF,Amateur Club Radio Licence,Allocated,Call Sign - Amateur,2019-01-30 10:31,2024-06-18 04:38,,
M0NWG,Amateur Club Radio Licence,Allocated,Call Sign - Amateur,2019-02-01 17:50,2024-06-04 02:44,,
M0NXF,Amateur Full Radio Licence,Allocated,Call Sign - Amateur,2019-02-13 07:50,2024-06-13 04:09,,
M0NZG,Amateur Full Radio Licence,Allocated,Call Sign - Amateur,2021-10-21 19:40,2024-06-11 04:42,,
M0NZZ,Amateur Full Radio Licence,Allocated,Call Sign - Amateur,2021-10-19 06:34,2024-06-11 04:39,,
M0OAF,Amateur Full Radio Licence,Allocated,Call Sign - Amateur,2021-09-10 19:13,2025-01-26 14:53,,
M0OAU,Amateur Full Radio Licence,Allocated,Call Sign - Amateur,2019-05-22 07:47,2024-06-24 03:13,,
M0OCV,Amateur Full Radio Licence,Allocated,Call Sign - Amateur,2019-02-02 12:00,2024-04-27 18:23,,
M0OHC,Amateur Full Radio Licence,Allocated,Call Sign - Amateur,2021-10-07 09:46,2025-05-15 20:16,,
M0OLM,Amateur Full Radio Licence,Allocated,Call Sign - Amateur,2019-02-21 19:44,2024-04-23 18:25,,
M0OLW,Amateur Full Radio Licence,Allocated,Call Sign - Amateur,2021-09-03 14:21,2024-06-15 04:40,,
M0OMY,Amateur Full Radio Licence,Allocated,Call Sign - Amateur,2019-02-27 18:33,2024-04-24 18:01,,
M0OOR,Amateur Full Radio Licence,Allocated,Call Sign - Amateur,2021-10-14 10:32,2024-06-11 04:29,,
M0PEQ,Amateur Full Radio Licence,Allocated,Call Sign - Amateur,2019-05-10 08:39,2024-06-05 02:39,,
M0PJE,Amateur Full Radio Licence,Allocated,Call Sign - Amateur,2021-10-15 11:50,2024-06-15 02:45,,
M0PVB,Amateur Full Radio Licence,Allocated,Call Sign - Amateur,2021-10-04 09:40,2024-06-11 04:10,,
M0PVU,Amateur Full Radio Licence,Allocated,Call Sign - Amateur,2021-08-30 08:12,2024-06-11 03:03,,
M0RVK,Amateur Full Radio Licence,Allocated,Call Sign - Amateur,2021-09-06 16:23,2025-01-12 18:43,,
M0RVX,Amateur Full Radio Licence,Allocated,Call Sign - Amateur,2019-02-19 15:52,2024-04-23 18:17,,
M0SEG,Amateur Full Radio Licence,Allocated,Call Sign - Amateur,2019-02-06 18:27,2024-04-22 18:31,,
M0SLL,Amateur Full Radio Licence,Allocated,Call Sign - Amateur,2019-04-29 16:09,2024-06-14 10:02,,
M0SVH,Amateur Full Radio Licence,Allocated,Call Sign - Amateur,2021-08-26 11:05,2024-06-25 02:40,,
M0UBE,Amateur Full Radio Licence,Allocated,Call Sign - Amateur,2019-02-07 11:18,2024-04-22 18:34,,
M0UIT,Amateur Full Radio Licence,Allocated,Call Sign - Amateur,2019-02-08 04:38,2024-04-22 18:37,,
M0UNX,Amateur Full Radio Licence,Allocated,Call Sign - Amateur,2019-04-18 09:40,2024-04-27 18:15,,
M0UZZ,Amateur Full Radio Licence,Allocated,Call Sign - Amateur,2025-05-14 10:56,2025-05-14 10:57,,
M0VAZ,Amateur Full Radio Licence,Allocated,Call Sign - Amateur,2019-05-02 17:42,2024-10-27 17:15,,
M0VLX,Amateur Full Radio Licence,Allocated,Call Sign - Amateur,2021-10-01 16:21,2024-06-11 04:05,,
M0VRY,Amateur Club Radio Licence,Reserved,Call Sign - Amateur,2021-09-29 21:12,2024-05-08 23:00,,
M0VVX,Amateur Full Radio Licence,Allocated,Call Sign - Amateur,2021-09-06 08:44,2024-06-15 04:44,,
M0WBW,Amateur Full Radio Licence,Allocated,Call Sign - Amateur,2025-05-09 08:59,2025-05-09 08:59,,
M0WCN,Amateur Full Radio Licence,Allocated,Call Sign - Amateur,2019-01-29 11:15,2024-06-14 02:50,,
M0WDV,Amateur Full Radio Licence,Allocated,Call Sign - Amateur,2021-09-01 05:38,2024-06-11 03:07,,
M0WGR,Amateur Club Radio Licence,Allocated,Call Sign - Amateur,2019-01-27 13:01,2024-04-22 18:08,,
M0WJA,Amateur Full Radio Licence,Allocated,Call Sign - Amateur,2019-02-27 14:27,2024-03-05 08:33,,
M0WNA,Amateur Full Radio Licence,Allocated,Call Sign - Amateur,2021-10-23 07:30,2024-06-12 02:31,,
M0WRK,Amateur Full Radio Licence,Allocated,Call Sign - Amateur,2019-02-27 13:49,2024-04-23 18:40,,
M0WRN,Amateur Full Radio Licence,Allocated,Call Sign - Amateur,2021-10-07 18:14,2024-06-11 04:18,,
M0WTM,Amateur Full Radio Licence,Allocated,Call Sign - Amateur,2021-09-02 17:29,2024-06-11 03:10,,
M0WWK,Amateur Full Radio Licence,Allocated,Call Sign - Amateur,2025-05-12 19:34,2025-05-13 13:22,,
M0WZY,Amateur Full Radio Licence,Allocated,Call Sign - Amateur,2021-09-29 09:43,2024-04-20 13:57,,
M0XBA,Amateur Full Radio Licence,Allocated,Call Sign - Amateur,2021-10-12 17:02,2024-06-11 04:23,,
M0XBC,Amateur Full Radio Licence,Allocated,Call Sign - Amateur,2019-01-24 08:45,2024-06-16 03:21,,
M0XCE,Amateur Full Radio Licence,Allocated,Call Sign - Amateur,2019-02-27 13:59,2024-06-17 02:57,,
M0XCK,Amateur Full Radio Licence,Allocated,Call Sign - Amateur,2019-05-10 13:03,2024-04-28 18:20,,
M0XFZ,Amateur Full Radio Licence,Allocated,Call Sign - Amateur,2025-05-07 10:36,2025-05-07 10:36,,
M0XGM,Amateur Full Radio Licence,Allocated,Call Sign - Amateur,2019-02-02 20:50,2024-06-16 02:52,,
M0XJA,Amateur Full Radio Licence,Allocated,Call Sign - Amateur,2019-05-20 16:32,2024-04-28 18:40,,
M0XLO,Amateur Full Radio Licence,Allocated,Call Sign - Amateur,2021-08-18 07:31,2024-06-11 02:42,,
M0XZW,Amateur Full Radio Licence,Allocated,Call Sign - Amateur,2019-02-28 20:38,2024-04-24 18:07,,
M0XZZ,Amateur Full Radio Licence,Allocated,Call Sign - Amateur,2019-05-20 13:09,2024-04-28 18:41,,
M0YAF,Amateur Full Radio Licence,Allocated,Call Sign - Amateur,2019-02-21 11:09,2024-04-23 18:21,,
M0YAU,Amateur Full Radio Licence,Allocated,Call Sign - Amateur,2019-02-27 12:19,2024-04-23 18:39,,
M0YKW,Amateur Full Radio Licence,Allocated,Call Sign - Amateur,2021-10-11 19:50,2024-06-11 04:22,,
M0YPS,Amateur Club Radio Licence,Allocated,Call Sign - Amateur,2021-08-27 12:23,2024-06-11 02:59,,
M0YQB,Amateur Full Radio Licence,Allocated,Call Sign - Amateur,2019-05-08 12:12,2024-03-16 13:46,,
M0YRC,Amateur Club Radio Licence,Allocated,Call Sign - Amateur,2021-09-01 06:35,2024-06-11 03:06,,
M0YTK,Amateur Full Radio Licence,Allocated,Call Sign - Amateur,2021-08-22 22:05,2024-06-11 02:50,,
M0YTR,Amateur Club Radio Licence,Allocated,Call Sign - Amateur,2025-05-10 17:24,2025-05-10 17:25,,
M7ACX,Amateur Foundation Radio Licence,Allocated,Call Sign - Amateur,2019-01-21 16:50,2024-08-03 08:22,,
M7ACY,Amateur Foundation Radio Licence,Allocated,Call Sign - Amateur,2019-01-23 10:39,2024-06-18 02:33,,
M7ACZ,Amateur Foundation Radio Licence,Allocated,Call Sign - Amateur,2019-01-24 13:28,2024-04-22 18:03,,
M7ADA,Amateur Foundation Radio Licence,Reserved,Call Sign - Amateur,2019-01-29 10:16,2019-09-10 23:00,,
M7ADB,Amateur Foundation Radio Licence,Allocated,Call Sign - Amateur,2019-01-29 10:35,2024-04-22 18:11,,
M7ADD,Amateur Foundation Radio Licence,Allocated,Call Sign - Amateur,2019-01-31 14:04,2024-04-22 18:19,,
M7ADE,Amateur Foundation Radio Licence,Allocated,Call Sign - Amateur,2019-02-02 13:05,2024-04-22 18:23,,
M7ADF,Amateur Foundation Radio Licence,Allocated,Call Sign - Amateur,2019-02-04 13:11,2024-04-22 18:27,,
M7ADG,Amateur Foundation Radio Licence,Allocated,Call Sign - Amateur,2019-02-04 19:37,2024-04-22 18:26,,
M7ADH,Amateur Foundation Radio Licence,Allocated,Call Sign - Amateur,2019-02-06 16:22,2024-06-25 17:06,,
M7ADI,Amateur Foundation Radio Licence,Allocated,Call Sign - Amateur,2019-02-12 11:32,2024-04-23 18:01,,
M7ADJ,Amateur Foundation Radio Licence,Allocated,Call Sign - Amateur,2019-02-13 10:21,2024-04-23 18:05,,
M7ADK,Amateur Foundation Radio Licence,Allocated,Call Sign - Amateur,2019-02-13 12:01,2024-04-23 18:03,,
M7ADL,Amateur Foundation Radio Licence,Allocated,Call Sign - Amateur,2019-02-13 20:37,2024-06-27 12:23,,
M7ADN,Amateur Foundation Radio Licence,Allocated,Call Sign - Amateur,2019-02-16 15:37,2024-04-23 18:11,,
M7ADO,Amateur Foundation Radio Licence,Allocated,Call Sign - Amateur,2019-02-20 16:51,2024-04-23 18:21,,
M7ADP,Amateur Foundation Radio Licence,Allocated,Call Sign - Amateur,2019-02-21 13:53,2024-04-23 18:23,,
M7ADQ,Amateur Foundation Radio Licence,Allocated,Call Sign - Amateur,2019-02-21 17:27,2024-04-23 18:24,,
M7ADR,Amateur Foundation Radio Licence,Allocated,Call Sign - Amateur,2019-02-22 09:12,2024-05-25 18:44,,
M7ADT,Amateur Foundation Radio Licence,Allocated,Call Sign - Amateur,2019-02-27 09:18,2024-06-12 04:10,,
M7ADU,Amateur Foundation Radio Licence,Allocated,Call Sign - Amateur,2019-02-27 14:03,2024-04-23 18:38,,
M7ADV,Amateur Foundation Radio Licence,Allocated,Call Sign - Amateur,2019-02-27 15:43,2024-06-02 02:47,,
M7ADW,Amateur Foundation Radio Licence,Allocated,Call Sign - Amateur,2019-02-28 17:10,2024-06-07 04:28,,
M7ADX,Amateur Foundation Radio Licence,Allocated,Call Sign - Amateur,2019-02-28 18:16,2024-04-24 18:04,,
M7ADY,Amateur Foundation Radio Licence,Allocated,Call Sign - Amateur,2019-02-21 17:05,2024-04-23 18:24,,
M7ADZ,Amateur Foundation Radio Licence,Reserved,Call Sign - Amateur,2019-02-28 19:51,2019-05-07 23:00,,
M7AFA,Amateur Foundation Radio Licence,Allocated,Call Sign - Amateur,2019-04-13 08:27,2024-04-26 18:40,,
M7AFB,Amateur Foundation Radio Licence,Allocated,Call Sign - Amateur,2019-04-14 12:21,2024-05-08 18:29,,
M7AFC,Amateur Foundation Radio Licence,Allocated,Call Sign - Amateur,2019-04-15 12:05,2024-04-15 16:00,,
M7AFD,Amateur Foundation Radio Licence,Allocated,Call Sign - Amateur,2019-04-20 16:37,2024-06-14 03:04,,
M7AFE,Amateur Foundation Radio Licence,Allocated,Call Sign - Amateur,2019-04-29 15:35,2024-06-18 03:30,,
M7AFF,Amateur Foundation Radio Licence,Allocated,Call Sign - Amateur,2019-04-30 09:58,2024-04-27 18:41,,
M7AFG,Amateur Foundation Radio Licence,Allocated,Call Sign - Amateur,2019-04-30 11:49,2024-04-27 18:39,,
M7AFJ,Amateur Foundation Radio Licence,Allocated,Call Sign - Amateur,2019-04-30 12:39,2024-04-27 18:38,,
M7AFK,Amateur Foundation Radio Licence,Allocated,Call Sign - Amateur,2019-04-30 14:08,2024-04-27 18:37,,
M7AFL,Amateur Foundation Radio Licence,Allocated,Call Sign - Amateur,2019-04-30 20:37,2024-04-27 18:38,,
M7AFM,Amateur Foundation Radio Licence,Allocated,Call Sign - Amateur,2019-05-09 12:23,2024-04-28 18:17,,
M7AFN,Amateur Foundation Radio Licence,Allocated,Call Sign - Amateur,2019-05-16 15:42,2024-04-28 18:32,,
M7AFO,Amateur Foundation Radio Licence,Allocated,Call Sign - Amateur,2019-05-16 22:11,2025-03-16 22:36,,
M7AFP,Amateur Foundation Radio Licence,Allocated,Call Sign - Amateur,2019-05-20 13:49,2024-04-29 18:02,,
M7AFQ,Amateur Foundation Radio Licence,Allocated,Call Sign - Amateur,2019-05-21 10:50,2024-04-29 18:03,,
M7AFR,Amateur Foundation Radio Licence,Allocated,Call Sign - Amateur,2019-05-22 06:44,2024-04-29 18:06,,
M7AFS,Amateur Foundation Radio Licence,Allocated,Call Sign - Amateur,2019-05-22 10:56,2024-04-29 18:05,,
M7AFT,Amateur Foundation Radio Licence,Allocated,Call Sign - Amateur,2019-05-22 19:03,2024-04-29 18:05,,
M7AFU,Amateur Foundation Radio Licence,Allocated,Call Sign - Amateur,2019-05-26 08:27,2024-04-29 18:13,,
M7AFV,Amateur Foundation Radio Licence,Allocated,Call Sign - Amateur,2019-05-28 10:32,2024-04-29 18:18,,
M7AFW,Amateur Foundation Radio Licence,Allocated,Call Sign - Amateur,2019-05-28 13:57,2024-06-17 03:16,,
M7AFX,Amateur Foundation Radio Licence,Allocated,Call Sign - Amateur,2019-02-06 14:34,2024-05-28 18:31,,
M7AII,Amateur Foundation Radio Licence,Allocated,Call Sign - Amateur,2019-04-28 22:12,2024-04-27 19:15,,
M7AJC,Amateur Foundation Radio Licence,Allocated,Call Sign - Amateur,2019-04-29 15:35,2024-05-10 18:09,,
M7AJH,Amateur Foundation Radio Licence,Allocated,Call Sign - Amateur,2019-02-27 16:02,2024-06-22 04:32,,
M7AJM,Amateur Foundation Radio Licence,Allocated,Call Sign - Amateur,2019-04-20 14:42,2024-04-27 18:18,,
M7ALB,Amateur Foundation Radio Licence,Allocated,Call Sign - Amateur,2019-02-19 20:20,2024-04-23 18:17,,
M7ALC,Amateur Foundation Radio Licence,Allocated,Call Sign - Amateur,2019-01-30 16:08,2024-04-22 18:15,,
M7ALS,Amateur Foundation Radio Licence,Allocated,Call Sign - Amateur,2019-05-08 10:24,2024-04-28 18:15,,
M7AMA,Amateur Foundation Radio Licence,Allocated,Call Sign - Amateur,2019-02-04 13:33,2024-04-22 18:27,,
M7AMR,Amateur Foundation Radio Licence,Allocated,Call Sign - Amateur,2019-02-13 16:14,2024-05-12 18:06,,
M7AMS,Amateur Foundation Radio Licence,Allocated,Call Sign - Amateur,2019-04-30 11:05,2024-04-27 18:38,,
M7ANE,Amateur Foundation Radio Licence,Allocated,Call Sign - Amateur,2019-02-28 10:43,2024-04-24 18:04,,
M7APH,Amateur Foundation Radio Licence,Allocated,Call Sign - Amateur,2019-05-18 04:39,2024-04-28 18:36,,
M7ARA,Amateur Foundation Radio Licence,Allocated,Call Sign - Amateur,2019-02-14 12:43,2024-03-14 11:30,,
M7ATM,Amateur Foundation Radio Licence,Allocated,Call Sign - Amateur,2019-05-28 12:48,2024-06-15 04:38,,
M7AVK,Amateur Foundation Radio Licence,Allocated,Call Sign - Amateur,2019-02-13 18:00,2024-04-23 18:04,,
M7AWE,Amateur Foundation Radio Licence,Allocated,Call Sign - Amateur,2019-01-23 16:10,2024-04-21 19:25,,
M7AYA,Amateur Foundation Radio Licence,Allocated,Call Sign - Amateur,2019-01-26 13:21,2024-04-22 18:07,,
M7BAD,Amateur Foundation Radio Licence,Allocated,Call Sign - Amateur,2019-05-28 10:43,2024-04-29 18:16,,
M7BAF,Amateur Foundation Radio Licence,Allocated,Call Sign - Amateur,2019-02-13 14:40,2024-04-23 18:03,,
M7BAR,Amateur Foundation Radio Licence,Allocated,Call Sign - Amateur,2019-05-09 19:27,2024-04-28 18:18,,
M7BAZ,Amateur Foundation Radio Licence,Allocated,Call Sign - Amateur,2019-04-20 11:05,2024-06-28 02:59,,
M7BBC,Amateur Foundation Radio Licence,Allocated,Call Sign - Amateur,2019-01-29 20:54,2024-04-22 18:12,,
M7BCB,Amateur Foundation Radio Licence,Allocated,Call Sign - Amateur,2019-04-18 01:02,2024-04-27 18:12,,
M7BCD,Amateur Foundation Radio Licence,Allocated,Call Sign - Amateur,2019-02-19 09:28,2024-04-23 18:19,,
M7BDH,Amateur Foundation Radio Licence,Allocated,Call Sign - Amateur,2019-05-03 18:14,2024-04-28 18:07,,
M7BEE,Amateur Foundation Radio Licence,Allocated,Call Sign - Amateur,2019-04-20 17:59,2024-06-21 03:22,,
M7BGD,Amateur Foundation Radio Licence,Allocated,Call Sign - Amateur,2019-05-28 10:44,2024-04-29 18:16,,
M7BMH,Amateur Foundation Radio Licence,Allocated,Call Sign - Amateur,2019-04-18 07:19,2024-04-27 18:13,,
M7BMS,Amateur Foundation Radio Licence,Allocated,Call Sign - Amateur,2019-01-30 15:10,2024-04-22 18:16,,
M7BPD,Amateur Foundation Radio Licence,Allocated,Call Sign - Amateur,2019-02-28 14:36,2024-05-23 18:38,,
M7BSN,Amateur Foundation Radio Licence,Allocated,Call Sign - Amateur,2019-05-14 19:44,2024-04-28 18:27,,
M7BSR,Amateur Foundation Radio Licence,Reserved,Call Sign - Amateur,2019-05-02 09:38,2024-05-31 23:30,,
M7BSV,Amateur Foundation Radio Licence,Allocated,Call Sign - Amateur,2019-04-29 18:55,2024-04-28 18:18,,
M7BTS,Amateur Foundation Radio Licence,Allocated,Call Sign - Amateur,2019-04-29 16:08,2024-06-21 03:44,,
M7BTW,Amateur Foundation Radio Licence,Allocated,Call Sign - Amateur,2019-01-23 13:51,2024-04-21 19:15,,
M7BUD,Amateur Foundation Radio Licence,Allocated,Call Sign - Amateur,2019-02-21 13:54,2024-04-23 18:25,,
M7BXT,Amateur Foundation Radio Licence,Allocated,Call Sign - Amateur,2019-05-08 14:10,2024-04-28 18:14,,
M7CAI,Amateur Foundation Radio Licence,Allocated,Call Sign - Amateur,2019-02-22 22:46,2024-04-23 18:28,,
M7CAS,Amateur Foundation Radio Licence,Allocated,Call Sign - Amateur,2019-04-29 17:47,2024-04-27 18:36,,
M7CBS,Amateur Foundation Radio Licence,Allocated,Call Sign - Amateur,2019-02-19 20:30,2024-04-23 18:16,,
M7CCM,Amateur Foundation Radio Licence,Allocated,Call Sign - Amateur,2019-02-06 19:52,2024-06-18 02:57,,
M7CDR,Amateur Foundation Radio Licence,Allocated,Call Sign - Amateur,2019-05-17 09:04,2025-03-26 09:07,,
M7CES,Amateur Foundation Radio Licence,Allocated,Call Sign - Amateur,2019-05-10 20:48,2024-04-28 18:19,,
M7CEX,Amateur Foundation Radio Licence,Allocated,Call Sign - Amateur,2019-02-20 12:05,2024-04-23 18:20,,
M7CFC,Amateur Foundation Radio Licence,Allocated,Call Sign - Amateur,2019-01-23 17:05,2024-04-21 19:24,,
M7CHR,Amateur Foundation Radio Licence,Allocated,Call Sign - Amateur,2019-04-19 19:28,2024-06-06 03:23,,
M7CIF,Amateur Foundation Radio Licence,Allocated,Call Sign - Amateur,2021-08-12 10:50,2024-06-11 02:34,,
M7CIG,Amateur Foundation Radio Licence,Allocated,Call Sign - Amateur,2021-08-12 14:10,2024-04-20 13:56,,
M7CIH,Amateur Foundation Radio Licence,Allocated,Call Sign - Amateur,2021-08-14 11:10,2024-06-24 04:39,,
M7CII,Amateur Foundation Radio Licence,Allocated,Call Sign - Amateur,2021-08-14 13:42,2024-06-11 02:36,,
M7CIJ,Amateur Foundation Radio Licence,Allocated,Call Sign - Amateur,2021-08-16 11:30,2024-06-11 02:38,,
M7CIK,Amateur Foundation Radio Licence,Allocated,Call Sign - Amateur,2021-08-16 11:41,2025-04-28 21:42,,
M7CIL,Amateur Foundation Radio Licence,Allocated,Call Sign - Amateur,2021-08-19 07:56,2024-06-11 02:46,,
M7CIM,Amateur Foundation Radio Licence,Allocated,Call Sign - Amateur,2021-08-19 08:37,2024-06-11 02:44,,
M7CIN,Amateur Foundation Radio Licence,Allocated,Call Sign - Amateur,2021-08-19 09:45,2024-06-11 02:46,,
M7CIO,Amateur Foundation Radio Licence,Allocated,Call Sign - Amateur,2021-08-19 10:51,2024-06-11 02:45,,
M7CIP,Amateur Foundation Radio Licence,Allocated,Call Sign - Amateur,2021-08-19 11:25,2024-06-11 02:45,,
M7CIQ,Amateur Foundation Radio Licence,Allocated,Call Sign - Amateur,2021-08-19 11:49,2024-06-11 02:44,,
M7CIS,Amateur Foundation Radio Licence,Allocated,Call Sign - Amateur,2021-08-19 12:08,2024-06-11 02:46,,
M7CIT,Amateur Foundation Radio Licence,Allocated,Call Sign - Amateur,2021-08-19 13:19,2024-06-23 02:46,,
M7CIU,Amateur Foundation Radio Licence,Allocated,Call Sign - Amateur,2021-08-19 15:27,2024-06-11 02:45,,
M7CIV,Amateur Foundation Radio Licence,Allocated,Call Sign - Amateur,2021-08-20 07:30,2025-04-17 19:59,,
M7CIX,Amateur Foundation Radio Licence,Allocated,Call Sign - Amateur,2021-08-20 09:30,2024-06-11 02:48,,
M7CIY,Amateur Foundation Radio Licence,Allocated,Call Sign - Amateur,2021-08-20 09:45,2024-06-11 02:48,,
M7CIZ,Amateur Foundation Radio Licence,Allocated,Call Sign - Amateur,2021-08-22 18:03,2024-06-11 02:49,,
M7CJD,Amateur Foundation Radio Licence,Allocated,Call Sign - Amateur,2021-08-25 09:15,2024-06-11 02:54,,
M7CJE,Amateur Foundation Radio Licence,Allocated,Call Sign - Amateur,2021-08-26 10:39,2024-06-11 02:55,,
M7CJH,Amateur Foundation Radio Licence,Allocated,Call Sign - Amateur,2021-08-26 12:21,2024-06-22 03:55,,
M7CJI,Amateur Foundation Radio Licence,Allocated,Call Sign - Amateur,2021-08-26 14:39,2024-12-05 10:46,,
M7CJJ,Amateur Foundation Radio Licence,Allocated,Call Sign - Amateur,2021-08-26 18:12,2024-06-11 02:56,,
M7CJN,Amateur Foundation Radio Licence,Allocated,Call Sign - Amateur,2021-08-26 19:06,2024-06-25 03:53,,
M7CJO,Amateur Foundation Radio Licence,Allocated,Call Sign - Amateur,2021-08-26 22:42,2024-06-11 02:56,,
M7CJQ,Amateur Foundation Radio Licence,Allocated,Call Sign - Amateur,2021-08-27 11:08,2025-04-28 17:34,,
M7CJU,Amateur Foundation Radio Licence,Allocated,Call Sign - Amateur,2021-08-27 11:17,2024-03-03 09:28,,
M7CJV,Amateur Foundation Radio Licence,Allocated,Call Sign - Amateur,2021-09-01 13:11,2024-06-11 03:07,,
M7CJX,Amateur Foundation Radio Licence,Allocated,Call Sign - Amateur,2021-09-01 15:23,2024-06-11 03:05,,
M7CJZ,Amateur Foundation Radio Licence,Allocated,Call Sign - Amateur,2021-09-01 16:09,2024-11-13 08:10,,
M7CKA,Amateur Foundation Radio Licence,Allocated,Call Sign - Amateur,2021-09-06 10:32,2024-06-24 03:34,,
M7CKC,Amateur Foundation Radio Licence,Allocated,Call Sign - Amateur,2021-09-07 09:43,2024-06-11 03:17,,
M7CKD,Amateur Foundation Radio Licence,Allocated,Call Sign - Amateur,2021-09-10 08:09,2024-06-21 03:50,,
M7CKE,Amateur Foundation Radio Licence,Allocated,Call Sign - Amateur,2021-09-10 11:34,2024-06-11 03:23,,
M7CKF,Amateur Foundation Radio Licence,Allocated,Call Sign - Amateur,2021-09-10 16:25,2024-06-13 04:24,,
M7CKG,Amateur Foundation Radio Licence,Allocated,Call Sign - Amateur,2021-09-10 20:04,2024-06-26 04:50,,
M7CKI,Amateur Foundation Radio Licence,Allocated,Call Sign - Amateur,2021-09-11 10:50,2025-04-10 21:17,,
M7CKK,Amateur Foundation Radio Licence,Allocated,Call Sign - Amateur,2021-09-15 06:36,2024-06-11 03:31,,
M7CKL,Amateur Foundation Radio Licence,Allocated,Call Sign - Amateur,2021-09-16 08:48,2024-06-11 03:34,,
M7CKM,Amateur Foundation Radio Licence,Allocated,Call Sign - Amateur,2021-09-16 09:54,2024-06-11 03:33,,
M7CKN,Amateur Foundation Radio Licence,Allocated,Call Sign - Amateur,2021-09-18 10:22,2024-07-01 18:23,,
M7CKQ,Amateur Foundation Radio Licence,Allocated,Call Sign - Amateur,2021-09-19 11:37,2024-06-11 03:40,,
M7CKR,Amateur Foundation Radio Licence,Allocated,Call Sign - Amateur,2021-09-19 22:45,2024-06-11 03:39,,
M7CKS,Amateur Foundation Radio Licence,Allocated,Call Sign - Amateur,2021-09-21 09:44,2024-06-11 03:44,,
M7CKT,Amateur Foundation Radio Licence,Allocated,Call Sign - Amateur,2021-09-22 15:28,2024-06-11 03:49,,
M7CKU,Amateur Foundation Radio Licence,Allocated,Call Sign - Amateur,2021-09-28 05:21,2024-06-11 03:56,,
M7CKV,Amateur Foundation Radio Licence,Allocated,Call Sign - Amateur,2021-09-30 16:37,2024-06-11 04:03,,
M7CKX,Amateur Foundation Radio Licence,Allocated,Call Sign - Amateur,2021-10-04 16:09,2024-06-11 04:11,,
M7CKY,Amateur Foundation Radio Licence,Allocated,Call Sign - Amateur,2019-05-22 08:26,2024-04-29 18:06,,
M7CKZ,Amateur Foundation Radio Licence,Allocated,Call Sign - Amateur,2021-10-06 13:20,2024-06-11 04:15,,
M7CLA,Amateur Foundation Radio Licence,Allocated,Call Sign - Amateur,2019-04-24 19:40,2024-04-27 18:23,,
M7CLB,Amateur Foundation Radio Licence,Allocated,Call Sign - Amateur,2021-10-08 12:47,2024-06-11 04:18,,
M7CLC,Amateur Foundation Radio Licence,Allocated,Call Sign - Amateur,2021-10-13 18:18,2024-06-11 04:24,,
M7CLE,Amateur Foundation Radio Licence,Allocated,Call Sign - Amateur,2021-10-13 19:45,2024-06-28 04:38,,
M7CLG,Amateur Foundation Radio Licence,Allocated,Call Sign - Amateur,2021-10-14 14:00,2024-06-11 04:28,,
M7CLH,Amateur Foundation Radio Licence,Allocated,Call Sign - Amateur,2021-10-06 11:16,2024-06-11 04:14,,
M7CLK,Amateur Foundation Radio Licence,Allocated,Call Sign - Amateur,2021-10-14 14:38,2024-06-11 04:27,,
M7CLL,Amateur Foundation Radio Licence,Allocated,Call Sign - Amateur,2021-10-15 10:18,2024-06-11 04:31,,
M7CLN,Amateur Foundation Radio Licence,Allocated,Call Sign - Amateur,2021-10-15 18:22,2024-06-11 04:31,,
M7CLP,Amateur Foundation Radio Licence,Allocated,Call Sign - Amateur,2021-10-16 11:21,2024-06-11 04:32,,
M7CLQ,Amateur Foundation Radio Licence,Allocated,Call Sign - Amateur,2021-10-17 10:02,2024-06-11 04:35,,
M7CLS,Amateur Foundation Radio Licence,Allocated,Call Sign - Amateur,2021-10-18 13:16,2024-06-11 04:37,,
M7CLU,Amateur Foundation Radio Licence,Allocated,Call Sign - Amateur,2021-10-20 14:45,2024-06-11 04:40,,
M7CLV,Amateur Foundation Radio Licence,Allocated,Call Sign - Amateur,2021-10-20 16:37,2024-06-23 03:49,,
M7CLX,Amateur Foundation Radio Licence,Allocated,Call Sign - Amateur,2021-10-20 17:06,2024-06-05 06:26,,
M7CME,Amateur Foundation Radio Licence,Allocated,Call Sign - Amateur,2021-10-25 11:22,2024-11-04 11:33,,
M7CMG,Amateur Foundation Radio Licence,Allocated,Call Sign - Amateur,2021-10-25 11:58,2024-06-12 02:34,,
M7CMH,Amateur Foundation Radio Licence,Allocated,Call Sign - Amateur,2021-10-26 11:19,2024-06-12 02:35,,
M7CMI,Amateur Foundation Radio Licence,Allocated,Call Sign - Amateur,2021-10-27 11:29,2024-06-12 02:38,,
M7CMK,Amateur Foundation Radio Licence,Allocated,Call Sign - Amateur,2021-10-27 15:45,2024-06-12 02:37,,
M7CMM,Amateur Foundation Radio Licence,Allocated,Call Sign - Amateur,2021-10-27 20:36,2024-06-12 02:38,,
M7CMN,Amateur Foundation Radio Licence,Allocated,Call Sign - Amateur,2021-10-20 14:34,2024-06-11 04:40,,
M7CMO,Amateur Foundation Radio Licence,Allocated,Call Sign - Amateur,2021-10-27 22:20,2024-06-12 02:38,,
M7CMP,Amateur Foundation Radio Licence,Allocated,Call Sign - Amateur,2021-10-28 18:29,2024-06-12 02:40,,
M7CMR,Amateur Foundation Radio Licence,Allocated,Call Sign - Amateur,2019-05-09 07:44,2024-06-19 03:07,,
M7CPL,Amateur Foundation Radio Licence,Allocated,Call Sign - Amateur,2019-02-19 12:15,2024-06-19 02:47,,
M7CRT,Amateur Foundation Radio Licence,Allocated,Call Sign - Amateur,2019-04-30 17:53,2024-04-27 18:38,,
M7CSR,Amateur Foundation Radio Licence,Allocated,Call Sign - Amateur,2021-09-01 12:53,2024-06-11 03:08,,
M7CUB,Amateur Foundation Radio Licence,Allocated,Call Sign - Amateur,2019-04-30 13:27,2024-04-27 18:39,,
M7CWO,Amateur Foundation Radio Licence,Allocated,Call Sign - Amateur,2021-08-13 12:35,2024-06-11 02:35,,
M7CWP,Amateur Foundation Radio Licence,Allocated,Call Sign - Amateur,2019-02-22 16:25,2024-04-23 18:26,,
M7DAB,Amateur Foundation Radio Licence,Allocated,Call Sign - Amateur,2019-02-04 15:31,2024-12-15 22:31,,
M7DAV,Amateur Foundation Radio Licence,Reserved,Call Sign - Amateur,2019-02-13 11:59,2024-02-23 00:00,,
M7DBA,Amateur Foundation Radio Licence,Allocated,Call Sign - Amateur,2019-02-06 09:50,2024-04-22 18:30,,
M7DBS,Amateur Foundation Radio Licence,Allocated,Call Sign - Amateur,2019-04-16 10:46,2024-04-27 18:08,,
M7DCH,Amateur Foundation Radio Licence,Reserved,Call Sign - Amateur,2019-02-14 21:28,2023-07-20 23:00,,
M7DCN,Amateur Foundation Radio Licence,Allocated,Call Sign - Amateur,2019-04-15 10:19,2024-06-05 04:13,,
M7DCP,Amateur Foundation Radio Licence,Allocated,Call Sign - Amateur,2019-02-27 20:33,2024-06-26 03:47,,
M7DEN,Amateur Foundation Radio Licence,Allocated,Call Sign - Amateur,2019-05-09 19:08,2024-06-20 03:07,,
M7DER,Amateur Foundation Radio Licence,Allocated,Call Sign - Amateur,2021-10-25 09:38,2024-06-12 02:33,,
M7DEX,Amateur Foundation Radio Licence,Allocated,Call Sign - Amateur,2019-02-06 14:59,2024-04-22 18:31,,
M7DFD,Amateur Foundation Radio Licence,Allocated,Call Sign - Amateur,2021-09-15 16:16,2024-06-11 03:30,,
M7DGN,Amateur Foundation Radio Licence,Allocated,Call Sign - Amateur,2021-09-14 21:17,2025-03-30 06:30,,
M7DHR,Amateur Foundation Radio Licence,Allocated,Call Sign - Amateur,2021-08-21 17:47,2024-06-11 02:49,,
M7DJN,Amateur Foundation Radio Licence,Allocated,Call Sign - Amateur,2019-01-24 10:42,2024-06-23 16:41,,
M7DKH,Amateur Foundation Radio Licence,Reserved,Call Sign - Amateur,2019-04-29 17:27,2024-06-12 23:00,,
M7DKN,Amateur Foundation Radio Licence,Allocated,Call Sign - Amateur,2021-10-27 19:46,2024-06-12 02:39,,
M7DLS,Amateur Foundation Radio Licence,Allocated,Call Sign - Amateur,2019-02-07 07:29,2024-04-22 18:36,,
M7DMC,Amateur Foundation Radio Licence,Allocated,Call Sign - Amateur,2019-02-13 12:25,2024-04-23 18:05,,
M7DMH,Amateur Foundation Radio Licence,Allocated,Call Sign - Amateur,2019-02-28 14:32,2024-03-01 10:52,,
M7DMT,Amateur Foundation Radio Licence,Allocated,Call Sign - Amateur,2019-02-14 17:50,2024-04-23 18:07,,
M7DOT,Amateur Foundation Radio Licence,Allocated,Call Sign - Amateur,2019-04-16 16:01,2024-04-27 18:10,,
M7DOV,Amateur Foundation Radio Licence,Allocated,Call Sign - Amateur,2019-02-13 18:01,2024-04-23 18:05,,
M7DPX,Amateur Foundation Radio Licence,Allocated,Call Sign - Amateur,2021-09-01 12:59,2024-06-11 03:06,,
M7DRS,Amateur Foundation Radio Licence,Allocated,Call Sign - Amateur,2019-02-27 17:09,2024-06-11 03:26,,
M7DSD,Amateur Foundation Radio Licence,Allocated,Call Sign - Amateur,2019-02-14 17:32,2024-04-23 18:06,,
M7DSF,Amateur Foundation Radio Licence,Allocated,Call Sign - Amateur,2019-05-03 22:22,2024-04-28 18:06,,
M7DSO,Amateur Foundation Radio Licence,Allocated,Call Sign - Amateur,2019-05-01 16:00,2024-04-28 18:02,,
M7DST,Amateur Foundation Radio Licence,Allocated,Call Sign - Amateur,2019-04-30 12:21,2024-04-27 18:40,,
M7DTF,Amateur Foundation Radio Licence,Allocated,Call Sign - Amateur,2019-02-13 11:02,2024-06-07 03:26,,
M7DTS,Amateur Foundation Radio Licence,Allocated,Call Sign - Amateur,2019-02-28 15:18,2024-06-27 02:50,,
M7DUX,Amateur Foundation Radio Licence,Allocated,Call Sign - Amateur,2019-05-03 16:52,2024-04-28 18:07,,
M7DVK,Amateur Foundation Radio Licence,Allocated,Call Sign - Amateur,2021-10-01 16:47,2024-06-11 04:04,,
M7DZG,Amateur Foundation Radio Licence,Allocated,Call Sign - Amateur,2021-09-28 13:43,2024-06-18 04:29,,
M7DZW,Amateur Foundation Radio Licence,Allocated,Call Sign - Amateur,2019-02-28 11:16,2024-04-24 18:06,,
M7DZY,Amateur Foundation Radio Licence,Allocated,Call Sign - Amateur,2019-04-29 15:27,2024-04-27 18:33,,
M7DZZ,Amateur Foundation Radio Licence,Allocated,Call Sign - Amateur,2021-09-22 10:38,2024-06-11 03:48,,
M7ECB,Amateur Foundation Radio Licence,Allocated,Call Sign - Amateur,2019-01-29 16:01,2024-04-22 18:13,,
M7ECF,Amateur Foundation Radio Licence,Allocated,Call Sign - Amateur,2019-02-28 18:23,2024-04-24 18:05,,
M7EDH,Amateur Foundation Radio Licence,Allocated,Call Sign - Amateur,2019-04-13 19:39,2024-04-27 18:03,,
M7EDS,Amateur Foundation Radio Licence,Allocated,Call Sign - Amateur,2019-04-30 17:25,2024-06-14 04:15,,
M7EEE,Amateur Foundation Radio Licence,Allocated,Call Sign - Amateur,2019-02-13 13:43,2024-04-23 18:03,,
M7EGC,Amateur Foundation Radio Licence,Allocated,Call Sign - Amateur,2021-10-16 13:56,2024-06-11 04:33,,
M7EGH,Amateur Foundation Radio Licence,Allocated,Call Sign - Amateur,2019-05-12 16:52,2024-06-02 03:51,,
M7EGO,Amateur Foundation Radio Licence,Allocated,Call Sign - Amateur,2019-04-16 11:08,2024-04-27 18:10,,
M7EHA,Amateur Foundation Radio Licence,Allocated,Call Sign - Amateur,2021-09-01 13:39,2024-06-11 03:07,,
M7EHE,Amateur Foundation Radio Licence,Allocated,Call Sign - Amateur,2019-05-18 18:06,2024-04-28 18:36,,
M7EIE,Amateur Foundation Radio Licence,Allocated,Call Sign - Amateur,2021-10-26 19:49,2024-06-12 02:36,,
M7EIS,Amateur Foundation Radio Licence,Allocated,Call Sign - Amateur,2019-05-02 10:31,2024-04-28 18:05,,
M7EKD,Amateur Foundation Radio Licence,Allocated,Call Sign - Amateur,2021-09-28 14:53,2024-06-11 03:57,,
M7ELV,Amateur Foundation Radio Licence,Allocated,Call Sign - Amateur,2019-05-24 10:57,2024-05-15 18:20,,
M7EMD,Amateur Foundation Radio Licence,Allocated,Call Sign - Amateur,2021-09-04 13:06,2024-06-11 03:12,,
M7ENG,Amateur Foundation Radio Licence,Allocated,Call Sign - Amateur,2019-05-22 14:46,2024-06-11 02:32,,
M7EPG,Amateur Foundation Radio Licence,Allocated,Call Sign - Amateur,2021-08-27 09:20,2024-06-11 03:00,,
M7ERC,Amateur Foundation Radio Licence,Allocated,Call Sign - Amateur,2021-10-15 15:05,2024-06-11 04:30,,
M7ERI,Amateur Foundation Radio Licence,Allocated,Call Sign - Amateur,2021-10-28 17:59,2024-06-12 02:41,,
M7ERO,Amateur Foundation Radio Licence,Allocated,Call Sign - Amateur,2021-10-25 09:44,2024-06-12 02:33,,
M7ERV,Amateur Foundation Radio Licence,Allocated,Call Sign - Amateur,2019-02-21 12:16,2024-04-23 18:22,,
M7ESO,Amateur Foundation Radio Licence,Allocated,Call Sign - Amateur,2021-10-27 16:43,2024-06-12 02:39,,
M7ESS,Amateur Foundation Radio Licence,Allocated,Call Sign - Amateur,2021-09-30 12:47,2024-06-11 04:02,,
M7ETC,Amateur Foundation Radio Licence,Allocated,Call Sign - Amateur,2019-05-13 09:39,2024-04-28 18:25,,
M7ETD,Amateur Foundation Radio Licence,Allocated,Call Sign - Amateur,2021-10-08 17:45,2024-06-11 04:19,,
M7ETH,Amateur Foundation Radio Licence,Allocated,Call Sign - Amateur,2021-10-09 22:45,2025-01-24 10:08,,
M7ETN,Amateur Foundation Radio Licence,Allocated,Call Sign - Amateur,2019-05-10 16:35,2024-06-27 03:13,,
M7EXP,Amateur Foundation Radio Licence,Allocated,Call Sign - Amateur,2021-09-12 23:23,2024-06-11 03:25,,
M7FAB,Amateur Foundation Radio Licence,Allocated,Call Sign - Amateur,2019-01-23 16:50,2024-04-21 19:25,,
M7FBI,Amateur Foundation Radio Licence,Allocated,Call Sign - Amateur,2019-02-13 14:00,2024-05-12 18:33,,
M7FCC,Amateur Foundation Radio Licence,Allocated,Call Sign - Amateur,2021-09-30 13:38,2024-06-11 04:03,,
M7FDW,Amateur Foundation Radio Licence,Allocated,Call Sign - Amateur,2019-05-08 20:51,2024-04-28 18:15,,
M7FER,Amateur Foundation Radio Licence,Allocated,Call Sign - Amateur,2019-04-16 21:36,2024-04-27 18:09,,
M7FKS,Amateur Foundation Radio Licence,Allocated,Call Sign - Amateur,2021-09-22 15:58,2024-06-11 03:46,,
M7FOG,Amateur Foundation Radio Licence,Allocated,Call Sign - Amateur,2021-09-01 18:20,2024-06-14 03:49,,
M7FRL,Amateur Foundation Radio Licence,Allocated,Call Sign - Amateur,2019-02-28 14:17,2024-07-11 11:25,,
M7FUQ,Amateur Foundation Radio Licence,Allocated,Call Sign - Amateur,2021-09-28 11:59,2024-06-11 03:56,,
M7FWR,Amateur Foundation Radio Licence,Allocated,Call Sign - Amateur,2019-02-13 10:17,2024-06-26 03:14,,
M7GAF,Amateur Foundation Radio Licence,Allocated,Call Sign - Amateur,2021-09-10 09:21,2024-06-11 03:23,,
M7GAK,Amateur Foundation Radio Licence,Allocated,Call Sign - Amateur,2019-01-23 19:31,2024-06-06 04:08,,
M7GAL,Amateur Foundation Radio Licence,Allocated,Call Sign - Amateur,2019-05-10 12:47,2024-06-28 05:02,,
M7GAT,Amateur Foundation Radio Licence,Allocated,Call Sign - Amateur,2019-04-18 09:13,2024-06-24 02:34,,
M7GBS,Amateur Foundation Radio Licence,Allocated,Call Sign - Amateur,2021-09-01 16:48,2024-06-11 03:05,,
M7GCV,Amateur Foundation Radio Licence,Allocated,Call Sign - Amateur,2021-09-14 19:31,2024-06-11 03:28,,
M7GDJ,Amateur Foundation Radio Licence,Allocated,Call Sign - Amateur,2019-05-22 04:16,2024-04-29 18:07,,
M7GEE,Amateur Foundation Radio Licence,Allocated,Call Sign - Amateur,2019-02-19 17:58,2024-04-23 18:17,,
M7GEO,Amateur Foundation Radio Licence,Allocated,Call Sign - Amateur,2019-02-07 07:32,2024-04-22 18:34,,
M7GGR,Amateur Foundation Radio Licence,Allocated,Call Sign - Amateur,2021-10-06 22:08,2024-06-19 19:39,,
M7GHF,Amateur Foundation Radio Licence,Allocated,Call Sign - Amateur,2019-02-19 20:09,2024-04-23 18:16,,
M7GHQ,Amateur Foundation Radio Licence,Allocated,Call Sign - Amateur,2021-09-11 11:09,2024-06-12 06:57,,
M7GHS,Amateur Foundation Radio Licence,Allocated,Call Sign - Amateur,2019-02-14 09:34,2025-05-07 13:34,,
M7GKB,Amateur Foundation Radio Licence,Allocated,Call Sign - Amateur,2019-02-27 17:30,2024-04-23 18:40,,
M7GKN,Amateur Foundation Radio Licence,Allocated,Call Sign - Amateur,2019-02-21 10:07,2024-04-23 18:23,,
M7GLM,Amateur Foundation Radio Licence,Allocated,Call Sign - Amateur,2019-05-28 12:49,2024-04-29 18:17,,
M7GNB,Amateur Foundation Radio Licence,Allocated,Call Sign - Amateur,2021-09-21 17:40,2024-06-11 03:45,,
M7GNC,Amateur Foundation Radio Licence,Allocated,Call Sign - Amateur,2019-02-28 18:23,2024-04-24 18:05,,
M7GNR,Amateur Foundation Radio Licence,Allocated,Call Sign - Amateur,2021-09-16 09:34,2024-07-14 11:08,,
M7GNS,Amateur Foundation Radio Licence,Allocated,Call Sign - Amateur,2021-08-26 14:02,2024-06-11 02:56,,
M7GNX,Amateur Foundation Radio Licence,Allocated,Call Sign - Amateur,2021-10-20 11:40,2024-07-17 16:13,,
M7GOR,Amateur Foundation Radio Licence,Allocated,Call Sign - Amateur,2019-05-21 20:02,2024-07-27 00:26,,
M7GOS,Amateur Foundation Radio Licence,Allocated,Call Sign - Amateur,2021-10-02 09:16,2024-06-11 04:08,,
M7GRJ,Amateur Foundation Radio Licence,Allocated,Call Sign - Amateur,2021-08-26 11:05,2024-06-11 02:55,,
M7GRK,Amateur Foundation Radio Licence,Allocated,Call Sign - Amateur,2021-10-18 10:19,2024-06-11 04:37,,
M7GSS,Amateur Foundation Radio Licence,Allocated,Call Sign - Amateur,2021-09-06 14:38,2024-06-23 03:13,,
M7GUN,Amateur Foundation Radio Licence,Allocated,Call Sign - Amateur,2019-05-24 18:33,2024-08-15 20:17,,
M7HBA,Amateur Foundation Radio Licence,Allocated,Call Sign - Amateur,2021-10-15 14:47,2024-06-11 04:31,,
M7HBK,Amateur Foundation Radio Licence,Allocated,Call Sign - Amateur,2021-10-27 12:22,2024-09-25 13:08,,
M7HCM,Amateur Foundation Radio Licence,Allocated,Call Sign - Amateur,2019-05-09 20:36,2024-04-28 18:18,,
M7HCN,Amateur Foundation Radio Licence,Allocated,Call Sign - Amateur,2021-09-10 11:33,2024-10-01 10:37,,
M7HES,Amateur Foundation Radio Licence,Allocated,Call Sign - Amateur,2019-05-22 09:08,2024-10-11 15:56,,
M7HGS,Amateur Foundation Radio Licence,Allocated,Call Sign - Amateur,2019-04-20 17:17,2024-10-25 21:15,,
M7HLG,Amateur Foundation Radio Licence,Allocated,Call Sign - Amateur,2021-10-16 13:20,2024-11-20 18:34,,
M7HLP,Amateur Foundation Radio Licence,Allocated,Call Sign - Amateur,2019-02-28 19:02,2024-11-20 22:00,,
M7HOG,Amateur Foundation Radio Licence,Allocated,Call Sign - Amateur,2019-04-29 16:36,2024-12-05 18:03,,
M7HPL,Amateur Foundation Radio Licence,Allocated,Call Sign - Amateur,2019-01-30 15:26,2024-12-14 17:44,,
M7HTD,Amateur Foundation Radio Licence,Allocated,Call Sign - Amateur,2021-09-30 10:54,2025-01-16 16:11,,
M7HTY,Amateur Foundation Radio Licence,Allocated,Call Sign - Amateur,2019-04-17 11:19,2024-06-24 03:54,,
M7HUN,Amateur Foundation Radio Licence,Allocated,Call Sign - Amateur,2019-04-30 16:39,2025-01-23 14:35,,
M7HUT,Amateur Foundation Radio Licence,Allocated,Call Sign - Amateur,2021-09-24 12:33,2025-01-25 18:06,,
M7HWK,Amateur Foundation Radio Licence,Allocated,Call Sign - Amateur,2021-09-01 14:22,2025-02-08 11:02,,
M7IAB,Amateur Foundation Radio Licence,Allocated,Call Sign - Amateur,2021-09-07 10:11,2025-03-09 16:39,,
M7IAN,Amateur Foundation Radio Licence,Allocated,Call Sign - Amateur,2019-04-14 10:13,2024-04-27 18:05,,
M7IBG,Amateur Foundation Radio Licence,Allocated,Call Sign - Amateur,2021-10-03 09:29,2025-03-15 14:33,,
M7IBW,Amateur Foundation Radio Licence,Allocated,Call Sign - Amateur,2021-08-13 13:52,2025-03-21 12:53,,
M7ICB,Amateur Foundation Radio Licence,Allocated,Call Sign - Amateur,2019-05-01 18:12,2024-04-28 18:02,,
M7ICW,Amateur Foundation Radio Licence,Allocated,Call Sign - Amateur,2019-04-29 15:45,2025-03-22 11:57,,
M7IEH,Amateur Foundation Radio Licence,Reserved,Call Sign - Amateur,2021-08-30 18:38,2023-06-22 21:49,,
M7IGB,Amateur Foundation Radio Licence,Reserved,Call Sign - Amateur,2021-10-03 11:22,2025-04-19 15:00,,
M7IGG,Amateur Foundation Radio Licence,Allocated,Call Sign - Amateur,2019-01-29 07:23,2025-04-22 11:08,,
M7IGK,Amateur Foundation Radio Licence,Allocated,Call Sign - Amateur,2021-09-15 18:27,2025-04-22 13:17,,
M7IGT,Amateur Foundation Radio Licence,Allocated,Call Sign - Amateur,2021-09-10 17:02,2025-04-24 14:40,,
M7IHB,Amateur Foundation Radio Licence,Allocated,Call Sign - Amateur,2021-08-26 19:58,2025-04-29 16:59,,
M7IHQ,Amateur Foundation Radio Licence,Allocated,Call Sign - Amateur,2025-05-07 12:44,2025-05-07 12:44,,
M7IHT,Amateur Foundation Radio Licence,Allocated,Call Sign - Amateur,2025-05-07 17:27,2025-05-07 17:29,,
M7IHU,Amateur Foundation Radio Licence,Allocated,Call Sign - Amateur,2025-05-07 17:29,2025-05-07 17:39,,
M7IHV,Amateur Foundation Radio Licence,Allocated,Call Sign - Amateur,2025-05-07 17:39,2025-05-07 17:52,,
M7IHW,Amateur Foundation Radio Licence,Allocated,Call Sign - Amateur,2025-05-07 17:52,2025-05-08 09:19,,
M7IHX,Amateur Foundation Radio Licence,Allocated,Call Sign - Amateur,2025-05-08 09:19,2025-05-08 20:06,,
M7IHY,Amateur Foundation Radio Licence,Allocated,Call Sign - Amateur,2025-05-08 20:06,2025-05-08 20:42,,
M7IHZ,Amateur Foundation Radio Licence,Allocated,Call Sign - Amateur,2025-05-08 20:42,2025-05-08 20:42,,
M7IIB,Amateur Foundation Radio Licence,Allocated,Call Sign - Amateur,2025-05-08 20:57,2025-05-09 15:42,,
M7IIC,Amateur Foundation Radio Licence,Allocated,Call Sign - Amateur,2025-05-09 15:42,2025-05-10 12:18,,
M7IID,Amateur Foundation Radio Licence,Allocated,Call Sign - Amateur,2025-05-10 12:18,2025-05-10 12:18,,
M7IIF,Amateur Foundation Radio Licence,Allocated,Call Sign - Amateur,2025-05-10 12:36,2025-05-10 18:43,,
M7IIG,Amateur Foundation Radio Licence,Allocated,Call Sign - Amateur,2025-05-10 18:43,2025-05-10 18:43,,
M7IIJ,Amateur Foundation Radio Licence,Allocated,Call Sign - Amateur,2025-05-10 22:05,2025-05-11 11:12,,
M7IIK,Amateur Foundation Radio Licence,Allocated,Call Sign - Amateur,2025-05-11 11:12,2025-05-11 15:48,,
M7IIL,Amateur Foundation Radio Licence,Allocated,Call Sign - Amateur,2025-05-11 15:48,2025-05-11 15:48,,
M7IIN,Amateur Foundation Radio Licence,Allocated,Call Sign - Amateur,2025-05-12 13:28,2025-05-12 13:28,,
M7IIP,Amateur Foundation Radio Licence,Allocated,Call Sign - Amateur,2025-05-12 15:55,2025-05-13 10:28,,
M7IIQ,Amateur Foundation Radio Licence,Allocated,Call Sign - Amateur,2025-05-13 10:28,2025-05-14 09:13,,
M7IIS,Amateur Foundation Radio Licence,Allocated,Call Sign - Amateur,2025-05-14 09:13,2025-05-14 09:13,,
M7IIU,Amateur Foundation Radio Licence,Allocated,Call Sign - Amateur,2025-05-14 12:45,2025-05-14 13:54,,
M7IIV,Amateur Foundation Radio Licence,Allocated,Call Sign - Amateur,2025-05-14 13:54,2025-05-14 13:54,,
M7IIX,Amateur Foundation Radio Licence,Allocated,Call Sign - Amateur,2025-05-14 19:07,2025-05-14 19:30,,
M7IIY,Amateur Foundation Radio Licence,Allocated,Call Sign - Amateur,2025-05-14 19:30,2025-05-14 19:30,,
M7IJA,Amateur Foundation Radio Licence,Allocated,Call Sign - Amateur,2025-05-14 21:03,2025-05-14 21:03,,
M7IJE,Amateur Foundation Radio Licence,Allocated,Call Sign - Amateur,2025-05-14 21:10,2025-05-14 21:10,,
M7IJG,Amateur Foundation Radio Licence,Allocated,Call Sign - Amateur,2025-05-15 09:48,2025-05-15 09:48,,
M7IJI,Amateur Foundation Radio Licence,Allocated,Call Sign - Amateur,2025-05-15 17:01,2025-05-16 07:10,,
M7IJJ,Amateur Foundation Radio Licence,Allocated,Call Sign - Amateur,2025-05-16 07:10,2025-05-16 07:10,,
M7IJL,Amateur Foundation Radio Licence,Allocated,Call Sign - Amateur,2021-09-20 13:57,2024-06-27 03:28,,
M7IJN,Amateur Foundation Radio Licence,Allocated,Call Sign - Amateur,2025-05-16 14:37,2025-05-16 14:37,,
M7IJQ,Amateur Foundation Radio Licence,Allocated,Call Sign - Amateur,2025-05-16 18:51,2025-05-17 10:04,,
M7IJR,Amateur Foundation Radio Licence,Allocated,Call Sign - Amateur,2025-05-17 10:04,2025-05-17 12:45,,
M7IJS,Amateur Foundation Radio Licence,Allocated,Call Sign - Amateur,2025-05-17 12:45,2025-05-17 12:45,,
M7IJU,Amateur Foundation Radio Licence,Allocated,Call Sign - Amateur,2025-05-17 19:01,2025-05-17 19:01,,
M7IJW,Amateur Foundation Radio Licence,Allocated,Call Sign - Amateur,2025-05-18 09:19,2025-05-18 16:03,,
M7IJX,Amateur Foundation Radio Licence,Allocated,Call Sign - Amateur,2025-05-18 16:03,2025-05-19 12:30,,
M7IJY,Amateur Foundation Radio Licence,Allocated,Call Sign - Amateur,2025-05-19 12:30,2025-05-19 12:30,,
M7ILL,Amateur Foundation Radio Licence,Allocated,Call Sign - Amateur,2021-10-22 12:49,2024-06-11 04:44,,
M7ILW,Amateur Foundation Radio Licence,Allocated,Call Sign - Amateur,2021-08-27 18:10,2024-06-11 03:01,,
M7IMR,Amateur Foundation Radio Licence,Allocated,Call Sign - Amateur,2019-02-07 17:56,2024-06-12 03:35,,
M7ISP,Amateur Foundation Radio Licence,Allocated,Call Sign - Amateur,2019-02-13 19:56,2024-05-14 18:19,,
M7ITS,Amateur Foundation Radio Licence,Allocated,Call Sign - Amateur,2021-09-17 12:28,2024-06-11 03:35,,
M7IWF,Amateur Foundation Radio Licence,Reserved,Call Sign - Amateur,2019-02-14 16:12,2023-06-24 23:00,,
M7JAM,Amateur Foundation Radio Licence,Allocated,Call Sign - Amateur,2019-01-29 16:17,2024-04-22 18:13,,
M7JAN,Amateur Foundation Radio Licence,Allocated,Call Sign - Amateur,2019-04-30 14:07,2024-06-13 04:40,,
M7JAU,Amateur Foundation Radio Licence,Allocated,Call Sign - Amateur,2021-09-21 17:49,2024-06-11 03:45,,
M7JCF,Amateur Foundation Radio Licence,Allocated,Call Sign - Amateur,2019-02-13 13:58,2024-07-13 17:27,,
M7JCH,Amateur Foundation Radio Licence,Allocated,Call Sign - Amateur,2019-02-28 10:08,2024-04-24 18:07,,
M7JCK,Amateur Foundation Radio Licence,Allocated,Call Sign - Amateur,2019-04-30 09:03,2024-04-27 18:40,,
M7JDD,Amateur Foundation Radio Licence,Allocated,Call Sign - Amateur,2019-04-17 19:27,2024-06-18 04:25,,
M7JDH,Amateur Foundation Radio Licence,Allocated,Call Sign - Amateur,2019-04-29 15:57,2024-04-27 18:31,,
M7JDL,Amateur Foundation Radio Licence,Allocated,Call Sign - Amateur,2019-01-23 21:16,2024-06-19 19:27,,
M7JEC,Amateur Foundation Radio Licence,Allocated,Call Sign - Amateur,2019-05-22 10:30,2024-04-29 18:07,,
M7JEE,Amateur Foundation Radio Licence,Allocated,Call Sign - Amateur,2021-09-06 12:02,2024-06-13 02:41,,
M7JEP,Amateur Foundation Radio Licence,Allocated,Call Sign - Amateur,2021-09-21 08:53,2024-06-24 04:32,,
M7JFG,Amateur Foundation Radio Licence,Allocated,Call Sign - Amateur,2025-05-14 11:39,2025-05-14 11:39,,
M7JFS,Amateur Foundation Radio Licence,Allocated,Call Sign - Amateur,2021-09-11 12:22,2024-06-11 03:25,,
M7JGH,Amateur Foundation Radio Licence,Allocated,Call Sign - Amateur,2019-02-13 12:22,2024-06-26 04:14,,
M7JHK,Amateur Foundation Radio Licence,Reserved,Call Sign - Amateur,2025-05-12 16:33,2025-05-13 12:51,,
M7JHM,Amateur Foundation Radio Licence,Allocated,Call Sign - Amateur,2019-05-01 09:14,2024-06-29 19:50,,
M7JHX,Amateur Foundation Radio Licence,Allocated,Call Sign - Amateur,2021-10-05 10:00,2024-06-11 04:13,,
M7JJO,Amateur Foundation Radio Licence,Allocated,Call Sign - Amateur,2021-09-29 16:34,2024-08-20 11:15,,
M7JKG,Amateur Foundation Radio Licence,Allocated,Call Sign - Amateur,2025-05-14 13:10,2025-05-14 13:10,,
M7JKM,Amateur Foundation Radio Licence,Allocated,Call Sign - Amateur,2019-01-29 16:10,2024-04-22 18:12,,
M7JKY,Amateur Foundation Radio Licence,Allocated,Call Sign - Amateur,2025-05-15 11:34,2025-05-15 11:34,,
M7JLA,Amateur Foundation Radio Licence,Allocated,Call Sign - Amateur,2021-10-26 13:22,2024-06-12 02:36,,
M7JME,Amateur Foundation Radio Licence,Allocated,Call Sign - Amateur,2019-02-02 12:46,2024-05-17 18:39,,
M7JMF,Amateur Foundation Radio Licence,Allocated,Call Sign - Amateur,2019-02-27 11:08,2024-06-09 02:48,,
M7JMW,Amateur Foundation Radio Licence,Allocated,Call Sign - Amateur,2021-10-20 12:22,2024-06-11 04:41,,
M7JNX,Amateur Foundation Radio Licence,Allocated,Call Sign - Amateur,2019-02-21 14:01,2024-06-07 03:21,,
M7JOT,Amateur Foundation Radio Licence,Allocated,Call Sign - Amateur,2019-05-02 16:33,2024-04-28 18:04,,
M7JOW,Amateur Foundation Radio Licence,Allocated,Call Sign - Amateur,2021-10-02 14:40,2024-06-11 04:06,,
M7JPC,Amateur Foundation Radio Licence,Allocated,Call Sign - Amateur,2019-05-07 10:21,2024-10-14 14:28,,
M7JPM,Amateur Foundation Radio Licence,Allocated,Call Sign - Amateur,2019-01-24 18:22,2024-06-23 04:08,,
M7JPT,Amateur Foundation Radio Licence,Allocated,Call Sign - Amateur,2019-01-31 17:51,2024-08-18 09:16,,
M7JPW,Amateur Foundation Radio Licence,Allocated,Call Sign - Amateur,2019-05-18 12:19,2024-04-28 18:36,,
M7JRP,Amateur Foundation Radio Licence,Allocated,Call Sign - Amateur,2019-02-22 10:09,2024-08-23 11:41,,
M7JVA,Amateur Foundation Radio Licence,Allocated,Call Sign - Amateur,2019-05-02 15:01,2025-01-13 13:21,,
M7JVE,Amateur Foundation Radio Licence,Allocated,Call Sign - Amateur,2019-02-14 20:28,2024-04-23 18:08,,
M7JVS,Amateur Foundation Radio Licence,Allocated,Call Sign - Amateur,2019-04-30 20:52,2024-04-27 18:37,,
M7JWH,Amateur Foundation Radio Licence,Allocated,Call Sign - Amateur,2019-04-29 16:11,2024-04-27 18:33,,
M7JYP,Amateur Foundation Radio Licence,Allocated,Call Sign - Amateur,2019-05-02 16:20,2024-04-28 18:05,,
M7KAS,Amateur Foundation Radio Licence,Allocated,Call Sign - Amateur,2019-05-20 14:00,2024-04-28 18:40,,
M7KBM,Amateur Foundation Radio Licence,Allocated,Call Sign - Amateur,2021-08-12 09:34,2025-03-20 18:51,,
M7KCS,Amateur Foundation Radio Licence,Allocated,Call Sign - Amateur,2019-05-11 11:09,2024-06-18 04:29,,
M7KDA,Amateur Foundation Radio Licence,Allocated,Call Sign - Amateur,2021-10-13 14:09,2024-06-11 04:26,,
M7KDD,Amateur Foundation Radio Licence,Available,Call Sign - Amateur,2025-05-14 17:26,2025-05-14 20:35,,
M7KDW,Amateur Foundation Radio Licence,Allocated,Call Sign - Amateur,2019-05-22 11:22,2024-04-29 18:05,,
M7KDX,Amateur Foundation Radio Licence,Allocated,Call Sign - Amateur,2019-05-13 13:28,2024-11-18 13:31,,
M7KEN,Amateur Foundation Radio Licence,Allocated,Call Sign - Amateur,2019-04-29 17:16,2025-01-14 16:17,,
M7KEV,Amateur Foundation Radio Licence,Allocated,Call Sign - Amateur,2019-02-14 12:12,2024-06-07 02:35,,
M7KFG,Amateur Foundation Radio Licence,Reserved,Call Sign - Amateur,2021-10-08 16:00,2023-06-28 23:00,,
M7KGS,Amateur Foundation Radio Licence,Reserved,Call Sign - Amateur,2021-09-16 18:14,2024-09-26 23:00,,
M7KHD,Amateur Foundation Radio Licence,Allocated,Call Sign - Amateur,2025-05-13 08:57,2025-05-16 14:36,,
M7KJO,Amateur Foundation Radio Licence,Allocated,Call Sign - Amateur,2019-05-08 10:29,2024-05-07 18:30,,
M7KJR,Amateur Foundation Radio Licence,Allocated,Call Sign - Amateur,2021-09-21 09:10,2024-06-26 04:25,,
M7KKW,Amateur Foundation Radio Licence,Allocated,Call Sign - Amateur,2021-09-30 12:59,2024-06-11 04:03,,
M7KKY,Amateur Foundation Radio Licence,Allocated,Call Sign - Amateur,2021-09-23 00:09,2024-06-11 03:50,,
M7KLE,Amateur Foundation Radio Licence,Allocated,Call Sign - Amateur,2019-04-17 16:12,2024-04-27 18:11,,
M7KLH,Amateur Foundation Radio Licence,Allocated,Call Sign - Amateur,2021-09-16 10:17,2024-06-11 03:31,,
M7KMD,Amateur Foundation Radio Licence,Allocated,Call Sign - Amateur,2019-05-22 21:11,2024-05-15 18:33,,
M7KML,Amateur Foundation Radio Licence,Allocated,Call Sign - Amateur,2019-05-16 17:34,2024-04-28 18:32,,
M7KMQ,Amateur Foundation Radio Licence,Allocated,Call Sign - Amateur,2021-10-21 15:30,2024-06-12 02:50,,
M7KNX,Amateur Foundation Radio Licence,Allocated,Call Sign - Amateur,2025-05-14 14:10,2025-05-14 14:10,,
M7KPB,Amateur Foundation Radio Licence,Allocated,Call Sign - Amateur,2019-02-21 16:23,2024-06-20 09:45,,
M7KRB,Amateur Foundation Radio Licence,Allocated,Call Sign - Amateur,2021-10-06 12:23,2024-06-21 04:36,,
M7KSD,Amateur Foundation Radio Licence,Allocated,Call Sign - Amateur,2019-02-06 16:38,2024-04-22 18:31,,
M7KSL,Amateur Foundation Radio Licence,Allocated,Call Sign - Amateur,2019-05-02 13:23,2024-06-22 13:40,,
M7KSX,Amateur Foundation Radio Licence,Allocated,Call Sign - Amateur,2025-05-14 09:51,2025-05-14 09:51,,
M7KTI,Amateur Foundation Radio Licence,Allocated,Call Sign - Amateur,2019-01-28 11:18,2024-06-19 03:29,,
M7KVG,Amateur Foundation Radio Licence,Allocated,Call Sign - Amateur,2025-05-15 15:54,2025-05-15 15:54,,
M7KWI,Amateur Foundation Radio Licence,Allocated,Call Sign - Amateur,2019-04-29 17:00,2024-04-27 18:35,,
M7KXA,Amateur Foundation Radio Licence,Allocated,Call Sign - Amateur,2021-08-12 17:21,2025-04-23 12:45,,
M7KXG,Amateur Foundation Radio Licence,Allocated,Call Sign - Amateur,2025-05-10 14:45,2025-05-10 14:45,,
M7KYO,Amateur Foundation Radio Licence,Allocated,Call Sign - Amateur,2019-04-18 21:20,2024-05-29 18:13,,
M7LAB,Amateur Foundation Radio Licence,Allocated,Call Sign - Amateur,2019-04-20 08:49,2024-06-10 03:49,,
M7LAW,Amateur Foundation Radio Licence,Allocated,Call Sign - Amateur,2019-02-19 11:36,2024-04-23 18:19,,
M7LCA,Amateur Foundation Radio Licence,Allocated,Call Sign - Amateur,2021-10-19 09:51,2025-02-08 11:31,,
M7LCC,Amateur Foundation Radio Licence,Allocated,Call Sign - Amateur,2019-05-03 11:51,2024-06-18 02:51,,
M7LDR,Amateur Foundation Radio Licence,Allocated,Call Sign - Amateur,2021-08-16 16:47,2024-06-11 02:38,,
M7LEE,Amateur Foundation Radio Licence,Allocated,Call Sign - Amateur,2019-02-13 19:23,2025-03-11 11:58,,
M7LEV,Amateur Foundation Radio Licence,Allocated,Call Sign - Amateur,2021-09-01 16:05,2024-05-01 14:13,,
M7LGC,Amateur Foundation Radio Licence,Reserved,Call Sign - Amateur,2021-09-30 12:14,2024-04-04 23:00,,
M7LKG,Amateur Foundation Radio Licence,Allocated,Call Sign - Amateur,2021-09-10 20:24,2024-06-11 03:22,,
M7LLG,Amateur Foundation Radio Licence,Allocated,Call Sign - Amateur,2021-08-19 16:18,2024-06-11 02:45,,
M7LLP,Amateur Foundation Radio Licence,Reserved,Call Sign - Amateur,2021-10-07 16:21,2023-08-18 08:35,,
M7LMW,Amateur Foundation Radio Licence,Allocated,Call Sign - Amateur,2021-10-20 17:06,2024-06-16 02:33,,
M7LOK,Amateur Foundation Radio Licence,Allocated,Call Sign - Amateur,2021-09-12 13:03,2024-06-11 03:26,,
M7LOL,Amateur Foundation Radio Licence,Allocated,Call Sign - Amateur,2019-02-28 11:56,2024-04-24 20:25,,
M7LPE,Amateur Foundation Radio Licence,Allocated,Call Sign - Amateur,2021-09-06 12:21,2024-06-11 03:16,,
M7LPO,Amateur Foundation Radio Licence,Allocated,Call Sign - Amateur,2021-09-21 10:08,2024-06-28 04:21,,
M7LSB,Amateur Foundation Radio Licence,Allocated,Call Sign - Amateur,2021-09-01 18:49,2024-06-11 03:05,,
M7LVR,Amateur Foundation Radio Licence,Allocated,Call Sign - Amateur,2021-09-14 13:12,2024-06-14 02:45,,
M7LWT,Amateur Foundation Radio Licence,Reserved,Call Sign - Amateur,2021-08-19 10:25,2024-06-15 23:00,,
M7LYD,Amateur Foundation Radio Licence,Allocated,Call Sign - Amateur,2019-02-28 17:38,2024-04-24 18:05,,
M7MAC,Amateur Foundation Radio Licence,Allocated,Call Sign - Amateur,2019-02-02 01:36,2024-04-22 18:23,,
M7MAJ,Amateur Foundation Radio Licence,Allocated,Call Sign - Amateur,2019-04-29 16:59,2024-06-22 03:35,,
M7MAO,Amateur Foundation Radio Licence,Allocated,Call Sign - Amateur,2021-10-26 18:26,2024-06-12 02:36,,
M7MAZ,Amateur Foundation Radio Licence,Allocated,Call Sign - Amateur,2019-04-17 11:28,2024-04-27 18:11,,
M7MBR,Amateur Foundation Radio Licence,Allocated,Call Sign - Amateur,2021-09-30 11:33,2024-12-04 09:44,,
M7MCD,Amateur Foundation Radio Licence,Allocated,Call Sign - Amateur,2019-01-23 22:43,2024-04-21 19:17,,
M7MCQ,Amateur Foundation Radio Licence,Allocated,Call Sign - Amateur,2019-02-28 12:44,2025-04-26 17:55,,
M7MCR,Amateur Foundation Radio Licence,Allocated,Call Sign - Amateur,2019-04-30 07:01,2024-04-27 18:40,,
M7MCV,Amateur Foundation Radio Licence,Allocated,Call Sign - Amateur,2019-02-06 15:33,2024-06-27 03:19,,
M7MDH,Amateur Foundation Radio Licence,Allocated,Call Sign - Amateur,2019-05-10 18:23,2024-10-31 16:11,,
M7MDV,Amateur Foundation Radio Licence,Allocated,Call Sign - Amateur,2021-10-06 20:32,2024-06-11 04:14,,
M7MEH,Amateur Foundation Radio Licence,Allocated,Call Sign - Amateur,2021-09-01 11:02,2025-01-14 16:03,,
M7MEP,Amateur Foundation Radio Licence,Allocated,Call Sign - Amateur,2019-05-20 18:32,2024-12-22 16:30,,
M7MFH,Amateur Foundation Radio Licence,Allocated,Call Sign - Amateur,2019-02-02 11:17,2024-04-22 18:24,,
M7MGO,Amateur Foundation Radio Licence,Allocated,Call Sign - Amateur,2021-10-13 11:56,2024-06-11 04:25,,
M7MGY,Amateur Foundation Radio Licence,Allocated,Call Sign - Amateur,2019-01-30 14:52,2025-02-06 18:22,,
M7MIK,Amateur Foundation Radio Licence,Allocated,Call Sign - Amateur,2019-01-23 17:07,2024-04-21 19:25,,
M7MJC,Amateur Foundation Radio Licence,Allocated,Call Sign - Amateur,2019-01-23 18:14,2024-10-06 07:38,,
M7MKO,Amateur Foundation Radio Licence,Allocated,Call Sign - Amateur,2019-04-18 08:56,2024-04-27 18:13,,
M7MKR,Amateur Foundation Radio Licence,Allocated,Call Sign - Amateur,2019-04-29 17:22,2024-07-07 23:37,,
M7MNS,Amateur Foundation Radio Licence,Allocated,Call Sign - Amateur,2021-10-22 12:23,2024-06-12 04:16,,
M7MNY,Amateur Foundation Radio Licence,Allocated,Call Sign - Amateur,2021-09-30 12:01,2024-06-11 04:01,,
M7MOP,Amateur Foundation Radio Licence,Allocated,Call Sign - Amateur,2019-02-28 12:33,2024-06-16 04:23,,
M7MPA,Amateur Foundation Radio Licence,Allocated,Call Sign - Amateur,2019-05-20 18:47,2024-04-28 18:40,,
M7MPS,Amateur Foundation Radio Licence,Allocated,Call Sign - Amateur,2021-09-16 09:35,2024-06-11 03:33,,
M7MQM,Amateur Foundation Radio Licence,Allocated,Call Sign - Amateur,2025-05-10 22:59,2025-05-10 22:59,,
M7MRB,Amateur Foundation Radio Licence,Allocated,Call Sign - Amateur,2019-02-06 16:03,2024-05-20 18:20,,
M7MRG,Amateur Foundation Radio Licence,Reserved,Call Sign - Amateur,2019-02-13 21:05,2024-02-26 00:00,,
M7MRM,Amateur Foundation Radio Licence,Allocated,Call Sign - Amateur,2019-04-18 20:47,2024-04-27 18:14,,
M7MSB,Amateur Foundation Radio Licence,Allocated,Call Sign - Amateur,2019-05-18 21:34,2024-06-25 17:20,,
M7MSH,Amateur Foundation Radio Licence,Reserved,Call Sign - Amateur,2021-10-04 11:05,2022-06-01 23:00,,
M7MSJ,Amateur Foundation Radio Licence,Allocated,Call Sign - Amateur,2021-09-28 17:37,2025-03-06 13:01,,
M7MSQ,Amateur Foundation Radio Licence,Allocated,Call Sign - Amateur,2025-05-12 17:32,2025-05-12 17:32,,
M7MTE,Amateur Foundation Radio Licence,Allocated,Call Sign - Amateur,2019-02-19 18:40,2025-01-04 10:04,,
M7MUK,Amateur Foundation Radio Licence,Allocated,Call Sign - Amateur,2021-09-07 09:02,2024-06-11 03:17,,
M7MVC,Amateur Foundation Radio Licence,Allocated,Call Sign - Amateur,2019-02-21 22:41,2024-04-23 18:23,,
M7MWH,Amateur Foundation Radio Licence,Allocated,Call Sign - Amateur,2019-04-13 13:45,2024-04-26 18:41,,
M7MYM,Amateur Foundation Radio Licence,Allocated,Call Sign - Amateur,2019-05-24 13:31,2024-04-29 18:11,,
M7MYU,Amateur Foundation Radio Licence,Allocated,Call Sign - Amateur,2019-02-20 22:48,2024-04-23 18:20,,
M7NAV,Amateur Foundation Radio Licence,Allocated,Call Sign - Amateur,2021-09-18 16:55,2024-06-11 03:38,,
M7NBZ,Amateur Foundation Radio Licence,Allocated,Call Sign - Amateur,2021-08-19 11:25,2024-06-25 04:05,,
M7NDL,Amateur Foundation Radio Licence,Allocated,Call Sign - Amateur,2021-10-15 13:23,2024-06-11 04:30,,
M7NEL,Amateur Foundation Radio Licence,Allocated,Call Sign - Amateur,2019-04-29 15:57,2024-11-28 21:02,,
M7NEW,Amateur Foundation Radio Licence,Allocated,Call Sign - Amateur,2019-02-27 13:17,2024-04-23 18:38,,
M7NHG,Amateur Foundation Radio Licence,Allocated,Call Sign - Amateur,2019-02-07 09:49,2024-04-22 18:36,,
M7NIK,Amateur Foundation Radio Licence,Allocated,Call Sign - Amateur,2019-05-28 08:54,2024-11-08 17:17,,
M7NIR,Amateur Foundation Radio Licence,Allocated,Call Sign - Amateur,2025-05-15 09:25,2025-05-15 09:25,,
M7NKD,Amateur Foundation Radio Licence,Allocated,Call Sign - Amateur,2021-08-30 07:05,2024-06-11 03:03,,
M7NLK,Amateur Foundation Radio Licence,Allocated,Call Sign - Amateur,2021-10-22 13:30,2024-06-17 02:52,,
M7NOG,Amateur Foundation Radio Licence,Allocated,Call Sign - Amateur,2021-10-26 15:08,2024-06-12 02:51,,
M7NOT,Amateur Foundation Radio Licence,Allocated,Call Sign - Amateur,2019-02-13 15:04,2024-04-23 18:05,,
M7NPB,Amateur Foundation Radio Licence,Allocated,Call Sign - Amateur,2021-09-28 16:59,2024-06-17 04:10,,
M7NRD,Amateur Foundation Radio Licence,Allocated,Call Sign - Amateur,2021-10-07 18:10,2024-06-11 04:17,,
M7NRF,Amateur Foundation Radio Licence,Allocated,Call Sign - Amateur,2021-08-14 09:53,2024-06-21 16:22,,
M7NRT,Amateur Foundation Radio Licence,Allocated,Call Sign - Amateur,2021-10-16 13:22,2024-06-11 04:33,,
M7NTL,Amateur Foundation Radio Licence,Allocated,Call Sign - Amateur,2025-05-10 17:30,2025-05-10 17:30,,
M7NUG,Amateur Foundation Radio Licence,Allocated,Call Sign - Amateur,2021-09-06 17:12,2024-06-11 03:16,,
M7NXF,Amateur Foundation Radio Licence,Allocated,Call Sign - Amateur,2019-02-19 19:09,2024-06-14 04:18,,
M7NYE,Amateur Foundation Radio Licence,Allocated,Call Sign - Amateur,2019-04-30 09:00,2024-07-18 12:01,,
M7NZP,Amateur Foundation Radio Licence,Allocated,Call Sign - Amateur,2021-08-26 07:33,2024-11-20 17:37,,
M7OBE,Amateur Foundation Radio Licence,Allocated,Call Sign - Amateur,2021-08-12 14:25,2024-06-11 02:33,,
M7ODF,Amateur Foundation Radio Licence,Allocated,Call Sign - Amateur,2025-05-15 16:28,2025-05-15 16:28,,
M7ODV,Amateur Foundation Radio Licence,Allocated,Call Sign - Amateur,2025-05-14 10:56,2025-05-14 10:56,,
M7OHS,Amateur Foundation Radio Licence,Allocated,Call Sign - Amateur,2021-10-13 18:31,2025-04-12 13:42,,
M7OJW,Amateur Foundation Radio Licence,Allocated,Call Sign - Amateur,2019-02-19 12:53,2024-04-23 18:19,,
M7OKO,Amateur Foundation Radio Licence,Allocated,Call Sign - Amateur,2021-10-19 15:08,2024-06-15 03:11,,
M7OLO,Amateur Foundation Radio Licence,Allocated,Call Sign - Amateur,2019-02-28 21:12,2024-06-23 03:08,,
M7ONI,Amateur Foundation Radio Licence,Allocated,Call Sign - Amateur,2019-02-11 19:38,2025-01-20 12:03,,
M7OOK,Amateur Foundation Radio Licence,Allocated,Call Sign - Amateur,2019-02-04 16:18,2025-04-28 11:26,,
M7OOP,Amateur Foundation Radio Licence,Allocated,Call Sign - Amateur,2021-10-07 14:00,2024-06-11 04:18,,
M7OPN,Amateur Foundation Radio Licence,Allocated,Call Sign - Amateur,2021-09-28 17:36,2024-06-11 03:57,,
M7OSM,Amateur Foundation Radio Licence,Allocated,Call Sign - Amateur,2019-05-22 16:01,2024-04-29 18:05,,
M7OTG,Amateur Foundation Radio Licence,Allocated,Call Sign - Amateur,2019-02-27 16:18,2024-06-19 03:57,,
M7OUS,Amateur Foundation Radio Licence,Allocated,Call Sign - Amateur,2025-05-14 09:59,2025-05-14 10:00,,
M7OXW,Amateur Foundation Radio Licence,Allocated,Call Sign - Amateur,2021-10-15 16:36,2025-03-09 12:02,,
M7OYL,Amateur Foundation Radio Licence,Allocated,Call Sign - Amateur,2025-05-10 21:12,2025-05-10 21:12,,
M7PAS,Amateur Foundation Radio Licence,Allocated,Call Sign - Amateur,2019-05-19 15:25,2024-06-09 04:22,,
M7PBA,Amateur Foundation Radio Licence,Allocated,Call Sign - Amateur,2019-05-08 16:44,2024-04-28 18:14,,
M7PBR,Amateur Foundation Radio Licence,Allocated,Call Sign - Amateur,2021-09-18 12:58,2024-06-11 03:37,,
M7PBW,Amateur Foundation Radio Licence,Allocated,Call Sign - Amateur,2021-09-07 07:14,2024-06-11 03:18,,
M7PCO,Amateur Foundation Radio Licence,Allocated,Call Sign - Amateur,2019-01-25 12:41,2024-04-22 18:04,,
M7PCR,Amateur Foundation Radio Licence,Allocated,Call Sign - Amateur,2019-05-28 12:22,2024-06-15 11:13,,
M7PDC,Amateur Foundation Radio Licence,Allocated,Call Sign - Amateur,2019-02-27 14:42,2024-04-23 18:39,,
M7PDM,Amateur Foundation Radio Licence,Allocated,Call Sign - Amateur,2019-02-28 19:58,2024-04-24 18:05,,
M7PEZ,Amateur Foundation Radio Licence,Allocated,Call Sign - Amateur,2019-01-23 16:07,2024-04-21 19:24,,
M7PFO,Amateur Foundation Radio Licence,Allocated,Call Sign - Amateur,2021-08-13 16:44,2025-02-25 15:47,,
M7PFS,Amateur Foundation Radio Licence,Allocated,Call Sign - Amateur,2025-05-16 08:50,2025-05-16 08:50,,
M7PFZ,Amateur Foundation Radio Licence,Allocated,Call Sign - Amateur,2025-05-14 10:18,2025-05-14 10:18,,
M7PGD,Amateur Foundation Radio Licence,Allocated,Call Sign - Amateur,2021-10-23 08:43,2024-06-12 02:31,,
M7PGH,Amateur Foundation Radio Licence,Allocated,Call Sign - Amateur,2019-04-29 16:04,2024-06-14 13:23,,
M7PJT,Amateur Foundation Radio Licence,Allocated,Call Sign - Amateur,2021-09-10 10:59,2024-06-11 03:23,,
M7PKB,Amateur Foundation Radio Licence,Allocated,Call Sign - Amateur,2019-05-22 06:18,2024-06-24 02:51,,
M7PKW,Amateur Foundation Radio Licence,Allocated,Call Sign - Amateur,2019-02-02 14:24,2024-04-22 18:24,,
M7PMO,Amateur Foundation Radio Licence,Allocated,Call Sign - Amateur,2019-01-23 20:30,2024-06-16 04:06,,
M7POE,Amateur Foundation Radio Licence,Allocated,Call Sign - Amateur,2019-02-02 14:04,2024-04-22 18:24,,
M7POW,Amateur Foundation Radio Licence,Allocated,Call Sign - Amateur,2019-05-18 21:24,2024-06-05 20:14,,
M7PRC,Amateur Foundation Radio Licence,Allocated,Call Sign - Amateur,2019-02-01 11:40,2024-04-22 18:22,,
M7PRI,Amateur Foundation Radio Licence,Allocated,Call Sign - Amateur,2019-02-22 10:45,2024-04-23 18:26,,
M7PRW,Amateur Foundation Radio Licence,Allocated,Call Sign - Amateur,2019-02-07 11:14,2024-04-22 18:35,,
M7PSI,Amateur Foundation Radio Licence,Allocated,Call Sign - Amateur,2021-10-25 23:44,2024-06-12 02:34,,
M7PSM,Amateur Foundation Radio Licence,Allocated,Call Sign - Amateur,2019-02-13 17:21,2024-06-05 04:19,,
M7PUH,Amateur Foundation Radio Licence,Allocated,Call Sign - Amateur,2019-04-29 17:37,2024-04-27 18:37,,
M7PVM,Amateur Foundation Radio Licence,Allocated,Call Sign - Amateur,2019-01-30 18:44,2024-04-22 18:15,,
M7PWC,Amateur Foundation Radio Licence,Allocated,Call Sign - Amateur,2021-10-14 09:39,2024-06-11 04:28,,
M7PXG,Amateur Foundation Radio Licence,Allocated,Call Sign - Amateur,2025-05-10 16:09,2025-05-10 16:09,,
M7PYF,Amateur Foundation Radio Licence,Allocated,Call Sign - Amateur,2021-08-23 14:22,2025-04-28 18:14,,
M7RAD,Amateur Foundation Radio Licence,Allocated,Call Sign - Amateur,2019-02-24 14:13,2024-04-23 18:30,,
M7RBW,Amateur Foundation Radio Licence,Allocated,Call Sign - Amateur,2025-05-08 07:06,2025-05-08 07:06,,
M7RCB,Amateur Foundation Radio Licence,Allocated,Call Sign - Amateur,2019-02-09 11:46,2024-04-22 18:39,,
M7RDD,Amateur Foundation Radio Licence,Allocated,Call Sign - Amateur,2025-05-14 20:35,2025-05-14 20:36,,
M7RDW,Amateur Foundation Radio Licence,Allocated,Call Sign - Amateur,2019-02-14 18:34,2024-06-08 03:31,,
M7REM,Amateur Foundation Radio Licence,Allocated,Call Sign - Amateur,2021-09-14 17:31,2025-04-15 16:02,,
M7RGB,Amateur Foundation Radio Licence,Allocated,Call Sign - Amateur,2019-02-02 11:06,2025-04-01 06:23,,
M7RGX,Amateur Foundation Radio Licence,Allocated,Call Sign - Amateur,2021-10-06 11:03,2024-06-11 04:16,,
M7RIG,Amateur Foundation Radio Licence,Allocated,Call Sign - Amateur,2019-05-16 11:38,2025-04-11 10:31,,
M7RJE,Amateur Foundation Radio Licence,Allocated,Call Sign - Amateur,2019-01-24 19:05,2024-04-22 18:09,,
M7RJH,Amateur Foundation Radio Licence,Allocated,Call Sign - Amateur,2019-02-02 12:04,2024-05-29 22:55,,
M7RJL,Amateur Foundation Radio Licence,Allocated,Call Sign - Amateur,2019-02-13 11:57,2024-06-21 03:54,,
M7RJM,Amateur Foundation Radio Licence,Allocated,Call Sign - Amateur,2019-04-29 16:02,2024-04-27 18:33,,
M7RJO,Amateur Foundation Radio Licence,Allocated,Call Sign - Amateur,2021-10-15 19:23,2024-06-11 04:31,,
M7RJW,Amateur Foundation Radio Licence,Allocated,Call Sign - Amateur,2019-05-19 09:29,2024-04-28 18:36,,
M7RLK,Amateur Foundation Radio Licence,Allocated,Call Sign - Amateur,2019-04-20 18:09,2024-09-11 11:59,,
M7RMB,Amateur Foundation Radio Licence,Allocated,Call Sign - Amateur,2021-10-23 10:04,2025-05-18 16:40,,
M7RMD,Amateur Foundation Radio Licence,Allocated,Call Sign - Amateur,2019-01-25 18:33,2024-04-22 18:05,,
M7RMY,Amateur Foundation Radio Licence,Allocated,Call Sign - Amateur,2019-04-16 14:10,2024-04-27 18:10,,
M7RNC,Amateur Foundation Radio Licence,Reserved,Call Sign - Amateur,2025-05-17 14:36,2025-05-17 14:36,,
M7RNN,Amateur Foundation Radio Licence,Allocated,Call Sign - Amateur,2021-08-19 11:14,2024-06-11 02:47,,
M7RNS,Amateur Foundation Radio Licence,Reserved,Call Sign - Amateur,2019-04-16 10:30,2025-02-21 00:00,,
M7ROS,Amateur Foundation Radio Licence,Allocated,Call Sign - Amateur,2019-02-23 11:02,2024-04-23 18:30,,
M7RSB,Amateur Foundation Radio Licence,Allocated,Call Sign - Amateur,2019-01-24 13:49,2024-06-27 03:53,,
M7RSD,Amateur Foundation Radio Licence,Allocated,Call Sign - Amateur,2019-02-27 09:42,2024-04-23 18:36,,
M7RSF,Amateur Foundation Radio Licence,Allocated,Call Sign - Amateur,2019-05-17 07:19,2024-04-28 18:34,,
M7RSN,Amateur Foundation Radio Licence,Allocated,Call Sign - Amateur,2021-09-21 10:43,2024-09-14 23:02,,
M7RTX,Amateur Foundation Radio Licence,Allocated,Call Sign - Amateur,2019-02-21 08:54,2024-04-23 18:22,,
M7RYB,Amateur Foundation Radio Licence,Allocated,Call Sign - Amateur,2021-09-22 07:55,2024-06-17 03:59,,
M7RZT,Amateur Foundation Radio Licence,Allocated,Call Sign - Amateur,2021-09-10 08:59,2024-09-05 15:00,,
M7SAA,Amateur Foundation Radio Licence,Allocated,Call Sign - Amateur,2021-09-21 17:21,2024-09-13 09:50,,
M7SAF,Amateur Foundation Radio Licence,Allocated,Call Sign - Amateur,2019-02-21 18:38,2024-04-23 18:25,,
M7SBI,Amateur Foundation Radio Licence,Allocated,Call Sign - Amateur,2025-05-13 21:01,2025-05-13 21:02,,
M7SCW,Amateur Foundation Radio Licence,Allocated,Call Sign - Amateur,2019-04-26 18:31,2024-09-11 18:18,,
M7SDL,Amateur Foundation Radio Licence,Allocated,Call Sign - Amateur,2019-04-30 15:29,2024-04-27 18:39,,
M7SDP,Amateur Foundation Radio Licence,Allocated,Call Sign - Amateur,2019-04-23 20:35,2024-07-17 11:21,,
M7SDS,Amateur Foundation Radio Licence,Allocated,Call Sign - Amateur,2019-04-21 13:45,2024-04-27 18:18,,
M7SET,Amateur Foundation Radio Licence,Allocated,Call Sign - Amateur,2021-08-20 20:14,2024-06-11 02:48,,
M7SEV,Amateur Foundation Radio Licence,Allocated,Call Sign - Amateur,2025-05-12 22:03,2025-05-12 22:03,,
M7SIF,Amateur Foundation Radio Licence,Allocated,Call Sign - Amateur,2021-09-29 12:49,2024-06-11 03:58,,
M7SJF,Amateur Foundation Radio Licence,Allocated,Call Sign - Amateur,2019-04-19 10:49,2024-04-27 18:15,,
M7SKV,Amateur Foundation Radio Licence,Allocated,Call Sign - Amateur,2019-05-11 12:01,2024-04-28 18:21,,
M7SLJ,Amateur Foundation Radio Licence,Allocated,Call Sign - Amateur,2019-05-28 14:21,2024-04-29 18:18,,
M7SLW,Amateur Foundation Radio Licence,Allocated,Call Sign - Amateur,2019-05-10 10:49,2024-04-28 18:21,,
M7SLZ,Amateur Foundation Radio Licence,Allocated,Call Sign - Amateur,2025-05-14 15:18,2025-05-14 15:18,,
M7SMD,Amateur Foundation Radio Licence,Allocated,Call Sign - Amateur,2019-04-18 08:07,2024-04-27 18:15,,
M7SME,Amateur Foundation Radio Licence,Allocated,Call Sign - Amateur,2019-02-08 14:59,2024-04-22 18:37,,
M7SMJ,Amateur Foundation Radio Licence,Allocated,Call Sign - Amateur,2019-02-15 19:34,2024-04-23 18:09,,
M7SMM,Amateur Foundation Radio Licence,Allocated,Call Sign - Amateur,2021-09-01 21:05,2024-06-16 17:19,,
M7SMR,Amateur Foundation Radio Licence,Allocated,Call Sign - Amateur,2019-04-13 11:09,2024-04-26 18:40,,
M7SND,Amateur Foundation Radio Licence,Reserved,Call Sign - Amateur,2019-02-02 13:30,2022-11-04 09:15,,
M7SNS,Amateur Foundation Radio Licence,Allocated,Call Sign - Amateur,2021-09-17 15:28,2024-06-11 03:36,,
M7SPB,Amateur Foundation Radio Licence,Allocated,Call Sign - Amateur,2019-05-09 19:39,2024-04-28 18:18,,
M7SPO,Amateur Foundation Radio Licence,Allocated,Call Sign - Amateur,2021-08-19 10:05,2025-03-14 10:44,,
M7SQN,Amateur Foundation Radio Licence,Allocated,Call Sign - Amateur,2019-02-06 15:08,2024-04-22 18:33,,
M7SRB,Amateur Foundation Radio Licence,Allocated,Call Sign - Amateur,2019-04-30 17:48,2024-04-27 18:41,,
M7SRC,Amateur Foundation Radio Licence,Allocated,Call Sign - Amateur,2021-09-28 11:21,2024-06-11 03:57,,
M7STH,Amateur Foundation Radio Licence,Allocated,Call Sign - Amateur,2019-05-08 14:02,2024-04-28 18:12,,
M7SUN,Amateur Foundation Radio Licence,Allocated,Call Sign - Amateur,2019-01-31 22:54,2024-04-22 18:18,,
M7SWJ,Amateur Foundation Radio Licence,Allocated,Call Sign - Amateur,2019-05-24 13:47,2024-04-29 18:11,,
M7SWR,Amateur Foundation Radio Licence,Allocated,Call Sign - Amateur,2019-02-14 13:46,2024-08-13 15:15,,
M7SWT,Amateur Foundation Radio Licence,Allocated,Call Sign - Amateur,2019-04-20 15:50,2024-04-27 18:17,,
M7SXA,Amateur Foundation Radio Licence,Allocated,Call Sign - Amateur,2021-09-16 17:26,2024-06-17 02:33,,
M7SYD,Amateur Foundation Radio Licence,Allocated,Call Sign - Amateur,2019-05-08 09:22,2024-04-28 18:15,,
M7SYR,Amateur Foundation Radio Licence,Allocated,Call Sign - Amateur,2021-10-13 12:47,2024-06-11 04:26,,
M7SZB,Amateur Foundation Radio Licence,Allocated,Call Sign - Amateur,2025-05-11 11:26,2025-05-11 11:26,,
M7SZK,Amateur Foundation Radio Licence,Allocated,Call Sign - Amateur,2025-05-10 13:40,2025-05-10 13:40,,
M7SZR,Amateur Foundation Radio Licence,Allocated,Call Sign - Amateur,2021-10-01 13:27,2024-07-02 18:53,,
M7TAJ,Amateur Foundation Radio Licence,Allocated,Call Sign - Amateur,2021-09-01 13:42,2025-01-09 15:35,,
M7TAN,Amateur Foundation Radio Licence,Allocated,Call Sign - Amateur,2019-05-13 16:03,2024-06-23 03:23,,
M7TBZ,Amateur Foundation Radio Licence,Allocated,Call Sign - Amateur,2021-10-18 03:08,2024-06-11 04:37,,
M7TCG,Amateur Foundation Radio Licence,Allocated,Call Sign - Amateur,2021-08-12 11:47,2024-06-11 02:34,,
M7TCU,Amateur Foundation Radio Licence,Allocated,Call Sign - Amateur,2025-05-13 13:32,2025-05-13 13:32,,
M7TCV,Amateur Foundation Radio Licence,Allocated,Call Sign - Amateur,2019-02-06 16:49,2025-05-13 13:32,,
M7TCW,Amateur Foundation Radio Licence,Allocated,Call Sign - Amateur,2019-04-16 15:50,2024-04-27 18:10,,
M7TCX,Amateur Foundation Radio Licence,Allocated,Call Sign - Amateur,2021-10-07 09:13,2024-06-11 04:17,,
M7TED,Amateur Foundation Radio Licence,Allocated,Call Sign - Amateur,2019-04-16 10:02,2024-05-10 18:13,,
M7TEL,Amateur Foundation Radio Licence,Allocated,Call Sign - Amateur,2019-04-29 22:16,2024-04-27 18:35,,
M7TER,Amateur Foundation Radio Licence,Allocated,Call Sign - Amateur,2021-09-14 09:55,2024-06-28 04:16,,
M7THX,Amateur Foundation Radio Licence,Allocated,Call Sign - Amateur,2021-09-14 11:33,2024-06-11 03:28,,
M7TJC,Amateur Foundation Radio Licence,Allocated,Call Sign - Amateur,2019-04-20 17:22,2024-04-27 18:16,,
M7TLJ,Amateur Foundation Radio Licence,Allocated,Call Sign - Amateur,2021-10-16 08:49,2024-06-11 04:32,,
M7TMP,Amateur Foundation Radio Licence,Allocated,Call Sign - Amateur,2021-09-10 15:22,2024-06-11 03:23,,
M7TNT,Amateur Foundation Radio Licence,Allocated,Call Sign - Amateur,2019-04-26 21:05,2024-04-27 18:27,,
M7TOB,Amateur Foundation Radio Licence,Allocated,Call Sign - Amateur,2019-04-30 21:41,2024-06-19 03:30,,
M7TOW,Amateur Foundation Radio Licence,Allocated,Call Sign - Amateur,2019-04-29 17:23,2025-02-26 09:58,,
M7TRH,Amateur Foundation Radio Licence,Allocated,Call Sign - Amateur,2019-05-19 07:55,2024-04-28 18:37,,
M7TRI,Amateur Foundation Radio Licence,Allocated,Call Sign - Amateur,2019-04-30 11:35,2024-06-13 04:39,,
M7TRW,Amateur Foundation Radio Licence,Allocated,Call Sign - Amateur,2021-09-06 10:18,2024-06-27 03:12,,
M7TTM,Amateur Foundation Radio Licence,Allocated,Call Sign - Amateur,2019-01-29 18:19,2025-05-13 08:34,,
M7TUX,Amateur Foundation Radio Licence,Allocated,Call Sign - Amateur,2019-01-23 12:06,2024-04-21 19:16,,
M7TVH,Amateur Foundation Radio Licence,Allocated,Call Sign - Amateur,2021-10-20 10:53,2024-06-11 04:40,,
M7TVR,Amateur Foundation Radio Licence,Allocated,Call Sign - Amateur,2021-10-26 14:25,2024-06-12 02:38,,
M7TWB,Amateur Foundation Radio Licence,Allocated,Call Sign - Amateur,2021-10-13 19:55,2024-06-11 04:25,,
M7TWH,Amateur Foundation Radio Licence,Allocated,Call Sign - Amateur,2019-04-30 09:12,2024-07-24 07:58,,
M7TWO,Amateur Foundation Radio Licence,Allocated,Call Sign - Amateur,2019-02-28 17:11,2024-04-24 18:03,,
M7TXE,Amateur Foundation Radio Licence,Allocated,Call Sign - Amateur,2025-05-15 16:30,2025-05-15 16:30,,
M7TYK,Amateur Foundation Radio Licence,Allocated,Call Sign - Amateur,2021-09-10 10:34,2024-06-11 03:24,,
M7TYT,Amateur Foundation Radio Licence,Allocated,Call Sign - Amateur,2019-02-28 19:38,2024-04-24 18:02,,
M7TZM,Amateur Foundation Radio Licence,Allocated,Call Sign - Amateur,2019-02-28 17:28,2024-06-23 03:25,,
M7UEL,Amateur Foundation Radio Licence,Allocated,Call Sign - Amateur,2021-09-16 18:04,2025-03-23 20:15,,
M7UHF,Amateur Foundation Radio Licence,Allocated,Call Sign - Amateur,2019-05-22 04:57,2024-06-25 04:26,,
M7UKE,Amateur Foundation Radio Licence,Allocated,Call Sign - Amateur,2019-02-27 15:57,2025-04-11 12:58,,
M7UKV,Amateur Foundation Radio Licence,Allocated,Call Sign - Amateur,2025-05-14 13:45,2025-05-14 13:45,,
M7UNE,Amateur Foundation Radio Licence,Allocated,Call Sign - Amateur,2021-08-26 11:09,2024-06-11 02:57,,
M7USE,Amateur Foundation Radio Licence,Allocated,Call Sign - Amateur,2019-02-27 20:20,2024-04-23 18:37,,
M7USL,Amateur Foundation Radio Licence,Allocated,Call Sign - Amateur,2019-05-02 13:41,2025-03-18 19:32,,
M7UXA,Amateur Foundation Radio Licence,Allocated,Call Sign - Amateur,2021-09-22 15:39,2024-06-11 03:48,,
M7VCC,Amateur Foundation Radio Licence,Allocated,Call Sign - Amateur,2021-10-06 17:59,2024-06-11 04:14,,
M7VCF,Amateur Foundation Radio Licence,Allocated,Call Sign - Amateur,2019-02-27 20:10,2024-04-23 18:37,,
M7VLT,Amateur Foundation Radio Licence,Allocated,Call Sign - Amateur,2021-10-28 15:24,2024-06-18 11:56,,
M7VMS,Amateur Foundation Radio Licence,Allocated,Call Sign - Amateur,2021-10-27 18:25,2024-06-12 02:38,,
M7VNC,Amateur Foundation Radio Licence,Allocated,Call Sign - Amateur,2021-09-03 09:21,2024-06-11 03:11,,
M7VNG,Amateur Foundation Radio Licence,Allocated,Call Sign - Amateur,2019-04-24 11:12,2024-04-27 18:24,,
M7VOX,Amateur Foundation Radio Licence,Allocated,Call Sign - Amateur,2019-02-13 11:08,2025-03-20 14:52,,
M7VPD,Amateur Foundation Radio Licence,Allocated,Call Sign - Amateur,2025-05-15 12:34,2025-05-15 12:34,,
M7VPN,Amateur Foundation Radio Licence,Allocated,Call Sign - Amateur,2019-02-13 23:43,2024-06-23 04:06,,
M7VSG,Amateur Foundation Radio Licence,Allocated,Call Sign - Amateur,2025-05-12 16:03,2025-05-12 16:03,,
M7VXW,Amateur Foundation Radio Licence,Allocated,Call Sign - Amateur,2021-10-18 10:31,2025-01-31 17:52,,
M7WAB,Amateur Foundation Radio Licence,Allocated,Call Sign - Amateur,2019-04-19 12:27,2024-11-21 15:01,,
M7WAR,Amateur Foundation Radio Licence,Allocated,Call Sign - Amateur,2019-04-22 16:40,2024-09-12 19:20,,
M7WAY,Amateur Foundation Radio Licence,Allocated,Call Sign - Amateur,2019-04-30 11:34,2024-04-27 18:40,,
M7WDD,Amateur Foundation Radio Licence,Allocated,Call Sign - Amateur,2025-05-08 16:05,2025-05-08 16:05,,
M7WGR,Amateur Foundation Radio Licence,Allocated,Call Sign - Amateur,2021-09-10 21:32,2024-06-11 03:22,,
M7WIG,Amateur Foundation Radio Licence,Reserved,Call Sign - Amateur,2019-05-08 13:13,2024-04-30 23:00,,
M7WIK,Amateur Foundation Radio Licence,Allocated,Call Sign - Amateur,2025-05-14 11:46,2025-05-14 11:46,,
M7WIT,Amateur Foundation Radio Licence,Allocated,Call Sign - Amateur,2019-02-20 09:36,2024-06-17 04:13,,
M7WJA,Amateur Foundation Radio Licence,Allocated,Call Sign - Amateur,2019-02-27 16:50,2024-04-23 18:38,,
M7WJD,Amateur Foundation Radio Licence,Allocated,Call Sign - Amateur,2021-09-01 15:04,2024-06-11 03:06,,
M7WKD,Amateur Foundation Radio Licence,Allocated,Call Sign - Amateur,2021-09-16 09:39,2024-06-11 03:33,,
M7WLF,Amateur Foundation Radio Licence,Allocated,Call Sign - Amateur,2019-02-06 17:03,2024-04-22 18:31,,
M7WMG,Amateur Foundation Radio Licence,Allocated,Call Sign - Amateur,2021-09-16 22:18,2024-06-11 04:12,,
M7WOA,Amateur Foundation Radio Licence,Allocated,Call Sign - Amateur,2021-10-27 15:10,2025-01-09 12:37,,
M7WOO,Amateur Foundation Radio Licence,Allocated,Call Sign - Amateur,2019-05-19 10:52,2024-04-28 18:39,,
M7WRZ,Amateur Foundation Radio Licence,Allocated,Call Sign - Amateur,2021-09-16 15:35,2024-06-11 03:32,,
M7WSL,Amateur Foundation Radio Licence,Allocated,Call Sign - Amateur,2019-04-14 19:04,2025-04-24 10:04,,
M7WTC,Amateur Foundation Radio Licence,Allocated,Call Sign - Amateur,2021-09-17 10:25,2024-06-11 03:36,,
M7WXD,Amateur Foundation Radio Licence,Allocated,Call Sign - Amateur,2021-10-15 11:37,2024-06-11 04:30,,
M7XAB,Amateur Foundation Radio Licence,Allocated,Call Sign - Amateur,2019-04-29 15:45,2024-06-12 03:30,,
M7XDD,Amateur Foundation Radio Licence,Allocated,Call Sign - Amateur,2021-10-07 11:14,2024-06-11 04:18,,
M7XEL,Amateur Foundation Radio Licence,Allocated,Call Sign - Amateur,2019-02-28 16:11,2024-04-24 18:03,,
M7XFM,Amateur Foundation Radio Licence,Allocated,Call Sign - Amateur,2021-08-21 12:35,2024-08-31 14:18,,
M7XGP,Amateur Foundation Radio Licence,Allocated,Call Sign - Amateur,2021-08-26 18:37,2024-06-19 03:31,,
M7XJP,Amateur Foundation Radio Licence,Allocated,Call Sign - Amateur,2021-09-01 14:56,2024-06-11 03:05,,
M7XKX,Amateur Foundation Radio Licence,Allocated,Call Sign - Amateur,2021-10-15 17:01,2024-06-26 14:25,,
M7XLT,Amateur Foundation Radio Licence,Allocated,Call Sign - Amateur,2019-02-18 08:07,2024-05-14 18:20,,
M7XLY,Amateur Foundation Radio Licence,Allocated,Call Sign - Amateur,2019-02-24 02:32,2024-04-23 18:30,,
M7XNC,Amateur Foundation Radio Licence,Reserved,Call Sign - Amateur,2019-05-13 09:19,2023-12-07 00:00,,
M7XPZ,Amateur Foundation Radio Licence,Allocated,Call Sign - Amateur,2021-09-07 21:22,2025-03-06 14:35,,
M7XRC,Amateur Foundation Radio Licence,Allocated,Call Sign - Amateur,2019-05-22 07:02,2024-04-29 18:06,,
M7XRI,Amateur Foundation Radio Licence,Allocated,Call Sign - Amateur,2025-05-12 16:39,2025-05-12 16:39,,
M7XRN,Amateur Foundation Radio Licence,Allocated,Call Sign - Amateur,2019-04-13 05:21,2024-06-19 03:22,,
M7YAY,Amateur Foundation Radio Licence,Allocated,Call Sign - Amateur,2021-09-18 13:41,2024-06-11 03:37,,
M7YCA,Amateur Foundation Radio Licence,Allocated,Call Sign - Amateur,2021-09-21 11:23,2025-04-22 19:13,,
M7YDW,Amateur Foundation Radio Licence,Allocated,Call Sign - Amateur,2025-05-10 15:47,2025-05-10 15:47,,
M7YFZ,Amateur Foundation Radio Licence,Allocated,Call Sign - Amateur,2025-05-10 13:30,2025-05-10 13:30,,
M7YHI,Amateur Foundation Radio Licence,Allocated,Call Sign - Amateur,2019-05-21 08:29,2024-04-29 18:03,,
M7YOL,Amateur Foundation Radio Licence,Allocated,Call Sign - Amateur,2021-09-21 20:49,2025-03-30 21:16,,
M7YRU,Amateur Foundation Radio Licence,Allocated,Call Sign - Amateur,2021-10-20 13:10,2024-06-21 03:54,,
M7YTO,Amateur Foundation Radio Licence,Allocated,Call Sign - Amateur,2019-05-08 12:38,2024-04-03 18:45,,
M7YTW,Amateur Foundation Radio Licence,Allocated,Call Sign - Amateur,2025-05-14 11:45,2025-05-14 11:45,,
M7YUK,Amateur Foundation Radio Licence,Allocated,Call Sign - Amateur,2021-08-19 12:52,2024-06-11 02:45,,
