callsign,status,licence_class,suffix
BZG,Available,Amateur Full Radio Licence,1
BZG,Available,Amateur Full Radio Licence,BZG
C,Available,Amateur Full Radio Licence,NXC
G0NWI,Available,Amateur Full Radio Licence,NWI
G4SOY,Available,Amateur Full Radio Licence,SOY
G4XDT,Available,Amateur Full Radio Licence,XDT
G4ZYT,Available,Amateur Full Radio Licence,ZYT
M0HVN,Available,Amateur Full Radio Licence,HVN
M0HVP,Available,Amateur Full Radio Licence,HVP
M0HVQ,Available,Amateur Full Radio Licence,HVQ
M0HVR,Available,Amateur Full Radio Licence,HVR
M0HVS,Available,Amateur Full Radio Licence,HVS
M0HVT,Available,Amateur Full Radio Licence,HVT
M0HVU,Available,Amateur Full Radio Licence,HVU
M0HVV,Available,Amateur Full Radio Licence,HVV
M0HVW,Available,Amateur Full Radio Licence,HVW
M0HVX,Available,Amateur Full Radio Licence,HVX
M0HVY,Available,Amateur Full Radio Licence,HVY
M0HVZ,Available,Amateur Full Radio Licence,HVZ
M0HWB,Available,Amateur Full Radio Licence,HWB
M0HWD,Available,Amateur Full Radio Licence,HWD
M0HWE,Available,Amateur Full Radio Licence,HWE
M0HWF,Available,Amateur Full Radio Licence,HWF
M0HWG,Available,Amateur Full Radio Licence,HWG
M0HWH,Available,Amateur Full Radio Licence,HWH
M0HWI,Available,Amateur Full Radio Licence,HWI
M0HWJ,Available,Amateur Full Radio Licence,HWJ
M0HWL,Available,Amateur Full Radio Licence,HWL
M0HWO,Available,Amateur Full Radio Licence,HWO
M0HWP,Available,Amateur Full Radio Licence,HWP
M0HWQ,Available,Amateur Full Radio Licence,HWQ
M0HWT,Available,Amateur Full Radio Licence,HWT
M0HWU,Available,Amateur Full Radio Licence,HWU
M0HWV,Available,Amateur Full Radio Licence,HWV
M0HWW,Available,Amateur Full Radio Licence,HWW
M0HWX,Available,Amateur Full Radio Licence,HWX
M0HWZ,Available,Amateur Full Radio Licence,HWZ
M0HXA,Available,Amateur Full Radio Licence,HXA
M0HXC,Available,Amateur Full Radio Licence,HXC
M0HXD,Available,Amateur Full Radio Licence,HXD
M0HXF,Available,Amateur Full Radio Licence,HXF
M0HXG,Available,Amateur Full Radio Licence,HXG
M0HXH,Available,Amateur Full Radio Licence,HXH
M0HXI,Available,Amateur Full Radio Licence,HXI
M0HXJ,Available,Amateur Full Radio Licence,HXJ
M0HXK,Available,Amateur Full Radio Licence,HXK
M0HXL,Available,Amateur Full Radio Licence,HXL
M0HXM,Available,Amateur Full Radio Licence,HXM
M0HXN,Available,Amateur Full Radio Licence,HXN
M0HXO,Available,Amateur Full Radio Licence,HXO
M0HXP,Available,Amateur Full Radio Licence,HXP
M0HXQ,Available,Amateur Full Radio Licence,HXQ
M0HXR,Available,Amateur Full Radio Licence,HXR
M0HXS,Available,Amateur Full Radio Licence,HXS
M0HXU,Available,Amateur Full Radio Licence,HXU
M0HXV,Available,Amateur Full Radio Licence,HXV
M0HXW,Available,Amateur Full Radio Licence,HXW
M0HXX,Available,Amateur Full Radio Licence,HXX
M0HXY,Available,Amateur Full Radio Licence,HXY
M0HXZ,Available,Amateur Full Radio Licence,HXZ
M0HYA,Available,Amateur Full Radio Licence,HYA
M0HYB,Available,Amateur Full Radio Licence,HYB
M0HYF,Available,Amateur Full Radio Licence,HYF
M0HYG,Available,Amateur Full Radio Licence,HYG
M0HYH,Available,Amateur Full Radio Licence,HYH
M0HYI,Available,Amateur Full Radio Licence,HYI
M0HYJ,Available,Amateur Full Radio Licence,HYJ
M0HYK,Available,Amateur Full Radio Licence,HYK
M0HYL,Available,Amateur Full Radio Licence,HYL
M0HYM,Available,Amateur Full Radio Licence,HYM
M0HYN,Available,Amateur Full Radio Licence,HYN
M0HYO,Available,Amateur Full Radio Licence,HYO
M0HYQ,Available,Amateur Full Radio Licence,HYQ
M0HYS,Available,Amateur Full Radio Licence,HYS
M0HYU,Available,Amateur Full Radio Licence,HYU
M0HYV,Available,Amateur Full Radio Licence,HYV
M0HYW,Available,Amateur Full Radio Licence,HYW
M0HYX,Available,Amateur Full Radio Licence,HYX
M0HYY,Available,Amateur Full Radio Licence,HYY
M0HYZ,Available,Amateur Full Radio Licence,HYZ
M0HZA,Available,Amateur Full Radio Licence,HZA
M0HZB,Available,Amateur Full Radio Licence,HZB
M0HZC,Available,Amateur Full Radio Licence,HZC
M0HZD,Available,Amateur Full Radio Licence,HZD
M0HZE,Available,Amateur Full Radio Licence,HZE
M0HZF,Available,Amateur Full Radio Licence,HZF
M0HZG,Available,Amateur Full Radio Licence,HZG
M0HZH,Available,Amateur Full Radio Licence,HZH
M0HZI,Available,Amateur Full Radio Licence,HZI
M0HZJ,Available,Amateur Full Radio Licence,HZJ
M0HZK,Available,Amateur Full Radio Licence,HZK
M0HZM,Available,Amateur Full Radio Licence,HZM
M0HZN,Available,Amateur Full Radio Licence,HZN
M0HZO,Available,Amateur Full Radio Licence,HZO
M0HZP,Available,Amateur Full Radio Licence,HZP
M0HZQ,Available,Amateur Full Radio Licence,HZQ
M0HZR,Available,Amateur Full Radio Licence,HZR
M0HZU,Available,Amateur Full Radio Licence,HZU
M0HZV,Available,Amateur Full Radio Licence,HZV
M0HZW,Available,Amateur Full Radio Licence,HZW
M0HZX,Available,Amateur Full Radio Licence,HZX
M0HZY,Available,Amateur Full Radio Licence,HZY
M0HZZ,Available,Amateur Full Radio Licence,HZZ
M0IAO,Available,Amateur Full Radio Licence,IAO
M0IAQ,Available,Amateur Full Radio Licence,IAQ
M0IAU,Available,Amateur Full Radio Licence,IAU
M0IAV,Available,Amateur Full Radio Licence,IAV
M0IAW,Available,Amateur Full Radio Licence,IAW
M0IAX,Available,Amateur Full Radio Licence,IAX
M0IAY,Available,Amateur Full Radio Licence,IAY
M0IAZ,Available,Amateur Full Radio Licence,IAZ
M0IBB,Available,Amateur Full Radio Licence,IBB
M0IBD,Available,Amateur Full Radio Licence,IBD
M0IBF,Available,Amateur Full Radio Licence,IBF
M0IBG,Available,Amateur Full Radio Licence,IBG
M0IBH,Available,Amateur Full Radio Licence,IBH
M0IBI,Available,Amateur Full Radio Licence,IBI
M0IBJ,Available,Amateur Full Radio Licence,IBJ
M0IBK,Available,Amateur Full Radio Licence,IBK
M0IBN,Available,Amateur Full Radio Licence,IBN
M0IBO,Available,Amateur Full Radio Licence,IBO
M0IBP,Available,Amateur Full Radio Licence,IBP
M0IBQ,Available,Amateur Full Radio Licence,IBQ
M0IBR,Available,Amateur Full Radio Licence,IBR
M0IBS,Available,Amateur Full Radio Licence,IBS
M0IBT,Available,Amateur Full Radio Licence,IBT
M0IBU,Available,Amateur Full Radio Licence,IBU
M0IBV,Available,Amateur Full Radio Licence,IBV
M0IBW,Available,Amateur Full Radio Licence,IBW
M0IBX,Available,Amateur Full Radio Licence,IBX
M0IBY,Available,Amateur Full Radio Licence,IBY
M0ICF,Available,Amateur Full Radio Licence,ICF
M0ICG,Available,Amateur Full Radio Licence,ICG
M0ICH,Available,Amateur Full Radio Licence,ICH
M0ICI,Available,Amateur Full Radio Licence,ICI
M0ICL,Available,Amateur Full Radio Licence,ICL
M0ICN,Available,Amateur Full Radio Licence,ICN
M0ICV,Available,Amateur Full Radio Licence,ICV
M0ICX,Available,Amateur Full Radio Licence,ICX
M0ICZ,Available,Amateur Full Radio Licence,ICZ
M0IDA,Available,Amateur Full Radio Licence,IDA
M0IDC,Available,Amateur Full Radio Licence,IDC
M0IDE,Available,Amateur Full Radio Licence,IDE
M0IDF,Available,Amateur Full Radio Licence,IDF
M0IDH,Available,Amateur Full Radio Licence,IDH
M0IDJ,Available,Amateur Full Radio Licence,IDJ
M0IDK,Available,Amateur Full Radio Licence,IDK
M0IDN,Available,Amateur Full Radio Licence,IDN
M0IDO,Available,Amateur Full Radio Licence,IDO
M0IDP,Available,Amateur Full Radio Licence,IDP
M0IDQ,Available,Amateur Full Radio Licence,IDQ
M0IDS,Available,Amateur Full Radio Licence,IDS
M0IDV,Available,Amateur Full Radio Licence,IDV
M0IDW,Available,Amateur Full Radio Licence,IDW
M0IDY,Available,Amateur Full Radio Licence,IDY
M0IDZ,Available,Amateur Full Radio Licence,IDZ
M0IEA,Available,Amateur Full Radio Licence,IEA
M0IEB,Available,Amateur Full Radio Licence,IEB
M0IEC,Available,Amateur Full Radio Licence,IEC
M0IEF,Available,Amateur Full Radio Licence,IEF
M0IEG,Available,Amateur Full Radio Licence,IEG
M0IEH,Available,Amateur Full Radio Licence,IEH
M0IEK,Available,Amateur Full Radio Licence,IEK
M0IEL,Available,Amateur Full Radio Licence,IEL
M0IEM,Available,Amateur Full Radio Licence,IEM
M0IEP,Available,Amateur Full Radio Licence,IEP
M0IEQ,Available,Amateur Full Radio Licence,IEQ
M0IER,Available,Amateur Full Radio Licence,IER
M0IES,Available,Amateur Full Radio Licence,IES
M0IEU,Available,Amateur Full Radio Licence,IEU
M0IEV,Available,Amateur Full Radio Licence,IEV
M0IEW,Available,Amateur Full Radio Licence,IEW
M0IEX,Available,Amateur Full Radio Licence,IEX
M0IEY,Available,Amateur Full Radio Licence,IEY
M0IEZ,Available,Amateur Full Radio Licence,IEZ
M0IFA,Available,Amateur Full Radio Licence,IFA
M0IFB,Available,Amateur Full Radio Licence,IFB
M0IFC,Available,Amateur Full Radio Licence,IFC
M0IFD,Available,Amateur Full Radio Licence,IFD
M0IFE,Available,Amateur Full Radio Licence,IFE
M0IFG,Available,Amateur Full Radio Licence,IFG
M0IFI,Available,Amateur Full Radio Licence,IFI
M0IFJ,Available,Amateur Full Radio Licence,IFJ
M0IFK,Available,Amateur Full Radio Licence,IFK
M0IFM,Available,Amateur Full Radio Licence,IFM
M0IFN,Available,Amateur Full Radio Licence,IFN
M0IFO,Available,Amateur Full Radio Licence,IFO
M0IFP,Available,Amateur Full Radio Licence,IFP
M0IFQ,Available,Amateur Full Radio Licence,IFQ
M0IFS,Available,Amateur Full Radio Licence,IFS
M0IFT,Available,Amateur Full Radio Licence,IFT
M0IFU,Available,Amateur Full Radio Licence,IFU
M0IFV,Available,Amateur Full Radio Licence,IFV
M0IFW,Available,Amateur Full Radio Licence,IFW
M0IFX,Available,Amateur Full Radio Licence,IFX
M0IFY,Available,Amateur Full Radio Licence,IFY
M0IFZ,Available,Amateur Full Radio Licence,IFZ
M0IGA,Available,Amateur Full Radio Licence,IGA
M0IGC,Available,Amateur Full Radio Licence,IGC
M0IGE,Available,Amateur Full Radio Licence,IGE
M0IGF,Available,Amateur Full Radio Licence,IGF
M0IGH,Available,Amateur Full Radio Licence,IGH
M0IGI,Available,Amateur Full Radio Licence,IGI
M0IGJ,Available,Amateur Full Radio Licence,IGJ
M0IGK,Available,Amateur Full Radio Licence,IGK
M0IGL,Available,Amateur Full Radio Licence,IGL
M0IGM,Available,Amateur Full Radio Licence,IGM
M0IGN,Available,Amateur Full Radio Licence,IGN
M0IGO,Available,Amateur Full Radio Licence,IGO
M0IGP,Available,Amateur Full Radio Licence,IGP
M0IGQ,Available,Amateur Full Radio Licence,IGQ
M0IGT,Available,Amateur Full Radio Licence,IGT
M0IGU,Available,Amateur Full Radio Licence,IGU
M0IGV,Available,Amateur Full Radio Licence,IGV
M0IGW,Available,Amateur Full Radio Licence,IGW
M0IGX,Available,Amateur Full Radio Licence,IGX
M0IGZ,Available,Amateur Full Radio Licence,IGZ
M0IHA,Available,Amateur Full Radio Licence,IHA
M0IHB,Available,Amateur Full Radio Licence,IHB
M0IHC,Available,Amateur Full Radio Licence,IHC
M0IHE,Available,Amateur Full Radio Licence,IHE
M0IHF,Available,Amateur Full Radio Licence,IHF
M0IHG,Available,Amateur Full Radio Licence,IHG
M0IHH,Available,Amateur Full Radio Licence,IHH
M0IHI,Available,Amateur Full Radio Licence,IHI
M0IHJ,Available,Amateur Full Radio Licence,IHJ
M0IHK,Available,Amateur Full Radio Licence,IHK
M0IHN,Available,Amateur Full Radio Licence,IHN
M0IHP,Available,Amateur Full Radio Licence,IHP
M0IHQ,Available,Amateur Full Radio Licence,IHQ
M0IHR,Available,Amateur Full Radio Licence,IHR
M0IHS,Available,Amateur Full Radio Licence,IHS
M0IHT,Available,Amateur Full Radio Licence,IHT
M0IHU,Available,Amateur Full Radio Licence,IHU
M0IHV,Available,Amateur Full Radio Licence,IHV
M0IHW,Available,Amateur Full Radio Licence,IHW
M0IHX,Available,Amateur Full Radio Licence,IHX
M0IHY,Available,Amateur Full Radio Licence,IHY
M0IIA,Available,Amateur Full Radio Licence,IIA
M0IIB,Available,Amateur Full Radio Licence,IIB
M0IID,Available,Amateur Full Radio Licence,IID
M0IIF,Available,Amateur Full Radio Licence,IIF
M0IIH,Available,Amateur Full Radio Licence,IIH
M0IIJ,Available,Amateur Full Radio Licence,IIJ
M0IIK,Available,Amateur Full Radio Licence,IIK
M0IIL,Available,Amateur Full Radio Licence,IIL
M0IIN,Available,Amateur Full Radio Licence,IIN
M0IIO,Available,Amateur Full Radio Licence,IIO
M0IIP,Available,Amateur Full Radio Licence,IIP
M0IIQ,Available,Amateur Full Radio Licence,IIQ
M0IIS,Available,Amateur Full Radio Licence,IIS
M0IIT,Available,Amateur Full Radio Licence,IIT
M0IIU,Available,Amateur Full Radio Licence,IIU
M0IIV,Available,Amateur Full Radio Licence,IIV
M0IIW,Available,Amateur Full Radio Licence,IIW
M0IIX,Available,Amateur Full Radio Licence,IIX
M0IIY,Available,Amateur Full Radio Licence,IIY
M0IIZ,Available,Amateur Full Radio Licence,IIZ
M0IJA,Available,Amateur Full Radio Licence,IJA
M0IJB,Available,Amateur Full Radio Licence,IJB
M0IJC,Available,Amateur Full Radio Licence,IJC
M0IJD,Available,Amateur Full Radio Licence,IJD
M0IJE,Available,Amateur Full Radio Licence,IJE
M0IJF,Available,Amateur Full Radio Licence,IJF
M0IJG,Available,Amateur Full Radio Licence,IJG
M0IJH,Available,Amateur Full Radio Licence,IJH
M0IJI,Available,Amateur Full Radio Licence,IJI
M0IJJ,Available,Amateur Full Radio Licence,IJJ
M0IJK,Available,Amateur Full Radio Licence,IJK
M0IJL,Available,Amateur Full Radio Licence,IJL
M0IJN,Available,Amateur Full Radio Licence,IJN
M0IJO,Available,Amateur Full Radio Licence,IJO
M0IJP,Available,Amateur Full Radio Licence,IJP
M0IJQ,Available,Amateur Full Radio Licence,IJQ
M0IJR,Available,Amateur Full Radio Licence,IJR
M0IJT,Available,Amateur Full Radio Licence,IJT
M0IJU,Available,Amateur Full Radio Licence,IJU
M0IJV,Available,Amateur Full Radio Licence,IJV
M0IJW,Available,Amateur Full Radio Licence,IJW
M0IJX,Available,Amateur Full Radio Licence,IJX
M0IJY,Available,Amateur Full Radio Licence,IJY
M0IKA,Available,Amateur Full Radio Licence,IKA
M0IKC,Available,Amateur Full Radio Licence,IKC
M0IKG,Available,Amateur Full Radio Licence,IKG
M0IKH,Available,Amateur Full Radio Licence,IKH
M0IKI,Available,Amateur Full Radio Licence,IKI
M0IKJ,Available,Amateur Full Radio Licence,IKJ
M0IKN,Available,Amateur Full Radio Licence,IKN
M0IKO,Available,Amateur Full Radio Licence,IKO
M0IKP,Available,Amateur Full Radio Licence,IKP
M0IKR,Available,Amateur Full Radio Licence,IKR
M0IKS,Available,Amateur Full Radio Licence,IKS
M0IKT,Available,Amateur Full Radio Licence,IKT
M0IKU,Available,Amateur Full Radio Licence,IKU
M0IKV,Available,Amateur Full Radio Licence,IKV
M0IKX,Available,Amateur Full Radio Licence,IKX
M0IKY,Available,Amateur Full Radio Licence,IKY
M0IKZ,Available,Amateur Full Radio Licence,IKZ
M0ILA,Available,Amateur Full Radio Licence,ILA
M0ILC,Available,Amateur Full Radio Licence,ILC
M0ILD,Available,Amateur Full Radio Licence,ILD
M0ILE,Available,Amateur Full Radio Licence,ILE
M0ILF,Available,Amateur Full Radio Licence,ILF
M0ILG,Available,Amateur Full Radio Licence,ILG
M0ILH,Available,Amateur Full Radio Licence,ILH
M0ILI,Available,Amateur Full Radio Licence,ILI
M0ILK,Available,Amateur Full Radio Licence,ILK
M0ILL,Available,Amateur Full Radio Licence,ILL
M0ILO,Available,Amateur Full Radio Licence,ILO
M0ILP,Available,Amateur Full Radio Licence,ILP
M0ILQ,Available,Amateur Full Radio Licence,ILQ
M0ILR,Available,Amateur Full Radio Licence,ILR
M0ILU,Available,Amateur Full Radio Licence,ILU
M0ILV,Available,Amateur Full Radio Licence,ILV
M0ILW,Available,Amateur Full Radio Licence,ILW
M0ILX,Available,Amateur Full Radio Licence,ILX
M0ILY,Available,Amateur Full Radio Licence,ILY
M0ILZ,Available,Amateur Full Radio Licence,ILZ
M0IMB,Available,Amateur Full Radio Licence,IMB
M0IMF,Available,Amateur Full Radio Licence,IMF
M0IMG,Available,Amateur Full Radio Licence,IMG
M0IMH,Available,Amateur Full Radio Licence,IMH
M0IMK,Available,Amateur Full Radio Licence,IMK
M0IMN,Available,Amateur Full Radio Licence,IMN
M0IMO,Available,Amateur Full Radio Licence,IMO
M0IMQ,Available,Amateur Full Radio Licence,IMQ
M0IMS,Available,Amateur Full Radio Licence,IMS
M0IMU,Available,Amateur Full Radio Licence,IMU
M0IMV,Available,Amateur Full Radio Licence,IMV
M0IMX,Available,Amateur Full Radio Licence,IMX
M0IMY,Available,Amateur Full Radio Licence,IMY
M0IMZ,Available,Amateur Full Radio Licence,IMZ
M0INA,Available,Amateur Full Radio Licence,INA
M0INC,Available,Amateur Full Radio Licence,INC
M0INE,Available,Amateur Full Radio Licence,INE
M0ING,Available,Amateur Full Radio Licence,ING
M0INH,Available,Amateur Full Radio Licence,INH
M0INJ,Available,Amateur Full Radio Licence,INJ
M0INL,Available,Amateur Full Radio Licence,INL
M0INM,Available,Amateur Full Radio Licence,INM
M0INN,Available,Amateur Full Radio Licence,INN
M0INO,Available,Amateur Full Radio Licence,INO
M0INQ,Available,Amateur Full Radio Licence,INQ
M0INR,Available,Amateur Full Radio Licence,INR
M0INU,Available,Amateur Full Radio Licence,INU
M0INW,Available,Amateur Full Radio Licence,INW
M0INX,Available,Amateur Full Radio Licence,INX
M0INZ,Available,Amateur Full Radio Licence,INZ
M0IOA,Available,Amateur Full Radio Licence,IOA
M0IOE,Available,Amateur Full Radio Licence,IOE
M0IOF,Available,Amateur Full Radio Licence,IOF
M0IOG,Available,Amateur Full Radio Licence,IOG
M0IOH,Available,Amateur Full Radio Licence,IOH
M0IOJ,Available,Amateur Full Radio Licence,IOJ
M0IOO,Available,Amateur Full Radio Licence,IOO
M0IOP,Available,Amateur Full Radio Licence,IOP
M0IOQ,Available,Amateur Full Radio Licence,IOQ
M0IOS,Available,Amateur Full Radio Licence,IOS
M0IOV,Available,Amateur Full Radio Licence,IOV
M0IOX,Available,Amateur Full Radio Licence,IOX
M0IOZ,Available,Amateur Full Radio Licence,IOZ
M0IPB,Available,Amateur Full Radio Licence,IPB
M0IPE,Available,Amateur Full Radio Licence,IPE
M0IPF,Available,Amateur Full Radio Licence,IPF
M0IPG,Available,Amateur Full Radio Licence,IPG
M0IPH,Available,Amateur Full Radio Licence,IPH
M0IPI,Available,Amateur Full Radio Licence,IPI
M0IPJ,Available,Amateur Full Radio Licence,IPJ
M0IPK,Available,Amateur Full Radio Licence,IPK
M0IPL,Available,Amateur Full Radio Licence,IPL
M0IPM,Available,Amateur Full Radio Licence,IPM
M0IPN,Available,Amateur Full Radio Licence,IPN
M0IPO,Available,Amateur Full Radio Licence,IPO
M0IPP,Available,Amateur Full Radio Licence,IPP
M0IPQ,Available,Amateur Full Radio Licence,IPQ
M0IPT,Available,Amateur Full Radio Licence,IPT
M0IPV,Available,Amateur Full Radio Licence,IPV
M0IPW,Available,Amateur Full Radio Licence,IPW
M0IPY,Available,Amateur Full Radio Licence,IPY
M0IPZ,Available,Amateur Full Radio Licence,IPZ
M0IQA,Available,Amateur Full Radio Licence,IQA
M0IQC,Available,Amateur Full Radio Licence,IQC
M0IQD,Available,Amateur Full Radio Licence,IQD
M0IQE,Available,Amateur Full Radio Licence,IQE
M0IQF,Available,Amateur Full Radio Licence,IQF
M0IQG,Available,Amateur Full Radio Licence,IQG
M0IQH,Available,Amateur Full Radio Licence,IQH
M0IQI,Available,Amateur Full Radio Licence,IQI
M0IQJ,Available,Amateur Full Radio Licence,IQJ
M0IQK,Available,Amateur Full Radio Licence,IQK
M0IQL,Available,Amateur Full Radio Licence,IQL
M0IQM,Available,Amateur Full Radio Licence,IQM
M0IQN,Available,Amateur Full Radio Licence,IQN
M0IQO,Available,Amateur Full Radio Licence,IQO
M0IQP,Available,Amateur Full Radio Licence,IQP
M0IQQ,Available,Amateur Full Radio Licence,IQQ
M0IQR,Available,Amateur Full Radio Licence,IQR
M0IQS,Available,Amateur Full Radio Licence,IQS
M0IQT,Available,Amateur Full Radio Licence,IQT
M0IQU,Available,Amateur Full Radio Licence,IQU
M0IQV,Available,Amateur Full Radio Licence,IQV
M0IQW,Available,Amateur Full Radio Licence,IQW
M0IQY,Available,Amateur Full Radio Licence,IQY
M0IQZ,Available,Amateur Full Radio Licence,IQZ
M0IRB,Available,Amateur Full Radio Licence,IRB
M0IRF,Available,Amateur Full Radio Licence,IRF
M0IRG,Available,Amateur Full Radio Licence,IRG
M0IRH,Available,Amateur Full Radio Licence,IRH
M0IRO,Available,Amateur Full Radio Licence,IRO
M0IRR,Available,Amateur Full Radio Licence,IRR
M0IRS,Available,Amateur Full Radio Licence,IRS
M0IRU,Available,Amateur Full Radio Licence,IRU
M0IRV,Available,Amateur Full Radio Licence,IRV
M0IRW,Available,Amateur Full Radio Licence,IRW
M0IRX,Available,Amateur Full Radio Licence,IRX
M0IRY,Available,Amateur Full Radio Licence,IRY
M0ISA,Available,Amateur Full Radio Licence,ISA
M0ISB,Available,Amateur Full Radio Licence,ISB
M0ISC,Available,Amateur Full Radio Licence,ISC
M0ISE,Available,Amateur Full Radio Licence,ISE
M0ISG,Available,Amateur Full Radio Licence,ISG
M0ISH,Available,Amateur Full Radio Licence,ISH
M0ISI,Available,Amateur Full Radio Licence,ISI
M0ISJ,Available,Amateur Full Radio Licence,ISJ
M0ISK,Available,Amateur Full Radio Licence,ISK
M0ISR,Available,Amateur Full Radio Licence,ISR
M0ISU,Available,Amateur Full Radio Licence,ISU
M0ISV,Available,Amateur Full Radio Licence,ISV
M0ISX,Available,Amateur Full Radio Licence,ISX
M0ISY,Available,Amateur Full Radio Licence,ISY
M0ISZ,Available,Amateur Full Radio Licence,ISZ
M0ITB,Available,Amateur Full Radio Licence,ITB
M0ITD,Available,Amateur Full Radio Licence,ITD
M0ITG,Available,Amateur Full Radio Licence,ITG
M0ITJ,Available,Amateur Full Radio Licence,ITJ
M0ITK,Available,Amateur Full Radio Licence,ITK
M0ITL,Available,Amateur Full Radio Licence,ITL
M0ITN,Available,Amateur Full Radio Licence,ITN
M0ITO,Available,Amateur Full Radio Licence,ITO
M0ITP,Available,Amateur Full Radio Licence,ITP
M0ITQ,Available,Amateur Full Radio Licence,ITQ
M0ITR,Available,Amateur Full Radio Licence,ITR
M0ITS,Available,Amateur Full Radio Licence,ITS
M0ITT,Available,Amateur Full Radio Licence,ITT
M0ITZ,Available,Amateur Full Radio Licence,ITZ
M0IUA,Available,Amateur Full Radio Licence,IUA
M0IUB,Available,Amateur Full Radio Licence,IUB
M0IUC,Available,Amateur Full Radio Licence,IUC
M0IUE,Available,Amateur Full Radio Licence,IUE
M0IUF,Available,Amateur Full Radio Licence,IUF
M0IUG,Available,Amateur Full Radio Licence,IUG
M0IUH,Available,Amateur Full Radio Licence,IUH
M0IUI,Available,Amateur Full Radio Licence,IUI
M0IUJ,Available,Amateur Full Radio Licence,IUJ
M0IUL,Available,Amateur Full Radio Licence,IUL
M0IUN,Available,Amateur Full Radio Licence,IUN
M0IUO,Available,Amateur Full Radio Licence,IUO
M0IUP,Available,Amateur Full Radio Licence,IUP
M0IUQ,Available,Amateur Full Radio Licence,IUQ
M0IUR,Available,Amateur Full Radio Licence,IUR
M0IUS,Available,Amateur Full Radio Licence,IUS
M0IUT,Available,Amateur Full Radio Licence,IUT
M0IUU,Available,Amateur Full Radio Licence,IUU
M0IUV,Available,Amateur Full Radio Licence,IUV
M0IUW,Available,Amateur Full Radio Licence,IUW
M0IUX,Available,Amateur Full Radio Licence,IUX
M0IUY,Available,Amateur Full Radio Licence,IUY
M0IUZ,Available,Amateur Full Radio Licence,IUZ
M0IVA,Available,Amateur Full Radio Licence,IVA
M0IVB,Available,Amateur Full Radio Licence,IVB
M0IVC,Available,Amateur Full Radio Licence,IVC
M0IVD,Available,Amateur Full Radio Licence,IVD
M0IVG,Available,Amateur Full Radio Licence,IVG
M0IVH,Available,Amateur Full Radio Licence,IVH
M0IVI,Available,Amateur Full Radio Licence,IVI
M0IVJ,Available,Amateur Full Radio Licence,IVJ
M0IVK,Available,Amateur Full Radio Licence,IVK
M0IVL,Available,Amateur Full Radio Licence,IVL
M0IVM,Available,Amateur Full Radio Licence,IVM
M0IVN,Available,Amateur Full Radio Licence,IVN
M0IVP,Available,Amateur Full Radio Licence,IVP
M0IVR,Available,Amateur Full Radio Licence,IVR
M0IVS,Available,Amateur Full Radio Licence,IVS
M0IVT,Available,Amateur Full Radio Licence,IVT
M0IVU,Available,Amateur Full Radio Licence,IVU
M0IVV,Available,Amateur Full Radio Licence,IVV
M0IVX,Available,Amateur Full Radio Licence,IVX
M0IVY,Available,Amateur Full Radio Licence,IVY
M0IVZ,Available,Amateur Full Radio Licence,IVZ
M0IWB,Available,Amateur Full Radio Licence,IWB
M0IWE,Available,Amateur Full Radio Licence,IWE
M0IWG,Available,Amateur Full Radio Licence,IWG
M0IWI,Available,Amateur Full Radio Licence,IWI
M0IWJ,Available,Amateur Full Radio Licence,IWJ
M0IWK,Available,Amateur Full Radio Licence,IWK
M0IWL,Available,Amateur Full Radio Licence,IWL
M0IWM,Available,Amateur Full Radio Licence,IWM
M0IWN,Available,Amateur Full Radio Licence,IWN
M0IWO,Available,Amateur Full Radio Licence,IWO
M0IWP,Available,Amateur Full Radio Licence,IWP
M0IWQ,Available,Amateur Full Radio Licence,IWQ
M0IWR,Available,Amateur Full Radio Licence,IWR
M0IWS,Available,Amateur Full Radio Licence,IWS
M0IWT,Available,Amateur Full Radio Licence,IWT
M0IWU,Available,Amateur Full Radio Licence,IWU
M0IWV,Available,Amateur Full Radio Licence,IWV
M0IWW,Available,Amateur Full Radio Licence,IWW
M0IWX,Available,Amateur Full Radio Licence,IWX
M0IWY,Available,Amateur Full Radio Licence,IWY
M0IWZ,Available,Amateur Full Radio Licence,IWZ
M0IXC,Available,Amateur Full Radio Licence,IXC
M0IXE,Available,Amateur Full Radio Licence,IXE
M0IXF,Available,Amateur Full Radio Licence,IXF
M0IXG,Available,Amateur Full Radio Licence,IXG
M0IXH,Available,Amateur Full Radio Licence,IXH
M0IXI,Available,Amateur Full Radio Licence,IXI
M0IXJ,Available,Amateur Full Radio Licence,IXJ
M0IXK,Available,Amateur Full Radio Licence,IXK
M0IXL,Available,Amateur Full Radio Licence,IXL
M0IXM,Available,Amateur Full Radio Licence,IXM
M0IXN,Available,Amateur Full Radio Licence,IXN
M0IXO,Available,Amateur Full Radio Licence,IXO
M0IXP,Available,Amateur Full Radio Licence,IXP
M0IXQ,Available,Amateur Full Radio Licence,IXQ
M0IXR,Available,Amateur Full Radio Licence,IXR
M0IXS,Available,Amateur Full Radio Licence,IXS
M0IXT,Available,Amateur Full Radio Licence,IXT
M0IXU,Available,Amateur Full Radio Licence,IXU
M0IXV,Available,Amateur Full Radio Licence,IXV
M0IXW,Available,Amateur Full Radio Licence,IXW
M0IXX,Available,Amateur Full Radio Licence,IXX
M0IXY,Available,Amateur Full Radio Licence,IXY
M0IXZ,Available,Amateur Full Radio Licence,IXZ
M0IYA,Available,Amateur Full Radio Licence,IYA
M0IYB,Available,Amateur Full Radio Licence,IYB
M0IYC,Available,Amateur Full Radio Licence,IYC
M0IYD,Available,Amateur Full Radio Licence,IYD
M0IYE,Available,Amateur Full Radio Licence,IYE
M0IYF,Available,Amateur Full Radio Licence,IYF
M0IYG,Available,Amateur Full Radio Licence,IYG
M0IYH,Available,Amateur Full Radio Licence,IYH
M0IYI,Available,Amateur Full Radio Licence,IYI
M0IYJ,Available,Amateur Full Radio Licence,IYJ
M0IYK,Available,Amateur Full Radio Licence,IYK
M0IYL,Available,Amateur Full Radio Licence,IYL
M0IYM,Available,Amateur Full Radio Licence,IYM
M0IYN,Available,Amateur Full Radio Licence,IYN
M0IYO,Available,Amateur Full Radio Licence,IYO
M0IYP,Available,Amateur Full Radio Licence,IYP
M0IYQ,Available,Amateur Full Radio Licence,IYQ
M0IYR,Available,Amateur Full Radio Licence,IYR
M0IYS,Available,Amateur Full Radio Licence,IYS
M0IYT,Available,Amateur Full Radio Licence,IYT
M0IYU,Available,Amateur Full Radio Licence,IYU
M0IYV,Available,Amateur Full Radio Licence,IYV
M0IYW,Available,Amateur Full Radio Licence,IYW
M0IYX,Available,Amateur Full Radio Licence,IYX
M0IYY,Available,Amateur Full Radio Licence,IYY
M0IYZ,Available,Amateur Full Radio Licence,IYZ
M0IZA,Available,Amateur Full Radio Licence,IZA
M0IZB,Available,Amateur Full Radio Licence,IZB
M0IZC,Available,Amateur Full Radio Licence,IZC
M0IZD,Available,Amateur Full Radio Licence,IZD
M0IZE,Available,Amateur Full Radio Licence,IZE
M0IZF,Available,Amateur Full Radio Licence,IZF
M0IZG,Available,Amateur Full Radio Licence,IZG
M0IZH,Available,Amateur Full Radio Licence,IZH
M0IZI,Available,Amateur Full Radio Licence,IZI
M0IZJ,Available,Amateur Full Radio Licence,IZJ
M0IZK,Available,Amateur Full Radio Licence,IZK
M0IZL,Available,Amateur Full Radio Licence,IZL
M0IZM,Available,Amateur Full Radio Licence,IZM
M0IZN,Available,Amateur Full Radio Licence,IZN
M0IZO,Available,Amateur Full Radio Licence,IZO
M0IZP,Available,Amateur Full Radio Licence,IZP
M0IZQ,Available,Amateur Full Radio Licence,IZQ
M0IZR,Available,Amateur Full Radio Licence,IZR
M0IZT,Available,Amateur Full Radio Licence,IZT
M0IZU,Available,Amateur Full Radio Licence,IZU
M0IZV,Available,Amateur Full Radio Licence,IZV
M0IZW,Available,Amateur Full Radio Licence,IZW
M0IZX,Available,Amateur Full Radio Licence,IZX
M0IZY,Available,Amateur Full Radio Licence,IZY
M0IZZ,Available,Amateur Full Radio Licence,IZZ
M0JAI,Available,Amateur Full Radio Licence,JAI
M0JAU,Available,Amateur Full Radio Licence,JAU
M0JBG,Available,Amateur Full Radio Licence,JBG
M0JBH,Available,Amateur Full Radio Licence,JBH
M0JBL,Available,Amateur Full Radio Licence,JBL
M0JBM,Available,Amateur Full Radio Licence,JBM
M0JBN,Available,Amateur Full Radio Licence,JBN
M0JBO,Available,Amateur Full Radio Licence,JBO
M0JBQ,Available,Amateur Full Radio Licence,JBQ
M0JBR,Available,Amateur Full Radio Licence,JBR
M0JBU,Available,Amateur Full Radio Licence,JBU
M0JBV,Available,Amateur Full Radio Licence,JBV
M0JBY,Available,Amateur Full Radio Licence,JBY
M0JCF,Available,Amateur Full Radio Licence,JCF
M0JCG,Available,Amateur Full Radio Licence,JCG
M0JCJ,Available,Amateur Full Radio Licence,JCJ
M0JCK,Available,Amateur Full Radio Licence,JCK
M0JCN,Available,Amateur Full Radio Licence,JCN
M0JCO,Available,Amateur Full Radio Licence,JCO
M0JCP,Available,Amateur Full Radio Licence,JCP
M0JCV,Available,Amateur Full Radio Licence,JCV
M0JCX,Available,Amateur Full Radio Licence,JCX
M0JCY,Available,Amateur Full Radio Licence,JCY
M0JDF,Available,Amateur Full Radio Licence,JDF
M0JDG,Available,Amateur Full Radio Licence,JDG
M0JDI,Available,Amateur Full Radio Licence,JDI
M0JDJ,Available,Amateur Full Radio Licence,JDJ
M0JDN,Available,Amateur Full Radio Licence,JDN
M0JDQ,Available,Amateur Full Radio Licence,JDQ
M0JDT,Available,Amateur Full Radio Licence,JDT
M0JDU,Available,Amateur Full Radio Licence,JDU
M0JDV,Available,Amateur Full Radio Licence,JDV
M0JDY,Available,Amateur Full Radio Licence,JDY
M0JDZ,Available,Amateur Full Radio Licence,JDZ
M0JEA,Available,Amateur Full Radio Licence,JEA
M0JEG,Available,Amateur Full Radio Licence,JEG
M0JEH,Available,Amateur Full Radio Licence,JEH
M0JEI,Available,Amateur Full Radio Licence,JEI
M0JEJ,Available,Amateur Full Radio Licence,JEJ
M0JEO,Available,Amateur Full Radio Licence,JEO
M0JEQ,Available,Amateur Full Radio Licence,JEQ
M0JEU,Available,Amateur Full Radio Licence,JEU
M0JEV,Available,Amateur Full Radio Licence,JEV
M0JEX,Available,Amateur Full Radio Licence,JEX
M0JEY,Available,Amateur Full Radio Licence,JEY
M0JFA,Available,Amateur Full Radio Licence,JFA
M0JFF,Available,Amateur Full Radio Licence,JFF
M0JFG,Available,Amateur Full Radio Licence,JFG
M0JFH,Available,Amateur Full Radio Licence,JFH
M0JFI,Available,Amateur Full Radio Licence,JFI
M0JFJ,Available,Amateur Full Radio Licence,JFJ
M0JFL,Available,Amateur Full Radio Licence,JFL
M0JFM,Available,Amateur Full Radio Licence,JFM
M0JFN,Available,Amateur Full Radio Licence,JFN
M0JFO,Available,Amateur Full Radio Licence,JFO
M0JFP,Available,Amateur Full Radio Licence,JFP
M0JFQ,Available,Amateur Full Radio Licence,JFQ
M0JFR,Available,Amateur Full Radio Licence,JFR
M0JFT,Available,Amateur Full Radio Licence,JFT
M0JFU,Available,Amateur Full Radio Licence,JFU
M0JFV,Available,Amateur Full Radio Licence,JFV
M0JFX,Available,Amateur Full Radio Licence,JFX
M0JFY,Available,Amateur Full Radio Licence,JFY
M0JGA,Available,Amateur Full Radio Licence,JGA
M0JGC,Available,Amateur Full Radio Licence,JGC
M0JGF,Available,Amateur Full Radio Licence,JGF
M0JGI,Available,Amateur Full Radio Licence,JGI
M0JGJ,Available,Amateur Full Radio Licence,JGJ
M0JGK,Available,Amateur Full Radio Licence,JGK
M0JGL,Available,Amateur Full Radio Licence,JGL
M0JGN,Available,Amateur Full Radio Licence,JGN
M0JGO,Available,Amateur Full Radio Licence,JGO
M0JGQ,Available,Amateur Full Radio Licence,JGQ
M0JGT,Available,Amateur Full Radio Licence,JGT
M0JGU,Available,Amateur Full Radio Licence,JGU
M0JGV,Available,Amateur Full Radio Licence,JGV
M0JGW,Available,Amateur Full Radio Licence,JGW
M0JGY,Available,Amateur Full Radio Licence,JGY
M0JGZ,Available,Amateur Full Radio Licence,JGZ
M0JHF,Available,Amateur Full Radio Licence,JHF
M0JHH,Available,Amateur Full Radio Licence,JHH
M0JHI,Available,Amateur Full Radio Licence,JHI
M0JHJ,Available,Amateur Full Radio Licence,JHJ
M0JHK,Available,Amateur Full Radio Licence,JHK
M0JHO,Available,Amateur Full Radio Licence,JHO
M0JHQ,Available,Amateur Full Radio Licence,JHQ
M0JHS,Available,Amateur Full Radio Licence,JHS
M0JHU,Available,Amateur Full Radio Licence,JHU
M0JHV,Available,Amateur Full Radio Licence,JHV
M0JHX,Available,Amateur Full Radio Licence,JHX
M0JHY,Available,Amateur Full Radio Licence,JHY
M0JHZ,Available,Amateur Full Radio Licence,JHZ
M0JIA,Available,Amateur Full Radio Licence,JIA
M0JIC,Available,Amateur Full Radio Licence,JIC
M0JID,Available,Amateur Full Radio Licence,JID
M0JIE,Available,Amateur Full Radio Licence,JIE
M0JIF,Available,Amateur Full Radio Licence,JIF
M0JIH,Available,Amateur Full Radio Licence,JIH
M0JII,Available,Amateur Full Radio Licence,JII
M0JIJ,Available,Amateur Full Radio Licence,JIJ
M0JIK,Available,Amateur Full Radio Licence,JIK
M0JIO,Available,Amateur Full Radio Licence,JIO
M0JIP,Available,Amateur Full Radio Licence,JIP
M0JIQ,Available,Amateur Full Radio Licence,JIQ
M0JIR,Available,Amateur Full Radio Licence,JIR
M0JIS,Available,Amateur Full Radio Licence,JIS
M0JIT,Available,Amateur Full Radio Licence,JIT
M0JIV,Available,Amateur Full Radio Licence,JIV
M0JIW,Available,Amateur Full Radio Licence,JIW
M0JIX,Available,Amateur Full Radio Licence,JIX
M0JIZ,Available,Amateur Full Radio Licence,JIZ
M0JJF,Available,Amateur Full Radio Licence,JJF
M0JJG,Available,Amateur Full Radio Licence,JJG
M0JJI,Available,Amateur Full Radio Licence,JJI
M0JJL,Available,Amateur Full Radio Licence,JJL
M0JJN,Available,Amateur Full Radio Licence,JJN
M0JJO,Available,Amateur Full Radio Licence,JJO
M0JJP,Available,Amateur Full Radio Licence,JJP
M0JJQ,Available,Amateur Full Radio Licence,JJQ
M0JJT,Available,Amateur Full Radio Licence,JJT
M0JJU,Available,Amateur Full Radio Licence,JJU
M0JJX,Available,Amateur Full Radio Licence,JJX
M0JJY,Available,Amateur Full Radio Licence,JJY
M0JJZ,Available,Amateur Full Radio Licence,JJZ
M0JKC,Available,Amateur Full Radio Licence,JKC
M0JKD,Available,Amateur Full Radio Licence,JKD
M0JKE,Available,Amateur Full Radio Licence,JKE
M0JKH,Available,Amateur Full Radio Licence,JKH
M0JKI,Available,Amateur Full Radio Licence,JKI
M0JKJ,Available,Amateur Full Radio Licence,JKJ
M0JKK,Available,Amateur Full Radio Licence,JKK
M0JKM,Available,Amateur Full Radio Licence,JKM
M0JKN,Available,Amateur Full Radio Licence,JKN
M0JKR,Available,Amateur Full Radio Licence,JKR
M0JKS,Available,Amateur Full Radio Licence,JKS
M0JKT,Available,Amateur Full Radio Licence,JKT
M0JKU,Available,Amateur Full Radio Licence,JKU
M0JKV,Available,Amateur Full Radio Licence,JKV
M0JKW,Available,Amateur Full Radio Licence,JKW
M0JKX,Available,Amateur Full Radio Licence,JKX
M0JKY,Available,Amateur Full Radio Licence,JKY
M0JKZ,Available,Amateur Full Radio Licence,JKZ
M0JLD,Available,Amateur Full Radio Licence,JLD
M0JLF,Available,Amateur Full Radio Licence,JLF
M0JLI,Available,Amateur Full Radio Licence,JLI
M0JLJ,Available,Amateur Full Radio Licence,JLJ
M0JLK,Available,Amateur Full Radio Licence,JLK
M0JLL,Available,Amateur Full Radio Licence,JLL
M0JLO,Available,Amateur Full Radio Licence,JLO
M0JLQ,Available,Amateur Full Radio Licence,JLQ
M0JLR,Available,Amateur Full Radio Licence,JLR
M0JLS,Available,Amateur Full Radio Licence,JLS
M0JLV,Available,Amateur Full Radio Licence,JLV
M0JLX,Available,Amateur Full Radio Licence,JLX
M0JLZ,Available,Amateur Full Radio Licence,JLZ
M0JMQ,Available,Amateur Full Radio Licence,JMQ
M0JMR,Available,Amateur Full Radio Licence,JMR
M0JMT,Available,Amateur Full Radio Licence,JMT
M0JMU,Available,Amateur Full Radio Licence,JMU
M0JMX,Available,Amateur Full Radio Licence,JMX
M0JMZ,Available,Amateur Full Radio Licence,JMZ
M0JNA,Available,Amateur Full Radio Licence,JNA
M0JND,Available,Amateur Full Radio Licence,JND
M0JNE,Available,Amateur Full Radio Licence,JNE
M0JNF,Available,Amateur Full Radio Licence,JNF
M0JNG,Available,Amateur Full Radio Licence,JNG
M0JNJ,Available,Amateur Full Radio Licence,JNJ
M0JNL,Available,Amateur Full Radio Licence,JNL
M0JNM,Available,Amateur Full Radio Licence,JNM
M0JNN,Available,Amateur Full Radio Licence,JNN
M0JNO,Available,Amateur Full Radio Licence,JNO
M0JNP,Available,Amateur Full Radio Licence,JNP
M0JNQ,Available,Amateur Full Radio Licence,JNQ
M0JNT,Available,Amateur Full Radio Licence,JNT
M0JNU,Available,Amateur Full Radio Licence,JNU
M0JNV,Available,Amateur Full Radio Licence,JNV
M0JNW,Available,Amateur Full Radio Licence,JNW
M0JNY,Available,Amateur Full Radio Licence,JNY
M0JNZ,Available,Amateur Full Radio Licence,JNZ
M0JOC,Available,Amateur Full Radio Licence,JOC
M0JOI,Available,Amateur Full Radio Licence,JOI
M0JOJ,Available,Amateur Full Radio Licence,JOJ
M0JOP,Available,Amateur Full Radio Licence,JOP
M0JOQ,Available,Amateur Full Radio Licence,JOQ
M0JOT,Available,Amateur Full Radio Licence,JOT
M0JOU,Available,Amateur Full Radio Licence,JOU
M0JOV,Available,Amateur Full Radio Licence,JOV
M0JOW,Available,Amateur Full Radio Licence,JOW
M0JOX,Available,Amateur Full Radio Licence,JOX
M0JOZ,Available,Amateur Full Radio Licence,JOZ
M0JPE,Available,Amateur Full Radio Licence,JPE
M0JPI,Available,Amateur Full Radio Licence,JPI
M0JPK,Available,Amateur Full Radio Licence,JPK
M0JPQ,Available,Amateur Full Radio Licence,JPQ
M0JPR,Available,Amateur Full Radio Licence,JPR
M0JPU,Available,Amateur Full Radio Licence,JPU
M0JPY,Available,Amateur Full Radio Licence,JPY
M0JQA,Available,Amateur Full Radio Licence,JQA
M0JQB,Available,Amateur Full Radio Licence,JQB
M0JQC,Available,Amateur Full Radio Licence,JQC
M0JQD,Available,Amateur Full Radio Licence,JQD
M0JQE,Available,Amateur Full Radio Licence,JQE
M0JQF,Available,Amateur Full Radio Licence,JQF
M0JQH,Available,Amateur Full Radio Licence,JQH
M0JQI,Available,Amateur Full Radio Licence,JQI
M0JQJ,Available,Amateur Full Radio Licence,JQJ
M0JQL,Available,Amateur Full Radio Licence,JQL
M0JQM,Available,Amateur Full Radio Licence,JQM
M0JQN,Available,Amateur Full Radio Licence,JQN
M0JQO,Available,Amateur Full Radio Licence,JQO
M0JQP,Available,Amateur Full Radio Licence,JQP
M0JQQ,Available,Amateur Full Radio Licence,JQQ
M0JQR,Available,Amateur Full Radio Licence,JQR
M0JQS,Available,Amateur Full Radio Licence,JQS
M0JQT,Available,Amateur Full Radio Licence,JQT
M0JQU,Available,Amateur Full Radio Licence,JQU
M0JQV,Available,Amateur Full Radio Licence,JQV
M0JQX,Available,Amateur Full Radio Licence,JQX
M0JQY,Available,Amateur Full Radio Licence,JQY
M0JRI,Available,Amateur Full Radio Licence,JRI
M0JRL,Available,Amateur Full Radio Licence,JRL
M0JRN,Available,Amateur Full Radio Licence,JRN
M0JRO,Available,Amateur Full Radio Licence,JRO
M0JRP,Available,Amateur Full Radio Licence,JRP
M0JRT,Available,Amateur Full Radio Licence,JRT
M0JRU,Available,Amateur Full Radio Licence,JRU
M0JRV,Available,Amateur Full Radio Licence,JRV
M0JRY,Available,Amateur Full Radio Licence,JRY
M0JRZ,Available,Amateur Full Radio Licence,JRZ
M0JSB,Available,Amateur Full Radio Licence,JSB
M0JSI,Available,Amateur Full Radio Licence,JSI
M0JSK,Available,Amateur Full Radio Licence,JSK
M0JSL,Available,Amateur Full Radio Licence,JSL
M0JSQ,Available,Amateur Full Radio Licence,JSQ
M0JSU,Available,Amateur Full Radio Licence,JSU
M0JSX,Available,Amateur Full Radio Licence,JSX
M0JSY,Available,Amateur Full Radio Licence,JSY
M0JTD,Available,Amateur Full Radio Licence,JTD
M0JTF,Available,Amateur Full Radio Licence,JTF
M0JTG,Available,Amateur Full Radio Licence,JTG
M0JTK,Available,Amateur Full Radio Licence,JTK
M0JTL,Available,Amateur Full Radio Licence,JTL
M0JTM,Available,Amateur Full Radio Licence,JTM
M0JTO,Available,Amateur Full Radio Licence,JTO
M0JTP,Available,Amateur Full Radio Licence,JTP
M0JTQ,Available,Amateur Full Radio Licence,JTQ
M0JTS,Available,Amateur Full Radio Licence,JTS
M0JTU,Available,Amateur Full Radio Licence,JTU
M0JTV,Available,Amateur Full Radio Licence,JTV
M0JTX,Available,Amateur Full Radio Licence,JTX
M0JTY,Available,Amateur Full Radio Licence,JTY
M0JTZ,Available,Amateur Full Radio Licence,JTZ
M0JUA,Available,Amateur Full Radio Licence,JUA
M0JUB,Available,Amateur Full Radio Licence,JUB
M0JUC,Available,Amateur Full Radio Licence,JUC
M0JUD,Available,Amateur Full Radio Licence,JUD
M0JUF,Available,Amateur Full Radio Licence,JUF
M0JUH,Available,Amateur Full Radio Licence,JUH
M0JUI,Available,Amateur Full Radio Licence,JUI
M0JUJ,Available,Amateur Full Radio Licence,JUJ
M0JUM,Available,Amateur Full Radio Licence,JUM
M0JUN,Available,Amateur Full Radio Licence,JUN
M0JUO,Available,Amateur Full Radio Licence,JUO
M0JUP,Available,Amateur Full Radio Licence,JUP
M0JUQ,Available,Amateur Full Radio Licence,JUQ
M0JUR,Available,Amateur Full Radio Licence,JUR
M0JUS,Available,Amateur Full Radio Licence,JUS
M0JUT,Available,Amateur Full Radio Licence,JUT
M0JUU,Available,Amateur Full Radio Licence,JUU
M0JUV,Available,Amateur Full Radio Licence,JUV
M0JUW,Available,Amateur Full Radio Licence,JUW
M0JUX,Available,Amateur Full Radio Licence,JUX
M0JUY,Available,Amateur Full Radio Licence,JUY
M0JUZ,Available,Amateur Full Radio Licence,JUZ
M0JVA,Available,Amateur Full Radio Licence,JVA
M0JVD,Available,Amateur Full Radio Licence,JVD
M0JVE,Available,Amateur Full Radio Licence,JVE
M0JVF,Available,Amateur Full Radio Licence,JVF
M0JVH,Available,Amateur Full Radio Licence,JVH
M0JVJ,Available,Amateur Full Radio Licence,JVJ
M0JVK,Available,Amateur Full Radio Licence,JVK
M0JVL,Available,Amateur Full Radio Licence,JVL
M0JVN,Available,Amateur Full Radio Licence,JVN
M0JVO,Available,Amateur Full Radio Licence,JVO
M0JVR,Available,Amateur Full Radio Licence,JVR
M0JVS,Available,Amateur Full Radio Licence,JVS
M0JVU,Available,Amateur Full Radio Licence,JVU
M0JVV,Available,Amateur Full Radio Licence,JVV
M0JVX,Available,Amateur Full Radio Licence,JVX
M0JVY,Available,Amateur Full Radio Licence,JVY
M0JVZ,Available,Amateur Full Radio Licence,JVZ
M0JWC,Available,Amateur Full Radio Licence,JWC
M0JWD,Available,Amateur Full Radio Licence,JWD
M0JWI,Available,Amateur Full Radio Licence,JWI
M0JWN,Available,Amateur Full Radio Licence,JWN
M0JWO,Available,Amateur Full Radio Licence,JWO
M0JWP,Available,Amateur Full Radio Licence,JWP
M0JWQ,Available,Amateur Full Radio Licence,JWQ
M0JWU,Available,Amateur Full Radio Licence,JWU
M0JWV,Available,Amateur Full Radio Licence,JWV
M0JWW,Available,Amateur Full Radio Licence,JWW
M0JWX,Available,Amateur Full Radio Licence,JWX
M0JWY,Available,Amateur Full Radio Licence,JWY
M0JWZ,Available,Amateur Full Radio Licence,JWZ
M0JXA,Available,Amateur Full Radio Licence,JXA
M0JXC,Available,Amateur Full Radio Licence,JXC
M0JXD,Available,Amateur Full Radio Licence,JXD
M0JXF,Available,Amateur Full Radio Licence,JXF
M0JXH,Available,Amateur Full Radio Licence,JXH
M0JXJ,Available,Amateur Full Radio Licence,JXJ
M0JXL,Available,Amateur Full Radio Licence,JXL
M0JXO,Available,Amateur Full Radio Licence,JXO
M0JXP,Available,Amateur Full Radio Licence,JXP
M0JXQ,Available,Amateur Full Radio Licence,JXQ
M0JXR,Available,Amateur Full Radio Licence,JXR
M0JXS,Available,Amateur Full Radio Licence,JXS
M0JXT,Available,Amateur Full Radio Licence,JXT
M0JXU,Available,Amateur Full Radio Licence,JXU
M0JXV,Available,Amateur Full Radio Licence,JXV
M0JXW,Available,Amateur Full Radio Licence,JXW
M0JXY,Available,Amateur Full Radio Licence,JXY
M0JXZ,Available,Amateur Full Radio Licence,JXZ
M0JYA,Available,Amateur Full Radio Licence,JYA
M0JYB,Available,Amateur Full Radio Licence,JYB
M0JYD,Available,Amateur Full Radio Licence,JYD
M0JYE,Available,Amateur Full Radio Licence,JYE
M0JYF,Available,Amateur Full Radio Licence,JYF
M0JYG,Available,Amateur Full Radio Licence,JYG
M0JYH,Available,Amateur Full Radio Licence,JYH
M0JYI,Available,Amateur Full Radio Licence,JYI
M0JYJ,Available,Amateur Full Radio Licence,JYJ
M0JYK,Available,Amateur Full Radio Licence,JYK
M0JYN,Available,Amateur Full Radio Licence,JYN
M0JYO,Available,Amateur Full Radio Licence,JYO
M0JYP,Available,Amateur Full Radio Licence,JYP
M0JYQ,Available,Amateur Full Radio Licence,JYQ
M0JYR,Available,Amateur Full Radio Licence,JYR
M0JYS,Available,Amateur Full Radio Licence,JYS
M0JYT,Available,Amateur Full Radio Licence,JYT
M0JYU,Available,Amateur Full Radio Licence,JYU
M0JYV,Available,Amateur Full Radio Licence,JYV
M0JYW,Available,Amateur Full Radio Licence,JYW
M0JYX,Available,Amateur Full Radio Licence,JYX
M0JYZ,Available,Amateur Full Radio Licence,JYZ
M0JZA,Available,Amateur Full Radio Licence,JZA
M0JZB,Available,Amateur Full Radio Licence,JZB
M0JZC,Available,Amateur Full Radio Licence,JZC
M0JZD,Available,Amateur Full Radio Licence,JZD
M0JZF,Available,Amateur Full Radio Licence,JZF
M0JZG,Available,Amateur Full Radio Licence,JZG
M0JZI,Available,Amateur Full Radio Licence,JZI
M0JZJ,Available,Amateur Full Radio Licence,JZJ
M0JZL,Available,Amateur Full Radio Licence,JZL
M0JZN,Available,Amateur Full Radio Licence,JZN
M0JZO,Available,Amateur Full Radio Licence,JZO
M0JZP,Available,Amateur Full Radio Licence,JZP
M0JZQ,Available,Amateur Full Radio Licence,JZQ
M0JZR,Available,Amateur Full Radio Licence,JZR
M0JZS,Available,Amateur Full Radio Licence,JZS
M0JZU,Available,Amateur Full Radio Licence,JZU
M0JZV,Available,Amateur Full Radio Licence,JZV
M0JZW,Available,Amateur Full Radio Licence,JZW
M0JZX,Available,Amateur Full Radio Licence,JZX
M0JZY,Available,Amateur Full Radio Licence,JZY
M0KAQ,Available,Amateur Full Radio Licence,KAQ
M0KAX,Available,Amateur Full Radio Licence,KAX
M0KBE,Available,Amateur Full Radio Licence,KBE
M0KBG,Available,Amateur Full Radio Licence,KBG
M0KBI,Available,Amateur Full Radio Licence,KBI
M0KBJ,Available,Amateur Full Radio Licence,KBJ
M0KBK,Available,Amateur Full Radio Licence,KBK
M0KBL,Available,Amateur Full Radio Licence,KBL
M0KBN,Available,Amateur Full Radio Licence,KBN
M0KBO,Available,Amateur Full Radio Licence,KBO
M0KBP,Available,Amateur Full Radio Licence,KBP
M0KBQ,Available,Amateur Full Radio Licence,KBQ
M0KBR,Available,Amateur Full Radio Licence,KBR
M0KBS,Available,Amateur Full Radio Licence,KBS
M0KBU,Available,Amateur Full Radio Licence,KBU
M0KBV,Available,Amateur Full Radio Licence,KBV
M0KBX,Available,Amateur Full Radio Licence,KBX
M0KBY,Available,Amateur Full Radio Licence,KBY
M0KBZ,Available,Amateur Full Radio Licence,KBZ
M0KCF,Available,Amateur Full Radio Licence,KCF
M0KCG,Available,Amateur Full Radio Licence,KCG
M0KCI,Available,Amateur Full Radio Licence,KCI
M0KCJ,Available,Amateur Full Radio Licence,KCJ
M0KCN,Available,Amateur Full Radio Licence,KCN
M0KCQ,Available,Amateur Full Radio Licence,KCQ
M0KCU,Available,Amateur Full Radio Licence,KCU
M0KCV,Available,Amateur Full Radio Licence,KCV
M0KCX,Available,Amateur Full Radio Licence,KCX
M0KCY,Available,Amateur Full Radio Licence,KCY
M0KCZ,Available,Amateur Full Radio Licence,KCZ
M0KDF,Available,Amateur Full Radio Licence,KDF
M0KDI,Available,Amateur Full Radio Licence,KDI
M0KDJ,Available,Amateur Full Radio Licence,KDJ
M0KDK,Available,Amateur Full Radio Licence,KDK
M0KDN,Available,Amateur Full Radio Licence,KDN
M0KDO,Available,Amateur Full Radio Licence,KDO
M0KDQ,Available,Amateur Full Radio Licence,KDQ
M0KDS,Available,Amateur Full Radio Licence,KDS
M0KDT,Available,Amateur Full Radio Licence,KDT
M0KDW,Available,Amateur Full Radio Licence,KDW
M0KEA,Available,Amateur Full Radio Licence,KEA
M0KEC,Available,Amateur Full Radio Licence,KEC
M0KED,Available,Amateur Full Radio Licence,KED
M0KEH,Available,Amateur Full Radio Licence,KEH
M0KEM,Available,Amateur Full Radio Licence,KEM
M0KEO,Available,Amateur Full Radio Licence,KEO
M0KEP,Available,Amateur Full Radio Licence,KEP
M0KEU,Available,Amateur Full Radio Licence,KEU
M0KEW,Available,Amateur Full Radio Licence,KEW
M0KEZ,Available,Amateur Full Radio Licence,KEZ
M0KFA,Available,Amateur Full Radio Licence,KFA
M0KFE,Available,Amateur Full Radio Licence,KFE
M0KFF,Available,Amateur Full Radio Licence,KFF
M0KFG,Available,Amateur Full Radio Licence,KFG
M0KFH,Available,Amateur Full Radio Licence,KFH
M0KFI,Available,Amateur Full Radio Licence,KFI
M0KFJ,Available,Amateur Full Radio Licence,KFJ
M0KFK,Available,Amateur Full Radio Licence,KFK
M0KFL,Available,Amateur Full Radio Licence,KFL
M0KFM,Available,Amateur Full Radio Licence,KFM
M0KFN,Available,Amateur Full Radio Licence,KFN
M0KFO,Available,Amateur Full Radio Licence,KFO
M0KFP,Available,Amateur Full Radio Licence,KFP
M0KFQ,Available,Amateur Full Radio Licence,KFQ
M0KFR,Available,Amateur Full Radio Licence,KFR
M0KFS,Available,Amateur Full Radio Licence,KFS
M0KFV,Available,Amateur Full Radio Licence,KFV
M0KFY,Available,Amateur Full Radio Licence,KFY
M0KFZ,Available,Amateur Full Radio Licence,KFZ
M0KGC,Available,Amateur Full Radio Licence,KGC
M0KGD,Available,Amateur Full Radio Licence,KGD
M0KGE,Available,Amateur Full Radio Licence,KGE
M0KGG,Available,Amateur Full Radio Licence,KGG
M0KGH,Available,Amateur Full Radio Licence,KGH
M0KGI,Available,Amateur Full Radio Licence,KGI
M0KGJ,Available,Amateur Full Radio Licence,KGJ
M0KGL,Available,Amateur Full Radio Licence,KGL
M0KGO,Available,Amateur Full Radio Licence,KGO
M0KGQ,Available,Amateur Full Radio Licence,KGQ
M0KGR,Available,Amateur Full Radio Licence,KGR
M0KGS,Available,Amateur Full Radio Licence,KGS
M0KGT,Available,Amateur Full Radio Licence,KGT
M0KGU,Available,Amateur Full Radio Licence,KGU
M0KGW,Available,Amateur Full Radio Licence,KGW
M0KGX,Available,Amateur Full Radio Licence,KGX
M0KGZ,Available,Amateur Full Radio Licence,KGZ
M0KHB,Available,Amateur Full Radio Licence,KHB
M0KHC,Available,Amateur Full Radio Licence,KHC
M0KHD,Available,Amateur Full Radio Licence,KHD
M0KHE,Available,Amateur Full Radio Licence,KHE
M0KHF,Available,Amateur Full Radio Licence,KHF
M0KHG,Available,Amateur Full Radio Licence,KHG
M0KHH,Available,Amateur Full Radio Licence,KHH
M0KHI,Available,Amateur Full Radio Licence,KHI
M0KHJ,Available,Amateur Full Radio Licence,KHJ
M0KHK,Available,Amateur Full Radio Licence,KHK
M0KHL,Available,Amateur Full Radio Licence,KHL
M0KHM,Available,Amateur Full Radio Licence,KHM
M0KHN,Available,Amateur Full Radio Licence,KHN
M0KHP,Available,Amateur Full Radio Licence,KHP
M0KHQ,Available,Amateur Full Radio Licence,KHQ
M0KHR,Available,Amateur Full Radio Licence,KHR
M0KHT,Available,Amateur Full Radio Licence,KHT
M0KHU,Available,Amateur Full Radio Licence,KHU
M0KHV,Available,Amateur Full Radio Licence,KHV
M0KHX,Available,Amateur Full Radio Licence,KHX
M0KHY,Available,Amateur Full Radio Licence,KHY
M0KIA,Available,Amateur Full Radio Licence,KIA
M0KIC,Available,Amateur Full Radio Licence,KIC
M0KIE,Available,Amateur Full Radio Licence,KIE
M0KIF,Available,Amateur Full Radio Licence,KIF
M0KIH,Available,Amateur Full Radio Licence,KIH
M0KII,Available,Amateur Full Radio Licence,KII
M0KIO,Available,Amateur Full Radio Licence,KIO
M0KIQ,Available,Amateur Full Radio Licence,KIQ
M0KIU,Available,Amateur Full Radio Licence,KIU
M0KIV,Available,Amateur Full Radio Licence,KIV
M0KIW,Available,Amateur Full Radio Licence,KIW
M0KIX,Available,Amateur Full Radio Licence,KIX
M0KIY,Available,Amateur Full Radio Licence,KIY
M0KIZ,Available,Amateur Full Radio Licence,KIZ
M0KJD,Available,Amateur Full Radio Licence,KJD
M0KJE,Available,Amateur Full Radio Licence,KJE
M0KJF,Available,Amateur Full Radio Licence,KJF
M0KJH,Available,Amateur Full Radio Licence,KJH
M0KJI,Available,Amateur Full Radio Licence,KJI
M0KJJ,Available,Amateur Full Radio Licence,KJJ
M0KJL,Available,Amateur Full Radio Licence,KJL
M0KJN,Available,Amateur Full Radio Licence,KJN
M0KJO,Available,Amateur Full Radio Licence,KJO
M0KJQ,Available,Amateur Full Radio Licence,KJQ
M0KJS,Available,Amateur Full Radio Licence,KJS
M0KJU,Available,Amateur Full Radio Licence,KJU
M0KJV,Available,Amateur Full Radio Licence,KJV
M0KJX,Available,Amateur Full Radio Licence,KJX
M0KJY,Available,Amateur Full Radio Licence,KJY
M0KJZ,Available,Amateur Full Radio Licence,KJZ
M0KKC,Available,Amateur Full Radio Licence,KKC
M0KKD,Available,Amateur Full Radio Licence,KKD
M0KKE,Available,Amateur Full Radio Licence,KKE
M0KKF,Available,Amateur Full Radio Licence,KKF
M0KKG,Available,Amateur Full Radio Licence,KKG
M0KKI,Available,Amateur Full Radio Licence,KKI
M0KKJ,Available,Amateur Full Radio Licence,KKJ
M0KKL,Available,Amateur Full Radio Licence,KKL
M0KKM,Available,Amateur Full Radio Licence,KKM
M0KKN,Available,Amateur Full Radio Licence,KKN
M0KKO,Available,Amateur Full Radio Licence,KKO
M0KKP,Available,Amateur Full Radio Licence,KKP
M0KKQ,Available,Amateur Full Radio Licence,KKQ
M0KKR,Available,Amateur Full Radio Licence,KKR
M0KKS,Available,Amateur Full Radio Licence,KKS
M0KKU,Available,Amateur Full Radio Licence,KKU
M0KKV,Available,Amateur Full Radio Licence,KKV
M0KKY,Available,Amateur Full Radio Licence,KKY
M0KKZ,Available,Amateur Full Radio Licence,KKZ
M0KLD,Available,Amateur Full Radio Licence,KLD
M0KLG,Available,Amateur Full Radio Licence,KLG
M0KLI,Available,Amateur Full Radio Licence,KLI
M0KLQ,Available,Amateur Full Radio Licence,KLQ
M0KLU,Available,Amateur Full Radio Licence,KLU
M0KLV,Available,Amateur Full Radio Licence,KLV
M0KLX,Available,Amateur Full Radio Licence,KLX
M0KLY,Available,Amateur Full Radio Licence,KLY
M0KLZ,Available,Amateur Full Radio Licence,KLZ
M0KMD,Available,Amateur Full Radio Licence,KMD
M0KME,Available,Amateur Full Radio Licence,KME
M0KMG,Available,Amateur Full Radio Licence,KMG
M0KMK,Available,Amateur Full Radio Licence,KMK
M0KML,Available,Amateur Full Radio Licence,KML
M0KMN,Available,Amateur Full Radio Licence,KMN
M0KMQ,Available,Amateur Full Radio Licence,KMQ
M0KMR,Available,Amateur Full Radio Licence,KMR
M0KMT,Available,Amateur Full Radio Licence,KMT
M0KMU,Available,Amateur Full Radio Licence,KMU
M0KMX,Available,Amateur Full Radio Licence,KMX
M0KMY,Available,Amateur Full Radio Licence,KMY
M0KMZ,Available,Amateur Full Radio Licence,KMZ
M0KNC,Available,Amateur Full Radio Licence,KNC
M0KND,Available,Amateur Full Radio Licence,KND
M0KNF,Available,Amateur Full Radio Licence,KNF
M0KNI,Available,Amateur Full Radio Licence,KNI
M0KNJ,Available,Amateur Full Radio Licence,KNJ
M0KNK,Available,Amateur Full Radio Licence,KNK
M0KNL,Available,Amateur Full Radio Licence,KNL
M0KNM,Available,Amateur Full Radio Licence,KNM
M0KNP,Available,Amateur Full Radio Licence,KNP
M0KNQ,Available,Amateur Full Radio Licence,KNQ
M0KNR,Available,Amateur Full Radio Licence,KNR
M0KNS,Available,Amateur Full Radio Licence,KNS
M0KNU,Available,Amateur Full Radio Licence,KNU
M0KNV,Available,Amateur Full Radio Licence,KNV
M0KNW,Available,Amateur Full Radio Licence,KNW
M0KNZ,Available,Amateur Full Radio Licence,KNZ
M0KOA,Available,Amateur Full Radio Licence,KOA
M0KOB,Available,Amateur Full Radio Licence,KOB
M0KOD,Available,Amateur Full Radio Licence,KOD
M0KOE,Available,Amateur Full Radio Licence,KOE
M0KOF,Available,Amateur Full Radio Licence,KOF
M0KOJ,Available,Amateur Full Radio Licence,KOJ
M0KOL,Available,Amateur Full Radio Licence,KOL
M0KON,Available,Amateur Full Radio Licence,KON
M0KOQ,Available,Amateur Full Radio Licence,KOQ
M0KOR,Available,Amateur Full Radio Licence,KOR
M0KOU,Available,Amateur Full Radio Licence,KOU
M0KOV,Available,Amateur Full Radio Licence,KOV
M0KOW,Available,Amateur Full Radio Licence,KOW
M0KOY,Available,Amateur Full Radio Licence,KOY
M0KPD,Available,Amateur Full Radio Licence,KPD
M0KPE,Available,Amateur Full Radio Licence,KPE
M0KPF,Available,Amateur Full Radio Licence,KPF
M0KPG,Available,Amateur Full Radio Licence,KPG
M0KPI,Available,Amateur Full Radio Licence,KPI
M0KPJ,Available,Amateur Full Radio Licence,KPJ
M0KPN,Available,Amateur Full Radio Licence,KPN
M0KPP,Available,Amateur Full Radio Licence,KPP
M0KPQ,Available,Amateur Full Radio Licence,KPQ
M0KPR,Available,Amateur Full Radio Licence,KPR
M0KPS,Available,Amateur Full Radio Licence,KPS
M0KPU,Available,Amateur Full Radio Licence,KPU
M0KPV,Available,Amateur Full Radio Licence,KPV
M0KPX,Available,Amateur Full Radio Licence,KPX
M0KPY,Available,Amateur Full Radio Licence,KPY
M0KQB,Available,Amateur Full Radio Licence,KQB
M0KQC,Available,Amateur Full Radio Licence,KQC
M0KQD,Available,Amateur Full Radio Licence,KQD
M0KQE,Available,Amateur Full Radio Licence,KQE
M0KQF,Available,Amateur Full Radio Licence,KQF
M0KQG,Available,Amateur Full Radio Licence,KQG
M0KQH,Available,Amateur Full Radio Licence,KQH
M0KQI,Available,Amateur Full Radio Licence,KQI
M0KQJ,Available,Amateur Full Radio Licence,KQJ
M0KQK,Available,Amateur Full Radio Licence,KQK
M0KQL,Available,Amateur Full Radio Licence,KQL
M0KQM,Available,Amateur Full Radio Licence,KQM
M0KQN,Available,Amateur Full Radio Licence,KQN
M0KQO,Available,Amateur Full Radio Licence,KQO
M0KQP,Available,Amateur Full Radio Licence,KQP
M0KQQ,Available,Amateur Full Radio Licence,KQQ
M0KQR,Available,Amateur Full Radio Licence,KQR
M0KQS,Available,Amateur Full Radio Licence,KQS
M0KQT,Available,Amateur Full Radio Licence,KQT
M0KQV,Available,Amateur Full Radio Licence,KQV
M0KQW,Available,Amateur Full Radio Licence,KQW
M0KQX,Available,Amateur Full Radio Licence,KQX
M0KQY,Available,Amateur Full Radio Licence,KQY
M0KQZ,Available,Amateur Full Radio Licence,KQZ
M0KRE,Available,Amateur Full Radio Licence,KRE
M0KRH,Available,Amateur Full Radio Licence,KRH
M0KRK,Available,Amateur Full Radio Licence,KRK
M0KRM,Available,Amateur Full Radio Licence,KRM
M0KRN,Available,Amateur Full Radio Licence,KRN
M0KRO,Available,Amateur Full Radio Licence,KRO
M0KRQ,Available,Amateur Full Radio Licence,KRQ
M0KRV,Available,Amateur Full Radio Licence,KRV
M0KRY,Available,Amateur Full Radio Licence,KRY
M0KRZ,Available,Amateur Full Radio Licence,KRZ
M0KSB,Available,Amateur Full Radio Licence,KSB
M0KSD,Available,Amateur Full Radio Licence,KSD
M0KSE,Available,Amateur Full Radio Licence,KSE
M0KSF,Available,Amateur Full Radio Licence,KSF
M0KSH,Available,Amateur Full Radio Licence,KSH
M0KSI,Available,Amateur Full Radio Licence,KSI
M0KSK,Available,Amateur Full Radio Licence,KSK
M0KSN,Available,Amateur Full Radio Licence,KSN
M0KSO,Available,Amateur Full Radio Licence,KSO
M0KSQ,Available,Amateur Full Radio Licence,KSQ
M0KSU,Available,Amateur Full Radio Licence,KSU
M0KSV,Available,Amateur Full Radio Licence,KSV
M0KSX,Available,Amateur Full Radio Licence,KSX
M0KSY,Available,Amateur Full Radio Licence,KSY
M0KSZ,Available,Amateur Full Radio Licence,KSZ
M0KTB,Available,Amateur Full Radio Licence,KTB
M0KTD,Available,Amateur Full Radio Licence,KTD
M0KTF,Available,Amateur Full Radio Licence,KTF
M0KTG,Available,Amateur Full Radio Licence,KTG
M0KTH,Available,Amateur Full Radio Licence,KTH
M0KTI,Available,Amateur Full Radio Licence,KTI
M0KTJ,Available,Amateur Full Radio Licence,KTJ
M0KTN,Available,Amateur Full Radio Licence,KTN
M0KTO,Available,Amateur Full Radio Licence,KTO
M0KTP,Available,Amateur Full Radio Licence,KTP
M0KTQ,Available,Amateur Full Radio Licence,KTQ
M0KTS,Available,Amateur Full Radio Licence,KTS
M0KTU,Available,Amateur Full Radio Licence,KTU
M0KTW,Available,Amateur Full Radio Licence,KTW
M0KTZ,Available,Amateur Full Radio Licence,KTZ
M0KUA,Available,Amateur Full Radio Licence,KUA
M0KUC,Available,Amateur Full Radio Licence,KUC
M0KUD,Available,Amateur Full Radio Licence,KUD
M0KUE,Available,Amateur Full Radio Licence,KUE
M0KUF,Available,Amateur Full Radio Licence,KUF
M0KUG,Available,Amateur Full Radio Licence,KUG
M0KUH,Available,Amateur Full Radio Licence,KUH
M0KUI,Available,Amateur Full Radio Licence,KUI
M0KUJ,Available,Amateur Full Radio Licence,KUJ
M0KUK,Available,Amateur Full Radio Licence,KUK
M0KUM,Available,Amateur Full Radio Licence,KUM
M0KUN,Available,Amateur Full Radio Licence,KUN
M0KUO,Available,Amateur Full Radio Licence,KUO
M0KUQ,Available,Amateur Full Radio Licence,KUQ
M0KUS,Available,Amateur Full Radio Licence,KUS
M0KUT,Available,Amateur Full Radio Licence,KUT
M0KUU,Available,Amateur Full Radio Licence,KUU
M0KUV,Available,Amateur Full Radio Licence,KUV
M0KUW,Available,Amateur Full Radio Licence,KUW
M0KUX,Available,Amateur Full Radio Licence,KUX
M0KUZ,Available,Amateur Full Radio Licence,KUZ
M0KVB,Available,Amateur Full Radio Licence,KVB
M0KVD,Available,Amateur Full Radio Licence,KVD
M0KVE,Available,Amateur Full Radio Licence,KVE
M0KVF,Available,Amateur Full Radio Licence,KVF
M0KVG,Available,Amateur Full Radio Licence,KVG
M0KVH,Available,Amateur Full Radio Licence,KVH
M0KVI,Available,Amateur Full Radio Licence,KVI
M0KVJ,Available,Amateur Full Radio Licence,KVJ
M0KVK,Available,Amateur Full Radio Licence,KVK
M0KVO,Available,Amateur Full Radio Licence,KVO
M0KVQ,Available,Amateur Full Radio Licence,KVQ
M0KVS,Available,Amateur Full Radio Licence,KVS
M0KVU,Available,Amateur Full Radio Licence,KVU
M0KVV,Available,Amateur Full Radio Licence,KVV
M0KVW,Available,Amateur Full Radio Licence,KVW
M0KVX,Available,Amateur Full Radio Licence,KVX
M0KVY,Available,Amateur Full Radio Licence,KVY
M0KVZ,Available,Amateur Full Radio Licence,KVZ
M0KWC,Available,Amateur Full Radio Licence,KWC
M0KWE,Available,Amateur Full Radio Licence,KWE
M0KWF,Available,Amateur Full Radio Licence,KWF
M0KWG,Available,Amateur Full Radio Licence,KWG
M0KWI,Available,Amateur Full Radio Licence,KWI
M0KWJ,Available,Amateur Full Radio Licence,KWJ
M0KWL,Available,Amateur Full Radio Licence,KWL
M0KWN,Available,Amateur Full Radio Licence,KWN
M0KWO,Available,Amateur Full Radio Licence,KWO
M0KWQ,Available,Amateur Full Radio Licence,KWQ
M0KWU,Available,Amateur Full Radio Licence,KWU
M0KWX,Available,Amateur Full Radio Licence,KWX
M0KWZ,Available,Amateur Full Radio Licence,KWZ
M0KXA,Available,Amateur Full Radio Licence,KXA
M0KXB,Available,Amateur Full Radio Licence,KXB
M0KXC,Available,Amateur Full Radio Licence,KXC
M0KXE,Available,Amateur Full Radio Licence,KXE
M0KXF,Available,Amateur Full Radio Licence,KXF
M0KXG,Available,Amateur Full Radio Licence,KXG
M0KXH,Available,Amateur Full Radio Licence,KXH
M0KXI,Available,Amateur Full Radio Licence,KXI
M0KXJ,Available,Amateur Full Radio Licence,KXJ
M0KXL,Available,Amateur Full Radio Licence,KXL
M0KXM,Available,Amateur Full Radio Licence,KXM
M0KXN,Available,Amateur Full Radio Licence,KXN
M0KXP,Available,Amateur Full Radio Licence,KXP
M0KXR,Available,Amateur Full Radio Licence,KXR
M0KXS,Available,Amateur Full Radio Licence,KXS
M0KXT,Available,Amateur Full Radio Licence,KXT
M0KXU,Available,Amateur Full Radio Licence,KXU
M0KXV,Available,Amateur Full Radio Licence,KXV
M0KXW,Available,Amateur Full Radio Licence,KXW
M0KXX,Available,Amateur Full Radio Licence,KXX
M0KXY,Available,Amateur Full Radio Licence,KXY
M0KXZ,Available,Amateur Full Radio Licence,KXZ
M0KYA,Available,Amateur Full Radio Licence,KYA
M0KYB,Available,Amateur Full Radio Licence,KYB
M0KYC,Available,Amateur Full Radio Licence,KYC
M0KYD,Available,Amateur Full Radio Licence,KYD
M0KYF,Available,Amateur Full Radio Licence,KYF
M0KYG,Available,Amateur Full Radio Licence,KYG
M0KYH,Available,Amateur Full Radio Licence,KYH
M0KYJ,Available,Amateur Full Radio Licence,KYJ
M0KYK,Available,Amateur Full Radio Licence,KYK
M0KYM,Available,Amateur Full Radio Licence,KYM
M0KYN,Available,Amateur Full Radio Licence,KYN
M0KYP,Available,Amateur Full Radio Licence,KYP
M0KYQ,Available,Amateur Full Radio Licence,KYQ
M0KYS,Available,Amateur Full Radio Licence,KYS
M0KYT,Available,Amateur Full Radio Licence,KYT
M0KYU,Available,Amateur Full Radio Licence,KYU
M0KYV,Available,Amateur Full Radio Licence,KYV
M0KYW,Available,Amateur Full Radio Licence,KYW
M0KYX,Available,Amateur Full Radio Licence,KYX
M0KYY,Available,Amateur Full Radio Licence,KYY
M0KYZ,Available,Amateur Full Radio Licence,KYZ
M0KZD,Available,Amateur Full Radio Licence,KZD
M0KZE,Available,Amateur Full Radio Licence,KZE
M0KZF,Available,Amateur Full Radio Licence,KZF
M0KZG,Available,Amateur Full Radio Licence,KZG
M0KZI,Available,Amateur Full Radio Licence,KZI
M0KZK,Available,Amateur Full Radio Licence,KZK
M0KZL,Available,Amateur Full Radio Licence,KZL
M0KZN,Available,Amateur Full Radio Licence,KZN
M0KZO,Available,Amateur Full Radio Licence,KZO
M0KZP,Available,Amateur Full Radio Licence,KZP
M0KZQ,Available,Amateur Full Radio Licence,KZQ
M0KZR,Available,Amateur Full Radio Licence,KZR
M0KZS,Available,Amateur Full Radio Licence,KZS
M0KZT,Available,Amateur Full Radio Licence,KZT
M0KZU,Available,Amateur Full Radio Licence,KZU
M0KZW,Available,Amateur Full Radio Licence,KZW
M0KZX,Available,Amateur Full Radio Licence,KZX
M0KZZ,Available,Amateur Full Radio Licence,KZZ
M0LAQ,Available,Amateur Full Radio Licence,LAQ
M0LAV,Available,Amateur Full Radio Licence,LAV
M0LAZ,Available,Amateur Full Radio Licence,LAZ
M0LBE,Available,Amateur Full Radio Licence,LBE
M0LBF,Available,Amateur Full Radio Licence,LBF
M0LBG,Available,Amateur Full Radio Licence,LBG
M0LBH,Available,Amateur Full Radio Licence,LBH
M0LBI,Available,Amateur Full Radio Licence,LBI
M0LBO,Available,Amateur Full Radio Licence,LBO
M0LBP,Available,Amateur Full Radio Licence,LBP
M0LBQ,Available,Amateur Full Radio Licence,LBQ
M0LBU,Available,Amateur Full Radio Licence,LBU
M0LBW,Available,Amateur Full Radio Licence,LBW
M0LCE,Available,Amateur Full Radio Licence,LCE
M0LCF,Available,Amateur Full Radio Licence,LCF
M0LCI,Available,Amateur Full Radio Licence,LCI
M0LCJ,Available,Amateur Full Radio Licence,LCJ
M0LCL,Available,Amateur Full Radio Licence,LCL
M0LCN,Available,Amateur Full Radio Licence,LCN
M0LCO,Available,Amateur Full Radio Licence,LCO
M0LCP,Available,Amateur Full Radio Licence,LCP
M0LCQ,Available,Amateur Full Radio Licence,LCQ
M0LCS,Available,Amateur Full Radio Licence,LCS
M0LCT,Available,Amateur Full Radio Licence,LCT
M0LCU,Available,Amateur Full Radio Licence,LCU
M0LCV,Available,Amateur Full Radio Licence,LCV
M0LCX,Available,Amateur Full Radio Licence,LCX
M0LCZ,Available,Amateur Full Radio Licence,LCZ
M0LDB,Available,Amateur Full Radio Licence,LDB
M0LDC,Available,Amateur Full Radio Licence,LDC
M0LDD,Available,Amateur Full Radio Licence,LDD
M0LDF,Available,Amateur Full Radio Licence,LDF
M0LDK,Available,Amateur Full Radio Licence,LDK
M0LDL,Available,Amateur Full Radio Licence,LDL
M0LDO,Available,Amateur Full Radio Licence,LDO
M0LDP,Available,Amateur Full Radio Licence,LDP
M0LDT,Available,Amateur Full Radio Licence,LDT
M0LEG,Available,Amateur Full Radio Licence,LEG
M0LEI,Available,Amateur Full Radio Licence,LEI
M0LEJ,Available,Amateur Full Radio Licence,LEJ
M0LEM,Available,Amateur Full Radio Licence,LEM
M0LEQ,Available,Amateur Full Radio Licence,LEQ
M0LEU,Available,Amateur Full Radio Licence,LEU
M0LFD,Available,Amateur Full Radio Licence,LFD
M0LFE,Available,Amateur Full Radio Licence,LFE
M0LFF,Available,Amateur Full Radio Licence,LFF
M0LFH,Available,Amateur Full Radio Licence,LFH
M0LFI,Available,Amateur Full Radio Licence,LFI
M0LFJ,Available,Amateur Full Radio Licence,LFJ
M0LFK,Available,Amateur Full Radio Licence,LFK
M0LFL,Available,Amateur Full Radio Licence,LFL
M0LFM,Available,Amateur Full Radio Licence,LFM
M0LFN,Available,Amateur Full Radio Licence,LFN
M0LFP,Available,Amateur Full Radio Licence,LFP
M0LFQ,Available,Amateur Full Radio Licence,LFQ
M0LFR,Available,Amateur Full Radio Licence,LFR
M0LFT,Available,Amateur Full Radio Licence,LFT
M0LFU,Available,Amateur Full Radio Licence,LFU
M0LFV,Available,Amateur Full Radio Licence,LFV
M0LFW,Available,Amateur Full Radio Licence,LFW
M0LFX,Available,Amateur Full Radio Licence,LFX
M0LFY,Available,Amateur Full Radio Licence,LFY
M0LFZ,Available,Amateur Full Radio Licence,LFZ
M0LGE,Available,Amateur Full Radio Licence,LGE
M0LGF,Available,Amateur Full Radio Licence,LGF
M0LGG,Available,Amateur Full Radio Licence,LGG
M0LGI,Available,Amateur Full Radio Licence,LGI
M0LGJ,Available,Amateur Full Radio Licence,LGJ
M0LGK,Available,Amateur Full Radio Licence,LGK
M0LGM,Available,Amateur Full Radio Licence,LGM
M0LGO,Available,Amateur Full Radio Licence,LGO
M0LGQ,Available,Amateur Full Radio Licence,LGQ
M0LGU,Available,Amateur Full Radio Licence,LGU
M0LGW,Available,Amateur Full Radio Licence,LGW
M0LGY,Available,Amateur Full Radio Licence,LGY
M0LGZ,Available,Amateur Full Radio Licence,LGZ
M0LHA,Available,Amateur Full Radio Licence,LHA
M0LHC,Available,Amateur Full Radio Licence,LHC
M0LHD,Available,Amateur Full Radio Licence,LHD
M0LHE,Available,Amateur Full Radio Licence,LHE
M0LHF,Available,Amateur Full Radio Licence,LHF
M0LHG,Available,Amateur Full Radio Licence,LHG
M0LHH,Available,Amateur Full Radio Licence,LHH
M0LHI,Available,Amateur Full Radio Licence,LHI
M0LHJ,Available,Amateur Full Radio Licence,LHJ
M0LHL,Available,Amateur Full Radio Licence,LHL
M0LHM,Available,Amateur Full Radio Licence,LHM
M0LHN,Available,Amateur Full Radio Licence,LHN
M0LHO,Available,Amateur Full Radio Licence,LHO
M0LHP,Available,Amateur Full Radio Licence,LHP
M0LHQ,Available,Amateur Full Radio Licence,LHQ
M0LHT,Available,Amateur Full Radio Licence,LHT
M0LHU,Available,Amateur Full Radio Licence,LHU
M0LHV,Available,Amateur Full Radio Licence,LHV
M0LHW,Available,Amateur Full Radio Licence,LHW
M0LHX,Available,Amateur Full Radio Licence,LHX
M0LHY,Available,Amateur Full Radio Licence,LHY
M0LHZ,Available,Amateur Full Radio Licence,LHZ
M0LIA,Available,Amateur Full Radio Licence,LIA
M0LIF,Available,Amateur Full Radio Licence,LIF
M0LIG,Available,Amateur Full Radio Licence,LIG
M0LIH,Available,Amateur Full Radio Licence,LIH
M0LII,Available,Amateur Full Radio Licence,LII
M0LIJ,Available,Amateur Full Radio Licence,LIJ
M0LIK,Available,Amateur Full Radio Licence,LIK
M0LIL,Available,Amateur Full Radio Licence,LIL
M0LIP,Available,Amateur Full Radio Licence,LIP
M0LIQ,Available,Amateur Full Radio Licence,LIQ
M0LIR,Available,Amateur Full Radio Licence,LIR
M0LIU,Available,Amateur Full Radio Licence,LIU
M0LIW,Available,Amateur Full Radio Licence,LIW
M0LIX,Available,Amateur Full Radio Licence,LIX
M0LIY,Available,Amateur Full Radio Licence,LIY
M0LJE,Available,Amateur Full Radio Licence,LJE
M0LJF,Available,Amateur Full Radio Licence,LJF
M0LJH,Available,Amateur Full Radio Licence,LJH
M0LJI,Available,Amateur Full Radio Licence,LJI
M0LJJ,Available,Amateur Full Radio Licence,LJJ
M0LJN,Available,Amateur Full Radio Licence,LJN
M0LJO,Available,Amateur Full Radio Licence,LJO
M0LJQ,Available,Amateur Full Radio Licence,LJQ
M0LJR,Available,Amateur Full Radio Licence,LJR
M0LJS,Available,Amateur Full Radio Licence,LJS
M0LJU,Available,Amateur Full Radio Licence,LJU
M0LJV,Available,Amateur Full Radio Licence,LJV
M0LJW,Available,Amateur Full Radio Licence,LJW
M0LJX,Available,Amateur Full Radio Licence,LJX
M0LJY,Available,Amateur Full Radio Licence,LJY
M0LJZ,Available,Amateur Full Radio Licence,LJZ
M0LKA,Available,Amateur Full Radio Licence,LKA
M0LKE,Available,Amateur Full Radio Licence,LKE
M0LKF,Available,Amateur Full Radio Licence,LKF
M0LKG,Available,Amateur Full Radio Licence,LKG
M0LKH,Available,Amateur Full Radio Licence,LKH
M0LKI,Available,Amateur Full Radio Licence,LKI
M0LKJ,Available,Amateur Full Radio Licence,LKJ
M0LKK,Available,Amateur Full Radio Licence,LKK
M0LKM,Available,Amateur Full Radio Licence,LKM
M0LKN,Available,Amateur Full Radio Licence,LKN
M0LKO,Available,Amateur Full Radio Licence,LKO
M0LKP,Available,Amateur Full Radio Licence,LKP
M0LKR,Available,Amateur Full Radio Licence,LKR
M0LKU,Available,Amateur Full Radio Licence,LKU
M0LKV,Available,Amateur Full Radio Licence,LKV
M0LKW,Available,Amateur Full Radio Licence,LKW
M0LKX,Available,Amateur Full Radio Licence,LKX
M0LKZ,Available,Amateur Full Radio Licence,LKZ
M0LLB,Available,Amateur Full Radio Licence,LLB
M0LLC,Available,Amateur Full Radio Licence,LLC
M0LLD,Available,Amateur Full Radio Licence,LLD
M0LLF,Available,Amateur Full Radio Licence,LLF
M0LLH,Available,Amateur Full Radio Licence,LLH
M0LLJ,Available,Amateur Full Radio Licence,LLJ
M0LLM,Available,Amateur Full Radio Licence,LLM
M0LLN,Available,Amateur Full Radio Licence,LLN
M0LLP,Available,Amateur Full Radio Licence,LLP
M0LLQ,Available,Amateur Full Radio Licence,LLQ
M0LLR,Available,Amateur Full Radio Licence,LLR
M0LLT,Available,Amateur Full Radio Licence,LLT
M0LLU,Available,Amateur Full Radio Licence,LLU
M0LLV,Available,Amateur Full Radio Licence,LLV
M0LLX,Available,Amateur Full Radio Licence,LLX
M0LMA,Available,Amateur Full Radio Licence,LMA
M0LMD,Available,Amateur Full Radio Licence,LMD
M0LME,Available,Amateur Full Radio Licence,LME
M0LMF,Available,Amateur Full Radio Licence,LMF
M0LMG,Available,Amateur Full Radio Licence,LMG
M0LMJ,Available,Amateur Full Radio Licence,LMJ
M0LML,Available,Amateur Full Radio Licence,LML
M0LMM,Available,Amateur Full Radio Licence,LMM
M0LMQ,Available,Amateur Full Radio Licence,LMQ
M0LMR,Available,Amateur Full Radio Licence,LMR
M0LMT,Available,Amateur Full Radio Licence,LMT
M0LMU,Available,Amateur Full Radio Licence,LMU
M0LMV,Available,Amateur Full Radio Licence,LMV
M0LMX,Available,Amateur Full Radio Licence,LMX
M0LMY,Available,Amateur Full Radio Licence,LMY
M0LMZ,Available,Amateur Full Radio Licence,LMZ
M0LNA,Available,Amateur Full Radio Licence,LNA
M0LNC,Available,Amateur Full Radio Licence,LNC
M0LND,Available,Amateur Full Radio Licence,LND
M0LNF,Available,Amateur Full Radio Licence,LNF
M0LNG,Available,Amateur Full Radio Licence,LNG
M0LNH,Available,Amateur Full Radio Licence,LNH
M0LNI,Available,Amateur Full Radio Licence,LNI
M0LNJ,Available,Amateur Full Radio Licence,LNJ
M0LNK,Available,Amateur Full Radio Licence,LNK
M0LNL,Available,Amateur Full Radio Licence,LNL
M0LNM,Available,Amateur Full Radio Licence,LNM
M0LNN,Available,Amateur Full Radio Licence,LNN
M0LNO,Available,Amateur Full Radio Licence,LNO
M0LNP,Available,Amateur Full Radio Licence,LNP
M0LNQ,Available,Amateur Full Radio Licence,LNQ
M0LNR,Available,Amateur Full Radio Licence,LNR
M0LNS,Available,Amateur Full Radio Licence,LNS
M0LNT,Available,Amateur Full Radio Licence,LNT
M0LNU,Available,Amateur Full Radio Licence,LNU
M0LNV,Available,Amateur Full Radio Licence,LNV
M0LNW,Available,Amateur Full Radio Licence,LNW
M0LNY,Available,Amateur Full Radio Licence,LNY
M0LOA,Available,Amateur Full Radio Licence,LOA
M0LOC,Available,Amateur Full Radio Licence,LOC
M0LOD,Available,Amateur Full Radio Licence,LOD
M0LOE,Available,Amateur Full Radio Licence,LOE
M0LOF,Available,Amateur Full Radio Licence,LOF
M0LOH,Available,Amateur Full Radio Licence,LOH
M0LOI,Available,Amateur Full Radio Licence,LOI
M0LOJ,Available,Amateur Full Radio Licence,LOJ
M0LOK,Available,Amateur Full Radio Licence,LOK
M0LOP,Available,Amateur Full Radio Licence,LOP
M0LOQ,Available,Amateur Full Radio Licence,LOQ
M0LOR,Available,Amateur Full Radio Licence,LOR
M0LOT,Available,Amateur Full Radio Licence,LOT
M0LOX,Available,Amateur Full Radio Licence,LOX
M0LPB,Available,Amateur Full Radio Licence,LPB
M0LPH,Available,Amateur Full Radio Licence,LPH
M0LPI,Available,Amateur Full Radio Licence,LPI
M0LPJ,Available,Amateur Full Radio Licence,LPJ
M0LPK,Available,Amateur Full Radio Licence,LPK
M0LPM,Available,Amateur Full Radio Licence,LPM
M0LPN,Available,Amateur Full Radio Licence,LPN
M0LPP,Available,Amateur Full Radio Licence,LPP
M0LPQ,Available,Amateur Full Radio Licence,LPQ
M0LPR,Available,Amateur Full Radio Licence,LPR
M0LPS,Available,Amateur Full Radio Licence,LPS
M0LPU,Available,Amateur Full Radio Licence,LPU
M0LPV,Available,Amateur Full Radio Licence,LPV
M0LPW,Available,Amateur Full Radio Licence,LPW
M0LPX,Available,Amateur Full Radio Licence,LPX
M0LPY,Available,Amateur Full Radio Licence,LPY
M0LPZ,Available,Amateur Full Radio Licence,LPZ
M0LQA,Available,Amateur Full Radio Licence,LQA
M0LQB,Available,Amateur Full Radio Licence,LQB
M0LQC,Available,Amateur Full Radio Licence,LQC
M0LQD,Available,Amateur Full Radio Licence,LQD
M0LQE,Available,Amateur Full Radio Licence,LQE
M0LQF,Available,Amateur Full Radio Licence,LQF
M0LQG,Available,Amateur Full Radio Licence,LQG
M0LQH,Available,Amateur Full Radio Licence,LQH
M0LQI,Available,Amateur Full Radio Licence,LQI
M0LQJ,Available,Amateur Full Radio Licence,LQJ
M0LQK,Available,Amateur Full Radio Licence,LQK
M0LQL,Available,Amateur Full Radio Licence,LQL
M0LQM,Available,Amateur Full Radio Licence,LQM
M0LQN,Available,Amateur Full Radio Licence,LQN
M0LQO,Available,Amateur Full Radio Licence,LQO
M0LQP,Available,Amateur Full Radio Licence,LQP
M0LQQ,Available,Amateur Full Radio Licence,LQQ
M0LQS,Available,Amateur Full Radio Licence,LQS
M0LQT,Available,Amateur Full Radio Licence,LQT
M0LQU,Available,Amateur Full Radio Licence,LQU
M0LQV,Available,Amateur Full Radio Licence,LQV
M0LQW,Available,Amateur Full Radio Licence,LQW
M0LQX,Available,Amateur Full Radio Licence,LQX
M0LQY,Available,Amateur Full Radio Licence,LQY
M0LQZ,Available,Amateur Full Radio Licence,LQZ
M0LRA,Available,Amateur Full Radio Licence,LRA
M0LRF,Available,Amateur Full Radio Licence,LRF
M0LRH,Available,Amateur Full Radio Licence,LRH
M0LRI,Available,Amateur Full Radio Licence,LRI
M0LRJ,Available,Amateur Full Radio Licence,LRJ
M0LRK,Available,Amateur Full Radio Licence,LRK
M0LRL,Available,Amateur Full Radio Licence,LRL
M0LRN,Available,Amateur Full Radio Licence,LRN
M0LRP,Available,Amateur Full Radio Licence,LRP
M0LRR,Available,Amateur Full Radio Licence,LRR
M0LRU,Available,Amateur Full Radio Licence,LRU
M0LRV,Available,Amateur Full Radio Licence,LRV
M0LRW,Available,Amateur Full Radio Licence,LRW
M0LRY,Available,Amateur Full Radio Licence,LRY
M0LRZ,Available,Amateur Full Radio Licence,LRZ
M0LSC,Available,Amateur Full Radio Licence,LSC
M0LSF,Available,Amateur Full Radio Licence,LSF
M0LSG,Available,Amateur Full Radio Licence,LSG
M0LSH,Available,Amateur Full Radio Licence,LSH
M0LSI,Available,Amateur Full Radio Licence,LSI
M0LSJ,Available,Amateur Full Radio Licence,LSJ
M0LSL,Available,Amateur Full Radio Licence,LSL
M0LSO,Available,Amateur Full Radio Licence,LSO
M0LSP,Available,Amateur Full Radio Licence,LSP
M0LSQ,Available,Amateur Full Radio Licence,LSQ
M0LST,Available,Amateur Full Radio Licence,LST
M0LSU,Available,Amateur Full Radio Licence,LSU
M0LSW,Available,Amateur Full Radio Licence,LSW
M0LSZ,Available,Amateur Full Radio Licence,LSZ
M0LTB,Available,Amateur Full Radio Licence,LTB
M0LTE,Available,Amateur Full Radio Licence,LTE
M0LTF,Available,Amateur Full Radio Licence,LTF
M0LTG,Available,Amateur Full Radio Licence,LTG
M0LTH,Available,Amateur Full Radio Licence,LTH
M0LTI,Available,Amateur Full Radio Licence,LTI
M0LTJ,Available,Amateur Full Radio Licence,LTJ
M0LTL,Available,Amateur Full Radio Licence,LTL
M0LTM,Available,Amateur Full Radio Licence,LTM
M0LTQ,Available,Amateur Full Radio Licence,LTQ
M0LTR,Available,Amateur Full Radio Licence,LTR
M0LTS,Available,Amateur Full Radio Licence,LTS
M0LTU,Available,Amateur Full Radio Licence,LTU
M0LTV,Available,Amateur Full Radio Licence,LTV
M0LTX,Available,Amateur Full Radio Licence,LTX
M0LTY,Available,Amateur Full Radio Licence,LTY
M0LTZ,Available,Amateur Full Radio Licence,LTZ
M0LUA,Available,Amateur Full Radio Licence,LUA
M0LUB,Available,Amateur Full Radio Licence,LUB
M0LUC,Available,Amateur Full Radio Licence,LUC
M0LUE,Available,Amateur Full Radio Licence,LUE
M0LUF,Available,Amateur Full Radio Licence,LUF
M0LUH,Available,Amateur Full Radio Licence,LUH
M0LUI,Available,Amateur Full Radio Licence,LUI
M0LUJ,Available,Amateur Full Radio Licence,LUJ
M0LUL,Available,Amateur Full Radio Licence,LUL
M0LUM,Available,Amateur Full Radio Licence,LUM
M0LUN,Available,Amateur Full Radio Licence,LUN
M0LUO,Available,Amateur Full Radio Licence,LUO
M0LUQ,Available,Amateur Full Radio Licence,LUQ
M0LUR,Available,Amateur Full Radio Licence,LUR
M0LUT,Available,Amateur Full Radio Licence,LUT
M0LUU,Available,Amateur Full Radio Licence,LUU
M0LUW,Available,Amateur Full Radio Licence,LUW
M0LUZ,Available,Amateur Full Radio Licence,LUZ
M0LVA,Available,Amateur Full Radio Licence,LVA
M0LVB,Available,Amateur Full Radio Licence,LVB
M0LVC,Available,Amateur Full Radio Licence,LVC
M0LVD,Available,Amateur Full Radio Licence,LVD
M0LVE,Available,Amateur Full Radio Licence,LVE
M0LVF,Available,Amateur Full Radio Licence,LVF
M0LVG,Available,Amateur Full Radio Licence,LVG
M0LVH,Available,Amateur Full Radio Licence,LVH
M0LVI,Available,Amateur Full Radio Licence,LVI
M0LVJ,Available,Amateur Full Radio Licence,LVJ
M0LVK,Available,Amateur Full Radio Licence,LVK
M0LVL,Available,Amateur Full Radio Licence,LVL
M0LVM,Available,Amateur Full Radio Licence,LVM
M0LVN,Available,Amateur Full Radio Licence,LVN
M0LVO,Available,Amateur Full Radio Licence,LVO
M0LVP,Available,Amateur Full Radio Licence,LVP
M0LVQ,Available,Amateur Full Radio Licence,LVQ
M0LVR,Available,Amateur Full Radio Licence,LVR
M0LVS,Available,Amateur Full Radio Licence,LVS
M0LVT,Available,Amateur Full Radio Licence,LVT
M0LVU,Available,Amateur Full Radio Licence,LVU
M0LVV,Available,Amateur Full Radio Licence,LVV
M0LVX,Available,Amateur Full Radio Licence,LVX
M0LVY,Available,Amateur Full Radio Licence,LVY
M0LVZ,Available,Amateur Full Radio Licence,LVZ
M0LWA,Available,Amateur Full Radio Licence,LWA
M0LWC,Available,Amateur Full Radio Licence,LWC
M0LWD,Available,Amateur Full Radio Licence,LWD
M0LWE,Available,Amateur Full Radio Licence,LWE
M0LWF,Available,Amateur Full Radio Licence,LWF
M0LWG,Available,Amateur Full Radio Licence,LWG
M0LWH,Available,Amateur Full Radio Licence,LWH
M0LWI,Available,Amateur Full Radio Licence,LWI
M0LWJ,Available,Amateur Full Radio Licence,LWJ
M0LWK,Available,Amateur Full Radio Licence,LWK
M0LWN,Available,Amateur Full Radio Licence,LWN
M0LWP,Available,Amateur Full Radio Licence,LWP
M0LWQ,Available,Amateur Full Radio Licence,LWQ
M0LWS,Available,Amateur Full Radio Licence,LWS
M0LWT,Available,Amateur Full Radio Licence,LWT
M0LWU,Available,Amateur Full Radio Licence,LWU
M0LWV,Available,Amateur Full Radio Licence,LWV
M0LWW,Available,Amateur Full Radio Licence,LWW
M0LWX,Available,Amateur Full Radio Licence,LWX
M0LWY,Available,Amateur Full Radio Licence,LWY
M0LWZ,Available,Amateur Full Radio Licence,LWZ
M0LXB,Available,Amateur Full Radio Licence,LXB
M0LXC,Available,Amateur Full Radio Licence,LXC
M0LXD,Available,Amateur Full Radio Licence,LXD
M0LXE,Available,Amateur Full Radio Licence,LXE
M0LXF,Available,Amateur Full Radio Licence,LXF
M0LXG,Available,Amateur Full Radio Licence,LXG
M0LXH,Available,Amateur Full Radio Licence,LXH
M0LXI,Available,Amateur Full Radio Licence,LXI
M0LXJ,Available,Amateur Full Radio Licence,LXJ
M0LXK,Available,Amateur Full Radio Licence,LXK
M0LXL,Available,Amateur Full Radio Licence,LXL
M0LXM,Available,Amateur Full Radio Licence,LXM
M0LXN,Available,Amateur Full Radio Licence,LXN
M0LXO,Available,Amateur Full Radio Licence,LXO
M0LXP,Available,Amateur Full Radio Licence,LXP
M0LXQ,Available,Amateur Full Radio Licence,LXQ
M0LXR,Available,Amateur Full Radio Licence,LXR
M0LXS,Available,Amateur Full Radio Licence,LXS
M0LXU,Available,Amateur Full Radio Licence,LXU
M0LXV,Available,Amateur Full Radio Licence,LXV
M0LXW,Available,Amateur Full Radio Licence,LXW
M0LXX,Available,Amateur Full Radio Licence,LXX
M0LXY,Available,Amateur Full Radio Licence,LXY
M0LXZ,Available,Amateur Full Radio Licence,LXZ
M0LYA,Available,Amateur Full Radio Licence,LYA
M0LYB,Available,Amateur Full Radio Licence,LYB
M0LYE,Available,Amateur Full Radio Licence,LYE
M0LYF,Available,Amateur Full Radio Licence,LYF
M0LYG,Available,Amateur Full Radio Licence,LYG
M0LYH,Available,Amateur Full Radio Licence,LYH
M0LYJ,Available,Amateur Full Radio Licence,LYJ
M0LYK,Available,Amateur Full Radio Licence,LYK
M0LYL,Available,Amateur Full Radio Licence,LYL
M0LYM,Available,Amateur Full Radio Licence,LYM
M0LYO,Available,Amateur Full Radio Licence,LYO
M0LYP,Available,Amateur Full Radio Licence,LYP
M0LYR,Available,Amateur Full Radio Licence,LYR
M0LYS,Available,Amateur Full Radio Licence,LYS
M0LYU,Available,Amateur Full Radio Licence,LYU
M0LYV,Available,Amateur Full Radio Licence,LYV
M0LYW,Available,Amateur Full Radio Licence,LYW
M0LYY,Available,Amateur Full Radio Licence,LYY
M0LYZ,Available,Amateur Full Radio Licence,LYZ
M0LZB,Available,Amateur Full Radio Licence,LZB
M0LZC,Available,Amateur Full Radio Licence,LZC
M0LZD,Available,Amateur Full Radio Licence,LZD
M0LZE,Available,Amateur Full Radio Licence,LZE
M0LZF,Available,Amateur Full Radio Licence,LZF
M0LZG,Available,Amateur Full Radio Licence,LZG
M0LZH,Available,Amateur Full Radio Licence,LZH
M0LZI,Available,Amateur Full Radio Licence,LZI
M0LZJ,Available,Amateur Full Radio Licence,LZJ
M0LZK,Available,Amateur Full Radio Licence,LZK
M0LZL,Available,Amateur Full Radio Licence,LZL
M0LZN,Available,Amateur Full Radio Licence,LZN
M0LZO,Available,Amateur Full Radio Licence,LZO
M0LZQ,Available,Amateur Full Radio Licence,LZQ
M0LZR,Available,Amateur Full Radio Licence,LZR
M0LZS,Available,Amateur Full Radio Licence,LZS
M0LZT,Available,Amateur Full Radio Licence,LZT
M0LZU,Available,Amateur Full Radio Licence,LZU
M0LZV,Available,Amateur Full Radio Licence,LZV
M0LZW,Available,Amateur Full Radio Licence,LZW
M0LZX,Available,Amateur Full Radio Licence,LZX
M0LZY,Available,Amateur Full Radio Licence,LZY
M0MBQ,Available,Amateur Full Radio Licence,MBQ
M0MCJ,Available,Amateur Full Radio Licence,MCJ
M0MCL,Available,Amateur Full Radio Licence,MCL
M0MCN,Available,Amateur Full Radio Licence,MCN
M0MCO,Available,Amateur Full Radio Licence,MCO
M0MCQ,Available,Amateur Full Radio Licence,MCQ
M0MCT,Available,Amateur Full Radio Licence,MCT
M0MCZ,Available,Amateur Full Radio Licence,MCZ
M0MDD,Available,Amateur Full Radio Licence,MDD
M0MDE,Available,Amateur Full Radio Licence,MDE
M0MDN,Available,Amateur Full Radio Licence,MDN
M0MDQ,Available,Amateur Full Radio Licence,MDQ
M0MDU,Available,Amateur Full Radio Licence,MDU
M0MDV,Available,Amateur Full Radio Licence,MDV
M0MDZ,Available,Amateur Full Radio Licence,MDZ
M0MEB,Available,Amateur Full Radio Licence,MEB
M0MEF,Available,Amateur Full Radio Licence,MEF
M0MEJ,Available,Amateur Full Radio Licence,MEJ
M0MEK,Available,Amateur Full Radio Licence,MEK
M0MEP,Available,Amateur Full Radio Licence,MEP
M0MEQ,Available,Amateur Full Radio Licence,MEQ
M0MEU,Available,Amateur Full Radio Licence,MEU
M0MEY,Available,Amateur Full Radio Licence,MEY
M0MEZ,Available,Amateur Full Radio Licence,MEZ
M0MFE,Available,Amateur Full Radio Licence,MFE
M0MFH,Available,Amateur Full Radio Licence,MFH
M0MFJ,Available,Amateur Full Radio Licence,MFJ
M0MFK,Available,Amateur Full Radio Licence,MFK
M0MFN,Available,Amateur Full Radio Licence,MFN
M0MFO,Available,Amateur Full Radio Licence,MFO
M0MFQ,Available,Amateur Full Radio Licence,MFQ
M0MFR,Available,Amateur Full Radio Licence,MFR
M0MFS,Available,Amateur Full Radio Licence,MFS
M0MFU,Available,Amateur Full Radio Licence,MFU
M0MFV,Available,Amateur Full Radio Licence,MFV
M0MFW,Available,Amateur Full Radio Licence,MFW
M0MFX,Available,Amateur Full Radio Licence,MFX
M0MFY,Available,Amateur Full Radio Licence,MFY
M0MFZ,Available,Amateur Full Radio Licence,MFZ
M0MGI,Available,Amateur Full Radio Licence,MGI
M0MGL,Available,Amateur Full Radio Licence,MGL
M0MGN,Available,Amateur Full Radio Licence,MGN
M0MGO,Available,Amateur Full Radio Licence,MGO
M0MGP,Available,Amateur Full Radio Licence,MGP
M0MGQ,Available,Amateur Full Radio Licence,MGQ
M0MGR,Available,Amateur Full Radio Licence,MGR
M0MGU,Available,Amateur Full Radio Licence,MGU
M0MGV,Available,Amateur Full Radio Licence,MGV
M0MGW,Available,Amateur Full Radio Licence,MGW
M0MGX,Available,Amateur Full Radio Licence,MGX
M0MGZ,Available,Amateur Full Radio Licence,MGZ
M0MHA,Available,Amateur Full Radio Licence,MHA
M0MHD,Available,Amateur Full Radio Licence,MHD
M0MHE,Available,Amateur Full Radio Licence,MHE
M0MHF,Available,Amateur Full Radio Licence,MHF
M0MHG,Available,Amateur Full Radio Licence,MHG
M0MHH,Available,Amateur Full Radio Licence,MHH
M0MHI,Available,Amateur Full Radio Licence,MHI
M0MHJ,Available,Amateur Full Radio Licence,MHJ
M0MHK,Available,Amateur Full Radio Licence,MHK
M0MHL,Available,Amateur Full Radio Licence,MHL
M0MHM,Available,Amateur Full Radio Licence,MHM
M0MHN,Available,Amateur Full Radio Licence,MHN
M0MHO,Available,Amateur Full Radio Licence,MHO
M0MHP,Available,Amateur Full Radio Licence,MHP
M0MHQ,Available,Amateur Full Radio Licence,MHQ
M0MHR,Available,Amateur Full Radio Licence,MHR
M0MHT,Available,Amateur Full Radio Licence,MHT
M0MHU,Available,Amateur Full Radio Licence,MHU
M0MHV,Available,Amateur Full Radio Licence,MHV
M0MHW,Available,Amateur Full Radio Licence,MHW
M0MHX,Available,Amateur Full Radio Licence,MHX
M0MIF,Available,Amateur Full Radio Licence,MIF
M0MIH,Available,Amateur Full Radio Licence,MIH
M0MII,Available,Amateur Full Radio Licence,MII
M0MIP,Available,Amateur Full Radio Licence,MIP
M0MIU,Available,Amateur Full Radio Licence,MIU
M0MIV,Available,Amateur Full Radio Licence,MIV
M0MIY,Available,Amateur Full Radio Licence,MIY
M0MIZ,Available,Amateur Full Radio Licence,MIZ
M0MJE,Available,Amateur Full Radio Licence,MJE
M0MJI,Available,Amateur Full Radio Licence,MJI
M0MJN,Available,Amateur Full Radio Licence,MJN
M0MJQ,Available,Amateur Full Radio Licence,MJQ
M0MJV,Available,Amateur Full Radio Licence,MJV
M0MJX,Available,Amateur Full Radio Licence,MJX
M0MJZ,Available,Amateur Full Radio Licence,MJZ
M0MKF,Available,Amateur Full Radio Licence,MKF
M0MKJ,Available,Amateur Full Radio Licence,MKJ
M0MKL,Available,Amateur Full Radio Licence,MKL
M0MKN,Available,Amateur Full Radio Licence,MKN
M0MKP,Available,Amateur Full Radio Licence,MKP
M0MKQ,Available,Amateur Full Radio Licence,MKQ
M0MKU,Available,Amateur Full Radio Licence,MKU
M0MKV,Available,Amateur Full Radio Licence,MKV
M0MKY,Available,Amateur Full Radio Licence,MKY
M0MKZ,Available,Amateur Full Radio Licence,MKZ
M0MLA,Available,Amateur Full Radio Licence,MLA
M0MLF,Available,Amateur Full Radio Licence,MLF
M0MLI,Available,Amateur Full Radio Licence,MLI
M0MLK,Available,Amateur Full Radio Licence,MLK
M0MLL,Available,Amateur Full Radio Licence,MLL
M0MLP,Available,Amateur Full Radio Licence,MLP
M0MLQ,Available,Amateur Full Radio Licence,MLQ
M0MLS,Available,Amateur Full Radio Licence,MLS
M0MLU,Available,Amateur Full Radio Licence,MLU
M0MLZ,Available,Amateur Full Radio Licence,MLZ
M0MMD,Available,Amateur Full Radio Licence,MMD
M0MML,Available,Amateur Full Radio Licence,MML
M0MMN,Available,Amateur Full Radio Licence,MMN
M0MMP,Available,Amateur Full Radio Licence,MMP
M0MMQ,Available,Amateur Full Radio Licence,MMQ
M0MMR,Available,Amateur Full Radio Licence,MMR
M0MMU,Available,Amateur Full Radio Licence,MMU
M0MMV,Available,Amateur Full Radio Licence,MMV
M0MMW,Available,Amateur Full Radio Licence,MMW
M0MNA,Available,Amateur Full Radio Licence,MNA
M0MNB,Available,Amateur Full Radio Licence,MNB
M0MNE,Available,Amateur Full Radio Licence,MNE
M0MNF,Available,Amateur Full Radio Licence,MNF
M0MNH,Available,Amateur Full Radio Licence,MNH
M0MNI,Available,Amateur Full Radio Licence,MNI
M0MNJ,Available,Amateur Full Radio Licence,MNJ
M0MNL,Available,Amateur Full Radio Licence,MNL
M0MNN,Available,Amateur Full Radio Licence,MNN
M0MNP,Available,Amateur Full Radio Licence,MNP
M0MNQ,Available,Amateur Full Radio Licence,MNQ
M0MNR,Available,Amateur Full Radio Licence,MNR
M0MNT,Available,Amateur Full Radio Licence,MNT
M0MNW,Available,Amateur Full Radio Licence,MNW
M0MNY,Available,Amateur Full Radio Licence,MNY
M0MNZ,Available,Amateur Full Radio Licence,MNZ
M0MOH,Available,Amateur Full Radio Licence,MOH
M0MOJ,Available,Amateur Full Radio Licence,MOJ
M0MOP,Available,Amateur Full Radio Licence,MOP
M0MOQ,Available,Amateur Full Radio Licence,MOQ
M0MOU,Available,Amateur Full Radio Licence,MOU
M0MOV,Available,Amateur Full Radio Licence,MOV
M0MOW,Available,Amateur Full Radio Licence,MOW
M0MOX,Available,Amateur Full Radio Licence,MOX
M0MOY,Available,Amateur Full Radio Licence,MOY
M0MOZ,Available,Amateur Full Radio Licence,MOZ
M0MPD,Available,Amateur Full Radio Licence,MPD
M0MPE,Available,Amateur Full Radio Licence,MPE
M0MPK,Available,Amateur Full Radio Licence,MPK
M0MPL,Available,Amateur Full Radio Licence,MPL
M0MPN,Available,Amateur Full Radio Licence,MPN
M0MPO,Available,Amateur Full Radio Licence,MPO
M0MPP,Available,Amateur Full Radio Licence,MPP
M0MPQ,Available,Amateur Full Radio Licence,MPQ
M0MPU,Available,Amateur Full Radio Licence,MPU
M0MPV,Available,Amateur Full Radio Licence,MPV
M0MPW,Available,Amateur Full Radio Licence,MPW
M0MPX,Available,Amateur Full Radio Licence,MPX
M0MPZ,Available,Amateur Full Radio Licence,MPZ
M0MQA,Available,Amateur Full Radio Licence,MQA
M0MQB,Available,Amateur Full Radio Licence,MQB
M0MQC,Available,Amateur Full Radio Licence,MQC
M0MQD,Available,Amateur Full Radio Licence,MQD
M0MQE,Available,Amateur Full Radio Licence,MQE
M0MQF,Available,Amateur Full Radio Licence,MQF
M0MQG,Available,Amateur Full Radio Licence,MQG
M0MQH,Available,Amateur Full Radio Licence,MQH
M0MQI,Available,Amateur Full Radio Licence,MQI
M0MQJ,Available,Amateur Full Radio Licence,MQJ
M0MQK,Available,Amateur Full Radio Licence,MQK
M0MQL,Available,Amateur Full Radio Licence,MQL
M0MQM,Available,Amateur Full Radio Licence,MQM
M0MQN,Available,Amateur Full Radio Licence,MQN
M0MQO,Available,Amateur Full Radio Licence,MQO
M0MQP,Available,Amateur Full Radio Licence,MQP
M0MQQ,Available,Amateur Full Radio Licence,MQQ
M0MQR,Available,Amateur Full Radio Licence,MQR
M0MQS,Available,Amateur Full Radio Licence,MQS
M0MQT,Available,Amateur Full Radio Licence,MQT
M0MQU,Available,Amateur Full Radio Licence,MQU
M0MQW,Available,Amateur Full Radio Licence,MQW
M0MQX,Available,Amateur Full Radio Licence,MQX
M0MQY,Available,Amateur Full Radio Licence,MQY
M0MQZ,Available,Amateur Full Radio Licence,MQZ
M0MRD,Available,Amateur Full Radio Licence,MRD
M0MRH,Available,Amateur Full Radio Licence,MRH
M0MRX,Available,Amateur Full Radio Licence,MRX
M0MSI,Available,Amateur Full Radio Licence,MSI
M0MSJ,Available,Amateur Full Radio Licence,MSJ
M0MSK,Available,Amateur Full Radio Licence,MSK
M0MSN,Available,Amateur Full Radio Licence,MSN
M0MSQ,Available,Amateur Full Radio Licence,MSQ
M0MSU,Available,Amateur Full Radio Licence,MSU
M0MSV,Available,Amateur Full Radio Licence,MSV
M0MSY,Available,Amateur Full Radio Licence,MSY
M0MTG,Available,Amateur Full Radio Licence,MTG
M0MTK,Available,Amateur Full Radio Licence,MTK
M0MTP,Available,Amateur Full Radio Licence,MTP
M0MTQ,Available,Amateur Full Radio Licence,MTQ
M0MTU,Available,Amateur Full Radio Licence,MTU
M0MTZ,Available,Amateur Full Radio Licence,MTZ
M0MUB,Available,Amateur Full Radio Licence,MUB
M0MUE,Available,Amateur Full Radio Licence,MUE
M0MUH,Available,Amateur Full Radio Licence,MUH
M0MUI,Available,Amateur Full Radio Licence,MUI
M0MUO,Available,Amateur Full Radio Licence,MUO
M0MUP,Available,Amateur Full Radio Licence,MUP
M0MUQ,Available,Amateur Full Radio Licence,MUQ
M0MUU,Available,Amateur Full Radio Licence,MUU
M0MUV,Available,Amateur Full Radio Licence,MUV
M0MUW,Available,Amateur Full Radio Licence,MUW
M0MUX,Available,Amateur Full Radio Licence,MUX
M0MUY,Available,Amateur Full Radio Licence,MUY
M0MVC,Available,Amateur Full Radio Licence,MVC
M0MVD,Available,Amateur Full Radio Licence,MVD
M0MVE,Available,Amateur Full Radio Licence,MVE
M0MVF,Available,Amateur Full Radio Licence,MVF
M0MVG,Available,Amateur Full Radio Licence,MVG
M0MVH,Available,Amateur Full Radio Licence,MVH
M0MVI,Available,Amateur Full Radio Licence,MVI
M0MVJ,Available,Amateur Full Radio Licence,MVJ
M0MVN,Available,Amateur Full Radio Licence,MVN
M0MVQ,Available,Amateur Full Radio Licence,MVQ
M0MVR,Available,Amateur Full Radio Licence,MVR
M0MVU,Available,Amateur Full Radio Licence,MVU
M0MVV,Available,Amateur Full Radio Licence,MVV
M0MVW,Available,Amateur Full Radio Licence,MVW
M0MVX,Available,Amateur Full Radio Licence,MVX
M0MVY,Available,Amateur Full Radio Licence,MVY
M0MVZ,Available,Amateur Full Radio Licence,MVZ
M0MWB,Available,Amateur Full Radio Licence,MWB
M0MWF,Available,Amateur Full Radio Licence,MWF
M0MWJ,Available,Amateur Full Radio Licence,MWJ
M0MWN,Available,Amateur Full Radio Licence,MWN
M0MWO,Available,Amateur Full Radio Licence,MWO
M0MWP,Available,Amateur Full Radio Licence,MWP
M0MWQ,Available,Amateur Full Radio Licence,MWQ
M0MWU,Available,Amateur Full Radio Licence,MWU
M0MWX,Available,Amateur Full Radio Licence,MWX
M0MWY,Available,Amateur Full Radio Licence,MWY
M0MXA,Available,Amateur Full Radio Licence,MXA
M0MXD,Available,Amateur Full Radio Licence,MXD
M0MXE,Available,Amateur Full Radio Licence,MXE
M0MXF,Available,Amateur Full Radio Licence,MXF
M0MXG,Available,Amateur Full Radio Licence,MXG
M0MXH,Available,Amateur Full Radio Licence,MXH
M0MXI,Available,Amateur Full Radio Licence,MXI
M0MXJ,Available,Amateur Full Radio Licence,MXJ
M0MXK,Available,Amateur Full Radio Licence,MXK
M0MXN,Available,Amateur Full Radio Licence,MXN
M0MXO,Available,Amateur Full Radio Licence,MXO
M0MXP,Available,Amateur Full Radio Licence,MXP
M0MXQ,Available,Amateur Full Radio Licence,MXQ
M0MXR,Available,Amateur Full Radio Licence,MXR
M0MXS,Available,Amateur Full Radio Licence,MXS
M0MXU,Available,Amateur Full Radio Licence,MXU
M0MXV,Available,Amateur Full Radio Licence,MXV
M0MXZ,Available,Amateur Full Radio Licence,MXZ
M0MYD,Available,Amateur Full Radio Licence,MYD
M0MYF,Available,Amateur Full Radio Licence,MYF
M0MYG,Available,Amateur Full Radio Licence,MYG
M0MYH,Available,Amateur Full Radio Licence,MYH
M0MYI,Available,Amateur Full Radio Licence,MYI
M0MYJ,Available,Amateur Full Radio Licence,MYJ
M0MYM,Available,Amateur Full Radio Licence,MYM
M0MYP,Available,Amateur Full Radio Licence,MYP
M0MYQ,Available,Amateur Full Radio Licence,MYQ
M0MYS,Available,Amateur Full Radio Licence,MYS
M0MYT,Available,Amateur Full Radio Licence,MYT
M0MYU,Available,Amateur Full Radio Licence,MYU
M0MYV,Available,Amateur Full Radio Licence,MYV
M0MYW,Available,Amateur Full Radio Licence,MYW
M0MYX,Available,Amateur Full Radio Licence,MYX
M0MYY,Available,Amateur Full Radio Licence,MYY
M0MYZ,Available,Amateur Full Radio Licence,MYZ
M0MZA,Available,Amateur Full Radio Licence,MZA
M0MZB,Available,Amateur Full Radio Licence,MZB
M0MZC,Available,Amateur Full Radio Licence,MZC
M0MZD,Available,Amateur Full Radio Licence,MZD
M0MZE,Available,Amateur Full Radio Licence,MZE
M0MZF,Available,Amateur Full Radio Licence,MZF
M0MZG,Available,Amateur Full Radio Licence,MZG
M0MZH,Available,Amateur Full Radio Licence,MZH
M0MZI,Available,Amateur Full Radio Licence,MZI
M0MZJ,Available,Amateur Full Radio Licence,MZJ
M0MZK,Available,Amateur Full Radio Licence,MZK
M0MZN,Available,Amateur Full Radio Licence,MZN
M0MZO,Available,Amateur Full Radio Licence,MZO
M0MZP,Available,Amateur Full Radio Licence,MZP
M0MZQ,Available,Amateur Full Radio Licence,MZQ
M0MZR,Available,Amateur Full Radio Licence,MZR
M0MZS,Available,Amateur Full Radio Licence,MZS
M0MZT,Available,Amateur Full Radio Licence,MZT
M0MZU,Available,Amateur Full Radio Licence,MZU
M0MZV,Available,Amateur Full Radio Licence,MZV
M0MZY,Available,Amateur Full Radio Licence,MZY
M0MZZ,Available,Amateur Full Radio Licence,MZZ
M0NBB,Available,Amateur Full Radio Licence,NBB
M0NBD,Available,Amateur Full Radio Licence,NBD
M0NBE,Available,Amateur Full Radio Licence,NBE
M0NBF,Available,Amateur Full Radio Licence,NBF
M0NBH,Available,Amateur Full Radio Licence,NBH
M0NBI,Available,Amateur Full Radio Licence,NBI
M0NBM,Available,Amateur Full Radio Licence,NBM
M0NBN,Available,Amateur Full Radio Licence,NBN
M0NBO,Available,Amateur Full Radio Licence,NBO
M0NBP,Available,Amateur Full Radio Licence,NBP
M0NBQ,Available,Amateur Full Radio Licence,NBQ
M0NBS,Available,Amateur Full Radio Licence,NBS
M0NBT,Available,Amateur Full Radio Licence,NBT
M0NBU,Available,Amateur Full Radio Licence,NBU
M0NBV,Available,Amateur Full Radio Licence,NBV
M0NBW,Available,Amateur Full Radio Licence,NBW
M0NBZ,Available,Amateur Full Radio Licence,NBZ
M0NCA,Available,Amateur Full Radio Licence,NCA
M0NCD,Available,Amateur Full Radio Licence,NCD
M0NCE,Available,Amateur Full Radio Licence,NCE
M0NCH,Available,Amateur Full Radio Licence,NCH
M0NCI,Available,Amateur Full Radio Licence,NCI
M0NCJ,Available,Amateur Full Radio Licence,NCJ
M0NCL,Available,Amateur Full Radio Licence,NCL
M0NCM,Available,Amateur Full Radio Licence,NCM
M0NCP,Available,Amateur Full Radio Licence,NCP
M0NCQ,Available,Amateur Full Radio Licence,NCQ
M0NCS,Available,Amateur Full Radio Licence,NCS
M0NCT,Available,Amateur Full Radio Licence,NCT
M0NCU,Available,Amateur Full Radio Licence,NCU
M0NCV,Available,Amateur Full Radio Licence,NCV
M0NCX,Available,Amateur Full Radio Licence,NCX
M0NDD,Available,Amateur Full Radio Licence,NDD
M0NDF,Available,Amateur Full Radio Licence,NDF
M0NDG,Available,Amateur Full Radio Licence,NDG
M0NDI,Available,Amateur Full Radio Licence,NDI
M0NDQ,Available,Amateur Full Radio Licence,NDQ
M0NDT,Available,Amateur Full Radio Licence,NDT
M0NDV,Available,Amateur Full Radio Licence,NDV
M0NDW,Available,Amateur Full Radio Licence,NDW
M0NEA,Available,Amateur Full Radio Licence,NEA
M0NEF,Available,Amateur Full Radio Licence,NEF
M0NEJ,Available,Amateur Full Radio Licence,NEJ
M0NEK,Available,Amateur Full Radio Licence,NEK
M0NEM,Available,Amateur Full Radio Licence,NEM
M0NEN,Available,Amateur Full Radio Licence,NEN
M0NEP,Available,Amateur Full Radio Licence,NEP
M0NEQ,Available,Amateur Full Radio Licence,NEQ
M0NEZ,Available,Amateur Full Radio Licence,NEZ
M0NFE,Available,Amateur Full Radio Licence,NFE
M0NFF,Available,Amateur Full Radio Licence,NFF
M0NFG,Available,Amateur Full Radio Licence,NFG
M0NFH,Available,Amateur Full Radio Licence,NFH
M0NFI,Available,Amateur Full Radio Licence,NFI
M0NFJ,Available,Amateur Full Radio Licence,NFJ
M0NFK,Available,Amateur Full Radio Licence,NFK
M0NFL,Available,Amateur Full Radio Licence,NFL
M0NFO,Available,Amateur Full Radio Licence,NFO
M0NFQ,Available,Amateur Full Radio Licence,NFQ
M0NFS,Available,Amateur Full Radio Licence,NFS
M0NFT,Available,Amateur Full Radio Licence,NFT
M0NFU,Available,Amateur Full Radio Licence,NFU
M0NFV,Available,Amateur Full Radio Licence,NFV
M0NFW,Available,Amateur Full Radio Licence,NFW
M0NFX,Available,Amateur Full Radio Licence,NFX
M0NFZ,Available,Amateur Full Radio Licence,NFZ
M0NGF,Available,Amateur Full Radio Licence,NGF
M0NGG,Available,Amateur Full Radio Licence,NGG
M0NGH,Available,Amateur Full Radio Licence,NGH
M0NGJ,Available,Amateur Full Radio Licence,NGJ
M0NGK,Available,Amateur Full Radio Licence,NGK
M0NGM,Available,Amateur Full Radio Licence,NGM
M0NGN,Available,Amateur Full Radio Licence,NGN
M0NGP,Available,Amateur Full Radio Licence,NGP
M0NGQ,Available,Amateur Full Radio Licence,NGQ
M0NGT,Available,Amateur Full Radio Licence,NGT
M0NGU,Available,Amateur Full Radio Licence,NGU
M0NGV,Available,Amateur Full Radio Licence,NGV
M0NGW,Available,Amateur Full Radio Licence,NGW
M0NGX,Available,Amateur Full Radio Licence,NGX
M0NGZ,Available,Amateur Full Radio Licence,NGZ
M0NHA,Available,Amateur Full Radio Licence,NHA
M0NHB,Available,Amateur Full Radio Licence,NHB
M0NHC,Available,Amateur Full Radio Licence,NHC
M0NHD,Available,Amateur Full Radio Licence,NHD
M0NHE,Available,Amateur Full Radio Licence,NHE
M0NHG,Available,Amateur Full Radio Licence,NHG
M0NHH,Available,Amateur Full Radio Licence,NHH
M0NHI,Available,Amateur Full Radio Licence,NHI
M0NHJ,Available,Amateur Full Radio Licence,NHJ
M0NHK,Available,Amateur Full Radio Licence,NHK
M0NHL,Available,Amateur Full Radio Licence,NHL
M0NHN,Available,Amateur Full Radio Licence,NHN
M0NHO,Available,Amateur Full Radio Licence,NHO
M0NHP,Available,Amateur Full Radio Licence,NHP
M0NHQ,Available,Amateur Full Radio Licence,NHQ
M0NHR,Available,Amateur Full Radio Licence,NHR
M0NHS,Available,Amateur Full Radio Licence,NHS
M0NHT,Available,Amateur Full Radio Licence,NHT
M0NHU,Available,Amateur Full Radio Licence,NHU
M0NHV,Available,Amateur Full Radio Licence,NHV
M0NHW,Available,Amateur Full Radio Licence,NHW
M0NHX,Available,Amateur Full Radio Licence,NHX
M0NHY,Available,Amateur Full Radio Licence,NHY
M0NHZ,Available,Amateur Full Radio Licence,NHZ
M0NIF,Available,Amateur Full Radio Licence,NIF
M0NIH,Available,Amateur Full Radio Licence,NIH
M0NII,Available,Amateur Full Radio Licence,NII
M0NIL,Available,Amateur Full Radio Licence,NIL
M0NIM,Available,Amateur Full Radio Licence,NIM
M0NIN,Available,Amateur Full Radio Licence,NIN
M0NIO,Available,Amateur Full Radio Licence,NIO
M0NIR,Available,Amateur Full Radio Licence,NIR
M0NIT,Available,Amateur Full Radio Licence,NIT
M0NIU,Available,Amateur Full Radio Licence,NIU
M0NIV,Available,Amateur Full Radio Licence,NIV
M0NIY,Available,Amateur Full Radio Licence,NIY
M0NIZ,Available,Amateur Full Radio Licence,NIZ
M0NJD,Available,Amateur Full Radio Licence,NJD
M0NJF,Available,Amateur Full Radio Licence,NJF
M0NJG,Available,Amateur Full Radio Licence,NJG
M0NJH,Available,Amateur Full Radio Licence,NJH
M0NJI,Available,Amateur Full Radio Licence,NJI
M0NJK,Available,Amateur Full Radio Licence,NJK
M0NJO,Available,Amateur Full Radio Licence,NJO
M0NJQ,Available,Amateur Full Radio Licence,NJQ
M0NJT,Available,Amateur Full Radio Licence,NJT
M0NJU,Available,Amateur Full Radio Licence,NJU
M0NJV,Available,Amateur Full Radio Licence,NJV
M0NJX,Available,Amateur Full Radio Licence,NJX
M0NJY,Available,Amateur Full Radio Licence,NJY
M0NJZ,Available,Amateur Full Radio Licence,NJZ
M0NKB,Available,Amateur Full Radio Licence,NKB
M0NKE,Available,Amateur Full Radio Licence,NKE
M0NKF,Available,Amateur Full Radio Licence,NKF
M0NKG,Available,Amateur Full Radio Licence,NKG
M0NKH,Available,Amateur Full Radio Licence,NKH
M0NKJ,Available,Amateur Full Radio Licence,NKJ
M0NKK,Available,Amateur Full Radio Licence,NKK
M0NKL,Available,Amateur Full Radio Licence,NKL
M0NKN,Available,Amateur Full Radio Licence,NKN
M0NKO,Available,Amateur Full Radio Licence,NKO
M0NKP,Available,Amateur Full Radio Licence,NKP
M0NKQ,Available,Amateur Full Radio Licence,NKQ
M0NKT,Available,Amateur Full Radio Licence,NKT
M0NKU,Available,Amateur Full Radio Licence,NKU
M0NKV,Available,Amateur Full Radio Licence,NKV
M0NKW,Available,Amateur Full Radio Licence,NKW
M0NKX,Available,Amateur Full Radio Licence,NKX
M0NKZ,Available,Amateur Full Radio Licence,NKZ
M0NLA,Available,Amateur Full Radio Licence,NLA
M0NLE,Available,Amateur Full Radio Licence,NLE
M0NLF,Available,Amateur Full Radio Licence,NLF
M0NLG,Available,Amateur Full Radio Licence,NLG
M0NLH,Available,Amateur Full Radio Licence,NLH
M0NLI,Available,Amateur Full Radio Licence,NLI
M0NLJ,Available,Amateur Full Radio Licence,NLJ
M0NLK,Available,Amateur Full Radio Licence,NLK
M0NLL,Available,Amateur Full Radio Licence,NLL
M0NLM,Available,Amateur Full Radio Licence,NLM
M0NLN,Available,Amateur Full Radio Licence,NLN
M0NLQ,Available,Amateur Full Radio Licence,NLQ
M0NLS,Available,Amateur Full Radio Licence,NLS
M0NLT,Available,Amateur Full Radio Licence,NLT
M0NLU,Available,Amateur Full Radio Licence,NLU
M0NLV,Available,Amateur Full Radio Licence,NLV
M0NLX,Available,Amateur Full Radio Licence,NLX
M0NLZ,Available,Amateur Full Radio Licence,NLZ
M0NMA,Available,Amateur Full Radio Licence,NMA
M0NMB,Available,Amateur Full Radio Licence,NMB
M0NMC,Available,Amateur Full Radio Licence,NMC
M0NME,Available,Amateur Full Radio Licence,NME
M0NMF,Available,Amateur Full Radio Licence,NMF
M0NMG,Available,Amateur Full Radio Licence,NMG
M0NMJ,Available,Amateur Full Radio Licence,NMJ
M0NMK,Available,Amateur Full Radio Licence,NMK
M0NMM,Available,Amateur Full Radio Licence,NMM
M0NMN,Available,Amateur Full Radio Licence,NMN
M0NMT,Available,Amateur Full Radio Licence,NMT
M0NMU,Available,Amateur Full Radio Licence,NMU
M0NMV,Available,Amateur Full Radio Licence,NMV
M0NMW,Available,Amateur Full Radio Licence,NMW
M0NMX,Available,Amateur Full Radio Licence,NMX
M0NMY,Available,Amateur Full Radio Licence,NMY
M0NMZ,Available,Amateur Full Radio Licence,NMZ
M0NNA,Available,Amateur Full Radio Licence,NNA
M0NNB,Available,Amateur Full Radio Licence,NNB
M0NNC,Available,Amateur Full Radio Licence,NNC
M0NND,Available,Amateur Full Radio Licence,NND
M0NNE,Available,Amateur Full Radio Licence,NNE
M0NNF,Available,Amateur Full Radio Licence,NNF
M0NNG,Available,Amateur Full Radio Licence,NNG
M0NNI,Available,Amateur Full Radio Licence,NNI
M0NNJ,Available,Amateur Full Radio Licence,NNJ
M0NNK,Available,Amateur Full Radio Licence,NNK
M0NNM,Available,Amateur Full Radio Licence,NNM
M0NNO,Available,Amateur Full Radio Licence,NNO
M0NNQ,Available,Amateur Full Radio Licence,NNQ
M0NNR,Available,Amateur Full Radio Licence,NNR
M0NNS,Available,Amateur Full Radio Licence,NNS
M0NNU,Available,Amateur Full Radio Licence,NNU
M0NNV,Available,Amateur Full Radio Licence,NNV
M0NNW,Available,Amateur Full Radio Licence,NNW
M0NNX,Available,Amateur Full Radio Licence,NNX
M0NNZ,Available,Amateur Full Radio Licence,NNZ
M0NOC,Available,Amateur Full Radio Licence,NOC
M0NOF,Available,Amateur Full Radio Licence,NOF
M0NOG,Available,Amateur Full Radio Licence,NOG
M0NOH,Available,Amateur Full Radio Licence,NOH
M0NOJ,Available,Amateur Full Radio Licence,NOJ
M0NOL,Available,Amateur Full Radio Licence,NOL
M0NOM,Available,Amateur Full Radio Licence,NOM
M0NON,Available,Amateur Full Radio Licence,NON
M0NOO,Available,Amateur Full Radio Licence,NOO
M0NOP,Available,Amateur Full Radio Licence,NOP
M0NOQ,Available,Amateur Full Radio Licence,NOQ
M0NOU,Available,Amateur Full Radio Licence,NOU
M0NOY,Available,Amateur Full Radio Licence,NOY
M0NPB,Available,Amateur Full Radio Licence,NPB
M0NPC,Available,Amateur Full Radio Licence,NPC
M0NPF,Available,Amateur Full Radio Licence,NPF
M0NPG,Available,Amateur Full Radio Licence,NPG
M0NPH,Available,Amateur Full Radio Licence,NPH
M0NPI,Available,Amateur Full Radio Licence,NPI
M0NPJ,Available,Amateur Full Radio Licence,NPJ
M0NPL,Available,Amateur Full Radio Licence,NPL
M0NPM,Available,Amateur Full Radio Licence,NPM
M0NPN,Available,Amateur Full Radio Licence,NPN
M0NPO,Available,Amateur Full Radio Licence,NPO
M0NPP,Available,Amateur Full Radio Licence,NPP
M0NPR,Available,Amateur Full Radio Licence,NPR
M0NPS,Available,Amateur Full Radio Licence,NPS
M0NPU,Available,Amateur Full Radio Licence,NPU
M0NPV,Available,Amateur Full Radio Licence,NPV
M0NPW,Available,Amateur Full Radio Licence,NPW
M0NPX,Available,Amateur Full Radio Licence,NPX
M0NPY,Available,Amateur Full Radio Licence,NPY
M0NPZ,Available,Amateur Full Radio Licence,NPZ
M0NQA,Available,Amateur Full Radio Licence,NQA
M0NQC,Available,Amateur Full Radio Licence,NQC
M0NQD,Available,Amateur Full Radio Licence,NQD
M0NQE,Available,Amateur Full Radio Licence,NQE
M0NQF,Available,Amateur Full Radio Licence,NQF
M0NQG,Available,Amateur Full Radio Licence,NQG
M0NQH,Available,Amateur Full Radio Licence,NQH
M0NQI,Available,Amateur Full Radio Licence,NQI
M0NQJ,Available,Amateur Full Radio Licence,NQJ
M0NQK,Available,Amateur Full Radio Licence,NQK
M0NQL,Available,Amateur Full Radio Licence,NQL
M0NQM,Available,Amateur Full Radio Licence,NQM
M0NQO,Available,Amateur Full Radio Licence,NQO
M0NQP,Available,Amateur Full Radio Licence,NQP
M0NQQ,Available,Amateur Full Radio Licence,NQQ
M0NQR,Available,Amateur Full Radio Licence,NQR
M0NQS,Available,Amateur Full Radio Licence,NQS
M0NQT,Available,Amateur Full Radio Licence,NQT
M0NQV,Available,Amateur Full Radio Licence,NQV
M0NQW,Available,Amateur Full Radio Licence,NQW
M0NQX,Available,Amateur Full Radio Licence,NQX
M0NQY,Available,Amateur Full Radio Licence,NQY
M0NQZ,Available,Amateur Full Radio Licence,NQZ
M0NRE,Available,Amateur Full Radio Licence,NRE
M0NRI,Available,Amateur Full Radio Licence,NRI
M0NRK,Available,Amateur Full Radio Licence,NRK
M0NRN,Available,Amateur Full Radio Licence,NRN
M0NRO,Available,Amateur Full Radio Licence,NRO
M0NRQ,Available,Amateur Full Radio Licence,NRQ
M0NRR,Available,Amateur Full Radio Licence,NRR
M0NRU,Available,Amateur Full Radio Licence,NRU
M0NRV,Available,Amateur Full Radio Licence,NRV
M0NRX,Available,Amateur Full Radio Licence,NRX
M0NRZ,Available,Amateur Full Radio Licence,NRZ
M0NSB,Available,Amateur Full Radio Licence,NSB
M0NSD,Available,Amateur Full Radio Licence,NSD
M0NSE,Available,Amateur Full Radio Licence,NSE
M0NSF,Available,Amateur Full Radio Licence,NSF
M0NSG,Available,Amateur Full Radio Licence,NSG
M0NSH,Available,Amateur Full Radio Licence,NSH
M0NSJ,Available,Amateur Full Radio Licence,NSJ
M0NSK,Available,Amateur Full Radio Licence,NSK
M0NSL,Available,Amateur Full Radio Licence,NSL
M0NSM,Available,Amateur Full Radio Licence,NSM
M0NSN,Available,Amateur Full Radio Licence,NSN
M0NSO,Available,Amateur Full Radio Licence,NSO
M0NSQ,Available,Amateur Full Radio Licence,NSQ
M0NSS,Available,Amateur Full Radio Licence,NSS
M0NSU,Available,Amateur Full Radio Licence,NSU
M0NSV,Available,Amateur Full Radio Licence,NSV
M0NSW,Available,Amateur Full Radio Licence,NSW
M0NSX,Available,Amateur Full Radio Licence,NSX
M0NSY,Available,Amateur Full Radio Licence,NSY
M0NSZ,Available,Amateur Full Radio Licence,NSZ
M0NTB,Available,Amateur Full Radio Licence,NTB
M0NTD,Available,Amateur Full Radio Licence,NTD
M0NTF,Available,Amateur Full Radio Licence,NTF
M0NTJ,Available,Amateur Full Radio Licence,NTJ
M0NTK,Available,Amateur Full Radio Licence,NTK
M0NTM,Available,Amateur Full Radio Licence,NTM
M0NTO,Available,Amateur Full Radio Licence,NTO
M0NTQ,Available,Amateur Full Radio Licence,NTQ
M0NTR,Available,Amateur Full Radio Licence,NTR
M0NTU,Available,Amateur Full Radio Licence,NTU
M0NTV,Available,Amateur Full Radio Licence,NTV
M0NTW,Available,Amateur Full Radio Licence,NTW
M0NTX,Available,Amateur Full Radio Licence,NTX
M0NTZ,Available,Amateur Full Radio Licence,NTZ
M0NUA,Available,Amateur Full Radio Licence,NUA
M0NUB,Available,Amateur Full Radio Licence,NUB
M0NUD,Available,Amateur Full Radio Licence,NUD
M0NUF,Available,Amateur Full Radio Licence,NUF
M0NUH,Available,Amateur Full Radio Licence,NUH
M0NUI,Available,Amateur Full Radio Licence,NUI
M0NUJ,Available,Amateur Full Radio Licence,NUJ
M0NUL,Available,Amateur Full Radio Licence,NUL
M0NUM,Available,Amateur Full Radio Licence,NUM
M0NUO,Available,Amateur Full Radio Licence,NUO
M0NUP,Available,Amateur Full Radio Licence,NUP
M0NUQ,Available,Amateur Full Radio Licence,NUQ
M0NUR,Available,Amateur Full Radio Licence,NUR
M0NUS,Available,Amateur Full Radio Licence,NUS
M0NUU,Available,Amateur Full Radio Licence,NUU
M0NUV,Available,Amateur Full Radio Licence,NUV
M0NUW,Available,Amateur Full Radio Licence,NUW
M0NUY,Available,Amateur Full Radio Licence,NUY
M0NVA,Available,Amateur Full Radio Licence,NVA
M0NVB,Available,Amateur Full Radio Licence,NVB
M0NVC,Available,Amateur Full Radio Licence,NVC
M0NVD,Available,Amateur Full Radio Licence,NVD
M0NVE,Available,Amateur Full Radio Licence,NVE
M0NVF,Available,Amateur Full Radio Licence,NVF
M0NVG,Available,Amateur Full Radio Licence,NVG
M0NVH,Available,Amateur Full Radio Licence,NVH
M0NVI,Available,Amateur Full Radio Licence,NVI
M0NVK,Available,Amateur Full Radio Licence,NVK
M0NVL,Available,Amateur Full Radio Licence,NVL
M0NVM,Available,Amateur Full Radio Licence,NVM
M0NVN,Available,Amateur Full Radio Licence,NVN
M0NVO,Available,Amateur Full Radio Licence,NVO
M0NVP,Available,Amateur Full Radio Licence,NVP
M0NVR,Available,Amateur Full Radio Licence,NVR
M0NVT,Available,Amateur Full Radio Licence,NVT
M0NVU,Available,Amateur Full Radio Licence,NVU
M0NVV,Available,Amateur Full Radio Licence,NVV
M0NVW,Available,Amateur Full Radio Licence,NVW
M0NVX,Available,Amateur Full Radio Licence,NVX
M0NVZ,Available,Amateur Full Radio Licence,NVZ
M0NWA,Available,Amateur Full Radio Licence,NWA
M0NWC,Available,Amateur Full Radio Licence,NWC
M0NWD,Available,Amateur Full Radio Licence,NWD
M0NWE,Available,Amateur Full Radio Licence,NWE
M0NWF,Available,Amateur Full Radio Licence,NWF
M0NWG,Available,Amateur Full Radio Licence,NWG
M0NWI,Available,Amateur Full Radio Licence,NWI
M0NWJ,Available,Amateur Full Radio Licence,NWJ
M0NWL,Available,Amateur Full Radio Licence,NWL
M0NWM,Available,Amateur Full Radio Licence,NWM
M0NWN,Available,Amateur Full Radio Licence,NWN
M0NWQ,Available,Amateur Full Radio Licence,NWQ
M0NWS,Available,Amateur Full Radio Licence,NWS
M0NWU,Available,Amateur Full Radio Licence,NWU
M0NWV,Available,Amateur Full Radio Licence,NWV
M0NWX,Available,Amateur Full Radio Licence,NWX
M0NWZ,Available,Amateur Full Radio Licence,NWZ
M0NXA,Available,Amateur Full Radio Licence,NXA
M0NXB,Available,Amateur Full Radio Licence,NXB
M0NXD,Available,Amateur Full Radio Licence,NXD
M0NXE,Available,Amateur Full Radio Licence,NXE
M0NXF,Available,Amateur Full Radio Licence,NXF
M0NXG,Available,Amateur Full Radio Licence,NXG
M0NXH,Available,Amateur Full Radio Licence,NXH
M0NXI,Available,Amateur Full Radio Licence,NXI
M0NXJ,Available,Amateur Full Radio Licence,NXJ
M0NXK,Available,Amateur Full Radio Licence,NXK
M0NXL,Available,Amateur Full Radio Licence,NXL
M0NXM,Available,Amateur Full Radio Licence,NXM
M0NXN,Available,Amateur Full Radio Licence,NXN
M0NXO,Available,Amateur Full Radio Licence,NXO
M0NXQ,Available,Amateur Full Radio Licence,NXQ
M0NXR,Available,Amateur Full Radio Licence,NXR
M0NXT,Available,Amateur Full Radio Licence,NXT
M0NXU,Available,Amateur Full Radio Licence,NXU
M0NXV,Available,Amateur Full Radio Licence,NXV
M0NXW,Available,Amateur Full Radio Licence,NXW
M0NXX,Available,Amateur Full Radio Licence,NXX
M0NXY,Available,Amateur Full Radio Licence,NXY
M0NXZ,Available,Amateur Full Radio Licence,NXZ
M0NYA,Available,Amateur Full Radio Licence,NYA
M0NYB,Available,Amateur Full Radio Licence,NYB
M0NYD,Available,Amateur Full Radio Licence,NYD
M0NYF,Available,Amateur Full Radio Licence,NYF
M0NYG,Available,Amateur Full Radio Licence,NYG
M0NYH,Available,Amateur Full Radio Licence,NYH
M0NYI,Available,Amateur Full Radio Licence,NYI
M0NYJ,Available,Amateur Full Radio Licence,NYJ
M0NYK,Available,Amateur Full Radio Licence,NYK
M0NYL,Available,Amateur Full Radio Licence,NYL
M0NYM,Available,Amateur Full Radio Licence,NYM
M0NYN,Available,Amateur Full Radio Licence,NYN
M0NYO,Available,Amateur Full Radio Licence,NYO
M0NYQ,Available,Amateur Full Radio Licence,NYQ
M0NYR,Available,Amateur Full Radio Licence,NYR
M0NYS,Available,Amateur Full Radio Licence,NYS
M0NYT,Available,Amateur Full Radio Licence,NYT
M0NYU,Available,Amateur Full Radio Licence,NYU
M0NYV,Available,Amateur Full Radio Licence,NYV
M0NYY,Available,Amateur Full Radio Licence,NYY
M0NYZ,Available,Amateur Full Radio Licence,NYZ
M0NZB,Available,Amateur Full Radio Licence,NZB
M0NZC,Available,Amateur Full Radio Licence,NZC
M0NZD,Available,Amateur Full Radio Licence,NZD
M0NZE,Available,Amateur Full Radio Licence,NZE
M0NZF,Available,Amateur Full Radio Licence,NZF
M0NZG,Available,Amateur Full Radio Licence,NZG
M0NZJ,Available,Amateur Full Radio Licence,NZJ
M0NZK,Available,Amateur Full Radio Licence,NZK
M0NZM,Available,Amateur Full Radio Licence,NZM
M0NZN,Available,Amateur Full Radio Licence,NZN
M0NZO,Available,Amateur Full Radio Licence,NZO
M0NZP,Available,Amateur Full Radio Licence,NZP
M0NZQ,Available,Amateur Full Radio Licence,NZQ
M0NZS,Available,Amateur Full Radio Licence,NZS
M0NZT,Available,Amateur Full Radio Licence,NZT
M0NZU,Available,Amateur Full Radio Licence,NZU
M0NZV,Available,Amateur Full Radio Licence,NZV
M0NZW,Available,Amateur Full Radio Licence,NZW
M0NZX,Available,Amateur Full Radio Licence,NZX
M0NZY,Available,Amateur Full Radio Licence,NZY
M0NZZ,Available,Amateur Full Radio Licence,NZZ
M0OAD,Available,Amateur Full Radio Licence,OAD
M0OAE,Available,Amateur Full Radio Licence,OAE
M0OAF,Available,Amateur Full Radio Licence,OAF
M0OAG,Available,Amateur Full Radio Licence,OAG
M0OAI,Available,Amateur Full Radio Licence,OAI
M0OAJ,Available,Amateur Full Radio Licence,OAJ
M0OAN,Available,Amateur Full Radio Licence,OAN
M0OAO,Available,Amateur Full Radio Licence,OAO
M0OAQ,Available,Amateur Full Radio Licence,OAQ
M0OAS,Available,Amateur Full Radio Licence,OAS
M0OAU,Available,Amateur Full Radio Licence,OAU
M0OAW,Available,Amateur Full Radio Licence,OAW
M0OAX,Available,Amateur Full Radio Licence,OAX
M0OAY,Available,Amateur Full Radio Licence,OAY
M0OAZ,Available,Amateur Full Radio Licence,OAZ
M0OBA,Available,Amateur Full Radio Licence,OBA
M0OBB,Available,Amateur Full Radio Licence,OBB
M0OBD,Available,Amateur Full Radio Licence,OBD
M0OBF,Available,Amateur Full Radio Licence,OBF
M0OBG,Available,Amateur Full Radio Licence,OBG
M0OBH,Available,Amateur Full Radio Licence,OBH
M0OBJ,Available,Amateur Full Radio Licence,OBJ
M0OBK,Available,Amateur Full Radio Licence,OBK
M0OBM,Available,Amateur Full Radio Licence,OBM
M0OBN,Available,Amateur Full Radio Licence,OBN
M0OBO,Available,Amateur Full Radio Licence,OBO
M0OBP,Available,Amateur Full Radio Licence,OBP
M0OBQ,Available,Amateur Full Radio Licence,OBQ
M0OBT,Available,Amateur Full Radio Licence,OBT
M0OBV,Available,Amateur Full Radio Licence,OBV
M0OBX,Available,Amateur Full Radio Licence,OBX
M0OCA,Available,Amateur Full Radio Licence,OCA
M0OCB,Available,Amateur Full Radio Licence,OCB
M0OCE,Available,Amateur Full Radio Licence,OCE
M0OCF,Available,Amateur Full Radio Licence,OCF
M0OCI,Available,Amateur Full Radio Licence,OCI
M0OCJ,Available,Amateur Full Radio Licence,OCJ
M0OCL,Available,Amateur Full Radio Licence,OCL
M0OCO,Available,Amateur Full Radio Licence,OCO
M0OCP,Available,Amateur Full Radio Licence,OCP
M0OCQ,Available,Amateur Full Radio Licence,OCQ
M0OCR,Available,Amateur Full Radio Licence,OCR
M0OCS,Available,Amateur Full Radio Licence,OCS
M0OCU,Available,Amateur Full Radio Licence,OCU
M0OCV,Available,Amateur Full Radio Licence,OCV
M0OCW,Available,Amateur Full Radio Licence,OCW
M0OCX,Available,Amateur Full Radio Licence,OCX
M0OCY,Available,Amateur Full Radio Licence,OCY
M0OCZ,Available,Amateur Full Radio Licence,OCZ
M0ODA,Available,Amateur Full Radio Licence,ODA
M0ODB,Available,Amateur Full Radio Licence,ODB
M0ODF,Available,Amateur Full Radio Licence,ODF
M0ODG,Available,Amateur Full Radio Licence,ODG
M0ODH,Available,Amateur Full Radio Licence,ODH
M0ODJ,Available,Amateur Full Radio Licence,ODJ
M0ODK,Available,Amateur Full Radio Licence,ODK
M0ODM,Available,Amateur Full Radio Licence,ODM
M0ODN,Available,Amateur Full Radio Licence,ODN
M0ODO,Available,Amateur Full Radio Licence,ODO
M0ODP,Available,Amateur Full Radio Licence,ODP
M0ODQ,Available,Amateur Full Radio Licence,ODQ
M0ODR,Available,Amateur Full Radio Licence,ODR
M0ODT,Available,Amateur Full Radio Licence,ODT
M0ODU,Available,Amateur Full Radio Licence,ODU
M0ODW,Available,Amateur Full Radio Licence,ODW
M0ODZ,Available,Amateur Full Radio Licence,ODZ
M0OEA,Available,Amateur Full Radio Licence,OEA
M0OEB,Available,Amateur Full Radio Licence,OEB
M0OEC,Available,Amateur Full Radio Licence,OEC
M0OED,Available,Amateur Full Radio Licence,OED
M0OEE,Available,Amateur Full Radio Licence,OEE
M0OEF,Available,Amateur Full Radio Licence,OEF
M0OEG,Available,Amateur Full Radio Licence,OEG
M0OEH,Available,Amateur Full Radio Licence,OEH
M0OEI,Available,Amateur Full Radio Licence,OEI
M0OEJ,Available,Amateur Full Radio Licence,OEJ
M0OEK,Available,Amateur Full Radio Licence,OEK
M0OEL,Available,Amateur Full Radio Licence,OEL
M0OEM,Available,Amateur Full Radio Licence,OEM
M0OEN,Available,Amateur Full Radio Licence,OEN
M0OEO,Available,Amateur Full Radio Licence,OEO
M0OEP,Available,Amateur Full Radio Licence,OEP
M0OEQ,Available,Amateur Full Radio Licence,OEQ
M0OER,Available,Amateur Full Radio Licence,OER
M0OES,Available,Amateur Full Radio Licence,OES
M0OET,Available,Amateur Full Radio Licence,OET
M0OEU,Available,Amateur Full Radio Licence,OEU
M0OEV,Available,Amateur Full Radio Licence,OEV
M0OEW,Available,Amateur Full Radio Licence,OEW
M0OEX,Available,Amateur Full Radio Licence,OEX
M0OEZ,Available,Amateur Full Radio Licence,OEZ
M0OFB,Available,Amateur Full Radio Licence,OFB
M0OFD,Available,Amateur Full Radio Licence,OFD
M0OFE,Available,Amateur Full Radio Licence,OFE
M0OFF,Available,Amateur Full Radio Licence,OFF
M0OFG,Available,Amateur Full Radio Licence,OFG
M0OFH,Available,Amateur Full Radio Licence,OFH
M0OFJ,Available,Amateur Full Radio Licence,OFJ
M0OFK,Available,Amateur Full Radio Licence,OFK
M0OFM,Available,Amateur Full Radio Licence,OFM
M0OFN,Available,Amateur Full Radio Licence,OFN
M0OFO,Available,Amateur Full Radio Licence,OFO
M0OFQ,Available,Amateur Full Radio Licence,OFQ
M0OFS,Available,Amateur Full Radio Licence,OFS
M0OFT,Available,Amateur Full Radio Licence,OFT
M0OFU,Available,Amateur Full Radio Licence,OFU
M0OFV,Available,Amateur Full Radio Licence,OFV
M0OFW,Available,Amateur Full Radio Licence,OFW
M0OFX,Available,Amateur Full Radio Licence,OFX
M0OFY,Available,Amateur Full Radio Licence,OFY
M0OFZ,Available,Amateur Full Radio Licence,OFZ
M0OGA,Available,Amateur Full Radio Licence,OGA
M0OGB,Available,Amateur Full Radio Licence,OGB
M0OGD,Available,Amateur Full Radio Licence,OGD
M0OGE,Available,Amateur Full Radio Licence,OGE
M0OGF,Available,Amateur Full Radio Licence,OGF
M0OGI,Available,Amateur Full Radio Licence,OGI
M0OGJ,Available,Amateur Full Radio Licence,OGJ
M0OGK,Available,Amateur Full Radio Licence,OGK
M0OGL,Available,Amateur Full Radio Licence,OGL
M0OGM,Available,Amateur Full Radio Licence,OGM
M0OGN,Available,Amateur Full Radio Licence,OGN
M0OGO,Available,Amateur Full Radio Licence,OGO
M0OGP,Available,Amateur Full Radio Licence,OGP
M0OGQ,Available,Amateur Full Radio Licence,OGQ
M0OGR,Available,Amateur Full Radio Licence,OGR
M0OGT,Available,Amateur Full Radio Licence,OGT
M0OGU,Available,Amateur Full Radio Licence,OGU
M0OGV,Available,Amateur Full Radio Licence,OGV
M0OGW,Available,Amateur Full Radio Licence,OGW
M0OGZ,Available,Amateur Full Radio Licence,OGZ
M0OHA,Available,Amateur Full Radio Licence,OHA
M0OHB,Available,Amateur Full Radio Licence,OHB
M0OHC,Available,Amateur Full Radio Licence,OHC
M0OHD,Available,Amateur Full Radio Licence,OHD
M0OHE,Available,Amateur Full Radio Licence,OHE
M0OHG,Available,Amateur Full Radio Licence,OHG
M0OHH,Available,Amateur Full Radio Licence,OHH
M0OHJ,Available,Amateur Full Radio Licence,OHJ
M0OHK,Available,Amateur Full Radio Licence,OHK
M0OHL,Available,Amateur Full Radio Licence,OHL
M0OHN,Available,Amateur Full Radio Licence,OHN
M0OHO,Available,Amateur Full Radio Licence,OHO
M0OHP,Available,Amateur Full Radio Licence,OHP
M0OHQ,Available,Amateur Full Radio Licence,OHQ
M0OHR,Available,Amateur Full Radio Licence,OHR
M0OHS,Available,Amateur Full Radio Licence,OHS
M0OHT,Available,Amateur Full Radio Licence,OHT
M0OHU,Available,Amateur Full Radio Licence,OHU
M0OHV,Available,Amateur Full Radio Licence,OHV
M0OHW,Available,Amateur Full Radio Licence,OHW
M0OHX,Available,Amateur Full Radio Licence,OHX
M0OHY,Available,Amateur Full Radio Licence,OHY
M0OHZ,Available,Amateur Full Radio Licence,OHZ
M0OIA,Available,Amateur Full Radio Licence,OIA
M0OIB,Available,Amateur Full Radio Licence,OIB
M0OID,Available,Amateur Full Radio Licence,OID
M0OIE,Available,Amateur Full Radio Licence,OIE
M0OIF,Available,Amateur Full Radio Licence,OIF
M0OIG,Available,Amateur Full Radio Licence,OIG
M0OIH,Available,Amateur Full Radio Licence,OIH
M0OII,Available,Amateur Full Radio Licence,OII
M0OIJ,Available,Amateur Full Radio Licence,OIJ
M0OIN,Available,Amateur Full Radio Licence,OIN
M0OIO,Available,Amateur Full Radio Licence,OIO
M0OIP,Available,Amateur Full Radio Licence,OIP
M0OIQ,Available,Amateur Full Radio Licence,OIQ
M0OIR,Available,Amateur Full Radio Licence,OIR
M0OIS,Available,Amateur Full Radio Licence,OIS
M0OIT,Available,Amateur Full Radio Licence,OIT
M0OIU,Available,Amateur Full Radio Licence,OIU
M0OIV,Available,Amateur Full Radio Licence,OIV
M0OIW,Available,Amateur Full Radio Licence,OIW
M0OIX,Available,Amateur Full Radio Licence,OIX
M0OIY,Available,Amateur Full Radio Licence,OIY
M0OIZ,Available,Amateur Full Radio Licence,OIZ
M0OJA,Available,Amateur Full Radio Licence,OJA
M0OJB,Available,Amateur Full Radio Licence,OJB
M0OJD,Available,Amateur Full Radio Licence,OJD
M0OJE,Available,Amateur Full Radio Licence,OJE
M0OJF,Available,Amateur Full Radio Licence,OJF
M0OJH,Available,Amateur Full Radio Licence,OJH
M0OJI,Available,Amateur Full Radio Licence,OJI
M0OJJ,Available,Amateur Full Radio Licence,OJJ
M0OJK,Available,Amateur Full Radio Licence,OJK
M0OJL,Available,Amateur Full Radio Licence,OJL
M0OJM,Available,Amateur Full Radio Licence,OJM
M0OJN,Available,Amateur Full Radio Licence,OJN
M0OJP,Available,Amateur Full Radio Licence,OJP
M0OJQ,Available,Amateur Full Radio Licence,OJQ
M0OJR,Available,Amateur Full Radio Licence,OJR
M0OJS,Available,Amateur Full Radio Licence,OJS
M0OJT,Available,Amateur Full Radio Licence,OJT
M0OJU,Available,Amateur Full Radio Licence,OJU
M0OJV,Available,Amateur Full Radio Licence,OJV
M0OJW,Available,Amateur Full Radio Licence,OJW
M0OJY,Available,Amateur Full Radio Licence,OJY
M0OJZ,Available,Amateur Full Radio Licence,OJZ
M0OKA,Available,Amateur Full Radio Licence,OKA
M0OKC,Available,Amateur Full Radio Licence,OKC
M0OKD,Available,Amateur Full Radio Licence,OKD
M0OKF,Available,Amateur Full Radio Licence,OKF
M0OKH,Available,Amateur Full Radio Licence,OKH
M0OKI,Available,Amateur Full Radio Licence,OKI
M0OKJ,Available,Amateur Full Radio Licence,OKJ
M0OKL,Available,Amateur Full Radio Licence,OKL
M0OKM,Available,Amateur Full Radio Licence,OKM
M0OKN,Available,Amateur Full Radio Licence,OKN
M0OKO,Available,Amateur Full Radio Licence,OKO
M0OKP,Available,Amateur Full Radio Licence,OKP
M0OKQ,Available,Amateur Full Radio Licence,OKQ
M0OKR,Available,Amateur Full Radio Licence,OKR
M0OKU,Available,Amateur Full Radio Licence,OKU
M0OKV,Available,Amateur Full Radio Licence,OKV
M0OKW,Available,Amateur Full Radio Licence,OKW
M0OKX,Available,Amateur Full Radio Licence,OKX
M0OKY,Available,Amateur Full Radio Licence,OKY
M0OKZ,Available,Amateur Full Radio Licence,OKZ
M0OLB,Available,Amateur Full Radio Licence,OLB
M0OLC,Available,Amateur Full Radio Licence,OLC
M0OLH,Available,Amateur Full Radio Licence,OLH
M0OLJ,Available,Amateur Full Radio Licence,OLJ
M0OLK,Available,Amateur Full Radio Licence,OLK
M0OLL,Available,Amateur Full Radio Licence,OLL
M0OLM,Available,Amateur Full Radio Licence,OLM
M0OLN,Available,Amateur Full Radio Licence,OLN
M0OLP,Available,Amateur Full Radio Licence,OLP
M0OLQ,Available,Amateur Full Radio Licence,OLQ
M0OLR,Available,Amateur Full Radio Licence,OLR
M0OLS,Available,Amateur Full Radio Licence,OLS
M0OLT,Available,Amateur Full Radio Licence,OLT
M0OLU,Available,Amateur Full Radio Licence,OLU
M0OLV,Available,Amateur Full Radio Licence,OLV
M0OLW,Available,Amateur Full Radio Licence,OLW
M0OLX,Available,Amateur Full Radio Licence,OLX
M0OLZ,Available,Amateur Full Radio Licence,OLZ
M0OME,Available,Amateur Full Radio Licence,OME
M0OMF,Available,Amateur Full Radio Licence,OMF
M0OMH,Available,Amateur Full Radio Licence,OMH
M0OMJ,Available,Amateur Full Radio Licence,OMJ
M0OMK,Available,Amateur Full Radio Licence,OMK
M0OMM,Available,Amateur Full Radio Licence,OMM
M0OMN,Available,Amateur Full Radio Licence,OMN
M0OMO,Available,Amateur Full Radio Licence,OMO
M0OMP,Available,Amateur Full Radio Licence,OMP
M0OMQ,Available,Amateur Full Radio Licence,OMQ
M0OMR,Available,Amateur Full Radio Licence,OMR
M0OMU,Available,Amateur Full Radio Licence,OMU
M0OMW,Available,Amateur Full Radio Licence,OMW
M0OMX,Available,Amateur Full Radio Licence,OMX
M0OMY,Available,Amateur Full Radio Licence,OMY
M0OMZ,Available,Amateur Full Radio Licence,OMZ
M0ONB,Available,Amateur Full Radio Licence,ONB
M0ONC,Available,Amateur Full Radio Licence,ONC
M0ONF,Available,Amateur Full Radio Licence,ONF
M0ONG,Available,Amateur Full Radio Licence,ONG
M0ONH,Available,Amateur Full Radio Licence,ONH
M0ONJ,Available,Amateur Full Radio Licence,ONJ
M0ONK,Available,Amateur Full Radio Licence,ONK
M0ONL,Available,Amateur Full Radio Licence,ONL
M0ONM,Available,Amateur Full Radio Licence,ONM
M0ONN,Available,Amateur Full Radio Licence,ONN
M0ONO,Available,Amateur Full Radio Licence,ONO
M0ONP,Available,Amateur Full Radio Licence,ONP
M0ONR,Available,Amateur Full Radio Licence,ONR
M0ONT,Available,Amateur Full Radio Licence,ONT
M0ONU,Available,Amateur Full Radio Licence,ONU
M0ONV,Available,Amateur Full Radio Licence,ONV
M0ONW,Available,Amateur Full Radio Licence,ONW
M0ONX,Available,Amateur Full Radio Licence,ONX
M0OOA,Available,Amateur Full Radio Licence,OOA
M0OOC,Available,Amateur Full Radio Licence,OOC
M0OOE,Available,Amateur Full Radio Licence,OOE
M0OOF,Available,Amateur Full Radio Licence,OOF
M0OOH,Available,Amateur Full Radio Licence,OOH
M0OOI,Available,Amateur Full Radio Licence,OOI
M0OOJ,Available,Amateur Full Radio Licence,OOJ
M0OOK,Available,Amateur Full Radio Licence,OOK
M0OOL,Available,Amateur Full Radio Licence,OOL
M0OOP,Available,Amateur Full Radio Licence,OOP
M0OOQ,Available,Amateur Full Radio Licence,OOQ
M0OOR,Available,Amateur Full Radio Licence,OOR
M0OOS,Available,Amateur Full Radio Licence,OOS
M0OOU,Available,Amateur Full Radio Licence,OOU
M0OOV,Available,Amateur Full Radio Licence,OOV
M0OOW,Available,Amateur Full Radio Licence,OOW
M0OOX,Available,Amateur Full Radio Licence,OOX
M0OOY,Available,Amateur Full Radio Licence,OOY
M0OOZ,Available,Amateur Full Radio Licence,OOZ
M0OPA,Available,Amateur Full Radio Licence,OPA
M0OPB,Available,Amateur Full Radio Licence,OPB
M0OPC,Available,Amateur Full Radio Licence,OPC
M0OPD,Available,Amateur Full Radio Licence,OPD
M0OPE,Available,Amateur Full Radio Licence,OPE
M0OPF,Available,Amateur Full Radio Licence,OPF
M0OPH,Available,Amateur Full Radio Licence,OPH
M0OPI,Available,Amateur Full Radio Licence,OPI
M0OPJ,Available,Amateur Full Radio Licence,OPJ
M0OPL,Available,Amateur Full Radio Licence,OPL
M0OPN,Available,Amateur Full Radio Licence,OPN
M0OPO,Available,Amateur Full Radio Licence,OPO
M0OPP,Available,Amateur Full Radio Licence,OPP
M0OPQ,Available,Amateur Full Radio Licence,OPQ
M0OPT,Available,Amateur Full Radio Licence,OPT
M0OPU,Available,Amateur Full Radio Licence,OPU
M0OPZ,Available,Amateur Full Radio Licence,OPZ
M0OQA,Available,Amateur Full Radio Licence,OQA
M0OQB,Available,Amateur Full Radio Licence,OQB
M0OQC,Available,Amateur Full Radio Licence,OQC
M0OQD,Available,Amateur Full Radio Licence,OQD
M0OQE,Available,Amateur Full Radio Licence,OQE
M0OQF,Available,Amateur Full Radio Licence,OQF
M0OQG,Available,Amateur Full Radio Licence,OQG
M0OQH,Available,Amateur Full Radio Licence,OQH
M0OQI,Available,Amateur Full Radio Licence,OQI
M0OQJ,Available,Amateur Full Radio Licence,OQJ
M0OQK,Available,Amateur Full Radio Licence,OQK
M0OQL,Available,Amateur Full Radio Licence,OQL
M0OQM,Available,Amateur Full Radio Licence,OQM
M0OQN,Available,Amateur Full Radio Licence,OQN
M0OQO,Available,Amateur Full Radio Licence,OQO
M0OQP,Available,Amateur Full Radio Licence,OQP
M0OQQ,Available,Amateur Full Radio Licence,OQQ
M0OQR,Available,Amateur Full Radio Licence,OQR
M0OQS,Available,Amateur Full Radio Licence,OQS
M0OQT,Available,Amateur Full Radio Licence,OQT
M0OQU,Available,Amateur Full Radio Licence,OQU
M0OQV,Available,Amateur Full Radio Licence,OQV
M0OQW,Available,Amateur Full Radio Licence,OQW
M0OQX,Available,Amateur Full Radio Licence,OQX
M0OQY,Available,Amateur Full Radio Licence,OQY
M0OQZ,Available,Amateur Full Radio Licence,OQZ
M0ORA,Available,Amateur Full Radio Licence,ORA
M0ORB,Available,Amateur Full Radio Licence,ORB
M0ORD,Available,Amateur Full Radio Licence,ORD
M0ORG,Available,Amateur Full Radio Licence,ORG
M0ORH,Available,Amateur Full Radio Licence,ORH
M0ORI,Available,Amateur Full Radio Licence,ORI
M0ORJ,Available,Amateur Full Radio Licence,ORJ
M0ORL,Available,Amateur Full Radio Licence,ORL
M0ORM,Available,Amateur Full Radio Licence,ORM
M0ORP,Available,Amateur Full Radio Licence,ORP
M0ORQ,Available,Amateur Full Radio Licence,ORQ
M0ORT,Available,Amateur Full Radio Licence,ORT
M0ORU,Available,Amateur Full Radio Licence,ORU
M0ORV,Available,Amateur Full Radio Licence,ORV
M0ORW,Available,Amateur Full Radio Licence,ORW
M0ORX,Available,Amateur Full Radio Licence,ORX
M0ORY,Available,Amateur Full Radio Licence,ORY
M0ORZ,Available,Amateur Full Radio Licence,ORZ
M0OSD,Available,Amateur Full Radio Licence,OSD
M0OSF,Available,Amateur Full Radio Licence,OSF
M0OSG,Available,Amateur Full Radio Licence,OSG
M0OSI,Available,Amateur Full Radio Licence,OSI
M0OSJ,Available,Amateur Full Radio Licence,OSJ
M0OSL,Available,Amateur Full Radio Licence,OSL
M0OSN,Available,Amateur Full Radio Licence,OSN
M0OSO,Available,Amateur Full Radio Licence,OSO
M0OSP,Available,Amateur Full Radio Licence,OSP
M0OSQ,Available,Amateur Full Radio Licence,OSQ
M0OSR,Available,Amateur Full Radio Licence,OSR
M0OSS,Available,Amateur Full Radio Licence,OSS
M0OSU,Available,Amateur Full Radio Licence,OSU
M0OSV,Available,Amateur Full Radio Licence,OSV
M0OSW,Available,Amateur Full Radio Licence,OSW
M0OSY,Available,Amateur Full Radio Licence,OSY
M0OTB,Available,Amateur Full Radio Licence,OTB
M0OTC,Available,Amateur Full Radio Licence,OTC
M0OTD,Available,Amateur Full Radio Licence,OTD
M0OTI,Available,Amateur Full Radio Licence,OTI
M0OTJ,Available,Amateur Full Radio Licence,OTJ
M0OTK,Available,Amateur Full Radio Licence,OTK
M0OTN,Available,Amateur Full Radio Licence,OTN
M0OTO,Available,Amateur Full Radio Licence,OTO
M0OTP,Available,Amateur Full Radio Licence,OTP
M0OTQ,Available,Amateur Full Radio Licence,OTQ
M0OTR,Available,Amateur Full Radio Licence,OTR
M0OTU,Available,Amateur Full Radio Licence,OTU
M0OTV,Available,Amateur Full Radio Licence,OTV
M0OTW,Available,Amateur Full Radio Licence,OTW
M0OTX,Available,Amateur Full Radio Licence,OTX
M0OTY,Available,Amateur Full Radio Licence,OTY
M0OTZ,Available,Amateur Full Radio Licence,OTZ
M0OUA,Available,Amateur Full Radio Licence,OUA
M0OUB,Available,Amateur Full Radio Licence,OUB
M0OUD,Available,Amateur Full Radio Licence,OUD
M0OUE,Available,Amateur Full Radio Licence,OUE
M0OUF,Available,Amateur Full Radio Licence,OUF
M0OUG,Available,Amateur Full Radio Licence,OUG
M0OUH,Available,Amateur Full Radio Licence,OUH
M0OUI,Available,Amateur Full Radio Licence,OUI
M0OUJ,Available,Amateur Full Radio Licence,OUJ
M0OUK,Available,Amateur Full Radio Licence,OUK
M0OUL,Available,Amateur Full Radio Licence,OUL
M0OUM,Available,Amateur Full Radio Licence,OUM
M0OUN,Available,Amateur Full Radio Licence,OUN
M0OUO,Available,Amateur Full Radio Licence,OUO
M0OUP,Available,Amateur Full Radio Licence,OUP
M0OUQ,Available,Amateur Full Radio Licence,OUQ
M0OUR,Available,Amateur Full Radio Licence,OUR
M0OUS,Available,Amateur Full Radio Licence,OUS
M0OUT,Available,Amateur Full Radio Licence,OUT
M0OUU,Available,Amateur Full Radio Licence,OUU
M0OUV,Available,Amateur Full Radio Licence,OUV
M0OUW,Available,Amateur Full Radio Licence,OUW
M0OUX,Available,Amateur Full Radio Licence,OUX
M0OUY,Available,Amateur Full Radio Licence,OUY
M0OVA,Available,Amateur Full Radio Licence,OVA
M0OVC,Available,Amateur Full Radio Licence,OVC
M0OVD,Available,Amateur Full Radio Licence,OVD
M0OVE,Available,Amateur Full Radio Licence,OVE
M0OVF,Available,Amateur Full Radio Licence,OVF
M0OVG,Available,Amateur Full Radio Licence,OVG
M0OVH,Available,Amateur Full Radio Licence,OVH
M0OVJ,Available,Amateur Full Radio Licence,OVJ
M0OVM,Available,Amateur Full Radio Licence,OVM
M0OVN,Available,Amateur Full Radio Licence,OVN
M0OVO,Available,Amateur Full Radio Licence,OVO
M0OVP,Available,Amateur Full Radio Licence,OVP
M0OVQ,Available,Amateur Full Radio Licence,OVQ
M0OVR,Available,Amateur Full Radio Licence,OVR
M0OVS,Available,Amateur Full Radio Licence,OVS
M0OVT,Available,Amateur Full Radio Licence,OVT
M0OVU,Available,Amateur Full Radio Licence,OVU
M0OVW,Available,Amateur Full Radio Licence,OVW
M0OVX,Available,Amateur Full Radio Licence,OVX
M0OVY,Available,Amateur Full Radio Licence,OVY
M0OVZ,Available,Amateur Full Radio Licence,OVZ
M0OWA,Available,Amateur Full Radio Licence,OWA
M0OWB,Available,Amateur Full Radio Licence,OWB
M0OWC,Available,Amateur Full Radio Licence,OWC
M0OWD,Available,Amateur Full Radio Licence,OWD
M0OWE,Available,Amateur Full Radio Licence,OWE
M0OWF,Available,Amateur Full Radio Licence,OWF
M0OWG,Available,Amateur Full Radio Licence,OWG
M0OWH,Available,Amateur Full Radio Licence,OWH
M0OWI,Available,Amateur Full Radio Licence,OWI
M0OWJ,Available,Amateur Full Radio Licence,OWJ
M0OWK,Available,Amateur Full Radio Licence,OWK
M0OWM,Available,Amateur Full Radio Licence,OWM
M0OWN,Available,Amateur Full Radio Licence,OWN
M0OWP,Available,Amateur Full Radio Licence,OWP
M0OWQ,Available,Amateur Full Radio Licence,OWQ
M0OWR,Available,Amateur Full Radio Licence,OWR
M0OWS,Available,Amateur Full Radio Licence,OWS
M0OWT,Available,Amateur Full Radio Licence,OWT
M0OWU,Available,Amateur Full Radio Licence,OWU
M0OWV,Available,Amateur Full Radio Licence,OWV
M0OWX,Available,Amateur Full Radio Licence,OWX
M0OWY,Available,Amateur Full Radio Licence,OWY
M0OWZ,Available,Amateur Full Radio Licence,OWZ
M0OXA,Available,Amateur Full Radio Licence,OXA
M0OXB,Available,Amateur Full Radio Licence,OXB
M0OXC,Available,Amateur Full Radio Licence,OXC
M0OXF,Available,Amateur Full Radio Licence,OXF
M0OXG,Available,Amateur Full Radio Licence,OXG
M0OXH,Available,Amateur Full Radio Licence,OXH
M0OXI,Available,Amateur Full Radio Licence,OXI
M0OXJ,Available,Amateur Full Radio Licence,OXJ
M0OXK,Available,Amateur Full Radio Licence,OXK
M0OXL,Available,Amateur Full Radio Licence,OXL
M0OXM,Available,Amateur Full Radio Licence,OXM
M0OXN,Available,Amateur Full Radio Licence,OXN
M0OXP,Available,Amateur Full Radio Licence,OXP
M0OXQ,Available,Amateur Full Radio Licence,OXQ
M0OXS,Available,Amateur Full Radio Licence,OXS
M0OXT,Available,Amateur Full Radio Licence,OXT
M0OXU,Available,Amateur Full Radio Licence,OXU
M0OXV,Available,Amateur Full Radio Licence,OXV
M0OXW,Available,Amateur Full Radio Licence,OXW
M0OYA,Available,Amateur Full Radio Licence,OYA
M0OYB,Available,Amateur Full Radio Licence,OYB
M0OYC,Available,Amateur Full Radio Licence,OYC
M0OYD,Available,Amateur Full Radio Licence,OYD
M0OYE,Available,Amateur Full Radio Licence,OYE
M0OYF,Available,Amateur Full Radio Licence,OYF
M0OYH,Available,Amateur Full Radio Licence,OYH
M0OYI,Available,Amateur Full Radio Licence,OYI
M0OYJ,Available,Amateur Full Radio Licence,OYJ
M0OYK,Available,Amateur Full Radio Licence,OYK
M0OYL,Available,Amateur Full Radio Licence,OYL
M0OYM,Available,Amateur Full Radio Licence,OYM
M0OYN,Available,Amateur Full Radio Licence,OYN
M0OYO,Available,Amateur Full Radio Licence,OYO
M0OYP,Available,Amateur Full Radio Licence,OYP
M0OYR,Available,Amateur Full Radio Licence,OYR
M0OYS,Available,Amateur Full Radio Licence,OYS
M0OYT,Available,Amateur Full Radio Licence,OYT
M0OYU,Available,Amateur Full Radio Licence,OYU
M0OYV,Available,Amateur Full Radio Licence,OYV
M0OYW,Available,Amateur Full Radio Licence,OYW
M0OYX,Available,Amateur Full Radio Licence,OYX
M0OYY,Available,Amateur Full Radio Licence,OYY
M0OZA,Available,Amateur Full Radio Licence,OZA
M0OZB,Available,Amateur Full Radio Licence,OZB
M0OZC,Available,Amateur Full Radio Licence,OZC
M0OZE,Available,Amateur Full Radio Licence,OZE
M0OZF,Available,Amateur Full Radio Licence,OZF
M0OZG,Available,Amateur Full Radio Licence,OZG
M0OZK,Available,Amateur Full Radio Licence,OZK
M0OZL,Available,Amateur Full Radio Licence,OZL
M0OZM,Available,Amateur Full Radio Licence,OZM
M0OZN,Available,Amateur Full Radio Licence,OZN
M0OZO,Available,Amateur Full Radio Licence,OZO
M0OZP,Available,Amateur Full Radio Licence,OZP
M0OZQ,Available,Amateur Full Radio Licence,OZQ
M0OZR,Available,Amateur Full Radio Licence,OZR
M0OZS,Available,Amateur Full Radio Licence,OZS
M0OZT,Available,Amateur Full Radio Licence,OZT
M0OZU,Available,Amateur Full Radio Licence,OZU
M0OZV,Available,Amateur Full Radio Licence,OZV
M0OZW,Available,Amateur Full Radio Licence,OZW
M0OZX,Available,Amateur Full Radio Licence,OZX
M0PBD,Available,Amateur Full Radio Licence,PBD
M0PBE,Available,Amateur Full Radio Licence,PBE
M0PBF,Available,Amateur Full Radio Licence,PBF
M0PBG,Available,Amateur Full Radio Licence,PBG
M0PBH,Available,Amateur Full Radio Licence,PBH
M0PBI,Available,Amateur Full Radio Licence,PBI
M0PBJ,Available,Amateur Full Radio Licence,PBJ
M0PBP,Available,Amateur Full Radio Licence,PBP
M0PBU,Available,Amateur Full Radio Licence,PBU
M0PBV,Available,Amateur Full Radio Licence,PBV
M0PBW,Available,Amateur Full Radio Licence,PBW
M0PBY,Available,Amateur Full Radio Licence,PBY
M0PCD,Available,Amateur Full Radio Licence,PCD
M0PCL,Available,Amateur Full Radio Licence,PCL
M0PCN,Available,Amateur Full Radio Licence,PCN
M0PCO,Available,Amateur Full Radio Licence,PCO
M0PCP,Available,Amateur Full Radio Licence,PCP
M0PCQ,Available,Amateur Full Radio Licence,PCQ
M0PCU,Available,Amateur Full Radio Licence,PCU
M0PCV,Available,Amateur Full Radio Licence,PCV
M0PCW,Available,Amateur Full Radio Licence,PCW
M0PCX,Available,Amateur Full Radio Licence,PCX
M0PCY,Available,Amateur Full Radio Licence,PCY
M0PDI,Available,Amateur Full Radio Licence,PDI
M0PDK,Available,Amateur Full Radio Licence,PDK
M0PDN,Available,Amateur Full Radio Licence,PDN
M0PDO,Available,Amateur Full Radio Licence,PDO
M0PDS,Available,Amateur Full Radio Licence,PDS
M0PDZ,Available,Amateur Full Radio Licence,PDZ
M0PEE,Available,Amateur Full Radio Licence,PEE
M0PEF,Available,Amateur Full Radio Licence,PEF
M0PEI,Available,Amateur Full Radio Licence,PEI
M0PEJ,Available,Amateur Full Radio Licence,PEJ
M0PEL,Available,Amateur Full Radio Licence,PEL
M0PEQ,Available,Amateur Full Radio Licence,PEQ
M0PEU,Available,Amateur Full Radio Licence,PEU
M0PEV,Available,Amateur Full Radio Licence,PEV
M0PEX,Available,Amateur Full Radio Licence,PEX
M0PEY,Available,Amateur Full Radio Licence,PEY
M0PEZ,Available,Amateur Full Radio Licence,PEZ
M0PFA,Available,Amateur Full Radio Licence,PFA
M0PFB,Available,Amateur Full Radio Licence,PFB
M0PFC,Available,Amateur Full Radio Licence,PFC
M0PFE,Available,Amateur Full Radio Licence,PFE
M0PFF,Available,Amateur Full Radio Licence,PFF
M0PFG,Available,Amateur Full Radio Licence,PFG
M0PFI,Available,Amateur Full Radio Licence,PFI
M0PFJ,Available,Amateur Full Radio Licence,PFJ
M0PFK,Available,Amateur Full Radio Licence,PFK
M0PFL,Available,Amateur Full Radio Licence,PFL
M0PFM,Available,Amateur Full Radio Licence,PFM
M0PFN,Available,Amateur Full Radio Licence,PFN
M0PFP,Available,Amateur Full Radio Licence,PFP
M0PFQ,Available,Amateur Full Radio Licence,PFQ
M0PFS,Available,Amateur Full Radio Licence,PFS
M0PFT,Available,Amateur Full Radio Licence,PFT
M0PFU,Available,Amateur Full Radio Licence,PFU
M0PFV,Available,Amateur Full Radio Licence,PFV
M0PFY,Available,Amateur Full Radio Licence,PFY
M0PFZ,Available,Amateur Full Radio Licence,PFZ
M0PGF,Available,Amateur Full Radio Licence,PGF
M0PGJ,Available,Amateur Full Radio Licence,PGJ
M0PGK,Available,Amateur Full Radio Licence,PGK
M0PGN,Available,Amateur Full Radio Licence,PGN
M0PGO,Available,Amateur Full Radio Licence,PGO
M0PGP,Available,Amateur Full Radio Licence,PGP
M0PGQ,Available,Amateur Full Radio Licence,PGQ
M0PGU,Available,Amateur Full Radio Licence,PGU
M0PGV,Available,Amateur Full Radio Licence,PGV
M0PGY,Available,Amateur Full Radio Licence,PGY
M0PGZ,Available,Amateur Full Radio Licence,PGZ
M0PHA,Available,Amateur Full Radio Licence,PHA
M0PHB,Available,Amateur Full Radio Licence,PHB
M0PHC,Available,Amateur Full Radio Licence,PHC
M0PHF,Available,Amateur Full Radio Licence,PHF
M0PHG,Available,Amateur Full Radio Licence,PHG
M0PHH,Available,Amateur Full Radio Licence,PHH
M0PHK,Available,Amateur Full Radio Licence,PHK
M0PHN,Available,Amateur Full Radio Licence,PHN
M0PHR,Available,Amateur Full Radio Licence,PHR
M0PHS,Available,Amateur Full Radio Licence,PHS
M0PHU,Available,Amateur Full Radio Licence,PHU
M0PHW,Available,Amateur Full Radio Licence,PHW
M0PHZ,Available,Amateur Full Radio Licence,PHZ
M0PIF,Available,Amateur Full Radio Licence,PIF
M0PII,Available,Amateur Full Radio Licence,PII
M0PIJ,Available,Amateur Full Radio Licence,PIJ
M0PIQ,Available,Amateur Full Radio Licence,PIQ
M0PIR,Available,Amateur Full Radio Licence,PIR
M0PIU,Available,Amateur Full Radio Licence,PIU
M0PIV,Available,Amateur Full Radio Licence,PIV
M0PIY,Available,Amateur Full Radio Licence,PIY
M0PIZ,Available,Amateur Full Radio Licence,PIZ
M0PJE,Available,Amateur Full Radio Licence,PJE
M0PJI,Available,Amateur Full Radio Licence,PJI
M0PJN,Available,Amateur Full Radio Licence,PJN
M0PJP,Available,Amateur Full Radio Licence,PJP
M0PJU,Available,Amateur Full Radio Licence,PJU
M0PJV,Available,Amateur Full Radio Licence,PJV
M0PJZ,Available,Amateur Full Radio Licence,PJZ
M0PKA,Available,Amateur Full Radio Licence,PKA
M0PKC,Available,Amateur Full Radio Licence,PKC
M0PKE,Available,Amateur Full Radio Licence,PKE
M0PKF,Available,Amateur Full Radio Licence,PKF
M0PKG,Available,Amateur Full Radio Licence,PKG
M0PKI,Available,Amateur Full Radio Licence,PKI
M0PKJ,Available,Amateur Full Radio Licence,PKJ
M0PKK,Available,Amateur Full Radio Licence,PKK
M0PKN,Available,Amateur Full Radio Licence,PKN
M0PKO,Available,Amateur Full Radio Licence,PKO
M0PKP,Available,Amateur Full Radio Licence,PKP
M0PKQ,Available,Amateur Full Radio Licence,PKQ
M0PKR,Available,Amateur Full Radio Licence,PKR
M0PKU,Available,Amateur Full Radio Licence,PKU
M0PKX,Available,Amateur Full Radio Licence,PKX
M0PKY,Available,Amateur Full Radio Licence,PKY
M0PLA,Available,Amateur Full Radio Licence,PLA
M0PLB,Available,Amateur Full Radio Licence,PLB
M0PLE,Available,Amateur Full Radio Licence,PLE
M0PLI,Available,Amateur Full Radio Licence,PLI
M0PLJ,Available,Amateur Full Radio Licence,PLJ
M0PLQ,Available,Amateur Full Radio Licence,PLQ
M0PLS,Available,Amateur Full Radio Licence,PLS
M0PLU,Available,Amateur Full Radio Licence,PLU
M0PLV,Available,Amateur Full Radio Licence,PLV
M0PLW,Available,Amateur Full Radio Licence,PLW
M0PLZ,Available,Amateur Full Radio Licence,PLZ
M0PMF,Available,Amateur Full Radio Licence,PMF
M0PMH,Available,Amateur Full Radio Licence,PMH
M0PMI,Available,Amateur Full Radio Licence,PMI
M0PMO,Available,Amateur Full Radio Licence,PMO
M0PMQ,Available,Amateur Full Radio Licence,PMQ
M0PMS,Available,Amateur Full Radio Licence,PMS
M0PMU,Available,Amateur Full Radio Licence,PMU
M0PMX,Available,Amateur Full Radio Licence,PMX
M0PMY,Available,Amateur Full Radio Licence,PMY
M0PNB,Available,Amateur Full Radio Licence,PNB
M0PND,Available,Amateur Full Radio Licence,PND
M0PNF,Available,Amateur Full Radio Licence,PNF
M0PNG,Available,Amateur Full Radio Licence,PNG
M0PNH,Available,Amateur Full Radio Licence,PNH
M0PNI,Available,Amateur Full Radio Licence,PNI
M0PNJ,Available,Amateur Full Radio Licence,PNJ
M0PNK,Available,Amateur Full Radio Licence,PNK
M0PNL,Available,Amateur Full Radio Licence,PNL
M0PNM,Available,Amateur Full Radio Licence,PNM
M0PNO,Available,Amateur Full Radio Licence,PNO
M0PNQ,Available,Amateur Full Radio Licence,PNQ
M0PNR,Available,Amateur Full Radio Licence,PNR
M0PNS,Available,Amateur Full Radio Licence,PNS
M0PNT,Available,Amateur Full Radio Licence,PNT
M0PNU,Available,Amateur Full Radio Licence,PNU
M0PNV,Available,Amateur Full Radio Licence,PNV
M0PNW,Available,Amateur Full Radio Licence,PNW
M0PNY,Available,Amateur Full Radio Licence,PNY
M0POC,Available,Amateur Full Radio Licence,POC
M0POE,Available,Amateur Full Radio Licence,POE
M0POF,Available,Amateur Full Radio Licence,POF
M0POH,Available,Amateur Full Radio Licence,POH
M0POJ,Available,Amateur Full Radio Licence,POJ
M0POM,Available,Amateur Full Radio Licence,POM
M0POS,Available,Amateur Full Radio Licence,POS
M0POU,Available,Amateur Full Radio Licence,POU
M0POV,Available,Amateur Full Radio Licence,POV
M0POY,Available,Amateur Full Radio Licence,POY
M0POZ,Available,Amateur Full Radio Licence,POZ
M0PPB,Available,Amateur Full Radio Licence,PPB
M0PPD,Available,Amateur Full Radio Licence,PPD
M0PPF,Available,Amateur Full Radio Licence,PPF
M0PPH,Available,Amateur Full Radio Licence,PPH
M0PPI,Available,Amateur Full Radio Licence,PPI
M0PPJ,Available,Amateur Full Radio Licence,PPJ
M0PPN,Available,Amateur Full Radio Licence,PPN
M0PPQ,Available,Amateur Full Radio Licence,PPQ
M0PPT,Available,Amateur Full Radio Licence,PPT
M0PPU,Available,Amateur Full Radio Licence,PPU
M0PPV,Available,Amateur Full Radio Licence,PPV
M0PPX,Available,Amateur Full Radio Licence,PPX
M0PQA,Available,Amateur Full Radio Licence,PQA
M0PQB,Available,Amateur Full Radio Licence,PQB
M0PQC,Available,Amateur Full Radio Licence,PQC
M0PQD,Available,Amateur Full Radio Licence,PQD
M0PQE,Available,Amateur Full Radio Licence,PQE
M0PQF,Available,Amateur Full Radio Licence,PQF
M0PQG,Available,Amateur Full Radio Licence,PQG
M0PQH,Available,Amateur Full Radio Licence,PQH
M0PQJ,Available,Amateur Full Radio Licence,PQJ
M0PQK,Available,Amateur Full Radio Licence,PQK
M0PQL,Available,Amateur Full Radio Licence,PQL
M0PQM,Available,Amateur Full Radio Licence,PQM
M0PQO,Available,Amateur Full Radio Licence,PQO
M0PQQ,Available,Amateur Full Radio Licence,PQQ
M0PQS,Available,Amateur Full Radio Licence,PQS
M0PQT,Available,Amateur Full Radio Licence,PQT
M0PQU,Available,Amateur Full Radio Licence,PQU
M0PQV,Available,Amateur Full Radio Licence,PQV
M0PQW,Available,Amateur Full Radio Licence,PQW
M0PQX,Available,Amateur Full Radio Licence,PQX
M0PQY,Available,Amateur Full Radio Licence,PQY
M0PQZ,Available,Amateur Full Radio Licence,PQZ
M0PRH,Available,Amateur Full Radio Licence,PRH
M0PRQ,Available,Amateur Full Radio Licence,PRQ
M0PRR,Available,Amateur Full Radio Licence,PRR
M0PRU,Available,Amateur Full Radio Licence,PRU
M0PRW,Available,Amateur Full Radio Licence,PRW
M0PRX,Available,Amateur Full Radio Licence,PRX
M0PRZ,Available,Amateur Full Radio Licence,PRZ
M0PSF,Available,Amateur Full Radio Licence,PSF
M0PSN,Available,Amateur Full Radio Licence,PSN
M0PSO,Available,Amateur Full Radio Licence,PSO
M0PSP,Available,Amateur Full Radio Licence,PSP
M0PSQ,Available,Amateur Full Radio Licence,PSQ
M0PSV,Available,Amateur Full Radio Licence,PSV
M0PTA,Available,Amateur Full Radio Licence,PTA
M0PTF,Available,Amateur Full Radio Licence,PTF
M0PTI,Available,Amateur Full Radio Licence,PTI
M0PTJ,Available,Amateur Full Radio Licence,PTJ
M0PTL,Available,Amateur Full Radio Licence,PTL
M0PTN,Available,Amateur Full Radio Licence,PTN
M0PTP,Available,Amateur Full Radio Licence,PTP
M0PTQ,Available,Amateur Full Radio Licence,PTQ
M0PTV,Available,Amateur Full Radio Licence,PTV
M0PTW,Available,Amateur Full Radio Licence,PTW
M0PTX,Available,Amateur Full Radio Licence,PTX
M0PTY,Available,Amateur Full Radio Licence,PTY
M0PTZ,Available,Amateur Full Radio Licence,PTZ
M0PUA,Available,Amateur Full Radio Licence,PUA
M0PUE,Available,Amateur Full Radio Licence,PUE
M0PUF,Available,Amateur Full Radio Licence,PUF
M0PUG,Available,Amateur Full Radio Licence,PUG
M0PUH,Available,Amateur Full Radio Licence,PUH
M0PUI,Available,Amateur Full Radio Licence,PUI
M0PUJ,Available,Amateur Full Radio Licence,PUJ
M0PUK,Available,Amateur Full Radio Licence,PUK
M0PUL,Available,Amateur Full Radio Licence,PUL
M0PUM,Available,Amateur Full Radio Licence,PUM
M0PUO,Available,Amateur Full Radio Licence,PUO
M0PUQ,Available,Amateur Full Radio Licence,PUQ
M0PUR,Available,Amateur Full Radio Licence,PUR
M0PUS,Available,Amateur Full Radio Licence,PUS
M0PUU,Available,Amateur Full Radio Licence,PUU
M0PUV,Available,Amateur Full Radio Licence,PUV
M0PUW,Available,Amateur Full Radio Licence,PUW
M0PUY,Available,Amateur Full Radio Licence,PUY
M0PVB,Available,Amateur Full Radio Licence,PVB
M0PVC,Available,Amateur Full Radio Licence,PVC
M0PVD,Available,Amateur Full Radio Licence,PVD
M0PVE,Available,Amateur Full Radio Licence,PVE
M0PVF,Available,Amateur Full Radio Licence,PVF
M0PVG,Available,Amateur Full Radio Licence,PVG
M0PVH,Available,Amateur Full Radio Licence,PVH
M0PVJ,Available,Amateur Full Radio Licence,PVJ
M0PVK,Available,Amateur Full Radio Licence,PVK
M0PVL,Available,Amateur Full Radio Licence,PVL
M0PVM,Available,Amateur Full Radio Licence,PVM
M0PVQ,Available,Amateur Full Radio Licence,PVQ
M0PVR,Available,Amateur Full Radio Licence,PVR
M0PVS,Available,Amateur Full Radio Licence,PVS
M0PVT,Available,Amateur Full Radio Licence,PVT
M0PVU,Available,Amateur Full Radio Licence,PVU
M0PVV,Available,Amateur Full Radio Licence,PVV
M0PVY,Available,Amateur Full Radio Licence,PVY
M0PVZ,Available,Amateur Full Radio Licence,PVZ
M0PWA,Available,Amateur Full Radio Licence,PWA
M0PWC,Available,Amateur Full Radio Licence,PWC
M0PWE,Available,Amateur Full Radio Licence,PWE
M0PWG,Available,Amateur Full Radio Licence,PWG
M0PWL,Available,Amateur Full Radio Licence,PWL
M0PWN,Available,Amateur Full Radio Licence,PWN
M0PWO,Available,Amateur Full Radio Licence,PWO
M0PWP,Available,Amateur Full Radio Licence,PWP
M0PWQ,Available,Amateur Full Radio Licence,PWQ
M0PWU,Available,Amateur Full Radio Licence,PWU
M0PWV,Available,Amateur Full Radio Licence,PWV
M0PWX,Available,Amateur Full Radio Licence,PWX
M0PXA,Available,Amateur Full Radio Licence,PXA
M0PXC,Available,Amateur Full Radio Licence,PXC
M0PXE,Available,Amateur Full Radio Licence,PXE
M0PXF,Available,Amateur Full Radio Licence,PXF
M0PXG,Available,Amateur Full Radio Licence,PXG
M0PXH,Available,Amateur Full Radio Licence,PXH
M0PXJ,Available,Amateur Full Radio Licence,PXJ
M0PXK,Available,Amateur Full Radio Licence,PXK
M0PXL,Available,Amateur Full Radio Licence,PXL
M0PXN,Available,Amateur Full Radio Licence,PXN
M0PXO,Available,Amateur Full Radio Licence,PXO
M0PXP,Available,Amateur Full Radio Licence,PXP
M0PXQ,Available,Amateur Full Radio Licence,PXQ
M0PXT,Available,Amateur Full Radio Licence,PXT
M0PXU,Available,Amateur Full Radio Licence,PXU
M0PXV,Available,Amateur Full Radio Licence,PXV
M0PXW,Available,Amateur Full Radio Licence,PXW
M0PXX,Available,Amateur Full Radio Licence,PXX
M0PYA,Available,Amateur Full Radio Licence,PYA
M0PYB,Available,Amateur Full Radio Licence,PYB
M0PYC,Available,Amateur Full Radio Licence,PYC
M0PYD,Available,Amateur Full Radio Licence,PYD
M0PYF,Available,Amateur Full Radio Licence,PYF
M0PYG,Available,Amateur Full Radio Licence,PYG
M0PYH,Available,Amateur Full Radio Licence,PYH
M0PYI,Available,Amateur Full Radio Licence,PYI
M0PYJ,Available,Amateur Full Radio Licence,PYJ
M0PYK,Available,Amateur Full Radio Licence,PYK
M0PYL,Available,Amateur Full Radio Licence,PYL
M0PYM,Available,Amateur Full Radio Licence,PYM
M0PYN,Available,Amateur Full Radio Licence,PYN
M0PYO,Available,Amateur Full Radio Licence,PYO
M0PYP,Available,Amateur Full Radio Licence,PYP
M0PYQ,Available,Amateur Full Radio Licence,PYQ
M0PYV,Available,Amateur Full Radio Licence,PYV
M0PYW,Available,Amateur Full Radio Licence,PYW
M0PYX,Available,Amateur Full Radio Licence,PYX
M0PYY,Available,Amateur Full Radio Licence,PYY
M0PYZ,Available,Amateur Full Radio Licence,PYZ
M0PZA,Available,Amateur Full Radio Licence,PZA
M0PZB,Available,Amateur Full Radio Licence,PZB
M0PZC,Available,Amateur Full Radio Licence,PZC
M0PZD,Available,Amateur Full Radio Licence,PZD
M0PZE,Available,Amateur Full Radio Licence,PZE
M0PZF,Available,Amateur Full Radio Licence,PZF
M0PZH,Available,Amateur Full Radio Licence,PZH
M0PZI,Available,Amateur Full Radio Licence,PZI
M0PZJ,Available,Amateur Full Radio Licence,PZJ
M0PZK,Available,Amateur Full Radio Licence,PZK
M0PZL,Available,Amateur Full Radio Licence,PZL
M0PZM,Available,Amateur Full Radio Licence,PZM
M0PZN,Available,Amateur Full Radio Licence,PZN
M0PZO,Available,Amateur Full Radio Licence,PZO
M0PZP,Available,Amateur Full Radio Licence,PZP
M0PZQ,Available,Amateur Full Radio Licence,PZQ
M0PZS,Available,Amateur Full Radio Licence,PZS
M0PZU,Available,Amateur Full Radio Licence,PZU
M0PZV,Available,Amateur Full Radio Licence,PZV
M0PZX,Available,Amateur Full Radio Licence,PZX
M0PZY,Available,Amateur Full Radio Licence,PZY
M0PZZ,Available,Amateur Full Radio Licence,PZZ
M0RBU,Available,Amateur Full Radio Licence,RBU
M0RCI,Available,Amateur Full Radio Licence,RCI
M0RCZ,Available,Amateur Full Radio Licence,RCZ
M0RDE,Available,Amateur Full Radio Licence,RDE
M0RDK,Available,Amateur Full Radio Licence,RDK
M0RDN,Available,Amateur Full Radio Licence,RDN
M0RDP,Available,Amateur Full Radio Licence,RDP
M0RDQ,Available,Amateur Full Radio Licence,RDQ
M0RDU,Available,Amateur Full Radio Licence,RDU
M0RDY,Available,Amateur Full Radio Licence,RDY
M0REE,Available,Amateur Full Radio Licence,REE
M0REF,Available,Amateur Full Radio Licence,REF
M0REI,Available,Amateur Full Radio Licence,REI
M0REO,Available,Amateur Full Radio Licence,REO
M0REP,Available,Amateur Full Radio Licence,REP
M0REQ,Available,Amateur Full Radio Licence,REQ
M0REU,Available,Amateur Full Radio Licence,REU
M0REW,Available,Amateur Full Radio Licence,REW
M0REY,Available,Amateur Full Radio Licence,REY
M0RFB,Available,Amateur Full Radio Licence,RFB
M0RFG,Available,Amateur Full Radio Licence,RFG
M0RFI,Available,Amateur Full Radio Licence,RFI
M0RFJ,Available,Amateur Full Radio Licence,RFJ
M0RFN,Available,Amateur Full Radio Licence,RFN
M0RFO,Available,Amateur Full Radio Licence,RFO
M0RFP,Available,Amateur Full Radio Licence,RFP
M0RFQ,Available,Amateur Full Radio Licence,RFQ
M0RFR,Available,Amateur Full Radio Licence,RFR
M0RFU,Available,Amateur Full Radio Licence,RFU
M0RFV,Available,Amateur Full Radio Licence,RFV
M0RFW,Available,Amateur Full Radio Licence,RFW
M0RFZ,Available,Amateur Full Radio Licence,RFZ
M0RGF,Available,Amateur Full Radio Licence,RGF
M0RGH,Available,Amateur Full Radio Licence,RGH
M0RGK,Available,Amateur Full Radio Licence,RGK
M0RGP,Available,Amateur Full Radio Licence,RGP
M0RGQ,Available,Amateur Full Radio Licence,RGQ
M0RGV,Available,Amateur Full Radio Licence,RGV
M0RGZ,Available,Amateur Full Radio Licence,RGZ
M0RHA,Available,Amateur Full Radio Licence,RHA
M0RHC,Available,Amateur Full Radio Licence,RHC
M0RHJ,Available,Amateur Full Radio Licence,RHJ
M0RHK,Available,Amateur Full Radio Licence,RHK
M0RHL,Available,Amateur Full Radio Licence,RHL
M0RHM,Available,Amateur Full Radio Licence,RHM
M0RHN,Available,Amateur Full Radio Licence,RHN
M0RHO,Available,Amateur Full Radio Licence,RHO
M0RHP,Available,Amateur Full Radio Licence,RHP
M0RHU,Available,Amateur Full Radio Licence,RHU
M0RHX,Available,Amateur Full Radio Licence,RHX
M0RHY,Available,Amateur Full Radio Licence,RHY
M0RHZ,Available,Amateur Full Radio Licence,RHZ
M0RIE,Available,Amateur Full Radio Licence,RIE
M0RIH,Available,Amateur Full Radio Licence,RIH
M0RII,Available,Amateur Full Radio Licence,RII
M0RIJ,Available,Amateur Full Radio Licence,RIJ
M0RIL,Available,Amateur Full Radio Licence,RIL
M0RIN,Available,Amateur Full Radio Licence,RIN
M0RIO,Available,Amateur Full Radio Licence,RIO
M0RIP,Available,Amateur Full Radio Licence,RIP
M0RIQ,Available,Amateur Full Radio Licence,RIQ
M0RIR,Available,Amateur Full Radio Licence,RIR
M0RIU,Available,Amateur Full Radio Licence,RIU
M0RIW,Available,Amateur Full Radio Licence,RIW
M0RIY,Available,Amateur Full Radio Licence,RIY
M0RIZ,Available,Amateur Full Radio Licence,RIZ
M0RJF,Available,Amateur Full Radio Licence,RJF
M0RJI,Available,Amateur Full Radio Licence,RJI
M0RJJ,Available,Amateur Full Radio Licence,RJJ
M0RJQ,Available,Amateur Full Radio Licence,RJQ
M0RJU,Available,Amateur Full Radio Licence,RJU
M0RKA,Available,Amateur Full Radio Licence,RKA
M0RKC,Available,Amateur Full Radio Licence,RKC
M0RKE,Available,Amateur Full Radio Licence,RKE
M0RKG,Available,Amateur Full Radio Licence,RKG
M0RKJ,Available,Amateur Full Radio Licence,RKJ
M0RKK,Available,Amateur Full Radio Licence,RKK
M0RKM,Available,Amateur Full Radio Licence,RKM
M0RKP,Available,Amateur Full Radio Licence,RKP
M0RKQ,Available,Amateur Full Radio Licence,RKQ
M0RKU,Available,Amateur Full Radio Licence,RKU
M0RKV,Available,Amateur Full Radio Licence,RKV
M0RKZ,Available,Amateur Full Radio Licence,RKZ
M0RLA,Available,Amateur Full Radio Licence,RLA
M0RLE,Available,Amateur Full Radio Licence,RLE
M0RLF,Available,Amateur Full Radio Licence,RLF
M0RLG,Available,Amateur Full Radio Licence,RLG
M0RLL,Available,Amateur Full Radio Licence,RLL
M0RLQ,Available,Amateur Full Radio Licence,RLQ
M0RLR,Available,Amateur Full Radio Licence,RLR
M0RLS,Available,Amateur Full Radio Licence,RLS
M0RLT,Available,Amateur Full Radio Licence,RLT
M0RLU,Available,Amateur Full Radio Licence,RLU
M0RLV,Available,Amateur Full Radio Licence,RLV
M0RLZ,Available,Amateur Full Radio Licence,RLZ
M0RMA,Available,Amateur Full Radio Licence,RMA
M0RME,Available,Amateur Full Radio Licence,RME
M0RMI,Available,Amateur Full Radio Licence,RMI
M0RMM,Available,Amateur Full Radio Licence,RMM
M0RMQ,Available,Amateur Full Radio Licence,RMQ
M0RMR,Available,Amateur Full Radio Licence,RMR
M0RMU,Available,Amateur Full Radio Licence,RMU
M0RMV,Available,Amateur Full Radio Licence,RMV
M0RMX,Available,Amateur Full Radio Licence,RMX
M0RNB,Available,Amateur Full Radio Licence,RNB
M0RNF,Available,Amateur Full Radio Licence,RNF
M0RNG,Available,Amateur Full Radio Licence,RNG
M0RNH,Available,Amateur Full Radio Licence,RNH
M0RNJ,Available,Amateur Full Radio Licence,RNJ
M0RNK,Available,Amateur Full Radio Licence,RNK
M0RNM,Available,Amateur Full Radio Licence,RNM
M0RNN,Available,Amateur Full Radio Licence,RNN
M0RNO,Available,Amateur Full Radio Licence,RNO
M0RNP,Available,Amateur Full Radio Licence,RNP
M0RNQ,Available,Amateur Full Radio Licence,RNQ
M0RNV,Available,Amateur Full Radio Licence,RNV
M0RNX,Available,Amateur Full Radio Licence,RNX
M0RNZ,Available,Amateur Full Radio Licence,RNZ
M0ROH,Available,Amateur Full Radio Licence,ROH
M0ROK,Available,Amateur Full Radio Licence,ROK
M0ROL,Available,Amateur Full Radio Licence,ROL
M0ROP,Available,Amateur Full Radio Licence,ROP
M0ROR,Available,Amateur Full Radio Licence,ROR
M0ROU,Available,Amateur Full Radio Licence,ROU
M0ROX,Available,Amateur Full Radio Licence,ROX
M0ROZ,Available,Amateur Full Radio Licence,ROZ
M0RPN,Available,Amateur Full Radio Licence,RPN
M0RPP,Available,Amateur Full Radio Licence,RPP
M0RPS,Available,Amateur Full Radio Licence,RPS
M0RPU,Available,Amateur Full Radio Licence,RPU
M0RPV,Available,Amateur Full Radio Licence,RPV
M0RPW,Available,Amateur Full Radio Licence,RPW
M0RPX,Available,Amateur Full Radio Licence,RPX
M0RPY,Available,Amateur Full Radio Licence,RPY
M0RPZ,Available,Amateur Full Radio Licence,RPZ
M0RQA,Available,Amateur Full Radio Licence,RQA
M0RQB,Available,Amateur Full Radio Licence,RQB
M0RQC,Available,Amateur Full Radio Licence,RQC
M0RQD,Available,Amateur Full Radio Licence,RQD
M0RQE,Available,Amateur Full Radio Licence,RQE
M0RQF,Available,Amateur Full Radio Licence,RQF
M0RQG,Available,Amateur Full Radio Licence,RQG
M0RQH,Available,Amateur Full Radio Licence,RQH
M0RQI,Available,Amateur Full Radio Licence,RQI
M0RQJ,Available,Amateur Full Radio Licence,RQJ
M0RQL,Available,Amateur Full Radio Licence,RQL
M0RQM,Available,Amateur Full Radio Licence,RQM
M0RQN,Available,Amateur Full Radio Licence,RQN
M0RQO,Available,Amateur Full Radio Licence,RQO
M0RQP,Available,Amateur Full Radio Licence,RQP
M0RQQ,Available,Amateur Full Radio Licence,RQQ
M0RQR,Available,Amateur Full Radio Licence,RQR
M0RQS,Available,Amateur Full Radio Licence,RQS
M0RQT,Available,Amateur Full Radio Licence,RQT
M0RQU,Available,Amateur Full Radio Licence,RQU
M0RQV,Available,Amateur Full Radio Licence,RQV
M0RQW,Available,Amateur Full Radio Licence,RQW
M0RQX,Available,Amateur Full Radio Licence,RQX
M0RQY,Available,Amateur Full Radio Licence,RQY
M0RQZ,Available,Amateur Full Radio Licence,RQZ
M0RRF,Available,Amateur Full Radio Licence,RRF
M0RRI,Available,Amateur Full Radio Licence,RRI
M0RRJ,Available,Amateur Full Radio Licence,RRJ
M0RRK,Available,Amateur Full Radio Licence,RRK
M0RRL,Available,Amateur Full Radio Licence,RRL
M0RRW,Available,Amateur Full Radio Licence,RRW
M0RRZ,Available,Amateur Full Radio Licence,RRZ
M0RSK,Available,Amateur Full Radio Licence,RSK
M0RSQ,Available,Amateur Full Radio Licence,RSQ
M0RSR,Available,Amateur Full Radio Licence,RSR
M0RSU,Available,Amateur Full Radio Licence,RSU
M0RSX,Available,Amateur Full Radio Licence,RSX
M0RSZ,Available,Amateur Full Radio Licence,RSZ
M0RTF,Available,Amateur Full Radio Licence,RTF
M0RTJ,Available,Amateur Full Radio Licence,RTJ
M0RTK,Available,Amateur Full Radio Licence,RTK
M0RTP,Available,Amateur Full Radio Licence,RTP
M0RTQ,Available,Amateur Full Radio Licence,RTQ
M0RTT,Available,Amateur Full Radio Licence,RTT
M0RTU,Available,Amateur Full Radio Licence,RTU
M0RUA,Available,Amateur Full Radio Licence,RUA
M0RUB,Available,Amateur Full Radio Licence,RUB
M0RUD,Available,Amateur Full Radio Licence,RUD
M0RUE,Available,Amateur Full Radio Licence,RUE
M0RUF,Available,Amateur Full Radio Licence,RUF
M0RUG,Available,Amateur Full Radio Licence,RUG
M0RUI,Available,Amateur Full Radio Licence,RUI
M0RUJ,Available,Amateur Full Radio Licence,RUJ
M0RUL,Available,Amateur Full Radio Licence,RUL
M0RUO,Available,Amateur Full Radio Licence,RUO
M0RUP,Available,Amateur Full Radio Licence,RUP
M0RUQ,Available,Amateur Full Radio Licence,RUQ
M0RUR,Available,Amateur Full Radio Licence,RUR
M0RUT,Available,Amateur Full Radio Licence,RUT
M0RUU,Available,Amateur Full Radio Licence,RUU
M0RUV,Available,Amateur Full Radio Licence,RUV
M0RUW,Available,Amateur Full Radio Licence,RUW
M0RUX,Available,Amateur Full Radio Licence,RUX
M0RUY,Available,Amateur Full Radio Licence,RUY
M0RVA,Available,Amateur Full Radio Licence,RVA
M0RVB,Available,Amateur Full Radio Licence,RVB
M0RVD,Available,Amateur Full Radio Licence,RVD
M0RVE,Available,Amateur Full Radio Licence,RVE
M0RVF,Available,Amateur Full Radio Licence,RVF
M0RVG,Available,Amateur Full Radio Licence,RVG
M0RVJ,Available,Amateur Full Radio Licence,RVJ
M0RVK,Available,Amateur Full Radio Licence,RVK
M0RVL,Available,Amateur Full Radio Licence,RVL
M0RVM,Available,Amateur Full Radio Licence,RVM
M0RVN,Available,Amateur Full Radio Licence,RVN
M0RVO,Available,Amateur Full Radio Licence,RVO
M0RVP,Available,Amateur Full Radio Licence,RVP
M0RVQ,Available,Amateur Full Radio Licence,RVQ
M0RVS,Available,Amateur Full Radio Licence,RVS
M0RVU,Available,Amateur Full Radio Licence,RVU
M0RVV,Available,Amateur Full Radio Licence,RVV
M0RVW,Available,Amateur Full Radio Licence,RVW
M0RVX,Available,Amateur Full Radio Licence,RVX
M0RVY,Available,Amateur Full Radio Licence,RVY
M0RWE,Available,Amateur Full Radio Licence,RWE
M0RWF,Available,Amateur Full Radio Licence,RWF
M0RWI,Available,Amateur Full Radio Licence,RWI
M0RWO,Available,Amateur Full Radio Licence,RWO
M0RWP,Available,Amateur Full Radio Licence,RWP
M0RWQ,Available,Amateur Full Radio Licence,RWQ
M0RWT,Available,Amateur Full Radio Licence,RWT
M0RWU,Available,Amateur Full Radio Licence,RWU
M0RWV,Available,Amateur Full Radio Licence,RWV
M0RWX,Available,Amateur Full Radio Licence,RWX
M0RWY,Available,Amateur Full Radio Licence,RWY
M0RWZ,Available,Amateur Full Radio Licence,RWZ
M0RXA,Available,Amateur Full Radio Licence,RXA
M0RXB,Available,Amateur Full Radio Licence,RXB
M0RXC,Available,Amateur Full Radio Licence,RXC
M0RXE,Available,Amateur Full Radio Licence,RXE
M0RXF,Available,Amateur Full Radio Licence,RXF
M0RXG,Available,Amateur Full Radio Licence,RXG
M0RXH,Available,Amateur Full Radio Licence,RXH
M0RXI,Available,Amateur Full Radio Licence,RXI
M0RXK,Available,Amateur Full Radio Licence,RXK
M0RXL,Available,Amateur Full Radio Licence,RXL
M0RXM,Available,Amateur Full Radio Licence,RXM
M0RXN,Available,Amateur Full Radio Licence,RXN
M0RXO,Available,Amateur Full Radio Licence,RXO
M0RXP,Available,Amateur Full Radio Licence,RXP
M0RXR,Available,Amateur Full Radio Licence,RXR
M0RXS,Available,Amateur Full Radio Licence,RXS
M0RXT,Available,Amateur Full Radio Licence,RXT
M0RXU,Available,Amateur Full Radio Licence,RXU
M0RYC,Available,Amateur Full Radio Licence,RYC
M0RYD,Available,Amateur Full Radio Licence,RYD
M0RYE,Available,Amateur Full Radio Licence,RYE
M0RYF,Available,Amateur Full Radio Licence,RYF
M0RYG,Available,Amateur Full Radio Licence,RYG
M0RYH,Available,Amateur Full Radio Licence,RYH
M0RYI,Available,Amateur Full Radio Licence,RYI
M0RYJ,Available,Amateur Full Radio Licence,RYJ
M0RYN,Available,Amateur Full Radio Licence,RYN
M0RYO,Available,Amateur Full Radio Licence,RYO
M0RYP,Available,Amateur Full Radio Licence,RYP
M0RYQ,Available,Amateur Full Radio Licence,RYQ
M0RYR,Available,Amateur Full Radio Licence,RYR
M0RYT,Available,Amateur Full Radio Licence,RYT
M0RYU,Available,Amateur Full Radio Licence,RYU
M0RYV,Available,Amateur Full Radio Licence,RYV
M0RYX,Available,Amateur Full Radio Licence,RYX
M0RYY,Available,Amateur Full Radio Licence,RYY
M0RZB,Available,Amateur Full Radio Licence,RZB
M0RZG,Available,Amateur Full Radio Licence,RZG
M0RZH,Available,Amateur Full Radio Licence,RZH
M0RZI,Available,Amateur Full Radio Licence,RZI
M0RZJ,Available,Amateur Full Radio Licence,RZJ
M0RZK,Available,Amateur Full Radio Licence,RZK
M0RZL,Available,Amateur Full Radio Licence,RZL
M0RZM,Available,Amateur Full Radio Licence,RZM
M0RZN,Available,Amateur Full Radio Licence,RZN
M0RZO,Available,Amateur Full Radio Licence,RZO
M0RZP,Available,Amateur Full Radio Licence,RZP
M0RZQ,Available,Amateur Full Radio Licence,RZQ
M0RZR,Available,Amateur Full Radio Licence,RZR
M0RZS,Available,Amateur Full Radio Licence,RZS
M0RZT,Available,Amateur Full Radio Licence,RZT
M0RZU,Available,Amateur Full Radio Licence,RZU
M0RZV,Available,Amateur Full Radio Licence,RZV
M0SAU,Available,Amateur Full Radio Licence,SAU
M0SBI,Available,Amateur Full Radio Licence,SBI
M0SBJ,Available,Amateur Full Radio Licence,SBJ
M0SBK,Available,Amateur Full Radio Licence,SBK
M0SBN,Available,Amateur Full Radio Licence,SBN
M0SBP,Available,Amateur Full Radio Licence,SBP
M0SBQ,Available,Amateur Full Radio Licence,SBQ
M0SBR,Available,Amateur Full Radio Licence,SBR
M0SBT,Available,Amateur Full Radio Licence,SBT
M0SCF,Available,Amateur Full Radio Licence,SCF
M0SCJ,Available,Amateur Full Radio Licence,SCJ
M0SCN,Available,Amateur Full Radio Licence,SCN
M0SCV,Available,Amateur Full Radio Licence,SCV
M0SCY,Available,Amateur Full Radio Licence,SCY
M0SCZ,Available,Amateur Full Radio Licence,SCZ
M0SDB,Available,Amateur Full Radio Licence,SDB
M0SDD,Available,Amateur Full Radio Licence,SDD
M0SDF,Available,Amateur Full Radio Licence,SDF
M0SDK,Available,Amateur Full Radio Licence,SDK
M0SDL,Available,Amateur Full Radio Licence,SDL
M0SDO,Available,Amateur Full Radio Licence,SDO
M0SDQ,Available,Amateur Full Radio Licence,SDQ
M0SDV,Available,Amateur Full Radio Licence,SDV
M0SEF,Available,Amateur Full Radio Licence,SEF
M0SEG,Available,Amateur Full Radio Licence,SEG
M0SEI,Available,Amateur Full Radio Licence,SEI
M0SEJ,Available,Amateur Full Radio Licence,SEJ
M0SEP,Available,Amateur Full Radio Licence,SEP
M0SEQ,Available,Amateur Full Radio Licence,SEQ
M0SEU,Available,Amateur Full Radio Licence,SEU
M0SEW,Available,Amateur Full Radio Licence,SEW
M0SFE,Available,Amateur Full Radio Licence,SFE
M0SFF,Available,Amateur Full Radio Licence,SFF
M0SFH,Available,Amateur Full Radio Licence,SFH
M0SFI,Available,Amateur Full Radio Licence,SFI
M0SFJ,Available,Amateur Full Radio Licence,SFJ
M0SFK,Available,Amateur Full Radio Licence,SFK
M0SFL,Available,Amateur Full Radio Licence,SFL
M0SFN,Available,Amateur Full Radio Licence,SFN
M0SFO,Available,Amateur Full Radio Licence,SFO
M0SFP,Available,Amateur Full Radio Licence,SFP
M0SFQ,Available,Amateur Full Radio Licence,SFQ
M0SFV,Available,Amateur Full Radio Licence,SFV
M0SFW,Available,Amateur Full Radio Licence,SFW
M0SFY,Available,Amateur Full Radio Licence,SFY
M0SFZ,Available,Amateur Full Radio Licence,SFZ
M0SGG,Available,Amateur Full Radio Licence,SGG
M0SGI,Available,Amateur Full Radio Licence,SGI
M0SGN,Available,Amateur Full Radio Licence,SGN
M0SGS,Available,Amateur Full Radio Licence,SGS
M0SGU,Available,Amateur Full Radio Licence,SGU
M0SGY,Available,Amateur Full Radio Licence,SGY
M0SHB,Available,Amateur Full Radio Licence,SHB
M0SHC,Available,Amateur Full Radio Licence,SHC
M0SHG,Available,Amateur Full Radio Licence,SHG
M0SHH,Available,Amateur Full Radio Licence,SHH
M0SHJ,Available,Amateur Full Radio Licence,SHJ
M0SHN,Available,Amateur Full Radio Licence,SHN
M0SHO,Available,Amateur Full Radio Licence,SHO
M0SHT,Available,Amateur Full Radio Licence,SHT
M0SHU,Available,Amateur Full Radio Licence,SHU
M0SHW,Available,Amateur Full Radio Licence,SHW
M0SHZ,Available,Amateur Full Radio Licence,SHZ
M0SIF,Available,Amateur Full Radio Licence,SIF
M0SIH,Available,Amateur Full Radio Licence,SIH
M0SIJ,Available,Amateur Full Radio Licence,SIJ
M0SIK,Available,Amateur Full Radio Licence,SIK
M0SIO,Available,Amateur Full Radio Licence,SIO
M0SIQ,Available,Amateur Full Radio Licence,SIQ
M0SIU,Available,Amateur Full Radio Licence,SIU
M0SIV,Available,Amateur Full Radio Licence,SIV
M0SIW,Available,Amateur Full Radio Licence,SIW
M0SIZ,Available,Amateur Full Radio Licence,SIZ
M0SJE,Available,Amateur Full Radio Licence,SJE
M0SJI,Available,Amateur Full Radio Licence,SJI
M0SJN,Available,Amateur Full Radio Licence,SJN
M0SJO,Available,Amateur Full Radio Licence,SJO
M0SJP,Available,Amateur Full Radio Licence,SJP
M0SJQ,Available,Amateur Full Radio Licence,SJQ
M0SJU,Available,Amateur Full Radio Licence,SJU
M0SJX,Available,Amateur Full Radio Licence,SJX
M0SJZ,Available,Amateur Full Radio Licence,SJZ
M0SKE,Available,Amateur Full Radio Licence,SKE
M0SKF,Available,Amateur Full Radio Licence,SKF
M0SKH,Available,Amateur Full Radio Licence,SKH
M0SKJ,Available,Amateur Full Radio Licence,SKJ
M0SKN,Available,Amateur Full Radio Licence,SKN
M0SKP,Available,Amateur Full Radio Licence,SKP
M0SKQ,Available,Amateur Full Radio Licence,SKQ
M0SKT,Available,Amateur Full Radio Licence,SKT
M0SKU,Available,Amateur Full Radio Licence,SKU
M0SKV,Available,Amateur Full Radio Licence,SKV
M0SKW,Available,Amateur Full Radio Licence,SKW
M0SKX,Available,Amateur Full Radio Licence,SKX
M0SKZ,Available,Amateur Full Radio Licence,SKZ
M0SLD,Available,Amateur Full Radio Licence,SLD
M0SLE,Available,Amateur Full Radio Licence,SLE
M0SLG,Available,Amateur Full Radio Licence,SLG
M0SLI,Available,Amateur Full Radio Licence,SLI
M0SLL,Available,Amateur Full Radio Licence,SLL
M0SLM,Available,Amateur Full Radio Licence,SLM
M0SLO,Available,Amateur Full Radio Licence,SLO
M0SLQ,Available,Amateur Full Radio Licence,SLQ
M0SLU,Available,Amateur Full Radio Licence,SLU
M0SLV,Available,Amateur Full Radio Licence,SLV
M0SLW,Available,Amateur Full Radio Licence,SLW
M0SLX,Available,Amateur Full Radio Licence,SLX
M0SLY,Available,Amateur Full Radio Licence,SLY
M0SLZ,Available,Amateur Full Radio Licence,SLZ
M0SML,Available,Amateur Full Radio Licence,SML
M0SMQ,Available,Amateur Full Radio Licence,SMQ
M0SMR,Available,Amateur Full Radio Licence,SMR
M0SMU,Available,Amateur Full Radio Licence,SMU
M0SMX,Available,Amateur Full Radio Licence,SMX
M0SMZ,Available,Amateur Full Radio Licence,SMZ
M0SNA,Available,Amateur Full Radio Licence,SNA
M0SNB,Available,Amateur Full Radio Licence,SNB
M0SNC,Available,Amateur Full Radio Licence,SNC
M0SNE,Available,Amateur Full Radio Licence,SNE
M0SNH,Available,Amateur Full Radio Licence,SNH
M0SNI,Available,Amateur Full Radio Licence,SNI
M0SNJ,Available,Amateur Full Radio Licence,SNJ
M0SNL,Available,Amateur Full Radio Licence,SNL
M0SNM,Available,Amateur Full Radio Licence,SNM
M0SNN,Available,Amateur Full Radio Licence,SNN
M0SNP,Available,Amateur Full Radio Licence,SNP
M0SNQ,Available,Amateur Full Radio Licence,SNQ
M0SNU,Available,Amateur Full Radio Licence,SNU
M0SNV,Available,Amateur Full Radio Licence,SNV
M0SNW,Available,Amateur Full Radio Licence,SNW
M0SNY,Available,Amateur Full Radio Licence,SNY
M0SNZ,Available,Amateur Full Radio Licence,SNZ
M0SOG,Available,Amateur Full Radio Licence,SOG
M0SOH,Available,Amateur Full Radio Licence,SOH
M0SOJ,Available,Amateur Full Radio Licence,SOJ
M0SOK,Available,Amateur Full Radio Licence,SOK
M0SOO,Available,Amateur Full Radio Licence,SOO
M0SOQ,Available,Amateur Full Radio Licence,SOQ
M0SOR,Available,Amateur Full Radio Licence,SOR
M0SOV,Available,Amateur Full Radio Licence,SOV
M0SOY,Available,Amateur Full Radio Licence,SOY
M0SOZ,Available,Amateur Full Radio Licence,SOZ
M0SPE,Available,Amateur Full Radio Licence,SPE
M0SPI,Available,Amateur Full Radio Licence,SPI
M0SPP,Available,Amateur Full Radio Licence,SPP
M0SPQ,Available,Amateur Full Radio Licence,SPQ
M0SPV,Available,Amateur Full Radio Licence,SPV
M0SPW,Available,Amateur Full Radio Licence,SPW
M0SPZ,Available,Amateur Full Radio Licence,SPZ
M0SQA,Available,Amateur Full Radio Licence,SQA
M0SQB,Available,Amateur Full Radio Licence,SQB
M0SQC,Available,Amateur Full Radio Licence,SQC
M0SQD,Available,Amateur Full Radio Licence,SQD
M0SQE,Available,Amateur Full Radio Licence,SQE
M0SQF,Available,Amateur Full Radio Licence,SQF
M0SQG,Available,Amateur Full Radio Licence,SQG
M0SQH,Available,Amateur Full Radio Licence,SQH
M0SQI,Available,Amateur Full Radio Licence,SQI
M0SQJ,Available,Amateur Full Radio Licence,SQJ
M0SQK,Available,Amateur Full Radio Licence,SQK
M0SQM,Available,Amateur Full Radio Licence,SQM
M0SQP,Available,Amateur Full Radio Licence,SQP
M0SQQ,Available,Amateur Full Radio Licence,SQQ
M0SQR,Available,Amateur Full Radio Licence,SQR
M0SQS,Available,Amateur Full Radio Licence,SQS
M0SQT,Available,Amateur Full Radio Licence,SQT
M0SQU,Available,Amateur Full Radio Licence,SQU
M0SQV,Available,Amateur Full Radio Licence,SQV
M0SQW,Available,Amateur Full Radio Licence,SQW
M0SQX,Available,Amateur Full Radio Licence,SQX
M0SQY,Available,Amateur Full Radio Licence,SQY
M0SQZ,Available,Amateur Full Radio Licence,SQZ
M0SRE,Available,Amateur Full Radio Licence,SRE
M0SRH,Available,Amateur Full Radio Licence,SRH
M0SRI,Available,Amateur Full Radio Licence,SRI
M0SRK,Available,Amateur Full Radio Licence,SRK
M0SRL,Available,Amateur Full Radio Licence,SRL
M0SRQ,Available,Amateur Full Radio Licence,SRQ
M0SRZ,Available,Amateur Full Radio Licence,SRZ
M0SSI,Available,Amateur Full Radio Licence,SSI
M0SSK,Available,Amateur Full Radio Licence,SSK
M0SSN,Available,Amateur Full Radio Licence,SSN
M0SSU,Available,Amateur Full Radio Licence,SSU
M0SSZ,Available,Amateur Full Radio Licence,SSZ
M0STJ,Available,Amateur Full Radio Licence,STJ
M0STK,Available,Amateur Full Radio Licence,STK
M0SUA,Available,Amateur Full Radio Licence,SUA
M0SUC,Available,Amateur Full Radio Licence,SUC
M0SUD,Available,Amateur Full Radio Licence,SUD
M0SUG,Available,Amateur Full Radio Licence,SUG
M0SUH,Available,Amateur Full Radio Licence,SUH
M0SUI,Available,Amateur Full Radio Licence,SUI
M0SUJ,Available,Amateur Full Radio Licence,SUJ
M0SUK,Available,Amateur Full Radio Licence,SUK
M0SUO,Available,Amateur Full Radio Licence,SUO
M0SUP,Available,Amateur Full Radio Licence,SUP
M0SUQ,Available,Amateur Full Radio Licence,SUQ
M0SUV,Available,Amateur Full Radio Licence,SUV
M0SUW,Available,Amateur Full Radio Licence,SUW
M0SUX,Available,Amateur Full Radio Licence,SUX
M0SUY,Available,Amateur Full Radio Licence,SUY
M0SVD,Available,Amateur Full Radio Licence,SVD
M0SVF,Available,Amateur Full Radio Licence,SVF
M0SVG,Available,Amateur Full Radio Licence,SVG
M0SVH,Available,Amateur Full Radio Licence,SVH
M0SVI,Available,Amateur Full Radio Licence,SVI
M0SVJ,Available,Amateur Full Radio Licence,SVJ
M0SVL,Available,Amateur Full Radio Licence,SVL
M0SVN,Available,Amateur Full Radio Licence,SVN
M0SVO,Available,Amateur Full Radio Licence,SVO
M0SVP,Available,Amateur Full Radio Licence,SVP
M0SVQ,Available,Amateur Full Radio Licence,SVQ
M0SVS,Available,Amateur Full Radio Licence,SVS
M0SVT,Available,Amateur Full Radio Licence,SVT
M0SVU,Available,Amateur Full Radio Licence,SVU
M0SVW,Available,Amateur Full Radio Licence,SVW
M0SVX,Available,Amateur Full Radio Licence,SVX
M0SVY,Available,Amateur Full Radio Licence,SVY
M0SVZ,Available,Amateur Full Radio Licence,SVZ
M0SWI,Available,Amateur Full Radio Licence,SWI
M0SWJ,Available,Amateur Full Radio Licence,SWJ
M0SWK,Available,Amateur Full Radio Licence,SWK
M0SWM,Available,Amateur Full Radio Licence,SWM
M0SWN,Available,Amateur Full Radio Licence,SWN
M0SWP,Available,Amateur Full Radio Licence,SWP
M0SWQ,Available,Amateur Full Radio Licence,SWQ
M0SWS,Available,Amateur Full Radio Licence,SWS
M0SWU,Available,Amateur Full Radio Licence,SWU
M0SWV,Available,Amateur Full Radio Licence,SWV
M0SWY,Available,Amateur Full Radio Licence,SWY
M0SXA,Available,Amateur Full Radio Licence,SXA
M0SXB,Available,Amateur Full Radio Licence,SXB
M0SXC,Available,Amateur Full Radio Licence,SXC
M0SXE,Available,Amateur Full Radio Licence,SXE
M0SXG,Available,Amateur Full Radio Licence,SXG
M0SXI,Available,Amateur Full Radio Licence,SXI
M0SXJ,Available,Amateur Full Radio Licence,SXJ
M0SXK,Available,Amateur Full Radio Licence,SXK
M0SXL,Available,Amateur Full Radio Licence,SXL
M0SXN,Available,Amateur Full Radio Licence,SXN
M0SXO,Available,Amateur Full Radio Licence,SXO
M0SXQ,Available,Amateur Full Radio Licence,SXQ
M0SXS,Available,Amateur Full Radio Licence,SXS
M0SXT,Available,Amateur Full Radio Licence,SXT
M0SXU,Available,Amateur Full Radio Licence,SXU
M0SXV,Available,Amateur Full Radio Licence,SXV
M0SXW,Available,Amateur Full Radio Licence,SXW
M0SXX,Available,Amateur Full Radio Licence,SXX
M0SYA,Available,Amateur Full Radio Licence,SYA
M0SYB,Available,Amateur Full Radio Licence,SYB
M0SYE,Available,Amateur Full Radio Licence,SYE
M0SYF,Available,Amateur Full Radio Licence,SYF
M0SYH,Available,Amateur Full Radio Licence,SYH
M0SYK,Available,Amateur Full Radio Licence,SYK
M0SYL,Available,Amateur Full Radio Licence,SYL
M0SYN,Available,Amateur Full Radio Licence,SYN
M0SYQ,Available,Amateur Full Radio Licence,SYQ
M0SYS,Available,Amateur Full Radio Licence,SYS
M0SYT,Available,Amateur Full Radio Licence,SYT
M0SYU,Available,Amateur Full Radio Licence,SYU
M0SYV,Available,Amateur Full Radio Licence,SYV
M0SYW,Available,Amateur Full Radio Licence,SYW
M0SYX,Available,Amateur Full Radio Licence,SYX
M0SYZ,Available,Amateur Full Radio Licence,SYZ
M0SZB,Available,Amateur Full Radio Licence,SZB
M0SZC,Available,Amateur Full Radio Licence,SZC
M0SZE,Available,Amateur Full Radio Licence,SZE
M0SZF,Available,Amateur Full Radio Licence,SZF
M0SZG,Available,Amateur Full Radio Licence,SZG
M0SZH,Available,Amateur Full Radio Licence,SZH
M0SZI,Available,Amateur Full Radio Licence,SZI
M0SZJ,Available,Amateur Full Radio Licence,SZJ
M0SZK,Available,Amateur Full Radio Licence,SZK
M0SZL,Available,Amateur Full Radio Licence,SZL
M0SZM,Available,Amateur Full Radio Licence,SZM
M0SZN,Available,Amateur Full Radio Licence,SZN
M0SZO,Available,Amateur Full Radio Licence,SZO
M0SZP,Available,Amateur Full Radio Licence,SZP
M0SZR,Available,Amateur Full Radio Licence,SZR
M0SZS,Available,Amateur Full Radio Licence,SZS
M0SZT,Available,Amateur Full Radio Licence,SZT
M0SZU,Available,Amateur Full Radio Licence,SZU
M0SZV,Available,Amateur Full Radio Licence,SZV
M0SZW,Available,Amateur Full Radio Licence,SZW
M0SZX,Available,Amateur Full Radio Licence,SZX
M0SZY,Available,Amateur Full Radio Licence,SZY
M0TBV,Available,Amateur Full Radio Licence,TBV
M0TBW,Available,Amateur Full Radio Licence,TBW
M0TCD,Available,Amateur Full Radio Licence,TCD
M0TCF,Available,Amateur Full Radio Licence,TCF
M0TCG,Available,Amateur Full Radio Licence,TCG
M0TCI,Available,Amateur Full Radio Licence,TCI
M0TCK,Available,Amateur Full Radio Licence,TCK
M0TCU,Available,Amateur Full Radio Licence,TCU
M0TCV,Available,Amateur Full Radio Licence,TCV
M0TCY,Available,Amateur Full Radio Licence,TCY
M0TCZ,Available,Amateur Full Radio Licence,TCZ
M0TDJ,Available,Amateur Full Radio Licence,TDJ
M0TDN,Available,Amateur Full Radio Licence,TDN
M0TDO,Available,Amateur Full Radio Licence,TDO
M0TDR,Available,Amateur Full Radio Licence,TDR
M0TDS,Available,Amateur Full Radio Licence,TDS
M0TDV,Available,Amateur Full Radio Licence,TDV
M0TDY,Available,Amateur Full Radio Licence,TDY
M0TDZ,Available,Amateur Full Radio Licence,TDZ
M0TEB,Available,Amateur Full Radio Licence,TEB
M0TEJ,Available,Amateur Full Radio Licence,TEJ
M0TEO,Available,Amateur Full Radio Licence,TEO
M0TEP,Available,Amateur Full Radio Licence,TEP
M0TEQ,Available,Amateur Full Radio Licence,TEQ
M0TEU,Available,Amateur Full Radio Licence,TEU
M0TEV,Available,Amateur Full Radio Licence,TEV
M0TEW,Available,Amateur Full Radio Licence,TEW
M0TFA,Available,Amateur Full Radio Licence,TFA
M0TFB,Available,Amateur Full Radio Licence,TFB
M0TFE,Available,Amateur Full Radio Licence,TFE
M0TFF,Available,Amateur Full Radio Licence,TFF
M0TFG,Available,Amateur Full Radio Licence,TFG
M0TFI,Available,Amateur Full Radio Licence,TFI
M0TFJ,Available,Amateur Full Radio Licence,TFJ
M0TFL,Available,Amateur Full Radio Licence,TFL
M0TFM,Available,Amateur Full Radio Licence,TFM
M0TFP,Available,Amateur Full Radio Licence,TFP
M0TFQ,Available,Amateur Full Radio Licence,TFQ
M0TFR,Available,Amateur Full Radio Licence,TFR
M0TFV,Available,Amateur Full Radio Licence,TFV
M0TFW,Available,Amateur Full Radio Licence,TFW
M0TFZ,Available,Amateur Full Radio Licence,TFZ
M0TGD,Available,Amateur Full Radio Licence,TGD
M0TGE,Available,Amateur Full Radio Licence,TGE
M0TGG,Available,Amateur Full Radio Licence,TGG
M0TGH,Available,Amateur Full Radio Licence,TGH
M0TGI,Available,Amateur Full Radio Licence,TGI
M0TGJ,Available,Amateur Full Radio Licence,TGJ
M0TGK,Available,Amateur Full Radio Licence,TGK
M0TGP,Available,Amateur Full Radio Licence,TGP
M0TGQ,Available,Amateur Full Radio Licence,TGQ
M0TGU,Available,Amateur Full Radio Licence,TGU
M0THC,Available,Amateur Full Radio Licence,THC
M0THF,Available,Amateur Full Radio Licence,THF
M0THG,Available,Amateur Full Radio Licence,THG
M0THH,Available,Amateur Full Radio Licence,THH
M0THI,Available,Amateur Full Radio Licence,THI
M0THP,Available,Amateur Full Radio Licence,THP
M0THQ,Available,Amateur Full Radio Licence,THQ
M0THR,Available,Amateur Full Radio Licence,THR
M0THU,Available,Amateur Full Radio Licence,THU
M0THV,Available,Amateur Full Radio Licence,THV
M0THW,Available,Amateur Full Radio Licence,THW
M0TIH,Available,Amateur Full Radio Licence,TIH
M0TII,Available,Amateur Full Radio Licence,TII
M0TIJ,Available,Amateur Full Radio Licence,TIJ
M0TIK,Available,Amateur Full Radio Licence,TIK
M0TIO,Available,Amateur Full Radio Licence,TIO
M0TIQ,Available,Amateur Full Radio Licence,TIQ
M0TIY,Available,Amateur Full Radio Licence,TIY
M0TIZ,Available,Amateur Full Radio Licence,TIZ
M0TJA,Available,Amateur Full Radio Licence,TJA
M0TJE,Available,Amateur Full Radio Licence,TJE
M0TJF,Available,Amateur Full Radio Licence,TJF
M0TJI,Available,Amateur Full Radio Licence,TJI
M0TJJ,Available,Amateur Full Radio Licence,TJJ
M0TJK,Available,Amateur Full Radio Licence,TJK
M0TJN,Available,Amateur Full Radio Licence,TJN
M0TJO,Available,Amateur Full Radio Licence,TJO
M0TJQ,Available,Amateur Full Radio Licence,TJQ
M0TJX,Available,Amateur Full Radio Licence,TJX
M0TJY,Available,Amateur Full Radio Licence,TJY
M0TJZ,Available,Amateur Full Radio Licence,TJZ
M0TKB,Available,Amateur Full Radio Licence,TKB
M0TKC,Available,Amateur Full Radio Licence,TKC
M0TKF,Available,Amateur Full Radio Licence,TKF
M0TKG,Available,Amateur Full Radio Licence,TKG
M0TKH,Available,Amateur Full Radio Licence,TKH
M0TKI,Available,Amateur Full Radio Licence,TKI
M0TKJ,Available,Amateur Full Radio Licence,TKJ
M0TKK,Available,Amateur Full Radio Licence,TKK
M0TKM,Available,Amateur Full Radio Licence,TKM
M0TKN,Available,Amateur Full Radio Licence,TKN
M0TKP,Available,Amateur Full Radio Licence,TKP
M0TKQ,Available,Amateur Full Radio Licence,TKQ
M0TKR,Available,Amateur Full Radio Licence,TKR
M0TKU,Available,Amateur Full Radio Licence,TKU
M0TKV,Available,Amateur Full Radio Licence,TKV
M0TKW,Available,Amateur Full Radio Licence,TKW
M0TKY,Available,Amateur Full Radio Licence,TKY
M0TLB,Available,Amateur Full Radio Licence,TLB
M0TLH,Available,Amateur Full Radio Licence,TLH
M0TLI,Available,Amateur Full Radio Licence,TLI
M0TLJ,Available,Amateur Full Radio Licence,TLJ
M0TLL,Available,Amateur Full Radio Licence,TLL
M0TLO,Available,Amateur Full Radio Licence,TLO
M0TLP,Available,Amateur Full Radio Licence,TLP
M0TLQ,Available,Amateur Full Radio Licence,TLQ
M0TLU,Available,Amateur Full Radio Licence,TLU
M0TLV,Available,Amateur Full Radio Licence,TLV
M0TLW,Available,Amateur Full Radio Licence,TLW
M0TLZ,Available,Amateur Full Radio Licence,TLZ
M0TMD,Available,Amateur Full Radio Licence,TMD
M0TMP,Available,Amateur Full Radio Licence,TMP
M0TMQ,Available,Amateur Full Radio Licence,TMQ
M0TMU,Available,Amateur Full Radio Licence,TMU
M0TMV,Available,Amateur Full Radio Licence,TMV
M0TMY,Available,Amateur Full Radio Licence,TMY
M0TMZ,Available,Amateur Full Radio Licence,TMZ
M0TNA,Available,Amateur Full Radio Licence,TNA
M0TNF,Available,Amateur Full Radio Licence,TNF
M0TNH,Available,Amateur Full Radio Licence,TNH
M0TNI,Available,Amateur Full Radio Licence,TNI
M0TNJ,Available,Amateur Full Radio Licence,TNJ
M0TNM,Available,Amateur Full Radio Licence,TNM
M0TNO,Available,Amateur Full Radio Licence,TNO
M0TNP,Available,Amateur Full Radio Licence,TNP
M0TNQ,Available,Amateur Full Radio Licence,TNQ
M0TNU,Available,Amateur Full Radio Licence,TNU
M0TNW,Available,Amateur Full Radio Licence,TNW
M0TNZ,Available,Amateur Full Radio Licence,TNZ
M0TOD,Available,Amateur Full Radio Licence,TOD
M0TOH,Available,Amateur Full Radio Licence,TOH
M0TOI,Available,Amateur Full Radio Licence,TOI
M0TOJ,Available,Amateur Full Radio Licence,TOJ
M0TOK,Available,Amateur Full Radio Licence,TOK
M0TOQ,Available,Amateur Full Radio Licence,TOQ
M0TOU,Available,Amateur Full Radio Licence,TOU
M0TOV,Available,Amateur Full Radio Licence,TOV
M0TOZ,Available,Amateur Full Radio Licence,TOZ
M0TPA,Available,Amateur Full Radio Licence,TPA
M0TPB,Available,Amateur Full Radio Licence,TPB
M0TPE,Available,Amateur Full Radio Licence,TPE
M0TPF,Available,Amateur Full Radio Licence,TPF
M0TPI,Available,Amateur Full Radio Licence,TPI
M0TPK,Available,Amateur Full Radio Licence,TPK
M0TPL,Available,Amateur Full Radio Licence,TPL
M0TPO,Available,Amateur Full Radio Licence,TPO
M0TPP,Available,Amateur Full Radio Licence,TPP
M0TPQ,Available,Amateur Full Radio Licence,TPQ
M0TPR,Available,Amateur Full Radio Licence,TPR
M0TPT,Available,Amateur Full Radio Licence,TPT
M0TPU,Available,Amateur Full Radio Licence,TPU
M0TPV,Available,Amateur Full Radio Licence,TPV
M0TPY,Available,Amateur Full Radio Licence,TPY
M0TPZ,Available,Amateur Full Radio Licence,TPZ
M0TQA,Available,Amateur Full Radio Licence,TQA
M0TQB,Available,Amateur Full Radio Licence,TQB
M0TQC,Available,Amateur Full Radio Licence,TQC
M0TQD,Available,Amateur Full Radio Licence,TQD
M0TQE,Available,Amateur Full Radio Licence,TQE
M0TQF,Available,Amateur Full Radio Licence,TQF
M0TQG,Available,Amateur Full Radio Licence,TQG
M0TQI,Available,Amateur Full Radio Licence,TQI
M0TQJ,Available,Amateur Full Radio Licence,TQJ
M0TQK,Available,Amateur Full Radio Licence,TQK
M0TQL,Available,Amateur Full Radio Licence,TQL
M0TQN,Available,Amateur Full Radio Licence,TQN
M0TQO,Available,Amateur Full Radio Licence,TQO
M0TQP,Available,Amateur Full Radio Licence,TQP
M0TQQ,Available,Amateur Full Radio Licence,TQQ
M0TQS,Available,Amateur Full Radio Licence,TQS
M0TQT,Available,Amateur Full Radio Licence,TQT
M0TQU,Available,Amateur Full Radio Licence,TQU
M0TQW,Available,Amateur Full Radio Licence,TQW
M0TQX,Available,Amateur Full Radio Licence,TQX
M0TQY,Available,Amateur Full Radio Licence,TQY
M0TQZ,Available,Amateur Full Radio Licence,TQZ
M0TRD,Available,Amateur Full Radio Licence,TRD
M0TRH,Available,Amateur Full Radio Licence,TRH
M0TRI,Available,Amateur Full Radio Licence,TRI
M0TRM,Available,Amateur Full Radio Licence,TRM
M0TRR,Available,Amateur Full Radio Licence,TRR
M0TRT,Available,Amateur Full Radio Licence,TRT
M0TRU,Available,Amateur Full Radio Licence,TRU
M0TRY,Available,Amateur Full Radio Licence,TRY
M0TRZ,Available,Amateur Full Radio Licence,TRZ
M0TSA,Available,Amateur Full Radio Licence,TSA
M0TSI,Available,Amateur Full Radio Licence,TSI
M0TSJ,Available,Amateur Full Radio Licence,TSJ
M0TSP,Available,Amateur Full Radio Licence,TSP
M0TSQ,Available,Amateur Full Radio Licence,TSQ
M0TSU,Available,Amateur Full Radio Licence,TSU
M0TSV,Available,Amateur Full Radio Licence,TSV
M0TSZ,Available,Amateur Full Radio Licence,TSZ
M0TTH,Available,Amateur Full Radio Licence,TTH
M0TTJ,Available,Amateur Full Radio Licence,TTJ
M0TTP,Available,Amateur Full Radio Licence,TTP
M0TTQ,Available,Amateur Full Radio Licence,TTQ
M0TTV,Available,Amateur Full Radio Licence,TTV
M0TTZ,Available,Amateur Full Radio Licence,TTZ
M0TUA,Available,Amateur Full Radio Licence,TUA
M0TUC,Available,Amateur Full Radio Licence,TUC
M0TUD,Available,Amateur Full Radio Licence,TUD
M0TUE,Available,Amateur Full Radio Licence,TUE
M0TUF,Available,Amateur Full Radio Licence,TUF
M0TUH,Available,Amateur Full Radio Licence,TUH
M0TUI,Available,Amateur Full Radio Licence,TUI
M0TUJ,Available,Amateur Full Radio Licence,TUJ
M0TUM,Available,Amateur Full Radio Licence,TUM
M0TUO,Available,Amateur Full Radio Licence,TUO
M0TUP,Available,Amateur Full Radio Licence,TUP
M0TUQ,Available,Amateur Full Radio Licence,TUQ
M0TUS,Available,Amateur Full Radio Licence,TUS
M0TUU,Available,Amateur Full Radio Licence,TUU
M0TUV,Available,Amateur Full Radio Licence,TUV
M0TUW,Available,Amateur Full Radio Licence,TUW
M0TUY,Available,Amateur Full Radio Licence,TUY
M0TUZ,Available,Amateur Full Radio Licence,TUZ
M0TVB,Available,Amateur Full Radio Licence,TVB
M0TVF,Available,Amateur Full Radio Licence,TVF
M0TVH,Available,Amateur Full Radio Licence,TVH
M0TVK,Available,Amateur Full Radio Licence,TVK
M0TVM,Available,Amateur Full Radio Licence,TVM
M0TVN,Available,Amateur Full Radio Licence,TVN
M0TVO,Available,Amateur Full Radio Licence,TVO
M0TVP,Available,Amateur Full Radio Licence,TVP
M0TVQ,Available,Amateur Full Radio Licence,TVQ
M0TVS,Available,Amateur Full Radio Licence,TVS
M0TVW,Available,Amateur Full Radio Licence,TVW
M0TVX,Available,Amateur Full Radio Licence,TVX
M0TVY,Available,Amateur Full Radio Licence,TVY
M0TVZ,Available,Amateur Full Radio Licence,TVZ
M0TWB,Available,Amateur Full Radio Licence,TWB
M0TWD,Available,Amateur Full Radio Licence,TWD
M0TWF,Available,Amateur Full Radio Licence,TWF
M0TWH,Available,Amateur Full Radio Licence,TWH
M0TWN,Available,Amateur Full Radio Licence,TWN
M0TWP,Available,Amateur Full Radio Licence,TWP
M0TWQ,Available,Amateur Full Radio Licence,TWQ
M0TWU,Available,Amateur Full Radio Licence,TWU
M0TWV,Available,Amateur Full Radio Licence,TWV
M0TWY,Available,Amateur Full Radio Licence,TWY
M0TWZ,Available,Amateur Full Radio Licence,TWZ
M0TXA,Available,Amateur Full Radio Licence,TXA
M0TXB,Available,Amateur Full Radio Licence,TXB
M0TXE,Available,Amateur Full Radio Licence,TXE
M0TXF,Available,Amateur Full Radio Licence,TXF
M0TXH,Available,Amateur Full Radio Licence,TXH
M0TXJ,Available,Amateur Full Radio Licence,TXJ
M0TXL,Available,Amateur Full Radio Licence,TXL
M0TXN,Available,Amateur Full Radio Licence,TXN
M0TXQ,Available,Amateur Full Radio Licence,TXQ
M0TXU,Available,Amateur Full Radio Licence,TXU
M0TXV,Available,Amateur Full Radio Licence,TXV
M0TXW,Available,Amateur Full Radio Licence,TXW
M0TXY,Available,Amateur Full Radio Licence,TXY
M0TXZ,Available,Amateur Full Radio Licence,TXZ
M0TYB,Available,Amateur Full Radio Licence,TYB
M0TYC,Available,Amateur Full Radio Licence,TYC
M0TYD,Available,Amateur Full Radio Licence,TYD
M0TYE,Available,Amateur Full Radio Licence,TYE
M0TYF,Available,Amateur Full Radio Licence,TYF
M0TYH,Available,Amateur Full Radio Licence,TYH
M0TYI,Available,Amateur Full Radio Licence,TYI
M0TYJ,Available,Amateur Full Radio Licence,TYJ
M0TYP,Available,Amateur Full Radio Licence,TYP
M0TYQ,Available,Amateur Full Radio Licence,TYQ
M0TYS,Available,Amateur Full Radio Licence,TYS
M0TYT,Available,Amateur Full Radio Licence,TYT
M0TYU,Available,Amateur Full Radio Licence,TYU
M0TYV,Available,Amateur Full Radio Licence,TYV
M0TYX,Available,Amateur Full Radio Licence,TYX
M0TYY,Available,Amateur Full Radio Licence,TYY
M0TYZ,Available,Amateur Full Radio Licence,TYZ
M0TZB,Available,Amateur Full Radio Licence,TZB
M0TZC,Available,Amateur Full Radio Licence,TZC
M0TZD,Available,Amateur Full Radio Licence,TZD
M0TZE,Available,Amateur Full Radio Licence,TZE
M0TZF,Available,Amateur Full Radio Licence,TZF
M0TZG,Available,Amateur Full Radio Licence,TZG
M0TZH,Available,Amateur Full Radio Licence,TZH
M0TZI,Available,Amateur Full Radio Licence,TZI
M0TZJ,Available,Amateur Full Radio Licence,TZJ
M0TZK,Available,Amateur Full Radio Licence,TZK
M0TZL,Available,Amateur Full Radio Licence,TZL
M0TZM,Available,Amateur Full Radio Licence,TZM
M0TZN,Available,Amateur Full Radio Licence,TZN
M0TZP,Available,Amateur Full Radio Licence,TZP
M0TZQ,Available,Amateur Full Radio Licence,TZQ
M0TZR,Available,Amateur Full Radio Licence,TZR
M0TZS,Available,Amateur Full Radio Licence,TZS
M0TZU,Available,Amateur Full Radio Licence,TZU
M0TZV,Available,Amateur Full Radio Licence,TZV
M0TZW,Available,Amateur Full Radio Licence,TZW
M0TZX,Available,Amateur Full Radio Licence,TZX
M0UAD,Available,Amateur Full Radio Licence,UAD
M0UAE,Available,Amateur Full Radio Licence,UAE
M0UAF,Available,Amateur Full Radio Licence,UAF
M0UAG,Available,Amateur Full Radio Licence,UAG
M0UAH,Available,Amateur Full Radio Licence,UAH
M0UAI,Available,Amateur Full Radio Licence,UAI
M0UAJ,Available,Amateur Full Radio Licence,UAJ
M0UAK,Available,Amateur Full Radio Licence,UAK
M0UAM,Available,Amateur Full Radio Licence,UAM
M0UAO,Available,Amateur Full Radio Licence,UAO
M0UAP,Available,Amateur Full Radio Licence,UAP
M0UAQ,Available,Amateur Full Radio Licence,UAQ
M0UAR,Available,Amateur Full Radio Licence,UAR
M0UAU,Available,Amateur Full Radio Licence,UAU
M0UAW,Available,Amateur Full Radio Licence,UAW
M0UAX,Available,Amateur Full Radio Licence,UAX
M0UAY,Available,Amateur Full Radio Licence,UAY
M0UAZ,Available,Amateur Full Radio Licence,UAZ
M0UBB,Available,Amateur Full Radio Licence,UBB
M0UBC,Available,Amateur Full Radio Licence,UBC
M0UBD,Available,Amateur Full Radio Licence,UBD
M0UBE,Available,Amateur Full Radio Licence,UBE
M0UBF,Available,Amateur Full Radio Licence,UBF
M0UBG,Available,Amateur Full Radio Licence,UBG
M0UBH,Available,Amateur Full Radio Licence,UBH
M0UBI,Available,Amateur Full Radio Licence,UBI
M0UBJ,Available,Amateur Full Radio Licence,UBJ
M0UBK,Available,Amateur Full Radio Licence,UBK
M0UBL,Available,Amateur Full Radio Licence,UBL
M0UBM,Available,Amateur Full Radio Licence,UBM
M0UBN,Available,Amateur Full Radio Licence,UBN
M0UBO,Available,Amateur Full Radio Licence,UBO
M0UBP,Available,Amateur Full Radio Licence,UBP
M0UBQ,Available,Amateur Full Radio Licence,UBQ
M0UBR,Available,Amateur Full Radio Licence,UBR
M0UBS,Available,Amateur Full Radio Licence,UBS
M0UBT,Available,Amateur Full Radio Licence,UBT
M0UBU,Available,Amateur Full Radio Licence,UBU
M0UBV,Available,Amateur Full Radio Licence,UBV
M0UBW,Available,Amateur Full Radio Licence,UBW
M0UBX,Available,Amateur Full Radio Licence,UBX
M0UBY,Available,Amateur Full Radio Licence,UBY
M0UBZ,Available,Amateur Full Radio Licence,UBZ
M0UCA,Available,Amateur Full Radio Licence,UCA
M0UCB,Available,Amateur Full Radio Licence,UCB
M0UCE,Available,Amateur Full Radio Licence,UCE
M0UCF,Available,Amateur Full Radio Licence,UCF
M0UCG,Available,Amateur Full Radio Licence,UCG
M0UCI,Available,Amateur Full Radio Licence,UCI
M0UCJ,Available,Amateur Full Radio Licence,UCJ
M0UCL,Available,Amateur Full Radio Licence,UCL
M0UCM,Available,Amateur Full Radio Licence,UCM
M0UCN,Available,Amateur Full Radio Licence,UCN
M0UCO,Available,Amateur Full Radio Licence,UCO
M0UCP,Available,Amateur Full Radio Licence,UCP
M0UCR,Available,Amateur Full Radio Licence,UCR
M0UCS,Available,Amateur Full Radio Licence,UCS
M0UCT,Available,Amateur Full Radio Licence,UCT
M0UCU,Available,Amateur Full Radio Licence,UCU
M0UCV,Available,Amateur Full Radio Licence,UCV
M0UCY,Available,Amateur Full Radio Licence,UCY
M0UCZ,Available,Amateur Full Radio Licence,UCZ
M0UDB,Available,Amateur Full Radio Licence,UDB
M0UDC,Available,Amateur Full Radio Licence,UDC
M0UDD,Available,Amateur Full Radio Licence,UDD
M0UDE,Available,Amateur Full Radio Licence,UDE
M0UDF,Available,Amateur Full Radio Licence,UDF
M0UDG,Available,Amateur Full Radio Licence,UDG
M0UDH,Available,Amateur Full Radio Licence,UDH
M0UDJ,Available,Amateur Full Radio Licence,UDJ
M0UDK,Available,Amateur Full Radio Licence,UDK
M0UDL,Available,Amateur Full Radio Licence,UDL
M0UDM,Available,Amateur Full Radio Licence,UDM
M0UDN,Available,Amateur Full Radio Licence,UDN
M0UDO,Available,Amateur Full Radio Licence,UDO
M0UDP,Available,Amateur Full Radio Licence,UDP
M0UDQ,Available,Amateur Full Radio Licence,UDQ
M0UDS,Available,Amateur Full Radio Licence,UDS
M0UDT,Available,Amateur Full Radio Licence,UDT
M0UDU,Available,Amateur Full Radio Licence,UDU
M0UDV,Available,Amateur Full Radio Licence,UDV
M0UDW,Available,Amateur Full Radio Licence,UDW
M0UDY,Available,Amateur Full Radio Licence,UDY
M0UDZ,Available,Amateur Full Radio Licence,UDZ
M0UEB,Available,Amateur Full Radio Licence,UEB
M0UEC,Available,Amateur Full Radio Licence,UEC
M0UEE,Available,Amateur Full Radio Licence,UEE
M0UEF,Available,Amateur Full Radio Licence,UEF
M0UEG,Available,Amateur Full Radio Licence,UEG
M0UEH,Available,Amateur Full Radio Licence,UEH
M0UEI,Available,Amateur Full Radio Licence,UEI
M0UEJ,Available,Amateur Full Radio Licence,UEJ
M0UEK,Available,Amateur Full Radio Licence,UEK
M0UEL,Available,Amateur Full Radio Licence,UEL
M0UEM,Available,Amateur Full Radio Licence,UEM
M0UEN,Available,Amateur Full Radio Licence,UEN
M0UEO,Available,Amateur Full Radio Licence,UEO
M0UEP,Available,Amateur Full Radio Licence,UEP
M0UEQ,Available,Amateur Full Radio Licence,UEQ
M0UER,Available,Amateur Full Radio Licence,UER
M0UES,Available,Amateur Full Radio Licence,UES
M0UET,Available,Amateur Full Radio Licence,UET
M0UEU,Available,Amateur Full Radio Licence,UEU
M0UEV,Available,Amateur Full Radio Licence,UEV
M0UEW,Available,Amateur Full Radio Licence,UEW
M0UEX,Available,Amateur Full Radio Licence,UEX
M0UEY,Available,Amateur Full Radio Licence,UEY
M0UFB,Available,Amateur Full Radio Licence,UFB
M0UFD,Available,Amateur Full Radio Licence,UFD
M0UFE,Available,Amateur Full Radio Licence,UFE
M0UFF,Available,Amateur Full Radio Licence,UFF
M0UFG,Available,Amateur Full Radio Licence,UFG
M0UFH,Available,Amateur Full Radio Licence,UFH
M0UFI,Available,Amateur Full Radio Licence,UFI
M0UFJ,Available,Amateur Full Radio Licence,UFJ
M0UFK,Available,Amateur Full Radio Licence,UFK
M0UFL,Available,Amateur Full Radio Licence,UFL
M0UFM,Available,Amateur Full Radio Licence,UFM
M0UFN,Available,Amateur Full Radio Licence,UFN
M0UFP,Available,Amateur Full Radio Licence,UFP
M0UFQ,Available,Amateur Full Radio Licence,UFQ
M0UFR,Available,Amateur Full Radio Licence,UFR
M0UFS,Available,Amateur Full Radio Licence,UFS
M0UFT,Available,Amateur Full Radio Licence,UFT
M0UFU,Available,Amateur Full Radio Licence,UFU
M0UFV,Available,Amateur Full Radio Licence,UFV
M0UFW,Available,Amateur Full Radio Licence,UFW
M0UFX,Available,Amateur Full Radio Licence,UFX
M0UFY,Available,Amateur Full Radio Licence,UFY
M0UFZ,Available,Amateur Full Radio Licence,UFZ
M0UGA,Available,Amateur Full Radio Licence,UGA
M0UGC,Available,Amateur Full Radio Licence,UGC
M0UGE,Available,Amateur Full Radio Licence,UGE
M0UGF,Available,Amateur Full Radio Licence,UGF
M0UGG,Available,Amateur Full Radio Licence,UGG
M0UGI,Available,Amateur Full Radio Licence,UGI
M0UGJ,Available,Amateur Full Radio Licence,UGJ
M0UGK,Available,Amateur Full Radio Licence,UGK
M0UGM,Available,Amateur Full Radio Licence,UGM
M0UGN,Available,Amateur Full Radio Licence,UGN
M0UGO,Available,Amateur Full Radio Licence,UGO
M0UGP,Available,Amateur Full Radio Licence,UGP
M0UGQ,Available,Amateur Full Radio Licence,UGQ
M0UGS,Available,Amateur Full Radio Licence,UGS
M0UGT,Available,Amateur Full Radio Licence,UGT
M0UGU,Available,Amateur Full Radio Licence,UGU
M0UGV,Available,Amateur Full Radio Licence,UGV
M0UGW,Available,Amateur Full Radio Licence,UGW
M0UGX,Available,Amateur Full Radio Licence,UGX
M0UGY,Available,Amateur Full Radio Licence,UGY
M0UGZ,Available,Amateur Full Radio Licence,UGZ
M0UHA,Available,Amateur Full Radio Licence,UHA
M0UHB,Available,Amateur Full Radio Licence,UHB
M0UHC,Available,Amateur Full Radio Licence,UHC
M0UHD,Available,Amateur Full Radio Licence,UHD
M0UHE,Available,Amateur Full Radio Licence,UHE
M0UHG,Available,Amateur Full Radio Licence,UHG
M0UHH,Available,Amateur Full Radio Licence,UHH
M0UHI,Available,Amateur Full Radio Licence,UHI
M0UHJ,Available,Amateur Full Radio Licence,UHJ
M0UHK,Available,Amateur Full Radio Licence,UHK
M0UHL,Available,Amateur Full Radio Licence,UHL
M0UHM,Available,Amateur Full Radio Licence,UHM
M0UHN,Available,Amateur Full Radio Licence,UHN
M0UHO,Available,Amateur Full Radio Licence,UHO
M0UHP,Available,Amateur Full Radio Licence,UHP
M0UHQ,Available,Amateur Full Radio Licence,UHQ
M0UHR,Available,Amateur Full Radio Licence,UHR
M0UHS,Available,Amateur Full Radio Licence,UHS
M0UHT,Available,Amateur Full Radio Licence,UHT
M0UHU,Available,Amateur Full Radio Licence,UHU
M0UHV,Available,Amateur Full Radio Licence,UHV
M0UHW,Available,Amateur Full Radio Licence,UHW
M0UHX,Available,Amateur Full Radio Licence,UHX
M0UHY,Available,Amateur Full Radio Licence,UHY
M0UHZ,Available,Amateur Full Radio Licence,UHZ
M0UIA,Available,Amateur Full Radio Licence,UIA
M0UIB,Available,Amateur Full Radio Licence,UIB
M0UIC,Available,Amateur Full Radio Licence,UIC
M0UID,Available,Amateur Full Radio Licence,UID
M0UIE,Available,Amateur Full Radio Licence,UIE
M0UIF,Available,Amateur Full Radio Licence,UIF
M0UIH,Available,Amateur Full Radio Licence,UIH
M0UII,Available,Amateur Full Radio Licence,UII
M0UIJ,Available,Amateur Full Radio Licence,UIJ
M0UIK,Available,Amateur Full Radio Licence,UIK
M0UIL,Available,Amateur Full Radio Licence,UIL
M0UIM,Available,Amateur Full Radio Licence,UIM
M0UIN,Available,Amateur Full Radio Licence,UIN
M0UIO,Available,Amateur Full Radio Licence,UIO
M0UIP,Available,Amateur Full Radio Licence,UIP
M0UIQ,Available,Amateur Full Radio Licence,UIQ
M0UIR,Available,Amateur Full Radio Licence,UIR
M0UIS,Available,Amateur Full Radio Licence,UIS
M0UIT,Available,Amateur Full Radio Licence,UIT
M0UIU,Available,Amateur Full Radio Licence,UIU
M0UIV,Available,Amateur Full Radio Licence,UIV
M0UIW,Available,Amateur Full Radio Licence,UIW
M0UIX,Available,Amateur Full Radio Licence,UIX
M0UIY,Available,Amateur Full Radio Licence,UIY
M0UIZ,Available,Amateur Full Radio Licence,UIZ
M0UJA,Available,Amateur Full Radio Licence,UJA
M0UJB,Available,Amateur Full Radio Licence,UJB
M0UJE,Available,Amateur Full Radio Licence,UJE
M0UJF,Available,Amateur Full Radio Licence,UJF
M0UJG,Available,Amateur Full Radio Licence,UJG
M0UJH,Available,Amateur Full Radio Licence,UJH
M0UJI,Available,Amateur Full Radio Licence,UJI
M0UJJ,Available,Amateur Full Radio Licence,UJJ
M0UJK,Available,Amateur Full Radio Licence,UJK
M0UJL,Available,Amateur Full Radio Licence,UJL
M0UJM,Available,Amateur Full Radio Licence,UJM
M0UJN,Available,Amateur Full Radio Licence,UJN
M0UJO,Available,Amateur Full Radio Licence,UJO
M0UJP,Available,Amateur Full Radio Licence,UJP
M0UJQ,Available,Amateur Full Radio Licence,UJQ
M0UJR,Available,Amateur Full Radio Licence,UJR
M0UJS,Available,Amateur Full Radio Licence,UJS
M0UJT,Available,Amateur Full Radio Licence,UJT
M0UJU,Available,Amateur Full Radio Licence,UJU
M0UJV,Available,Amateur Full Radio Licence,UJV
M0UJW,Available,Amateur Full Radio Licence,UJW
M0UJX,Available,Amateur Full Radio Licence,UJX
M0UJY,Available,Amateur Full Radio Licence,UJY
M0UJZ,Available,Amateur Full Radio Licence,UJZ
M0UKB,Available,Amateur Full Radio Licence,UKB
M0UKE,Available,Amateur Full Radio Licence,UKE
M0UKF,Available,Amateur Full Radio Licence,UKF
M0UKH,Available,Amateur Full Radio Licence,UKH
M0UKJ,Available,Amateur Full Radio Licence,UKJ
M0UKK,Available,Amateur Full Radio Licence,UKK
M0UKL,Available,Amateur Full Radio Licence,UKL
M0UKM,Available,Amateur Full Radio Licence,UKM
M0UKN,Available,Amateur Full Radio Licence,UKN
M0UKO,Available,Amateur Full Radio Licence,UKO
M0UKP,Available,Amateur Full Radio Licence,UKP
M0UKQ,Available,Amateur Full Radio Licence,UKQ
M0UKT,Available,Amateur Full Radio Licence,UKT
M0UKU,Available,Amateur Full Radio Licence,UKU
M0UKV,Available,Amateur Full Radio Licence,UKV
M0UKX,Available,Amateur Full Radio Licence,UKX
M0UKY,Available,Amateur Full Radio Licence,UKY
M0UKZ,Available,Amateur Full Radio Licence,UKZ
M0ULA,Available,Amateur Full Radio Licence,ULA
M0ULB,Available,Amateur Full Radio Licence,ULB
M0ULG,Available,Amateur Full Radio Licence,ULG
M0ULH,Available,Amateur Full Radio Licence,ULH
M0ULI,Available,Amateur Full Radio Licence,ULI
M0ULJ,Available,Amateur Full Radio Licence,ULJ
M0ULL,Available,Amateur Full Radio Licence,ULL
M0ULM,Available,Amateur Full Radio Licence,ULM
M0ULN,Available,Amateur Full Radio Licence,ULN
M0ULO,Available,Amateur Full Radio Licence,ULO
M0ULP,Available,Amateur Full Radio Licence,ULP
M0ULQ,Available,Amateur Full Radio Licence,ULQ
M0ULU,Available,Amateur Full Radio Licence,ULU
M0ULV,Available,Amateur Full Radio Licence,ULV
M0ULW,Available,Amateur Full Radio Licence,ULW
M0ULX,Available,Amateur Full Radio Licence,ULX
M0ULY,Available,Amateur Full Radio Licence,ULY
M0ULZ,Available,Amateur Full Radio Licence,ULZ
M0UMA,Available,Amateur Full Radio Licence,UMA
M0UMB,Available,Amateur Full Radio Licence,UMB
M0UMC,Available,Amateur Full Radio Licence,UMC
M0UMD,Available,Amateur Full Radio Licence,UMD
M0UME,Available,Amateur Full Radio Licence,UME
M0UMF,Available,Amateur Full Radio Licence,UMF
M0UMG,Available,Amateur Full Radio Licence,UMG
M0UMI,Available,Amateur Full Radio Licence,UMI
M0UMJ,Available,Amateur Full Radio Licence,UMJ
M0UMK,Available,Amateur Full Radio Licence,UMK
M0UML,Available,Amateur Full Radio Licence,UML
M0UMM,Available,Amateur Full Radio Licence,UMM
M0UMN,Available,Amateur Full Radio Licence,UMN
M0UMO,Available,Amateur Full Radio Licence,UMO
M0UMP,Available,Amateur Full Radio Licence,UMP
M0UMQ,Available,Amateur Full Radio Licence,UMQ
M0UMR,Available,Amateur Full Radio Licence,UMR
M0UMS,Available,Amateur Full Radio Licence,UMS
M0UMT,Available,Amateur Full Radio Licence,UMT
M0UMU,Available,Amateur Full Radio Licence,UMU
M0UMV,Available,Amateur Full Radio Licence,UMV
M0UMW,Available,Amateur Full Radio Licence,UMW
M0UMX,Available,Amateur Full Radio Licence,UMX
M0UMY,Available,Amateur Full Radio Licence,UMY
M0UMZ,Available,Amateur Full Radio Licence,UMZ
M0UNB,Available,Amateur Full Radio Licence,UNB
M0UNE,Available,Amateur Full Radio Licence,UNE
M0UNH,Available,Amateur Full Radio Licence,UNH
M0UNK,Available,Amateur Full Radio Licence,UNK
M0UNL,Available,Amateur Full Radio Licence,UNL
M0UNM,Available,Amateur Full Radio Licence,UNM
M0UNP,Available,Amateur Full Radio Licence,UNP
M0UNQ,Available,Amateur Full Radio Licence,UNQ
M0UNR,Available,Amateur Full Radio Licence,UNR
M0UNS,Available,Amateur Full Radio Licence,UNS
M0UNU,Available,Amateur Full Radio Licence,UNU
M0UNV,Available,Amateur Full Radio Licence,UNV
M0UNW,Available,Amateur Full Radio Licence,UNW
M0UNX,Available,Amateur Full Radio Licence,UNX
M0UNY,Available,Amateur Full Radio Licence,UNY
M0UNZ,Available,Amateur Full Radio Licence,UNZ
M0UOA,Available,Amateur Full Radio Licence,UOA
M0UOB,Available,Amateur Full Radio Licence,UOB
M0UOC,Available,Amateur Full Radio Licence,UOC
M0UOD,Available,Amateur Full Radio Licence,UOD
M0UOF,Available,Amateur Full Radio Licence,UOF
M0UOH,Available,Amateur Full Radio Licence,UOH
M0UOI,Available,Amateur Full Radio Licence,UOI
M0UOJ,Available,Amateur Full Radio Licence,UOJ
M0UOL,Available,Amateur Full Radio Licence,UOL
M0UOM,Available,Amateur Full Radio Licence,UOM
M0UON,Available,Amateur Full Radio Licence,UON
M0UOP,Available,Amateur Full Radio Licence,UOP
M0UOQ,Available,Amateur Full Radio Licence,UOQ
M0UOR,Available,Amateur Full Radio Licence,UOR
M0UOS,Available,Amateur Full Radio Licence,UOS
M0UOT,Available,Amateur Full Radio Licence,UOT
M0UOU,Available,Amateur Full Radio Licence,UOU
M0UOV,Available,Amateur Full Radio Licence,UOV
M0UOW,Available,Amateur Full Radio Licence,UOW
M0UOX,Available,Amateur Full Radio Licence,UOX
M0UOY,Available,Amateur Full Radio Licence,UOY
M0UOZ,Available,Amateur Full Radio Licence,UOZ
M0UPA,Available,Amateur Full Radio Licence,UPA
M0UPB,Available,Amateur Full Radio Licence,UPB
M0UPC,Available,Amateur Full Radio Licence,UPC
M0UPD,Available,Amateur Full Radio Licence,UPD
M0UPE,Available,Amateur Full Radio Licence,UPE
M0UPF,Available,Amateur Full Radio Licence,UPF
M0UPG,Available,Amateur Full Radio Licence,UPG
M0UPI,Available,Amateur Full Radio Licence,UPI
M0UPJ,Available,Amateur Full Radio Licence,UPJ
M0UPK,Available,Amateur Full Radio Licence,UPK
M0UPL,Available,Amateur Full Radio Licence,UPL
M0UPM,Available,Amateur Full Radio Licence,UPM
M0UPN,Available,Amateur Full Radio Licence,UPN
M0UPO,Available,Amateur Full Radio Licence,UPO
M0UPP,Available,Amateur Full Radio Licence,UPP
M0UPQ,Available,Amateur Full Radio Licence,UPQ
M0UPR,Available,Amateur Full Radio Licence,UPR
M0UPS,Available,Amateur Full Radio Licence,UPS
M0UPT,Available,Amateur Full Radio Licence,UPT
M0UPV,Available,Amateur Full Radio Licence,UPV
M0UPW,Available,Amateur Full Radio Licence,UPW
M0UPX,Available,Amateur Full Radio Licence,UPX
M0UPY,Available,Amateur Full Radio Licence,UPY
M0UPZ,Available,Amateur Full Radio Licence,UPZ
M0UQA,Available,Amateur Full Radio Licence,UQA
M0UQB,Available,Amateur Full Radio Licence,UQB
M0UQC,Available,Amateur Full Radio Licence,UQC
M0UQD,Available,Amateur Full Radio Licence,UQD
M0UQE,Available,Amateur Full Radio Licence,UQE
M0UQF,Available,Amateur Full Radio Licence,UQF
M0UQG,Available,Amateur Full Radio Licence,UQG
M0UQH,Available,Amateur Full Radio Licence,UQH
M0UQI,Available,Amateur Full Radio Licence,UQI
M0UQJ,Available,Amateur Full Radio Licence,UQJ
M0UQK,Available,Amateur Full Radio Licence,UQK
M0UQL,Available,Amateur Full Radio Licence,UQL
M0UQM,Available,Amateur Full Radio Licence,UQM
M0UQN,Available,Amateur Full Radio Licence,UQN
M0UQO,Available,Amateur Full Radio Licence,UQO
M0UQP,Available,Amateur Full Radio Licence,UQP
M0UQQ,Available,Amateur Full Radio Licence,UQQ
M0UQR,Available,Amateur Full Radio Licence,UQR
M0UQS,Available,Amateur Full Radio Licence,UQS
M0UQT,Available,Amateur Full Radio Licence,UQT
M0UQU,Available,Amateur Full Radio Licence,UQU
M0UQV,Available,Amateur Full Radio Licence,UQV
M0UQW,Available,Amateur Full Radio Licence,UQW
M0UQX,Available,Amateur Full Radio Licence,UQX
M0UQY,Available,Amateur Full Radio Licence,UQY
M0UQZ,Available,Amateur Full Radio Licence,UQZ
M0URA,Available,Amateur Full Radio Licence,URA
M0URB,Available,Amateur Full Radio Licence,URB
M0URD,Available,Amateur Full Radio Licence,URD
M0URE,Available,Amateur Full Radio Licence,URE
M0URF,Available,Amateur Full Radio Licence,URF
M0URG,Available,Amateur Full Radio Licence,URG
M0URH,Available,Amateur Full Radio Licence,URH
M0URI,Available,Amateur Full Radio Licence,URI
M0URK,Available,Amateur Full Radio Licence,URK
M0URM,Available,Amateur Full Radio Licence,URM
M0URO,Available,Amateur Full Radio Licence,URO
M0URP,Available,Amateur Full Radio Licence,URP
M0URQ,Available,Amateur Full Radio Licence,URQ
M0URR,Available,Amateur Full Radio Licence,URR
M0URS,Available,Amateur Full Radio Licence,URS
M0URT,Available,Amateur Full Radio Licence,URT
M0URU,Available,Amateur Full Radio Licence,URU
M0URV,Available,Amateur Full Radio Licence,URV
M0URW,Available,Amateur Full Radio Licence,URW
M0URY,Available,Amateur Full Radio Licence,URY
M0URZ,Available,Amateur Full Radio Licence,URZ
M0USC,Available,Amateur Full Radio Licence,USC
M0USF,Available,Amateur Full Radio Licence,USF
M0USG,Available,Amateur Full Radio Licence,USG
M0USI,Available,Amateur Full Radio Licence,USI
M0USJ,Available,Amateur Full Radio Licence,USJ
M0USL,Available,Amateur Full Radio Licence,USL
M0USM,Available,Amateur Full Radio Licence,USM
M0USN,Available,Amateur Full Radio Licence,USN
M0USO,Available,Amateur Full Radio Licence,USO
M0USP,Available,Amateur Full Radio Licence,USP
M0USQ,Available,Amateur Full Radio Licence,USQ
M0USS,Available,Amateur Full Radio Licence,USS
M0USW,Available,Amateur Full Radio Licence,USW
M0USX,Available,Amateur Full Radio Licence,USX
M0USZ,Available,Amateur Full Radio Licence,USZ
M0UTB,Available,Amateur Full Radio Licence,UTB
M0UTF,Available,Amateur Full Radio Licence,UTF
M0UTI,Available,Amateur Full Radio Licence,UTI
M0UTJ,Available,Amateur Full Radio Licence,UTJ
M0UTK,Available,Amateur Full Radio Licence,UTK
M0UTL,Available,Amateur Full Radio Licence,UTL
M0UTM,Available,Amateur Full Radio Licence,UTM
M0UTN,Available,Amateur Full Radio Licence,UTN
M0UTO,Available,Amateur Full Radio Licence,UTO
M0UTP,Available,Amateur Full Radio Licence,UTP
M0UTQ,Available,Amateur Full Radio Licence,UTQ
M0UTR,Available,Amateur Full Radio Licence,UTR
M0UTS,Available,Amateur Full Radio Licence,UTS
M0UTT,Available,Amateur Full Radio Licence,UTT
M0UTU,Available,Amateur Full Radio Licence,UTU
M0UTV,Available,Amateur Full Radio Licence,UTV
M0UTW,Available,Amateur Full Radio Licence,UTW
M0UTZ,Available,Amateur Full Radio Licence,UTZ
M0UUA,Available,Amateur Full Radio Licence,UUA
M0UUB,Available,Amateur Full Radio Licence,UUB
M0UUC,Available,Amateur Full Radio Licence,UUC
M0UUD,Available,Amateur Full Radio Licence,UUD
M0UUE,Available,Amateur Full Radio Licence,UUE
M0UUF,Available,Amateur Full Radio Licence,UUF
M0UUG,Available,Amateur Full Radio Licence,UUG
M0UUH,Available,Amateur Full Radio Licence,UUH
M0UUI,Available,Amateur Full Radio Licence,UUI
M0UUJ,Available,Amateur Full Radio Licence,UUJ
M0UUL,Available,Amateur Full Radio Licence,UUL
M0UUM,Available,Amateur Full Radio Licence,UUM
M0UUN,Available,Amateur Full Radio Licence,UUN
M0UUO,Available,Amateur Full Radio Licence,UUO
M0UUP,Available,Amateur Full Radio Licence,UUP
M0UUQ,Available,Amateur Full Radio Licence,UUQ
M0UUR,Available,Amateur Full Radio Licence,UUR
M0UUS,Available,Amateur Full Radio Licence,UUS
M0UUT,Available,Amateur Full Radio Licence,UUT
M0UUV,Available,Amateur Full Radio Licence,UUV
M0UUW,Available,Amateur Full Radio Licence,UUW
M0UUX,Available,Amateur Full Radio Licence,UUX
M0UUY,Available,Amateur Full Radio Licence,UUY
M0UUZ,Available,Amateur Full Radio Licence,UUZ
M0UVB,Available,Amateur Full Radio Licence,UVB
M0UVC,Available,Amateur Full Radio Licence,UVC
M0UVD,Available,Amateur Full Radio Licence,UVD
M0UVE,Available,Amateur Full Radio Licence,UVE
M0UVF,Available,Amateur Full Radio Licence,UVF
M0UVG,Available,Amateur Full Radio Licence,UVG
M0UVH,Available,Amateur Full Radio Licence,UVH
M0UVI,Available,Amateur Full Radio Licence,UVI
M0UVJ,Available,Amateur Full Radio Licence,UVJ
M0UVL,Available,Amateur Full Radio Licence,UVL
M0UVM,Available,Amateur Full Radio Licence,UVM
M0UVN,Available,Amateur Full Radio Licence,UVN
M0UVO,Available,Amateur Full Radio Licence,UVO
M0UVP,Available,Amateur Full Radio Licence,UVP
M0UVQ,Available,Amateur Full Radio Licence,UVQ
M0UVS,Available,Amateur Full Radio Licence,UVS
M0UVT,Available,Amateur Full Radio Licence,UVT
M0UVU,Available,Amateur Full Radio Licence,UVU
M0UVV,Available,Amateur Full Radio Licence,UVV
M0UVW,Available,Amateur Full Radio Licence,UVW
M0UVX,Available,Amateur Full Radio Licence,UVX
M0UVY,Available,Amateur Full Radio Licence,UVY
M0UVZ,Available,Amateur Full Radio Licence,UVZ
M0UWA,Available,Amateur Full Radio Licence,UWA
M0UWB,Available,Amateur Full Radio Licence,UWB
M0UWC,Available,Amateur Full Radio Licence,UWC
M0UWE,Available,Amateur Full Radio Licence,UWE
M0UWF,Available,Amateur Full Radio Licence,UWF
M0UWG,Available,Amateur Full Radio Licence,UWG
M0UWH,Available,Amateur Full Radio Licence,UWH
M0UWI,Available,Amateur Full Radio Licence,UWI
M0UWJ,Available,Amateur Full Radio Licence,UWJ
M0UWK,Available,Amateur Full Radio Licence,UWK
M0UWL,Available,Amateur Full Radio Licence,UWL
M0UWM,Available,Amateur Full Radio Licence,UWM
M0UWN,Available,Amateur Full Radio Licence,UWN
M0UWO,Available,Amateur Full Radio Licence,UWO
M0UWP,Available,Amateur Full Radio Licence,UWP
M0UWQ,Available,Amateur Full Radio Licence,UWQ
M0UWR,Available,Amateur Full Radio Licence,UWR
M0UWT,Available,Amateur Full Radio Licence,UWT
M0UWV,Available,Amateur Full Radio Licence,UWV
M0UWW,Available,Amateur Full Radio Licence,UWW
M0UWX,Available,Amateur Full Radio Licence,UWX
M0UWY,Available,Amateur Full Radio Licence,UWY
M0UWZ,Available,Amateur Full Radio Licence,UWZ
M0UXA,Available,Amateur Full Radio Licence,UXA
M0UXC,Available,Amateur Full Radio Licence,UXC
M0UXD,Available,Amateur Full Radio Licence,UXD
M0UXF,Available,Amateur Full Radio Licence,UXF
M0UXG,Available,Amateur Full Radio Licence,UXG
M0UXI,Available,Amateur Full Radio Licence,UXI
M0UXJ,Available,Amateur Full Radio Licence,UXJ
M0UXK,Available,Amateur Full Radio Licence,UXK
M0UXL,Available,Amateur Full Radio Licence,UXL
M0UXM,Available,Amateur Full Radio Licence,UXM
M0UXN,Available,Amateur Full Radio Licence,UXN
M0UXP,Available,Amateur Full Radio Licence,UXP
M0UXQ,Available,Amateur Full Radio Licence,UXQ
M0UXR,Available,Amateur Full Radio Licence,UXR
M0UXT,Available,Amateur Full Radio Licence,UXT
M0UXU,Available,Amateur Full Radio Licence,UXU
M0UXV,Available,Amateur Full Radio Licence,UXV
M0UXW,Available,Amateur Full Radio Licence,UXW
M0UXX,Available,Amateur Full Radio Licence,UXX
M0UXY,Available,Amateur Full Radio Licence,UXY
M0UXZ,Available,Amateur Full Radio Licence,UXZ
M0UYA,Available,Amateur Full Radio Licence,UYA
M0UYB,Available,Amateur Full Radio Licence,UYB
M0UYC,Available,Amateur Full Radio Licence,UYC
M0UYE,Available,Amateur Full Radio Licence,UYE
M0UYF,Available,Amateur Full Radio Licence,UYF
M0UYG,Available,Amateur Full Radio Licence,UYG
M0UYH,Available,Amateur Full Radio Licence,UYH
M0UYI,Available,Amateur Full Radio Licence,UYI
M0UYJ,Available,Amateur Full Radio Licence,UYJ
M0UYK,Available,Amateur Full Radio Licence,UYK
M0UYL,Available,Amateur Full Radio Licence,UYL
M0UYM,Available,Amateur Full Radio Licence,UYM
M0UYN,Available,Amateur Full Radio Licence,UYN
M0UYO,Available,Amateur Full Radio Licence,UYO
M0UYP,Available,Amateur Full Radio Licence,UYP
M0UYQ,Available,Amateur Full Radio Licence,UYQ
M0UYS,Available,Amateur Full Radio Licence,UYS
M0UYT,Available,Amateur Full Radio Licence,UYT
M0UYU,Available,Amateur Full Radio Licence,UYU
M0UYV,Available,Amateur Full Radio Licence,UYV
M0UYW,Available,Amateur Full Radio Licence,UYW
M0UYX,Available,Amateur Full Radio Licence,UYX
M0UYY,Available,Amateur Full Radio Licence,UYY
M0UYZ,Available,Amateur Full Radio Licence,UYZ
M0UZA,Available,Amateur Full Radio Licence,UZA
M0UZB,Available,Amateur Full Radio Licence,UZB
M0UZC,Available,Amateur Full Radio Licence,UZC
M0UZD,Available,Amateur Full Radio Licence,UZD
M0UZE,Available,Amateur Full Radio Licence,UZE
M0UZF,Available,Amateur Full Radio Licence,UZF
M0UZG,Available,Amateur Full Radio Licence,UZG
M0UZH,Available,Amateur Full Radio Licence,UZH
M0UZI,Available,Amateur Full Radio Licence,UZI
M0UZJ,Available,Amateur Full Radio Licence,UZJ
M0UZK,Available,Amateur Full Radio Licence,UZK
M0UZL,Available,Amateur Full Radio Licence,UZL
M0UZM,Available,Amateur Full Radio Licence,UZM
M0UZN,Available,Amateur Full Radio Licence,UZN
M0UZP,Available,Amateur Full Radio Licence,UZP
M0UZQ,Available,Amateur Full Radio Licence,UZQ
M0UZR,Available,Amateur Full Radio Licence,UZR
M0UZS,Available,Amateur Full Radio Licence,UZS
M0UZT,Available,Amateur Full Radio Licence,UZT
M0UZU,Available,Amateur Full Radio Licence,UZU
M0UZV,Available,Amateur Full Radio Licence,UZV
M0UZW,Available,Amateur Full Radio Licence,UZW
M0UZX,Available,Amateur Full Radio Licence,UZX
M0UZY,Available,Amateur Full Radio Licence,UZY
M0UZZ,Available,Amateur Full Radio Licence,UZZ
M0VAF,Available,Amateur Full Radio Licence,VAF
M0VAH,Available,Amateur Full Radio Licence,VAH
M0VAJ,Available,Amateur Full Radio Licence,VAJ
M0VAK,Available,Amateur Full Radio Licence,VAK
M0VAO,Available,Amateur Full Radio Licence,VAO
M0VAP,Available,Amateur Full Radio Licence,VAP
M0VAQ,Available,Amateur Full Radio Licence,VAQ
M0VAR,Available,Amateur Full Radio Licence,VAR
M0VAV,Available,Amateur Full Radio Licence,VAV
M0VAY,Available,Amateur Full Radio Licence,VAY
M0VAZ,Available,Amateur Full Radio Licence,VAZ
M0VBA,Available,Amateur Full Radio Licence,VBA
M0VBB,Available,Amateur Full Radio Licence,VBB
M0VBC,Available,Amateur Full Radio Licence,VBC
M0VBE,Available,Amateur Full Radio Licence,VBE
M0VBF,Available,Amateur Full Radio Licence,VBF
M0VBG,Available,Amateur Full Radio Licence,VBG
M0VBH,Available,Amateur Full Radio Licence,VBH
M0VBI,Available,Amateur Full Radio Licence,VBI
M0VBJ,Available,Amateur Full Radio Licence,VBJ
M0VBK,Available,Amateur Full Radio Licence,VBK
M0VBL,Available,Amateur Full Radio Licence,VBL
M0VBM,Available,Amateur Full Radio Licence,VBM
M0VBN,Available,Amateur Full Radio Licence,VBN
M0VBO,Available,Amateur Full Radio Licence,VBO
M0VBQ,Available,Amateur Full Radio Licence,VBQ
M0VBS,Available,Amateur Full Radio Licence,VBS
M0VBT,Available,Amateur Full Radio Licence,VBT
M0VBU,Available,Amateur Full Radio Licence,VBU
M0VBV,Available,Amateur Full Radio Licence,VBV
M0VBX,Available,Amateur Full Radio Licence,VBX
M0VBZ,Available,Amateur Full Radio Licence,VBZ
M0VCB,Available,Amateur Full Radio Licence,VCB
M0VCI,Available,Amateur Full Radio Licence,VCI
M0VCJ,Available,Amateur Full Radio Licence,VCJ
M0VCK,Available,Amateur Full Radio Licence,VCK
M0VCL,Available,Amateur Full Radio Licence,VCL
M0VCN,Available,Amateur Full Radio Licence,VCN
M0VCQ,Available,Amateur Full Radio Licence,VCQ
M0VCU,Available,Amateur Full Radio Licence,VCU
M0VCV,Available,Amateur Full Radio Licence,VCV
M0VCX,Available,Amateur Full Radio Licence,VCX
M0VCY,Available,Amateur Full Radio Licence,VCY
M0VCZ,Available,Amateur Full Radio Licence,VCZ
M0VDD,Available,Amateur Full Radio Licence,VDD
M0VDE,Available,Amateur Full Radio Licence,VDE
M0VDF,Available,Amateur Full Radio Licence,VDF
M0VDG,Available,Amateur Full Radio Licence,VDG
M0VDH,Available,Amateur Full Radio Licence,VDH
M0VDI,Available,Amateur Full Radio Licence,VDI
M0VDJ,Available,Amateur Full Radio Licence,VDJ
M0VDK,Available,Amateur Full Radio Licence,VDK
M0VDL,Available,Amateur Full Radio Licence,VDL
M0VDN,Available,Amateur Full Radio Licence,VDN
M0VDO,Available,Amateur Full Radio Licence,VDO
M0VDP,Available,Amateur Full Radio Licence,VDP
M0VDQ,Available,Amateur Full Radio Licence,VDQ
M0VDR,Available,Amateur Full Radio Licence,VDR
M0VDS,Available,Amateur Full Radio Licence,VDS
M0VDT,Available,Amateur Full Radio Licence,VDT
M0VDU,Available,Amateur Full Radio Licence,VDU
M0VDV,Available,Amateur Full Radio Licence,VDV
M0VDW,Available,Amateur Full Radio Licence,VDW
M0VDY,Available,Amateur Full Radio Licence,VDY
M0VDZ,Available,Amateur Full Radio Licence,VDZ
M0VEA,Available,Amateur Full Radio Licence,VEA
M0VEB,Available,Amateur Full Radio Licence,VEB
M0VEF,Available,Amateur Full Radio Licence,VEF
M0VEH,Available,Amateur Full Radio Licence,VEH
M0VEI,Available,Amateur Full Radio Licence,VEI
M0VEJ,Available,Amateur Full Radio Licence,VEJ
M0VEK,Available,Amateur Full Radio Licence,VEK
M0VEL,Available,Amateur Full Radio Licence,VEL
M0VEM,Available,Amateur Full Radio Licence,VEM
M0VEN,Available,Amateur Full Radio Licence,VEN
M0VEO,Available,Amateur Full Radio Licence,VEO
M0VEP,Available,Amateur Full Radio Licence,VEP
M0VEQ,Available,Amateur Full Radio Licence,VEQ
M0VEU,Available,Amateur Full Radio Licence,VEU
M0VEW,Available,Amateur Full Radio Licence,VEW
M0VEX,Available,Amateur Full Radio Licence,VEX
M0VEZ,Available,Amateur Full Radio Licence,VEZ
M0VFA,Available,Amateur Full Radio Licence,VFA
M0VFB,Available,Amateur Full Radio Licence,VFB
M0VFD,Available,Amateur Full Radio Licence,VFD
M0VFE,Available,Amateur Full Radio Licence,VFE
M0VFF,Available,Amateur Full Radio Licence,VFF
M0VFH,Available,Amateur Full Radio Licence,VFH
M0VFI,Available,Amateur Full Radio Licence,VFI
M0VFJ,Available,Amateur Full Radio Licence,VFJ
M0VFK,Available,Amateur Full Radio Licence,VFK
M0VFL,Available,Amateur Full Radio Licence,VFL
M0VFM,Available,Amateur Full Radio Licence,VFM
M0VFN,Available,Amateur Full Radio Licence,VFN
M0VFP,Available,Amateur Full Radio Licence,VFP
M0VFQ,Available,Amateur Full Radio Licence,VFQ
M0VFS,Available,Amateur Full Radio Licence,VFS
M0VFT,Available,Amateur Full Radio Licence,VFT
M0VFV,Available,Amateur Full Radio Licence,VFV
M0VFX,Available,Amateur Full Radio Licence,VFX
M0VFY,Available,Amateur Full Radio Licence,VFY
M0VFZ,Available,Amateur Full Radio Licence,VFZ
M0VGA,Available,Amateur Full Radio Licence,VGA
M0VGB,Available,Amateur Full Radio Licence,VGB
M0VGD,Available,Amateur Full Radio Licence,VGD
M0VGE,Available,Amateur Full Radio Licence,VGE
M0VGF,Available,Amateur Full Radio Licence,VGF
M0VGI,Available,Amateur Full Radio Licence,VGI
M0VGJ,Available,Amateur Full Radio Licence,VGJ
M0VGL,Available,Amateur Full Radio Licence,VGL
M0VGM,Available,Amateur Full Radio Licence,VGM
M0VGN,Available,Amateur Full Radio Licence,VGN
M0VGO,Available,Amateur Full Radio Licence,VGO
M0VGQ,Available,Amateur Full Radio Licence,VGQ
M0VGR,Available,Amateur Full Radio Licence,VGR
M0VGS,Available,Amateur Full Radio Licence,VGS
M0VGT,Available,Amateur Full Radio Licence,VGT
M0VGU,Available,Amateur Full Radio Licence,VGU
M0VGW,Available,Amateur Full Radio Licence,VGW
M0VGX,Available,Amateur Full Radio Licence,VGX
M0VGY,Available,Amateur Full Radio Licence,VGY
M0VGZ,Available,Amateur Full Radio Licence,VGZ
M0VHA,Available,Amateur Full Radio Licence,VHA
M0VHB,Available,Amateur Full Radio Licence,VHB
M0VHD,Available,Amateur Full Radio Licence,VHD
M0VHE,Available,Amateur Full Radio Licence,VHE
M0VHH,Available,Amateur Full Radio Licence,VHH
M0VHI,Available,Amateur Full Radio Licence,VHI
M0VHJ,Available,Amateur Full Radio Licence,VHJ
M0VHK,Available,Amateur Full Radio Licence,VHK
M0VHL,Available,Amateur Full Radio Licence,VHL
M0VHM,Available,Amateur Full Radio Licence,VHM
M0VHN,Available,Amateur Full Radio Licence,VHN
M0VHO,Available,Amateur Full Radio Licence,VHO
M0VHP,Available,Amateur Full Radio Licence,VHP
M0VHQ,Available,Amateur Full Radio Licence,VHQ
M0VHR,Available,Amateur Full Radio Licence,VHR
M0VHS,Available,Amateur Full Radio Licence,VHS
M0VHT,Available,Amateur Full Radio Licence,VHT
M0VHU,Available,Amateur Full Radio Licence,VHU
M0VHV,Available,Amateur Full Radio Licence,VHV
M0VHW,Available,Amateur Full Radio Licence,VHW
M0VHX,Available,Amateur Full Radio Licence,VHX
M0VHY,Available,Amateur Full Radio Licence,VHY
M0VHZ,Available,Amateur Full Radio Licence,VHZ
M0VIB,Available,Amateur Full Radio Licence,VIB
M0VIF,Available,Amateur Full Radio Licence,VIF
M0VIH,Available,Amateur Full Radio Licence,VIH
M0VII,Available,Amateur Full Radio Licence,VII
M0VIJ,Available,Amateur Full Radio Licence,VIJ
M0VIK,Available,Amateur Full Radio Licence,VIK
M0VIO,Available,Amateur Full Radio Licence,VIO
M0VIQ,Available,Amateur Full Radio Licence,VIQ
M0VIS,Available,Amateur Full Radio Licence,VIS
M0VIU,Available,Amateur Full Radio Licence,VIU
M0VIV,Available,Amateur Full Radio Licence,VIV
M0VIW,Available,Amateur Full Radio Licence,VIW
M0VIY,Available,Amateur Full Radio Licence,VIY
M0VJA,Available,Amateur Full Radio Licence,VJA
M0VJB,Available,Amateur Full Radio Licence,VJB
M0VJC,Available,Amateur Full Radio Licence,VJC
M0VJD,Available,Amateur Full Radio Licence,VJD
M0VJE,Available,Amateur Full Radio Licence,VJE
M0VJF,Available,Amateur Full Radio Licence,VJF
M0VJG,Available,Amateur Full Radio Licence,VJG
M0VJH,Available,Amateur Full Radio Licence,VJH
M0VJI,Available,Amateur Full Radio Licence,VJI
M0VJJ,Available,Amateur Full Radio Licence,VJJ
M0VJK,Available,Amateur Full Radio Licence,VJK
M0VJM,Available,Amateur Full Radio Licence,VJM
M0VJN,Available,Amateur Full Radio Licence,VJN
M0VJO,Available,Amateur Full Radio Licence,VJO
M0VJP,Available,Amateur Full Radio Licence,VJP
M0VJQ,Available,Amateur Full Radio Licence,VJQ
M0VJR,Available,Amateur Full Radio Licence,VJR
M0VJS,Available,Amateur Full Radio Licence,VJS
M0VJT,Available,Amateur Full Radio Licence,VJT
M0VJU,Available,Amateur Full Radio Licence,VJU
M0VJV,Available,Amateur Full Radio Licence,VJV
M0VJW,Available,Amateur Full Radio Licence,VJW
M0VJX,Available,Amateur Full Radio Licence,VJX
M0VJY,Available,Amateur Full Radio Licence,VJY
M0VJZ,Available,Amateur Full Radio Licence,VJZ
M0VKB,Available,Amateur Full Radio Licence,VKB
M0VKE,Available,Amateur Full Radio Licence,VKE
M0VKF,Available,Amateur Full Radio Licence,VKF
M0VKI,Available,Amateur Full Radio Licence,VKI
M0VKJ,Available,Amateur Full Radio Licence,VKJ
M0VKK,Available,Amateur Full Radio Licence,VKK
M0VKL,Available,Amateur Full Radio Licence,VKL
M0VKM,Available,Amateur Full Radio Licence,VKM
M0VKN,Available,Amateur Full Radio Licence,VKN
M0VKP,Available,Amateur Full Radio Licence,VKP
M0VKQ,Available,Amateur Full Radio Licence,VKQ
M0VKT,Available,Amateur Full Radio Licence,VKT
M0VKU,Available,Amateur Full Radio Licence,VKU
M0VKW,Available,Amateur Full Radio Licence,VKW
M0VKZ,Available,Amateur Full Radio Licence,VKZ
M0VLB,Available,Amateur Full Radio Licence,VLB
M0VLD,Available,Amateur Full Radio Licence,VLD
M0VLE,Available,Amateur Full Radio Licence,VLE
M0VLG,Available,Amateur Full Radio Licence,VLG
M0VLH,Available,Amateur Full Radio Licence,VLH
M0VLJ,Available,Amateur Full Radio Licence,VLJ
M0VLK,Available,Amateur Full Radio Licence,VLK
M0VLM,Available,Amateur Full Radio Licence,VLM
M0VLO,Available,Amateur Full Radio Licence,VLO
M0VLQ,Available,Amateur Full Radio Licence,VLQ
M0VLR,Available,Amateur Full Radio Licence,VLR
M0VLS,Available,Amateur Full Radio Licence,VLS
M0VLU,Available,Amateur Full Radio Licence,VLU
M0VLV,Available,Amateur Full Radio Licence,VLV
M0VLW,Available,Amateur Full Radio Licence,VLW
M0VLX,Available,Amateur Full Radio Licence,VLX
M0VLY,Available,Amateur Full Radio Licence,VLY
M0VLZ,Available,Amateur Full Radio Licence,VLZ
M0VMA,Available,Amateur Full Radio Licence,VMA
M0VMB,Available,Amateur Full Radio Licence,VMB
M0VME,Available,Amateur Full Radio Licence,VME
M0VMF,Available,Amateur Full Radio Licence,VMF
M0VMG,Available,Amateur Full Radio Licence,VMG
M0VMI,Available,Amateur Full Radio Licence,VMI
M0VMJ,Available,Amateur Full Radio Licence,VMJ
M0VMK,Available,Amateur Full Radio Licence,VMK
M0VML,Available,Amateur Full Radio Licence,VML
M0VMM,Available,Amateur Full Radio Licence,VMM
M0VMN,Available,Amateur Full Radio Licence,VMN
M0VMO,Available,Amateur Full Radio Licence,VMO
M0VMQ,Available,Amateur Full Radio Licence,VMQ
M0VMR,Available,Amateur Full Radio Licence,VMR
M0VMS,Available,Amateur Full Radio Licence,VMS
M0VMU,Available,Amateur Full Radio Licence,VMU
M0VMV,Available,Amateur Full Radio Licence,VMV
M0VMX,Available,Amateur Full Radio Licence,VMX
M0VMY,Available,Amateur Full Radio Licence,VMY
M0VMZ,Available,Amateur Full Radio Licence,VMZ
M0VNA,Available,Amateur Full Radio Licence,VNA
M0VNB,Available,Amateur Full Radio Licence,VNB
M0VNC,Available,Amateur Full Radio Licence,VNC
M0VND,Available,Amateur Full Radio Licence,VND
M0VNF,Available,Amateur Full Radio Licence,VNF
M0VNH,Available,Amateur Full Radio Licence,VNH
M0VNI,Available,Amateur Full Radio Licence,VNI
M0VNJ,Available,Amateur Full Radio Licence,VNJ
M0VNL,Available,Amateur Full Radio Licence,VNL
M0VNM,Available,Amateur Full Radio Licence,VNM
M0VNN,Available,Amateur Full Radio Licence,VNN
M0VNP,Available,Amateur Full Radio Licence,VNP
M0VNQ,Available,Amateur Full Radio Licence,VNQ
M0VNR,Available,Amateur Full Radio Licence,VNR
M0VNS,Available,Amateur Full Radio Licence,VNS
M0VNT,Available,Amateur Full Radio Licence,VNT
M0VNU,Available,Amateur Full Radio Licence,VNU
M0VNV,Available,Amateur Full Radio Licence,VNV
M0VNW,Available,Amateur Full Radio Licence,VNW
M0VNX,Available,Amateur Full Radio Licence,VNX
M0VNY,Available,Amateur Full Radio Licence,VNY
M0VNZ,Available,Amateur Full Radio Licence,VNZ
M0VOB,Available,Amateur Full Radio Licence,VOB
M0VOE,Available,Amateur Full Radio Licence,VOE
M0VOF,Available,Amateur Full Radio Licence,VOF
M0VOH,Available,Amateur Full Radio Licence,VOH
M0VOI,Available,Amateur Full Radio Licence,VOI
M0VOJ,Available,Amateur Full Radio Licence,VOJ
M0VON,Available,Amateur Full Radio Licence,VON
M0VOO,Available,Amateur Full Radio Licence,VOO
M0VOQ,Available,Amateur Full Radio Licence,VOQ
M0VOR,Available,Amateur Full Radio Licence,VOR
M0VOT,Available,Amateur Full Radio Licence,VOT
M0VOU,Available,Amateur Full Radio Licence,VOU
M0VOV,Available,Amateur Full Radio Licence,VOV
M0VOY,Available,Amateur Full Radio Licence,VOY
M0VOZ,Available,Amateur Full Radio Licence,VOZ
M0VPA,Available,Amateur Full Radio Licence,VPA
M0VPB,Available,Amateur Full Radio Licence,VPB
M0VPD,Available,Amateur Full Radio Licence,VPD
M0VPH,Available,Amateur Full Radio Licence,VPH
M0VPI,Available,Amateur Full Radio Licence,VPI
M0VPJ,Available,Amateur Full Radio Licence,VPJ
M0VPM,Available,Amateur Full Radio Licence,VPM
M0VPO,Available,Amateur Full Radio Licence,VPO
M0VPP,Available,Amateur Full Radio Licence,VPP
M0VPQ,Available,Amateur Full Radio Licence,VPQ
M0VPS,Available,Amateur Full Radio Licence,VPS
M0VPU,Available,Amateur Full Radio Licence,VPU
M0VPV,Available,Amateur Full Radio Licence,VPV
M0VPW,Available,Amateur Full Radio Licence,VPW
M0VPX,Available,Amateur Full Radio Licence,VPX
M0VPY,Available,Amateur Full Radio Licence,VPY
M0VPZ,Available,Amateur Full Radio Licence,VPZ
M0VQA,Available,Amateur Full Radio Licence,VQA
M0VQB,Available,Amateur Full Radio Licence,VQB
M0VQC,Available,Amateur Full Radio Licence,VQC
M0VQD,Available,Amateur Full Radio Licence,VQD
M0VQE,Available,Amateur Full Radio Licence,VQE
M0VQF,Available,Amateur Full Radio Licence,VQF
M0VQG,Available,Amateur Full Radio Licence,VQG
M0VQH,Available,Amateur Full Radio Licence,VQH
M0VQI,Available,Amateur Full Radio Licence,VQI
M0VQK,Available,Amateur Full Radio Licence,VQK
M0VQL,Available,Amateur Full Radio Licence,VQL
M0VQM,Available,Amateur Full Radio Licence,VQM
M0VQN,Available,Amateur Full Radio Licence,VQN
M0VQO,Available,Amateur Full Radio Licence,VQO
M0VQQ,Available,Amateur Full Radio Licence,VQQ
M0VQR,Available,Amateur Full Radio Licence,VQR
M0VQS,Available,Amateur Full Radio Licence,VQS
M0VQT,Available,Amateur Full Radio Licence,VQT
M0VQU,Available,Amateur Full Radio Licence,VQU
M0VQV,Available,Amateur Full Radio Licence,VQV
M0VQW,Available,Amateur Full Radio Licence,VQW
M0VQX,Available,Amateur Full Radio Licence,VQX
M0VQY,Available,Amateur Full Radio Licence,VQY
M0VQZ,Available,Amateur Full Radio Licence,VQZ
M0VRC,Available,Amateur Full Radio Licence,VRC
M0VRD,Available,Amateur Full Radio Licence,VRD
M0VRE,Available,Amateur Full Radio Licence,VRE
M0VRG,Available,Amateur Full Radio Licence,VRG
M0VRI,Available,Amateur Full Radio Licence,VRI
M0VRJ,Available,Amateur Full Radio Licence,VRJ
M0VRM,Available,Amateur Full Radio Licence,VRM
M0VRN,Available,Amateur Full Radio Licence,VRN
M0VRP,Available,Amateur Full Radio Licence,VRP
M0VRU,Available,Amateur Full Radio Licence,VRU
M0VRV,Available,Amateur Full Radio Licence,VRV
M0VRW,Available,Amateur Full Radio Licence,VRW
M0VRX,Available,Amateur Full Radio Licence,VRX
M0VRY,Available,Amateur Full Radio Licence,VRY
M0VRZ,Available,Amateur Full Radio Licence,VRZ
M0VSA,Available,Amateur Full Radio Licence,VSA
M0VSB,Available,Amateur Full Radio Licence,VSB
M0VSC,Available,Amateur Full Radio Licence,VSC
M0VSD,Available,Amateur Full Radio Licence,VSD
M0VSE,Available,Amateur Full Radio Licence,VSE
M0VSF,Available,Amateur Full Radio Licence,VSF
M0VSH,Available,Amateur Full Radio Licence,VSH
M0VSI,Available,Amateur Full Radio Licence,VSI
M0VSJ,Available,Amateur Full Radio Licence,VSJ
M0VSK,Available,Amateur Full Radio Licence,VSK
M0VSL,Available,Amateur Full Radio Licence,VSL
M0VSM,Available,Amateur Full Radio Licence,VSM
M0VSN,Available,Amateur Full Radio Licence,VSN
M0VSO,Available,Amateur Full Radio Licence,VSO
M0VSS,Available,Amateur Full Radio Licence,VSS
M0VSX,Available,Amateur Full Radio Licence,VSX
M0VSY,Available,Amateur Full Radio Licence,VSY
M0VSZ,Available,Amateur Full Radio Licence,VSZ
M0VTA,Available,Amateur Full Radio Licence,VTA
M0VTC,Available,Amateur Full Radio Licence,VTC
M0VTD,Available,Amateur Full Radio Licence,VTD
M0VTE,Available,Amateur Full Radio Licence,VTE
M0VTH,Available,Amateur Full Radio Licence,VTH
M0VTI,Available,Amateur Full Radio Licence,VTI
M0VTL,Available,Amateur Full Radio Licence,VTL
M0VTN,Available,Amateur Full Radio Licence,VTN
M0VTO,Available,Amateur Full Radio Licence,VTO
M0VTP,Available,Amateur Full Radio Licence,VTP
M0VTQ,Available,Amateur Full Radio Licence,VTQ
M0VTT,Available,Amateur Full Radio Licence,VTT
M0VTU,Available,Amateur Full Radio Licence,VTU
M0VTW,Available,Amateur Full Radio Licence,VTW
M0VTY,Available,Amateur Full Radio Licence,VTY
M0VUA,Available,Amateur Full Radio Licence,VUA
M0VUB,Available,Amateur Full Radio Licence,VUB
M0VUC,Available,Amateur Full Radio Licence,VUC
M0VUD,Available,Amateur Full Radio Licence,VUD
M0VUF,Available,Amateur Full Radio Licence,VUF
M0VUG,Available,Amateur Full Radio Licence,VUG
M0VUH,Available,Amateur Full Radio Licence,VUH
M0VUI,Available,Amateur Full Radio Licence,VUI
M0VUJ,Available,Amateur Full Radio Licence,VUJ
M0VUK,Available,Amateur Full Radio Licence,VUK
M0VUL,Available,Amateur Full Radio Licence,VUL
M0VUM,Available,Amateur Full Radio Licence,VUM
M0VUN,Available,Amateur Full Radio Licence,VUN
M0VUO,Available,Amateur Full Radio Licence,VUO
M0VUP,Available,Amateur Full Radio Licence,VUP
M0VUQ,Available,Amateur Full Radio Licence,VUQ
M0VUR,Available,Amateur Full Radio Licence,VUR
M0VUS,Available,Amateur Full Radio Licence,VUS
M0VUT,Available,Amateur Full Radio Licence,VUT
M0VUU,Available,Amateur Full Radio Licence,VUU
M0VUW,Available,Amateur Full Radio Licence,VUW
M0VUX,Available,Amateur Full Radio Licence,VUX
M0VUY,Available,Amateur Full Radio Licence,VUY
M0VUZ,Available,Amateur Full Radio Licence,VUZ
M0VVA,Available,Amateur Full Radio Licence,VVA
M0VVB,Available,Amateur Full Radio Licence,VVB
M0VVD,Available,Amateur Full Radio Licence,VVD
M0VVE,Available,Amateur Full Radio Licence,VVE
M0VVH,Available,Amateur Full Radio Licence,VVH
M0VVI,Available,Amateur Full Radio Licence,VVI
M0VVJ,Available,Amateur Full Radio Licence,VVJ
M0VVK,Available,Amateur Full Radio Licence,VVK
M0VVL,Available,Amateur Full Radio Licence,VVL
M0VVN,Available,Amateur Full Radio Licence,VVN
M0VVP,Available,Amateur Full Radio Licence,VVP
M0VVU,Available,Amateur Full Radio Licence,VVU
M0VVW,Available,Amateur Full Radio Licence,VVW
M0VVX,Available,Amateur Full Radio Licence,VVX
M0VVY,Available,Amateur Full Radio Licence,VVY
M0VWA,Available,Amateur Full Radio Licence,VWA
M0VWB,Available,Amateur Full Radio Licence,VWB
M0VWD,Available,Amateur Full Radio Licence,VWD
M0VWE,Available,Amateur Full Radio Licence,VWE
M0VWF,Available,Amateur Full Radio Licence,VWF
M0VWI,Available,Amateur Full Radio Licence,VWI
M0VWJ,Available,Amateur Full Radio Licence,VWJ
M0VWL,Available,Amateur Full Radio Licence,VWL
M0VWM,Available,Amateur Full Radio Licence,VWM
M0VWN,Available,Amateur Full Radio Licence,VWN
M0VWO,Available,Amateur Full Radio Licence,VWO
M0VWP,Available,Amateur Full Radio Licence,VWP
M0VWQ,Available,Amateur Full Radio Licence,VWQ
M0VWT,Available,Amateur Full Radio Licence,VWT
M0VWU,Available,Amateur Full Radio Licence,VWU
M0VWV,Available,Amateur Full Radio Licence,VWV
M0VWX,Available,Amateur Full Radio Licence,VWX
M0VWY,Available,Amateur Full Radio Licence,VWY
M0VWZ,Available,Amateur Full Radio Licence,VWZ
M0VXB,Available,Amateur Full Radio Licence,VXB
M0VXC,Available,Amateur Full Radio Licence,VXC
M0VXD,Available,Amateur Full Radio Licence,VXD
M0VXE,Available,Amateur Full Radio Licence,VXE
M0VXF,Available,Amateur Full Radio Licence,VXF
M0VXG,Available,Amateur Full Radio Licence,VXG
M0VXH,Available,Amateur Full Radio Licence,VXH
M0VXI,Available,Amateur Full Radio Licence,VXI
M0VXJ,Available,Amateur Full Radio Licence,VXJ
M0VXL,Available,Amateur Full Radio Licence,VXL
M0VXM,Available,Amateur Full Radio Licence,VXM
M0VXN,Available,Amateur Full Radio Licence,VXN
M0VXP,Available,Amateur Full Radio Licence,VXP
M0VXQ,Available,Amateur Full Radio Licence,VXQ
M0VXR,Available,Amateur Full Radio Licence,VXR
M0VXS,Available,Amateur Full Radio Licence,VXS
M0VXT,Available,Amateur Full Radio Licence,VXT
M0VXU,Available,Amateur Full Radio Licence,VXU
M0VXV,Available,Amateur Full Radio Licence,VXV
M0VXW,Available,Amateur Full Radio Licence,VXW
M0VXY,Available,Amateur Full Radio Licence,VXY
M0VXZ,Available,Amateur Full Radio Licence,VXZ
M0VYA,Available,Amateur Full Radio Licence,VYA
M0VYB,Available,Amateur Full Radio Licence,VYB
M0VYD,Available,Amateur Full Radio Licence,VYD
M0VYE,Available,Amateur Full Radio Licence,VYE
M0VYF,Available,Amateur Full Radio Licence,VYF
M0VYG,Available,Amateur Full Radio Licence,VYG
M0VYH,Available,Amateur Full Radio Licence,VYH
M0VYI,Available,Amateur Full Radio Licence,VYI
M0VYJ,Available,Amateur Full Radio Licence,VYJ
M0VYK,Available,Amateur Full Radio Licence,VYK
M0VYL,Available,Amateur Full Radio Licence,VYL
M0VYM,Available,Amateur Full Radio Licence,VYM
M0VYN,Available,Amateur Full Radio Licence,VYN
M0VYO,Available,Amateur Full Radio Licence,VYO
M0VYP,Available,Amateur Full Radio Licence,VYP
M0VYQ,Available,Amateur Full Radio Licence,VYQ
M0VYR,Available,Amateur Full Radio Licence,VYR
M0VYS,Available,Amateur Full Radio Licence,VYS
M0VYT,Available,Amateur Full Radio Licence,VYT
M0VYU,Available,Amateur Full Radio Licence,VYU
M0VYV,Available,Amateur Full Radio Licence,VYV
M0VYX,Available,Amateur Full Radio Licence,VYX
M0VYY,Available,Amateur Full Radio Licence,VYY
M0VYZ,Available,Amateur Full Radio Licence,VYZ
M0VZA,Available,Amateur Full Radio Licence,VZA
M0VZB,Available,Amateur Full Radio Licence,VZB
M0VZC,Available,Amateur Full Radio Licence,VZC
M0VZD,Available,Amateur Full Radio Licence,VZD
M0VZE,Available,Amateur Full Radio Licence,VZE
M0VZF,Available,Amateur Full Radio Licence,VZF
M0VZG,Available,Amateur Full Radio Licence,VZG
M0VZH,Available,Amateur Full Radio Licence,VZH
M0VZI,Available,Amateur Full Radio Licence,VZI
M0VZJ,Available,Amateur Full Radio Licence,VZJ
M0VZK,Available,Amateur Full Radio Licence,VZK
M0VZL,Available,Amateur Full Radio Licence,VZL
M0VZM,Available,Amateur Full Radio Licence,VZM
M0VZN,Available,Amateur Full Radio Licence,VZN
M0VZO,Available,Amateur Full Radio Licence,VZO
M0VZP,Available,Amateur Full Radio Licence,VZP
M0VZQ,Available,Amateur Full Radio Licence,VZQ
M0VZU,Available,Amateur Full Radio Licence,VZU
M0VZV,Available,Amateur Full Radio Licence,VZV
M0VZW,Available,Amateur Full Radio Licence,VZW
M0VZX,Available,Amateur Full Radio Licence,VZX
M0VZY,Available,Amateur Full Radio Licence,VZY
M0VZZ,Available,Amateur Full Radio Licence,VZZ
M0WBE,Available,Amateur Full Radio Licence,WBE
M0WBI,Available,Amateur Full Radio Licence,WBI
M0WBL,Available,Amateur Full Radio Licence,WBL
M0WBM,Available,Amateur Full Radio Licence,WBM
M0WBO,Available,Amateur Full Radio Licence,WBO
M0WBP,Available,Amateur Full Radio Licence,WBP
M0WBQ,Available,Amateur Full Radio Licence,WBQ
M0WBU,Available,Amateur Full Radio Licence,WBU
M0WBV,Available,Amateur Full Radio Licence,WBV
M0WBW,Available,Amateur Full Radio Licence,WBW
M0WBZ,Available,Amateur Full Radio Licence,WBZ
M0WCA,Available,Amateur Full Radio Licence,WCA
M0WCC,Available,Amateur Full Radio Licence,WCC
M0WCD,Available,Amateur Full Radio Licence,WCD
M0WCE,Available,Amateur Full Radio Licence,WCE
M0WCF,Available,Amateur Full Radio Licence,WCF
M0WCH,Available,Amateur Full Radio Licence,WCH
M0WCI,Available,Amateur Full Radio Licence,WCI
M0WCJ,Available,Amateur Full Radio Licence,WCJ
M0WCN,Available,Amateur Full Radio Licence,WCN
M0WCO,Available,Amateur Full Radio Licence,WCO
M0WCP,Available,Amateur Full Radio Licence,WCP
M0WCU,Available,Amateur Full Radio Licence,WCU
M0WCV,Available,Amateur Full Radio Licence,WCV
M0WCW,Available,Amateur Full Radio Licence,WCW
M0WCX,Available,Amateur Full Radio Licence,WCX
M0WCZ,Available,Amateur Full Radio Licence,WCZ
M0WDD,Available,Amateur Full Radio Licence,WDD
M0WDF,Available,Amateur Full Radio Licence,WDF
M0WDH,Available,Amateur Full Radio Licence,WDH
M0WDI,Available,Amateur Full Radio Licence,WDI
M0WDK,Available,Amateur Full Radio Licence,WDK
M0WDM,Available,Amateur Full Radio Licence,WDM
M0WDN,Available,Amateur Full Radio Licence,WDN
M0WDO,Available,Amateur Full Radio Licence,WDO
M0WDQ,Available,Amateur Full Radio Licence,WDQ
M0WDS,Available,Amateur Full Radio Licence,WDS
M0WDT,Available,Amateur Full Radio Licence,WDT
M0WDV,Available,Amateur Full Radio Licence,WDV
M0WDW,Available,Amateur Full Radio Licence,WDW
M0WDY,Available,Amateur Full Radio Licence,WDY
M0WEA,Available,Amateur Full Radio Licence,WEA
M0WEG,Available,Amateur Full Radio Licence,WEG
M0WEH,Available,Amateur Full Radio Licence,WEH
M0WEJ,Available,Amateur Full Radio Licence,WEJ
M0WEO,Available,Amateur Full Radio Licence,WEO
M0WEP,Available,Amateur Full Radio Licence,WEP
M0WEQ,Available,Amateur Full Radio Licence,WEQ
M0WES,Available,Amateur Full Radio Licence,WES
M0WEU,Available,Amateur Full Radio Licence,WEU
M0WEW,Available,Amateur Full Radio Licence,WEW
M0WEX,Available,Amateur Full Radio Licence,WEX
M0WEY,Available,Amateur Full Radio Licence,WEY
M0WEZ,Available,Amateur Full Radio Licence,WEZ
M0WFB,Available,Amateur Full Radio Licence,WFB
M0WFC,Available,Amateur Full Radio Licence,WFC
M0WFD,Available,Amateur Full Radio Licence,WFD
M0WFE,Available,Amateur Full Radio Licence,WFE
M0WFG,Available,Amateur Full Radio Licence,WFG
M0WFH,Available,Amateur Full Radio Licence,WFH
M0WFI,Available,Amateur Full Radio Licence,WFI
M0WFJ,Available,Amateur Full Radio Licence,WFJ
M0WFL,Available,Amateur Full Radio Licence,WFL
M0WFP,Available,Amateur Full Radio Licence,WFP
M0WFQ,Available,Amateur Full Radio Licence,WFQ
M0WFS,Available,Amateur Full Radio Licence,WFS
M0WFT,Available,Amateur Full Radio Licence,WFT
M0WFU,Available,Amateur Full Radio Licence,WFU
M0WFV,Available,Amateur Full Radio Licence,WFV
M0WFW,Available,Amateur Full Radio Licence,WFW
M0WFY,Available,Amateur Full Radio Licence,WFY
M0WFZ,Available,Amateur Full Radio Licence,WFZ
M0WGD,Available,Amateur Full Radio Licence,WGD
M0WGE,Available,Amateur Full Radio Licence,WGE
M0WGF,Available,Amateur Full Radio Licence,WGF
M0WGG,Available,Amateur Full Radio Licence,WGG
M0WGJ,Available,Amateur Full Radio Licence,WGJ
M0WGK,Available,Amateur Full Radio Licence,WGK
M0WGP,Available,Amateur Full Radio Licence,WGP
M0WGQ,Available,Amateur Full Radio Licence,WGQ
M0WGR,Available,Amateur Full Radio Licence,WGR
M0WGU,Available,Amateur Full Radio Licence,WGU
M0WGV,Available,Amateur Full Radio Licence,WGV
M0WGX,Available,Amateur Full Radio Licence,WGX
M0WGY,Available,Amateur Full Radio Licence,WGY
M0WHE,Available,Amateur Full Radio Licence,WHE
M0WHF,Available,Amateur Full Radio Licence,WHF
M0WHJ,Available,Amateur Full Radio Licence,WHJ
M0WHK,Available,Amateur Full Radio Licence,WHK
M0WHL,Available,Amateur Full Radio Licence,WHL
M0WHM,Available,Amateur Full Radio Licence,WHM
M0WHN,Available,Amateur Full Radio Licence,WHN
M0WHS,Available,Amateur Full Radio Licence,WHS
M0WHT,Available,Amateur Full Radio Licence,WHT
M0WHU,Available,Amateur Full Radio Licence,WHU
M0WHV,Available,Amateur Full Radio Licence,WHV
M0WHX,Available,Amateur Full Radio Licence,WHX
M0WHZ,Available,Amateur Full Radio Licence,WHZ
M0WIB,Available,Amateur Full Radio Licence,WIB
M0WIC,Available,Amateur Full Radio Licence,WIC
M0WIE,Available,Amateur Full Radio Licence,WIE
M0WIF,Available,Amateur Full Radio Licence,WIF
M0WIG,Available,Amateur Full Radio Licence,WIG
M0WIH,Available,Amateur Full Radio Licence,WIH
M0WII,Available,Amateur Full Radio Licence,WII
M0WIJ,Available,Amateur Full Radio Licence,WIJ
M0WIM,Available,Amateur Full Radio Licence,WIM
M0WIO,Available,Amateur Full Radio Licence,WIO
M0WIQ,Available,Amateur Full Radio Licence,WIQ
M0WIR,Available,Amateur Full Radio Licence,WIR
M0WIU,Available,Amateur Full Radio Licence,WIU
M0WIV,Available,Amateur Full Radio Licence,WIV
M0WIX,Available,Amateur Full Radio Licence,WIX
M0WIY,Available,Amateur Full Radio Licence,WIY
M0WJA,Available,Amateur Full Radio Licence,WJA
M0WJB,Available,Amateur Full Radio Licence,WJB
M0WJD,Available,Amateur Full Radio Licence,WJD
M0WJE,Available,Amateur Full Radio Licence,WJE
M0WJF,Available,Amateur Full Radio Licence,WJF
M0WJG,Available,Amateur Full Radio Licence,WJG
M0WJI,Available,Amateur Full Radio Licence,WJI
M0WJK,Available,Amateur Full Radio Licence,WJK
M0WJL,Available,Amateur Full Radio Licence,WJL
M0WJN,Available,Amateur Full Radio Licence,WJN
M0WJO,Available,Amateur Full Radio Licence,WJO
M0WJP,Available,Amateur Full Radio Licence,WJP
M0WJQ,Available,Amateur Full Radio Licence,WJQ
M0WJR,Available,Amateur Full Radio Licence,WJR
M0WJS,Available,Amateur Full Radio Licence,WJS
M0WJU,Available,Amateur Full Radio Licence,WJU
M0WJV,Available,Amateur Full Radio Licence,WJV
M0WJX,Available,Amateur Full Radio Licence,WJX
M0WJZ,Available,Amateur Full Radio Licence,WJZ
M0WKA,Available,Amateur Full Radio Licence,WKA
M0WKD,Available,Amateur Full Radio Licence,WKD
M0WKE,Available,Amateur Full Radio Licence,WKE
M0WKF,Available,Amateur Full Radio Licence,WKF
M0WKG,Available,Amateur Full Radio Licence,WKG
M0WKH,Available,Amateur Full Radio Licence,WKH
M0WKI,Available,Amateur Full Radio Licence,WKI
M0WKK,Available,Amateur Full Radio Licence,WKK
M0WKL,Available,Amateur Full Radio Licence,WKL
M0WKM,Available,Amateur Full Radio Licence,WKM
M0WKN,Available,Amateur Full Radio Licence,WKN
M0WKP,Available,Amateur Full Radio Licence,WKP
M0WKQ,Available,Amateur Full Radio Licence,WKQ
M0WKS,Available,Amateur Full Radio Licence,WKS
M0WKU,Available,Amateur Full Radio Licence,WKU
M0WKV,Available,Amateur Full Radio Licence,WKV
M0WKX,Available,Amateur Full Radio Licence,WKX
M0WKY,Available,Amateur Full Radio Licence,WKY
M0WKZ,Available,Amateur Full Radio Licence,WKZ
M0WLB,Available,Amateur Full Radio Licence,WLB
M0WLD,Available,Amateur Full Radio Licence,WLD
M0WLG,Available,Amateur Full Radio Licence,WLG
M0WLI,Available,Amateur Full Radio Licence,WLI
M0WLJ,Available,Amateur Full Radio Licence,WLJ
M0WLN,Available,Amateur Full Radio Licence,WLN
M0WLP,Available,Amateur Full Radio Licence,WLP
M0WLQ,Available,Amateur Full Radio Licence,WLQ
M0WLT,Available,Amateur Full Radio Licence,WLT
M0WLU,Available,Amateur Full Radio Licence,WLU
M0WLV,Available,Amateur Full Radio Licence,WLV
M0WLW,Available,Amateur Full Radio Licence,WLW
M0WLX,Available,Amateur Full Radio Licence,WLX
M0WMA,Available,Amateur Full Radio Licence,WMA
M0WME,Available,Amateur Full Radio Licence,WME
M0WMF,Available,Amateur Full Radio Licence,WMF
M0WMG,Available,Amateur Full Radio Licence,WMG
M0WMH,Available,Amateur Full Radio Licence,WMH
M0WMI,Available,Amateur Full Radio Licence,WMI
M0WMJ,Available,Amateur Full Radio Licence,WMJ
M0WMK,Available,Amateur Full Radio Licence,WMK
M0WMM,Available,Amateur Full Radio Licence,WMM
M0WMN,Available,Amateur Full Radio Licence,WMN
M0WMP,Available,Amateur Full Radio Licence,WMP
M0WMQ,Available,Amateur Full Radio Licence,WMQ
M0WMS,Available,Amateur Full Radio Licence,WMS
M0WMU,Available,Amateur Full Radio Licence,WMU
M0WMV,Available,Amateur Full Radio Licence,WMV
M0WMW,Available,Amateur Full Radio Licence,WMW
M0WMY,Available,Amateur Full Radio Licence,WMY
M0WMZ,Available,Amateur Full Radio Licence,WMZ
M0WNA,Available,Amateur Full Radio Licence,WNA
M0WNB,Available,Amateur Full Radio Licence,WNB
M0WNC,Available,Amateur Full Radio Licence,WNC
M0WNJ,Available,Amateur Full Radio Licence,WNJ
M0WNM,Available,Amateur Full Radio Licence,WNM
M0WNN,Available,Amateur Full Radio Licence,WNN
M0WNO,Available,Amateur Full Radio Licence,WNO
M0WNQ,Available,Amateur Full Radio Licence,WNQ
M0WNR,Available,Amateur Full Radio Licence,WNR
M0WNS,Available,Amateur Full Radio Licence,WNS
M0WNU,Available,Amateur Full Radio Licence,WNU
M0WNX,Available,Amateur Full Radio Licence,WNX
M0WNY,Available,Amateur Full Radio Licence,WNY
M0WNZ,Available,Amateur Full Radio Licence,WNZ
M0WOA,Available,Amateur Full Radio Licence,WOA
M0WOC,Available,Amateur Full Radio Licence,WOC
M0WOE,Available,Amateur Full Radio Licence,WOE
M0WOF,Available,Amateur Full Radio Licence,WOF
M0WOH,Available,Amateur Full Radio Licence,WOH
M0WOI,Available,Amateur Full Radio Licence,WOI
M0WOL,Available,Amateur Full Radio Licence,WOL
M0WOM,Available,Amateur Full Radio Licence,WOM
M0WON,Available,Amateur Full Radio Licence,WON
M0WOO,Available,Amateur Full Radio Licence,WOO
M0WOQ,Available,Amateur Full Radio Licence,WOQ
M0WOT,Available,Amateur Full Radio Licence,WOT
M0WOU,Available,Amateur Full Radio Licence,WOU
M0WOV,Available,Amateur Full Radio Licence,WOV
M0WOX,Available,Amateur Full Radio Licence,WOX
M0WOY,Available,Amateur Full Radio Licence,WOY
M0WPB,Available,Amateur Full Radio Licence,WPB
M0WPD,Available,Amateur Full Radio Licence,WPD
M0WPE,Available,Amateur Full Radio Licence,WPE
M0WPF,Available,Amateur Full Radio Licence,WPF
M0WPG,Available,Amateur Full Radio Licence,WPG
M0WPI,Available,Amateur Full Radio Licence,WPI
M0WPJ,Available,Amateur Full Radio Licence,WPJ
M0WPK,Available,Amateur Full Radio Licence,WPK
M0WPL,Available,Amateur Full Radio Licence,WPL
M0WPO,Available,Amateur Full Radio Licence,WPO
M0WPP,Available,Amateur Full Radio Licence,WPP
M0WPQ,Available,Amateur Full Radio Licence,WPQ
M0WPS,Available,Amateur Full Radio Licence,WPS
M0WPU,Available,Amateur Full Radio Licence,WPU
M0WPV,Available,Amateur Full Radio Licence,WPV
M0WPW,Available,Amateur Full Radio Licence,WPW
M0WPY,Available,Amateur Full Radio Licence,WPY
M0WPZ,Available,Amateur Full Radio Licence,WPZ
M0WQA,Available,Amateur Full Radio Licence,WQA
M0WQB,Available,Amateur Full Radio Licence,WQB
M0WQC,Available,Amateur Full Radio Licence,WQC
M0WQD,Available,Amateur Full Radio Licence,WQD
M0WQE,Available,Amateur Full Radio Licence,WQE
M0WQF,Available,Amateur Full Radio Licence,WQF
M0WQG,Available,Amateur Full Radio Licence,WQG
M0WQH,Available,Amateur Full Radio Licence,WQH
M0WQI,Available,Amateur Full Radio Licence,WQI
M0WQJ,Available,Amateur Full Radio Licence,WQJ
M0WQL,Available,Amateur Full Radio Licence,WQL
M0WQM,Available,Amateur Full Radio Licence,WQM
M0WQN,Available,Amateur Full Radio Licence,WQN
M0WQO,Available,Amateur Full Radio Licence,WQO
M0WQP,Available,Amateur Full Radio Licence,WQP
M0WQQ,Available,Amateur Full Radio Licence,WQQ
M0WQS,Available,Amateur Full Radio Licence,WQS
M0WQT,Available,Amateur Full Radio Licence,WQT
M0WQU,Available,Amateur Full Radio Licence,WQU
M0WQV,Available,Amateur Full Radio Licence,WQV
M0WQW,Available,Amateur Full Radio Licence,WQW
M0WQY,Available,Amateur Full Radio Licence,WQY
M0WQZ,Available,Amateur Full Radio Licence,WQZ
M0WRB,Available,Amateur Full Radio Licence,WRB
M0WRD,Available,Amateur Full Radio Licence,WRD
M0WRE,Available,Amateur Full Radio Licence,WRE
M0WRF,Available,Amateur Full Radio Licence,WRF
M0WRH,Available,Amateur Full Radio Licence,WRH
M0WRJ,Available,Amateur Full Radio Licence,WRJ
M0WRK,Available,Amateur Full Radio Licence,WRK
M0WRN,Available,Amateur Full Radio Licence,WRN
M0WRR,Available,Amateur Full Radio Licence,WRR
M0WRV,Available,Amateur Full Radio Licence,WRV
M0WRW,Available,Amateur Full Radio Licence,WRW
M0WRY,Available,Amateur Full Radio Licence,WRY
M0WRZ,Available,Amateur Full Radio Licence,WRZ
M0WSF,Available,Amateur Full Radio Licence,WSF
M0WSG,Available,Amateur Full Radio Licence,WSG
M0WSH,Available,Amateur Full Radio Licence,WSH
M0WSI,Available,Amateur Full Radio Licence,WSI
M0WSJ,Available,Amateur Full Radio Licence,WSJ
M0WSL,Available,Amateur Full Radio Licence,WSL
M0WSO,Available,Amateur Full Radio Licence,WSO
M0WSP,Available,Amateur Full Radio Licence,WSP
M0WSQ,Available,Amateur Full Radio Licence,WSQ
M0WSS,Available,Amateur Full Radio Licence,WSS
M0WSU,Available,Amateur Full Radio Licence,WSU
M0WSV,Available,Amateur Full Radio Licence,WSV
M0WSX,Available,Amateur Full Radio Licence,WSX
M0WSY,Available,Amateur Full Radio Licence,WSY
M0WSZ,Available,Amateur Full Radio Licence,WSZ
M0WTA,Available,Amateur Full Radio Licence,WTA
M0WTE,Available,Amateur Full Radio Licence,WTE
M0WTI,Available,Amateur Full Radio Licence,WTI
M0WTJ,Available,Amateur Full Radio Licence,WTJ
M0WTK,Available,Amateur Full Radio Licence,WTK
M0WTL,Available,Amateur Full Radio Licence,WTL
M0WTM,Available,Amateur Full Radio Licence,WTM
M0WTN,Available,Amateur Full Radio Licence,WTN
M0WTO,Available,Amateur Full Radio Licence,WTO
M0WTP,Available,Amateur Full Radio Licence,WTP
M0WTQ,Available,Amateur Full Radio Licence,WTQ
M0WTR,Available,Amateur Full Radio Licence,WTR
M0WTU,Available,Amateur Full Radio Licence,WTU
M0WTZ,Available,Amateur Full Radio Licence,WTZ
M0WUA,Available,Amateur Full Radio Licence,WUA
M0WUB,Available,Amateur Full Radio Licence,WUB
M0WUC,Available,Amateur Full Radio Licence,WUC
M0WUD,Available,Amateur Full Radio Licence,WUD
M0WUF,Available,Amateur Full Radio Licence,WUF
M0WUG,Available,Amateur Full Radio Licence,WUG
M0WUH,Available,Amateur Full Radio Licence,WUH
M0WUI,Available,Amateur Full Radio Licence,WUI
M0WUJ,Available,Amateur Full Radio Licence,WUJ
M0WUK,Available,Amateur Full Radio Licence,WUK
M0WUM,Available,Amateur Full Radio Licence,WUM
M0WUN,Available,Amateur Full Radio Licence,WUN
M0WUO,Available,Amateur Full Radio Licence,WUO
M0WUP,Available,Amateur Full Radio Licence,WUP
M0WUQ,Available,Amateur Full Radio Licence,WUQ
M0WUR,Available,Amateur Full Radio Licence,WUR
M0WUU,Available,Amateur Full Radio Licence,WUU
M0WUV,Available,Amateur Full Radio Licence,WUV
M0WUW,Available,Amateur Full Radio Licence,WUW
M0WUX,Available,Amateur Full Radio Licence,WUX
M0WUY,Available,Amateur Full Radio Licence,WUY
M0WUZ,Available,Amateur Full Radio Licence,WUZ
M0WVA,Available,Amateur Full Radio Licence,WVA
M0WVB,Available,Amateur Full Radio Licence,WVB
M0WVC,Available,Amateur Full Radio Licence,WVC
M0WVD,Available,Amateur Full Radio Licence,WVD
M0WVE,Available,Amateur Full Radio Licence,WVE
M0WVF,Available,Amateur Full Radio Licence,WVF
M0WVG,Available,Amateur Full Radio Licence,WVG
M0WVH,Available,Amateur Full Radio Licence,WVH
M0WVI,Available,Amateur Full Radio Licence,WVI
M0WVJ,Available,Amateur Full Radio Licence,WVJ
M0WVK,Available,Amateur Full Radio Licence,WVK
M0WVL,Available,Amateur Full Radio Licence,WVL
M0WVM,Available,Amateur Full Radio Licence,WVM
M0WVN,Available,Amateur Full Radio Licence,WVN
M0WVO,Available,Amateur Full Radio Licence,WVO
M0WVP,Available,Amateur Full Radio Licence,WVP
M0WVQ,Available,Amateur Full Radio Licence,WVQ
M0WVS,Available,Amateur Full Radio Licence,WVS
M0WVT,Available,Amateur Full Radio Licence,WVT
M0WVU,Available,Amateur Full Radio Licence,WVU
M0WVV,Available,Amateur Full Radio Licence,WVV
M0WVW,Available,Amateur Full Radio Licence,WVW
M0WVX,Available,Amateur Full Radio Licence,WVX
M0WVY,Available,Amateur Full Radio Licence,WVY
M0WVZ,Available,Amateur Full Radio Licence,WVZ
M0WWB,Available,Amateur Full Radio Licence,WWB
M0WWC,Available,Amateur Full Radio Licence,WWC
M0WWE,Available,Amateur Full Radio Licence,WWE
M0WWF,Available,Amateur Full Radio Licence,WWF
M0WWI,Available,Amateur Full Radio Licence,WWI
M0WWJ,Available,Amateur Full Radio Licence,WWJ
M0WWK,Available,Amateur Full Radio Licence,WWK
M0WWL,Available,Amateur Full Radio Licence,WWL
M0WWO,Available,Amateur Full Radio Licence,WWO
M0WWP,Available,Amateur Full Radio Licence,WWP
M0WWQ,Available,Amateur Full Radio Licence,WWQ
M0WWT,Available,Amateur Full Radio Licence,WWT
M0WWU,Available,Amateur Full Radio Licence,WWU
M0WWX,Available,Amateur Full Radio Licence,WWX
M0WWY,Available,Amateur Full Radio Licence,WWY
M0WXA,Available,Amateur Full Radio Licence,WXA
M0WXC,Available,Amateur Full Radio Licence,WXC
M0WXE,Available,Amateur Full Radio Licence,WXE
M0WXH,Available,Amateur Full Radio Licence,WXH
M0WXI,Available,Amateur Full Radio Licence,WXI
M0WXJ,Available,Amateur Full Radio Licence,WXJ
M0WXK,Available,Amateur Full Radio Licence,WXK
M0WXN,Available,Amateur Full Radio Licence,WXN
M0WXP,Available,Amateur Full Radio Licence,WXP
M0WXQ,Available,Amateur Full Radio Licence,WXQ
M0WXR,Available,Amateur Full Radio Licence,WXR
M0WXS,Available,Amateur Full Radio Licence,WXS
M0WXV,Available,Amateur Full Radio Licence,WXV
M0WXW,Available,Amateur Full Radio Licence,WXW
M0WXX,Available,Amateur Full Radio Licence,WXX
M0WXY,Available,Amateur Full Radio Licence,WXY
M0WXZ,Available,Amateur Full Radio Licence,WXZ
M0WYD,Available,Amateur Full Radio Licence,WYD
M0WYF,Available,Amateur Full Radio Licence,WYF
M0WYG,Available,Amateur Full Radio Licence,WYG
M0WYI,Available,Amateur Full Radio Licence,WYI
M0WYJ,Available,Amateur Full Radio Licence,WYJ
M0WYK,Available,Amateur Full Radio Licence,WYK
M0WYL,Available,Amateur Full Radio Licence,WYL
M0WYO,Available,Amateur Full Radio Licence,WYO
M0WYP,Available,Amateur Full Radio Licence,WYP
M0WYQ,Available,Amateur Full Radio Licence,WYQ
M0WYS,Available,Amateur Full Radio Licence,WYS
M0WYU,Available,Amateur Full Radio Licence,WYU
M0WYV,Available,Amateur Full Radio Licence,WYV
M0WYW,Available,Amateur Full Radio Licence,WYW
M0WYX,Available,Amateur Full Radio Licence,WYX
M0WYY,Available,Amateur Full Radio Licence,WYY
M0WZA,Available,Amateur Full Radio Licence,WZA
M0WZD,Available,Amateur Full Radio Licence,WZD
M0WZE,Available,Amateur Full Radio Licence,WZE
M0WZG,Available,Amateur Full Radio Licence,WZG
M0WZH,Available,Amateur Full Radio Licence,WZH
M0WZI,Available,Amateur Full Radio Licence,WZI
M0WZJ,Available,Amateur Full Radio Licence,WZJ
M0WZK,Available,Amateur Full Radio Licence,WZK
M0WZL,Available,Amateur Full Radio Licence,WZL
M0WZN,Available,Amateur Full Radio Licence,WZN
M0WZO,Available,Amateur Full Radio Licence,WZO
M0WZP,Available,Amateur Full Radio Licence,WZP
M0WZQ,Available,Amateur Full Radio Licence,WZQ
M0WZR,Available,Amateur Full Radio Licence,WZR
M0WZS,Available,Amateur Full Radio Licence,WZS
M0WZU,Available,Amateur Full Radio Licence,WZU
M0WZV,Available,Amateur Full Radio Licence,WZV
M0WZW,Available,Amateur Full Radio Licence,WZW
M0WZY,Available,Amateur Full Radio Licence,WZY
M0XAD,Available,Amateur Full Radio Licence,XAD
M0XAE,Available,Amateur Full Radio Licence,XAE
M0XAG,Available,Amateur Full Radio Licence,XAG
M0XAH,Available,Amateur Full Radio Licence,XAH
M0XAI,Available,Amateur Full Radio Licence,XAI
M0XAL,Available,Amateur Full Radio Licence,XAL
M0XAO,Available,Amateur Full Radio Licence,XAO
M0XAQ,Available,Amateur Full Radio Licence,XAQ
M0XAR,Available,Amateur Full Radio Licence,XAR
M0XAS,Available,Amateur Full Radio Licence,XAS
M0XAV,Available,Amateur Full Radio Licence,XAV
M0XAY,Available,Amateur Full Radio Licence,XAY
M0XBA,Available,Amateur Full Radio Licence,XBA
M0XBB,Available,Amateur Full Radio Licence,XBB
M0XBC,Available,Amateur Full Radio Licence,XBC
M0XBG,Available,Amateur Full Radio Licence,XBG
M0XBH,Available,Amateur Full Radio Licence,XBH
M0XBJ,Available,Amateur Full Radio Licence,XBJ
M0XBL,Available,Amateur Full Radio Licence,XBL
M0XBN,Available,Amateur Full Radio Licence,XBN
M0XBQ,Available,Amateur Full Radio Licence,XBQ
M0XBU,Available,Amateur Full Radio Licence,XBU
M0XBV,Available,Amateur Full Radio Licence,XBV
M0XBW,Available,Amateur Full Radio Licence,XBW
M0XBX,Available,Amateur Full Radio Licence,XBX
M0XBZ,Available,Amateur Full Radio Licence,XBZ
M0XCA,Available,Amateur Full Radio Licence,XCA
M0XCC,Available,Amateur Full Radio Licence,XCC
M0XCD,Available,Amateur Full Radio Licence,XCD
M0XCE,Available,Amateur Full Radio Licence,XCE
M0XCF,Available,Amateur Full Radio Licence,XCF
M0XCG,Available,Amateur Full Radio Licence,XCG
M0XCI,Available,Amateur Full Radio Licence,XCI
M0XCK,Available,Amateur Full Radio Licence,XCK
M0XCL,Available,Amateur Full Radio Licence,XCL
M0XCM,Available,Amateur Full Radio Licence,XCM
M0XCN,Available,Amateur Full Radio Licence,XCN
M0XCQ,Available,Amateur Full Radio Licence,XCQ
M0XCS,Available,Amateur Full Radio Licence,XCS
M0XCU,Available,Amateur Full Radio Licence,XCU
M0XCV,Available,Amateur Full Radio Licence,XCV
M0XCW,Available,Amateur Full Radio Licence,XCW
M0XCZ,Available,Amateur Full Radio Licence,XCZ
M0XDA,Available,Amateur Full Radio Licence,XDA
M0XDE,Available,Amateur Full Radio Licence,XDE
M0XDH,Available,Amateur Full Radio Licence,XDH
M0XDI,Available,Amateur Full Radio Licence,XDI
M0XDM,Available,Amateur Full Radio Licence,XDM
M0XDO,Available,Amateur Full Radio Licence,XDO
M0XDP,Available,Amateur Full Radio Licence,XDP
M0XDQ,Available,Amateur Full Radio Licence,XDQ
M0XDU,Available,Amateur Full Radio Licence,XDU
M0XDV,Available,Amateur Full Radio Licence,XDV
M0XDZ,Available,Amateur Full Radio Licence,XDZ
M0XEB,Available,Amateur Full Radio Licence,XEB
M0XEC,Available,Amateur Full Radio Licence,XEC
M0XEF,Available,Amateur Full Radio Licence,XEF
M0XEG,Available,Amateur Full Radio Licence,XEG
M0XEH,Available,Amateur Full Radio Licence,XEH
M0XEI,Available,Amateur Full Radio Licence,XEI
M0XEJ,Available,Amateur Full Radio Licence,XEJ
M0XEL,Available,Amateur Full Radio Licence,XEL
M0XEM,Available,Amateur Full Radio Licence,XEM
M0XEO,Available,Amateur Full Radio Licence,XEO
M0XEP,Available,Amateur Full Radio Licence,XEP
M0XEQ,Available,Amateur Full Radio Licence,XEQ
M0XES,Available,Amateur Full Radio Licence,XES
M0XET,Available,Amateur Full Radio Licence,XET
M0XEU,Available,Amateur Full Radio Licence,XEU
M0XEV,Available,Amateur Full Radio Licence,XEV
M0XEW,Available,Amateur Full Radio Licence,XEW
M0XEX,Available,Amateur Full Radio Licence,XEX
M0XEZ,Available,Amateur Full Radio Licence,XEZ
M0XFA,Available,Amateur Full Radio Licence,XFA
M0XFB,Available,Amateur Full Radio Licence,XFB
M0XFC,Available,Amateur Full Radio Licence,XFC
M0XFD,Available,Amateur Full Radio Licence,XFD
M0XFE,Available,Amateur Full Radio Licence,XFE
M0XFF,Available,Amateur Full Radio Licence,XFF
M0XFG,Available,Amateur Full Radio Licence,XFG
M0XFH,Available,Amateur Full Radio Licence,XFH
M0XFI,Available,Amateur Full Radio Licence,XFI
M0XFJ,Available,Amateur Full Radio Licence,XFJ
M0XFK,Available,Amateur Full Radio Licence,XFK
M0XFL,Available,Amateur Full Radio Licence,XFL
M0XFN,Available,Amateur Full Radio Licence,XFN
M0XFO,Available,Amateur Full Radio Licence,XFO
M0XFP,Available,Amateur Full Radio Licence,XFP
M0XFQ,Available,Amateur Full Radio Licence,XFQ
M0XFS,Available,Amateur Full Radio Licence,XFS
M0XFU,Available,Amateur Full Radio Licence,XFU
M0XFV,Available,Amateur Full Radio Licence,XFV
M0XFW,Available,Amateur Full Radio Licence,XFW
M0XFY,Available,Amateur Full Radio Licence,XFY
M0XFZ,Available,Amateur Full Radio Licence,XFZ
M0XGA,Available,Amateur Full Radio Licence,XGA
M0XGC,Available,Amateur Full Radio Licence,XGC
M0XGE,Available,Amateur Full Radio Licence,XGE
M0XGF,Available,Amateur Full Radio Licence,XGF
M0XGH,Available,Amateur Full Radio Licence,XGH
M0XGI,Available,Amateur Full Radio Licence,XGI
M0XGJ,Available,Amateur Full Radio Licence,XGJ
M0XGK,Available,Amateur Full Radio Licence,XGK
M0XGL,Available,Amateur Full Radio Licence,XGL
M0XGM,Available,Amateur Full Radio Licence,XGM
M0XGN,Available,Amateur Full Radio Licence,XGN
M0XGO,Available,Amateur Full Radio Licence,XGO
M0XGQ,Available,Amateur Full Radio Licence,XGQ
M0XGS,Available,Amateur Full Radio Licence,XGS
M0XGU,Available,Amateur Full Radio Licence,XGU
M0XGV,Available,Amateur Full Radio Licence,XGV
M0XGX,Available,Amateur Full Radio Licence,XGX
M0XGY,Available,Amateur Full Radio Licence,XGY
M0XGZ,Available,Amateur Full Radio Licence,XGZ
M0XHA,Available,Amateur Full Radio Licence,XHA
M0XHB,Available,Amateur Full Radio Licence,XHB
M0XHC,Available,Amateur Full Radio Licence,XHC
M0XHD,Available,Amateur Full Radio Licence,XHD
M0XHE,Available,Amateur Full Radio Licence,XHE
M0XHF,Available,Amateur Full Radio Licence,XHF
M0XHG,Available,Amateur Full Radio Licence,XHG
M0XHH,Available,Amateur Full Radio Licence,XHH
M0XHI,Available,Amateur Full Radio Licence,XHI
M0XHJ,Available,Amateur Full Radio Licence,XHJ
M0XHK,Available,Amateur Full Radio Licence,XHK
M0XHL,Available,Amateur Full Radio Licence,XHL
M0XHM,Available,Amateur Full Radio Licence,XHM
M0XHN,Available,Amateur Full Radio Licence,XHN
M0XHP,Available,Amateur Full Radio Licence,XHP
M0XHQ,Available,Amateur Full Radio Licence,XHQ
M0XHR,Available,Amateur Full Radio Licence,XHR
M0XHS,Available,Amateur Full Radio Licence,XHS
M0XHT,Available,Amateur Full Radio Licence,XHT
M0XHU,Available,Amateur Full Radio Licence,XHU
M0XHV,Available,Amateur Full Radio Licence,XHV
M0XHW,Available,Amateur Full Radio Licence,XHW
M0XHX,Available,Amateur Full Radio Licence,XHX
M0XHY,Available,Amateur Full Radio Licence,XHY
M0XHZ,Available,Amateur Full Radio Licence,XHZ
M0XIA,Available,Amateur Full Radio Licence,XIA
M0XIB,Available,Amateur Full Radio Licence,XIB
M0XIC,Available,Amateur Full Radio Licence,XIC
M0XIF,Available,Amateur Full Radio Licence,XIF
M0XIH,Available,Amateur Full Radio Licence,XIH
M0XIJ,Available,Amateur Full Radio Licence,XIJ
M0XIL,Available,Amateur Full Radio Licence,XIL
M0XIN,Available,Amateur Full Radio Licence,XIN
M0XIO,Available,Amateur Full Radio Licence,XIO
M0XIQ,Available,Amateur Full Radio Licence,XIQ
M0XIR,Available,Amateur Full Radio Licence,XIR
M0XIS,Available,Amateur Full Radio Licence,XIS
M0XIU,Available,Amateur Full Radio Licence,XIU
M0XIV,Available,Amateur Full Radio Licence,XIV
M0XIW,Available,Amateur Full Radio Licence,XIW
M0XIY,Available,Amateur Full Radio Licence,XIY
M0XIZ,Available,Amateur Full Radio Licence,XIZ
M0XJA,Available,Amateur Full Radio Licence,XJA
M0XJD,Available,Amateur Full Radio Licence,XJD
M0XJE,Available,Amateur Full Radio Licence,XJE
M0XJF,Available,Amateur Full Radio Licence,XJF
M0XJG,Available,Amateur Full Radio Licence,XJG
M0XJH,Available,Amateur Full Radio Licence,XJH
M0XJI,Available,Amateur Full Radio Licence,XJI
M0XJJ,Available,Amateur Full Radio Licence,XJJ
M0XJK,Available,Amateur Full Radio Licence,XJK
M0XJL,Available,Amateur Full Radio Licence,XJL
M0XJM,Available,Amateur Full Radio Licence,XJM
M0XJN,Available,Amateur Full Radio Licence,XJN
M0XJO,Available,Amateur Full Radio Licence,XJO
M0XJQ,Available,Amateur Full Radio Licence,XJQ
M0XJR,Available,Amateur Full Radio Licence,XJR
M0XJS,Available,Amateur Full Radio Licence,XJS
M0XJT,Available,Amateur Full Radio Licence,XJT
M0XJU,Available,Amateur Full Radio Licence,XJU
M0XJV,Available,Amateur Full Radio Licence,XJV
M0XJW,Available,Amateur Full Radio Licence,XJW
M0XJX,Available,Amateur Full Radio Licence,XJX
M0XJY,Available,Amateur Full Radio Licence,XJY
M0XJZ,Available,Amateur Full Radio Licence,XJZ
M0XKA,Available,Amateur Full Radio Licence,XKA
M0XKB,Available,Amateur Full Radio Licence,XKB
M0XKC,Available,Amateur Full Radio Licence,XKC
M0XKE,Available,Amateur Full Radio Licence,XKE
M0XKG,Available,Amateur Full Radio Licence,XKG
M0XKH,Available,Amateur Full Radio Licence,XKH
M0XKI,Available,Amateur Full Radio Licence,XKI
M0XKJ,Available,Amateur Full Radio Licence,XKJ
M0XKK,Available,Amateur Full Radio Licence,XKK
M0XKM,Available,Amateur Full Radio Licence,XKM
M0XKN,Available,Amateur Full Radio Licence,XKN
M0XKP,Available,Amateur Full Radio Licence,XKP
M0XKQ,Available,Amateur Full Radio Licence,XKQ
M0XKS,Available,Amateur Full Radio Licence,XKS
M0XKT,Available,Amateur Full Radio Licence,XKT
M0XKU,Available,Amateur Full Radio Licence,XKU
M0XKV,Available,Amateur Full Radio Licence,XKV
M0XKY,Available,Amateur Full Radio Licence,XKY
M0XKZ,Available,Amateur Full Radio Licence,XKZ
M0XLA,Available,Amateur Full Radio Licence,XLA
M0XLC,Available,Amateur Full Radio Licence,XLC
M0XLF,Available,Amateur Full Radio Licence,XLF
M0XLH,Available,Amateur Full Radio Licence,XLH
M0XLI,Available,Amateur Full Radio Licence,XLI
M0XLJ,Available,Amateur Full Radio Licence,XLJ
M0XLM,Available,Amateur Full Radio Licence,XLM
M0XLN,Available,Amateur Full Radio Licence,XLN
M0XLO,Available,Amateur Full Radio Licence,XLO
M0XLP,Available,Amateur Full Radio Licence,XLP
M0XLQ,Available,Amateur Full Radio Licence,XLQ
M0XLR,Available,Amateur Full Radio Licence,XLR
M0XLS,Available,Amateur Full Radio Licence,XLS
M0XLU,Available,Amateur Full Radio Licence,XLU
M0XLV,Available,Amateur Full Radio Licence,XLV
M0XLW,Available,Amateur Full Radio Licence,XLW
M0XLZ,Available,Amateur Full Radio Licence,XLZ
M0XMA,Available,Amateur Full Radio Licence,XMA
M0XMB,Available,Amateur Full Radio Licence,XMB
M0XME,Available,Amateur Full Radio Licence,XME
M0XMF,Available,Amateur Full Radio Licence,XMF
M0XMJ,Available,Amateur Full Radio Licence,XMJ
M0XMO,Available,Amateur Full Radio Licence,XMO
M0XMP,Available,Amateur Full Radio Licence,XMP
M0XMQ,Available,Amateur Full Radio Licence,XMQ
M0XMS,Available,Amateur Full Radio Licence,XMS
M0XMT,Available,Amateur Full Radio Licence,XMT
M0XMU,Available,Amateur Full Radio Licence,XMU
M0XMV,Available,Amateur Full Radio Licence,XMV
M0XMW,Available,Amateur Full Radio Licence,XMW
M0XMX,Available,Amateur Full Radio Licence,XMX
M0XMY,Available,Amateur Full Radio Licence,XMY
M0XMZ,Available,Amateur Full Radio Licence,XMZ
M0XNB,Available,Amateur Full Radio Licence,XNB
M0XNC,Available,Amateur Full Radio Licence,XNC
M0XND,Available,Amateur Full Radio Licence,XND
M0XNE,Available,Amateur Full Radio Licence,XNE
M0XNF,Available,Amateur Full Radio Licence,XNF
M0XNG,Available,Amateur Full Radio Licence,XNG
M0XNH,Available,Amateur Full Radio Licence,XNH
M0XNI,Available,Amateur Full Radio Licence,XNI
M0XNJ,Available,Amateur Full Radio Licence,XNJ
M0XNK,Available,Amateur Full Radio Licence,XNK
M0XNL,Available,Amateur Full Radio Licence,XNL
M0XNM,Available,Amateur Full Radio Licence,XNM
M0XNN,Available,Amateur Full Radio Licence,XNN
M0XNO,Available,Amateur Full Radio Licence,XNO
M0XNP,Available,Amateur Full Radio Licence,XNP
M0XNQ,Available,Amateur Full Radio Licence,XNQ
M0XNR,Available,Amateur Full Radio Licence,XNR
M0XNS,Available,Amateur Full Radio Licence,XNS
M0XNT,Available,Amateur Full Radio Licence,XNT
M0XNU,Available,Amateur Full Radio Licence,XNU
M0XNV,Available,Amateur Full Radio Licence,XNV
M0XNW,Available,Amateur Full Radio Licence,XNW
M0XNX,Available,Amateur Full Radio Licence,XNX
M0XNY,Available,Amateur Full Radio Licence,XNY
M0XNZ,Available,Amateur Full Radio Licence,XNZ
M0XOA,Available,Amateur Full Radio Licence,XOA
M0XOB,Available,Amateur Full Radio Licence,XOB
M0XOD,Available,Amateur Full Radio Licence,XOD
M0XOE,Available,Amateur Full Radio Licence,XOE
M0XOF,Available,Amateur Full Radio Licence,XOF
M0XOG,Available,Amateur Full Radio Licence,XOG
M0XOH,Available,Amateur Full Radio Licence,XOH
M0XOI,Available,Amateur Full Radio Licence,XOI
M0XOJ,Available,Amateur Full Radio Licence,XOJ
M0XOK,Available,Amateur Full Radio Licence,XOK
M0XOL,Available,Amateur Full Radio Licence,XOL
M0XOO,Available,Amateur Full Radio Licence,XOO
M0XOP,Available,Amateur Full Radio Licence,XOP
M0XOQ,Available,Amateur Full Radio Licence,XOQ
M0XOT,Available,Amateur Full Radio Licence,XOT
M0XOV,Available,Amateur Full Radio Licence,XOV
M0XOW,Available,Amateur Full Radio Licence,XOW
M0XOX,Available,Amateur Full Radio Licence,XOX
M0XOY,Available,Amateur Full Radio Licence,XOY
M0XOZ,Available,Amateur Full Radio Licence,XOZ
M0XPC,Available,Amateur Full Radio Licence,XPC
M0XPE,Available,Amateur Full Radio Licence,XPE
M0XPF,Available,Amateur Full Radio Licence,XPF
M0XPH,Available,Amateur Full Radio Licence,XPH
M0XPI,Available,Amateur Full Radio Licence,XPI
M0XPK,Available,Amateur Full Radio Licence,XPK
M0XPM,Available,Amateur Full Radio Licence,XPM
M0XPN,Available,Amateur Full Radio Licence,XPN
M0XPO,Available,Amateur Full Radio Licence,XPO
M0XPP,Available,Amateur Full Radio Licence,XPP
M0XPQ,Available,Amateur Full Radio Licence,XPQ
M0XPR,Available,Amateur Full Radio Licence,XPR
M0XPV,Available,Amateur Full Radio Licence,XPV
M0XPW,Available,Amateur Full Radio Licence,XPW
M0XPX,Available,Amateur Full Radio Licence,XPX
M0XPY,Available,Amateur Full Radio Licence,XPY
M0XQA,Available,Amateur Full Radio Licence,XQA
M0XQB,Available,Amateur Full Radio Licence,XQB
M0XQC,Available,Amateur Full Radio Licence,XQC
M0XQD,Available,Amateur Full Radio Licence,XQD
M0XQE,Available,Amateur Full Radio Licence,XQE
M0XQF,Available,Amateur Full Radio Licence,XQF
M0XQG,Available,Amateur Full Radio Licence,XQG
M0XQH,Available,Amateur Full Radio Licence,XQH
M0XQI,Available,Amateur Full Radio Licence,XQI
M0XQJ,Available,Amateur Full Radio Licence,XQJ
M0XQK,Available,Amateur Full Radio Licence,XQK
M0XQL,Available,Amateur Full Radio Licence,XQL
M0XQM,Available,Amateur Full Radio Licence,XQM
M0XQN,Available,Amateur Full Radio Licence,XQN
M0XQO,Available,Amateur Full Radio Licence,XQO
M0XQP,Available,Amateur Full Radio Licence,XQP
M0XQQ,Available,Amateur Full Radio Licence,XQQ
M0XQR,Available,Amateur Full Radio Licence,XQR
M0XQS,Available,Amateur Full Radio Licence,XQS
M0XQT,Available,Amateur Full Radio Licence,XQT
M0XQU,Available,Amateur Full Radio Licence,XQU
M0XQV,Available,Amateur Full Radio Licence,XQV
M0XQW,Available,Amateur Full Radio Licence,XQW
M0XQX,Available,Amateur Full Radio Licence,XQX
M0XQY,Available,Amateur Full Radio Licence,XQY
M0XQZ,Available,Amateur Full Radio Licence,XQZ
M0XRB,Available,Amateur Full Radio Licence,XRB
M0XRD,Available,Amateur Full Radio Licence,XRD
M0XRE,Available,Amateur Full Radio Licence,XRE
M0XRF,Available,Amateur Full Radio Licence,XRF
M0XRG,Available,Amateur Full Radio Licence,XRG
M0XRH,Available,Amateur Full Radio Licence,XRH
M0XRI,Available,Amateur Full Radio Licence,XRI
M0XRJ,Available,Amateur Full Radio Licence,XRJ
M0XRK,Available,Amateur Full Radio Licence,XRK
M0XRL,Available,Amateur Full Radio Licence,XRL
M0XRP,Available,Amateur Full Radio Licence,XRP
M0XRQ,Available,Amateur Full Radio Licence,XRQ
M0XRR,Available,Amateur Full Radio Licence,XRR
M0XRT,Available,Amateur Full Radio Licence,XRT
M0XRV,Available,Amateur Full Radio Licence,XRV
M0XRW,Available,Amateur Full Radio Licence,XRW
M0XRX,Available,Amateur Full Radio Licence,XRX
M0XRY,Available,Amateur Full Radio Licence,XRY
M0XSA,Available,Amateur Full Radio Licence,XSA
M0XSB,Available,Amateur Full Radio Licence,XSB
M0XSE,Available,Amateur Full Radio Licence,XSE
M0XSF,Available,Amateur Full Radio Licence,XSF
M0XSG,Available,Amateur Full Radio Licence,XSG
M0XSH,Available,Amateur Full Radio Licence,XSH
M0XSI,Available,Amateur Full Radio Licence,XSI
M0XSJ,Available,Amateur Full Radio Licence,XSJ
M0XSK,Available,Amateur Full Radio Licence,XSK
M0XSL,Available,Amateur Full Radio Licence,XSL
M0XSN,Available,Amateur Full Radio Licence,XSN
M0XSO,Available,Amateur Full Radio Licence,XSO
M0XSP,Available,Amateur Full Radio Licence,XSP
M0XSQ,Available,Amateur Full Radio Licence,XSQ
M0XSS,Available,Amateur Full Radio Licence,XSS
M0XSU,Available,Amateur Full Radio Licence,XSU
M0XSV,Available,Amateur Full Radio Licence,XSV
M0XSW,Available,Amateur Full Radio Licence,XSW
M0XSY,Available,Amateur Full Radio Licence,XSY
M0XSZ,Available,Amateur Full Radio Licence,XSZ
M0XTB,Available,Amateur Full Radio Licence,XTB
M0XTE,Available,Amateur Full Radio Licence,XTE
M0XTG,Available,Amateur Full Radio Licence,XTG
M0XTI,Available,Amateur Full Radio Licence,XTI
M0XTJ,Available,Amateur Full Radio Licence,XTJ
M0XTK,Available,Amateur Full Radio Licence,XTK
M0XTO,Available,Amateur Full Radio Licence,XTO
M0XTP,Available,Amateur Full Radio Licence,XTP
M0XTQ,Available,Amateur Full Radio Licence,XTQ
M0XTR,Available,Amateur Full Radio Licence,XTR
M0XTS,Available,Amateur Full Radio Licence,XTS
M0XTU,Available,Amateur Full Radio Licence,XTU
M0XTV,Available,Amateur Full Radio Licence,XTV
M0XTW,Available,Amateur Full Radio Licence,XTW
M0XTY,Available,Amateur Full Radio Licence,XTY
M0XUA,Available,Amateur Full Radio Licence,XUA
M0XUC,Available,Amateur Full Radio Licence,XUC
M0XUD,Available,Amateur Full Radio Licence,XUD
M0XUE,Available,Amateur Full Radio Licence,XUE
M0XUF,Available,Amateur Full Radio Licence,XUF
M0XUG,Available,Amateur Full Radio Licence,XUG
M0XUI,Available,Amateur Full Radio Licence,XUI
M0XUJ,Available,Amateur Full Radio Licence,XUJ
M0XUL,Available,Amateur Full Radio Licence,XUL
M0XUM,Available,Amateur Full Radio Licence,XUM
M0XUO,Available,Amateur Full Radio Licence,XUO
M0XUP,Available,Amateur Full Radio Licence,XUP
M0XUQ,Available,Amateur Full Radio Licence,XUQ
M0XUR,Available,Amateur Full Radio Licence,XUR
M0XUS,Available,Amateur Full Radio Licence,XUS
M0XUT,Available,Amateur Full Radio Licence,XUT
M0XUV,Available,Amateur Full Radio Licence,XUV
M0XUW,Available,Amateur Full Radio Licence,XUW
M0XUX,Available,Amateur Full Radio Licence,XUX
M0XUY,Available,Amateur Full Radio Licence,XUY
M0XUZ,Available,Amateur Full Radio Licence,XUZ
M0XVA,Available,Amateur Full Radio Licence,XVA
M0XVB,Available,Amateur Full Radio Licence,XVB
M0XVC,Available,Amateur Full Radio Licence,XVC
M0XVD,Available,Amateur Full Radio Licence,XVD
M0XVE,Available,Amateur Full Radio Licence,XVE
M0XVG,Available,Amateur Full Radio Licence,XVG
M0XVH,Available,Amateur Full Radio Licence,XVH
M0XVJ,Available,Amateur Full Radio Licence,XVJ
M0XVK,Available,Amateur Full Radio Licence,XVK
M0XVM,Available,Amateur Full Radio Licence,XVM
M0XVN,Available,Amateur Full Radio Licence,XVN
M0XVO,Available,Amateur Full Radio Licence,XVO
M0XVP,Available,Amateur Full Radio Licence,XVP
M0XVQ,Available,Amateur Full Radio Licence,XVQ
M0XVS,Available,Amateur Full Radio Licence,XVS
M0XVU,Available,Amateur Full Radio Licence,XVU
M0XVV,Available,Amateur Full Radio Licence,XVV
M0XVW,Available,Amateur Full Radio Licence,XVW
M0XVY,Available,Amateur Full Radio Licence,XVY
M0XVZ,Available,Amateur Full Radio Licence,XVZ
M0XWA,Available,Amateur Full Radio Licence,XWA
M0XWB,Available,Amateur Full Radio Licence,XWB
M0XWC,Available,Amateur Full Radio Licence,XWC
M0XWE,Available,Amateur Full Radio Licence,XWE
M0XWF,Available,Amateur Full Radio Licence,XWF
M0XWG,Available,Amateur Full Radio Licence,XWG
M0XWH,Available,Amateur Full Radio Licence,XWH
M0XWI,Available,Amateur Full Radio Licence,XWI
M0XWJ,Available,Amateur Full Radio Licence,XWJ
M0XWK,Available,Amateur Full Radio Licence,XWK
M0XWL,Available,Amateur Full Radio Licence,XWL
M0XWM,Available,Amateur Full Radio Licence,XWM
M0XWN,Available,Amateur Full Radio Licence,XWN
M0XWO,Available,Amateur Full Radio Licence,XWO
M0XWP,Available,Amateur Full Radio Licence,XWP
M0XWQ,Available,Amateur Full Radio Licence,XWQ
M0XWR,Available,Amateur Full Radio Licence,XWR
M0XWT,Available,Amateur Full Radio Licence,XWT
M0XWU,Available,Amateur Full Radio Licence,XWU
M0XWV,Available,Amateur Full Radio Licence,XWV
M0XWW,Available,Amateur Full Radio Licence,XWW
M0XWX,Available,Amateur Full Radio Licence,XWX
M0XWY,Available,Amateur Full Radio Licence,XWY
M0XWZ,Available,Amateur Full Radio Licence,XWZ
M0XXB,Available,Amateur Full Radio Licence,XXB
M0XXC,Available,Amateur Full Radio Licence,XXC
M0XXD,Available,Amateur Full Radio Licence,XXD
M0XXE,Available,Amateur Full Radio Licence,XXE
M0XXF,Available,Amateur Full Radio Licence,XXF
M0XXG,Available,Amateur Full Radio Licence,XXG
M0XXH,Available,Amateur Full Radio Licence,XXH
M0XXJ,Available,Amateur Full Radio Licence,XXJ
M0XXM,Available,Amateur Full Radio Licence,XXM
M0XXN,Available,Amateur Full Radio Licence,XXN
M0XXO,Available,Amateur Full Radio Licence,XXO
M0XXQ,Available,Amateur Full Radio Licence,XXQ
M0XXR,Available,Amateur Full Radio Licence,XXR
M0XXS,Available,Amateur Full Radio Licence,XXS
M0XXU,Available,Amateur Full Radio Licence,XXU
M0XXV,Available,Amateur Full Radio Licence,XXV
M0XYA,Available,Amateur Full Radio Licence,XYA
M0XYB,Available,Amateur Full Radio Licence,XYB
M0XYC,Available,Amateur Full Radio Licence,XYC
M0XYE,Available,Amateur Full Radio Licence,XYE
M0XYF,Available,Amateur Full Radio Licence,XYF
M0XYG,Available,Amateur Full Radio Licence,XYG
M0XYH,Available,Amateur Full Radio Licence,XYH
M0XYI,Available,Amateur Full Radio Licence,XYI
M0XYJ,Available,Amateur Full Radio Licence,XYJ
M0XYK,Available,Amateur Full Radio Licence,XYK
M0XYM,Available,Amateur Full Radio Licence,XYM
M0XYN,Available,Amateur Full Radio Licence,XYN
M0XYO,Available,Amateur Full Radio Licence,XYO
M0XYP,Available,Amateur Full Radio Licence,XYP
M0XYQ,Available,Amateur Full Radio Licence,XYQ
M0XYR,Available,Amateur Full Radio Licence,XYR
M0XYS,Available,Amateur Full Radio Licence,XYS
M0XYT,Available,Amateur Full Radio Licence,XYT
M0XYU,Available,Amateur Full Radio Licence,XYU
M0XYV,Available,Amateur Full Radio Licence,XYV
M0XYW,Available,Amateur Full Radio Licence,XYW
M0XYY,Available,Amateur Full Radio Licence,XYY
M0XZB,Available,Amateur Full Radio Licence,XZB
M0XZC,Available,Amateur Full Radio Licence,XZC
M0XZD,Available,Amateur Full Radio Licence,XZD
M0XZE,Available,Amateur Full Radio Licence,XZE
M0XZH,Available,Amateur Full Radio Licence,XZH
M0XZI,Available,Amateur Full Radio Licence,XZI
M0XZJ,Available,Amateur Full Radio Licence,XZJ
M0XZK,Available,Amateur Full Radio Licence,XZK
M0XZM,Available,Amateur Full Radio Licence,XZM
M0XZN,Available,Amateur Full Radio Licence,XZN
M0XZO,Available,Amateur Full Radio Licence,XZO
M0XZP,Available,Amateur Full Radio Licence,XZP
M0XZQ,Available,Amateur Full Radio Licence,XZQ
M0XZR,Available,Amateur Full Radio Licence,XZR
M0XZS,Available,Amateur Full Radio Licence,XZS
M0XZT,Available,Amateur Full Radio Licence,XZT
M0XZU,Available,Amateur Full Radio Licence,XZU
M0XZV,Available,Amateur Full Radio Licence,XZV
M0XZW,Available,Amateur Full Radio Licence,XZW
M0XZY,Available,Amateur Full Radio Licence,XZY
M0XZZ,Available,Amateur Full Radio Licence,XZZ
M0YAF,Available,Amateur Full Radio Licence,YAF
M0YAI,Available,Amateur Full Radio Licence,YAI
M0YAJ,Available,Amateur Full Radio Licence,YAJ
M0YAO,Available,Amateur Full Radio Licence,YAO
M0YAQ,Available,Amateur Full Radio Licence,YAQ
M0YAR,Available,Amateur Full Radio Licence,YAR
M0YAS,Available,Amateur Full Radio Licence,YAS
M0YAU,Available,Amateur Full Radio Licence,YAU
M0YAW,Available,Amateur Full Radio Licence,YAW
M0YAX,Available,Amateur Full Radio Licence,YAX
M0YAY,Available,Amateur Full Radio Licence,YAY
M0YBA,Available,Amateur Full Radio Licence,YBA
M0YBB,Available,Amateur Full Radio Licence,YBB
M0YBD,Available,Amateur Full Radio Licence,YBD
M0YBE,Available,Amateur Full Radio Licence,YBE
M0YBF,Available,Amateur Full Radio Licence,YBF
M0YBG,Available,Amateur Full Radio Licence,YBG
M0YBH,Available,Amateur Full Radio Licence,YBH
M0YBI,Available,Amateur Full Radio Licence,YBI
M0YBJ,Available,Amateur Full Radio Licence,YBJ
M0YBK,Available,Amateur Full Radio Licence,YBK
M0YBL,Available,Amateur Full Radio Licence,YBL
M0YBM,Available,Amateur Full Radio Licence,YBM
M0YBN,Available,Amateur Full Radio Licence,YBN
M0YBP,Available,Amateur Full Radio Licence,YBP
M0YBQ,Available,Amateur Full Radio Licence,YBQ
M0YBR,Available,Amateur Full Radio Licence,YBR
M0YBS,Available,Amateur Full Radio Licence,YBS
M0YBT,Available,Amateur Full Radio Licence,YBT
M0YBU,Available,Amateur Full Radio Licence,YBU
M0YBV,Available,Amateur Full Radio Licence,YBV
M0YBW,Available,Amateur Full Radio Licence,YBW
M0YBY,Available,Amateur Full Radio Licence,YBY
M0YBZ,Available,Amateur Full Radio Licence,YBZ
M0YCA,Available,Amateur Full Radio Licence,YCA
M0YCB,Available,Amateur Full Radio Licence,YCB
M0YCD,Available,Amateur Full Radio Licence,YCD
M0YCE,Available,Amateur Full Radio Licence,YCE
M0YCF,Available,Amateur Full Radio Licence,YCF
M0YCH,Available,Amateur Full Radio Licence,YCH
M0YCI,Available,Amateur Full Radio Licence,YCI
M0YCL,Available,Amateur Full Radio Licence,YCL
M0YCN,Available,Amateur Full Radio Licence,YCN
M0YCO,Available,Amateur Full Radio Licence,YCO
M0YCP,Available,Amateur Full Radio Licence,YCP
M0YCR,Available,Amateur Full Radio Licence,YCR
M0YCT,Available,Amateur Full Radio Licence,YCT
M0YCU,Available,Amateur Full Radio Licence,YCU
M0YCV,Available,Amateur Full Radio Licence,YCV
M0YCW,Available,Amateur Full Radio Licence,YCW
M0YCX,Available,Amateur Full Radio Licence,YCX
M0YCY,Available,Amateur Full Radio Licence,YCY
M0YCZ,Available,Amateur Full Radio Licence,YCZ
M0YDA,Available,Amateur Full Radio Licence,YDA
M0YDC,Available,Amateur Full Radio Licence,YDC
M0YDE,Available,Amateur Full Radio Licence,YDE
M0YDG,Available,Amateur Full Radio Licence,YDG
M0YDI,Available,Amateur Full Radio Licence,YDI
M0YDJ,Available,Amateur Full Radio Licence,YDJ
M0YDL,Available,Amateur Full Radio Licence,YDL
M0YDM,Available,Amateur Full Radio Licence,YDM
M0YDN,Available,Amateur Full Radio Licence,YDN
M0YDO,Available,Amateur Full Radio Licence,YDO
M0YDQ,Available,Amateur Full Radio Licence,YDQ
M0YDR,Available,Amateur Full Radio Licence,YDR
M0YDS,Available,Amateur Full Radio Licence,YDS
M0YDT,Available,Amateur Full Radio Licence,YDT
M0YDU,Available,Amateur Full Radio Licence,YDU
M0YDV,Available,Amateur Full Radio Licence,YDV
M0YDY,Available,Amateur Full Radio Licence,YDY
M0YDZ,Available,Amateur Full Radio Licence,YDZ
M0YEA,Available,Amateur Full Radio Licence,YEA
M0YEB,Available,Amateur Full Radio Licence,YEB
M0YED,Available,Amateur Full Radio Licence,YED
M0YEF,Available,Amateur Full Radio Licence,YEF
M0YEG,Available,Amateur Full Radio Licence,YEG
M0YEH,Available,Amateur Full Radio Licence,YEH
M0YEI,Available,Amateur Full Radio Licence,YEI
M0YEJ,Available,Amateur Full Radio Licence,YEJ
M0YEK,Available,Amateur Full Radio Licence,YEK
M0YEM,Available,Amateur Full Radio Licence,YEM
M0YEO,Available,Amateur Full Radio Licence,YEO
M0YER,Available,Amateur Full Radio Licence,YER
M0YEU,Available,Amateur Full Radio Licence,YEU
M0YEV,Available,Amateur Full Radio Licence,YEV
M0YEX,Available,Amateur Full Radio Licence,YEX
M0YEY,Available,Amateur Full Radio Licence,YEY
M0YEZ,Available,Amateur Full Radio Licence,YEZ
M0YFA,Available,Amateur Full Radio Licence,YFA
M0YFB,Available,Amateur Full Radio Licence,YFB
M0YFC,Available,Amateur Full Radio Licence,YFC
M0YFD,Available,Amateur Full Radio Licence,YFD
M0YFE,Available,Amateur Full Radio Licence,YFE
M0YFF,Available,Amateur Full Radio Licence,YFF
M0YFG,Available,Amateur Full Radio Licence,YFG
M0YFH,Available,Amateur Full Radio Licence,YFH
M0YFI,Available,Amateur Full Radio Licence,YFI
M0YFJ,Available,Amateur Full Radio Licence,YFJ
M0YFK,Available,Amateur Full Radio Licence,YFK
M0YFL,Available,Amateur Full Radio Licence,YFL
M0YFM,Available,Amateur Full Radio Licence,YFM
M0YFN,Available,Amateur Full Radio Licence,YFN
M0YFO,Available,Amateur Full Radio Licence,YFO
M0YFP,Available,Amateur Full Radio Licence,YFP
M0YFQ,Available,Amateur Full Radio Licence,YFQ
M0YFS,Available,Amateur Full Radio Licence,YFS
M0YFU,Available,Amateur Full Radio Licence,YFU
M0YFV,Available,Amateur Full Radio Licence,YFV
M0YFW,Available,Amateur Full Radio Licence,YFW
M0YFX,Available,Amateur Full Radio Licence,YFX
M0YFY,Available,Amateur Full Radio Licence,YFY
M0YFZ,Available,Amateur Full Radio Licence,YFZ
M0YGA,Available,Amateur Full Radio Licence,YGA
M0YGC,Available,Amateur Full Radio Licence,YGC
M0YGD,Available,Amateur Full Radio Licence,YGD
M0YGE,Available,Amateur Full Radio Licence,YGE
M0YGF,Available,Amateur Full Radio Licence,YGF
M0YGG,Available,Amateur Full Radio Licence,YGG
M0YGH,Available,Amateur Full Radio Licence,YGH
M0YGI,Available,Amateur Full Radio Licence,YGI
M0YGK,Available,Amateur Full Radio Licence,YGK
M0YGL,Available,Amateur Full Radio Licence,YGL
M0YGN,Available,Amateur Full Radio Licence,YGN
M0YGO,Available,Amateur Full Radio Licence,YGO
M0YGP,Available,Amateur Full Radio Licence,YGP
M0YGQ,Available,Amateur Full Radio Licence,YGQ
M0YGS,Available,Amateur Full Radio Licence,YGS
M0YGT,Available,Amateur Full Radio Licence,YGT
M0YGU,Available,Amateur Full Radio Licence,YGU
M0YGV,Available,Amateur Full Radio Licence,YGV
M0YGX,Available,Amateur Full Radio Licence,YGX
M0YGY,Available,Amateur Full Radio Licence,YGY
M0YGZ,Available,Amateur Full Radio Licence,YGZ
M0YHC,Available,Amateur Full Radio Licence,YHC
M0YHD,Available,Amateur Full Radio Licence,YHD
M0YHE,Available,Amateur Full Radio Licence,YHE
M0YHF,Available,Amateur Full Radio Licence,YHF
M0YHG,Available,Amateur Full Radio Licence,YHG
M0YHH,Available,Amateur Full Radio Licence,YHH
M0YHI,Available,Amateur Full Radio Licence,YHI
M0YHJ,Available,Amateur Full Radio Licence,YHJ
M0YHK,Available,Amateur Full Radio Licence,YHK
M0YHL,Available,Amateur Full Radio Licence,YHL
M0YHN,Available,Amateur Full Radio Licence,YHN
M0YHO,Available,Amateur Full Radio Licence,YHO
M0YHP,Available,Amateur Full Radio Licence,YHP
M0YHQ,Available,Amateur Full Radio Licence,YHQ
M0YHR,Available,Amateur Full Radio Licence,YHR
M0YHT,Available,Amateur Full Radio Licence,YHT
M0YHU,Available,Amateur Full Radio Licence,YHU
M0YHV,Available,Amateur Full Radio Licence,YHV
M0YHW,Available,Amateur Full Radio Licence,YHW
M0YHX,Available,Amateur Full Radio Licence,YHX
M0YHY,Available,Amateur Full Radio Licence,YHY
M0YHZ,Available,Amateur Full Radio Licence,YHZ
M0YIA,Available,Amateur Full Radio Licence,YIA
M0YIB,Available,Amateur Full Radio Licence,YIB
M0YIC,Available,Amateur Full Radio Licence,YIC
M0YIE,Available,Amateur Full Radio Licence,YIE
M0YIF,Available,Amateur Full Radio Licence,YIF
M0YIH,Available,Amateur Full Radio Licence,YIH
M0YII,Available,Amateur Full Radio Licence,YII
M0YIL,Available,Amateur Full Radio Licence,YIL
M0YIN,Available,Amateur Full Radio Licence,YIN
M0YIO,Available,Amateur Full Radio Licence,YIO
M0YIP,Available,Amateur Full Radio Licence,YIP
M0YIQ,Available,Amateur Full Radio Licence,YIQ
M0YIR,Available,Amateur Full Radio Licence,YIR
M0YIS,Available,Amateur Full Radio Licence,YIS
M0YIT,Available,Amateur Full Radio Licence,YIT
M0YIU,Available,Amateur Full Radio Licence,YIU
M0YIV,Available,Amateur Full Radio Licence,YIV
M0YIW,Available,Amateur Full Radio Licence,YIW
M0YIX,Available,Amateur Full Radio Licence,YIX
M0YIY,Available,Amateur Full Radio Licence,YIY
M0YIZ,Available,Amateur Full Radio Licence,YIZ
M0YJA,Available,Amateur Full Radio Licence,YJA
M0YJB,Available,Amateur Full Radio Licence,YJB
M0YJC,Available,Amateur Full Radio Licence,YJC
M0YJD,Available,Amateur Full Radio Licence,YJD
M0YJE,Available,Amateur Full Radio Licence,YJE
M0YJF,Available,Amateur Full Radio Licence,YJF
M0YJG,Available,Amateur Full Radio Licence,YJG
M0YJH,Available,Amateur Full Radio Licence,YJH
M0YJI,Available,Amateur Full Radio Licence,YJI
M0YJJ,Available,Amateur Full Radio Licence,YJJ
M0YJK,Available,Amateur Full Radio Licence,YJK
M0YJL,Available,Amateur Full Radio Licence,YJL
M0YJM,Available,Amateur Full Radio Licence,YJM
M0YJN,Available,Amateur Full Radio Licence,YJN
M0YJP,Available,Amateur Full Radio Licence,YJP
M0YJQ,Available,Amateur Full Radio Licence,YJQ
M0YJS,Available,Amateur Full Radio Licence,YJS
M0YJU,Available,Amateur Full Radio Licence,YJU
M0YJV,Available,Amateur Full Radio Licence,YJV
M0YJX,Available,Amateur Full Radio Licence,YJX
M0YJY,Available,Amateur Full Radio Licence,YJY
M0YJZ,Available,Amateur Full Radio Licence,YJZ
M0YKA,Available,Amateur Full Radio Licence,YKA
M0YKC,Available,Amateur Full Radio Licence,YKC
M0YKD,Available,Amateur Full Radio Licence,YKD
M0YKE,Available,Amateur Full Radio Licence,YKE
M0YKF,Available,Amateur Full Radio Licence,YKF
M0YKG,Available,Amateur Full Radio Licence,YKG
M0YKH,Available,Amateur Full Radio Licence,YKH
M0YKI,Available,Amateur Full Radio Licence,YKI
M0YKJ,Available,Amateur Full Radio Licence,YKJ
M0YKK,Available,Amateur Full Radio Licence,YKK
M0YKL,Available,Amateur Full Radio Licence,YKL
M0YKM,Available,Amateur Full Radio Licence,YKM
M0YKN,Available,Amateur Full Radio Licence,YKN
M0YKO,Available,Amateur Full Radio Licence,YKO
M0YKP,Available,Amateur Full Radio Licence,YKP
M0YKQ,Available,Amateur Full Radio Licence,YKQ
M0YKT,Available,Amateur Full Radio Licence,YKT
M0YKU,Available,Amateur Full Radio Licence,YKU
M0YKV,Available,Amateur Full Radio Licence,YKV
M0YKW,Available,Amateur Full Radio Licence,YKW
M0YKX,Available,Amateur Full Radio Licence,YKX
M0YKY,Available,Amateur Full Radio Licence,YKY
M0YKZ,Available,Amateur Full Radio Licence,YKZ
M0YLB,Available,Amateur Full Radio Licence,YLB
M0YLC,Available,Amateur Full Radio Licence,YLC
M0YLD,Available,Amateur Full Radio Licence,YLD
M0YLF,Available,Amateur Full Radio Licence,YLF
M0YLH,Available,Amateur Full Radio Licence,YLH
M0YLI,Available,Amateur Full Radio Licence,YLI
M0YLJ,Available,Amateur Full Radio Licence,YLJ
M0YLK,Available,Amateur Full Radio Licence,YLK
M0YLL,Available,Amateur Full Radio Licence,YLL
M0YLM,Available,Amateur Full Radio Licence,YLM
M0YLN,Available,Amateur Full Radio Licence,YLN
M0YLO,Available,Amateur Full Radio Licence,YLO
M0YLP,Available,Amateur Full Radio Licence,YLP
M0YLQ,Available,Amateur Full Radio Licence,YLQ
M0YLR,Available,Amateur Full Radio Licence,YLR
M0YLT,Available,Amateur Full Radio Licence,YLT
M0YLU,Available,Amateur Full Radio Licence,YLU
M0YLV,Available,Amateur Full Radio Licence,YLV
M0YLW,Available,Amateur Full Radio Licence,YLW
M0YLX,Available,Amateur Full Radio Licence,YLX
M0YLZ,Available,Amateur Full Radio Licence,YLZ
M0YMB,Available,Amateur Full Radio Licence,YMB
M0YMC,Available,Amateur Full Radio Licence,YMC
M0YMD,Available,Amateur Full Radio Licence,YMD
M0YMH,Available,Amateur Full Radio Licence,YMH
M0YMI,Available,Amateur Full Radio Licence,YMI
M0YML,Available,Amateur Full Radio Licence,YML
M0YMN,Available,Amateur Full Radio Licence,YMN
M0YMO,Available,Amateur Full Radio Licence,YMO
M0YMP,Available,Amateur Full Radio Licence,YMP
M0YMQ,Available,Amateur Full Radio Licence,YMQ
M0YMR,Available,Amateur Full Radio Licence,YMR
M0YMS,Available,Amateur Full Radio Licence,YMS
M0YMT,Available,Amateur Full Radio Licence,YMT
M0YMU,Available,Amateur Full Radio Licence,YMU
M0YMV,Available,Amateur Full Radio Licence,YMV
M0YMW,Available,Amateur Full Radio Licence,YMW
M0YMX,Available,Amateur Full Radio Licence,YMX
M0YMY,Available,Amateur Full Radio Licence,YMY
M0YMZ,Available,Amateur Full Radio Licence,YMZ
M0YNA,Available,Amateur Full Radio Licence,YNA
M0YNB,Available,Amateur Full Radio Licence,YNB
M0YNC,Available,Amateur Full Radio Licence,YNC
M0YND,Available,Amateur Full Radio Licence,YND
M0YNF,Available,Amateur Full Radio Licence,YNF
M0YNH,Available,Amateur Full Radio Licence,YNH
M0YNI,Available,Amateur Full Radio Licence,YNI
M0YNJ,Available,Amateur Full Radio Licence,YNJ
M0YNL,Available,Amateur Full Radio Licence,YNL
M0YNM,Available,Amateur Full Radio Licence,YNM
M0YNN,Available,Amateur Full Radio Licence,YNN
M0YNO,Available,Amateur Full Radio Licence,YNO
M0YNP,Available,Amateur Full Radio Licence,YNP
M0YNQ,Available,Amateur Full Radio Licence,YNQ
M0YNR,Available,Amateur Full Radio Licence,YNR
M0YNS,Available,Amateur Full Radio Licence,YNS
M0YNT,Available,Amateur Full Radio Licence,YNT
M0YNU,Available,Amateur Full Radio Licence,YNU
M0YNV,Available,Amateur Full Radio Licence,YNV
M0YNW,Available,Amateur Full Radio Licence,YNW
M0YNX,Available,Amateur Full Radio Licence,YNX
M0YNY,Available,Amateur Full Radio Licence,YNY
M0YNZ,Available,Amateur Full Radio Licence,YNZ
M0YOA,Available,Amateur Full Radio Licence,YOA
M0YOB,Available,Amateur Full Radio Licence,YOB
M0YOC,Available,Amateur Full Radio Licence,YOC
M0YOD,Available,Amateur Full Radio Licence,YOD
M0YOE,Available,Amateur Full Radio Licence,YOE
M0YOF,Available,Amateur Full Radio Licence,YOF
M0YOG,Available,Amateur Full Radio Licence,YOG
M0YOI,Available,Amateur Full Radio Licence,YOI
M0YOK,Available,Amateur Full Radio Licence,YOK
M0YON,Available,Amateur Full Radio Licence,YON
M0YOO,Available,Amateur Full Radio Licence,YOO
M0YOP,Available,Amateur Full Radio Licence,YOP
M0YOQ,Available,Amateur Full Radio Licence,YOQ
M0YOS,Available,Amateur Full Radio Licence,YOS
M0YOV,Available,Amateur Full Radio Licence,YOV
M0YOW,Available,Amateur Full Radio Licence,YOW
M0YOX,Available,Amateur Full Radio Licence,YOX
M0YOZ,Available,Amateur Full Radio Licence,YOZ
M0YPA,Available,Amateur Full Radio Licence,YPA
M0YPB,Available,Amateur Full Radio Licence,YPB
M0YPC,Available,Amateur Full Radio Licence,YPC
M0YPD,Available,Amateur Full Radio Licence,YPD
M0YPE,Available,Amateur Full Radio Licence,YPE
M0YPF,Available,Amateur Full Radio Licence,YPF
M0YPG,Available,Amateur Full Radio Licence,YPG
M0YPH,Available,Amateur Full Radio Licence,YPH
M0YPI,Available,Amateur Full Radio Licence,YPI
M0YPK,Available,Amateur Full Radio Licence,YPK
M0YPL,Available,Amateur Full Radio Licence,YPL
M0YPM,Available,Amateur Full Radio Licence,YPM
M0YPN,Available,Amateur Full Radio Licence,YPN
M0YPO,Available,Amateur Full Radio Licence,YPO
M0YPP,Available,Amateur Full Radio Licence,YPP
M0YPQ,Available,Amateur Full Radio Licence,YPQ
M0YPR,Available,Amateur Full Radio Licence,YPR
M0YPS,Available,Amateur Full Radio Licence,YPS
M0YPT,Available,Amateur Full Radio Licence,YPT
M0YPU,Available,Amateur Full Radio Licence,YPU
M0YPV,Available,Amateur Full Radio Licence,YPV
M0YPW,Available,Amateur Full Radio Licence,YPW
M0YPX,Available,Amateur Full Radio Licence,YPX
M0YPY,Available,Amateur Full Radio Licence,YPY
M0YQA,Available,Amateur Full Radio Licence,YQA
M0YQB,Available,Amateur Full Radio Licence,YQB
M0YQC,Available,Amateur Full Radio Licence,YQC
M0YQE,Available,Amateur Full Radio Licence,YQE
M0YQF,Available,Amateur Full Radio Licence,YQF
M0YQG,Available,Amateur Full Radio Licence,YQG
M0YQH,Available,Amateur Full Radio Licence,YQH
M0YQI,Available,Amateur Full Radio Licence,YQI
M0YQJ,Available,Amateur Full Radio Licence,YQJ
M0YQK,Available,Amateur Full Radio Licence,YQK
M0YQL,Available,Amateur Full Radio Licence,YQL
M0YQM,Available,Amateur Full Radio Licence,YQM
M0YQN,Available,Amateur Full Radio Licence,YQN
M0YQO,Available,Amateur Full Radio Licence,YQO
M0YQP,Available,Amateur Full Radio Licence,YQP
M0YQQ,Available,Amateur Full Radio Licence,YQQ
M0YQR,Available,Amateur Full Radio Licence,YQR
M0YQS,Available,Amateur Full Radio Licence,YQS
M0YQT,Available,Amateur Full Radio Licence,YQT
M0YQU,Available,Amateur Full Radio Licence,YQU
M0YQW,Available,Amateur Full Radio Licence,YQW
M0YQX,Available,Amateur Full Radio Licence,YQX
M0YQY,Available,Amateur Full Radio Licence,YQY
M0YRA,Available,Amateur Full Radio Licence,YRA
M0YRB,Available,Amateur Full Radio Licence,YRB
M0YRC,Available,Amateur Full Radio Licence,YRC
M0YRD,Available,Amateur Full Radio Licence,YRD
M0YRE,Available,Amateur Full Radio Licence,YRE
M0YRH,Available,Amateur Full Radio Licence,YRH
M0YRI,Available,Amateur Full Radio Licence,YRI
M0YRJ,Available,Amateur Full Radio Licence,YRJ
M0YRK,Available,Amateur Full Radio Licence,YRK
M0YRL,Available,Amateur Full Radio Licence,YRL
M0YRM,Available,Amateur Full Radio Licence,YRM
M0YRN,Available,Amateur Full Radio Licence,YRN
M0YRO,Available,Amateur Full Radio Licence,YRO
M0YRP,Available,Amateur Full Radio Licence,YRP
M0YRQ,Available,Amateur Full Radio Licence,YRQ
M0YRR,Available,Amateur Full Radio Licence,YRR
M0YRT,Available,Amateur Full Radio Licence,YRT
M0YRU,Available,Amateur Full Radio Licence,YRU
M0YRV,Available,Amateur Full Radio Licence,YRV
M0YRW,Available,Amateur Full Radio Licence,YRW
M0YRX,Available,Amateur Full Radio Licence,YRX
M0YRY,Available,Amateur Full Radio Licence,YRY
M0YRZ,Available,Amateur Full Radio Licence,YRZ
M0YSA,Available,Amateur Full Radio Licence,YSA
M0YSB,Available,Amateur Full Radio Licence,YSB
M0YSC,Available,Amateur Full Radio Licence,YSC
M0YSD,Available,Amateur Full Radio Licence,YSD
M0YSE,Available,Amateur Full Radio Licence,YSE
M0YSF,Available,Amateur Full Radio Licence,YSF
M0YSG,Available,Amateur Full Radio Licence,YSG
M0YSH,Available,Amateur Full Radio Licence,YSH
M0YSI,Available,Amateur Full Radio Licence,YSI
M0YSJ,Available,Amateur Full Radio Licence,YSJ
M0YSL,Available,Amateur Full Radio Licence,YSL
M0YSM,Available,Amateur Full Radio Licence,YSM
M0YSN,Available,Amateur Full Radio Licence,YSN
M0YSO,Available,Amateur Full Radio Licence,YSO
M0YSP,Available,Amateur Full Radio Licence,YSP
M0YSQ,Available,Amateur Full Radio Licence,YSQ
M0YSS,Available,Amateur Full Radio Licence,YSS
M0YST,Available,Amateur Full Radio Licence,YST
M0YSV,Available,Amateur Full Radio Licence,YSV
M0YSW,Available,Amateur Full Radio Licence,YSW
M0YSX,Available,Amateur Full Radio Licence,YSX
M0YSY,Available,Amateur Full Radio Licence,YSY
M0YSZ,Available,Amateur Full Radio Licence,YSZ
M0YTA,Available,Amateur Full Radio Licence,YTA
M0YTB,Available,Amateur Full Radio Licence,YTB
M0YTD,Available,Amateur Full Radio Licence,YTD
M0YTE,Available,Amateur Full Radio Licence,YTE
M0YTF,Available,Amateur Full Radio Licence,YTF
M0YTG,Available,Amateur Full Radio Licence,YTG
M0YTH,Available,Amateur Full Radio Licence,YTH
M0YTI,Available,Amateur Full Radio Licence,YTI
M0YTJ,Available,Amateur Full Radio Licence,YTJ
M0YTK,Available,Amateur Full Radio Licence,YTK
M0YTL,Available,Amateur Full Radio Licence,YTL
M0YTN,Available,Amateur Full Radio Licence,YTN
M0YTO,Available,Amateur Full Radio Licence,YTO
M0YTP,Available,Amateur Full Radio Licence,YTP
M0YTQ,Available,Amateur Full Radio Licence,YTQ
M0YTR,Available,Amateur Full Radio Licence,YTR
M0YTS,Available,Amateur Full Radio Licence,YTS
M0YTT,Available,Amateur Full Radio Licence,YTT
M0YTU,Available,Amateur Full Radio Licence,YTU
M0YTV,Available,Amateur Full Radio Licence,YTV
M0YTW,Available,Amateur Full Radio Licence,YTW
M0YTY,Available,Amateur Full Radio Licence,YTY
M0YTZ,Available,Amateur Full Radio Licence,YTZ
M0YUA,Available,Amateur Full Radio Licence,YUA
M0YUB,Available,Amateur Full Radio Licence,YUB
M0YUC,Available,Amateur Full Radio Licence,YUC
M0YUD,Available,Amateur Full Radio Licence,YUD
M0YUE,Available,Amateur Full Radio Licence,YUE
M0YUF,Available,Amateur Full Radio Licence,YUF
M0YUH,Available,Amateur Full Radio Licence,YUH
M0YUJ,Available,Amateur Full Radio Licence,YUJ
M0YUK,Available,Amateur Full Radio Licence,YUK
M0YUM,Available,Amateur Full Radio Licence,YUM
M0YUN,Available,Amateur Full Radio Licence,YUN
M0YUO,Available,Amateur Full Radio Licence,YUO
M0YUP,Available,Amateur Full Radio Licence,YUP
M0YUQ,Available,Amateur Full Radio Licence,YUQ
M0YUR,Available,Amateur Full Radio Licence,YUR
M0YUS,Available,Amateur Full Radio Licence,YUS
M0YUT,Available,Amateur Full Radio Licence,YUT
M0YUU,Available,Amateur Full Radio Licence,YUU
M0YUV,Available,Amateur Full Radio Licence,YUV
M0YUW,Available,Amateur Full Radio Licence,YUW
M0YUY,Available,Amateur Full Radio Licence,YUY
M0YUZ,Available,Amateur Full Radio Licence,YUZ
M0YVA,Available,Amateur Full Radio Licence,YVA
M0YVB,Available,Amateur Full Radio Licence,YVB
M0YVC,Available,Amateur Full Radio Licence,YVC
M0YVD,Available,Amateur Full Radio Licence,YVD
M0YVE,Available,Amateur Full Radio Licence,YVE
M0YVF,Available,Amateur Full Radio Licence,YVF
M0YVH,Available,Amateur Full Radio Licence,YVH
M0YVI,Available,Amateur Full Radio Licence,YVI
M0YVJ,Available,Amateur Full Radio Licence,YVJ
M0YVL,Available,Amateur Full Radio Licence,YVL
M0YVM,Available,Amateur Full Radio Licence,YVM
M0YVN,Available,Amateur Full Radio Licence,YVN
M0YVO,Available,Amateur Full Radio Licence,YVO
M0YVP,Available,Amateur Full Radio Licence,YVP
M0YVQ,Available,Amateur Full Radio Licence,YVQ
M0YVR,Available,Amateur Full Radio Licence,YVR
M0YVS,Available,Amateur Full Radio Licence,YVS
M0YVT,Available,Amateur Full Radio Licence,YVT
M0YVU,Available,Amateur Full Radio Licence,YVU
M0YVV,Available,Amateur Full Radio Licence,YVV
M0YVW,Available,Amateur Full Radio Licence,YVW
M0YVY,Available,Amateur Full Radio Licence,YVY
M0YVZ,Available,Amateur Full Radio Licence,YVZ
M0YWA,Available,Amateur Full Radio Licence,YWA
M0YWB,Available,Amateur Full Radio Licence,YWB
M0YWC,Available,Amateur Full Radio Licence,YWC
M0YWD,Available,Amateur Full Radio Licence,YWD
M0YWE,Available,Amateur Full Radio Licence,YWE
M0YWF,Available,Amateur Full Radio Licence,YWF
M0YWG,Available,Amateur Full Radio Licence,YWG
M0YWH,Available,Amateur Full Radio Licence,YWH
M0YWI,Available,Amateur Full Radio Licence,YWI
M0YWJ,Available,Amateur Full Radio Licence,YWJ
M0YWK,Available,Amateur Full Radio Licence,YWK
M0YWL,Available,Amateur Full Radio Licence,YWL
M0YWM,Available,Amateur Full Radio Licence,YWM
M0YWN,Available,Amateur Full Radio Licence,YWN
M0YWO,Available,Amateur Full Radio Licence,YWO
M0YWP,Available,Amateur Full Radio Licence,YWP
M0YWQ,Available,Amateur Full Radio Licence,YWQ
M0YWR,Available,Amateur Full Radio Licence,YWR
M0YWS,Available,Amateur Full Radio Licence,YWS
M0YWT,Available,Amateur Full Radio Licence,YWT
M0YWU,Available,Amateur Full Radio Licence,YWU
M0YWV,Available,Amateur Full Radio Licence,YWV
M0YWW,Available,Amateur Full Radio Licence,YWW
M0YWX,Available,Amateur Full Radio Licence,YWX
M0YWY,Available,Amateur Full Radio Licence,YWY
M0YWZ,Available,Amateur Full Radio Licence,YWZ
M0YXA,Available,Amateur Full Radio Licence,YXA
M0YXB,Available,Amateur Full Radio Licence,YXB
M0YXC,Available,Amateur Full Radio Licence,YXC
M0YXD,Available,Amateur Full Radio Licence,YXD
M0YXE,Available,Amateur Full Radio Licence,YXE
M0YXF,Available,Amateur Full Radio Licence,YXF
M0YXG,Available,Amateur Full Radio Licence,YXG
M0YXH,Available,Amateur Full Radio Licence,YXH
M0YXI,Available,Amateur Full Radio Licence,YXI
M0YXJ,Available,Amateur Full Radio Licence,YXJ
M0YXK,Available,Amateur Full Radio Licence,YXK
M0YXL,Available,Amateur Full Radio Licence,YXL
M0YXM,Available,Amateur Full Radio Licence,YXM
M0YXN,Available,Amateur Full Radio Licence,YXN
M0YXO,Available,Amateur Full Radio Licence,YXO
M0YXP,Available,Amateur Full Radio Licence,YXP
M0YXQ,Available,Amateur Full Radio Licence,YXQ
M0YXR,Available,Amateur Full Radio Licence,YXR
M0YXS,Available,Amateur Full Radio Licence,YXS
M0YXT,Available,Amateur Full Radio Licence,YXT
M0YXU,Available,Amateur Full Radio Licence,YXU
M0YXV,Available,Amateur Full Radio Licence,YXV
M0YXW,Available,Amateur Full Radio Licence,YXW
M0YXX,Available,Amateur Full Radio Licence,YXX
M0YXY,Available,Amateur Full Radio Licence,YXY
M0YXZ,Available,Amateur Full Radio Licence,YXZ
M0YYB,Available,Amateur Full Radio Licence,YYB
M0YYD,Available,Amateur Full Radio Licence,YYD
M0YYE,Available,Amateur Full Radio Licence,YYE
M0YYF,Available,Amateur Full Radio Licence,YYF
M0YYG,Available,Amateur Full Radio Licence,YYG
M0YYH,Available,Amateur Full Radio Licence,YYH
M0YYI,Available,Amateur Full Radio Licence,YYI
M0YYJ,Available,Amateur Full Radio Licence,YYJ
M0YYK,Available,Amateur Full Radio Licence,YYK
M0YYL,Available,Amateur Full Radio Licence,YYL
M0YYM,Available,Amateur Full Radio Licence,YYM
M0YYN,Available,Amateur Full Radio Licence,YYN
M0YYO,Available,Amateur Full Radio Licence,YYO
M0YYP,Available,Amateur Full Radio Licence,YYP
M0YYQ,Available,Amateur Full Radio Licence,YYQ
M0YYR,Available,Amateur Full Radio Licence,YYR
M0YYS,Available,Amateur Full Radio Licence,YYS
M0YYT,Available,Amateur Full Radio Licence,YYT
M0YYU,Available,Amateur Full Radio Licence,YYU
M0YYW,Available,Amateur Full Radio Licence,YYW
M0YYX,Available,Amateur Full Radio Licence,YYX
M0YZB,Available,Amateur Full Radio Licence,YZB
M0YZC,Available,Amateur Full Radio Licence,YZC
M0YZD,Available,Amateur Full Radio Licence,YZD
M0YZE,Available,Amateur Full Radio Licence,YZE
M0YZG,Available,Amateur Full Radio Licence,YZG
M0YZH,Available,Amateur Full Radio Licence,YZH
M0YZI,Available,Amateur Full Radio Licence,YZI
M0YZJ,Available,Amateur Full Radio Licence,YZJ
M0YZK,Available,Amateur Full Radio Licence,YZK
M0YZL,Available,Amateur Full Radio Licence,YZL
M0YZM,Available,Amateur Full Radio Licence,YZM
M0YZN,Available,Amateur Full Radio Licence,YZN
M0YZO,Available,Amateur Full Radio Licence,YZO
M0YZP,Available,Amateur Full Radio Licence,YZP
M0YZQ,Available,Amateur Full Radio Licence,YZQ
M0YZR,Available,Amateur Full Radio Licence,YZR
M0YZS,Available,Amateur Full Radio Licence,YZS
M0YZT,Available,Amateur Full Radio Licence,YZT
M0YZU,Available,Amateur Full Radio Licence,YZU
M0YZV,Available,Amateur Full Radio Licence,YZV
M0YZW,Available,Amateur Full Radio Licence,YZW
M0YZX,Available,Amateur Full Radio Licence,YZX
M0YZY,Available,Amateur Full Radio Licence,YZY
M0ZAJ,Available,Amateur Full Radio Licence,ZAJ
M0ZAQ,Available,Amateur Full Radio Licence,ZAQ
M0ZAS,Available,Amateur Full Radio Licence,ZAS
M0ZAU,Available,Amateur Full Radio Licence,ZAU
M0ZAW,Available,Amateur Full Radio Licence,ZAW
M0ZAX,Available,Amateur Full Radio Licence,ZAX
M0ZBA,Available,Amateur Full Radio Licence,ZBA
M0ZBC,Available,Amateur Full Radio Licence,ZBC
M0ZBE,Available,Amateur Full Radio Licence,ZBE
M0ZBF,Available,Amateur Full Radio Licence,ZBF
M0ZBG,Available,Amateur Full Radio Licence,ZBG
M0ZBI,Available,Amateur Full Radio Licence,ZBI
M0ZBJ,Available,Amateur Full Radio Licence,ZBJ
M0ZBK,Available,Amateur Full Radio Licence,ZBK
M0ZBL,Available,Amateur Full Radio Licence,ZBL
M0ZBM,Available,Amateur Full Radio Licence,ZBM
M0ZBN,Available,Amateur Full Radio Licence,ZBN
M0ZBO,Available,Amateur Full Radio Licence,ZBO
M0ZBP,Available,Amateur Full Radio Licence,ZBP
M0ZBQ,Available,Amateur Full Radio Licence,ZBQ
M0ZBR,Available,Amateur Full Radio Licence,ZBR
M0ZBS,Available,Amateur Full Radio Licence,ZBS
M0ZBV,Available,Amateur Full Radio Licence,ZBV
M0ZBW,Available,Amateur Full Radio Licence,ZBW
M0ZBX,Available,Amateur Full Radio Licence,ZBX
M0ZBY,Available,Amateur Full Radio Licence,ZBY
M0ZCA,Available,Amateur Full Radio Licence,ZCA
M0ZCB,Available,Amateur Full Radio Licence,ZCB
M0ZCD,Available,Amateur Full Radio Licence,ZCD
M0ZCF,Available,Amateur Full Radio Licence,ZCF
M0ZCI,Available,Amateur Full Radio Licence,ZCI
M0ZCJ,Available,Amateur Full Radio Licence,ZCJ
M0ZCK,Available,Amateur Full Radio Licence,ZCK
M0ZCL,Available,Amateur Full Radio Licence,ZCL
M0ZCN,Available,Amateur Full Radio Licence,ZCN
M0ZCQ,Available,Amateur Full Radio Licence,ZCQ
M0ZCS,Available,Amateur Full Radio Licence,ZCS
M0ZCU,Available,Amateur Full Radio Licence,ZCU
M0ZCV,Available,Amateur Full Radio Licence,ZCV
M0ZCX,Available,Amateur Full Radio Licence,ZCX
M0ZCY,Available,Amateur Full Radio Licence,ZCY
M0ZCZ,Available,Amateur Full Radio Licence,ZCZ
M0ZDA,Available,Amateur Full Radio Licence,ZDA
M0ZDF,Available,Amateur Full Radio Licence,ZDF
M0ZDI,Available,Amateur Full Radio Licence,ZDI
M0ZDK,Available,Amateur Full Radio Licence,ZDK
M0ZDL,Available,Amateur Full Radio Licence,ZDL
M0ZDM,Available,Amateur Full Radio Licence,ZDM
M0ZDN,Available,Amateur Full Radio Licence,ZDN
M0ZDP,Available,Amateur Full Radio Licence,ZDP
M0ZDQ,Available,Amateur Full Radio Licence,ZDQ
M0ZDS,Available,Amateur Full Radio Licence,ZDS
M0ZDT,Available,Amateur Full Radio Licence,ZDT
M0ZDV,Available,Amateur Full Radio Licence,ZDV
M0ZDY,Available,Amateur Full Radio Licence,ZDY
M0ZEA,Available,Amateur Full Radio Licence,ZEA
M0ZEC,Available,Amateur Full Radio Licence,ZEC
M0ZEF,Available,Amateur Full Radio Licence,ZEF
M0ZEG,Available,Amateur Full Radio Licence,ZEG
M0ZEI,Available,Amateur Full Radio Licence,ZEI
M0ZEJ,Available,Amateur Full Radio Licence,ZEJ
M0ZEK,Available,Amateur Full Radio Licence,ZEK
M0ZEO,Available,Amateur Full Radio Licence,ZEO
M0ZEU,Available,Amateur Full Radio Licence,ZEU
M0ZEV,Available,Amateur Full Radio Licence,ZEV
M0ZEW,Available,Amateur Full Radio Licence,ZEW
M0ZEX,Available,Amateur Full Radio Licence,ZEX
M0ZEZ,Available,Amateur Full Radio Licence,ZEZ
M0ZFB,Available,Amateur Full Radio Licence,ZFB
M0ZFC,Available,Amateur Full Radio Licence,ZFC
M0ZFD,Available,Amateur Full Radio Licence,ZFD
M0ZFE,Available,Amateur Full Radio Licence,ZFE
M0ZFG,Available,Amateur Full Radio Licence,ZFG
M0ZFH,Available,Amateur Full Radio Licence,ZFH
M0ZFI,Available,Amateur Full Radio Licence,ZFI
M0ZFJ,Available,Amateur Full Radio Licence,ZFJ
M0ZFK,Available,Amateur Full Radio Licence,ZFK
M0ZFL,Available,Amateur Full Radio Licence,ZFL
M0ZFM,Available,Amateur Full Radio Licence,ZFM
M0ZFN,Available,Amateur Full Radio Licence,ZFN
M0ZFO,Available,Amateur Full Radio Licence,ZFO
M0ZFP,Available,Amateur Full Radio Licence,ZFP
M0ZFQ,Available,Amateur Full Radio Licence,ZFQ
M0ZFS,Available,Amateur Full Radio Licence,ZFS
M0ZFT,Available,Amateur Full Radio Licence,ZFT
M0ZFU,Available,Amateur Full Radio Licence,ZFU
M0ZFV,Available,Amateur Full Radio Licence,ZFV
M0ZFW,Available,Amateur Full Radio Licence,ZFW
M0ZFY,Available,Amateur Full Radio Licence,ZFY
M0ZFZ,Available,Amateur Full Radio Licence,ZFZ
M0ZGC,Available,Amateur Full Radio Licence,ZGC
M0ZGE,Available,Amateur Full Radio Licence,ZGE
M0ZGF,Available,Amateur Full Radio Licence,ZGF
M0ZGG,Available,Amateur Full Radio Licence,ZGG
M0ZGH,Available,Amateur Full Radio Licence,ZGH
M0ZGI,Available,Amateur Full Radio Licence,ZGI
M0ZGJ,Available,Amateur Full Radio Licence,ZGJ
M0ZGK,Available,Amateur Full Radio Licence,ZGK
M0ZGL,Available,Amateur Full Radio Licence,ZGL
M0ZGM,Available,Amateur Full Radio Licence,ZGM
M0ZGO,Available,Amateur Full Radio Licence,ZGO
M0ZGP,Available,Amateur Full Radio Licence,ZGP
M0ZGQ,Available,Amateur Full Radio Licence,ZGQ
M0ZGR,Available,Amateur Full Radio Licence,ZGR
M0ZGS,Available,Amateur Full Radio Licence,ZGS
M0ZGT,Available,Amateur Full Radio Licence,ZGT
M0ZGU,Available,Amateur Full Radio Licence,ZGU
M0ZGV,Available,Amateur Full Radio Licence,ZGV
M0ZGW,Available,Amateur Full Radio Licence,ZGW
M0ZGX,Available,Amateur Full Radio Licence,ZGX
M0ZGZ,Available,Amateur Full Radio Licence,ZGZ
M0ZHB,Available,Amateur Full Radio Licence,ZHB
M0ZHC,Available,Amateur Full Radio Licence,ZHC
M0ZHD,Available,Amateur Full Radio Licence,ZHD
M0ZHE,Available,Amateur Full Radio Licence,ZHE
M0ZHF,Available,Amateur Full Radio Licence,ZHF
M0ZHG,Available,Amateur Full Radio Licence,ZHG
M0ZHH,Available,Amateur Full Radio Licence,ZHH
M0ZHI,Available,Amateur Full Radio Licence,ZHI
M0ZHJ,Available,Amateur Full Radio Licence,ZHJ
M0ZHK,Available,Amateur Full Radio Licence,ZHK
M0ZHL,Available,Amateur Full Radio Licence,ZHL
M0ZHM,Available,Amateur Full Radio Licence,ZHM
M0ZHO,Available,Amateur Full Radio Licence,ZHO
M0ZHP,Available,Amateur Full Radio Licence,ZHP
M0ZHQ,Available,Amateur Full Radio Licence,ZHQ
M0ZHR,Available,Amateur Full Radio Licence,ZHR
M0ZHS,Available,Amateur Full Radio Licence,ZHS
M0ZHT,Available,Amateur Full Radio Licence,ZHT
M0ZHU,Available,Amateur Full Radio Licence,ZHU
M0ZHV,Available,Amateur Full Radio Licence,ZHV
M0ZHW,Available,Amateur Full Radio Licence,ZHW
M0ZHY,Available,Amateur Full Radio Licence,ZHY
M0ZHZ,Available,Amateur Full Radio Licence,ZHZ
M0ZIA,Available,Amateur Full Radio Licence,ZIA
M0ZIB,Available,Amateur Full Radio Licence,ZIB
M0ZIC,Available,Amateur Full Radio Licence,ZIC
M0ZIH,Available,Amateur Full Radio Licence,ZIH
M0ZII,Available,Amateur Full Radio Licence,ZII
M0ZIJ,Available,Amateur Full Radio Licence,ZIJ
M0ZIK,Available,Amateur Full Radio Licence,ZIK
M0ZIL,Available,Amateur Full Radio Licence,ZIL
M0ZIN,Available,Amateur Full Radio Licence,ZIN
M0ZIO,Available,Amateur Full Radio Licence,ZIO
M0ZIQ,Available,Amateur Full Radio Licence,ZIQ
M0ZIR,Available,Amateur Full Radio Licence,ZIR
M0ZIS,Available,Amateur Full Radio Licence,ZIS
M0ZIU,Available,Amateur Full Radio Licence,ZIU
M0ZIV,Available,Amateur Full Radio Licence,ZIV
M0ZIW,Available,Amateur Full Radio Licence,ZIW
M0ZIY,Available,Amateur Full Radio Licence,ZIY
M0ZIZ,Available,Amateur Full Radio Licence,ZIZ
M0ZJA,Available,Amateur Full Radio Licence,ZJA
M0ZJC,Available,Amateur Full Radio Licence,ZJC
M0ZJD,Available,Amateur Full Radio Licence,ZJD
M0ZJE,Available,Amateur Full Radio Licence,ZJE
M0ZJF,Available,Amateur Full Radio Licence,ZJF
M0ZJG,Available,Amateur Full Radio Licence,ZJG
M0ZJH,Available,Amateur Full Radio Licence,ZJH
M0ZJI,Available,Amateur Full Radio Licence,ZJI
M0ZJJ,Available,Amateur Full Radio Licence,ZJJ
M0ZJK,Available,Amateur Full Radio Licence,ZJK
M0ZJL,Available,Amateur Full Radio Licence,ZJL
M0ZJM,Available,Amateur Full Radio Licence,ZJM
M0ZJN,Available,Amateur Full Radio Licence,ZJN
M0ZJP,Available,Amateur Full Radio Licence,ZJP
M0ZJR,Available,Amateur Full Radio Licence,ZJR
M0ZJS,Available,Amateur Full Radio Licence,ZJS
M0ZJT,Available,Amateur Full Radio Licence,ZJT
M0ZJU,Available,Amateur Full Radio Licence,ZJU
M0ZJW,Available,Amateur Full Radio Licence,ZJW
M0ZJX,Available,Amateur Full Radio Licence,ZJX
M0ZJY,Available,Amateur Full Radio Licence,ZJY
M0ZJZ,Available,Amateur Full Radio Licence,ZJZ
M0ZKB,Available,Amateur Full Radio Licence,ZKB
M0ZKC,Available,Amateur Full Radio Licence,ZKC
M0ZKD,Available,Amateur Full Radio Licence,ZKD
M0ZKE,Available,Amateur Full Radio Licence,ZKE
M0ZKF,Available,Amateur Full Radio Licence,ZKF
M0ZKG,Available,Amateur Full Radio Licence,ZKG
M0ZKH,Available,Amateur Full Radio Licence,ZKH
M0ZKI,Available,Amateur Full Radio Licence,ZKI
M0ZKJ,Available,Amateur Full Radio Licence,ZKJ
M0ZKL,Available,Amateur Full Radio Licence,ZKL
M0ZKM,Available,Amateur Full Radio Licence,ZKM
M0ZKN,Available,Amateur Full Radio Licence,ZKN
M0ZKO,Available,Amateur Full Radio Licence,ZKO
M0ZKP,Available,Amateur Full Radio Licence,ZKP
M0ZKQ,Available,Amateur Full Radio Licence,ZKQ
M0ZKR,Available,Amateur Full Radio Licence,ZKR
M0ZKS,Available,Amateur Full Radio Licence,ZKS
M0ZKT,Available,Amateur Full Radio Licence,ZKT
M0ZKU,Available,Amateur Full Radio Licence,ZKU
M0ZKV,Available,Amateur Full Radio Licence,ZKV
M0ZKW,Available,Amateur Full Radio Licence,ZKW
M0ZKY,Available,Amateur Full Radio Licence,ZKY
M0ZKZ,Available,Amateur Full Radio Licence,ZKZ
M0ZLA,Available,Amateur Full Radio Licence,ZLA
M0ZLC,Available,Amateur Full Radio Licence,ZLC
M0ZLD,Available,Amateur Full Radio Licence,ZLD
M0ZLG,Available,Amateur Full Radio Licence,ZLG
M0ZLH,Available,Amateur Full Radio Licence,ZLH
M0ZLJ,Available,Amateur Full Radio Licence,ZLJ
M0ZLL,Available,Amateur Full Radio Licence,ZLL
M0ZLM,Available,Amateur Full Radio Licence,ZLM
M0ZLN,Available,Amateur Full Radio Licence,ZLN
M0ZLO,Available,Amateur Full Radio Licence,ZLO
M0ZLP,Available,Amateur Full Radio Licence,ZLP
M0ZLQ,Available,Amateur Full Radio Licence,ZLQ
M0ZLS,Available,Amateur Full Radio Licence,ZLS
M0ZLT,Available,Amateur Full Radio Licence,ZLT
M0ZLU,Available,Amateur Full Radio Licence,ZLU
M0ZLV,Available,Amateur Full Radio Licence,ZLV
M0ZLX,Available,Amateur Full Radio Licence,ZLX
M0ZLY,Available,Amateur Full Radio Licence,ZLY
M0ZLZ,Available,Amateur Full Radio Licence,ZLZ
M0ZMA,Available,Amateur Full Radio Licence,ZMA
M0ZMC,Available,Amateur Full Radio Licence,ZMC
M0ZMD,Available,Amateur Full Radio Licence,ZMD
M0ZME,Available,Amateur Full Radio Licence,ZME
M0ZMG,Available,Amateur Full Radio Licence,ZMG
M0ZMH,Available,Amateur Full Radio Licence,ZMH
M0ZMI,Available,Amateur Full Radio Licence,ZMI
M0ZMJ,Available,Amateur Full Radio Licence,ZMJ
M0ZMK,Available,Amateur Full Radio Licence,ZMK
M0ZML,Available,Amateur Full Radio Licence,ZML
M0ZMN,Available,Amateur Full Radio Licence,ZMN
M0ZMP,Available,Amateur Full Radio Licence,ZMP
M0ZMQ,Available,Amateur Full Radio Licence,ZMQ
M0ZMR,Available,Amateur Full Radio Licence,ZMR
M0ZMU,Available,Amateur Full Radio Licence,ZMU
M0ZMV,Available,Amateur Full Radio Licence,ZMV
M0ZMW,Available,Amateur Full Radio Licence,ZMW
M0ZMY,Available,Amateur Full Radio Licence,ZMY
M0ZMZ,Available,Amateur Full Radio Licence,ZMZ
M0ZNA,Available,Amateur Full Radio Licence,ZNA
M0ZNB,Available,Amateur Full Radio Licence,ZNB
M0ZNC,Available,Amateur Full Radio Licence,ZNC
M0ZND,Available,Amateur Full Radio Licence,ZND
M0ZNE,Available,Amateur Full Radio Licence,ZNE
M0ZNF,Available,Amateur Full Radio Licence,ZNF
M0ZNG,Available,Amateur Full Radio Licence,ZNG
M0ZNI,Available,Amateur Full Radio Licence,ZNI
M0ZNJ,Available,Amateur Full Radio Licence,ZNJ
M0ZNK,Available,Amateur Full Radio Licence,ZNK
M0ZNL,Available,Amateur Full Radio Licence,ZNL
M0ZNM,Available,Amateur Full Radio Licence,ZNM
M0ZNN,Available,Amateur Full Radio Licence,ZNN
M0ZNO,Available,Amateur Full Radio Licence,ZNO
M0ZNQ,Available,Amateur Full Radio Licence,ZNQ
M0ZNR,Available,Amateur Full Radio Licence,ZNR
M0ZNS,Available,Amateur Full Radio Licence,ZNS
M0ZNT,Available,Amateur Full Radio Licence,ZNT
M0ZNU,Available,Amateur Full Radio Licence,ZNU
M0ZNV,Available,Amateur Full Radio Licence,ZNV
M0ZNW,Available,Amateur Full Radio Licence,ZNW
M0ZNX,Available,Amateur Full Radio Licence,ZNX
M0ZNY,Available,Amateur Full Radio Licence,ZNY
M0ZOB,Available,Amateur Full Radio Licence,ZOB
M0ZOF,Available,Amateur Full Radio Licence,ZOF
M0ZOH,Available,Amateur Full Radio Licence,ZOH
M0ZOI,Available,Amateur Full Radio Licence,ZOI
M0ZOJ,Available,Amateur Full Radio Licence,ZOJ
M0ZOK,Available,Amateur Full Radio Licence,ZOK
M0ZON,Available,Amateur Full Radio Licence,ZON
M0ZOQ,Available,Amateur Full Radio Licence,ZOQ
M0ZOT,Available,Amateur Full Radio Licence,ZOT
M0ZOU,Available,Amateur Full Radio Licence,ZOU
M0ZOW,Available,Amateur Full Radio Licence,ZOW
M0ZOX,Available,Amateur Full Radio Licence,ZOX
M0ZOY,Available,Amateur Full Radio Licence,ZOY
M0ZOZ,Available,Amateur Full Radio Licence,ZOZ
M0ZPB,Available,Amateur Full Radio Licence,ZPB
M0ZPC,Available,Amateur Full Radio Licence,ZPC
M0ZPE,Available,Amateur Full Radio Licence,ZPE
M0ZPF,Available,Amateur Full Radio Licence,ZPF
M0ZPH,Available,Amateur Full Radio Licence,ZPH
M0ZPI,Available,Amateur Full Radio Licence,ZPI
M0ZPJ,Available,Amateur Full Radio Licence,ZPJ
M0ZPL,Available,Amateur Full Radio Licence,ZPL
M0ZPO,Available,Amateur Full Radio Licence,ZPO
M0ZPP,Available,Amateur Full Radio Licence,ZPP
M0ZPQ,Available,Amateur Full Radio Licence,ZPQ
M0ZPR,Available,Amateur Full Radio Licence,ZPR
M0ZPS,Available,Amateur Full Radio Licence,ZPS
M0ZPT,Available,Amateur Full Radio Licence,ZPT
M0ZPV,Available,Amateur Full Radio Licence,ZPV
M0ZPW,Available,Amateur Full Radio Licence,ZPW
M0ZPX,Available,Amateur Full Radio Licence,ZPX
M0ZPY,Available,Amateur Full Radio Licence,ZPY
M0ZQA,Available,Amateur Full Radio Licence,ZQA
M0ZQB,Available,Amateur Full Radio Licence,ZQB
M0ZQC,Available,Amateur Full Radio Licence,ZQC
M0ZQD,Available,Amateur Full Radio Licence,ZQD
M0ZQE,Available,Amateur Full Radio Licence,ZQE
M0ZQF,Available,Amateur Full Radio Licence,ZQF
M0ZQG,Available,Amateur Full Radio Licence,ZQG
M0ZQH,Available,Amateur Full Radio Licence,ZQH
M0ZQJ,Available,Amateur Full Radio Licence,ZQJ
M0ZQK,Available,Amateur Full Radio Licence,ZQK
M0ZQL,Available,Amateur Full Radio Licence,ZQL
M0ZQM,Available,Amateur Full Radio Licence,ZQM
M0ZQN,Available,Amateur Full Radio Licence,ZQN
M0ZQO,Available,Amateur Full Radio Licence,ZQO
M0ZQP,Available,Amateur Full Radio Licence,ZQP
M0ZQQ,Available,Amateur Full Radio Licence,ZQQ
M0ZQS,Available,Amateur Full Radio Licence,ZQS
M0ZQT,Available,Amateur Full Radio Licence,ZQT
M0ZQU,Available,Amateur Full Radio Licence,ZQU
M0ZQV,Available,Amateur Full Radio Licence,ZQV
M0ZQW,Available,Amateur Full Radio Licence,ZQW
M0ZQX,Available,Amateur Full Radio Licence,ZQX
M0ZQY,Available,Amateur Full Radio Licence,ZQY
M0ZQZ,Available,Amateur Full Radio Licence,ZQZ
M0ZRB,Available,Amateur Full Radio Licence,ZRB
M0ZRC,Available,Amateur Full Radio Licence,ZRC
M0ZRD,Available,Amateur Full Radio Licence,ZRD
M0ZRE,Available,Amateur Full Radio Licence,ZRE
M0ZRG,Available,Amateur Full Radio Licence,ZRG
M0ZRH,Available,Amateur Full Radio Licence,ZRH
M0ZRI,Available,Amateur Full Radio Licence,ZRI
M0ZRJ,Available,Amateur Full Radio Licence,ZRJ
M0ZRK,Available,Amateur Full Radio Licence,ZRK
M0ZRL,Available,Amateur Full Radio Licence,ZRL
M0ZRM,Available,Amateur Full Radio Licence,ZRM
M0ZRO,Available,Amateur Full Radio Licence,ZRO
M0ZRP,Available,Amateur Full Radio Licence,ZRP
M0ZRR,Available,Amateur Full Radio Licence,ZRR
M0ZRU,Available,Amateur Full Radio Licence,ZRU
M0ZRV,Available,Amateur Full Radio Licence,ZRV
M0ZRW,Available,Amateur Full Radio Licence,ZRW
M0ZRX,Available,Amateur Full Radio Licence,ZRX
M0ZRY,Available,Amateur Full Radio Licence,ZRY
M0ZRZ,Available,Amateur Full Radio Licence,ZRZ
M0ZSB,Available,Amateur Full Radio Licence,ZSB
M0ZSE,Available,Amateur Full Radio Licence,ZSE
M0ZSF,Available,Amateur Full Radio Licence,ZSF
M0ZSG,Available,Amateur Full Radio Licence,ZSG
M0ZSH,Available,Amateur Full Radio Licence,ZSH
M0ZSI,Available,Amateur Full Radio Licence,ZSI
M0ZSL,Available,Amateur Full Radio Licence,ZSL
M0ZSN,Available,Amateur Full Radio Licence,ZSN
M0ZSO,Available,Amateur Full Radio Licence,ZSO
M0ZSQ,Available,Amateur Full Radio Licence,ZSQ
M0ZSR,Available,Amateur Full Radio Licence,ZSR
M0ZSS,Available,Amateur Full Radio Licence,ZSS
M0ZST,Available,Amateur Full Radio Licence,ZST
M0ZSV,Available,Amateur Full Radio Licence,ZSV
M0ZSW,Available,Amateur Full Radio Licence,ZSW
M0ZSX,Available,Amateur Full Radio Licence,ZSX
M0ZSY,Available,Amateur Full Radio Licence,ZSY
M0ZTA,Available,Amateur Full Radio Licence,ZTA
M0ZTB,Available,Amateur Full Radio Licence,ZTB
M0ZTC,Available,Amateur Full Radio Licence,ZTC
M0ZTE,Available,Amateur Full Radio Licence,ZTE
M0ZTF,Available,Amateur Full Radio Licence,ZTF
M0ZTH,Available,Amateur Full Radio Licence,ZTH
M0ZTI,Available,Amateur Full Radio Licence,ZTI
M0ZTJ,Available,Amateur Full Radio Licence,ZTJ
M0ZTK,Available,Amateur Full Radio Licence,ZTK
M0ZTL,Available,Amateur Full Radio Licence,ZTL
M0ZTM,Available,Amateur Full Radio Licence,ZTM
M0ZTN,Available,Amateur Full Radio Licence,ZTN
M0ZTO,Available,Amateur Full Radio Licence,ZTO
M0ZTQ,Available,Amateur Full Radio Licence,ZTQ
M0ZTR,Available,Amateur Full Radio Licence,ZTR
M0ZTS,Available,Amateur Full Radio Licence,ZTS
M0ZTU,Available,Amateur Full Radio Licence,ZTU
M0ZTV,Available,Amateur Full Radio Licence,ZTV
M0ZTW,Available,Amateur Full Radio Licence,ZTW
M0ZTY,Available,Amateur Full Radio Licence,ZTY
M0ZTZ,Available,Amateur Full Radio Licence,ZTZ
M0ZUA,Available,Amateur Full Radio Licence,ZUA
M0ZUB,Available,Amateur Full Radio Licence,ZUB
M0ZUC,Available,Amateur Full Radio Licence,ZUC
M0ZUD,Available,Amateur Full Radio Licence,ZUD
M0ZUE,Available,Amateur Full Radio Licence,ZUE
M0ZUG,Available,Amateur Full Radio Licence,ZUG
M0ZUH,Available,Amateur Full Radio Licence,ZUH
M0ZUJ,Available,Amateur Full Radio Licence,ZUJ
M0ZUK,Available,Amateur Full Radio Licence,ZUK
M0ZUL,Available,Amateur Full Radio Licence,ZUL
M0ZUM,Available,Amateur Full Radio Licence,ZUM
M0ZUO,Available,Amateur Full Radio Licence,ZUO
M0ZUP,Available,Amateur Full Radio Licence,ZUP
M0ZUQ,Available,Amateur Full Radio Licence,ZUQ
M0ZUR,Available,Amateur Full Radio Licence,ZUR
M0ZUT,Available,Amateur Full Radio Licence,ZUT
M0ZUV,Available,Amateur Full Radio Licence,ZUV
M0ZUW,Available,Amateur Full Radio Licence,ZUW
M0ZUX,Available,Amateur Full Radio Licence,ZUX
M0ZUY,Available,Amateur Full Radio Licence,ZUY
M0ZUZ,Available,Amateur Full Radio Licence,ZUZ
M0ZVA,Available,Amateur Full Radio Licence,ZVA
M0ZVC,Available,Amateur Full Radio Licence,ZVC
M0ZVD,Available,Amateur Full Radio Licence,ZVD
M0ZVE,Available,Amateur Full Radio Licence,ZVE
M0ZVG,Available,Amateur Full Radio Licence,ZVG
M0ZVH,Available,Amateur Full Radio Licence,ZVH
M0ZVI,Available,Amateur Full Radio Licence,ZVI
M0ZVJ,Available,Amateur Full Radio Licence,ZVJ
M0ZVK,Available,Amateur Full Radio Licence,ZVK
M0ZVL,Available,Amateur Full Radio Licence,ZVL
M0ZVM,Available,Amateur Full Radio Licence,ZVM
M0ZVN,Available,Amateur Full Radio Licence,ZVN
M0ZVO,Available,Amateur Full Radio Licence,ZVO
M0ZVP,Available,Amateur Full Radio Licence,ZVP
M0ZVQ,Available,Amateur Full Radio Licence,ZVQ
M0ZVS,Available,Amateur Full Radio Licence,ZVS
M0ZVT,Available,Amateur Full Radio Licence,ZVT
M0ZVU,Available,Amateur Full Radio Licence,ZVU
M0ZVW,Available,Amateur Full Radio Licence,ZVW
M0ZVY,Available,Amateur Full Radio Licence,ZVY
M0ZVZ,Available,Amateur Full Radio Licence,ZVZ
M0ZWA,Available,Amateur Full Radio Licence,ZWA
M0ZWB,Available,Amateur Full Radio Licence,ZWB
M0ZWC,Available,Amateur Full Radio Licence,ZWC
M0ZWD,Available,Amateur Full Radio Licence,ZWD
M0ZWF,Available,Amateur Full Radio Licence,ZWF
M0ZWG,Available,Amateur Full Radio Licence,ZWG
M0ZWH,Available,Amateur Full Radio Licence,ZWH
M0ZWI,Available,Amateur Full Radio Licence,ZWI
M0ZWJ,Available,Amateur Full Radio Licence,ZWJ
M0ZWK,Available,Amateur Full Radio Licence,ZWK
M0ZWL,Available,Amateur Full Radio Licence,ZWL
M0ZWM,Available,Amateur Full Radio Licence,ZWM
M0ZWN,Available,Amateur Full Radio Licence,ZWN
M0ZWO,Available,Amateur Full Radio Licence,ZWO
M0ZWP,Available,Amateur Full Radio Licence,ZWP
M0ZWQ,Available,Amateur Full Radio Licence,ZWQ
M0ZWS,Available,Amateur Full Radio Licence,ZWS
M0ZWT,Available,Amateur Full Radio Licence,ZWT
M0ZWU,Available,Amateur Full Radio Licence,ZWU
M0ZWV,Available,Amateur Full Radio Licence,ZWV
M0ZWX,Available,Amateur Full Radio Licence,ZWX
M0ZWY,Available,Amateur Full Radio Licence,ZWY
M0ZWZ,Available,Amateur Full Radio Licence,ZWZ
M0ZXB,Available,Amateur Full Radio Licence,ZXB
M0ZXC,Available,Amateur Full Radio Licence,ZXC
M0ZXD,Available,Amateur Full Radio Licence,ZXD
M0ZXE,Available,Amateur Full Radio Licence,ZXE
M0ZXF,Available,Amateur Full Radio Licence,ZXF
M0ZXH,Available,Amateur Full Radio Licence,ZXH
M0ZXK,Available,Amateur Full Radio Licence,ZXK
M0ZXL,Available,Amateur Full Radio Licence,ZXL
M0ZXM,Available,Amateur Full Radio Licence,ZXM
M0ZXN,Available,Amateur Full Radio Licence,ZXN
M0ZXR,Available,Amateur Full Radio Licence,ZXR
M0ZXS,Available,Amateur Full Radio Licence,ZXS
M0ZXU,Available,Amateur Full Radio Licence,ZXU
M0ZXV,Available,Amateur Full Radio Licence,ZXV
M0ZXW,Available,Amateur Full Radio Licence,ZXW
M0ZXX,Available,Amateur Full Radio Licence,ZXX
M0ZXY,Available,Amateur Full Radio Licence,ZXY
M0ZYA,Available,Amateur Full Radio Licence,ZYA
M0ZYB,Available,Amateur Full Radio Licence,ZYB
M0ZYC,Available,Amateur Full Radio Licence,ZYC
M0ZYE,Available,Amateur Full Radio Licence,ZYE
M0ZYG,Available,Amateur Full Radio Licence,ZYG
M0ZYH,Available,Amateur Full Radio Licence,ZYH
M0ZYI,Available,Amateur Full Radio Licence,ZYI
M0ZYJ,Available,Amateur Full Radio Licence,ZYJ
M0ZYK,Available,Amateur Full Radio Licence,ZYK
M0ZYL,Available,Amateur Full Radio Licence,ZYL
M0ZYM,Available,Amateur Full Radio Licence,ZYM
M0ZYN,Available,Amateur Full Radio Licence,ZYN
M0ZYO,Available,Amateur Full Radio Licence,ZYO
M0ZYP,Available,Amateur Full Radio Licence,ZYP
M0ZYQ,Available,Amateur Full Radio Licence,ZYQ
M0ZYR,Available,Amateur Full Radio Licence,ZYR
M0ZYS,Available,Amateur Full Radio Licence,ZYS
M0ZYU,Available,Amateur Full Radio Licence,ZYU
M0ZYV,Available,Amateur Full Radio Licence,ZYV
M0ZYW,Available,Amateur Full Radio Licence,ZYW
M0ZYX,Available,Amateur Full Radio Licence,ZYX
M0ZYY,Available,Amateur Full Radio Licence,ZYY
M0ZZB,Available,Amateur Full Radio Licence,ZZB
M0ZZC,Available,Amateur Full Radio Licence,ZZC
M0ZZE,Available,Amateur Full Radio Licence,ZZE
M0ZZF,Available,Amateur Full Radio Licence,ZZF
M0ZZG,Available,Amateur Full Radio Licence,ZZG
M0ZZH,Available,Amateur Full Radio Licence,ZZH
M0ZZJ,Available,Amateur Full Radio Licence,ZZJ
M0ZZL,Available,Amateur Full Radio Licence,ZZL
M0ZZN,Available,Amateur Full Radio Licence,ZZN
M0ZZP,Available,Amateur Full Radio Licence,ZZP
M0ZZQ,Available,Amateur Full Radio Licence,ZZQ
M0ZZS,Available,Amateur Full Radio Licence,ZZS
M0ZZU,Available,Amateur Full Radio Licence,ZZU
M0ZZV,Available,Amateur Full Radio Licence,ZZV
M0ZZW,Available,Amateur Full Radio Licence,ZZW
SCB,Available,Amateur Full Radio Licence,1
UGZ,Available,Amateur Full Radio Licence,8
