Country,Current Series,Reference,Value,Type,Product,Status,Allocated Flag
M,0,HVN,M0HVN,Call Sign,Amateur Full Radio Licence,Available,N
M,0,HVP,M0HVP,Call Sign,Amateur Full Radio Licence,Available,N
M,0,HVQ,M0HVQ,Call Sign,Amateur Full Radio Licence,Available,N
M,0,HVR,M0HVR,Call Sign,Amateur Full Radio Licence,Available,N
M,0,HVS,M0HVS,Call Sign,Amateur Full Radio Licence,Available,N
M,0,HVT,M0HVT,Call Sign,Amateur Full Radio Licence,Available,N
M,0,HVU,M0HVU,Call Sign,Amateur Full Radio Licence,Available,N
M,0,HVV,M0HVV,Call Sign,Amateur Full Radio Licence,Available,N
M,0,HVW,M0HVW,Call Sign,Amateur Full Radio Licence,Available,N
M,0,HVX,M0HVX,Call Sign,Amateur Full Radio Licence,Available,N
M,0,HVY,M0HVY,Call Sign,Amateur Full Radio Licence,Available,N
M,0,HVZ,M0HVZ,Call Sign,Amateur Full Radio Licence,Available,N
M,0,HWB,M0HWB,Call Sign,Amateur Full Radio Licence,Available,N
M,0,HWD,M0HWD,Call Sign,Amateur Full Radio Licence,Available,N
M,0,HWE,M0HWE,Call Sign,Amateur Full Radio Licence,Available,N
M,0,HWF,M0HWF,Call Sign,Amateur Full Radio Licence,Available,N
M,0,HWG,M0HWG,Call Sign,Amateur Full Radio Licence,Available,N
M,0,HWH,M0HWH,Call Sign,Amateur Full Radio Licence,Available,N
M,0,HWI,M0HWI,Call Sign,Amateur Full Radio Licence,Available,N
M,0,HWJ,M0HWJ,Call Sign,Amateur Full Radio Licence,Available,N
M,0,HWL,M0HWL,Call Sign,Amateur Full Radio Licence,Available,N
M,0,HWO,M0HWO,Call Sign,Amateur Full Radio Licence,Available,N
M,0,HWP,M0HWP,Call Sign,Amateur Full Radio Licence,Available,N
M,0,HWQ,M0HWQ,Call Sign,Amateur Full Radio Licence,Available,N
M,0,HWT,M0HWT,Call Sign,Amateur Full Radio Licence,Available,N
M,0,HWU,M0HWU,Call Sign,Amateur Full Radio Licence,Available,N
M,0,HWV,M0HWV,Call Sign,Amateur Full Radio Licence,Available,N
M,0,HWW,M0HWW,Call Sign,Amateur Full Radio Licence,Available,N
M,0,HWX,M0HWX,Call Sign,Amateur Full Radio Licence,Available,N
M,0,HWZ,M0HWZ,Call Sign,Amateur Full Radio Licence,Available,N
M,0,HXA,M0HXA,Call Sign,Amateur Full Radio Licence,Available,N
M,0,HXC,M0HXC,Call Sign,Amateur Full Radio Licence,Available,N
M,0,HXD,M0HXD,Call Sign,Amateur Full Radio Licence,Available,N
M,0,HXF,M0HXF,Call Sign,Amateur Full Radio Licence,Available,N
M,0,HXG,M0HXG,Call Sign,Amateur Full Radio Licence,Available,N
M,0,HXH,M0HXH,Call Sign,Amateur Full Radio Licence,Available,N
M,0,HXI,M0HXI,Call Sign,Amateur Full Radio Licence,Available,N
M,0,HXJ,M0HXJ,Call Sign,Amateur Full Radio Licence,Available,N
M,0,HXK,M0HXK,Call Sign,Amateur Full Radio Licence,Available,N
M,0,HXL,M0HXL,Call Sign,Amateur Full Radio Licence,Available,N
M,0,HXM,M0HXM,Call Sign,Amateur Full Radio Licence,Available,N
M,0,HXN,M0HXN,Call Sign,Amateur Full Radio Licence,Available,N
M,0,HXO,M0HXO,Call Sign,Amateur Full Radio Licence,Available,N
M,0,HXP,M0HXP,Call Sign,Amateur Full Radio Licence,Available,N
M,0,HXQ,M0HXQ,Call Sign,Amateur Full Radio Licence,Available,N
M,0,HXR,M0HXR,Call Sign,Amateur Full Radio Licence,Available,N
M,0,HXS,M0HXS,Call Sign,Amateur Full Radio Licence,Available,N
M,0,HXU,M0HXU,Call Sign,Amateur Full Radio Licence,Available,N
M,0,HXV,M0HXV,Call Sign,Amateur Full Radio Licence,Available,N
M,0,HXW,M0HXW,Call Sign,Amateur Full Radio Licence,Available,N
M,0,HXX,M0HXX,Call Sign,Amateur Full Radio Licence,Available,N
M,0,HXY,M0HXY,Call Sign,Amateur Full Radio Licence,Available,N
M,0,HXZ,M0HXZ,Call Sign,Amateur Full Radio Licence,Available,N
M,0,HYA,M0HYA,Call Sign,Amateur Full Radio Licence,Available,N
M,0,HYB,M0HYB,Call Sign,Amateur Full Radio Licence,Available,N
M,0,HYF,M0HYF,Call Sign,Amateur Full Radio Licence,Available,N
M,0,HYG,M0HYG,Call Sign,Amateur Full Radio Licence,Available,N
M,0,HYH,M0HYH,Call Sign,Amateur Full Radio Licence,Available,N
M,0,HYI,M0HYI,Call Sign,Amateur Full Radio Licence,Available,N
M,0,HYJ,M0HYJ,Call Sign,Amateur Full Radio Licence,Available,N
M,0,HYK,M0HYK,Call Sign,Amateur Full Radio Licence,Available,N
M,0,HYL,M0HYL,Call Sign,Amateur Full Radio Licence,Available,N
M,0,HYM,M0HYM,Call Sign,Amateur Full Radio Licence,Available,N
M,0,HYN,M0HYN,Call Sign,Amateur Full Radio Licence,Available,N
M,0,HYO,M0HYO,Call Sign,Amateur Full Radio Licence,Available,N
M,0,HYQ,M0HYQ,Call Sign,Amateur Full Radio Licence,Available,N
M,0,HYS,M0HYS,Call Sign,Amateur Full Radio Licence,Available,N
M,0,HYU,M0HYU,Call Sign,Amateur Full Radio Licence,Available,N
M,0,HYV,M0HYV,Call Sign,Amateur Full Radio Licence,Available,N
M,0,HYW,M0HYW,Call Sign,Amateur Full Radio Licence,Available,N
M,0,HYX,M0HYX,Call Sign,Amateur Full Radio Licence,Available,N
M,0,HYY,M0HYY,Call Sign,Amateur Full Radio Licence,Available,N
M,0,HYZ,M0HYZ,Call Sign,Amateur Full Radio Licence,Available,N
M,0,HZA,M0HZA,Call Sign,Amateur Full Radio Licence,Available,N
M,0,HZB,M0HZB,Call Sign,Amateur Full Radio Licence,Available,N
M,0,HZC,M0HZC,Call Sign,Amateur Full Radio Licence,Available,N
M,0,HZD,M0HZD,Call Sign,Amateur Full Radio Licence,Available,N
M,0,HZE,M0HZE,Call Sign,Amateur Full Radio Licence,Available,N
M,0,HZF,M0HZF,Call Sign,Amateur Full Radio Licence,Available,N
M,0,HZG,M0HZG,Call Sign,Amateur Full Radio Licence,Available,N
M,0,HZH,M0HZH,Call Sign,Amateur Full Radio Licence,Available,N
M,0,HZI,M0HZI,Call Sign,Amateur Full Radio Licence,Available,N
M,0,HZJ,M0HZJ,Call Sign,Amateur Full Radio Licence,Available,N
M,0,HZK,M0HZK,Call Sign,Amateur Full Radio Licence,Available,N
M,0,HZM,M0HZM,Call Sign,Amateur Full Radio Licence,Available,N
M,0,HZN,M0HZN,Call Sign,Amateur Full Radio Licence,Available,N
M,0,HZO,M0HZO,Call Sign,Amateur Full Radio Licence,Available,N
M,0,HZP,M0HZP,Call Sign,Amateur Full Radio Licence,Available,N
M,0,HZQ,M0HZQ,Call Sign,Amateur Full Radio Licence,Available,N
M,0,HZR,M0HZR,Call Sign,Amateur Full Radio Licence,Available,N
M,0,HZU,M0HZU,Call Sign,Amateur Full Radio Licence,Available,N
M,0,HZV,M0HZV,Call Sign,Amateur Full Radio Licence,Available,N
M,0,HZW,M0HZW,Call Sign,Amateur Full Radio Licence,Available,N
M,0,HZX,M0HZX,Call Sign,Amateur Full Radio Licence,Available,N
M,0,HZY,M0HZY,Call Sign,Amateur Full Radio Licence,Available,N
M,0,HZZ,M0HZZ,Call Sign,Amateur Full Radio Licence,Available,N
M,0,IAO,M0IAO,Call Sign,Amateur Full Radio Licence,Available,N
M,0,IAQ,M0IAQ,Call Sign,Amateur Full Radio Licence,Available,N
M,0,IAU,M0IAU,Call Sign,Amateur Full Radio Licence,Available,N
M,0,IAV,M0IAV,Call Sign,Amateur Full Radio Licence,Available,N
M,0,IAW,M0IAW,Call Sign,Amateur Full Radio Licence,Available,N
M,0,IAX,M0IAX,Call Sign,Amateur Full Radio Licence,Available,N
M,0,IAY,M0IAY,Call Sign,Amateur Full Radio Licence,Available,N
M,0,IAZ,M0IAZ,Call Sign,Amateur Full Radio Licence,Available,N
M,0,IBB,M0IBB,Call Sign,Amateur Full Radio Licence,Available,N
M,0,IBD,M0IBD,Call Sign,Amateur Full Radio Licence,Available,N
M,0,IBF,M0IBF,Call Sign,Amateur Full Radio Licence,Available,N
M,0,IBG,M0IBG,Call Sign,Amateur Full Radio Licence,Available,N
M,0,IBH,M0IBH,Call Sign,Amateur Full Radio Licence,Available,N
M,0,IBI,M0IBI,Call Sign,Amateur Full Radio Licence,Available,N
M,0,IBJ,M0IBJ,Call Sign,Amateur Full Radio Licence,Available,N
M,0,IBK,M0IBK,Call Sign,Amateur Full Radio Licence,Available,N
M,0,IBN,M0IBN,Call Sign,Amateur Full Radio Licence,Available,N
M,0,IBO,M0IBO,Call Sign,Amateur Full Radio Licence,Available,N
M,0,IBP,M0IBP,Call Sign,Amateur Full Radio Licence,Available,N
M,0,IBQ,M0IBQ,Call Sign,Amateur Full Radio Licence,Available,N
M,0,IBR,M0IBR,Call Sign,Amateur Full Radio Licence,Available,N
M,0,IBS,M0IBS,Call Sign,Amateur Full Radio Licence,Available,N
M,0,IBT,M0IBT,Call Sign,Amateur Full Radio Licence,Available,N
M,0,IBU,M0IBU,Call Sign,Amateur Full Radio Licence,Available,N
M,0,IBV,M0IBV,Call Sign,Amateur Full Radio Licence,Available,N
M,0,IBW,M0IBW,Call Sign,Amateur Full Radio Licence,Available,N
M,0,IBX,M0IBX,Call Sign,Amateur Full Radio Licence,Available,N
M,0,IBY,M0IBY,Call Sign,Amateur Full Radio Licence,Available,N
M,0,ICF,M0ICF,Call Sign,Amateur Full Radio Licence,Available,N
M,0,ICG,M0ICG,Call Sign,Amateur Full Radio Licence,Available,N
M,0,ICH,M0ICH,Call Sign,Amateur Full Radio Licence,Available,N
M,0,ICI,M0ICI,Call Sign,Amateur Full Radio Licence,Available,N
M,0,ICL,M0ICL,Call Sign,Amateur Full Radio Licence,Available,N
M,0,ICN,M0ICN,Call Sign,Amateur Full Radio Licence,Available,N
M,0,ICV,M0ICV,Call Sign,Amateur Full Radio Licence,Available,N
M,0,ICX,M0ICX,Call Sign,Amateur Full Radio Licence,Available,N
M,0,ICZ,M0ICZ,Call Sign,Amateur Full Radio Licence,Available,N
M,0,IDA,M0IDA,Call Sign,Amateur Full Radio Licence,Available,N
M,0,IDC,M0IDC,Call Sign,Amateur Full Radio Licence,Available,N
M,0,IDE,M0IDE,Call Sign,Amateur Full Radio Licence,Available,N
M,0,IDF,M0IDF,Call Sign,Amateur Full Radio Licence,Available,N
M,0,IDH,M0IDH,Call Sign,Amateur Full Radio Licence,Available,N
M,0,IDJ,M0IDJ,Call Sign,Amateur Full Radio Licence,Available,N
M,0,IDK,M0IDK,Call Sign,Amateur Full Radio Licence,Available,N
M,0,IDN,M0IDN,Call Sign,Amateur Full Radio Licence,Available,N
M,0,IDO,M0IDO,Call Sign,Amateur Full Radio Licence,Available,N
M,0,IDP,M0IDP,Call Sign,Amateur Full Radio Licence,Available,N
M,0,IDQ,M0IDQ,Call Sign,Amateur Full Radio Licence,Available,N
M,0,IDS,M0IDS,Call Sign,Amateur Full Radio Licence,Available,N
M,0,IDV,M0IDV,Call Sign,Amateur Full Radio Licence,Available,N
M,0,IDW,M0IDW,Call Sign,Amateur Full Radio Licence,Available,N
M,0,IDY,M0IDY,Call Sign,Amateur Full Radio Licence,Available,N
M,0,IDZ,M0IDZ,Call Sign,Amateur Full Radio Licence,Available,N
M,0,IEA,M0IEA,Call Sign,Amateur Full Radio Licence,Available,N
M,0,IEB,M0IEB,Call Sign,Amateur Full Radio Licence,Available,N
M,0,IEC,M0IEC,Call Sign,Amateur Full Radio Licence,Available,N
M,0,IEF,M0IEF,Call Sign,Amateur Full Radio Licence,Available,N
M,0,IEG,M0IEG,Call Sign,Amateur Full Radio Licence,Available,N
M,0,IEH,M0IEH,Call Sign,Amateur Full Radio Licence,Available,N
M,0,IEK,M0IEK,Call Sign,Amateur Full Radio Licence,Available,N
M,0,IEL,M0IEL,Call Sign,Amateur Full Radio Licence,Available,N
M,0,IEM,M0IEM,Call Sign,Amateur Full Radio Licence,Available,N
M,0,IEP,M0IEP,Call Sign,Amateur Full Radio Licence,Available,N
M,0,IEQ,M0IEQ,Call Sign,Amateur Full Radio Licence,Available,N
M,0,IER,M0IER,Call Sign,Amateur Full Radio Licence,Available,N
M,0,IES,M0IES,Call Sign,Amateur Full Radio Licence,Available,N
M,0,IEU,M0IEU,Call Sign,Amateur Full Radio Licence,Available,N
M,0,IEV,M0IEV,Call Sign,Amateur Full Radio Licence,Available,N
M,0,IEW,M0IEW,Call Sign,Amateur Full Radio Licence,Available,N
M,0,IEX,M0IEX,Call Sign,Amateur Full Radio Licence,Available,N
M,0,IEY,M0IEY,Call Sign,Amateur Full Radio Licence,Available,N
M,0,IEZ,M0IEZ,Call Sign,Amateur Full Radio Licence,Available,N
M,0,IFA,M0IFA,Call Sign,Amateur Full Radio Licence,Available,N
M,0,IFB,M0IFB,Call Sign,Amateur Full Radio Licence,Available,N
M,0,IFC,M0IFC,Call Sign,Amateur Full Radio Licence,Available,N
M,0,IFD,M0IFD,Call Sign,Amateur Full Radio Licence,Available,N
M,0,IFE,M0IFE,Call Sign,Amateur Full Radio Licence,Available,N
M,0,IFG,M0IFG,Call Sign,Amateur Full Radio Licence,Available,N
M,0,IFI,M0IFI,Call Sign,Amateur Full Radio Licence,Available,N
M,0,IFJ,M0IFJ,Call Sign,Amateur Full Radio Licence,Available,N
M,0,IFK,M0IFK,Call Sign,Amateur Full Radio Licence,Available,N
M,0,IFM,M0IFM,Call Sign,Amateur Full Radio Licence,Available,N
M,0,IFN,M0IFN,Call Sign,Amateur Full Radio Licence,Available,N
M,0,IFO,M0IFO,Call Sign,Amateur Full Radio Licence,Available,N
M,0,IFP,M0IFP,Call Sign,Amateur Full Radio Licence,Available,N
M,0,IFQ,M0IFQ,Call Sign,Amateur Full Radio Licence,Available,N
M,0,IFS,M0IFS,Call Sign,Amateur Full Radio Licence,Available,N
M,0,IFT,M0IFT,Call Sign,Amateur Full Radio Licence,Available,N
M,0,IFU,M0IFU,Call Sign,Amateur Full Radio Licence,Available,N
M,0,IFV,M0IFV,Call Sign,Amateur Full Radio Licence,Available,N
M,0,IFW,M0IFW,Call Sign,Amateur Full Radio Licence,Available,N
M,0,IFX,M0IFX,Call Sign,Amateur Full Radio Licence,Available,N
M,0,IFY,M0IFY,Call Sign,Amateur Full Radio Licence,Available,N
M,0,IFZ,M0IFZ,Call Sign,Amateur Full Radio Licence,Available,N
M,0,IGA,M0IGA,Call Sign,Amateur Full Radio Licence,Available,N
M,0,IGC,M0IGC,Call Sign,Amateur Full Radio Licence,Available,N
M,0,IGE,M0IGE,Call Sign,Amateur Full Radio Licence,Available,N
M,0,IGF,M0IGF,Call Sign,Amateur Full Radio Licence,Available,N
M,0,IGH,M0IGH,Call Sign,Amateur Full Radio Licence,Available,N
M,0,IGI,M0IGI,Call Sign,Amateur Full Radio Licence,Available,N
M,0,IGJ,M0IGJ,Call Sign,Amateur Full Radio Licence,Available,N
M,0,IGK,M0IGK,Call Sign,Amateur Full Radio Licence,Available,N
M,0,IGL,M0IGL,Call Sign,Amateur Full Radio Licence,Available,N
M,0,IGM,M0IGM,Call Sign,Amateur Full Radio Licence,Available,N
M,0,IGN,M0IGN,Call Sign,Amateur Full Radio Licence,Available,N
M,0,IGO,M0IGO,Call Sign,Amateur Full Radio Licence,Available,N
M,0,IGP,M0IGP,Call Sign,Amateur Full Radio Licence,Available,N
M,0,IGQ,M0IGQ,Call Sign,Amateur Full Radio Licence,Available,N
M,0,IGT,M0IGT,Call Sign,Amateur Full Radio Licence,Available,N
M,0,IGU,M0IGU,Call Sign,Amateur Full Radio Licence,Available,N
M,0,IGV,M0IGV,Call Sign,Amateur Full Radio Licence,Available,N
M,0,IGW,M0IGW,Call Sign,Amateur Full Radio Licence,Available,N
M,0,IGX,M0IGX,Call Sign,Amateur Full Radio Licence,Available,N
M,0,IGZ,M0IGZ,Call Sign,Amateur Full Radio Licence,Available,N
M,0,IHA,M0IHA,Call Sign,Amateur Full Radio Licence,Available,N
M,0,IHB,M0IHB,Call Sign,Amateur Full Radio Licence,Available,N
M,0,IHC,M0IHC,Call Sign,Amateur Full Radio Licence,Available,N
M,0,IHE,M0IHE,Call Sign,Amateur Full Radio Licence,Available,N
M,0,IHF,M0IHF,Call Sign,Amateur Full Radio Licence,Available,N
M,0,IHG,M0IHG,Call Sign,Amateur Full Radio Licence,Available,N
M,0,IHH,M0IHH,Call Sign,Amateur Full Radio Licence,Available,N
M,0,IHI,M0IHI,Call Sign,Amateur Full Radio Licence,Available,N
M,0,IHJ,M0IHJ,Call Sign,Amateur Full Radio Licence,Available,N
M,0,IHK,M0IHK,Call Sign,Amateur Full Radio Licence,Available,N
M,0,IHN,M0IHN,Call Sign,Amateur Full Radio Licence,Available,N
M,0,IHP,M0IHP,Call Sign,Amateur Full Radio Licence,Available,N
M,0,IHQ,M0IHQ,Call Sign,Amateur Full Radio Licence,Available,N
M,0,IHR,M0IHR,Call Sign,Amateur Full Radio Licence,Available,N
M,0,IHS,M0IHS,Call Sign,Amateur Full Radio Licence,Available,N
M,0,IHT,M0IHT,Call Sign,Amateur Full Radio Licence,Available,N
M,0,IHU,M0IHU,Call Sign,Amateur Full Radio Licence,Available,N
M,0,IHV,M0IHV,Call Sign,Amateur Full Radio Licence,Available,N
M,0,IHW,M0IHW,Call Sign,Amateur Full Radio Licence,Available,N
M,0,IHX,M0IHX,Call Sign,Amateur Full Radio Licence,Available,N
M,0,IHY,M0IHY,Call Sign,Amateur Full Radio Licence,Available,N
M,0,IIA,M0IIA,Call Sign,Amateur Full Radio Licence,Available,N
M,0,IIB,M0IIB,Call Sign,Amateur Full Radio Licence,Available,N
M,0,IID,M0IID,Call Sign,Amateur Full Radio Licence,Available,N
M,0,IIF,M0IIF,Call Sign,Amateur Full Radio Licence,Available,N
M,0,IIH,M0IIH,Call Sign,Amateur Full Radio Licence,Available,N
M,0,IIJ,M0IIJ,Call Sign,Amateur Full Radio Licence,Available,N
M,0,IIK,M0IIK,Call Sign,Amateur Full Radio Licence,Available,N
M,0,IIL,M0IIL,Call Sign,Amateur Full Radio Licence,Available,N
M,0,IIN,M0IIN,Call Sign,Amateur Full Radio Licence,Available,N
M,0,IIO,M0IIO,Call Sign,Amateur Full Radio Licence,Available,N
M,0,IIP,M0IIP,Call Sign,Amateur Full Radio Licence,Available,N
M,0,IIQ,M0IIQ,Call Sign,Amateur Full Radio Licence,Available,N
M,0,IIS,M0IIS,Call Sign,Amateur Full Radio Licence,Available,N
M,0,IIT,M0IIT,Call Sign,Amateur Full Radio Licence,Available,N
M,0,IIU,M0IIU,Call Sign,Amateur Full Radio Licence,Available,N
M,0,IIV,M0IIV,Call Sign,Amateur Full Radio Licence,Available,N
M,0,IIW,M0IIW,Call Sign,Amateur Full Radio Licence,Available,N
M,0,IIX,M0IIX,Call Sign,Amateur Full Radio Licence,Available,N
M,0,IIY,M0IIY,Call Sign,Amateur Full Radio Licence,Available,N
M,0,IIZ,M0IIZ,Call Sign,Amateur Full Radio Licence,Available,N
M,0,IJA,M0IJA,Call Sign,Amateur Full Radio Licence,Available,N
M,0,IJB,M0IJB,Call Sign,Amateur Full Radio Licence,Available,N
M,0,IJC,M0IJC,Call Sign,Amateur Full Radio Licence,Available,N
M,0,IJE,M0IJE,Call Sign,Amateur Full Radio Licence,Available,N
M,0,IJF,M0IJF,Call Sign,Amateur Full Radio Licence,Available,N
M,0,IJG,M0IJG,Call Sign,Amateur Full Radio Licence,Available,N
M,0,IJH,M0IJH,Call Sign,Amateur Full Radio Licence,Available,N
M,0,IJI,M0IJI,Call Sign,Amateur Full Radio Licence,Available,N
M,0,IJJ,M0IJJ,Call Sign,Amateur Full Radio Licence,Available,N
M,0,IJK,M0IJK,Call Sign,Amateur Full Radio Licence,Available,N
M,0,IJL,M0IJL,Call Sign,Amateur Full Radio Licence,Available,N
M,0,IJN,M0IJN,Call Sign,Amateur Full Radio Licence,Available,N
M,0,IJO,M0IJO,Call Sign,Amateur Full Radio Licence,Available,N
M,0,IJP,M0IJP,Call Sign,Amateur Full Radio Licence,Available,N
M,0,IJQ,M0IJQ,Call Sign,Amateur Full Radio Licence,Available,N
M,0,IJR,M0IJR,Call Sign,Amateur Full Radio Licence,Available,N
M,0,IJT,M0IJT,Call Sign,Amateur Full Radio Licence,Available,N
M,0,IJU,M0IJU,Call Sign,Amateur Full Radio Licence,Available,N
M,0,IJV,M0IJV,Call Sign,Amateur Full Radio Licence,Available,N
M,0,IJW,M0IJW,Call Sign,Amateur Full Radio Licence,Available,N
M,0,IJX,M0IJX,Call Sign,Amateur Full Radio Licence,Available,N
M,0,IJY,M0IJY,Call Sign,Amateur Full Radio Licence,Available,N
M,0,IKA,M0IKA,Call Sign,Amateur Full Radio Licence,Available,N
M,0,IKC,M0IKC,Call Sign,Amateur Full Radio Licence,Available,N
M,0,IKG,M0IKG,Call Sign,Amateur Full Radio Licence,Available,N
M,0,IKH,M0IKH,Call Sign,Amateur Full Radio Licence,Available,N
M,0,IKI,M0IKI,Call Sign,Amateur Full Radio Licence,Available,N
M,0,IKJ,M0IKJ,Call Sign,Amateur Full Radio Licence,Available,N
M,0,IKN,M0IKN,Call Sign,Amateur Full Radio Licence,Available,N
M,0,IKO,M0IKO,Call Sign,Amateur Full Radio Licence,Available,N
M,0,IKP,M0IKP,Call Sign,Amateur Full Radio Licence,Available,N
M,0,IKR,M0IKR,Call Sign,Amateur Full Radio Licence,Available,N
M,0,IKS,M0IKS,Call Sign,Amateur Full Radio Licence,Available,N
M,0,IKT,M0IKT,Call Sign,Amateur Full Radio Licence,Available,N
M,0,IKU,M0IKU,Call Sign,Amateur Full Radio Licence,Available,N
M,0,IKV,M0IKV,Call Sign,Amateur Full Radio Licence,Available,N
M,0,IKX,M0IKX,Call Sign,Amateur Full Radio Licence,Available,N
M,0,IKY,M0IKY,Call Sign,Amateur Full Radio Licence,Available,N
M,0,IKZ,M0IKZ,Call Sign,Amateur Full Radio Licence,Available,N
M,0,ILA,M0ILA,Call Sign,Amateur Full Radio Licence,Available,N
M,0,ILC,M0ILC,Call Sign,Amateur Full Radio Licence,Available,N
M,0,ILD,M0ILD,Call Sign,Amateur Full Radio Licence,Available,N
M,0,ILE,M0ILE,Call Sign,Amateur Full Radio Licence,Available,N
M,0,ILF,M0ILF,Call Sign,Amateur Full Radio Licence,Available,N
M,0,ILG,M0ILG,Call Sign,Amateur Full Radio Licence,Available,N
M,0,ILH,M0ILH,Call Sign,Amateur Full Radio Licence,Available,N
M,0,ILI,M0ILI,Call Sign,Amateur Full Radio Licence,Available,N
M,0,ILK,M0ILK,Call Sign,Amateur Full Radio Licence,Available,N
M,0,ILL,M0ILL,Call Sign,Amateur Full Radio Licence,Available,N
M,0,ILO,M0ILO,Call Sign,Amateur Full Radio Licence,Available,N
M,0,ILP,M0ILP,Call Sign,Amateur Full Radio Licence,Available,N
M,0,ILQ,M0ILQ,Call Sign,Amateur Full Radio Licence,Available,N
M,0,ILR,M0ILR,Call Sign,Amateur Full Radio Licence,Available,N
M,0,ILU,M0ILU,Call Sign,Amateur Full Radio Licence,Available,N
M,0,ILV,M0ILV,Call Sign,Amateur Full Radio Licence,Available,N
M,0,ILW,M0ILW,Call Sign,Amateur Full Radio Licence,Available,N
M,0,ILX,M0ILX,Call Sign,Amateur Full Radio Licence,Available,N
M,0,ILY,M0ILY,Call Sign,Amateur Full Radio Licence,Available,N
M,0,ILZ,M0ILZ,Call Sign,Amateur Full Radio Licence,Available,N
M,0,IMB,M0IMB,Call Sign,Amateur Full Radio Licence,Available,N
M,0,IMF,M0IMF,Call Sign,Amateur Full Radio Licence,Available,N
M,0,IMG,M0IMG,Call Sign,Amateur Full Radio Licence,Available,N
M,0,IMH,M0IMH,Call Sign,Amateur Full Radio Licence,Available,N
M,0,IMK,M0IMK,Call Sign,Amateur Full Radio Licence,Available,N
M,0,IMN,M0IMN,Call Sign,Amateur Full Radio Licence,Available,N
M,0,IMO,M0IMO,Call Sign,Amateur Full Radio Licence,Available,N
M,0,IMQ,M0IMQ,Call Sign,Amateur Full Radio Licence,Available,N
M,0,IMS,M0IMS,Call Sign,Amateur Full Radio Licence,Available,N
M,0,IMU,M0IMU,Call Sign,Amateur Full Radio Licence,Available,N
M,0,IMV,M0IMV,Call Sign,Amateur Full Radio Licence,Available,N
M,0,IMX,M0IMX,Call Sign,Amateur Full Radio Licence,Available,N
M,0,IMY,M0IMY,Call Sign,Amateur Full Radio Licence,Available,N
M,0,IMZ,M0IMZ,Call Sign,Amateur Full Radio Licence,Available,N
M,0,INA,M0INA,Call Sign,Amateur Full Radio Licence,Available,N
M,0,INC,M0INC,Call Sign,Amateur Full Radio Licence,Available,N
M,0,INE,M0INE,Call Sign,Amateur Full Radio Licence,Available,N
M,0,ING,M0ING,Call Sign,Amateur Full Radio Licence,Available,N
M,0,INH,M0INH,Call Sign,Amateur Full Radio Licence,Available,N
M,0,INJ,M0INJ,Call Sign,Amateur Full Radio Licence,Available,N
M,0,INL,M0INL,Call Sign,Amateur Full Radio Licence,Available,N
M,0,INM,M0INM,Call Sign,Amateur Full Radio Licence,Available,N
M,0,INN,M0INN,Call Sign,Amateur Full Radio Licence,Available,N
M,0,INO,M0INO,Call Sign,Amateur Full Radio Licence,Available,N
M,0,INQ,M0INQ,Call Sign,Amateur Full Radio Licence,Available,N
M,0,INR,M0INR,Call Sign,Amateur Full Radio Licence,Available,N
M,0,INU,M0INU,Call Sign,Amateur Full Radio Licence,Available,N
M,0,INW,M0INW,Call Sign,Amateur Full Radio Licence,Available,N
M,0,INX,M0INX,Call Sign,Amateur Full Radio Licence,Available,N
M,0,INZ,M0INZ,Call Sign,Amateur Full Radio Licence,Available,N
M,0,IOA,M0IOA,Call Sign,Amateur Full Radio Licence,Available,N
M,0,IOE,M0IOE,Call Sign,Amateur Full Radio Licence,Available,N
M,0,IOF,M0IOF,Call Sign,Amateur Full Radio Licence,Available,N
M,0,IOG,M0IOG,Call Sign,Amateur Full Radio Licence,Available,N
M,0,IOH,M0IOH,Call Sign,Amateur Full Radio Licence,Available,N
M,0,IOJ,M0IOJ,Call Sign,Amateur Full Radio Licence,Available,N
M,0,IOO,M0IOO,Call Sign,Amateur Full Radio Licence,Available,N
M,0,IOP,M0IOP,Call Sign,Amateur Full Radio Licence,Available,N
M,0,IOQ,M0IOQ,Call Sign,Amateur Full Radio Licence,Available,N
M,0,IOS,M0IOS,Call Sign,Amateur Full Radio Licence,Available,N
M,0,IOV,M0IOV,Call Sign,Amateur Full Radio Licence,Available,N
M,0,IOX,M0IOX,Call Sign,Amateur Full Radio Licence,Available,N
M,0,IOZ,M0IOZ,Call Sign,Amateur Full Radio Licence,Available,N
M,0,IPB,M0IPB,Call Sign,Amateur Full Radio Licence,Available,N
M,0,IPE,M0IPE,Call Sign,Amateur Full Radio Licence,Available,N
M,0,IPF,M0IPF,Call Sign,Amateur Full Radio Licence,Available,N
M,0,IPG,M0IPG,Call Sign,Amateur Full Radio Licence,Available,N
M,0,IPH,M0IPH,Call Sign,Amateur Full Radio Licence,Available,N
M,0,IPI,M0IPI,Call Sign,Amateur Full Radio Licence,Available,N
M,0,IPJ,M0IPJ,Call Sign,Amateur Full Radio Licence,Available,N
M,0,IPK,M0IPK,Call Sign,Amateur Full Radio Licence,Available,N
M,0,IPL,M0IPL,Call Sign,Amateur Full Radio Licence,Available,N
M,0,IPM,M0IPM,Call Sign,Amateur Full Radio Licence,Available,N
M,0,IPN,M0IPN,Call Sign,Amateur Full Radio Licence,Available,N
M,0,IPO,M0IPO,Call Sign,Amateur Full Radio Licence,Available,N
M,0,IPP,M0IPP,Call Sign,Amateur Full Radio Licence,Available,N
M,0,IPQ,M0IPQ,Call Sign,Amateur Full Radio Licence,Available,N
M,0,IPT,M0IPT,Call Sign,Amateur Full Radio Licence,Available,N
M,0,IPV,M0IPV,Call Sign,Amateur Full Radio Licence,Available,N
M,0,IPW,M0IPW,Call Sign,Amateur Full Radio Licence,Available,N
M,0,IPY,M0IPY,Call Sign,Amateur Full Radio Licence,Available,N
M,0,IPZ,M0IPZ,Call Sign,Amateur Full Radio Licence,Available,N
M,0,IQA,M0IQA,Call Sign,Amateur Full Radio Licence,Available,N
M,0,IQC,M0IQC,Call Sign,Amateur Full Radio Licence,Available,N
M,0,IQD,M0IQD,Call Sign,Amateur Full Radio Licence,Available,N
M,0,IQE,M0IQE,Call Sign,Amateur Full Radio Licence,Available,N
M,0,IQF,M0IQF,Call Sign,Amateur Full Radio Licence,Available,N
M,0,IQG,M0IQG,Call Sign,Amateur Full Radio Licence,Available,N
M,0,IQH,M0IQH,Call Sign,Amateur Full Radio Licence,Available,N
M,0,IQI,M0IQI,Call Sign,Amateur Full Radio Licence,Available,N
M,0,IQJ,M0IQJ,Call Sign,Amateur Full Radio Licence,Available,N
M,0,IQK,M0IQK,Call Sign,Amateur Full Radio Licence,Available,N
M,0,IQL,M0IQL,Call Sign,Amateur Full Radio Licence,Available,N
M,0,IQM,M0IQM,Call Sign,Amateur Full Radio Licence,Available,N
M,0,IQN,M0IQN,Call Sign,Amateur Full Radio Licence,Available,N
M,0,IQO,M0IQO,Call Sign,Amateur Full Radio Licence,Available,N
M,0,IQP,M0IQP,Call Sign,Amateur Full Radio Licence,Available,N
M,0,IQQ,M0IQQ,Call Sign,Amateur Full Radio Licence,Available,N
M,0,IQR,M0IQR,Call Sign,Amateur Full Radio Licence,Available,N
M,0,IQS,M0IQS,Call Sign,Amateur Full Radio Licence,Available,N
M,0,IQT,M0IQT,Call Sign,Amateur Full Radio Licence,Available,N
M,0,IQU,M0IQU,Call Sign,Amateur Full Radio Licence,Available,N
M,0,IQV,M0IQV,Call Sign,Amateur Full Radio Licence,Available,N
M,0,IQW,M0IQW,Call Sign,Amateur Full Radio Licence,Available,N
M,0,IQY,M0IQY,Call Sign,Amateur Full Radio Licence,Available,N
M,0,IQZ,M0IQZ,Call Sign,Amateur Full Radio Licence,Available,N
M,0,IRB,M0IRB,Call Sign,Amateur Full Radio Licence,Available,N
M,0,IRF,M0IRF,Call Sign,Amateur Full Radio Licence,Available,N
M,0,IRG,M0IRG,Call Sign,Amateur Full Radio Licence,Available,N
M,0,IRH,M0IRH,Call Sign,Amateur Full Radio Licence,Available,N
M,0,IRO,M0IRO,Call Sign,Amateur Full Radio Licence,Available,N
M,0,IRR,M0IRR,Call Sign,Amateur Full Radio Licence,Available,N
M,0,IRS,M0IRS,Call Sign,Amateur Full Radio Licence,Available,N
M,0,IRU,M0IRU,Call Sign,Amateur Full Radio Licence,Available,N
M,0,IRV,M0IRV,Call Sign,Amateur Full Radio Licence,Available,N
M,0,IRW,M0IRW,Call Sign,Amateur Full Radio Licence,Available,N
M,0,IRX,M0IRX,Call Sign,Amateur Full Radio Licence,Available,N
M,0,IRY,M0IRY,Call Sign,Amateur Full Radio Licence,Available,N
M,0,ISA,M0ISA,Call Sign,Amateur Full Radio Licence,Available,N
M,0,ISB,M0ISB,Call Sign,Amateur Full Radio Licence,Available,N
M,0,ISC,M0ISC,Call Sign,Amateur Full Radio Licence,Available,N
M,0,ISE,M0ISE,Call Sign,Amateur Full Radio Licence,Available,N
M,0,ISG,M0ISG,Call Sign,Amateur Full Radio Licence,Available,N
M,0,ISH,M0ISH,Call Sign,Amateur Full Radio Licence,Available,N
M,0,ISI,M0ISI,Call Sign,Amateur Full Radio Licence,Available,N
M,0,ISJ,M0ISJ,Call Sign,Amateur Full Radio Licence,Available,N
M,0,ISK,M0ISK,Call Sign,Amateur Full Radio Licence,Available,N
M,0,ISR,M0ISR,Call Sign,Amateur Full Radio Licence,Available,N
M,0,ISU,M0ISU,Call Sign,Amateur Full Radio Licence,Available,N
M,0,ISV,M0ISV,Call Sign,Amateur Full Radio Licence,Available,N
M,0,ISX,M0ISX,Call Sign,Amateur Full Radio Licence,Available,N
M,0,ISY,M0ISY,Call Sign,Amateur Full Radio Licence,Available,N
M,0,ISZ,M0ISZ,Call Sign,Amateur Full Radio Licence,Available,N
M,0,ITB,M0ITB,Call Sign,Amateur Full Radio Licence,Available,N
M,0,ITD,M0ITD,Call Sign,Amateur Full Radio Licence,Available,N
M,0,ITG,M0ITG,Call Sign,Amateur Full Radio Licence,Available,N
M,0,ITJ,M0ITJ,Call Sign,Amateur Full Radio Licence,Available,N
M,0,ITK,M0ITK,Call Sign,Amateur Full Radio Licence,Available,N
M,0,ITL,M0ITL,Call Sign,Amateur Full Radio Licence,Available,N
M,0,ITN,M0ITN,Call Sign,Amateur Full Radio Licence,Available,N
M,0,ITO,M0ITO,Call Sign,Amateur Full Radio Licence,Available,N
M,0,ITP,M0ITP,Call Sign,Amateur Full Radio Licence,Available,N
M,0,ITQ,M0ITQ,Call Sign,Amateur Full Radio Licence,Available,N
M,0,ITR,M0ITR,Call Sign,Amateur Full Radio Licence,Available,N
M,0,ITS,M0ITS,Call Sign,Amateur Full Radio Licence,Available,N
M,0,ITT,M0ITT,Call Sign,Amateur Full Radio Licence,Available,N
M,0,ITZ,M0ITZ,Call Sign,Amateur Full Radio Licence,Available,N
M,0,IUA,M0IUA,Call Sign,Amateur Full Radio Licence,Available,N
M,0,IUB,M0IUB,Call Sign,Amateur Full Radio Licence,Available,N
M,0,IUC,M0IUC,Call Sign,Amateur Full Radio Licence,Available,N
M,0,IUE,M0IUE,Call Sign,Amateur Full Radio Licence,Available,N
M,0,IUF,M0IUF,Call Sign,Amateur Full Radio Licence,Available,N
M,0,IUG,M0IUG,Call Sign,Amateur Full Radio Licence,Available,N
M,0,IUH,M0IUH,Call Sign,Amateur Full Radio Licence,Available,N
M,0,IUI,M0IUI,Call Sign,Amateur Full Radio Licence,Available,N
M,0,IUJ,M0IUJ,Call Sign,Amateur Full Radio Licence,Available,N
M,0,IUL,M0IUL,Call Sign,Amateur Full Radio Licence,Available,N
M,0,IUN,M0IUN,Call Sign,Amateur Full Radio Licence,Available,N
M,0,IUO,M0IUO,Call Sign,Amateur Full Radio Licence,Available,N
M,0,IUP,M0IUP,Call Sign,Amateur Full Radio Licence,Available,N
M,0,IUQ,M0IUQ,Call Sign,Amateur Full Radio Licence,Available,N
M,0,IUR,M0IUR,Call Sign,Amateur Full Radio Licence,Available,N
M,0,IUS,M0IUS,Call Sign,Amateur Full Radio Licence,Available,N
M,0,IUT,M0IUT,Call Sign,Amateur Full Radio Licence,Available,N
M,0,IUU,M0IUU,Call Sign,Amateur Full Radio Licence,Available,N
M,0,IUV,M0IUV,Call Sign,Amateur Full Radio Licence,Available,N
M,0,IUW,M0IUW,Call Sign,Amateur Full Radio Licence,Available,N
M,0,IUX,M0IUX,Call Sign,Amateur Full Radio Licence,Available,N
M,0,IUY,M0IUY,Call Sign,Amateur Full Radio Licence,Available,N
M,0,IUZ,M0IUZ,Call Sign,Amateur Full Radio Licence,Available,N
M,0,IVA,M0IVA,Call Sign,Amateur Full Radio Licence,Available,N
M,0,IVB,M0IVB,Call Sign,Amateur Full Radio Licence,Available,N
M,0,IVC,M0IVC,Call Sign,Amateur Full Radio Licence,Available,N
M,0,IVD,M0IVD,Call Sign,Amateur Full Radio Licence,Available,N
M,0,IVG,M0IVG,Call Sign,Amateur Full Radio Licence,Available,N
M,0,IVH,M0IVH,Call Sign,Amateur Full Radio Licence,Available,N
M,0,IVI,M0IVI,Call Sign,Amateur Full Radio Licence,Available,N
M,0,IVJ,M0IVJ,Call Sign,Amateur Full Radio Licence,Available,N
M,0,IVK,M0IVK,Call Sign,Amateur Full Radio Licence,Available,N
M,0,IVL,M0IVL,Call Sign,Amateur Full Radio Licence,Available,N
M,0,IVM,M0IVM,Call Sign,Amateur Full Radio Licence,Available,N
M,0,IVN,M0IVN,Call Sign,Amateur Full Radio Licence,Available,N
M,0,IVP,M0IVP,Call Sign,Amateur Full Radio Licence,Available,N
M,0,IVR,M0IVR,Call Sign,Amateur Full Radio Licence,Available,N
M,0,IVS,M0IVS,Call Sign,Amateur Full Radio Licence,Available,N
M,0,IVT,M0IVT,Call Sign,Amateur Full Radio Licence,Available,N
M,0,IVU,M0IVU,Call Sign,Amateur Full Radio Licence,Available,N
M,0,IVV,M0IVV,Call Sign,Amateur Full Radio Licence,Available,N
M,0,IVX,M0IVX,Call Sign,Amateur Full Radio Licence,Available,N
M,0,IVY,M0IVY,Call Sign,Amateur Full Radio Licence,Available,N
M,0,IVZ,M0IVZ,Call Sign,Amateur Full Radio Licence,Available,N
M,0,IWB,M0IWB,Call Sign,Amateur Full Radio Licence,Available,N
M,0,IWE,M0IWE,Call Sign,Amateur Full Radio Licence,Available,N
M,0,IWG,M0IWG,Call Sign,Amateur Full Radio Licence,Available,N
M,0,IWI,M0IWI,Call Sign,Amateur Full Radio Licence,Available,N
M,0,IWJ,M0IWJ,Call Sign,Amateur Full Radio Licence,Available,N
M,0,IWK,M0IWK,Call Sign,Amateur Full Radio Licence,Available,N
M,0,IWL,M0IWL,Call Sign,Amateur Full Radio Licence,Available,N
M,0,IWM,M0IWM,Call Sign,Amateur Full Radio Licence,Available,N
M,0,IWN,M0IWN,Call Sign,Amateur Full Radio Licence,Available,N
M,0,IWO,M0IWO,Call Sign,Amateur Full Radio Licence,Available,N
M,0,IWP,M0IWP,Call Sign,Amateur Full Radio Licence,Available,N
M,0,IWQ,M0IWQ,Call Sign,Amateur Full Radio Licence,Available,N
M,0,IWR,M0IWR,Call Sign,Amateur Full Radio Licence,Available,N
M,0,IWS,M0IWS,Call Sign,Amateur Full Radio Licence,Available,N
M,0,IWT,M0IWT,Call Sign,Amateur Full Radio Licence,Available,N
M,0,IWU,M0IWU,Call Sign,Amateur Full Radio Licence,Available,N
M,0,IWV,M0IWV,Call Sign,Amateur Full Radio Licence,Available,N
M,0,IWW,M0IWW,Call Sign,Amateur Full Radio Licence,Available,N
M,0,IWX,M0IWX,Call Sign,Amateur Full Radio Licence,Available,N
M,0,IWY,M0IWY,Call Sign,Amateur Full Radio Licence,Available,N
M,0,IWZ,M0IWZ,Call Sign,Amateur Full Radio Licence,Available,N
M,0,IXC,M0IXC,Call Sign,Amateur Full Radio Licence,Available,N
M,0,IXE,M0IXE,Call Sign,Amateur Full Radio Licence,Available,N
M,0,IXF,M0IXF,Call Sign,Amateur Full Radio Licence,Available,N
M,0,IXG,M0IXG,Call Sign,Amateur Full Radio Licence,Available,N
M,0,IXH,M0IXH,Call Sign,Amateur Full Radio Licence,Available,N
M,0,IXI,M0IXI,Call Sign,Amateur Full Radio Licence,Available,N
M,0,IXJ,M0IXJ,Call Sign,Amateur Full Radio Licence,Available,N
M,0,IXK,M0IXK,Call Sign,Amateur Full Radio Licence,Available,N
M,0,IXL,M0IXL,Call Sign,Amateur Full Radio Licence,Available,N
M,0,IXM,M0IXM,Call Sign,Amateur Full Radio Licence,Available,N
M,0,IXN,M0IXN,Call Sign,Amateur Full Radio Licence,Available,N
M,0,IXO,M0IXO,Call Sign,Amateur Full Radio Licence,Available,N
M,0,IXP,M0IXP,Call Sign,Amateur Full Radio Licence,Available,N
M,0,IXQ,M0IXQ,Call Sign,Amateur Full Radio Licence,Available,N
M,0,IXR,M0IXR,Call Sign,Amateur Full Radio Licence,Available,N
M,0,IXS,M0IXS,Call Sign,Amateur Full Radio Licence,Available,N
M,0,IXT,M0IXT,Call Sign,Amateur Full Radio Licence,Available,N
M,0,IXU,M0IXU,Call Sign,Amateur Full Radio Licence,Available,N
M,0,IXV,M0IXV,Call Sign,Amateur Full Radio Licence,Available,N
M,0,IXW,M0IXW,Call Sign,Amateur Full Radio Licence,Available,N
M,0,IXX,M0IXX,Call Sign,Amateur Full Radio Licence,Available,N
M,0,IXY,M0IXY,Call Sign,Amateur Full Radio Licence,Available,N
M,0,IXZ,M0IXZ,Call Sign,Amateur Full Radio Licence,Available,N
M,0,IYA,M0IYA,Call Sign,Amateur Full Radio Licence,Available,N
M,0,IYB,M0IYB,Call Sign,Amateur Full Radio Licence,Available,N
M,0,IYC,M0IYC,Call Sign,Amateur Full Radio Licence,Available,N
M,0,IYD,M0IYD,Call Sign,Amateur Full Radio Licence,Available,N
M,0,IYE,M0IYE,Call Sign,Amateur Full Radio Licence,Available,N
M,0,IYF,M0IYF,Call Sign,Amateur Full Radio Licence,Available,N
M,0,IYG,M0IYG,Call Sign,Amateur Full Radio Licence,Available,N
M,0,IYH,M0IYH,Call Sign,Amateur Full Radio Licence,Available,N
M,0,IYI,M0IYI,Call Sign,Amateur Full Radio Licence,Available,N
M,0,IYJ,M0IYJ,Call Sign,Amateur Full Radio Licence,Available,N
M,0,IYK,M0IYK,Call Sign,Amateur Full Radio Licence,Available,N
M,0,IYL,M0IYL,Call Sign,Amateur Full Radio Licence,Available,N
M,0,IYM,M0IYM,Call Sign,Amateur Full Radio Licence,Available,N
M,0,IYN,M0IYN,Call Sign,Amateur Full Radio Licence,Available,N
M,0,IYO,M0IYO,Call Sign,Amateur Full Radio Licence,Available,N
M,0,IYP,M0IYP,Call Sign,Amateur Full Radio Licence,Available,N
M,0,IYQ,M0IYQ,Call Sign,Amateur Full Radio Licence,Available,N
M,0,IYR,M0IYR,Call Sign,Amateur Full Radio Licence,Available,N
M,0,IYS,M0IYS,Call Sign,Amateur Full Radio Licence,Available,N
M,0,IYT,M0IYT,Call Sign,Amateur Full Radio Licence,Available,N
M,0,IYU,M0IYU,Call Sign,Amateur Full Radio Licence,Available,N
M,0,IYV,M0IYV,Call Sign,Amateur Full Radio Licence,Available,N
M,0,IYW,M0IYW,Call Sign,Amateur Full Radio Licence,Available,N
M,0,IYX,M0IYX,Call Sign,Amateur Full Radio Licence,Available,N
M,0,IYY,M0IYY,Call Sign,Amateur Full Radio Licence,Available,N
M,0,IYZ,M0IYZ,Call Sign,Amateur Full Radio Licence,Available,N
M,0,IZA,M0IZA,Call Sign,Amateur Full Radio Licence,Available,N
M,0,IZB,M0IZB,Call Sign,Amateur Full Radio Licence,Available,N
M,0,IZC,M0IZC,Call Sign,Amateur Full Radio Licence,Available,N
M,0,IZD,M0IZD,Call Sign,Amateur Full Radio Licence,Available,N
M,0,IZE,M0IZE,Call Sign,Amateur Full Radio Licence,Available,N
M,0,IZF,M0IZF,Call Sign,Amateur Full Radio Licence,Available,N
M,0,IZG,M0IZG,Call Sign,Amateur Full Radio Licence,Available,N
M,0,IZH,M0IZH,Call Sign,Amateur Full Radio Licence,Available,N
M,0,IZI,M0IZI,Call Sign,Amateur Full Radio Licence,Available,N
M,0,IZJ,M0IZJ,Call Sign,Amateur Full Radio Licence,Available,N
M,0,IZK,M0IZK,Call Sign,Amateur Full Radio Licence,Available,N
M,0,IZL,M0IZL,Call Sign,Amateur Full Radio Licence,Available,N
M,0,IZM,M0IZM,Call Sign,Amateur Full Radio Licence,Available,N
M,0,IZN,M0IZN,Call Sign,Amateur Full Radio Licence,Available,N
M,0,IZO,M0IZO,Call Sign,Amateur Full Radio Licence,Available,N
M,0,IZP,M0IZP,Call Sign,Amateur Full Radio Licence,Available,N
M,0,IZQ,M0IZQ,Call Sign,Amateur Full Radio Licence,Available,N
M,0,IZR,M0IZR,Call Sign,Amateur Full Radio Licence,Available,N
M,0,IZT,M0IZT,Call Sign,Amateur Full Radio Licence,Available,N
M,0,IZU,M0IZU,Call Sign,Amateur Full Radio Licence,Available,N
M,0,IZV,M0IZV,Call Sign,Amateur Full Radio Licence,Available,N
M,0,IZW,M0IZW,Call Sign,Amateur Full Radio Licence,Available,N
M,0,IZX,M0IZX,Call Sign,Amateur Full Radio Licence,Available,N
M,0,IZY,M0IZY,Call Sign,Amateur Full Radio Licence,Available,N
M,0,IZZ,M0IZZ,Call Sign,Amateur Full Radio Licence,Available,N
M,0,JAI,M0JAI,Call Sign,Amateur Full Radio Licence,Available,N
M,0,JAU,M0JAU,Call Sign,Amateur Full Radio Licence,Available,N
M,0,JBG,M0JBG,Call Sign,Amateur Full Radio Licence,Available,N
M,0,JBH,M0JBH,Call Sign,Amateur Full Radio Licence,Available,N
M,0,JBL,M0JBL,Call Sign,Amateur Full Radio Licence,Available,N
M,0,JBM,M0JBM,Call Sign,Amateur Full Radio Licence,Available,N
M,0,JBN,M0JBN,Call Sign,Amateur Full Radio Licence,Available,N
M,0,JBO,M0JBO,Call Sign,Amateur Full Radio Licence,Available,N
M,0,JBQ,M0JBQ,Call Sign,Amateur Full Radio Licence,Available,N
M,0,JBR,M0JBR,Call Sign,Amateur Full Radio Licence,Available,N
M,0,JBU,M0JBU,Call Sign,Amateur Full Radio Licence,Available,N
M,0,JBV,M0JBV,Call Sign,Amateur Full Radio Licence,Available,N
M,0,JBY,M0JBY,Call Sign,Amateur Full Radio Licence,Available,N
M,0,JCF,M0JCF,Call Sign,Amateur Full Radio Licence,Available,N
M,0,JCG,M0JCG,Call Sign,Amateur Full Radio Licence,Available,N
M,0,JCJ,M0JCJ,Call Sign,Amateur Full Radio Licence,Available,N
M,0,JCK,M0JCK,Call Sign,Amateur Full Radio Licence,Available,N
M,0,JCN,M0JCN,Call Sign,Amateur Full Radio Licence,Available,N
M,0,JCO,M0JCO,Call Sign,Amateur Full Radio Licence,Available,N
M,0,JCP,M0JCP,Call Sign,Amateur Full Radio Licence,Available,N
M,0,JCV,M0JCV,Call Sign,Amateur Full Radio Licence,Available,N
M,0,JCX,M0JCX,Call Sign,Amateur Full Radio Licence,Available,N
M,0,JCY,M0JCY,Call Sign,Amateur Full Radio Licence,Available,N
M,0,JDF,M0JDF,Call Sign,Amateur Full Radio Licence,Available,N
M,0,JDG,M0JDG,Call Sign,Amateur Full Radio Licence,Available,N
M,0,JDI,M0JDI,Call Sign,Amateur Full Radio Licence,Available,N
M,0,JDJ,M0JDJ,Call Sign,Amateur Full Radio Licence,Available,N
M,0,JDN,M0JDN,Call Sign,Amateur Full Radio Licence,Available,N
M,0,JDQ,M0JDQ,Call Sign,Amateur Full Radio Licence,Available,N
M,0,JDT,M0JDT,Call Sign,Amateur Full Radio Licence,Available,N
M,0,JDU,M0JDU,Call Sign,Amateur Full Radio Licence,Available,N
M,0,JDV,M0JDV,Call Sign,Amateur Full Radio Licence,Available,N
M,0,JDY,M0JDY,Call Sign,Amateur Full Radio Licence,Available,N
M,0,JDZ,M0JDZ,Call Sign,Amateur Full Radio Licence,Available,N
M,0,JEA,M0JEA,Call Sign,Amateur Full Radio Licence,Available,N
M,0,JEG,M0JEG,Call Sign,Amateur Full Radio Licence,Available,N
M,0,JEH,M0JEH,Call Sign,Amateur Full Radio Licence,Available,N
M,0,JEI,M0JEI,Call Sign,Amateur Full Radio Licence,Available,N
M,0,JEJ,M0JEJ,Call Sign,Amateur Full Radio Licence,Available,N
M,0,JEO,M0JEO,Call Sign,Amateur Full Radio Licence,Available,N
M,0,JEQ,M0JEQ,Call Sign,Amateur Full Radio Licence,Available,N
M,0,JEU,M0JEU,Call Sign,Amateur Full Radio Licence,Available,N
M,0,JEV,M0JEV,Call Sign,Amateur Full Radio Licence,Available,N
M,0,JEX,M0JEX,Call Sign,Amateur Full Radio Licence,Available,N
M,0,JEY,M0JEY,Call Sign,Amateur Full Radio Licence,Available,N
M,0,JFA,M0JFA,Call Sign,Amateur Full Radio Licence,Available,N
M,0,JFF,M0JFF,Call Sign,Amateur Full Radio Licence,Available,N
M,0,JFG,M0JFG,Call Sign,Amateur Full Radio Licence,Available,N
M,0,JFH,M0JFH,Call Sign,Amateur Full Radio Licence,Available,N
M,0,JFI,M0JFI,Call Sign,Amateur Full Radio Licence,Available,N
M,0,JFJ,M0JFJ,Call Sign,Amateur Full Radio Licence,Available,N
M,0,JFL,M0JFL,Call Sign,Amateur Full Radio Licence,Available,N
M,0,JFM,M0JFM,Call Sign,Amateur Full Radio Licence,Available,N
M,0,JFN,M0JFN,Call Sign,Amateur Full Radio Licence,Available,N
M,0,JFO,M0JFO,Call Sign,Amateur Full Radio Licence,Available,N
M,0,JFP,M0JFP,Call Sign,Amateur Full Radio Licence,Available,N
M,0,JFQ,M0JFQ,Call Sign,Amateur Full Radio Licence,Available,N
M,0,JFR,M0JFR,Call Sign,Amateur Full Radio Licence,Available,N
M,0,JFT,M0JFT,Call Sign,Amateur Full Radio Licence,Available,N
M,0,JFU,M0JFU,Call Sign,Amateur Full Radio Licence,Available,N
M,0,JFV,M0JFV,Call Sign,Amateur Full Radio Licence,Available,N
M,0,JFX,M0JFX,Call Sign,Amateur Full Radio Licence,Available,N
M,0,JFY,M0JFY,Call Sign,Amateur Full Radio Licence,Available,N
M,0,JGA,M0JGA,Call Sign,Amateur Full Radio Licence,Available,N
M,0,JGC,M0JGC,Call Sign,Amateur Full Radio Licence,Available,N
M,0,JGF,M0JGF,Call Sign,Amateur Full Radio Licence,Available,N
M,0,JGI,M0JGI,Call Sign,Amateur Full Radio Licence,Available,N
M,0,JGJ,M0JGJ,Call Sign,Amateur Full Radio Licence,Available,N
M,0,JGK,M0JGK,Call Sign,Amateur Full Radio Licence,Available,N
M,0,JGL,M0JGL,Call Sign,Amateur Full Radio Licence,Available,N
M,0,JGN,M0JGN,Call Sign,Amateur Full Radio Licence,Available,N
M,0,JGO,M0JGO,Call Sign,Amateur Full Radio Licence,Available,N
M,0,JGQ,M0JGQ,Call Sign,Amateur Full Radio Licence,Available,N
M,0,JGT,M0JGT,Call Sign,Amateur Full Radio Licence,Available,N
M,0,JGU,M0JGU,Call Sign,Amateur Full Radio Licence,Available,N
M,0,JGV,M0JGV,Call Sign,Amateur Full Radio Licence,Available,N
M,0,JGW,M0JGW,Call Sign,Amateur Full Radio Licence,Available,N
M,0,JGY,M0JGY,Call Sign,Amateur Full Radio Licence,Available,N
M,0,JGZ,M0JGZ,Call Sign,Amateur Full Radio Licence,Available,N
M,0,JHF,M0JHF,Call Sign,Amateur Full Radio Licence,Available,N
M,0,JHH,M0JHH,Call Sign,Amateur Full Radio Licence,Available,N
M,0,JHI,M0JHI,Call Sign,Amateur Full Radio Licence,Available,N
M,0,JHJ,M0JHJ,Call Sign,Amateur Full Radio Licence,Available,N
M,0,JHK,M0JHK,Call Sign,Amateur Full Radio Licence,Available,N
M,0,JHO,M0JHO,Call Sign,Amateur Full Radio Licence,Available,N
M,0,JHQ,M0JHQ,Call Sign,Amateur Full Radio Licence,Available,N
M,0,JHS,M0JHS,Call Sign,Amateur Full Radio Licence,Available,N
M,0,JHU,M0JHU,Call Sign,Amateur Full Radio Licence,Available,N
M,0,JHV,M0JHV,Call Sign,Amateur Full Radio Licence,Available,N
M,0,JHX,M0JHX,Call Sign,Amateur Full Radio Licence,Available,N
M,0,JHY,M0JHY,Call Sign,Amateur Full Radio Licence,Available,N
M,0,JHZ,M0JHZ,Call Sign,Amateur Full Radio Licence,Available,N
M,0,JIA,M0JIA,Call Sign,Amateur Full Radio Licence,Available,N
M,0,JIC,M0JIC,Call Sign,Amateur Full Radio Licence,Available,N
M,0,JID,M0JID,Call Sign,Amateur Full Radio Licence,Available,N
M,0,JIE,M0JIE,Call Sign,Amateur Full Radio Licence,Available,N
M,0,JIF,M0JIF,Call Sign,Amateur Full Radio Licence,Available,N
M,0,JIH,M0JIH,Call Sign,Amateur Full Radio Licence,Available,N
M,0,JII,M0JII,Call Sign,Amateur Full Radio Licence,Available,N
M,0,JIJ,M0JIJ,Call Sign,Amateur Full Radio Licence,Available,N
M,0,JIK,M0JIK,Call Sign,Amateur Full Radio Licence,Available,N
M,0,JIO,M0JIO,Call Sign,Amateur Full Radio Licence,Available,N
M,0,JIP,M0JIP,Call Sign,Amateur Full Radio Licence,Available,N
M,0,JIQ,M0JIQ,Call Sign,Amateur Full Radio Licence,Available,N
M,0,JIR,M0JIR,Call Sign,Amateur Full Radio Licence,Available,N
M,0,JIS,M0JIS,Call Sign,Amateur Full Radio Licence,Available,N
M,0,JIT,M0JIT,Call Sign,Amateur Full Radio Licence,Available,N
M,0,JIV,M0JIV,Call Sign,Amateur Full Radio Licence,Available,N
M,0,JIW,M0JIW,Call Sign,Amateur Full Radio Licence,Available,N
M,0,JIX,M0JIX,Call Sign,Amateur Full Radio Licence,Available,N
M,0,JIZ,M0JIZ,Call Sign,Amateur Full Radio Licence,Available,N
M,0,JJF,M0JJF,Call Sign,Amateur Full Radio Licence,Available,N
M,0,JJG,M0JJG,Call Sign,Amateur Full Radio Licence,Available,N
M,0,JJI,M0JJI,Call Sign,Amateur Full Radio Licence,Available,N
M,0,JJL,M0JJL,Call Sign,Amateur Full Radio Licence,Available,N
M,0,JJN,M0JJN,Call Sign,Amateur Full Radio Licence,Available,N
M,0,JJO,M0JJO,Call Sign,Amateur Full Radio Licence,Available,N
M,0,JJP,M0JJP,Call Sign,Amateur Full Radio Licence,Available,N
M,0,JJQ,M0JJQ,Call Sign,Amateur Full Radio Licence,Available,N
M,0,JJT,M0JJT,Call Sign,Amateur Full Radio Licence,Available,N
M,0,JJU,M0JJU,Call Sign,Amateur Full Radio Licence,Available,N
M,0,JJX,M0JJX,Call Sign,Amateur Full Radio Licence,Available,N
M,0,JJY,M0JJY,Call Sign,Amateur Full Radio Licence,Available,N
M,0,JJZ,M0JJZ,Call Sign,Amateur Full Radio Licence,Available,N
M,0,JKC,M0JKC,Call Sign,Amateur Full Radio Licence,Available,N
M,0,JKD,M0JKD,Call Sign,Amateur Full Radio Licence,Available,N
M,0,JKE,M0JKE,Call Sign,Amateur Full Radio Licence,Available,N
M,0,JKH,M0JKH,Call Sign,Amateur Full Radio Licence,Available,N
M,0,JKI,M0JKI,Call Sign,Amateur Full Radio Licence,Available,N
M,0,JKJ,M0JKJ,Call Sign,Amateur Full Radio Licence,Available,N
M,0,JKK,M0JKK,Call Sign,Amateur Full Radio Licence,Available,N
M,0,JKM,M0JKM,Call Sign,Amateur Full Radio Licence,Available,N
M,0,JKN,M0JKN,Call Sign,Amateur Full Radio Licence,Available,N
M,0,JKR,M0JKR,Call Sign,Amateur Full Radio Licence,Available,N
M,0,JKS,M0JKS,Call Sign,Amateur Full Radio Licence,Available,N
M,0,JKT,M0JKT,Call Sign,Amateur Full Radio Licence,Available,N
M,0,JKU,M0JKU,Call Sign,Amateur Full Radio Licence,Available,N
M,0,JKV,M0JKV,Call Sign,Amateur Full Radio Licence,Available,N
M,0,JKW,M0JKW,Call Sign,Amateur Full Radio Licence,Available,N
M,0,JKX,M0JKX,Call Sign,Amateur Full Radio Licence,Available,N
M,0,JKY,M0JKY,Call Sign,Amateur Full Radio Licence,Available,N
M,0,JKZ,M0JKZ,Call Sign,Amateur Full Radio Licence,Available,N
M,0,JLD,M0JLD,Call Sign,Amateur Full Radio Licence,Available,N
M,0,JLF,M0JLF,Call Sign,Amateur Full Radio Licence,Available,N
M,0,JLI,M0JLI,Call Sign,Amateur Full Radio Licence,Available,N
M,0,JLJ,M0JLJ,Call Sign,Amateur Full Radio Licence,Available,N
M,0,JLK,M0JLK,Call Sign,Amateur Full Radio Licence,Available,N
M,0,JLL,M0JLL,Call Sign,Amateur Full Radio Licence,Available,N
M,0,JLO,M0JLO,Call Sign,Amateur Full Radio Licence,Available,N
M,0,JLQ,M0JLQ,Call Sign,Amateur Full Radio Licence,Available,N
M,0,JLR,M0JLR,Call Sign,Amateur Full Radio Licence,Available,N
M,0,JLS,M0JLS,Call Sign,Amateur Full Radio Licence,Available,N
M,0,JLV,M0JLV,Call Sign,Amateur Full Radio Licence,Available,N
M,0,JLX,M0JLX,Call Sign,Amateur Full Radio Licence,Available,N
M,0,JLZ,M0JLZ,Call Sign,Amateur Full Radio Licence,Available,N
M,0,JMQ,M0JMQ,Call Sign,Amateur Full Radio Licence,Available,N
M,0,JMR,M0JMR,Call Sign,Amateur Full Radio Licence,Available,N
M,0,JMT,M0JMT,Call Sign,Amateur Full Radio Licence,Available,N
M,0,JMU,M0JMU,Call Sign,Amateur Full Radio Licence,Available,N
M,0,JMX,M0JMX,Call Sign,Amateur Full Radio Licence,Available,N
M,0,JMZ,M0JMZ,Call Sign,Amateur Full Radio Licence,Available,N
M,0,JNA,M0JNA,Call Sign,Amateur Full Radio Licence,Available,N
M,0,JND,M0JND,Call Sign,Amateur Full Radio Licence,Available,N
M,0,JNE,M0JNE,Call Sign,Amateur Full Radio Licence,Available,N
M,0,JNF,M0JNF,Call Sign,Amateur Full Radio Licence,Available,N
M,0,JNG,M0JNG,Call Sign,Amateur Full Radio Licence,Available,N
M,0,JNJ,M0JNJ,Call Sign,Amateur Full Radio Licence,Available,N
M,0,JNL,M0JNL,Call Sign,Amateur Full Radio Licence,Available,N
M,0,JNM,M0JNM,Call Sign,Amateur Full Radio Licence,Available,N
M,0,JNN,M0JNN,Call Sign,Amateur Full Radio Licence,Available,N
M,0,JNO,M0JNO,Call Sign,Amateur Full Radio Licence,Available,N
M,0,JNP,M0JNP,Call Sign,Amateur Full Radio Licence,Available,N
M,0,JNQ,M0JNQ,Call Sign,Amateur Full Radio Licence,Available,N
M,0,JNT,M0JNT,Call Sign,Amateur Full Radio Licence,Available,N
M,0,JNU,M0JNU,Call Sign,Amateur Full Radio Licence,Available,N
M,0,JNV,M0JNV,Call Sign,Amateur Full Radio Licence,Available,N
M,0,JNW,M0JNW,Call Sign,Amateur Full Radio Licence,Available,N
M,0,JNY,M0JNY,Call Sign,Amateur Full Radio Licence,Available,N
M,0,JNZ,M0JNZ,Call Sign,Amateur Full Radio Licence,Available,N
M,0,JOC,M0JOC,Call Sign,Amateur Full Radio Licence,Available,N
M,0,JOI,M0JOI,Call Sign,Amateur Full Radio Licence,Available,N
M,0,JOJ,M0JOJ,Call Sign,Amateur Full Radio Licence,Available,N
M,0,JOP,M0JOP,Call Sign,Amateur Full Radio Licence,Available,N
M,0,JOQ,M0JOQ,Call Sign,Amateur Full Radio Licence,Available,N
M,0,JOT,M0JOT,Call Sign,Amateur Full Radio Licence,Available,N
M,0,JOU,M0JOU,Call Sign,Amateur Full Radio Licence,Available,N
M,0,JOV,M0JOV,Call Sign,Amateur Full Radio Licence,Available,N
M,0,JOW,M0JOW,Call Sign,Amateur Full Radio Licence,Available,N
M,0,JOX,M0JOX,Call Sign,Amateur Full Radio Licence,Available,N
M,0,JOZ,M0JOZ,Call Sign,Amateur Full Radio Licence,Available,N
M,0,JPE,M0JPE,Call Sign,Amateur Full Radio Licence,Available,N
M,0,JPI,M0JPI,Call Sign,Amateur Full Radio Licence,Available,N
M,0,JPK,M0JPK,Call Sign,Amateur Full Radio Licence,Available,N
M,0,JPQ,M0JPQ,Call Sign,Amateur Full Radio Licence,Available,N
M,0,JPR,M0JPR,Call Sign,Amateur Full Radio Licence,Available,N
M,0,JPU,M0JPU,Call Sign,Amateur Full Radio Licence,Available,N
M,0,JPY,M0JPY,Call Sign,Amateur Full Radio Licence,Available,N
M,0,JQA,M0JQA,Call Sign,Amateur Full Radio Licence,Available,N
M,0,JQB,M0JQB,Call Sign,Amateur Full Radio Licence,Available,N
M,0,JQC,M0JQC,Call Sign,Amateur Full Radio Licence,Available,N
M,0,JQD,M0JQD,Call Sign,Amateur Full Radio Licence,Available,N
M,0,JQE,M0JQE,Call Sign,Amateur Full Radio Licence,Available,N
M,0,JQF,M0JQF,Call Sign,Amateur Full Radio Licence,Available,N
M,0,JQH,M0JQH,Call Sign,Amateur Full Radio Licence,Available,N
M,0,JQI,M0JQI,Call Sign,Amateur Full Radio Licence,Available,N
M,0,JQJ,M0JQJ,Call Sign,Amateur Full Radio Licence,Available,N
M,0,JQL,M0JQL,Call Sign,Amateur Full Radio Licence,Available,N
M,0,JQM,M0JQM,Call Sign,Amateur Full Radio Licence,Available,N
M,0,JQN,M0JQN,Call Sign,Amateur Full Radio Licence,Available,N
M,0,JQO,M0JQO,Call Sign,Amateur Full Radio Licence,Available,N
M,0,JQP,M0JQP,Call Sign,Amateur Full Radio Licence,Available,N
M,0,JQQ,M0JQQ,Call Sign,Amateur Full Radio Licence,Available,N
M,0,JQR,M0JQR,Call Sign,Amateur Full Radio Licence,Available,N
M,0,JQS,M0JQS,Call Sign,Amateur Full Radio Licence,Available,N
M,0,JQT,M0JQT,Call Sign,Amateur Full Radio Licence,Available,N
M,0,JQU,M0JQU,Call Sign,Amateur Full Radio Licence,Available,N
M,0,JQV,M0JQV,Call Sign,Amateur Full Radio Licence,Available,N
M,0,JQX,M0JQX,Call Sign,Amateur Full Radio Licence,Available,N
M,0,JQY,M0JQY,Call Sign,Amateur Full Radio Licence,Available,N
M,0,JRI,M0JRI,Call Sign,Amateur Full Radio Licence,Available,N
M,0,JRL,M0JRL,Call Sign,Amateur Full Radio Licence,Available,N
M,0,JRN,M0JRN,Call Sign,Amateur Full Radio Licence,Available,N
M,0,JRO,M0JRO,Call Sign,Amateur Full Radio Licence,Available,N
M,0,JRP,M0JRP,Call Sign,Amateur Full Radio Licence,Available,N
M,0,JRT,M0JRT,Call Sign,Amateur Full Radio Licence,Available,N
M,0,JRU,M0JRU,Call Sign,Amateur Full Radio Licence,Available,N
M,0,JRV,M0JRV,Call Sign,Amateur Full Radio Licence,Available,N
M,0,JRY,M0JRY,Call Sign,Amateur Full Radio Licence,Available,N
M,0,JRZ,M0JRZ,Call Sign,Amateur Full Radio Licence,Available,N
M,0,JSB,M0JSB,Call Sign,Amateur Full Radio Licence,Available,N
M,0,JSI,M0JSI,Call Sign,Amateur Full Radio Licence,Available,N
M,0,JSK,M0JSK,Call Sign,Amateur Full Radio Licence,Available,N
M,0,JSL,M0JSL,Call Sign,Amateur Full Radio Licence,Available,N
M,0,JSQ,M0JSQ,Call Sign,Amateur Full Radio Licence,Available,N
M,0,JSU,M0JSU,Call Sign,Amateur Full Radio Licence,Available,N
M,0,JSX,M0JSX,Call Sign,Amateur Full Radio Licence,Available,N
M,0,JSY,M0JSY,Call Sign,Amateur Full Radio Licence,Available,N
M,0,JTD,M0JTD,Call Sign,Amateur Full Radio Licence,Available,N
M,0,JTF,M0JTF,Call Sign,Amateur Full Radio Licence,Available,N
M,0,JTG,M0JTG,Call Sign,Amateur Full Radio Licence,Available,N
M,0,JTK,M0JTK,Call Sign,Amateur Full Radio Licence,Available,N
M,0,JTL,M0JTL,Call Sign,Amateur Full Radio Licence,Available,N
M,0,JTM,M0JTM,Call Sign,Amateur Full Radio Licence,Available,N
M,0,JTO,M0JTO,Call Sign,Amateur Full Radio Licence,Available,N
M,0,JTP,M0JTP,Call Sign,Amateur Full Radio Licence,Available,N
M,0,JTQ,M0JTQ,Call Sign,Amateur Full Radio Licence,Available,N
M,0,JTS,M0JTS,Call Sign,Amateur Full Radio Licence,Available,N
M,0,JTU,M0JTU,Call Sign,Amateur Full Radio Licence,Available,N
M,0,JTV,M0JTV,Call Sign,Amateur Full Radio Licence,Available,N
M,0,JTX,M0JTX,Call Sign,Amateur Full Radio Licence,Available,N
M,0,JTY,M0JTY,Call Sign,Amateur Full Radio Licence,Available,N
M,0,JTZ,M0JTZ,Call Sign,Amateur Full Radio Licence,Available,N
M,0,JUA,M0JUA,Call Sign,Amateur Full Radio Licence,Available,N
M,0,JUB,M0JUB,Call Sign,Amateur Full Radio Licence,Available,N
M,0,JUC,M0JUC,Call Sign,Amateur Full Radio Licence,Available,N
M,0,JUD,M0JUD,Call Sign,Amateur Full Radio Licence,Available,N
M,0,JUF,M0JUF,Call Sign,Amateur Full Radio Licence,Available,N
M,0,JUH,M0JUH,Call Sign,Amateur Full Radio Licence,Available,N
M,0,JUI,M0JUI,Call Sign,Amateur Full Radio Licence,Available,N
M,0,JUJ,M0JUJ,Call Sign,Amateur Full Radio Licence,Available,N
M,0,JUM,M0JUM,Call Sign,Amateur Full Radio Licence,Available,N
M,0,JUN,M0JUN,Call Sign,Amateur Full Radio Licence,Available,N
M,0,JUO,M0JUO,Call Sign,Amateur Full Radio Licence,Available,N
M,0,JUP,M0JUP,Call Sign,Amateur Full Radio Licence,Available,N
M,0,JUQ,M0JUQ,Call Sign,Amateur Full Radio Licence,Available,N
M,0,JUR,M0JUR,Call Sign,Amateur Full Radio Licence,Available,N
M,0,JUS,M0JUS,Call Sign,Amateur Full Radio Licence,Available,N
M,0,JUT,M0JUT,Call Sign,Amateur Full Radio Licence,Available,N
M,0,JUU,M0JUU,Call Sign,Amateur Full Radio Licence,Available,N
M,0,JUV,M0JUV,Call Sign,Amateur Full Radio Licence,Available,N
M,0,JUW,M0JUW,Call Sign,Amateur Full Radio Licence,Available,N
M,0,JUX,M0JUX,Call Sign,Amateur Full Radio Licence,Available,N
M,0,JUY,M0JUY,Call Sign,Amateur Full Radio Licence,Available,N
M,0,JUZ,M0JUZ,Call Sign,Amateur Full Radio Licence,Available,N
M,0,JVA,M0JVA,Call Sign,Amateur Full Radio Licence,Available,N
M,0,JVD,M0JVD,Call Sign,Amateur Full Radio Licence,Available,N
M,0,JVE,M0JVE,Call Sign,Amateur Full Radio Licence,Available,N
M,0,JVF,M0JVF,Call Sign,Amateur Full Radio Licence,Available,N
M,0,JVH,M0JVH,Call Sign,Amateur Full Radio Licence,Available,N
M,0,JVJ,M0JVJ,Call Sign,Amateur Full Radio Licence,Available,N
M,0,JVK,M0JVK,Call Sign,Amateur Full Radio Licence,Available,N
M,0,JVL,M0JVL,Call Sign,Amateur Full Radio Licence,Available,N
M,0,JVN,M0JVN,Call Sign,Amateur Full Radio Licence,Available,N
M,0,JVO,M0JVO,Call Sign,Amateur Full Radio Licence,Available,N
M,0,JVR,M0JVR,Call Sign,Amateur Full Radio Licence,Available,N
M,0,JVS,M0JVS,Call Sign,Amateur Full Radio Licence,Available,N
M,0,JVU,M0JVU,Call Sign,Amateur Full Radio Licence,Available,N
M,0,JVV,M0JVV,Call Sign,Amateur Full Radio Licence,Available,N
M,0,JVX,M0JVX,Call Sign,Amateur Full Radio Licence,Available,N
M,0,JVY,M0JVY,Call Sign,Amateur Full Radio Licence,Available,N
M,0,JVZ,M0JVZ,Call Sign,Amateur Full Radio Licence,Available,N
M,0,JWC,M0JWC,Call Sign,Amateur Full Radio Licence,Available,N
M,0,JWD,M0JWD,Call Sign,Amateur Full Radio Licence,Available,N
M,0,JWI,M0JWI,Call Sign,Amateur Full Radio Licence,Available,N
M,0,JWN,M0JWN,Call Sign,Amateur Full Radio Licence,Available,N
M,0,JWO,M0JWO,Call Sign,Amateur Full Radio Licence,Available,N
M,0,JWP,M0JWP,Call Sign,Amateur Full Radio Licence,Available,N
M,0,JWQ,M0JWQ,Call Sign,Amateur Full Radio Licence,Available,N
M,0,JWU,M0JWU,Call Sign,Amateur Full Radio Licence,Available,N
M,0,JWV,M0JWV,Call Sign,Amateur Full Radio Licence,Available,N
M,0,JWW,M0JWW,Call Sign,Amateur Full Radio Licence,Available,N
M,0,JWX,M0JWX,Call Sign,Amateur Full Radio Licence,Available,N
M,0,JWY,M0JWY,Call Sign,Amateur Full Radio Licence,Available,N
M,0,JWZ,M0JWZ,Call Sign,Amateur Full Radio Licence,Available,N
M,0,JXA,M0JXA,Call Sign,Amateur Full Radio Licence,Available,N
M,0,JXC,M0JXC,Call Sign,Amateur Full Radio Licence,Available,N
M,0,JXD,M0JXD,Call Sign,Amateur Full Radio Licence,Available,N
M,0,JXF,M0JXF,Call Sign,Amateur Full Radio Licence,Available,N
M,0,JXH,M0JXH,Call Sign,Amateur Full Radio Licence,Available,N
M,0,JXJ,M0JXJ,Call Sign,Amateur Full Radio Licence,Available,N
M,0,JXL,M0JXL,Call Sign,Amateur Full Radio Licence,Available,N
M,0,JXO,M0JXO,Call Sign,Amateur Full Radio Licence,Available,N
M,0,JXP,M0JXP,Call Sign,Amateur Full Radio Licence,Available,N
M,0,JXQ,M0JXQ,Call Sign,Amateur Full Radio Licence,Available,N
M,0,JXR,M0JXR,Call Sign,Amateur Full Radio Licence,Available,N
M,0,JXS,M0JXS,Call Sign,Amateur Full Radio Licence,Available,N
M,0,JXT,M0JXT,Call Sign,Amateur Full Radio Licence,Available,N
M,0,JXU,M0JXU,Call Sign,Amateur Full Radio Licence,Available,N
M,0,JXV,M0JXV,Call Sign,Amateur Full Radio Licence,Available,N
M,0,JXW,M0JXW,Call Sign,Amateur Full Radio Licence,Available,N
M,0,JXY,M0JXY,Call Sign,Amateur Full Radio Licence,Available,N
M,0,JXZ,M0JXZ,Call Sign,Amateur Full Radio Licence,Available,N
M,0,JYA,M0JYA,Call Sign,Amateur Full Radio Licence,Available,N
M,0,JYB,M0JYB,Call Sign,Amateur Full Radio Licence,Available,N
M,0,JYD,M0JYD,Call Sign,Amateur Full Radio Licence,Available,N
M,0,JYE,M0JYE,Call Sign,Amateur Full Radio Licence,Available,N
M,0,JYF,M0JYF,Call Sign,Amateur Full Radio Licence,Available,N
M,0,JYG,M0JYG,Call Sign,Amateur Full Radio Licence,Available,N
M,0,JYH,M0JYH,Call Sign,Amateur Full Radio Licence,Available,N
M,0,JYI,M0JYI,Call Sign,Amateur Full Radio Licence,Available,N
M,0,JYJ,M0JYJ,Call Sign,Amateur Full Radio Licence,Available,N
M,0,JYK,M0JYK,Call Sign,Amateur Full Radio Licence,Available,N
M,0,JYN,M0JYN,Call Sign,Amateur Full Radio Licence,Available,N
M,0,JYO,M0JYO,Call Sign,Amateur Full Radio Licence,Available,N
M,0,JYP,M0JYP,Call Sign,Amateur Full Radio Licence,Available,N
M,0,JYQ,M0JYQ,Call Sign,Amateur Full Radio Licence,Available,N
M,0,JYR,M0JYR,Call Sign,Amateur Full Radio Licence,Available,N
M,0,JYS,M0JYS,Call Sign,Amateur Full Radio Licence,Available,N
M,0,JYT,M0JYT,Call Sign,Amateur Full Radio Licence,Available,N
M,0,JYU,M0JYU,Call Sign,Amateur Full Radio Licence,Available,N
M,0,JYV,M0JYV,Call Sign,Amateur Full Radio Licence,Available,N
M,0,JYW,M0JYW,Call Sign,Amateur Full Radio Licence,Available,N
M,0,JYX,M0JYX,Call Sign,Amateur Full Radio Licence,Available,N
M,0,JYZ,M0JYZ,Call Sign,Amateur Full Radio Licence,Available,N
M,0,JZA,M0JZA,Call Sign,Amateur Full Radio Licence,Available,N
M,0,JZB,M0JZB,Call Sign,Amateur Full Radio Licence,Available,N
M,0,JZC,M0JZC,Call Sign,Amateur Full Radio Licence,Available,N
M,0,JZD,M0JZD,Call Sign,Amateur Full Radio Licence,Available,N
M,0,JZF,M0JZF,Call Sign,Amateur Full Radio Licence,Available,N
M,0,JZG,M0JZG,Call Sign,Amateur Full Radio Licence,Available,N
M,0,JZI,M0JZI,Call Sign,Amateur Full Radio Licence,Available,N
M,0,JZJ,M0JZJ,Call Sign,Amateur Full Radio Licence,Available,N
M,0,JZL,M0JZL,Call Sign,Amateur Full Radio Licence,Available,N
M,0,JZN,M0JZN,Call Sign,Amateur Full Radio Licence,Available,N
M,0,JZO,M0JZO,Call Sign,Amateur Full Radio Licence,Available,N
M,0,JZP,M0JZP,Call Sign,Amateur Full Radio Licence,Available,N
M,0,JZQ,M0JZQ,Call Sign,Amateur Full Radio Licence,Available,N
M,0,JZR,M0JZR,Call Sign,Amateur Full Radio Licence,Available,N
M,0,JZS,M0JZS,Call Sign,Amateur Full Radio Licence,Available,N
M,0,JZU,M0JZU,Call Sign,Amateur Full Radio Licence,Available,N
M,0,JZV,M0JZV,Call Sign,Amateur Full Radio Licence,Available,N
M,0,JZW,M0JZW,Call Sign,Amateur Full Radio Licence,Available,N
M,0,JZX,M0JZX,Call Sign,Amateur Full Radio Licence,Available,N
M,0,JZY,M0JZY,Call Sign,Amateur Full Radio Licence,Available,N
M,0,KAQ,M0KAQ,Call Sign,Amateur Full Radio Licence,Available,N
M,0,KAX,M0KAX,Call Sign,Amateur Full Radio Licence,Available,N
M,0,KBE,M0KBE,Call Sign,Amateur Full Radio Licence,Available,N
M,0,KBG,M0KBG,Call Sign,Amateur Full Radio Licence,Available,N
M,0,KBI,M0KBI,Call Sign,Amateur Full Radio Licence,Available,N
M,0,KBJ,M0KBJ,Call Sign,Amateur Full Radio Licence,Available,N
M,0,KBK,M0KBK,Call Sign,Amateur Full Radio Licence,Available,N
M,0,KBL,M0KBL,Call Sign,Amateur Full Radio Licence,Available,N
M,0,KBN,M0KBN,Call Sign,Amateur Full Radio Licence,Available,N
M,0,KBO,M0KBO,Call Sign,Amateur Full Radio Licence,Available,N
M,0,KBP,M0KBP,Call Sign,Amateur Full Radio Licence,Available,N
M,0,KBQ,M0KBQ,Call Sign,Amateur Full Radio Licence,Available,N
M,0,KBR,M0KBR,Call Sign,Amateur Full Radio Licence,Available,N
M,0,KBS,M0KBS,Call Sign,Amateur Full Radio Licence,Available,N
M,0,KBU,M0KBU,Call Sign,Amateur Full Radio Licence,Available,N
M,0,KBV,M0KBV,Call Sign,Amateur Full Radio Licence,Available,N
M,0,KBX,M0KBX,Call Sign,Amateur Full Radio Licence,Available,N
M,0,KBY,M0KBY,Call Sign,Amateur Full Radio Licence,Available,N
M,0,KBZ,M0KBZ,Call Sign,Amateur Full Radio Licence,Available,N
M,0,KCF,M0KCF,Call Sign,Amateur Full Radio Licence,Available,N
M,0,KCG,M0KCG,Call Sign,Amateur Full Radio Licence,Available,N
M,0,KCI,M0KCI,Call Sign,Amateur Full Radio Licence,Available,N
M,0,KCJ,M0KCJ,Call Sign,Amateur Full Radio Licence,Available,N
M,0,KCN,M0KCN,Call Sign,Amateur Full Radio Licence,Available,N
M,0,KCQ,M0KCQ,Call Sign,Amateur Full Radio Licence,Available,N
M,0,KCU,M0KCU,Call Sign,Amateur Full Radio Licence,Available,N
M,0,KCV,M0KCV,Call Sign,Amateur Full Radio Licence,Available,N
M,0,KCX,M0KCX,Call Sign,Amateur Full Radio Licence,Available,N
M,0,KCY,M0KCY,Call Sign,Amateur Full Radio Licence,Available,N
M,0,KCZ,M0KCZ,Call Sign,Amateur Full Radio Licence,Available,N
M,0,KDF,M0KDF,Call Sign,Amateur Full Radio Licence,Available,N
M,0,KDI,M0KDI,Call Sign,Amateur Full Radio Licence,Available,N
M,0,KDJ,M0KDJ,Call Sign,Amateur Full Radio Licence,Available,N
M,0,KDK,M0KDK,Call Sign,Amateur Full Radio Licence,Available,N
M,0,KDN,M0KDN,Call Sign,Amateur Full Radio Licence,Available,N
M,0,KDO,M0KDO,Call Sign,Amateur Full Radio Licence,Available,N
M,0,KDQ,M0KDQ,Call Sign,Amateur Full Radio Licence,Available,N
M,0,KDS,M0KDS,Call Sign,Amateur Full Radio Licence,Available,N
M,0,KDT,M0KDT,Call Sign,Amateur Full Radio Licence,Available,N
M,0,KDW,M0KDW,Call Sign,Amateur Full Radio Licence,Available,N
M,0,KEA,M0KEA,Call Sign,Amateur Full Radio Licence,Available,N
M,0,KEC,M0KEC,Call Sign,Amateur Full Radio Licence,Available,N
M,0,KED,M0KED,Call Sign,Amateur Full Radio Licence,Available,N
M,0,KEH,M0KEH,Call Sign,Amateur Full Radio Licence,Available,N
M,0,KEM,M0KEM,Call Sign,Amateur Full Radio Licence,Available,N
M,0,KEO,M0KEO,Call Sign,Amateur Full Radio Licence,Available,N
M,0,KEP,M0KEP,Call Sign,Amateur Full Radio Licence,Available,N
M,0,KEU,M0KEU,Call Sign,Amateur Full Radio Licence,Available,N
M,0,KEW,M0KEW,Call Sign,Amateur Full Radio Licence,Available,N
M,0,KEZ,M0KEZ,Call Sign,Amateur Full Radio Licence,Available,N
M,0,KFA,M0KFA,Call Sign,Amateur Full Radio Licence,Available,N
M,0,KFE,M0KFE,Call Sign,Amateur Full Radio Licence,Available,N
M,0,KFF,M0KFF,Call Sign,Amateur Full Radio Licence,Available,N
M,0,KFG,M0KFG,Call Sign,Amateur Full Radio Licence,Available,N
M,0,KFH,M0KFH,Call Sign,Amateur Full Radio Licence,Available,N
M,0,KFI,M0KFI,Call Sign,Amateur Full Radio Licence,Available,N
M,0,KFJ,M0KFJ,Call Sign,Amateur Full Radio Licence,Available,N
M,0,KFK,M0KFK,Call Sign,Amateur Full Radio Licence,Available,N
M,0,KFL,M0KFL,Call Sign,Amateur Full Radio Licence,Available,N
M,0,KFM,M0KFM,Call Sign,Amateur Full Radio Licence,Available,N
M,0,KFN,M0KFN,Call Sign,Amateur Full Radio Licence,Available,N
M,0,KFO,M0KFO,Call Sign,Amateur Full Radio Licence,Available,N
M,0,KFP,M0KFP,Call Sign,Amateur Full Radio Licence,Available,N
M,0,KFQ,M0KFQ,Call Sign,Amateur Full Radio Licence,Available,N
M,0,KFR,M0KFR,Call Sign,Amateur Full Radio Licence,Available,N
M,0,KFS,M0KFS,Call Sign,Amateur Full Radio Licence,Available,N
M,0,KFV,M0KFV,Call Sign,Amateur Full Radio Licence,Available,N
M,0,KFY,M0KFY,Call Sign,Amateur Full Radio Licence,Available,N
M,0,KFZ,M0KFZ,Call Sign,Amateur Full Radio Licence,Available,N
M,0,KGC,M0KGC,Call Sign,Amateur Full Radio Licence,Available,N
M,0,KGD,M0KGD,Call Sign,Amateur Full Radio Licence,Available,N
M,0,KGE,M0KGE,Call Sign,Amateur Full Radio Licence,Available,N
M,0,KGG,M0KGG,Call Sign,Amateur Full Radio Licence,Available,N
M,0,KGH,M0KGH,Call Sign,Amateur Full Radio Licence,Available,N
M,0,KGI,M0KGI,Call Sign,Amateur Full Radio Licence,Available,N
M,0,KGJ,M0KGJ,Call Sign,Amateur Full Radio Licence,Available,N
M,0,KGL,M0KGL,Call Sign,Amateur Full Radio Licence,Available,N
M,0,KGO,M0KGO,Call Sign,Amateur Full Radio Licence,Available,N
M,0,KGQ,M0KGQ,Call Sign,Amateur Full Radio Licence,Available,N
M,0,KGR,M0KGR,Call Sign,Amateur Full Radio Licence,Available,N
M,0,KGS,M0KGS,Call Sign,Amateur Full Radio Licence,Available,N
M,0,KGT,M0KGT,Call Sign,Amateur Full Radio Licence,Available,N
M,0,KGU,M0KGU,Call Sign,Amateur Full Radio Licence,Available,N
M,0,KGW,M0KGW,Call Sign,Amateur Full Radio Licence,Available,N
M,0,KGX,M0KGX,Call Sign,Amateur Full Radio Licence,Available,N
M,0,KGZ,M0KGZ,Call Sign,Amateur Full Radio Licence,Available,N
M,0,KHB,M0KHB,Call Sign,Amateur Full Radio Licence,Available,N
M,0,KHC,M0KHC,Call Sign,Amateur Full Radio Licence,Available,N
M,0,KHD,M0KHD,Call Sign,Amateur Full Radio Licence,Available,N
M,0,KHE,M0KHE,Call Sign,Amateur Full Radio Licence,Available,N
M,0,KHF,M0KHF,Call Sign,Amateur Full Radio Licence,Available,N
M,0,KHG,M0KHG,Call Sign,Amateur Full Radio Licence,Available,N
M,0,KHH,M0KHH,Call Sign,Amateur Full Radio Licence,Available,N
M,0,KHI,M0KHI,Call Sign,Amateur Full Radio Licence,Available,N
M,0,KHJ,M0KHJ,Call Sign,Amateur Full Radio Licence,Available,N
M,0,KHK,M0KHK,Call Sign,Amateur Full Radio Licence,Available,N
M,0,KHL,M0KHL,Call Sign,Amateur Full Radio Licence,Available,N
M,0,KHM,M0KHM,Call Sign,Amateur Full Radio Licence,Available,N
M,0,KHN,M0KHN,Call Sign,Amateur Full Radio Licence,Available,N
M,0,KHP,M0KHP,Call Sign,Amateur Full Radio Licence,Available,N
M,0,KHQ,M0KHQ,Call Sign,Amateur Full Radio Licence,Available,N
M,0,KHR,M0KHR,Call Sign,Amateur Full Radio Licence,Available,N
M,0,KHT,M0KHT,Call Sign,Amateur Full Radio Licence,Available,N
M,0,KHU,M0KHU,Call Sign,Amateur Full Radio Licence,Available,N
M,0,KHV,M0KHV,Call Sign,Amateur Full Radio Licence,Available,N
M,0,KHX,M0KHX,Call Sign,Amateur Full Radio Licence,Available,N
M,0,KHY,M0KHY,Call Sign,Amateur Full Radio Licence,Available,N
M,0,KIA,M0KIA,Call Sign,Amateur Full Radio Licence,Available,N
M,0,KIC,M0KIC,Call Sign,Amateur Full Radio Licence,Available,N
M,0,KIE,M0KIE,Call Sign,Amateur Full Radio Licence,Available,N
M,0,KIF,M0KIF,Call Sign,Amateur Full Radio Licence,Available,N
M,0,KIH,M0KIH,Call Sign,Amateur Full Radio Licence,Available,N
M,0,KII,M0KII,Call Sign,Amateur Full Radio Licence,Available,N
M,0,KIO,M0KIO,Call Sign,Amateur Full Radio Licence,Available,N
M,0,KIQ,M0KIQ,Call Sign,Amateur Full Radio Licence,Available,N
M,0,KIU,M0KIU,Call Sign,Amateur Full Radio Licence,Available,N
M,0,KIV,M0KIV,Call Sign,Amateur Full Radio Licence,Available,N
M,0,KIW,M0KIW,Call Sign,Amateur Full Radio Licence,Available,N
M,0,KIX,M0KIX,Call Sign,Amateur Full Radio Licence,Available,N
M,0,KIY,M0KIY,Call Sign,Amateur Full Radio Licence,Available,N
M,0,KIZ,M0KIZ,Call Sign,Amateur Full Radio Licence,Available,N
M,0,KJD,M0KJD,Call Sign,Amateur Full Radio Licence,Available,N
M,0,KJE,M0KJE,Call Sign,Amateur Full Radio Licence,Available,N
M,0,KJF,M0KJF,Call Sign,Amateur Full Radio Licence,Available,N
M,0,KJH,M0KJH,Call Sign,Amateur Full Radio Licence,Available,N
M,0,KJI,M0KJI,Call Sign,Amateur Full Radio Licence,Available,N
M,0,KJJ,M0KJJ,Call Sign,Amateur Full Radio Licence,Available,N
M,0,KJL,M0KJL,Call Sign,Amateur Full Radio Licence,Available,N
M,0,KJN,M0KJN,Call Sign,Amateur Full Radio Licence,Available,N
M,0,KJO,M0KJO,Call Sign,Amateur Full Radio Licence,Available,N
M,0,KJQ,M0KJQ,Call Sign,Amateur Full Radio Licence,Available,N
M,0,KJS,M0KJS,Call Sign,Amateur Full Radio Licence,Available,N
M,0,KJU,M0KJU,Call Sign,Amateur Full Radio Licence,Available,N
M,0,KJV,M0KJV,Call Sign,Amateur Full Radio Licence,Available,N
M,0,KJX,M0KJX,Call Sign,Amateur Full Radio Licence,Available,N
M,0,KJY,M0KJY,Call Sign,Amateur Full Radio Licence,Available,N
M,0,KJZ,M0KJZ,Call Sign,Amateur Full Radio Licence,Available,N
M,0,KKC,M0KKC,Call Sign,Amateur Full Radio Licence,Available,N
M,0,KKD,M0KKD,Call Sign,Amateur Full Radio Licence,Available,N
M,0,KKE,M0KKE,Call Sign,Amateur Full Radio Licence,Available,N
M,0,KKF,M0KKF,Call Sign,Amateur Full Radio Licence,Available,N
M,0,KKG,M0KKG,Call Sign,Amateur Full Radio Licence,Available,N
M,0,KKI,M0KKI,Call Sign,Amateur Full Radio Licence,Available,N
M,0,KKJ,M0KKJ,Call Sign,Amateur Full Radio Licence,Available,N
M,0,KKL,M0KKL,Call Sign,Amateur Full Radio Licence,Available,N
M,0,KKM,M0KKM,Call Sign,Amateur Full Radio Licence,Available,N
M,0,KKN,M0KKN,Call Sign,Amateur Full Radio Licence,Available,N
M,0,KKO,M0KKO,Call Sign,Amateur Full Radio Licence,Available,N
M,0,KKP,M0KKP,Call Sign,Amateur Full Radio Licence,Available,N
M,0,KKQ,M0KKQ,Call Sign,Amateur Full Radio Licence,Available,N
M,0,KKR,M0KKR,Call Sign,Amateur Full Radio Licence,Available,N
M,0,KKS,M0KKS,Call Sign,Amateur Full Radio Licence,Available,N
M,0,KKU,M0KKU,Call Sign,Amateur Full Radio Licence,Available,N
M,0,KKV,M0KKV,Call Sign,Amateur Full Radio Licence,Available,N
M,0,KKY,M0KKY,Call Sign,Amateur Full Radio Licence,Available,N
M,0,KKZ,M0KKZ,Call Sign,Amateur Full Radio Licence,Available,N
M,0,KLD,M0KLD,Call Sign,Amateur Full Radio Licence,Available,N
M,0,KLG,M0KLG,Call Sign,Amateur Full Radio Licence,Available,N
M,0,KLI,M0KLI,Call Sign,Amateur Full Radio Licence,Available,N
M,0,KLQ,M0KLQ,Call Sign,Amateur Full Radio Licence,Available,N
M,0,KLU,M0KLU,Call Sign,Amateur Full Radio Licence,Available,N
M,0,KLV,M0KLV,Call Sign,Amateur Full Radio Licence,Available,N
M,0,KLX,M0KLX,Call Sign,Amateur Full Radio Licence,Available,N
M,0,KLY,M0KLY,Call Sign,Amateur Full Radio Licence,Available,N
M,0,KLZ,M0KLZ,Call Sign,Amateur Full Radio Licence,Available,N
M,0,KMD,M0KMD,Call Sign,Amateur Full Radio Licence,Available,N
M,0,KME,M0KME,Call Sign,Amateur Full Radio Licence,Available,N
M,0,KMG,M0KMG,Call Sign,Amateur Full Radio Licence,Available,N
M,0,KMK,M0KMK,Call Sign,Amateur Full Radio Licence,Available,N
M,0,KML,M0KML,Call Sign,Amateur Full Radio Licence,Available,N
M,0,KMN,M0KMN,Call Sign,Amateur Full Radio Licence,Available,N
M,0,KMQ,M0KMQ,Call Sign,Amateur Full Radio Licence,Available,N
M,0,KMR,M0KMR,Call Sign,Amateur Full Radio Licence,Available,N
M,0,KMT,M0KMT,Call Sign,Amateur Full Radio Licence,Available,N
M,0,KMU,M0KMU,Call Sign,Amateur Full Radio Licence,Available,N
M,0,KMX,M0KMX,Call Sign,Amateur Full Radio Licence,Available,N
M,0,KMY,M0KMY,Call Sign,Amateur Full Radio Licence,Available,N
M,0,KMZ,M0KMZ,Call Sign,Amateur Full Radio Licence,Available,N
M,0,KNC,M0KNC,Call Sign,Amateur Full Radio Licence,Available,N
M,0,KND,M0KND,Call Sign,Amateur Full Radio Licence,Available,N
M,0,KNF,M0KNF,Call Sign,Amateur Full Radio Licence,Available,N
M,0,KNI,M0KNI,Call Sign,Amateur Full Radio Licence,Available,N
M,0,KNJ,M0KNJ,Call Sign,Amateur Full Radio Licence,Available,N
M,0,KNK,M0KNK,Call Sign,Amateur Full Radio Licence,Available,N
M,0,KNL,M0KNL,Call Sign,Amateur Full Radio Licence,Available,N
M,0,KNM,M0KNM,Call Sign,Amateur Full Radio Licence,Available,N
M,0,KNP,M0KNP,Call Sign,Amateur Full Radio Licence,Available,N
M,0,KNQ,M0KNQ,Call Sign,Amateur Full Radio Licence,Available,N
M,0,KNR,M0KNR,Call Sign,Amateur Full Radio Licence,Available,N
M,0,KNS,M0KNS,Call Sign,Amateur Full Radio Licence,Available,N
M,0,KNU,M0KNU,Call Sign,Amateur Full Radio Licence,Available,N
M,0,KNV,M0KNV,Call Sign,Amateur Full Radio Licence,Available,N
M,0,KNW,M0KNW,Call Sign,Amateur Full Radio Licence,Available,N
M,0,KNZ,M0KNZ,Call Sign,Amateur Full Radio Licence,Available,N
M,0,KOA,M0KOA,Call Sign,Amateur Full Radio Licence,Available,N
M,0,KOB,M0KOB,Call Sign,Amateur Full Radio Licence,Available,N
M,0,KOD,M0KOD,Call Sign,Amateur Full Radio Licence,Available,N
M,0,KOE,M0KOE,Call Sign,Amateur Full Radio Licence,Available,N
M,0,KOF,M0KOF,Call Sign,Amateur Full Radio Licence,Available,N
M,0,KOJ,M0KOJ,Call Sign,Amateur Full Radio Licence,Available,N
M,0,KOL,M0KOL,Call Sign,Amateur Full Radio Licence,Available,N
M,0,KON,M0KON,Call Sign,Amateur Full Radio Licence,Available,N
M,0,KOQ,M0KOQ,Call Sign,Amateur Full Radio Licence,Available,N
M,0,KOR,M0KOR,Call Sign,Amateur Full Radio Licence,Available,N
M,0,KOU,M0KOU,Call Sign,Amateur Full Radio Licence,Available,N
M,0,KOV,M0KOV,Call Sign,Amateur Full Radio Licence,Available,N
M,0,KOW,M0KOW,Call Sign,Amateur Full Radio Licence,Available,N
M,0,KOY,M0KOY,Call Sign,Amateur Full Radio Licence,Available,N
M,0,KPD,M0KPD,Call Sign,Amateur Full Radio Licence,Available,N
M,0,KPE,M0KPE,Call Sign,Amateur Full Radio Licence,Available,N
M,0,KPF,M0KPF,Call Sign,Amateur Full Radio Licence,Available,N
M,0,KPG,M0KPG,Call Sign,Amateur Full Radio Licence,Available,N
M,0,KPI,M0KPI,Call Sign,Amateur Full Radio Licence,Available,N
M,0,KPJ,M0KPJ,Call Sign,Amateur Full Radio Licence,Available,N
M,0,KPN,M0KPN,Call Sign,Amateur Full Radio Licence,Available,N
M,0,KPP,M0KPP,Call Sign,Amateur Full Radio Licence,Available,N
M,0,KPQ,M0KPQ,Call Sign,Amateur Full Radio Licence,Available,N
M,0,KPR,M0KPR,Call Sign,Amateur Full Radio Licence,Available,N
M,0,KPS,M0KPS,Call Sign,Amateur Full Radio Licence,Available,N
M,0,KPU,M0KPU,Call Sign,Amateur Full Radio Licence,Available,N
M,0,KPV,M0KPV,Call Sign,Amateur Full Radio Licence,Available,N
M,0,KPX,M0KPX,Call Sign,Amateur Full Radio Licence,Available,N
M,0,KPY,M0KPY,Call Sign,Amateur Full Radio Licence,Available,N
M,0,KQB,M0KQB,Call Sign,Amateur Full Radio Licence,Available,N
M,0,KQC,M0KQC,Call Sign,Amateur Full Radio Licence,Available,N
M,0,KQD,M0KQD,Call Sign,Amateur Full Radio Licence,Available,N
M,0,KQE,M0KQE,Call Sign,Amateur Full Radio Licence,Available,N
M,0,KQF,M0KQF,Call Sign,Amateur Full Radio Licence,Available,N
M,0,KQG,M0KQG,Call Sign,Amateur Full Radio Licence,Available,N
M,0,KQH,M0KQH,Call Sign,Amateur Full Radio Licence,Available,N
M,0,KQI,M0KQI,Call Sign,Amateur Full Radio Licence,Available,N
M,0,KQJ,M0KQJ,Call Sign,Amateur Full Radio Licence,Available,N
M,0,KQK,M0KQK,Call Sign,Amateur Full Radio Licence,Available,N
M,0,KQL,M0KQL,Call Sign,Amateur Full Radio Licence,Available,N
M,0,KQM,M0KQM,Call Sign,Amateur Full Radio Licence,Available,N
M,0,KQN,M0KQN,Call Sign,Amateur Full Radio Licence,Available,N
M,0,KQO,M0KQO,Call Sign,Amateur Full Radio Licence,Available,N
M,0,KQP,M0KQP,Call Sign,Amateur Full Radio Licence,Available,N
M,0,KQQ,M0KQQ,Call Sign,Amateur Full Radio Licence,Available,N
M,0,KQR,M0KQR,Call Sign,Amateur Full Radio Licence,Available,N
M,0,KQS,M0KQS,Call Sign,Amateur Full Radio Licence,Available,N
M,0,KQT,M0KQT,Call Sign,Amateur Full Radio Licence,Available,N
M,0,KQV,M0KQV,Call Sign,Amateur Full Radio Licence,Available,N
M,0,KQW,M0KQW,Call Sign,Amateur Full Radio Licence,Available,N
M,0,KQX,M0KQX,Call Sign,Amateur Full Radio Licence,Available,N
M,0,KQY,M0KQY,Call Sign,Amateur Full Radio Licence,Available,N
M,0,KQZ,M0KQZ,Call Sign,Amateur Full Radio Licence,Available,N
M,0,KRE,M0KRE,Call Sign,Amateur Full Radio Licence,Available,N
M,0,KRH,M0KRH,Call Sign,Amateur Full Radio Licence,Available,N
M,0,KRK,M0KRK,Call Sign,Amateur Full Radio Licence,Available,N
M,0,KRM,M0KRM,Call Sign,Amateur Full Radio Licence,Available,N
M,0,KRN,M0KRN,Call Sign,Amateur Full Radio Licence,Available,N
M,0,KRO,M0KRO,Call Sign,Amateur Full Radio Licence,Available,N
M,0,KRQ,M0KRQ,Call Sign,Amateur Full Radio Licence,Available,N
M,0,KRV,M0KRV,Call Sign,Amateur Full Radio Licence,Available,N
M,0,KRY,M0KRY,Call Sign,Amateur Full Radio Licence,Available,N
M,0,KRZ,M0KRZ,Call Sign,Amateur Full Radio Licence,Available,N
M,0,KSB,M0KSB,Call Sign,Amateur Full Radio Licence,Available,N
M,0,KSD,M0KSD,Call Sign,Amateur Full Radio Licence,Available,N
M,0,KSE,M0KSE,Call Sign,Amateur Full Radio Licence,Available,N
M,0,KSF,M0KSF,Call Sign,Amateur Full Radio Licence,Available,N
M,0,KSH,M0KSH,Call Sign,Amateur Full Radio Licence,Available,N
M,0,KSI,M0KSI,Call Sign,Amateur Full Radio Licence,Available,N
M,0,KSK,M0KSK,Call Sign,Amateur Full Radio Licence,Available,N
M,0,KSN,M0KSN,Call Sign,Amateur Full Radio Licence,Available,N
M,0,KSO,M0KSO,Call Sign,Amateur Full Radio Licence,Available,N
M,0,KSQ,M0KSQ,Call Sign,Amateur Full Radio Licence,Available,N
M,0,KSU,M0KSU,Call Sign,Amateur Full Radio Licence,Available,N
M,0,KSV,M0KSV,Call Sign,Amateur Full Radio Licence,Available,N
M,0,KSX,M0KSX,Call Sign,Amateur Full Radio Licence,Available,N
M,0,KSY,M0KSY,Call Sign,Amateur Full Radio Licence,Available,N
M,0,KSZ,M0KSZ,Call Sign,Amateur Full Radio Licence,Available,N
M,0,KTB,M0KTB,Call Sign,Amateur Full Radio Licence,Available,N
M,0,KTD,M0KTD,Call Sign,Amateur Full Radio Licence,Available,N
M,0,KTF,M0KTF,Call Sign,Amateur Full Radio Licence,Available,N
M,0,KTG,M0KTG,Call Sign,Amateur Full Radio Licence,Available,N
M,0,KTH,M0KTH,Call Sign,Amateur Full Radio Licence,Available,N
M,0,KTI,M0KTI,Call Sign,Amateur Full Radio Licence,Available,N
M,0,KTJ,M0KTJ,Call Sign,Amateur Full Radio Licence,Available,N
M,0,KTN,M0KTN,Call Sign,Amateur Full Radio Licence,Available,N
M,0,KTO,M0KTO,Call Sign,Amateur Full Radio Licence,Available,N
M,0,KTP,M0KTP,Call Sign,Amateur Full Radio Licence,Available,N
M,0,KTQ,M0KTQ,Call Sign,Amateur Full Radio Licence,Available,N
M,0,KTS,M0KTS,Call Sign,Amateur Full Radio Licence,Available,N
M,0,KTU,M0KTU,Call Sign,Amateur Full Radio Licence,Available,N
M,0,KTW,M0KTW,Call Sign,Amateur Full Radio Licence,Available,N
M,0,KTZ,M0KTZ,Call Sign,Amateur Full Radio Licence,Available,N
M,0,KUA,M0KUA,Call Sign,Amateur Full Radio Licence,Available,N
M,0,KUC,M0KUC,Call Sign,Amateur Full Radio Licence,Available,N
M,0,KUD,M0KUD,Call Sign,Amateur Full Radio Licence,Available,N
M,0,KUE,M0KUE,Call Sign,Amateur Full Radio Licence,Available,N
M,0,KUF,M0KUF,Call Sign,Amateur Full Radio Licence,Available,N
M,0,KUG,M0KUG,Call Sign,Amateur Full Radio Licence,Available,N
M,0,KUH,M0KUH,Call Sign,Amateur Full Radio Licence,Available,N
M,0,KUI,M0KUI,Call Sign,Amateur Full Radio Licence,Available,N
M,0,KUJ,M0KUJ,Call Sign,Amateur Full Radio Licence,Available,N
M,0,KUK,M0KUK,Call Sign,Amateur Full Radio Licence,Available,N
M,0,KUM,M0KUM,Call Sign,Amateur Full Radio Licence,Available,N
M,0,KUN,M0KUN,Call Sign,Amateur Full Radio Licence,Available,N
M,0,KUO,M0KUO,Call Sign,Amateur Full Radio Licence,Available,N
M,0,KUQ,M0KUQ,Call Sign,Amateur Full Radio Licence,Available,N
M,0,KUS,M0KUS,Call Sign,Amateur Full Radio Licence,Available,N
M,0,KUT,M0KUT,Call Sign,Amateur Full Radio Licence,Available,N
M,0,KUU,M0KUU,Call Sign,Amateur Full Radio Licence,Available,N
M,0,KUV,M0KUV,Call Sign,Amateur Full Radio Licence,Available,N
M,0,KUW,M0KUW,Call Sign,Amateur Full Radio Licence,Available,N
M,0,KUX,M0KUX,Call Sign,Amateur Full Radio Licence,Available,N
M,0,KUZ,M0KUZ,Call Sign,Amateur Full Radio Licence,Available,N
M,0,KVB,M0KVB,Call Sign,Amateur Full Radio Licence,Available,N
M,0,KVD,M0KVD,Call Sign,Amateur Full Radio Licence,Available,N
M,0,KVE,M0KVE,Call Sign,Amateur Full Radio Licence,Available,N
M,0,KVF,M0KVF,Call Sign,Amateur Full Radio Licence,Available,N
M,0,KVG,M0KVG,Call Sign,Amateur Full Radio Licence,Available,N
M,0,KVH,M0KVH,Call Sign,Amateur Full Radio Licence,Available,N
M,0,KVI,M0KVI,Call Sign,Amateur Full Radio Licence,Available,N
M,0,KVJ,M0KVJ,Call Sign,Amateur Full Radio Licence,Available,N
M,0,KVK,M0KVK,Call Sign,Amateur Full Radio Licence,Available,N
M,0,KVO,M0KVO,Call Sign,Amateur Full Radio Licence,Available,N
M,0,KVQ,M0KVQ,Call Sign,Amateur Full Radio Licence,Available,N
M,0,KVS,M0KVS,Call Sign,Amateur Full Radio Licence,Available,N
M,0,KVU,M0KVU,Call Sign,Amateur Full Radio Licence,Available,N
M,0,KVV,M0KVV,Call Sign,Amateur Full Radio Licence,Available,N
M,0,KVW,M0KVW,Call Sign,Amateur Full Radio Licence,Available,N
M,0,KVX,M0KVX,Call Sign,Amateur Full Radio Licence,Available,N
M,0,KVY,M0KVY,Call Sign,Amateur Full Radio Licence,Available,N
M,0,KVZ,M0KVZ,Call Sign,Amateur Full Radio Licence,Available,N
M,0,KWC,M0KWC,Call Sign,Amateur Full Radio Licence,Available,N
M,0,KWE,M0KWE,Call Sign,Amateur Full Radio Licence,Available,N
M,0,KWF,M0KWF,Call Sign,Amateur Full Radio Licence,Available,N
M,0,KWG,M0KWG,Call Sign,Amateur Full Radio Licence,Available,N
M,0,KWI,M0KWI,Call Sign,Amateur Full Radio Licence,Available,N
M,0,KWJ,M0KWJ,Call Sign,Amateur Full Radio Licence,Available,N
M,0,KWL,M0KWL,Call Sign,Amateur Full Radio Licence,Available,N
M,0,KWN,M0KWN,Call Sign,Amateur Full Radio Licence,Available,N
M,0,KWO,M0KWO,Call Sign,Amateur Full Radio Licence,Available,N
M,0,KWQ,M0KWQ,Call Sign,Amateur Full Radio Licence,Available,N
M,0,KWU,M0KWU,Call Sign,Amateur Full Radio Licence,Available,N
M,0,KWX,M0KWX,Call Sign,Amateur Full Radio Licence,Available,N
M,0,KWZ,M0KWZ,Call Sign,Amateur Full Radio Licence,Available,N
M,0,KXA,M0KXA,Call Sign,Amateur Full Radio Licence,Available,N
M,0,KXB,M0KXB,Call Sign,Amateur Full Radio Licence,Available,N
M,0,KXC,M0KXC,Call Sign,Amateur Full Radio Licence,Available,N
M,0,KXE,M0KXE,Call Sign,Amateur Full Radio Licence,Available,N
M,0,KXF,M0KXF,Call Sign,Amateur Full Radio Licence,Available,N
M,0,KXG,M0KXG,Call Sign,Amateur Full Radio Licence,Available,N
M,0,KXH,M0KXH,Call Sign,Amateur Full Radio Licence,Available,N
M,0,KXI,M0KXI,Call Sign,Amateur Full Radio Licence,Available,N
M,0,KXJ,M0KXJ,Call Sign,Amateur Full Radio Licence,Available,N
M,0,KXL,M0KXL,Call Sign,Amateur Full Radio Licence,Available,N
M,0,KXM,M0KXM,Call Sign,Amateur Full Radio Licence,Available,N
M,0,KXN,M0KXN,Call Sign,Amateur Full Radio Licence,Available,N
M,0,KXP,M0KXP,Call Sign,Amateur Full Radio Licence,Available,N
M,0,KXR,M0KXR,Call Sign,Amateur Full Radio Licence,Available,N
M,0,KXS,M0KXS,Call Sign,Amateur Full Radio Licence,Available,N
M,0,KXT,M0KXT,Call Sign,Amateur Full Radio Licence,Available,N
M,0,KXU,M0KXU,Call Sign,Amateur Full Radio Licence,Available,N
M,0,KXV,M0KXV,Call Sign,Amateur Full Radio Licence,Available,N
M,0,KXW,M0KXW,Call Sign,Amateur Full Radio Licence,Available,N
M,0,KXX,M0KXX,Call Sign,Amateur Full Radio Licence,Available,N
M,0,KXY,M0KXY,Call Sign,Amateur Full Radio Licence,Available,N
M,0,KXZ,M0KXZ,Call Sign,Amateur Full Radio Licence,Available,N
M,0,KYA,M0KYA,Call Sign,Amateur Full Radio Licence,Available,N
M,0,KYB,M0KYB,Call Sign,Amateur Full Radio Licence,Available,N
M,0,KYC,M0KYC,Call Sign,Amateur Full Radio Licence,Available,N
M,0,KYD,M0KYD,Call Sign,Amateur Full Radio Licence,Available,N
M,0,KYF,M0KYF,Call Sign,Amateur Full Radio Licence,Available,N
M,0,KYG,M0KYG,Call Sign,Amateur Full Radio Licence,Available,N
M,0,KYH,M0KYH,Call Sign,Amateur Full Radio Licence,Available,N
M,0,KYJ,M0KYJ,Call Sign,Amateur Full Radio Licence,Available,N
M,0,KYK,M0KYK,Call Sign,Amateur Full Radio Licence,Available,N
M,0,KYM,M0KYM,Call Sign,Amateur Full Radio Licence,Available,N
M,0,KYN,M0KYN,Call Sign,Amateur Full Radio Licence,Available,N
M,0,KYP,M0KYP,Call Sign,Amateur Full Radio Licence,Available,N
M,0,KYQ,M0KYQ,Call Sign,Amateur Full Radio Licence,Available,N
M,0,KYS,M0KYS,Call Sign,Amateur Full Radio Licence,Available,N
M,0,KYT,M0KYT,Call Sign,Amateur Full Radio Licence,Available,N
M,0,KYU,M0KYU,Call Sign,Amateur Full Radio Licence,Available,N
M,0,KYV,M0KYV,Call Sign,Amateur Full Radio Licence,Available,N
M,0,KYW,M0KYW,Call Sign,Amateur Full Radio Licence,Available,N
M,0,KYX,M0KYX,Call Sign,Amateur Full Radio Licence,Available,N
M,0,KYY,M0KYY,Call Sign,Amateur Full Radio Licence,Available,N
M,0,KYZ,M0KYZ,Call Sign,Amateur Full Radio Licence,Available,N
M,0,KZD,M0KZD,Call Sign,Amateur Full Radio Licence,Available,N
M,0,KZE,M0KZE,Call Sign,Amateur Full Radio Licence,Available,N
M,0,KZF,M0KZF,Call Sign,Amateur Full Radio Licence,Available,N
M,0,KZG,M0KZG,Call Sign,Amateur Full Radio Licence,Available,N
M,0,KZI,M0KZI,Call Sign,Amateur Full Radio Licence,Available,N
M,0,KZK,M0KZK,Call Sign,Amateur Full Radio Licence,Available,N
M,0,KZL,M0KZL,Call Sign,Amateur Full Radio Licence,Available,N
M,0,KZN,M0KZN,Call Sign,Amateur Full Radio Licence,Available,N
M,0,KZO,M0KZO,Call Sign,Amateur Full Radio Licence,Available,N
M,0,KZP,M0KZP,Call Sign,Amateur Full Radio Licence,Available,N
M,0,KZQ,M0KZQ,Call Sign,Amateur Full Radio Licence,Available,N
M,0,KZR,M0KZR,Call Sign,Amateur Full Radio Licence,Available,N
M,0,KZS,M0KZS,Call Sign,Amateur Full Radio Licence,Available,N
M,0,KZT,M0KZT,Call Sign,Amateur Full Radio Licence,Available,N
M,0,KZU,M0KZU,Call Sign,Amateur Full Radio Licence,Available,N
M,0,KZW,M0KZW,Call Sign,Amateur Full Radio Licence,Available,N
M,0,KZX,M0KZX,Call Sign,Amateur Full Radio Licence,Available,N
M,0,KZZ,M0KZZ,Call Sign,Amateur Full Radio Licence,Available,N
M,0,LAQ,M0LAQ,Call Sign,Amateur Full Radio Licence,Available,N
M,0,LAV,M0LAV,Call Sign,Amateur Full Radio Licence,Available,N
M,0,LAZ,M0LAZ,Call Sign,Amateur Full Radio Licence,Available,N
M,0,LBE,M0LBE,Call Sign,Amateur Full Radio Licence,Available,N
M,0,LBF,M0LBF,Call Sign,Amateur Full Radio Licence,Available,N
M,0,LBG,M0LBG,Call Sign,Amateur Full Radio Licence,Available,N
M,0,LBH,M0LBH,Call Sign,Amateur Full Radio Licence,Available,N
M,0,LBI,M0LBI,Call Sign,Amateur Full Radio Licence,Available,N
M,0,LBO,M0LBO,Call Sign,Amateur Full Radio Licence,Available,N
M,0,LBP,M0LBP,Call Sign,Amateur Full Radio Licence,Available,N
M,0,LBQ,M0LBQ,Call Sign,Amateur Full Radio Licence,Available,N
M,0,LBU,M0LBU,Call Sign,Amateur Full Radio Licence,Available,N
M,0,LBW,M0LBW,Call Sign,Amateur Full Radio Licence,Available,N
M,0,LCE,M0LCE,Call Sign,Amateur Full Radio Licence,Available,N
M,0,LCF,M0LCF,Call Sign,Amateur Full Radio Licence,Available,N
M,0,LCI,M0LCI,Call Sign,Amateur Full Radio Licence,Available,N
M,0,LCJ,M0LCJ,Call Sign,Amateur Full Radio Licence,Available,N
M,0,LCL,M0LCL,Call Sign,Amateur Full Radio Licence,Available,N
M,0,LCN,M0LCN,Call Sign,Amateur Full Radio Licence,Available,N
M,0,LCO,M0LCO,Call Sign,Amateur Full Radio Licence,Available,N
M,0,LCP,M0LCP,Call Sign,Amateur Full Radio Licence,Available,N
M,0,LCQ,M0LCQ,Call Sign,Amateur Full Radio Licence,Available,N
M,0,LCS,M0LCS,Call Sign,Amateur Full Radio Licence,Available,N
M,0,LCT,M0LCT,Call Sign,Amateur Full Radio Licence,Available,N
M,0,LCU,M0LCU,Call Sign,Amateur Full Radio Licence,Available,N
M,0,LCV,M0LCV,Call Sign,Amateur Full Radio Licence,Available,N
M,0,LCX,M0LCX,Call Sign,Amateur Full Radio Licence,Available,N
M,0,LCZ,M0LCZ,Call Sign,Amateur Full Radio Licence,Available,N
M,0,LDB,M0LDB,Call Sign,Amateur Full Radio Licence,Available,N
M,0,LDC,M0LDC,Call Sign,Amateur Full Radio Licence,Available,N
M,0,LDD,M0LDD,Call Sign,Amateur Full Radio Licence,Available,N
M,0,LDF,M0LDF,Call Sign,Amateur Full Radio Licence,Available,N
M,0,LDK,M0LDK,Call Sign,Amateur Full Radio Licence,Available,N
M,0,LDL,M0LDL,Call Sign,Amateur Full Radio Licence,Available,N
M,0,LDO,M0LDO,Call Sign,Amateur Full Radio Licence,Available,N
M,0,LDP,M0LDP,Call Sign,Amateur Full Radio Licence,Available,N
M,0,LDT,M0LDT,Call Sign,Amateur Full Radio Licence,Available,N
M,0,LEG,M0LEG,Call Sign,Amateur Full Radio Licence,Available,N
M,0,LEI,M0LEI,Call Sign,Amateur Full Radio Licence,Available,N
M,0,LEJ,M0LEJ,Call Sign,Amateur Full Radio Licence,Available,N
M,0,LEM,M0LEM,Call Sign,Amateur Full Radio Licence,Available,N
M,0,LEQ,M0LEQ,Call Sign,Amateur Full Radio Licence,Available,N
M,0,LEU,M0LEU,Call Sign,Amateur Full Radio Licence,Available,N
M,0,LFD,M0LFD,Call Sign,Amateur Full Radio Licence,Available,N
M,0,LFE,M0LFE,Call Sign,Amateur Full Radio Licence,Available,N
M,0,LFF,M0LFF,Call Sign,Amateur Full Radio Licence,Available,N
M,0,LFH,M0LFH,Call Sign,Amateur Full Radio Licence,Available,N
M,0,LFI,M0LFI,Call Sign,Amateur Full Radio Licence,Available,N
M,0,LFJ,M0LFJ,Call Sign,Amateur Full Radio Licence,Available,N
M,0,LFK,M0LFK,Call Sign,Amateur Full Radio Licence,Available,N
M,0,LFL,M0LFL,Call Sign,Amateur Full Radio Licence,Available,N
M,0,LFM,M0LFM,Call Sign,Amateur Full Radio Licence,Available,N
M,0,LFN,M0LFN,Call Sign,Amateur Full Radio Licence,Available,N
M,0,LFP,M0LFP,Call Sign,Amateur Full Radio Licence,Available,N
M,0,LFQ,M0LFQ,Call Sign,Amateur Full Radio Licence,Available,N
M,0,LFR,M0LFR,Call Sign,Amateur Full Radio Licence,Available,N
M,0,LFT,M0LFT,Call Sign,Amateur Full Radio Licence,Available,N
M,0,LFU,M0LFU,Call Sign,Amateur Full Radio Licence,Available,N
M,0,LFV,M0LFV,Call Sign,Amateur Full Radio Licence,Available,N
M,0,LFW,M0LFW,Call Sign,Amateur Full Radio Licence,Available,N
M,0,LFX,M0LFX,Call Sign,Amateur Full Radio Licence,Available,N
M,0,LFY,M0LFY,Call Sign,Amateur Full Radio Licence,Available,N
M,0,LFZ,M0LFZ,Call Sign,Amateur Full Radio Licence,Available,N
M,0,LGE,M0LGE,Call Sign,Amateur Full Radio Licence,Available,N
M,0,LGF,M0LGF,Call Sign,Amateur Full Radio Licence,Available,N
M,0,LGG,M0LGG,Call Sign,Amateur Full Radio Licence,Available,N
M,0,LGI,M0LGI,Call Sign,Amateur Full Radio Licence,Available,N
M,0,LGJ,M0LGJ,Call Sign,Amateur Full Radio Licence,Available,N
M,0,LGK,M0LGK,Call Sign,Amateur Full Radio Licence,Available,N
M,0,LGM,M0LGM,Call Sign,Amateur Full Radio Licence,Available,N
M,0,LGO,M0LGO,Call Sign,Amateur Full Radio Licence,Available,N
M,0,LGQ,M0LGQ,Call Sign,Amateur Full Radio Licence,Available,N
M,0,LGU,M0LGU,Call Sign,Amateur Full Radio Licence,Available,N
M,0,LGW,M0LGW,Call Sign,Amateur Full Radio Licence,Available,N
M,0,LGY,M0LGY,Call Sign,Amateur Full Radio Licence,Available,N
M,0,LGZ,M0LGZ,Call Sign,Amateur Full Radio Licence,Available,N
M,0,LHA,M0LHA,Call Sign,Amateur Full Radio Licence,Available,N
M,0,LHC,M0LHC,Call Sign,Amateur Full Radio Licence,Available,N
M,0,LHD,M0LHD,Call Sign,Amateur Full Radio Licence,Available,N
M,0,LHE,M0LHE,Call Sign,Amateur Full Radio Licence,Available,N
M,0,LHF,M0LHF,Call Sign,Amateur Full Radio Licence,Available,N
M,0,LHG,M0LHG,Call Sign,Amateur Full Radio Licence,Available,N
M,0,LHH,M0LHH,Call Sign,Amateur Full Radio Licence,Available,N
M,0,LHI,M0LHI,Call Sign,Amateur Full Radio Licence,Available,N
M,0,LHJ,M0LHJ,Call Sign,Amateur Full Radio Licence,Available,N
M,0,LHL,M0LHL,Call Sign,Amateur Full Radio Licence,Available,N
M,0,LHM,M0LHM,Call Sign,Amateur Full Radio Licence,Available,N
M,0,LHN,M0LHN,Call Sign,Amateur Full Radio Licence,Available,N
M,0,LHO,M0LHO,Call Sign,Amateur Full Radio Licence,Available,N
M,0,LHP,M0LHP,Call Sign,Amateur Full Radio Licence,Available,N
M,0,LHQ,M0LHQ,Call Sign,Amateur Full Radio Licence,Available,N
M,0,LHT,M0LHT,Call Sign,Amateur Full Radio Licence,Available,N
M,0,LHU,M0LHU,Call Sign,Amateur Full Radio Licence,Available,N
M,0,LHV,M0LHV,Call Sign,Amateur Full Radio Licence,Available,N
M,0,LHW,M0LHW,Call Sign,Amateur Full Radio Licence,Available,N
M,0,LHX,M0LHX,Call Sign,Amateur Full Radio Licence,Available,N
M,0,LHY,M0LHY,Call Sign,Amateur Full Radio Licence,Available,N
M,0,LHZ,M0LHZ,Call Sign,Amateur Full Radio Licence,Available,N
M,0,LIA,M0LIA,Call Sign,Amateur Full Radio Licence,Available,N
M,0,LIF,M0LIF,Call Sign,Amateur Full Radio Licence,Available,N
M,0,LIG,M0LIG,Call Sign,Amateur Full Radio Licence,Available,N
M,0,LIH,M0LIH,Call Sign,Amateur Full Radio Licence,Available,N
M,0,LII,M0LII,Call Sign,Amateur Full Radio Licence,Available,N
M,0,LIJ,M0LIJ,Call Sign,Amateur Full Radio Licence,Available,N
M,0,LIK,M0LIK,Call Sign,Amateur Full Radio Licence,Available,N
M,0,LIL,M0LIL,Call Sign,Amateur Full Radio Licence,Available,N
M,0,LIP,M0LIP,Call Sign,Amateur Full Radio Licence,Available,N
M,0,LIQ,M0LIQ,Call Sign,Amateur Full Radio Licence,Available,N
M,0,LIR,M0LIR,Call Sign,Amateur Full Radio Licence,Available,N
M,0,LIU,M0LIU,Call Sign,Amateur Full Radio Licence,Available,N
M,0,LIW,M0LIW,Call Sign,Amateur Full Radio Licence,Available,N
M,0,LIX,M0LIX,Call Sign,Amateur Full Radio Licence,Available,N
M,0,LIY,M0LIY,Call Sign,Amateur Full Radio Licence,Available,N
M,0,LJE,M0LJE,Call Sign,Amateur Full Radio Licence,Available,N
M,0,LJF,M0LJF,Call Sign,Amateur Full Radio Licence,Available,N
M,0,LJH,M0LJH,Call Sign,Amateur Full Radio Licence,Available,N
M,0,LJI,M0LJI,Call Sign,Amateur Full Radio Licence,Available,N
M,0,LJJ,M0LJJ,Call Sign,Amateur Full Radio Licence,Available,N
M,0,LJN,M0LJN,Call Sign,Amateur Full Radio Licence,Available,N
M,0,LJO,M0LJO,Call Sign,Amateur Full Radio Licence,Available,N
M,0,LJQ,M0LJQ,Call Sign,Amateur Full Radio Licence,Available,N
M,0,LJR,M0LJR,Call Sign,Amateur Full Radio Licence,Available,N
M,0,LJS,M0LJS,Call Sign,Amateur Full Radio Licence,Available,N
M,0,LJU,M0LJU,Call Sign,Amateur Full Radio Licence,Available,N
M,0,LJV,M0LJV,Call Sign,Amateur Full Radio Licence,Available,N
M,0,LJW,M0LJW,Call Sign,Amateur Full Radio Licence,Available,N
M,0,LJX,M0LJX,Call Sign,Amateur Full Radio Licence,Available,N
M,0,LJY,M0LJY,Call Sign,Amateur Full Radio Licence,Available,N
M,0,LJZ,M0LJZ,Call Sign,Amateur Full Radio Licence,Available,N
M,0,LKA,M0LKA,Call Sign,Amateur Full Radio Licence,Available,N
M,0,LKE,M0LKE,Call Sign,Amateur Full Radio Licence,Available,N
M,0,LKF,M0LKF,Call Sign,Amateur Full Radio Licence,Available,N
M,0,LKG,M0LKG,Call Sign,Amateur Full Radio Licence,Available,N
M,0,LKH,M0LKH,Call Sign,Amateur Full Radio Licence,Available,N
M,0,LKI,M0LKI,Call Sign,Amateur Full Radio Licence,Available,N
M,0,LKJ,M0LKJ,Call Sign,Amateur Full Radio Licence,Available,N
M,0,LKK,M0LKK,Call Sign,Amateur Full Radio Licence,Available,N
M,0,LKM,M0LKM,Call Sign,Amateur Full Radio Licence,Available,N
M,0,LKN,M0LKN,Call Sign,Amateur Full Radio Licence,Available,N
M,0,LKO,M0LKO,Call Sign,Amateur Full Radio Licence,Available,N
M,0,LKP,M0LKP,Call Sign,Amateur Full Radio Licence,Available,N
M,0,LKR,M0LKR,Call Sign,Amateur Full Radio Licence,Available,N
M,0,LKU,M0LKU,Call Sign,Amateur Full Radio Licence,Available,N
M,0,LKV,M0LKV,Call Sign,Amateur Full Radio Licence,Available,N
M,0,LKW,M0LKW,Call Sign,Amateur Full Radio Licence,Available,N
M,0,LKX,M0LKX,Call Sign,Amateur Full Radio Licence,Available,N
M,0,LKZ,M0LKZ,Call Sign,Amateur Full Radio Licence,Available,N
M,0,LLB,M0LLB,Call Sign,Amateur Full Radio Licence,Available,N
M,0,LLC,M0LLC,Call Sign,Amateur Full Radio Licence,Available,N
M,0,LLD,M0LLD,Call Sign,Amateur Full Radio Licence,Available,N
M,0,LLF,M0LLF,Call Sign,Amateur Full Radio Licence,Available,N
M,0,LLH,M0LLH,Call Sign,Amateur Full Radio Licence,Available,N
M,0,LLJ,M0LLJ,Call Sign,Amateur Full Radio Licence,Available,N
M,0,LLM,M0LLM,Call Sign,Amateur Full Radio Licence,Available,N
M,0,LLN,M0LLN,Call Sign,Amateur Full Radio Licence,Available,N
M,0,LLP,M0LLP,Call Sign,Amateur Full Radio Licence,Available,N
M,0,LLQ,M0LLQ,Call Sign,Amateur Full Radio Licence,Available,N
M,0,LLR,M0LLR,Call Sign,Amateur Full Radio Licence,Available,N
M,0,LLT,M0LLT,Call Sign,Amateur Full Radio Licence,Available,N
M,0,LLU,M0LLU,Call Sign,Amateur Full Radio Licence,Available,N
M,0,LLV,M0LLV,Call Sign,Amateur Full Radio Licence,Available,N
M,0,LLX,M0LLX,Call Sign,Amateur Full Radio Licence,Available,N
M,0,LMA,M0LMA,Call Sign,Amateur Full Radio Licence,Available,N
M,0,LMD,M0LMD,Call Sign,Amateur Full Radio Licence,Available,N
M,0,LME,M0LME,Call Sign,Amateur Full Radio Licence,Available,N
M,0,LMF,M0LMF,Call Sign,Amateur Full Radio Licence,Available,N
M,0,LMG,M0LMG,Call Sign,Amateur Full Radio Licence,Available,N
M,0,LMJ,M0LMJ,Call Sign,Amateur Full Radio Licence,Available,N
M,0,LML,M0LML,Call Sign,Amateur Full Radio Licence,Available,N
M,0,LMM,M0LMM,Call Sign,Amateur Full Radio Licence,Available,N
M,0,LMQ,M0LMQ,Call Sign,Amateur Full Radio Licence,Available,N
M,0,LMR,M0LMR,Call Sign,Amateur Full Radio Licence,Available,N
M,0,LMT,M0LMT,Call Sign,Amateur Full Radio Licence,Available,N
M,0,LMU,M0LMU,Call Sign,Amateur Full Radio Licence,Available,N
M,0,LMV,M0LMV,Call Sign,Amateur Full Radio Licence,Available,N
M,0,LMX,M0LMX,Call Sign,Amateur Full Radio Licence,Available,N
M,0,LMY,M0LMY,Call Sign,Amateur Full Radio Licence,Available,N
M,0,LMZ,M0LMZ,Call Sign,Amateur Full Radio Licence,Available,N
M,0,LNA,M0LNA,Call Sign,Amateur Full Radio Licence,Available,N
M,0,LNC,M0LNC,Call Sign,Amateur Full Radio Licence,Available,N
M,0,LND,M0LND,Call Sign,Amateur Full Radio Licence,Available,N
M,0,LNF,M0LNF,Call Sign,Amateur Full Radio Licence,Available,N
M,0,LNG,M0LNG,Call Sign,Amateur Full Radio Licence,Available,N
M,0,LNH,M0LNH,Call Sign,Amateur Full Radio Licence,Available,N
M,0,LNI,M0LNI,Call Sign,Amateur Full Radio Licence,Available,N
M,0,LNJ,M0LNJ,Call Sign,Amateur Full Radio Licence,Available,N
M,0,LNK,M0LNK,Call Sign,Amateur Full Radio Licence,Available,N
M,0,LNL,M0LNL,Call Sign,Amateur Full Radio Licence,Available,N
M,0,LNM,M0LNM,Call Sign,Amateur Full Radio Licence,Available,N
M,0,LNN,M0LNN,Call Sign,Amateur Full Radio Licence,Available,N
M,0,LNO,M0LNO,Call Sign,Amateur Full Radio Licence,Available,N
M,0,LNP,M0LNP,Call Sign,Amateur Full Radio Licence,Available,N
M,0,LNQ,M0LNQ,Call Sign,Amateur Full Radio Licence,Available,N
M,0,LNR,M0LNR,Call Sign,Amateur Full Radio Licence,Available,N
M,0,LNS,M0LNS,Call Sign,Amateur Full Radio Licence,Available,N
M,0,LNT,M0LNT,Call Sign,Amateur Full Radio Licence,Available,N
M,0,LNU,M0LNU,Call Sign,Amateur Full Radio Licence,Available,N
M,0,LNV,M0LNV,Call Sign,Amateur Full Radio Licence,Available,N
M,0,LNW,M0LNW,Call Sign,Amateur Full Radio Licence,Available,N
M,0,LNY,M0LNY,Call Sign,Amateur Full Radio Licence,Available,N
M,0,LOA,M0LOA,Call Sign,Amateur Full Radio Licence,Available,N
M,0,LOC,M0LOC,Call Sign,Amateur Full Radio Licence,Available,N
M,0,LOD,M0LOD,Call Sign,Amateur Full Radio Licence,Available,N
M,0,LOE,M0LOE,Call Sign,Amateur Full Radio Licence,Available,N
M,0,LOF,M0LOF,Call Sign,Amateur Full Radio Licence,Available,N
M,0,LOH,M0LOH,Call Sign,Amateur Full Radio Licence,Available,N
M,0,LOI,M0LOI,Call Sign,Amateur Full Radio Licence,Available,N
M,0,LOJ,M0LOJ,Call Sign,Amateur Full Radio Licence,Available,N
M,0,LOK,M0LOK,Call Sign,Amateur Full Radio Licence,Available,N
M,0,LOP,M0LOP,Call Sign,Amateur Full Radio Licence,Available,N
M,0,LOQ,M0LOQ,Call Sign,Amateur Full Radio Licence,Available,N
M,0,LOR,M0LOR,Call Sign,Amateur Full Radio Licence,Available,N
M,0,LOT,M0LOT,Call Sign,Amateur Full Radio Licence,Available,N
M,0,LOX,M0LOX,Call Sign,Amateur Full Radio Licence,Available,N
M,0,LPB,M0LPB,Call Sign,Amateur Full Radio Licence,Available,N
M,0,LPH,M0LPH,Call Sign,Amateur Full Radio Licence,Available,N
M,0,LPI,M0LPI,Call Sign,Amateur Full Radio Licence,Available,N
M,0,LPJ,M0LPJ,Call Sign,Amateur Full Radio Licence,Available,N
M,0,LPK,M0LPK,Call Sign,Amateur Full Radio Licence,Available,N
M,0,LPM,M0LPM,Call Sign,Amateur Full Radio Licence,Available,N
M,0,LPN,M0LPN,Call Sign,Amateur Full Radio Licence,Available,N
M,0,LPP,M0LPP,Call Sign,Amateur Full Radio Licence,Available,N
M,0,LPQ,M0LPQ,Call Sign,Amateur Full Radio Licence,Available,N
M,0,LPR,M0LPR,Call Sign,Amateur Full Radio Licence,Available,N
M,0,LPS,M0LPS,Call Sign,Amateur Full Radio Licence,Available,N
M,0,LPU,M0LPU,Call Sign,Amateur Full Radio Licence,Available,N
M,0,LPV,M0LPV,Call Sign,Amateur Full Radio Licence,Available,N
M,0,LPW,M0LPW,Call Sign,Amateur Full Radio Licence,Available,N
M,0,LPX,M0LPX,Call Sign,Amateur Full Radio Licence,Available,N
M,0,LPY,M0LPY,Call Sign,Amateur Full Radio Licence,Available,N
M,0,LPZ,M0LPZ,Call Sign,Amateur Full Radio Licence,Available,N
M,0,LQA,M0LQA,Call Sign,Amateur Full Radio Licence,Available,N
M,0,LQB,M0LQB,Call Sign,Amateur Full Radio Licence,Available,N
M,0,LQC,M0LQC,Call Sign,Amateur Full Radio Licence,Available,N
M,0,LQD,M0LQD,Call Sign,Amateur Full Radio Licence,Available,N
M,0,LQE,M0LQE,Call Sign,Amateur Full Radio Licence,Available,N
M,0,LQF,M0LQF,Call Sign,Amateur Full Radio Licence,Available,N
M,0,LQG,M0LQG,Call Sign,Amateur Full Radio Licence,Available,N
M,0,LQH,M0LQH,Call Sign,Amateur Full Radio Licence,Available,N
M,0,LQI,M0LQI,Call Sign,Amateur Full Radio Licence,Available,N
M,0,LQJ,M0LQJ,Call Sign,Amateur Full Radio Licence,Available,N
M,0,LQK,M0LQK,Call Sign,Amateur Full Radio Licence,Available,N
M,0,LQL,M0LQL,Call Sign,Amateur Full Radio Licence,Available,N
M,0,LQM,M0LQM,Call Sign,Amateur Full Radio Licence,Available,N
M,0,LQN,M0LQN,Call Sign,Amateur Full Radio Licence,Available,N
M,0,LQO,M0LQO,Call Sign,Amateur Full Radio Licence,Available,N
M,0,LQP,M0LQP,Call Sign,Amateur Full Radio Licence,Available,N
M,0,LQQ,M0LQQ,Call Sign,Amateur Full Radio Licence,Available,N
M,0,LQS,M0LQS,Call Sign,Amateur Full Radio Licence,Available,N
M,0,LQT,M0LQT,Call Sign,Amateur Full Radio Licence,Available,N
M,0,LQU,M0LQU,Call Sign,Amateur Full Radio Licence,Available,N
M,0,LQV,M0LQV,Call Sign,Amateur Full Radio Licence,Available,N
M,0,LQW,M0LQW,Call Sign,Amateur Full Radio Licence,Available,N
M,0,LQX,M0LQX,Call Sign,Amateur Full Radio Licence,Available,N
M,0,LQY,M0LQY,Call Sign,Amateur Full Radio Licence,Available,N
M,0,LQZ,M0LQZ,Call Sign,Amateur Full Radio Licence,Available,N
M,0,LRA,M0LRA,Call Sign,Amateur Full Radio Licence,Available,N
M,0,LRF,M0LRF,Call Sign,Amateur Full Radio Licence,Available,N
M,0,LRH,M0LRH,Call Sign,Amateur Full Radio Licence,Available,N
M,0,LRI,M0LRI,Call Sign,Amateur Full Radio Licence,Available,N
M,0,LRJ,M0LRJ,Call Sign,Amateur Full Radio Licence,Available,N
M,0,LRK,M0LRK,Call Sign,Amateur Full Radio Licence,Available,N
M,0,LRL,M0LRL,Call Sign,Amateur Full Radio Licence,Available,N
M,0,LRN,M0LRN,Call Sign,Amateur Full Radio Licence,Available,N
M,0,LRP,M0LRP,Call Sign,Amateur Full Radio Licence,Available,N
M,0,LRR,M0LRR,Call Sign,Amateur Full Radio Licence,Available,N
M,0,LRU,M0LRU,Call Sign,Amateur Full Radio Licence,Available,N
M,0,LRV,M0LRV,Call Sign,Amateur Full Radio Licence,Available,N
M,0,LRW,M0LRW,Call Sign,Amateur Full Radio Licence,Available,N
M,0,LRY,M0LRY,Call Sign,Amateur Full Radio Licence,Available,N
M,0,LRZ,M0LRZ,Call Sign,Amateur Full Radio Licence,Available,N
M,0,LSC,M0LSC,Call Sign,Amateur Full Radio Licence,Available,N
M,0,LSF,M0LSF,Call Sign,Amateur Full Radio Licence,Available,N
M,0,LSG,M0LSG,Call Sign,Amateur Full Radio Licence,Available,N
M,0,LSH,M0LSH,Call Sign,Amateur Full Radio Licence,Available,N
M,0,LSI,M0LSI,Call Sign,Amateur Full Radio Licence,Available,N
M,0,LSJ,M0LSJ,Call Sign,Amateur Full Radio Licence,Available,N
M,0,LSL,M0LSL,Call Sign,Amateur Full Radio Licence,Available,N
M,0,LSO,M0LSO,Call Sign,Amateur Full Radio Licence,Available,N
M,0,LSP,M0LSP,Call Sign,Amateur Full Radio Licence,Available,N
M,0,LSQ,M0LSQ,Call Sign,Amateur Full Radio Licence,Available,N
M,0,LST,M0LST,Call Sign,Amateur Full Radio Licence,Available,N
M,0,LSU,M0LSU,Call Sign,Amateur Full Radio Licence,Available,N
M,0,LSW,M0LSW,Call Sign,Amateur Full Radio Licence,Available,N
M,0,LSZ,M0LSZ,Call Sign,Amateur Full Radio Licence,Available,N
M,0,LTB,M0LTB,Call Sign,Amateur Full Radio Licence,Available,N
M,0,LTE,M0LTE,Call Sign,Amateur Full Radio Licence,Available,N
M,0,LTF,M0LTF,Call Sign,Amateur Full Radio Licence,Available,N
M,0,LTG,M0LTG,Call Sign,Amateur Full Radio Licence,Available,N
M,0,LTH,M0LTH,Call Sign,Amateur Full Radio Licence,Available,N
M,0,LTI,M0LTI,Call Sign,Amateur Full Radio Licence,Available,N
M,0,LTJ,M0LTJ,Call Sign,Amateur Full Radio Licence,Available,N
M,0,LTL,M0LTL,Call Sign,Amateur Full Radio Licence,Available,N
M,0,LTM,M0LTM,Call Sign,Amateur Full Radio Licence,Available,N
M,0,LTQ,M0LTQ,Call Sign,Amateur Full Radio Licence,Available,N
M,0,LTR,M0LTR,Call Sign,Amateur Full Radio Licence,Available,N
M,0,LTS,M0LTS,Call Sign,Amateur Full Radio Licence,Available,N
M,0,LTU,M0LTU,Call Sign,Amateur Full Radio Licence,Available,N
M,0,LTV,M0LTV,Call Sign,Amateur Full Radio Licence,Available,N
M,0,LTX,M0LTX,Call Sign,Amateur Full Radio Licence,Available,N
M,0,LTY,M0LTY,Call Sign,Amateur Full Radio Licence,Available,N
M,0,LTZ,M0LTZ,Call Sign,Amateur Full Radio Licence,Available,N
M,0,LUA,M0LUA,Call Sign,Amateur Full Radio Licence,Available,N
M,0,LUB,M0LUB,Call Sign,Amateur Full Radio Licence,Available,N
M,0,LUC,M0LUC,Call Sign,Amateur Full Radio Licence,Available,N
M,0,LUE,M0LUE,Call Sign,Amateur Full Radio Licence,Available,N
M,0,LUF,M0LUF,Call Sign,Amateur Full Radio Licence,Available,N
M,0,LUH,M0LUH,Call Sign,Amateur Full Radio Licence,Available,N
M,0,LUI,M0LUI,Call Sign,Amateur Full Radio Licence,Available,N
M,0,LUJ,M0LUJ,Call Sign,Amateur Full Radio Licence,Available,N
M,0,LUL,M0LUL,Call Sign,Amateur Full Radio Licence,Available,N
M,0,LUM,M0LUM,Call Sign,Amateur Full Radio Licence,Available,N
M,0,LUN,M0LUN,Call Sign,Amateur Full Radio Licence,Available,N
M,0,LUO,M0LUO,Call Sign,Amateur Full Radio Licence,Available,N
M,0,LUQ,M0LUQ,Call Sign,Amateur Full Radio Licence,Available,N
M,0,LUR,M0LUR,Call Sign,Amateur Full Radio Licence,Available,N
M,0,LUT,M0LUT,Call Sign,Amateur Full Radio Licence,Available,N
M,0,LUU,M0LUU,Call Sign,Amateur Full Radio Licence,Available,N
M,0,LUW,M0LUW,Call Sign,Amateur Full Radio Licence,Available,N
M,0,LUZ,M0LUZ,Call Sign,Amateur Full Radio Licence,Available,N
M,0,LVA,M0LVA,Call Sign,Amateur Full Radio Licence,Available,N
M,0,LVB,M0LVB,Call Sign,Amateur Full Radio Licence,Available,N
M,0,LVC,M0LVC,Call Sign,Amateur Full Radio Licence,Available,N
M,0,LVD,M0LVD,Call Sign,Amateur Full Radio Licence,Available,N
M,0,LVE,M0LVE,Call Sign,Amateur Full Radio Licence,Available,N
M,0,LVF,M0LVF,Call Sign,Amateur Full Radio Licence,Available,N
M,0,LVG,M0LVG,Call Sign,Amateur Full Radio Licence,Available,N
M,0,LVH,M0LVH,Call Sign,Amateur Full Radio Licence,Available,N
M,0,LVI,M0LVI,Call Sign,Amateur Full Radio Licence,Available,N
M,0,LVJ,M0LVJ,Call Sign,Amateur Full Radio Licence,Available,N
M,0,LVK,M0LVK,Call Sign,Amateur Full Radio Licence,Available,N
M,0,LVL,M0LVL,Call Sign,Amateur Full Radio Licence,Available,N
M,0,LVM,M0LVM,Call Sign,Amateur Full Radio Licence,Available,N
M,0,LVN,M0LVN,Call Sign,Amateur Full Radio Licence,Available,N
M,0,LVO,M0LVO,Call Sign,Amateur Full Radio Licence,Available,N
M,0,LVP,M0LVP,Call Sign,Amateur Full Radio Licence,Available,N
M,0,LVQ,M0LVQ,Call Sign,Amateur Full Radio Licence,Available,N
M,0,LVR,M0LVR,Call Sign,Amateur Full Radio Licence,Available,N
M,0,LVS,M0LVS,Call Sign,Amateur Full Radio Licence,Available,N
M,0,LVT,M0LVT,Call Sign,Amateur Full Radio Licence,Available,N
M,0,LVU,M0LVU,Call Sign,Amateur Full Radio Licence,Available,N
M,0,LVV,M0LVV,Call Sign,Amateur Full Radio Licence,Available,N
M,0,LVX,M0LVX,Call Sign,Amateur Full Radio Licence,Available,N
M,0,LVY,M0LVY,Call Sign,Amateur Full Radio Licence,Available,N
M,0,LVZ,M0LVZ,Call Sign,Amateur Full Radio Licence,Available,N
M,0,LWA,M0LWA,Call Sign,Amateur Full Radio Licence,Available,N
M,0,LWC,M0LWC,Call Sign,Amateur Full Radio Licence,Available,N
M,0,LWD,M0LWD,Call Sign,Amateur Full Radio Licence,Available,N
M,0,LWE,M0LWE,Call Sign,Amateur Full Radio Licence,Available,N
M,0,LWF,M0LWF,Call Sign,Amateur Full Radio Licence,Available,N
M,0,LWG,M0LWG,Call Sign,Amateur Full Radio Licence,Available,N
M,0,LWH,M0LWH,Call Sign,Amateur Full Radio Licence,Available,N
M,0,LWI,M0LWI,Call Sign,Amateur Full Radio Licence,Available,N
M,0,LWJ,M0LWJ,Call Sign,Amateur Full Radio Licence,Available,N
M,0,LWK,M0LWK,Call Sign,Amateur Full Radio Licence,Available,N
M,0,LWN,M0LWN,Call Sign,Amateur Full Radio Licence,Available,N
M,0,LWP,M0LWP,Call Sign,Amateur Full Radio Licence,Available,N
M,0,LWQ,M0LWQ,Call Sign,Amateur Full Radio Licence,Available,N
M,0,LWS,M0LWS,Call Sign,Amateur Full Radio Licence,Available,N
M,0,LWT,M0LWT,Call Sign,Amateur Full Radio Licence,Available,N
M,0,LWU,M0LWU,Call Sign,Amateur Full Radio Licence,Available,N
M,0,LWV,M0LWV,Call Sign,Amateur Full Radio Licence,Available,N
M,0,LWW,M0LWW,Call Sign,Amateur Full Radio Licence,Available,N
M,0,LWX,M0LWX,Call Sign,Amateur Full Radio Licence,Available,N
M,0,LWY,M0LWY,Call Sign,Amateur Full Radio Licence,Available,N
M,0,LWZ,M0LWZ,Call Sign,Amateur Full Radio Licence,Available,N
M,0,LXB,M0LXB,Call Sign,Amateur Full Radio Licence,Available,N
M,0,LXC,M0LXC,Call Sign,Amateur Full Radio Licence,Available,N
M,0,LXD,M0LXD,Call Sign,Amateur Full Radio Licence,Available,N
M,0,LXE,M0LXE,Call Sign,Amateur Full Radio Licence,Available,N
M,0,LXF,M0LXF,Call Sign,Amateur Full Radio Licence,Available,N
M,0,LXG,M0LXG,Call Sign,Amateur Full Radio Licence,Available,N
M,0,LXH,M0LXH,Call Sign,Amateur Full Radio Licence,Available,N
M,0,LXI,M0LXI,Call Sign,Amateur Full Radio Licence,Available,N
M,0,LXJ,M0LXJ,Call Sign,Amateur Full Radio Licence,Available,N
M,0,LXK,M0LXK,Call Sign,Amateur Full Radio Licence,Available,N
M,0,LXL,M0LXL,Call Sign,Amateur Full Radio Licence,Available,N
M,0,LXM,M0LXM,Call Sign,Amateur Full Radio Licence,Available,N
M,0,LXN,M0LXN,Call Sign,Amateur Full Radio Licence,Available,N
M,0,LXO,M0LXO,Call Sign,Amateur Full Radio Licence,Available,N
M,0,LXP,M0LXP,Call Sign,Amateur Full Radio Licence,Available,N
M,0,LXQ,M0LXQ,Call Sign,Amateur Full Radio Licence,Available,N
M,0,LXR,M0LXR,Call Sign,Amateur Full Radio Licence,Available,N
M,0,LXS,M0LXS,Call Sign,Amateur Full Radio Licence,Available,N
M,0,LXU,M0LXU,Call Sign,Amateur Full Radio Licence,Available,N
M,0,LXV,M0LXV,Call Sign,Amateur Full Radio Licence,Available,N
M,0,LXW,M0LXW,Call Sign,Amateur Full Radio Licence,Available,N
M,0,LXX,M0LXX,Call Sign,Amateur Full Radio Licence,Available,N
M,0,LXY,M0LXY,Call Sign,Amateur Full Radio Licence,Available,N
M,0,LXZ,M0LXZ,Call Sign,Amateur Full Radio Licence,Available,N
M,0,LYA,M0LYA,Call Sign,Amateur Full Radio Licence,Available,N
M,0,LYB,M0LYB,Call Sign,Amateur Full Radio Licence,Available,N
M,0,LYE,M0LYE,Call Sign,Amateur Full Radio Licence,Available,N
M,0,LYF,M0LYF,Call Sign,Amateur Full Radio Licence,Available,N
M,0,LYG,M0LYG,Call Sign,Amateur Full Radio Licence,Available,N
M,0,LYH,M0LYH,Call Sign,Amateur Full Radio Licence,Available,N
M,0,LYJ,M0LYJ,Call Sign,Amateur Full Radio Licence,Available,N
M,0,LYK,M0LYK,Call Sign,Amateur Full Radio Licence,Available,N
M,0,LYL,M0LYL,Call Sign,Amateur Full Radio Licence,Available,N
M,0,LYM,M0LYM,Call Sign,Amateur Full Radio Licence,Available,N
M,0,LYO,M0LYO,Call Sign,Amateur Full Radio Licence,Available,N
M,0,LYP,M0LYP,Call Sign,Amateur Full Radio Licence,Available,N
M,0,LYR,M0LYR,Call Sign,Amateur Full Radio Licence,Available,N
M,0,LYS,M0LYS,Call Sign,Amateur Full Radio Licence,Available,N
M,0,LYU,M0LYU,Call Sign,Amateur Full Radio Licence,Available,N
M,0,LYV,M0LYV,Call Sign,Amateur Full Radio Licence,Available,N
M,0,LYW,M0LYW,Call Sign,Amateur Full Radio Licence,Available,N
M,0,LYY,M0LYY,Call Sign,Amateur Full Radio Licence,Available,N
M,0,LYZ,M0LYZ,Call Sign,Amateur Full Radio Licence,Available,N
M,0,LZB,M0LZB,Call Sign,Amateur Full Radio Licence,Available,N
M,0,LZC,M0LZC,Call Sign,Amateur Full Radio Licence,Available,N
M,0,LZD,M0LZD,Call Sign,Amateur Full Radio Licence,Available,N
M,0,LZE,M0LZE,Call Sign,Amateur Full Radio Licence,Available,N
M,0,LZF,M0LZF,Call Sign,Amateur Full Radio Licence,Available,N
M,0,LZG,M0LZG,Call Sign,Amateur Full Radio Licence,Available,N
M,0,LZH,M0LZH,Call Sign,Amateur Full Radio Licence,Available,N
M,0,LZI,M0LZI,Call Sign,Amateur Full Radio Licence,Available,N
M,0,LZJ,M0LZJ,Call Sign,Amateur Full Radio Licence,Available,N
M,0,LZK,M0LZK,Call Sign,Amateur Full Radio Licence,Available,N
M,0,LZL,M0LZL,Call Sign,Amateur Full Radio Licence,Available,N
M,0,LZN,M0LZN,Call Sign,Amateur Full Radio Licence,Available,N
M,0,LZO,M0LZO,Call Sign,Amateur Full Radio Licence,Available,N
M,0,LZQ,M0LZQ,Call Sign,Amateur Full Radio Licence,Available,N
M,0,LZR,M0LZR,Call Sign,Amateur Full Radio Licence,Available,N
M,0,LZS,M0LZS,Call Sign,Amateur Full Radio Licence,Available,N
M,0,LZT,M0LZT,Call Sign,Amateur Full Radio Licence,Available,N
M,0,LZU,M0LZU,Call Sign,Amateur Full Radio Licence,Available,N
M,0,LZV,M0LZV,Call Sign,Amateur Full Radio Licence,Available,N
M,0,LZW,M0LZW,Call Sign,Amateur Full Radio Licence,Available,N
M,0,LZX,M0LZX,Call Sign,Amateur Full Radio Licence,Available,N
M,0,LZY,M0LZY,Call Sign,Amateur Full Radio Licence,Available,N
M,0,MBQ,M0MBQ,Call Sign,Amateur Full Radio Licence,Available,N
M,0,MCJ,M0MCJ,Call Sign,Amateur Full Radio Licence,Available,N
M,0,MCL,M0MCL,Call Sign,Amateur Full Radio Licence,Available,N
M,0,MCN,M0MCN,Call Sign,Amateur Full Radio Licence,Available,N
M,0,MCO,M0MCO,Call Sign,Amateur Full Radio Licence,Available,N
M,0,MCQ,M0MCQ,Call Sign,Amateur Full Radio Licence,Available,N
M,0,MCT,M0MCT,Call Sign,Amateur Full Radio Licence,Available,N
M,0,MCZ,M0MCZ,Call Sign,Amateur Full Radio Licence,Available,N
M,0,MDD,M0MDD,Call Sign,Amateur Full Radio Licence,Available,N
M,0,MDE,M0MDE,Call Sign,Amateur Full Radio Licence,Available,N
M,0,MDN,M0MDN,Call Sign,Amateur Full Radio Licence,Available,N
M,0,MDQ,M0MDQ,Call Sign,Amateur Full Radio Licence,Available,N
M,0,MDU,M0MDU,Call Sign,Amateur Full Radio Licence,Available,N
M,0,MDV,M0MDV,Call Sign,Amateur Full Radio Licence,Available,N
M,0,MDZ,M0MDZ,Call Sign,Amateur Full Radio Licence,Available,N
M,0,MEB,M0MEB,Call Sign,Amateur Full Radio Licence,Available,N
M,0,MEF,M0MEF,Call Sign,Amateur Full Radio Licence,Available,N
M,0,MEJ,M0MEJ,Call Sign,Amateur Full Radio Licence,Available,N
M,0,MEK,M0MEK,Call Sign,Amateur Full Radio Licence,Available,N
M,0,MEP,M0MEP,Call Sign,Amateur Full Radio Licence,Available,N
M,0,MEQ,M0MEQ,Call Sign,Amateur Full Radio Licence,Available,N
M,0,MEU,M0MEU,Call Sign,Amateur Full Radio Licence,Available,N
M,0,MEY,M0MEY,Call Sign,Amateur Full Radio Licence,Available,N
M,0,MEZ,M0MEZ,Call Sign,Amateur Full Radio Licence,Available,N
M,0,MFE,M0MFE,Call Sign,Amateur Full Radio Licence,Available,N
M,0,MFH,M0MFH,Call Sign,Amateur Full Radio Licence,Available,N
M,0,MFJ,M0MFJ,Call Sign,Amateur Full Radio Licence,Available,N
M,0,MFK,M0MFK,Call Sign,Amateur Full Radio Licence,Available,N
M,0,MFN,M0MFN,Call Sign,Amateur Full Radio Licence,Available,N
M,0,MFO,M0MFO,Call Sign,Amateur Full Radio Licence,Available,N
M,0,MFQ,M0MFQ,Call Sign,Amateur Full Radio Licence,Available,N
M,0,MFR,M0MFR,Call Sign,Amateur Full Radio Licence,Available,N
M,0,MFS,M0MFS,Call Sign,Amateur Full Radio Licence,Available,N
M,0,MFU,M0MFU,Call Sign,Amateur Full Radio Licence,Available,N
M,0,MFV,M0MFV,Call Sign,Amateur Full Radio Licence,Available,N
M,0,MFW,M0MFW,Call Sign,Amateur Full Radio Licence,Available,N
M,0,MFX,M0MFX,Call Sign,Amateur Full Radio Licence,Available,N
M,0,MFY,M0MFY,Call Sign,Amateur Full Radio Licence,Available,N
M,0,MFZ,M0MFZ,Call Sign,Amateur Full Radio Licence,Available,N
M,0,MGI,M0MGI,Call Sign,Amateur Full Radio Licence,Available,N
M,0,MGL,M0MGL,Call Sign,Amateur Full Radio Licence,Available,N
M,0,MGN,M0MGN,Call Sign,Amateur Full Radio Licence,Available,N
M,0,MGO,M0MGO,Call Sign,Amateur Full Radio Licence,Available,N
M,0,MGP,M0MGP,Call Sign,Amateur Full Radio Licence,Available,N
M,0,MGQ,M0MGQ,Call Sign,Amateur Full Radio Licence,Available,N
M,0,MGR,M0MGR,Call Sign,Amateur Full Radio Licence,Available,N
M,0,MGU,M0MGU,Call Sign,Amateur Full Radio Licence,Available,N
M,0,MGV,M0MGV,Call Sign,Amateur Full Radio Licence,Available,N
M,0,MGW,M0MGW,Call Sign,Amateur Full Radio Licence,Available,N
M,0,MGX,M0MGX,Call Sign,Amateur Full Radio Licence,Available,N
M,0,MGZ,M0MGZ,Call Sign,Amateur Full Radio Licence,Available,N
M,0,MHA,M0MHA,Call Sign,Amateur Full Radio Licence,Available,N
M,0,MHD,M0MHD,Call Sign,Amateur Full Radio Licence,Available,N
M,0,MHE,M0MHE,Call Sign,Amateur Full Radio Licence,Available,N
M,0,MHF,M0MHF,Call Sign,Amateur Full Radio Licence,Available,N
M,0,MHG,M0MHG,Call Sign,Amateur Full Radio Licence,Available,N
M,0,MHH,M0MHH,Call Sign,Amateur Full Radio Licence,Available,N
M,0,MHI,M0MHI,Call Sign,Amateur Full Radio Licence,Available,N
M,0,MHJ,M0MHJ,Call Sign,Amateur Full Radio Licence,Available,N
M,0,MHK,M0MHK,Call Sign,Amateur Full Radio Licence,Available,N
M,0,MHL,M0MHL,Call Sign,Amateur Full Radio Licence,Available,N
M,0,MHM,M0MHM,Call Sign,Amateur Full Radio Licence,Available,N
M,0,MHN,M0MHN,Call Sign,Amateur Full Radio Licence,Available,N
M,0,MHO,M0MHO,Call Sign,Amateur Full Radio Licence,Available,N
M,0,MHP,M0MHP,Call Sign,Amateur Full Radio Licence,Available,N
M,0,MHQ,M0MHQ,Call Sign,Amateur Full Radio Licence,Available,N
M,0,MHR,M0MHR,Call Sign,Amateur Full Radio Licence,Available,N
M,0,MHT,M0MHT,Call Sign,Amateur Full Radio Licence,Available,N
M,0,MHU,M0MHU,Call Sign,Amateur Full Radio Licence,Available,N
M,0,MHV,M0MHV,Call Sign,Amateur Full Radio Licence,Available,N
M,0,MHW,M0MHW,Call Sign,Amateur Full Radio Licence,Available,N
M,0,MHX,M0MHX,Call Sign,Amateur Full Radio Licence,Available,N
M,0,MIF,M0MIF,Call Sign,Amateur Full Radio Licence,Available,N
M,0,MIH,M0MIH,Call Sign,Amateur Full Radio Licence,Available,N
M,0,MII,M0MII,Call Sign,Amateur Full Radio Licence,Available,N
M,0,MIP,M0MIP,Call Sign,Amateur Full Radio Licence,Available,N
M,0,MIU,M0MIU,Call Sign,Amateur Full Radio Licence,Available,N
M,0,MIV,M0MIV,Call Sign,Amateur Full Radio Licence,Available,N
M,0,MIY,M0MIY,Call Sign,Amateur Full Radio Licence,Available,N
M,0,MIZ,M0MIZ,Call Sign,Amateur Full Radio Licence,Available,N
M,0,MJE,M0MJE,Call Sign,Amateur Full Radio Licence,Available,N
M,0,MJI,M0MJI,Call Sign,Amateur Full Radio Licence,Available,N
M,0,MJN,M0MJN,Call Sign,Amateur Full Radio Licence,Available,N
M,0,MJQ,M0MJQ,Call Sign,Amateur Full Radio Licence,Available,N
M,0,MJV,M0MJV,Call Sign,Amateur Full Radio Licence,Available,N
M,0,MJX,M0MJX,Call Sign,Amateur Full Radio Licence,Available,N
M,0,MJZ,M0MJZ,Call Sign,Amateur Full Radio Licence,Available,N
M,0,MKF,M0MKF,Call Sign,Amateur Full Radio Licence,Available,N
M,0,MKJ,M0MKJ,Call Sign,Amateur Full Radio Licence,Available,N
M,0,MKL,M0MKL,Call Sign,Amateur Full Radio Licence,Available,N
M,0,MKN,M0MKN,Call Sign,Amateur Full Radio Licence,Available,N
M,0,MKP,M0MKP,Call Sign,Amateur Full Radio Licence,Available,N
M,0,MKQ,M0MKQ,Call Sign,Amateur Full Radio Licence,Available,N
M,0,MKU,M0MKU,Call Sign,Amateur Full Radio Licence,Available,N
M,0,MKV,M0MKV,Call Sign,Amateur Full Radio Licence,Available,N
M,0,MKY,M0MKY,Call Sign,Amateur Full Radio Licence,Available,N
M,0,MKZ,M0MKZ,Call Sign,Amateur Full Radio Licence,Available,N
M,0,MLA,M0MLA,Call Sign,Amateur Full Radio Licence,Available,N
M,0,MLF,M0MLF,Call Sign,Amateur Full Radio Licence,Available,N
M,0,MLI,M0MLI,Call Sign,Amateur Full Radio Licence,Available,N
M,0,MLK,M0MLK,Call Sign,Amateur Full Radio Licence,Available,N
M,0,MLL,M0MLL,Call Sign,Amateur Full Radio Licence,Available,N
M,0,MLP,M0MLP,Call Sign,Amateur Full Radio Licence,Available,N
M,0,MLQ,M0MLQ,Call Sign,Amateur Full Radio Licence,Available,N
M,0,MLS,M0MLS,Call Sign,Amateur Full Radio Licence,Available,N
M,0,MLU,M0MLU,Call Sign,Amateur Full Radio Licence,Available,N
M,0,MLZ,M0MLZ,Call Sign,Amateur Full Radio Licence,Available,N
M,0,MMD,M0MMD,Call Sign,Amateur Full Radio Licence,Available,N
M,0,MML,M0MML,Call Sign,Amateur Full Radio Licence,Available,N
M,0,MMN,M0MMN,Call Sign,Amateur Full Radio Licence,Available,N
M,0,MMP,M0MMP,Call Sign,Amateur Full Radio Licence,Available,N
M,0,MMQ,M0MMQ,Call Sign,Amateur Full Radio Licence,Available,N
M,0,MMR,M0MMR,Call Sign,Amateur Full Radio Licence,Available,N
M,0,MMU,M0MMU,Call Sign,Amateur Full Radio Licence,Available,N
M,0,MMV,M0MMV,Call Sign,Amateur Full Radio Licence,Available,N
M,0,MMW,M0MMW,Call Sign,Amateur Full Radio Licence,Available,N
M,0,MNA,M0MNA,Call Sign,Amateur Full Radio Licence,Available,N
M,0,MNB,M0MNB,Call Sign,Amateur Full Radio Licence,Available,N
M,0,MNE,M0MNE,Call Sign,Amateur Full Radio Licence,Available,N
M,0,MNF,M0MNF,Call Sign,Amateur Full Radio Licence,Available,N
M,0,MNH,M0MNH,Call Sign,Amateur Full Radio Licence,Available,N
M,0,MNI,M0MNI,Call Sign,Amateur Full Radio Licence,Available,N
M,0,MNJ,M0MNJ,Call Sign,Amateur Full Radio Licence,Available,N
M,0,MNL,M0MNL,Call Sign,Amateur Full Radio Licence,Available,N
M,0,MNN,M0MNN,Call Sign,Amateur Full Radio Licence,Available,N
M,0,MNP,M0MNP,Call Sign,Amateur Full Radio Licence,Available,N
M,0,MNQ,M0MNQ,Call Sign,Amateur Full Radio Licence,Available,N
M,0,MNR,M0MNR,Call Sign,Amateur Full Radio Licence,Available,N
M,0,MNT,M0MNT,Call Sign,Amateur Full Radio Licence,Available,N
M,0,MNW,M0MNW,Call Sign,Amateur Full Radio Licence,Available,N
M,0,MNY,M0MNY,Call Sign,Amateur Full Radio Licence,Available,N
M,0,MNZ,M0MNZ,Call Sign,Amateur Full Radio Licence,Available,N
M,0,MOH,M0MOH,Call Sign,Amateur Full Radio Licence,Available,N
M,0,MOJ,M0MOJ,Call Sign,Amateur Full Radio Licence,Available,N
M,0,MOP,M0MOP,Call Sign,Amateur Full Radio Licence,Available,N
M,0,MOQ,M0MOQ,Call Sign,Amateur Full Radio Licence,Available,N
M,0,MOU,M0MOU,Call Sign,Amateur Full Radio Licence,Available,N
M,0,MOV,M0MOV,Call Sign,Amateur Full Radio Licence,Available,N
M,0,MOW,M0MOW,Call Sign,Amateur Full Radio Licence,Available,N
M,0,MOX,M0MOX,Call Sign,Amateur Full Radio Licence,Available,N
M,0,MOY,M0MOY,Call Sign,Amateur Full Radio Licence,Available,N
M,0,MOZ,M0MOZ,Call Sign,Amateur Full Radio Licence,Available,N
M,0,MPD,M0MPD,Call Sign,Amateur Full Radio Licence,Available,N
M,0,MPE,M0MPE,Call Sign,Amateur Full Radio Licence,Available,N
M,0,MPK,M0MPK,Call Sign,Amateur Full Radio Licence,Available,N
M,0,MPL,M0MPL,Call Sign,Amateur Full Radio Licence,Available,N
M,0,MPN,M0MPN,Call Sign,Amateur Full Radio Licence,Available,N
M,0,MPO,M0MPO,Call Sign,Amateur Full Radio Licence,Available,N
M,0,MPP,M0MPP,Call Sign,Amateur Full Radio Licence,Available,N
M,0,MPQ,M0MPQ,Call Sign,Amateur Full Radio Licence,Available,N
M,0,MPU,M0MPU,Call Sign,Amateur Full Radio Licence,Available,N
M,0,MPV,M0MPV,Call Sign,Amateur Full Radio Licence,Available,N
M,0,MPW,M0MPW,Call Sign,Amateur Full Radio Licence,Available,N
M,0,MPX,M0MPX,Call Sign,Amateur Full Radio Licence,Available,N
M,0,MPZ,M0MPZ,Call Sign,Amateur Full Radio Licence,Available,N
M,0,MQA,M0MQA,Call Sign,Amateur Full Radio Licence,Available,N
M,0,MQB,M0MQB,Call Sign,Amateur Full Radio Licence,Available,N
M,0,MQC,M0MQC,Call Sign,Amateur Full Radio Licence,Available,N
M,0,MQD,M0MQD,Call Sign,Amateur Full Radio Licence,Available,N
M,0,MQE,M0MQE,Call Sign,Amateur Full Radio Licence,Available,N
M,0,MQF,M0MQF,Call Sign,Amateur Full Radio Licence,Available,N
M,0,MQG,M0MQG,Call Sign,Amateur Full Radio Licence,Available,N
M,0,MQH,M0MQH,Call Sign,Amateur Full Radio Licence,Available,N
M,0,MQI,M0MQI,Call Sign,Amateur Full Radio Licence,Available,N
M,0,MQJ,M0MQJ,Call Sign,Amateur Full Radio Licence,Available,N
M,0,MQK,M0MQK,Call Sign,Amateur Full Radio Licence,Available,N
M,0,MQL,M0MQL,Call Sign,Amateur Full Radio Licence,Available,N
M,0,MQM,M0MQM,Call Sign,Amateur Full Radio Licence,Available,N
M,0,MQN,M0MQN,Call Sign,Amateur Full Radio Licence,Available,N
M,0,MQO,M0MQO,Call Sign,Amateur Full Radio Licence,Available,N
M,0,MQP,M0MQP,Call Sign,Amateur Full Radio Licence,Available,N
M,0,MQQ,M0MQQ,Call Sign,Amateur Full Radio Licence,Available,N
M,0,MQR,M0MQR,Call Sign,Amateur Full Radio Licence,Available,N
M,0,MQS,M0MQS,Call Sign,Amateur Full Radio Licence,Available,N
M,0,MQT,M0MQT,Call Sign,Amateur Full Radio Licence,Available,N
M,0,MQU,M0MQU,Call Sign,Amateur Full Radio Licence,Available,N
M,0,MQW,M0MQW,Call Sign,Amateur Full Radio Licence,Available,N
M,0,MQX,M0MQX,Call Sign,Amateur Full Radio Licence,Available,N
M,0,MQY,M0MQY,Call Sign,Amateur Full Radio Licence,Available,N
M,0,MQZ,M0MQZ,Call Sign,Amateur Full Radio Licence,Available,N
M,0,MRD,M0MRD,Call Sign,Amateur Full Radio Licence,Available,N
M,0,MRH,M0MRH,Call Sign,Amateur Full Radio Licence,Available,N
M,0,MRX,M0MRX,Call Sign,Amateur Full Radio Licence,Available,N
M,0,MSI,M0MSI,Call Sign,Amateur Full Radio Licence,Available,N
M,0,MSJ,M0MSJ,Call Sign,Amateur Full Radio Licence,Available,N
M,0,MSK,M0MSK,Call Sign,Amateur Full Radio Licence,Available,N
M,0,MSN,M0MSN,Call Sign,Amateur Full Radio Licence,Available,N
M,0,MSQ,M0MSQ,Call Sign,Amateur Full Radio Licence,Available,N
M,0,MSU,M0MSU,Call Sign,Amateur Full Radio Licence,Available,N
M,0,MSV,M0MSV,Call Sign,Amateur Full Radio Licence,Available,N
M,0,MSY,M0MSY,Call Sign,Amateur Full Radio Licence,Available,N
M,0,MTG,M0MTG,Call Sign,Amateur Full Radio Licence,Available,N
M,0,MTK,M0MTK,Call Sign,Amateur Full Radio Licence,Available,N
M,0,MTP,M0MTP,Call Sign,Amateur Full Radio Licence,Available,N
M,0,MTQ,M0MTQ,Call Sign,Amateur Full Radio Licence,Available,N
M,0,MTU,M0MTU,Call Sign,Amateur Full Radio Licence,Available,N
M,0,MTZ,M0MTZ,Call Sign,Amateur Full Radio Licence,Available,N
M,0,MUB,M0MUB,Call Sign,Amateur Full Radio Licence,Available,N
M,0,MUE,M0MUE,Call Sign,Amateur Full Radio Licence,Available,N
M,0,MUH,M0MUH,Call Sign,Amateur Full Radio Licence,Available,N
M,0,MUI,M0MUI,Call Sign,Amateur Full Radio Licence,Available,N
M,0,MUO,M0MUO,Call Sign,Amateur Full Radio Licence,Available,N
M,0,MUP,M0MUP,Call Sign,Amateur Full Radio Licence,Available,N
M,0,MUQ,M0MUQ,Call Sign,Amateur Full Radio Licence,Available,N
M,0,MUU,M0MUU,Call Sign,Amateur Full Radio Licence,Available,N
M,0,MUV,M0MUV,Call Sign,Amateur Full Radio Licence,Available,N
M,0,MUW,M0MUW,Call Sign,Amateur Full Radio Licence,Available,N
M,0,MUX,M0MUX,Call Sign,Amateur Full Radio Licence,Available,N
M,0,MUY,M0MUY,Call Sign,Amateur Full Radio Licence,Available,N
M,0,MVC,M0MVC,Call Sign,Amateur Full Radio Licence,Available,N
M,0,MVD,M0MVD,Call Sign,Amateur Full Radio Licence,Available,N
M,0,MVE,M0MVE,Call Sign,Amateur Full Radio Licence,Available,N
M,0,MVF,M0MVF,Call Sign,Amateur Full Radio Licence,Available,N
M,0,MVG,M0MVG,Call Sign,Amateur Full Radio Licence,Available,N
M,0,MVH,M0MVH,Call Sign,Amateur Full Radio Licence,Available,N
M,0,MVI,M0MVI,Call Sign,Amateur Full Radio Licence,Available,N
M,0,MVJ,M0MVJ,Call Sign,Amateur Full Radio Licence,Available,N
M,0,MVN,M0MVN,Call Sign,Amateur Full Radio Licence,Available,N
M,0,MVQ,M0MVQ,Call Sign,Amateur Full Radio Licence,Available,N
M,0,MVR,M0MVR,Call Sign,Amateur Full Radio Licence,Available,N
M,0,MVU,M0MVU,Call Sign,Amateur Full Radio Licence,Available,N
M,0,MVV,M0MVV,Call Sign,Amateur Full Radio Licence,Available,N
M,0,MVW,M0MVW,Call Sign,Amateur Full Radio Licence,Available,N
M,0,MVX,M0MVX,Call Sign,Amateur Full Radio Licence,Available,N
M,0,MVY,M0MVY,Call Sign,Amateur Full Radio Licence,Available,N
M,0,MVZ,M0MVZ,Call Sign,Amateur Full Radio Licence,Available,N
M,0,MWB,M0MWB,Call Sign,Amateur Full Radio Licence,Available,N
M,0,MWF,M0MWF,Call Sign,Amateur Full Radio Licence,Available,N
M,0,MWJ,M0MWJ,Call Sign,Amateur Full Radio Licence,Available,N
M,0,MWN,M0MWN,Call Sign,Amateur Full Radio Licence,Available,N
M,0,MWO,M0MWO,Call Sign,Amateur Full Radio Licence,Available,N
M,0,MWP,M0MWP,Call Sign,Amateur Full Radio Licence,Available,N
M,0,MWQ,M0MWQ,Call Sign,Amateur Full Radio Licence,Available,N
M,0,MWU,M0MWU,Call Sign,Amateur Full Radio Licence,Available,N
M,0,MWX,M0MWX,Call Sign,Amateur Full Radio Licence,Available,N
M,0,MWY,M0MWY,Call Sign,Amateur Full Radio Licence,Available,N
M,0,MXA,M0MXA,Call Sign,Amateur Full Radio Licence,Available,N
M,0,MXD,M0MXD,Call Sign,Amateur Full Radio Licence,Available,N
M,0,MXE,M0MXE,Call Sign,Amateur Full Radio Licence,Available,N
M,0,MXF,M0MXF,Call Sign,Amateur Full Radio Licence,Available,N
M,0,MXG,M0MXG,Call Sign,Amateur Full Radio Licence,Available,N
M,0,MXH,M0MXH,Call Sign,Amateur Full Radio Licence,Available,N
M,0,MXI,M0MXI,Call Sign,Amateur Full Radio Licence,Available,N
M,0,MXJ,M0MXJ,Call Sign,Amateur Full Radio Licence,Available,N
M,0,MXK,M0MXK,Call Sign,Amateur Full Radio Licence,Available,N
M,0,MXN,M0MXN,Call Sign,Amateur Full Radio Licence,Available,N
M,0,MXO,M0MXO,Call Sign,Amateur Full Radio Licence,Available,N
M,0,MXP,M0MXP,Call Sign,Amateur Full Radio Licence,Available,N
M,0,MXQ,M0MXQ,Call Sign,Amateur Full Radio Licence,Available,N
M,0,MXR,M0MXR,Call Sign,Amateur Full Radio Licence,Available,N
M,0,MXS,M0MXS,Call Sign,Amateur Full Radio Licence,Available,N
M,0,MXU,M0MXU,Call Sign,Amateur Full Radio Licence,Available,N
M,0,MXV,M0MXV,Call Sign,Amateur Full Radio Licence,Available,N
M,0,MXZ,M0MXZ,Call Sign,Amateur Full Radio Licence,Available,N
M,0,MYD,M0MYD,Call Sign,Amateur Full Radio Licence,Available,N
M,0,MYF,M0MYF,Call Sign,Amateur Full Radio Licence,Available,N
M,0,MYG,M0MYG,Call Sign,Amateur Full Radio Licence,Available,N
M,0,MYH,M0MYH,Call Sign,Amateur Full Radio Licence,Available,N
M,0,MYI,M0MYI,Call Sign,Amateur Full Radio Licence,Available,N
M,0,MYJ,M0MYJ,Call Sign,Amateur Full Radio Licence,Available,N
M,0,MYM,M0MYM,Call Sign,Amateur Full Radio Licence,Available,N
M,0,MYP,M0MYP,Call Sign,Amateur Full Radio Licence,Available,N
M,0,MYQ,M0MYQ,Call Sign,Amateur Full Radio Licence,Available,N
M,0,MYS,M0MYS,Call Sign,Amateur Full Radio Licence,Available,N
M,0,MYT,M0MYT,Call Sign,Amateur Full Radio Licence,Available,N
M,0,MYU,M0MYU,Call Sign,Amateur Full Radio Licence,Available,N
M,0,MYV,M0MYV,Call Sign,Amateur Full Radio Licence,Available,N
M,0,MYW,M0MYW,Call Sign,Amateur Full Radio Licence,Available,N
M,0,MYX,M0MYX,Call Sign,Amateur Full Radio Licence,Available,N
M,0,MYY,M0MYY,Call Sign,Amateur Full Radio Licence,Available,N
M,0,MYZ,M0MYZ,Call Sign,Amateur Full Radio Licence,Available,N
M,0,MZA,M0MZA,Call Sign,Amateur Full Radio Licence,Available,N
M,0,MZB,M0MZB,Call Sign,Amateur Full Radio Licence,Available,N
M,0,MZC,M0MZC,Call Sign,Amateur Full Radio Licence,Available,N
M,0,MZD,M0MZD,Call Sign,Amateur Full Radio Licence,Available,N
M,0,MZE,M0MZE,Call Sign,Amateur Full Radio Licence,Available,N
M,0,MZF,M0MZF,Call Sign,Amateur Full Radio Licence,Available,N
M,0,MZG,M0MZG,Call Sign,Amateur Full Radio Licence,Available,N
M,0,MZH,M0MZH,Call Sign,Amateur Full Radio Licence,Available,N
M,0,MZI,M0MZI,Call Sign,Amateur Full Radio Licence,Available,N
M,0,MZJ,M0MZJ,Call Sign,Amateur Full Radio Licence,Available,N
M,0,MZK,M0MZK,Call Sign,Amateur Full Radio Licence,Available,N
M,0,MZN,M0MZN,Call Sign,Amateur Full Radio Licence,Available,N
M,0,MZO,M0MZO,Call Sign,Amateur Full Radio Licence,Available,N
M,0,MZP,M0MZP,Call Sign,Amateur Full Radio Licence,Available,N
M,0,MZQ,M0MZQ,Call Sign,Amateur Full Radio Licence,Available,N
M,0,MZR,M0MZR,Call Sign,Amateur Full Radio Licence,Available,N
M,0,MZS,M0MZS,Call Sign,Amateur Full Radio Licence,Available,N
M,0,MZT,M0MZT,Call Sign,Amateur Full Radio Licence,Available,N
M,0,MZU,M0MZU,Call Sign,Amateur Full Radio Licence,Available,N
M,0,MZV,M0MZV,Call Sign,Amateur Full Radio Licence,Available,N
M,0,MZY,M0MZY,Call Sign,Amateur Full Radio Licence,Available,N
M,0,MZZ,M0MZZ,Call Sign,Amateur Full Radio Licence,Available,N
M,0,NBB,M0NBB,Call Sign,Amateur Full Radio Licence,Available,N
M,0,NBD,M0NBD,Call Sign,Amateur Full Radio Licence,Available,N
M,0,NBE,M0NBE,Call Sign,Amateur Full Radio Licence,Available,N
M,0,NBF,M0NBF,Call Sign,Amateur Full Radio Licence,Available,N
M,0,NBH,M0NBH,Call Sign,Amateur Full Radio Licence,Available,N
M,0,NBI,M0NBI,Call Sign,Amateur Full Radio Licence,Available,N
M,0,NBM,M0NBM,Call Sign,Amateur Full Radio Licence,Available,N
M,0,NBN,M0NBN,Call Sign,Amateur Full Radio Licence,Available,N
M,0,NBO,M0NBO,Call Sign,Amateur Full Radio Licence,Available,N
M,0,NBP,M0NBP,Call Sign,Amateur Full Radio Licence,Available,N
M,0,NBQ,M0NBQ,Call Sign,Amateur Full Radio Licence,Available,N
M,0,NBS,M0NBS,Call Sign,Amateur Full Radio Licence,Available,N
M,0,NBT,M0NBT,Call Sign,Amateur Full Radio Licence,Available,N
M,0,NBU,M0NBU,Call Sign,Amateur Full Radio Licence,Available,N
M,0,NBV,M0NBV,Call Sign,Amateur Full Radio Licence,Available,N
M,0,NBW,M0NBW,Call Sign,Amateur Full Radio Licence,Available,N
M,0,NBZ,M0NBZ,Call Sign,Amateur Full Radio Licence,Available,N
M,0,NCA,M0NCA,Call Sign,Amateur Full Radio Licence,Available,N
M,0,NCD,M0NCD,Call Sign,Amateur Full Radio Licence,Available,N
M,0,NCE,M0NCE,Call Sign,Amateur Full Radio Licence,Available,N
M,0,NCH,M0NCH,Call Sign,Amateur Full Radio Licence,Available,N
M,0,NCI,M0NCI,Call Sign,Amateur Full Radio Licence,Available,N
M,0,NCJ,M0NCJ,Call Sign,Amateur Full Radio Licence,Available,N
M,0,NCL,M0NCL,Call Sign,Amateur Full Radio Licence,Available,N
M,0,NCM,M0NCM,Call Sign,Amateur Full Radio Licence,Available,N
M,0,NCP,M0NCP,Call Sign,Amateur Full Radio Licence,Available,N
M,0,NCQ,M0NCQ,Call Sign,Amateur Full Radio Licence,Available,N
M,0,NCS,M0NCS,Call Sign,Amateur Full Radio Licence,Available,N
M,0,NCT,M0NCT,Call Sign,Amateur Full Radio Licence,Available,N
M,0,NCU,M0NCU,Call Sign,Amateur Full Radio Licence,Available,N
M,0,NCV,M0NCV,Call Sign,Amateur Full Radio Licence,Available,N
M,0,NCX,M0NCX,Call Sign,Amateur Full Radio Licence,Available,N
M,0,NDD,M0NDD,Call Sign,Amateur Full Radio Licence,Available,N
M,0,NDF,M0NDF,Call Sign,Amateur Full Radio Licence,Available,N
M,0,NDG,M0NDG,Call Sign,Amateur Full Radio Licence,Available,N
M,0,NDI,M0NDI,Call Sign,Amateur Full Radio Licence,Available,N
M,0,NDQ,M0NDQ,Call Sign,Amateur Full Radio Licence,Available,N
M,0,NDT,M0NDT,Call Sign,Amateur Full Radio Licence,Available,N
M,0,NDV,M0NDV,Call Sign,Amateur Full Radio Licence,Available,N
M,0,NDW,M0NDW,Call Sign,Amateur Full Radio Licence,Available,N
M,0,NEA,M0NEA,Call Sign,Amateur Full Radio Licence,Available,N
M,0,NEF,M0NEF,Call Sign,Amateur Full Radio Licence,Available,N
M,0,NEJ,M0NEJ,Call Sign,Amateur Full Radio Licence,Available,N
M,0,NEK,M0NEK,Call Sign,Amateur Full Radio Licence,Available,N
M,0,NEM,M0NEM,Call Sign,Amateur Full Radio Licence,Available,N
M,0,NEN,M0NEN,Call Sign,Amateur Full Radio Licence,Available,N
M,0,NEP,M0NEP,Call Sign,Amateur Full Radio Licence,Available,N
M,0,NEQ,M0NEQ,Call Sign,Amateur Full Radio Licence,Available,N
M,0,NEZ,M0NEZ,Call Sign,Amateur Full Radio Licence,Available,N
M,0,NFE,M0NFE,Call Sign,Amateur Full Radio Licence,Available,N
M,0,NFF,M0NFF,Call Sign,Amateur Full Radio Licence,Available,N
M,0,NFG,M0NFG,Call Sign,Amateur Full Radio Licence,Available,N
M,0,NFH,M0NFH,Call Sign,Amateur Full Radio Licence,Available,N
M,0,NFI,M0NFI,Call Sign,Amateur Full Radio Licence,Available,N
M,0,NFJ,M0NFJ,Call Sign,Amateur Full Radio Licence,Available,N
M,0,NFK,M0NFK,Call Sign,Amateur Full Radio Licence,Available,N
M,0,NFL,M0NFL,Call Sign,Amateur Full Radio Licence,Available,N
M,0,NFO,M0NFO,Call Sign,Amateur Full Radio Licence,Available,N
M,0,NFQ,M0NFQ,Call Sign,Amateur Full Radio Licence,Available,N
M,0,NFS,M0NFS,Call Sign,Amateur Full Radio Licence,Available,N
M,0,NFT,M0NFT,Call Sign,Amateur Full Radio Licence,Available,N
M,0,NFU,M0NFU,Call Sign,Amateur Full Radio Licence,Available,N
M,0,NFV,M0NFV,Call Sign,Amateur Full Radio Licence,Available,N
M,0,NFW,M0NFW,Call Sign,Amateur Full Radio Licence,Available,N
M,0,NFX,M0NFX,Call Sign,Amateur Full Radio Licence,Available,N
M,0,NFZ,M0NFZ,Call Sign,Amateur Full Radio Licence,Available,N
M,0,NGF,M0NGF,Call Sign,Amateur Full Radio Licence,Available,N
M,0,NGG,M0NGG,Call Sign,Amateur Full Radio Licence,Available,N
M,0,NGH,M0NGH,Call Sign,Amateur Full Radio Licence,Available,N
M,0,NGJ,M0NGJ,Call Sign,Amateur Full Radio Licence,Available,N
M,0,NGK,M0NGK,Call Sign,Amateur Full Radio Licence,Available,N
M,0,NGM,M0NGM,Call Sign,Amateur Full Radio Licence,Available,N
M,0,NGN,M0NGN,Call Sign,Amateur Full Radio Licence,Available,N
M,0,NGP,M0NGP,Call Sign,Amateur Full Radio Licence,Available,N
M,0,NGQ,M0NGQ,Call Sign,Amateur Full Radio Licence,Available,N
M,0,NGT,M0NGT,Call Sign,Amateur Full Radio Licence,Available,N
M,0,NGU,M0NGU,Call Sign,Amateur Full Radio Licence,Available,N
M,0,NGV,M0NGV,Call Sign,Amateur Full Radio Licence,Available,N
M,0,NGW,M0NGW,Call Sign,Amateur Full Radio Licence,Available,N
M,0,NGX,M0NGX,Call Sign,Amateur Full Radio Licence,Available,N
M,0,NGZ,M0NGZ,Call Sign,Amateur Full Radio Licence,Available,N
M,0,NHA,M0NHA,Call Sign,Amateur Full Radio Licence,Available,N
M,0,NHB,M0NHB,Call Sign,Amateur Full Radio Licence,Available,N
M,0,NHC,M0NHC,Call Sign,Amateur Full Radio Licence,Available,N
M,0,NHD,M0NHD,Call Sign,Amateur Full Radio Licence,Available,N
M,0,NHE,M0NHE,Call Sign,Amateur Full Radio Licence,Available,N
M,0,NHG,M0NHG,Call Sign,Amateur Full Radio Licence,Available,N
M,0,NHH,M0NHH,Call Sign,Amateur Full Radio Licence,Available,N
M,0,NHI,M0NHI,Call Sign,Amateur Full Radio Licence,Available,N
M,0,NHJ,M0NHJ,Call Sign,Amateur Full Radio Licence,Available,N
M,0,NHK,M0NHK,Call Sign,Amateur Full Radio Licence,Available,N
M,0,NHL,M0NHL,Call Sign,Amateur Full Radio Licence,Available,N
M,0,NHN,M0NHN,Call Sign,Amateur Full Radio Licence,Available,N
M,0,NHO,M0NHO,Call Sign,Amateur Full Radio Licence,Available,N
M,0,NHP,M0NHP,Call Sign,Amateur Full Radio Licence,Available,N
M,0,NHQ,M0NHQ,Call Sign,Amateur Full Radio Licence,Available,N
M,0,NHR,M0NHR,Call Sign,Amateur Full Radio Licence,Available,N
M,0,NHS,M0NHS,Call Sign,Amateur Full Radio Licence,Available,N
M,0,NHT,M0NHT,Call Sign,Amateur Full Radio Licence,Available,N
M,0,NHU,M0NHU,Call Sign,Amateur Full Radio Licence,Available,N
M,0,NHV,M0NHV,Call Sign,Amateur Full Radio Licence,Available,N
M,0,NHW,M0NHW,Call Sign,Amateur Full Radio Licence,Available,N
M,0,NHX,M0NHX,Call Sign,Amateur Full Radio Licence,Available,N
M,0,NHY,M0NHY,Call Sign,Amateur Full Radio Licence,Available,N
M,0,NHZ,M0NHZ,Call Sign,Amateur Full Radio Licence,Available,N
M,0,NIF,M0NIF,Call Sign,Amateur Full Radio Licence,Available,N
M,0,NIH,M0NIH,Call Sign,Amateur Full Radio Licence,Available,N
M,0,NII,M0NII,Call Sign,Amateur Full Radio Licence,Available,N
M,0,NIL,M0NIL,Call Sign,Amateur Full Radio Licence,Available,N
M,0,NIM,M0NIM,Call Sign,Amateur Full Radio Licence,Available,N
M,0,NIN,M0NIN,Call Sign,Amateur Full Radio Licence,Available,N
M,0,NIO,M0NIO,Call Sign,Amateur Full Radio Licence,Available,N
M,0,NIR,M0NIR,Call Sign,Amateur Full Radio Licence,Available,N
M,0,NIT,M0NIT,Call Sign,Amateur Full Radio Licence,Available,N
M,0,NIU,M0NIU,Call Sign,Amateur Full Radio Licence,Available,N
M,0,NIV,M0NIV,Call Sign,Amateur Full Radio Licence,Available,N
M,0,NIY,M0NIY,Call Sign,Amateur Full Radio Licence,Available,N
M,0,NIZ,M0NIZ,Call Sign,Amateur Full Radio Licence,Available,N
M,0,NJD,M0NJD,Call Sign,Amateur Full Radio Licence,Available,N
M,0,NJF,M0NJF,Call Sign,Amateur Full Radio Licence,Available,N
M,0,NJG,M0NJG,Call Sign,Amateur Full Radio Licence,Available,N
M,0,NJH,M0NJH,Call Sign,Amateur Full Radio Licence,Available,N
M,0,NJI,M0NJI,Call Sign,Amateur Full Radio Licence,Available,N
M,0,NJK,M0NJK,Call Sign,Amateur Full Radio Licence,Available,N
M,0,NJO,M0NJO,Call Sign,Amateur Full Radio Licence,Available,N
M,0,NJQ,M0NJQ,Call Sign,Amateur Full Radio Licence,Available,N
M,0,NJT,M0NJT,Call Sign,Amateur Full Radio Licence,Available,N
M,0,NJU,M0NJU,Call Sign,Amateur Full Radio Licence,Available,N
M,0,NJV,M0NJV,Call Sign,Amateur Full Radio Licence,Available,N
M,0,NJX,M0NJX,Call Sign,Amateur Full Radio Licence,Available,N
M,0,NJY,M0NJY,Call Sign,Amateur Full Radio Licence,Available,N
M,0,NJZ,M0NJZ,Call Sign,Amateur Full Radio Licence,Available,N
M,0,NKB,M0NKB,Call Sign,Amateur Full Radio Licence,Available,N
M,0,NKE,M0NKE,Call Sign,Amateur Full Radio Licence,Available,N
M,0,NKF,M0NKF,Call Sign,Amateur Full Radio Licence,Available,N
M,0,NKG,M0NKG,Call Sign,Amateur Full Radio Licence,Available,N
M,0,NKH,M0NKH,Call Sign,Amateur Full Radio Licence,Available,N
M,0,NKJ,M0NKJ,Call Sign,Amateur Full Radio Licence,Available,N
M,0,NKK,M0NKK,Call Sign,Amateur Full Radio Licence,Available,N
M,0,NKL,M0NKL,Call Sign,Amateur Full Radio Licence,Available,N
M,0,NKN,M0NKN,Call Sign,Amateur Full Radio Licence,Available,N
M,0,NKO,M0NKO,Call Sign,Amateur Full Radio Licence,Available,N
M,0,NKP,M0NKP,Call Sign,Amateur Full Radio Licence,Available,N
M,0,NKQ,M0NKQ,Call Sign,Amateur Full Radio Licence,Available,N
M,0,NKT,M0NKT,Call Sign,Amateur Full Radio Licence,Available,N
M,0,NKU,M0NKU,Call Sign,Amateur Full Radio Licence,Available,N
M,0,NKV,M0NKV,Call Sign,Amateur Full Radio Licence,Available,N
M,0,NKW,M0NKW,Call Sign,Amateur Full Radio Licence,Available,N
M,0,NKX,M0NKX,Call Sign,Amateur Full Radio Licence,Available,N
M,0,NKZ,M0NKZ,Call Sign,Amateur Full Radio Licence,Available,N
M,0,NLA,M0NLA,Call Sign,Amateur Full Radio Licence,Available,N
M,0,NLE,M0NLE,Call Sign,Amateur Full Radio Licence,Available,N
M,0,NLF,M0NLF,Call Sign,Amateur Full Radio Licence,Available,N
M,0,NLG,M0NLG,Call Sign,Amateur Full Radio Licence,Available,N
M,0,NLH,M0NLH,Call Sign,Amateur Full Radio Licence,Available,N
M,0,NLI,M0NLI,Call Sign,Amateur Full Radio Licence,Available,N
M,0,NLJ,M0NLJ,Call Sign,Amateur Full Radio Licence,Available,N
M,0,NLK,M0NLK,Call Sign,Amateur Full Radio Licence,Available,N
M,0,NLL,M0NLL,Call Sign,Amateur Full Radio Licence,Available,N
M,0,NLM,M0NLM,Call Sign,Amateur Full Radio Licence,Available,N
M,0,NLN,M0NLN,Call Sign,Amateur Full Radio Licence,Available,N
M,0,NLQ,M0NLQ,Call Sign,Amateur Full Radio Licence,Available,N
M,0,NLS,M0NLS,Call Sign,Amateur Full Radio Licence,Available,N
M,0,NLT,M0NLT,Call Sign,Amateur Full Radio Licence,Available,N
M,0,NLU,M0NLU,Call Sign,Amateur Full Radio Licence,Available,N
M,0,NLV,M0NLV,Call Sign,Amateur Full Radio Licence,Available,N
M,0,NLX,M0NLX,Call Sign,Amateur Full Radio Licence,Available,N
M,0,NLZ,M0NLZ,Call Sign,Amateur Full Radio Licence,Available,N
M,0,NMA,M0NMA,Call Sign,Amateur Full Radio Licence,Available,N
M,0,NMB,M0NMB,Call Sign,Amateur Full Radio Licence,Available,N
M,0,NMC,M0NMC,Call Sign,Amateur Full Radio Licence,Available,N
M,0,NME,M0NME,Call Sign,Amateur Full Radio Licence,Available,N
M,0,NMF,M0NMF,Call Sign,Amateur Full Radio Licence,Available,N
M,0,NMG,M0NMG,Call Sign,Amateur Full Radio Licence,Available,N
M,0,NMJ,M0NMJ,Call Sign,Amateur Full Radio Licence,Available,N
M,0,NMK,M0NMK,Call Sign,Amateur Full Radio Licence,Available,N
M,0,NMM,M0NMM,Call Sign,Amateur Full Radio Licence,Available,N
M,0,NMN,M0NMN,Call Sign,Amateur Full Radio Licence,Available,N
M,0,NMT,M0NMT,Call Sign,Amateur Full Radio Licence,Available,N
M,0,NMU,M0NMU,Call Sign,Amateur Full Radio Licence,Available,N
M,0,NMV,M0NMV,Call Sign,Amateur Full Radio Licence,Available,N
M,0,NMW,M0NMW,Call Sign,Amateur Full Radio Licence,Available,N
M,0,NMX,M0NMX,Call Sign,Amateur Full Radio Licence,Available,N
M,0,NMY,M0NMY,Call Sign,Amateur Full Radio Licence,Available,N
M,0,NMZ,M0NMZ,Call Sign,Amateur Full Radio Licence,Available,N
M,0,NNA,M0NNA,Call Sign,Amateur Full Radio Licence,Available,N
M,0,NNB,M0NNB,Call Sign,Amateur Full Radio Licence,Available,N
M,0,NNC,M0NNC,Call Sign,Amateur Full Radio Licence,Available,N
M,0,NND,M0NND,Call Sign,Amateur Full Radio Licence,Available,N
M,0,NNE,M0NNE,Call Sign,Amateur Full Radio Licence,Available,N
M,0,NNF,M0NNF,Call Sign,Amateur Full Radio Licence,Available,N
M,0,NNG,M0NNG,Call Sign,Amateur Full Radio Licence,Available,N
M,0,NNI,M0NNI,Call Sign,Amateur Full Radio Licence,Available,N
M,0,NNJ,M0NNJ,Call Sign,Amateur Full Radio Licence,Available,N
M,0,NNK,M0NNK,Call Sign,Amateur Full Radio Licence,Available,N
M,0,NNM,M0NNM,Call Sign,Amateur Full Radio Licence,Available,N
M,0,NNO,M0NNO,Call Sign,Amateur Full Radio Licence,Available,N
M,0,NNQ,M0NNQ,Call Sign,Amateur Full Radio Licence,Available,N
M,0,NNR,M0NNR,Call Sign,Amateur Full Radio Licence,Available,N
M,0,NNS,M0NNS,Call Sign,Amateur Full Radio Licence,Available,N
M,0,NNU,M0NNU,Call Sign,Amateur Full Radio Licence,Available,N
M,0,NNV,M0NNV,Call Sign,Amateur Full Radio Licence,Available,N
M,0,NNW,M0NNW,Call Sign,Amateur Full Radio Licence,Available,N
M,0,NNX,M0NNX,Call Sign,Amateur Full Radio Licence,Available,N
M,0,NNZ,M0NNZ,Call Sign,Amateur Full Radio Licence,Available,N
M,0,NOC,M0NOC,Call Sign,Amateur Full Radio Licence,Available,N
M,0,NOF,M0NOF,Call Sign,Amateur Full Radio Licence,Available,N
M,0,NOG,M0NOG,Call Sign,Amateur Full Radio Licence,Available,N
M,0,NOH,M0NOH,Call Sign,Amateur Full Radio Licence,Available,N
M,0,NOJ,M0NOJ,Call Sign,Amateur Full Radio Licence,Available,N
M,0,NOL,M0NOL,Call Sign,Amateur Full Radio Licence,Available,N
M,0,NOM,M0NOM,Call Sign,Amateur Full Radio Licence,Available,N
M,0,NON,M0NON,Call Sign,Amateur Full Radio Licence,Available,N
M,0,NOO,M0NOO,Call Sign,Amateur Full Radio Licence,Available,N
M,0,NOP,M0NOP,Call Sign,Amateur Full Radio Licence,Available,N
M,0,NOQ,M0NOQ,Call Sign,Amateur Full Radio Licence,Available,N
M,0,NOU,M0NOU,Call Sign,Amateur Full Radio Licence,Available,N
M,0,NOY,M0NOY,Call Sign,Amateur Full Radio Licence,Available,N
M,0,NPB,M0NPB,Call Sign,Amateur Full Radio Licence,Available,N
M,0,NPC,M0NPC,Call Sign,Amateur Full Radio Licence,Available,N
M,0,NPF,M0NPF,Call Sign,Amateur Full Radio Licence,Available,N
M,0,NPG,M0NPG,Call Sign,Amateur Full Radio Licence,Available,N
M,0,NPH,M0NPH,Call Sign,Amateur Full Radio Licence,Available,N
M,0,NPI,M0NPI,Call Sign,Amateur Full Radio Licence,Available,N
M,0,NPJ,M0NPJ,Call Sign,Amateur Full Radio Licence,Available,N
M,0,NPL,M0NPL,Call Sign,Amateur Full Radio Licence,Available,N
M,0,NPM,M0NPM,Call Sign,Amateur Full Radio Licence,Available,N
M,0,NPN,M0NPN,Call Sign,Amateur Full Radio Licence,Available,N
M,0,NPO,M0NPO,Call Sign,Amateur Full Radio Licence,Available,N
M,0,NPP,M0NPP,Call Sign,Amateur Full Radio Licence,Available,N
M,0,NPR,M0NPR,Call Sign,Amateur Full Radio Licence,Available,N
M,0,NPS,M0NPS,Call Sign,Amateur Full Radio Licence,Available,N
M,0,NPU,M0NPU,Call Sign,Amateur Full Radio Licence,Available,N
M,0,NPV,M0NPV,Call Sign,Amateur Full Radio Licence,Available,N
M,0,NPW,M0NPW,Call Sign,Amateur Full Radio Licence,Available,N
M,0,NPX,M0NPX,Call Sign,Amateur Full Radio Licence,Available,N
M,0,NPY,M0NPY,Call Sign,Amateur Full Radio Licence,Available,N
M,0,NPZ,M0NPZ,Call Sign,Amateur Full Radio Licence,Available,N
M,0,NQA,M0NQA,Call Sign,Amateur Full Radio Licence,Available,N
M,0,NQC,M0NQC,Call Sign,Amateur Full Radio Licence,Available,N
M,0,NQD,M0NQD,Call Sign,Amateur Full Radio Licence,Available,N
M,0,NQE,M0NQE,Call Sign,Amateur Full Radio Licence,Available,N
M,0,NQF,M0NQF,Call Sign,Amateur Full Radio Licence,Available,N
M,0,NQG,M0NQG,Call Sign,Amateur Full Radio Licence,Available,N
M,0,NQH,M0NQH,Call Sign,Amateur Full Radio Licence,Available,N
M,0,NQI,M0NQI,Call Sign,Amateur Full Radio Licence,Available,N
M,0,NQJ,M0NQJ,Call Sign,Amateur Full Radio Licence,Available,N
M,0,NQK,M0NQK,Call Sign,Amateur Full Radio Licence,Available,N
M,0,NQL,M0NQL,Call Sign,Amateur Full Radio Licence,Available,N
M,0,NQM,M0NQM,Call Sign,Amateur Full Radio Licence,Available,N
M,0,NQO,M0NQO,Call Sign,Amateur Full Radio Licence,Available,N
M,0,NQP,M0NQP,Call Sign,Amateur Full Radio Licence,Available,N
M,0,NQQ,M0NQQ,Call Sign,Amateur Full Radio Licence,Available,N
M,0,NQR,M0NQR,Call Sign,Amateur Full Radio Licence,Available,N
M,0,NQS,M0NQS,Call Sign,Amateur Full Radio Licence,Available,N
M,0,NQT,M0NQT,Call Sign,Amateur Full Radio Licence,Available,N
M,0,NQV,M0NQV,Call Sign,Amateur Full Radio Licence,Available,N
M,0,NQW,M0NQW,Call Sign,Amateur Full Radio Licence,Available,N
M,0,NQX,M0NQX,Call Sign,Amateur Full Radio Licence,Available,N
M,0,NQY,M0NQY,Call Sign,Amateur Full Radio Licence,Available,N
M,0,NQZ,M0NQZ,Call Sign,Amateur Full Radio Licence,Available,N
M,0,NRE,M0NRE,Call Sign,Amateur Full Radio Licence,Available,N
M,0,NRI,M0NRI,Call Sign,Amateur Full Radio Licence,Available,N
M,0,NRK,M0NRK,Call Sign,Amateur Full Radio Licence,Available,N
M,0,NRN,M0NRN,Call Sign,Amateur Full Radio Licence,Available,N
M,0,NRO,M0NRO,Call Sign,Amateur Full Radio Licence,Available,N
M,0,NRQ,M0NRQ,Call Sign,Amateur Full Radio Licence,Available,N
M,0,NRR,M0NRR,Call Sign,Amateur Full Radio Licence,Available,N
M,0,NRU,M0NRU,Call Sign,Amateur Full Radio Licence,Available,N
M,0,NRV,M0NRV,Call Sign,Amateur Full Radio Licence,Available,N
M,0,NRX,M0NRX,Call Sign,Amateur Full Radio Licence,Available,N
M,0,NRZ,M0NRZ,Call Sign,Amateur Full Radio Licence,Available,N
M,0,NSB,M0NSB,Call Sign,Amateur Full Radio Licence,Available,N
M,0,NSD,M0NSD,Call Sign,Amateur Full Radio Licence,Available,N
M,0,NSE,M0NSE,Call Sign,Amateur Full Radio Licence,Available,N
M,0,NSF,M0NSF,Call Sign,Amateur Full Radio Licence,Available,N
M,0,NSG,M0NSG,Call Sign,Amateur Full Radio Licence,Available,N
M,0,NSH,M0NSH,Call Sign,Amateur Full Radio Licence,Available,N
M,0,NSJ,M0NSJ,Call Sign,Amateur Full Radio Licence,Available,N
M,0,NSK,M0NSK,Call Sign,Amateur Full Radio Licence,Available,N
M,0,NSL,M0NSL,Call Sign,Amateur Full Radio Licence,Available,N
M,0,NSM,M0NSM,Call Sign,Amateur Full Radio Licence,Available,N
M,0,NSN,M0NSN,Call Sign,Amateur Full Radio Licence,Available,N
M,0,NSO,M0NSO,Call Sign,Amateur Full Radio Licence,Available,N
M,0,NSQ,M0NSQ,Call Sign,Amateur Full Radio Licence,Available,N
M,0,NSS,M0NSS,Call Sign,Amateur Full Radio Licence,Available,N
M,0,NSU,M0NSU,Call Sign,Amateur Full Radio Licence,Available,N
M,0,NSV,M0NSV,Call Sign,Amateur Full Radio Licence,Available,N
M,0,NSW,M0NSW,Call Sign,Amateur Full Radio Licence,Available,N
M,0,NSX,M0NSX,Call Sign,Amateur Full Radio Licence,Available,N
M,0,NSY,M0NSY,Call Sign,Amateur Full Radio Licence,Available,N
M,0,NSZ,M0NSZ,Call Sign,Amateur Full Radio Licence,Available,N
M,0,NTB,M0NTB,Call Sign,Amateur Full Radio Licence,Available,N
M,0,NTD,M0NTD,Call Sign,Amateur Full Radio Licence,Available,N
M,0,NTF,M0NTF,Call Sign,Amateur Full Radio Licence,Available,N
M,0,NTJ,M0NTJ,Call Sign,Amateur Full Radio Licence,Available,N
M,0,NTK,M0NTK,Call Sign,Amateur Full Radio Licence,Available,N
M,0,NTM,M0NTM,Call Sign,Amateur Full Radio Licence,Available,N
M,0,NTO,M0NTO,Call Sign,Amateur Full Radio Licence,Available,N
M,0,NTQ,M0NTQ,Call Sign,Amateur Full Radio Licence,Available,N
M,0,NTR,M0NTR,Call Sign,Amateur Full Radio Licence,Available,N
M,0,NTU,M0NTU,Call Sign,Amateur Full Radio Licence,Available,N
M,0,NTV,M0NTV,Call Sign,Amateur Full Radio Licence,Available,N
M,0,NTW,M0NTW,Call Sign,Amateur Full Radio Licence,Available,N
M,0,NTX,M0NTX,Call Sign,Amateur Full Radio Licence,Available,N
M,0,NTZ,M0NTZ,Call Sign,Amateur Full Radio Licence,Available,N
M,0,NUA,M0NUA,Call Sign,Amateur Full Radio Licence,Available,N
M,0,NUB,M0NUB,Call Sign,Amateur Full Radio Licence,Available,N
M,0,NUD,M0NUD,Call Sign,Amateur Full Radio Licence,Available,N
M,0,NUF,M0NUF,Call Sign,Amateur Full Radio Licence,Available,N
M,0,NUH,M0NUH,Call Sign,Amateur Full Radio Licence,Available,N
M,0,NUI,M0NUI,Call Sign,Amateur Full Radio Licence,Available,N
M,0,NUJ,M0NUJ,Call Sign,Amateur Full Radio Licence,Available,N
M,0,NUL,M0NUL,Call Sign,Amateur Full Radio Licence,Available,N
M,0,NUM,M0NUM,Call Sign,Amateur Full Radio Licence,Available,N
M,0,NUO,M0NUO,Call Sign,Amateur Full Radio Licence,Available,N
M,0,NUP,M0NUP,Call Sign,Amateur Full Radio Licence,Available,N
M,0,NUQ,M0NUQ,Call Sign,Amateur Full Radio Licence,Available,N
M,0,NUR,M0NUR,Call Sign,Amateur Full Radio Licence,Available,N
M,0,NUS,M0NUS,Call Sign,Amateur Full Radio Licence,Available,N
M,0,NUU,M0NUU,Call Sign,Amateur Full Radio Licence,Available,N
M,0,NUV,M0NUV,Call Sign,Amateur Full Radio Licence,Available,N
M,0,NUW,M0NUW,Call Sign,Amateur Full Radio Licence,Available,N
M,0,NUY,M0NUY,Call Sign,Amateur Full Radio Licence,Available,N
M,0,NVA,M0NVA,Call Sign,Amateur Full Radio Licence,Available,N
M,0,NVB,M0NVB,Call Sign,Amateur Full Radio Licence,Available,N
M,0,NVC,M0NVC,Call Sign,Amateur Full Radio Licence,Available,N
M,0,NVD,M0NVD,Call Sign,Amateur Full Radio Licence,Available,N
M,0,NVE,M0NVE,Call Sign,Amateur Full Radio Licence,Available,N
M,0,NVF,M0NVF,Call Sign,Amateur Full Radio Licence,Available,N
M,0,NVG,M0NVG,Call Sign,Amateur Full Radio Licence,Available,N
M,0,NVH,M0NVH,Call Sign,Amateur Full Radio Licence,Available,N
M,0,NVI,M0NVI,Call Sign,Amateur Full Radio Licence,Available,N
M,0,NVK,M0NVK,Call Sign,Amateur Full Radio Licence,Available,N
M,0,NVL,M0NVL,Call Sign,Amateur Full Radio Licence,Available,N
M,0,NVM,M0NVM,Call Sign,Amateur Full Radio Licence,Available,N
M,0,NVN,M0NVN,Call Sign,Amateur Full Radio Licence,Available,N
M,0,NVO,M0NVO,Call Sign,Amateur Full Radio Licence,Available,N
M,0,NVP,M0NVP,Call Sign,Amateur Full Radio Licence,Available,N
M,0,NVR,M0NVR,Call Sign,Amateur Full Radio Licence,Available,N
M,0,NVT,M0NVT,Call Sign,Amateur Full Radio Licence,Available,N
M,0,NVU,M0NVU,Call Sign,Amateur Full Radio Licence,Available,N
M,0,NVV,M0NVV,Call Sign,Amateur Full Radio Licence,Available,N
M,0,NVW,M0NVW,Call Sign,Amateur Full Radio Licence,Available,N
M,0,NVX,M0NVX,Call Sign,Amateur Full Radio Licence,Available,N
M,0,NVZ,M0NVZ,Call Sign,Amateur Full Radio Licence,Available,N
M,0,NWA,M0NWA,Call Sign,Amateur Full Radio Licence,Available,N
M,0,NWC,M0NWC,Call Sign,Amateur Full Radio Licence,Available,N
M,0,NWD,M0NWD,Call Sign,Amateur Full Radio Licence,Available,N
M,0,NWE,M0NWE,Call Sign,Amateur Full Radio Licence,Available,N
M,0,NWF,M0NWF,Call Sign,Amateur Full Radio Licence,Available,N
M,0,NWG,M0NWG,Call Sign,Amateur Full Radio Licence,Available,N
M,0,NWI,M0NWI,Call Sign,Amateur Full Radio Licence,Available,N
M,0,NWJ,M0NWJ,Call Sign,Amateur Full Radio Licence,Available,N
M,0,NWL,M0NWL,Call Sign,Amateur Full Radio Licence,Available,N
M,0,NWM,M0NWM,Call Sign,Amateur Full Radio Licence,Available,N
M,0,NWN,M0NWN,Call Sign,Amateur Full Radio Licence,Available,N
M,0,NWQ,M0NWQ,Call Sign,Amateur Full Radio Licence,Available,N
M,0,NWS,M0NWS,Call Sign,Amateur Full Radio Licence,Available,N
M,0,NWU,M0NWU,Call Sign,Amateur Full Radio Licence,Available,N
M,0,NWV,M0NWV,Call Sign,Amateur Full Radio Licence,Available,N
M,0,NWX,M0NWX,Call Sign,Amateur Full Radio Licence,Available,N
M,0,NWZ,M0NWZ,Call Sign,Amateur Full Radio Licence,Available,N
M,0,NXA,M0NXA,Call Sign,Amateur Full Radio Licence,Available,N
M,0,NXB,M0NXB,Call Sign,Amateur Full Radio Licence,Available,N
M,0,NXC,C,Call Sign,Amateur Full Radio Licence,Available,N
M,0,NXD,M0NXD,Call Sign,Amateur Full Radio Licence,Available,N
M,0,NXE,M0NXE,Call Sign,Amateur Full Radio Licence,Available,N
M,0,NXF,M0NXF,Call Sign,Amateur Full Radio Licence,Available,N
M,0,NXG,M0NXG,Call Sign,Amateur Full Radio Licence,Available,N
M,0,NXH,M0NXH,Call Sign,Amateur Full Radio Licence,Available,N
M,0,NXI,M0NXI,Call Sign,Amateur Full Radio Licence,Available,N
M,0,NXJ,M0NXJ,Call Sign,Amateur Full Radio Licence,Available,N
M,0,NXK,M0NXK,Call Sign,Amateur Full Radio Licence,Available,N
M,0,NXL,M0NXL,Call Sign,Amateur Full Radio Licence,Available,N
M,0,NXM,M0NXM,Call Sign,Amateur Full Radio Licence,Available,N
M,0,NXN,M0NXN,Call Sign,Amateur Full Radio Licence,Available,N
M,0,NXO,M0NXO,Call Sign,Amateur Full Radio Licence,Available,N
M,0,NXQ,M0NXQ,Call Sign,Amateur Full Radio Licence,Available,N
M,0,NXR,M0NXR,Call Sign,Amateur Full Radio Licence,Available,N
M,0,NXT,M0NXT,Call Sign,Amateur Full Radio Licence,Available,N
M,0,NXU,M0NXU,Call Sign,Amateur Full Radio Licence,Available,N
M,0,NXV,M0NXV,Call Sign,Amateur Full Radio Licence,Available,N
M,0,NXW,M0NXW,Call Sign,Amateur Full Radio Licence,Available,N
M,0,NXX,M0NXX,Call Sign,Amateur Full Radio Licence,Available,N
M,0,NXY,M0NXY,Call Sign,Amateur Full Radio Licence,Available,N
M,0,NXZ,M0NXZ,Call Sign,Amateur Full Radio Licence,Available,N
M,0,NYA,M0NYA,Call Sign,Amateur Full Radio Licence,Available,N
M,0,NYB,M0NYB,Call Sign,Amateur Full Radio Licence,Available,N
M,0,NYD,M0NYD,Call Sign,Amateur Full Radio Licence,Available,N
M,0,NYF,M0NYF,Call Sign,Amateur Full Radio Licence,Available,N
M,0,NYG,M0NYG,Call Sign,Amateur Full Radio Licence,Available,N
M,0,NYH,M0NYH,Call Sign,Amateur Full Radio Licence,Available,N
M,0,NYI,M0NYI,Call Sign,Amateur Full Radio Licence,Available,N
M,0,NYJ,M0NYJ,Call Sign,Amateur Full Radio Licence,Available,N
M,0,NYK,M0NYK,Call Sign,Amateur Full Radio Licence,Available,N
M,0,NYL,M0NYL,Call Sign,Amateur Full Radio Licence,Available,N
M,0,NYM,M0NYM,Call Sign,Amateur Full Radio Licence,Available,N
M,0,NYN,M0NYN,Call Sign,Amateur Full Radio Licence,Available,N
M,0,NYO,M0NYO,Call Sign,Amateur Full Radio Licence,Available,N
M,0,NYQ,M0NYQ,Call Sign,Amateur Full Radio Licence,Available,N
M,0,NYR,M0NYR,Call Sign,Amateur Full Radio Licence,Available,N
M,0,NYS,M0NYS,Call Sign,Amateur Full Radio Licence,Available,N
M,0,NYT,M0NYT,Call Sign,Amateur Full Radio Licence,Available,N
M,0,NYU,M0NYU,Call Sign,Amateur Full Radio Licence,Available,N
M,0,NYV,M0NYV,Call Sign,Amateur Full Radio Licence,Available,N
M,0,NYY,M0NYY,Call Sign,Amateur Full Radio Licence,Available,N
M,0,NYZ,M0NYZ,Call Sign,Amateur Full Radio Licence,Available,N
M,0,NZB,M0NZB,Call Sign,Amateur Full Radio Licence,Available,N
M,0,NZC,M0NZC,Call Sign,Amateur Full Radio Licence,Available,N
M,0,NZD,M0NZD,Call Sign,Amateur Full Radio Licence,Available,N
M,0,NZE,M0NZE,Call Sign,Amateur Full Radio Licence,Available,N
M,0,NZF,M0NZF,Call Sign,Amateur Full Radio Licence,Available,N
M,0,NZG,M0NZG,Call Sign,Amateur Full Radio Licence,Available,N
M,0,NZJ,M0NZJ,Call Sign,Amateur Full Radio Licence,Available,N
M,0,NZK,M0NZK,Call Sign,Amateur Full Radio Licence,Available,N
M,0,NZM,M0NZM,Call Sign,Amateur Full Radio Licence,Available,N
M,0,NZN,M0NZN,Call Sign,Amateur Full Radio Licence,Available,N
M,0,NZO,M0NZO,Call Sign,Amateur Full Radio Licence,Available,N
M,0,NZP,M0NZP,Call Sign,Amateur Full Radio Licence,Available,N
M,0,NZQ,M0NZQ,Call Sign,Amateur Full Radio Licence,Available,N
M,0,NZS,M0NZS,Call Sign,Amateur Full Radio Licence,Available,N
M,0,NZT,M0NZT,Call Sign,Amateur Full Radio Licence,Available,N
M,0,NZU,M0NZU,Call Sign,Amateur Full Radio Licence,Available,N
M,0,NZV,M0NZV,Call Sign,Amateur Full Radio Licence,Available,N
M,0,NZW,M0NZW,Call Sign,Amateur Full Radio Licence,Available,N
M,0,NZX,M0NZX,Call Sign,Amateur Full Radio Licence,Available,N
M,0,NZY,M0NZY,Call Sign,Amateur Full Radio Licence,Available,N
M,0,NZZ,M0NZZ,Call Sign,Amateur Full Radio Licence,Available,N
M,0,OAD,M0OAD,Call Sign,Amateur Full Radio Licence,Available,N
M,0,OAE,M0OAE,Call Sign,Amateur Full Radio Licence,Available,N
M,0,OAF,M0OAF,Call Sign,Amateur Full Radio Licence,Available,N
M,0,OAG,M0OAG,Call Sign,Amateur Full Radio Licence,Available,N
M,0,OAI,M0OAI,Call Sign,Amateur Full Radio Licence,Available,N
M,0,OAJ,M0OAJ,Call Sign,Amateur Full Radio Licence,Available,N
M,0,OAN,M0OAN,Call Sign,Amateur Full Radio Licence,Available,N
M,0,OAO,M0OAO,Call Sign,Amateur Full Radio Licence,Available,N
M,0,OAQ,M0OAQ,Call Sign,Amateur Full Radio Licence,Available,N
M,0,OAS,M0OAS,Call Sign,Amateur Full Radio Licence,Available,N
M,0,OAU,M0OAU,Call Sign,Amateur Full Radio Licence,Available,N
M,0,OAW,M0OAW,Call Sign,Amateur Full Radio Licence,Available,N
M,0,OAX,M0OAX,Call Sign,Amateur Full Radio Licence,Available,N
M,0,OAY,M0OAY,Call Sign,Amateur Full Radio Licence,Available,N
M,0,OAZ,M0OAZ,Call Sign,Amateur Full Radio Licence,Available,N
M,0,OBA,M0OBA,Call Sign,Amateur Full Radio Licence,Available,N
M,0,OBB,M0OBB,Call Sign,Amateur Full Radio Licence,Available,N
M,0,OBD,M0OBD,Call Sign,Amateur Full Radio Licence,Available,N
M,0,OBF,M0OBF,Call Sign,Amateur Full Radio Licence,Available,N
M,0,OBG,M0OBG,Call Sign,Amateur Full Radio Licence,Available,N
M,0,OBH,M0OBH,Call Sign,Amateur Full Radio Licence,Available,N
M,0,OBJ,M0OBJ,Call Sign,Amateur Full Radio Licence,Available,N
M,0,OBK,M0OBK,Call Sign,Amateur Full Radio Licence,Available,N
M,0,OBM,M0OBM,Call Sign,Amateur Full Radio Licence,Available,N
M,0,OBN,M0OBN,Call Sign,Amateur Full Radio Licence,Available,N
M,0,OBO,M0OBO,Call Sign,Amateur Full Radio Licence,Available,N
M,0,OBP,M0OBP,Call Sign,Amateur Full Radio Licence,Available,N
M,0,OBQ,M0OBQ,Call Sign,Amateur Full Radio Licence,Available,N
M,0,OBT,M0OBT,Call Sign,Amateur Full Radio Licence,Available,N
M,0,OBV,M0OBV,Call Sign,Amateur Full Radio Licence,Available,N
M,0,OBX,M0OBX,Call Sign,Amateur Full Radio Licence,Available,N
M,0,OCA,M0OCA,Call Sign,Amateur Full Radio Licence,Available,N
M,0,OCB,M0OCB,Call Sign,Amateur Full Radio Licence,Available,N
M,0,OCE,M0OCE,Call Sign,Amateur Full Radio Licence,Available,N
M,0,OCF,M0OCF,Call Sign,Amateur Full Radio Licence,Available,N
M,0,OCI,M0OCI,Call Sign,Amateur Full Radio Licence,Available,N
M,0,OCJ,M0OCJ,Call Sign,Amateur Full Radio Licence,Available,N
M,0,OCL,M0OCL,Call Sign,Amateur Full Radio Licence,Available,N
M,0,OCO,M0OCO,Call Sign,Amateur Full Radio Licence,Available,N
M,0,OCP,M0OCP,Call Sign,Amateur Full Radio Licence,Available,N
M,0,OCQ,M0OCQ,Call Sign,Amateur Full Radio Licence,Available,N
M,0,OCR,M0OCR,Call Sign,Amateur Full Radio Licence,Available,N
M,0,OCS,M0OCS,Call Sign,Amateur Full Radio Licence,Available,N
M,0,OCU,M0OCU,Call Sign,Amateur Full Radio Licence,Available,N
M,0,OCV,M0OCV,Call Sign,Amateur Full Radio Licence,Available,N
M,0,OCW,M0OCW,Call Sign,Amateur Full Radio Licence,Available,N
M,0,OCX,M0OCX,Call Sign,Amateur Full Radio Licence,Available,N
M,0,OCY,M0OCY,Call Sign,Amateur Full Radio Licence,Available,N
M,0,OCZ,M0OCZ,Call Sign,Amateur Full Radio Licence,Available,N
M,0,ODA,M0ODA,Call Sign,Amateur Full Radio Licence,Available,N
M,0,ODB,M0ODB,Call Sign,Amateur Full Radio Licence,Available,N
M,0,ODF,M0ODF,Call Sign,Amateur Full Radio Licence,Available,N
M,0,ODG,M0ODG,Call Sign,Amateur Full Radio Licence,Available,N
M,0,ODH,M0ODH,Call Sign,Amateur Full Radio Licence,Available,N
M,0,ODJ,M0ODJ,Call Sign,Amateur Full Radio Licence,Available,N
M,0,ODK,M0ODK,Call Sign,Amateur Full Radio Licence,Available,N
M,0,ODM,M0ODM,Call Sign,Amateur Full Radio Licence,Available,N
M,0,ODN,M0ODN,Call Sign,Amateur Full Radio Licence,Available,N
M,0,ODO,M0ODO,Call Sign,Amateur Full Radio Licence,Available,N
M,0,ODP,M0ODP,Call Sign,Amateur Full Radio Licence,Available,N
M,0,ODQ,M0ODQ,Call Sign,Amateur Full Radio Licence,Available,N
M,0,ODR,M0ODR,Call Sign,Amateur Full Radio Licence,Available,N
M,0,ODT,M0ODT,Call Sign,Amateur Full Radio Licence,Available,N
M,0,ODU,M0ODU,Call Sign,Amateur Full Radio Licence,Available,N
M,0,ODW,M0ODW,Call Sign,Amateur Full Radio Licence,Available,N
M,0,ODZ,M0ODZ,Call Sign,Amateur Full Radio Licence,Available,N
M,0,OEA,M0OEA,Call Sign,Amateur Full Radio Licence,Available,N
M,0,OEB,M0OEB,Call Sign,Amateur Full Radio Licence,Available,N
M,0,OEC,M0OEC,Call Sign,Amateur Full Radio Licence,Available,N
M,0,OED,M0OED,Call Sign,Amateur Full Radio Licence,Available,N
M,0,OEE,M0OEE,Call Sign,Amateur Full Radio Licence,Available,N
M,0,OEF,M0OEF,Call Sign,Amateur Full Radio Licence,Available,N
M,0,OEG,M0OEG,Call Sign,Amateur Full Radio Licence,Available,N
M,0,OEH,M0OEH,Call Sign,Amateur Full Radio Licence,Available,N
M,0,OEI,M0OEI,Call Sign,Amateur Full Radio Licence,Available,N
M,0,OEJ,M0OEJ,Call Sign,Amateur Full Radio Licence,Available,N
M,0,OEK,M0OEK,Call Sign,Amateur Full Radio Licence,Available,N
M,0,OEL,M0OEL,Call Sign,Amateur Full Radio Licence,Available,N
M,0,OEM,M0OEM,Call Sign,Amateur Full Radio Licence,Available,N
M,0,OEN,M0OEN,Call Sign,Amateur Full Radio Licence,Available,N
M,0,OEO,M0OEO,Call Sign,Amateur Full Radio Licence,Available,N
M,0,OEP,M0OEP,Call Sign,Amateur Full Radio Licence,Available,N
M,0,OEQ,M0OEQ,Call Sign,Amateur Full Radio Licence,Available,N
M,0,OER,M0OER,Call Sign,Amateur Full Radio Licence,Available,N
M,0,OES,M0OES,Call Sign,Amateur Full Radio Licence,Available,N
M,0,OET,M0OET,Call Sign,Amateur Full Radio Licence,Available,N
M,0,OEU,M0OEU,Call Sign,Amateur Full Radio Licence,Available,N
M,0,OEV,M0OEV,Call Sign,Amateur Full Radio Licence,Available,N
M,0,OEW,M0OEW,Call Sign,Amateur Full Radio Licence,Available,N
M,0,OEX,M0OEX,Call Sign,Amateur Full Radio Licence,Available,N
M,0,OEZ,M0OEZ,Call Sign,Amateur Full Radio Licence,Available,N
M,0,OFB,M0OFB,Call Sign,Amateur Full Radio Licence,Available,N
M,0,OFD,M0OFD,Call Sign,Amateur Full Radio Licence,Available,N
M,0,OFE,M0OFE,Call Sign,Amateur Full Radio Licence,Available,N
M,0,OFF,M0OFF,Call Sign,Amateur Full Radio Licence,Available,N
M,0,OFG,M0OFG,Call Sign,Amateur Full Radio Licence,Available,N
M,0,OFH,M0OFH,Call Sign,Amateur Full Radio Licence,Available,N
M,0,OFJ,M0OFJ,Call Sign,Amateur Full Radio Licence,Available,N
M,0,OFK,M0OFK,Call Sign,Amateur Full Radio Licence,Available,N
M,0,OFM,M0OFM,Call Sign,Amateur Full Radio Licence,Available,N
M,0,OFN,M0OFN,Call Sign,Amateur Full Radio Licence,Available,N
M,0,OFO,M0OFO,Call Sign,Amateur Full Radio Licence,Available,N
M,0,OFQ,M0OFQ,Call Sign,Amateur Full Radio Licence,Available,N
M,0,OFS,M0OFS,Call Sign,Amateur Full Radio Licence,Available,N
M,0,OFT,M0OFT,Call Sign,Amateur Full Radio Licence,Available,N
M,0,OFU,M0OFU,Call Sign,Amateur Full Radio Licence,Available,N
M,0,OFV,M0OFV,Call Sign,Amateur Full Radio Licence,Available,N
M,0,OFW,M0OFW,Call Sign,Amateur Full Radio Licence,Available,N
M,0,OFX,M0OFX,Call Sign,Amateur Full Radio Licence,Available,N
M,0,OFY,M0OFY,Call Sign,Amateur Full Radio Licence,Available,N
M,0,OFZ,M0OFZ,Call Sign,Amateur Full Radio Licence,Available,N
M,0,OGA,M0OGA,Call Sign,Amateur Full Radio Licence,Available,N
M,0,OGB,M0OGB,Call Sign,Amateur Full Radio Licence,Available,N
M,0,OGD,M0OGD,Call Sign,Amateur Full Radio Licence,Available,N
M,0,OGE,M0OGE,Call Sign,Amateur Full Radio Licence,Available,N
M,0,OGF,M0OGF,Call Sign,Amateur Full Radio Licence,Available,N
M,0,OGI,M0OGI,Call Sign,Amateur Full Radio Licence,Available,N
M,0,OGJ,M0OGJ,Call Sign,Amateur Full Radio Licence,Available,N
M,0,OGK,M0OGK,Call Sign,Amateur Full Radio Licence,Available,N
M,0,OGL,M0OGL,Call Sign,Amateur Full Radio Licence,Available,N
M,0,OGM,M0OGM,Call Sign,Amateur Full Radio Licence,Available,N
M,0,OGN,M0OGN,Call Sign,Amateur Full Radio Licence,Available,N
M,0,OGO,M0OGO,Call Sign,Amateur Full Radio Licence,Available,N
M,0,OGP,M0OGP,Call Sign,Amateur Full Radio Licence,Available,N
M,0,OGQ,M0OGQ,Call Sign,Amateur Full Radio Licence,Available,N
M,0,OGR,M0OGR,Call Sign,Amateur Full Radio Licence,Available,N
M,0,OGT,M0OGT,Call Sign,Amateur Full Radio Licence,Available,N
M,0,OGU,M0OGU,Call Sign,Amateur Full Radio Licence,Available,N
M,0,OGV,M0OGV,Call Sign,Amateur Full Radio Licence,Available,N
M,0,OGW,M0OGW,Call Sign,Amateur Full Radio Licence,Available,N
M,0,OGZ,M0OGZ,Call Sign,Amateur Full Radio Licence,Available,N
M,0,OHA,M0OHA,Call Sign,Amateur Full Radio Licence,Available,N
M,0,OHB,M0OHB,Call Sign,Amateur Full Radio Licence,Available,N
M,0,OHC,M0OHC,Call Sign,Amateur Full Radio Licence,Available,N
M,0,OHD,M0OHD,Call Sign,Amateur Full Radio Licence,Available,N
M,0,OHE,M0OHE,Call Sign,Amateur Full Radio Licence,Available,N
M,0,OHG,M0OHG,Call Sign,Amateur Full Radio Licence,Available,N
M,0,OHH,M0OHH,Call Sign,Amateur Full Radio Licence,Available,N
M,0,OHJ,M0OHJ,Call Sign,Amateur Full Radio Licence,Available,N
M,0,OHK,M0OHK,Call Sign,Amateur Full Radio Licence,Available,N
M,0,OHL,M0OHL,Call Sign,Amateur Full Radio Licence,Available,N
M,0,OHN,M0OHN,Call Sign,Amateur Full Radio Licence,Available,N
M,0,OHO,M0OHO,Call Sign,Amateur Full Radio Licence,Available,N
M,0,OHP,M0OHP,Call Sign,Amateur Full Radio Licence,Available,N
M,0,OHQ,M0OHQ,Call Sign,Amateur Full Radio Licence,Available,N
M,0,OHR,M0OHR,Call Sign,Amateur Full Radio Licence,Available,N
M,0,OHS,M0OHS,Call Sign,Amateur Full Radio Licence,Available,N
M,0,OHT,M0OHT,Call Sign,Amateur Full Radio Licence,Available,N
M,0,OHU,M0OHU,Call Sign,Amateur Full Radio Licence,Available,N
M,0,OHV,M0OHV,Call Sign,Amateur Full Radio Licence,Available,N
M,0,OHW,M0OHW,Call Sign,Amateur Full Radio Licence,Available,N
M,0,OHX,M0OHX,Call Sign,Amateur Full Radio Licence,Available,N
M,0,OHY,M0OHY,Call Sign,Amateur Full Radio Licence,Available,N
M,0,OHZ,M0OHZ,Call Sign,Amateur Full Radio Licence,Available,N
M,0,OIA,M0OIA,Call Sign,Amateur Full Radio Licence,Available,N
M,0,OIB,M0OIB,Call Sign,Amateur Full Radio Licence,Available,N
M,0,OID,M0OID,Call Sign,Amateur Full Radio Licence,Available,N
M,0,OIE,M0OIE,Call Sign,Amateur Full Radio Licence,Available,N
M,0,OIF,M0OIF,Call Sign,Amateur Full Radio Licence,Available,N
M,0,OIG,M0OIG,Call Sign,Amateur Full Radio Licence,Available,N
M,0,OIH,M0OIH,Call Sign,Amateur Full Radio Licence,Available,N
M,0,OII,M0OII,Call Sign,Amateur Full Radio Licence,Available,N
M,0,OIJ,M0OIJ,Call Sign,Amateur Full Radio Licence,Available,N
M,0,OIN,M0OIN,Call Sign,Amateur Full Radio Licence,Available,N
M,0,OIO,M0OIO,Call Sign,Amateur Full Radio Licence,Available,N
M,0,OIP,M0OIP,Call Sign,Amateur Full Radio Licence,Available,N
M,0,OIQ,M0OIQ,Call Sign,Amateur Full Radio Licence,Available,N
M,0,OIR,M0OIR,Call Sign,Amateur Full Radio Licence,Available,N
M,0,OIS,M0OIS,Call Sign,Amateur Full Radio Licence,Available,N
M,0,OIT,M0OIT,Call Sign,Amateur Full Radio Licence,Available,N
M,0,OIU,M0OIU,Call Sign,Amateur Full Radio Licence,Available,N
M,0,OIV,M0OIV,Call Sign,Amateur Full Radio Licence,Available,N
M,0,OIW,M0OIW,Call Sign,Amateur Full Radio Licence,Available,N
M,0,OIX,M0OIX,Call Sign,Amateur Full Radio Licence,Available,N
M,0,OIY,M0OIY,Call Sign,Amateur Full Radio Licence,Available,N
M,0,OIZ,M0OIZ,Call Sign,Amateur Full Radio Licence,Available,N
M,0,OJA,M0OJA,Call Sign,Amateur Full Radio Licence,Available,N
M,0,OJB,M0OJB,Call Sign,Amateur Full Radio Licence,Available,N
M,0,OJD,M0OJD,Call Sign,Amateur Full Radio Licence,Available,N
M,0,OJE,M0OJE,Call Sign,Amateur Full Radio Licence,Available,N
M,0,OJF,M0OJF,Call Sign,Amateur Full Radio Licence,Available,N
M,0,OJH,M0OJH,Call Sign,Amateur Full Radio Licence,Available,N
M,0,OJI,M0OJI,Call Sign,Amateur Full Radio Licence,Available,N
M,0,OJJ,M0OJJ,Call Sign,Amateur Full Radio Licence,Available,N
M,0,OJK,M0OJK,Call Sign,Amateur Full Radio Licence,Available,N
M,0,OJL,M0OJL,Call Sign,Amateur Full Radio Licence,Available,N
M,0,OJM,M0OJM,Call Sign,Amateur Full Radio Licence,Available,N
M,0,OJN,M0OJN,Call Sign,Amateur Full Radio Licence,Available,N
M,0,OJP,M0OJP,Call Sign,Amateur Full Radio Licence,Available,N
M,0,OJQ,M0OJQ,Call Sign,Amateur Full Radio Licence,Available,N
M,0,OJR,M0OJR,Call Sign,Amateur Full Radio Licence,Available,N
M,0,OJS,M0OJS,Call Sign,Amateur Full Radio Licence,Available,N
M,0,OJT,M0OJT,Call Sign,Amateur Full Radio Licence,Available,N
M,0,OJU,M0OJU,Call Sign,Amateur Full Radio Licence,Available,N
M,0,OJV,M0OJV,Call Sign,Amateur Full Radio Licence,Available,N
M,0,OJW,M0OJW,Call Sign,Amateur Full Radio Licence,Available,N
M,0,OJY,M0OJY,Call Sign,Amateur Full Radio Licence,Available,N
M,0,OJZ,M0OJZ,Call Sign,Amateur Full Radio Licence,Available,N
M,0,OKA,M0OKA,Call Sign,Amateur Full Radio Licence,Available,N
M,0,OKC,M0OKC,Call Sign,Amateur Full Radio Licence,Available,N
M,0,OKD,M0OKD,Call Sign,Amateur Full Radio Licence,Available,N
M,0,OKF,M0OKF,Call Sign,Amateur Full Radio Licence,Available,N
M,0,OKH,M0OKH,Call Sign,Amateur Full Radio Licence,Available,N
M,0,OKI,M0OKI,Call Sign,Amateur Full Radio Licence,Available,N
M,0,OKJ,M0OKJ,Call Sign,Amateur Full Radio Licence,Available,N
M,0,OKL,M0OKL,Call Sign,Amateur Full Radio Licence,Available,N
M,0,OKM,M0OKM,Call Sign,Amateur Full Radio Licence,Available,N
M,0,OKN,M0OKN,Call Sign,Amateur Full Radio Licence,Available,N
M,0,OKO,M0OKO,Call Sign,Amateur Full Radio Licence,Available,N
M,0,OKP,M0OKP,Call Sign,Amateur Full Radio Licence,Available,N
M,0,OKQ,M0OKQ,Call Sign,Amateur Full Radio Licence,Available,N
M,0,OKR,M0OKR,Call Sign,Amateur Full Radio Licence,Available,N
M,0,OKU,M0OKU,Call Sign,Amateur Full Radio Licence,Available,N
M,0,OKV,M0OKV,Call Sign,Amateur Full Radio Licence,Available,N
M,0,OKW,M0OKW,Call Sign,Amateur Full Radio Licence,Available,N
M,0,OKX,M0OKX,Call Sign,Amateur Full Radio Licence,Available,N
M,0,OKY,M0OKY,Call Sign,Amateur Full Radio Licence,Available,N
M,0,OKZ,M0OKZ,Call Sign,Amateur Full Radio Licence,Available,N
M,0,OLB,M0OLB,Call Sign,Amateur Full Radio Licence,Available,N
M,0,OLC,M0OLC,Call Sign,Amateur Full Radio Licence,Available,N
M,0,OLH,M0OLH,Call Sign,Amateur Full Radio Licence,Available,N
M,0,OLJ,M0OLJ,Call Sign,Amateur Full Radio Licence,Available,N
M,0,OLK,M0OLK,Call Sign,Amateur Full Radio Licence,Available,N
M,0,OLL,M0OLL,Call Sign,Amateur Full Radio Licence,Available,N
M,0,OLM,M0OLM,Call Sign,Amateur Full Radio Licence,Available,N
M,0,OLN,M0OLN,Call Sign,Amateur Full Radio Licence,Available,N
M,0,OLP,M0OLP,Call Sign,Amateur Full Radio Licence,Available,N
M,0,OLQ,M0OLQ,Call Sign,Amateur Full Radio Licence,Available,N
M,0,OLR,M0OLR,Call Sign,Amateur Full Radio Licence,Available,N
M,0,OLS,M0OLS,Call Sign,Amateur Full Radio Licence,Available,N
M,0,OLT,M0OLT,Call Sign,Amateur Full Radio Licence,Available,N
M,0,OLU,M0OLU,Call Sign,Amateur Full Radio Licence,Available,N
M,0,OLV,M0OLV,Call Sign,Amateur Full Radio Licence,Available,N
M,0,OLW,M0OLW,Call Sign,Amateur Full Radio Licence,Available,N
M,0,OLX,M0OLX,Call Sign,Amateur Full Radio Licence,Available,N
M,0,OLZ,M0OLZ,Call Sign,Amateur Full Radio Licence,Available,N
M,0,OME,M0OME,Call Sign,Amateur Full Radio Licence,Available,N
M,0,OMF,M0OMF,Call Sign,Amateur Full Radio Licence,Available,N
M,0,OMH,M0OMH,Call Sign,Amateur Full Radio Licence,Available,N
M,0,OMJ,M0OMJ,Call Sign,Amateur Full Radio Licence,Available,N
M,0,OMK,M0OMK,Call Sign,Amateur Full Radio Licence,Available,N
M,0,OMM,M0OMM,Call Sign,Amateur Full Radio Licence,Available,N
M,0,OMN,M0OMN,Call Sign,Amateur Full Radio Licence,Available,N
M,0,OMO,M0OMO,Call Sign,Amateur Full Radio Licence,Available,N
M,0,OMP,M0OMP,Call Sign,Amateur Full Radio Licence,Available,N
M,0,OMQ,M0OMQ,Call Sign,Amateur Full Radio Licence,Available,N
M,0,OMR,M0OMR,Call Sign,Amateur Full Radio Licence,Available,N
M,0,OMU,M0OMU,Call Sign,Amateur Full Radio Licence,Available,N
M,0,OMW,M0OMW,Call Sign,Amateur Full Radio Licence,Available,N
M,0,OMX,M0OMX,Call Sign,Amateur Full Radio Licence,Available,N
M,0,OMY,M0OMY,Call Sign,Amateur Full Radio Licence,Available,N
M,0,OMZ,M0OMZ,Call Sign,Amateur Full Radio Licence,Available,N
M,0,ONB,M0ONB,Call Sign,Amateur Full Radio Licence,Available,N
M,0,ONC,M0ONC,Call Sign,Amateur Full Radio Licence,Available,N
M,0,ONF,M0ONF,Call Sign,Amateur Full Radio Licence,Available,N
M,0,ONG,M0ONG,Call Sign,Amateur Full Radio Licence,Available,N
M,0,ONH,M0ONH,Call Sign,Amateur Full Radio Licence,Available,N
M,0,ONJ,M0ONJ,Call Sign,Amateur Full Radio Licence,Available,N
M,0,ONK,M0ONK,Call Sign,Amateur Full Radio Licence,Available,N
M,0,ONL,M0ONL,Call Sign,Amateur Full Radio Licence,Available,N
M,0,ONM,M0ONM,Call Sign,Amateur Full Radio Licence,Available,N
M,0,ONN,M0ONN,Call Sign,Amateur Full Radio Licence,Available,N
M,0,ONO,M0ONO,Call Sign,Amateur Full Radio Licence,Available,N
M,0,ONP,M0ONP,Call Sign,Amateur Full Radio Licence,Available,N
M,0,ONR,M0ONR,Call Sign,Amateur Full Radio Licence,Available,N
M,0,ONT,M0ONT,Call Sign,Amateur Full Radio Licence,Available,N
M,0,ONU,M0ONU,Call Sign,Amateur Full Radio Licence,Available,N
M,0,ONV,M0ONV,Call Sign,Amateur Full Radio Licence,Available,N
M,0,ONW,M0ONW,Call Sign,Amateur Full Radio Licence,Available,N
M,0,ONX,M0ONX,Call Sign,Amateur Full Radio Licence,Available,N
M,0,OOA,M0OOA,Call Sign,Amateur Full Radio Licence,Available,N
M,0,OOC,M0OOC,Call Sign,Amateur Full Radio Licence,Available,N
M,0,OOE,M0OOE,Call Sign,Amateur Full Radio Licence,Available,N
M,0,OOF,M0OOF,Call Sign,Amateur Full Radio Licence,Available,N
M,0,OOH,M0OOH,Call Sign,Amateur Full Radio Licence,Available,N
M,0,OOI,M0OOI,Call Sign,Amateur Full Radio Licence,Available,N
M,0,OOJ,M0OOJ,Call Sign,Amateur Full Radio Licence,Available,N
M,0,OOK,M0OOK,Call Sign,Amateur Full Radio Licence,Available,N
M,0,OOL,M0OOL,Call Sign,Amateur Full Radio Licence,Available,N
M,0,OOP,M0OOP,Call Sign,Amateur Full Radio Licence,Available,N
M,0,OOQ,M0OOQ,Call Sign,Amateur Full Radio Licence,Available,N
M,0,OOR,M0OOR,Call Sign,Amateur Full Radio Licence,Available,N
M,0,OOS,M0OOS,Call Sign,Amateur Full Radio Licence,Available,N
M,0,OOU,M0OOU,Call Sign,Amateur Full Radio Licence,Available,N
M,0,OOV,M0OOV,Call Sign,Amateur Full Radio Licence,Available,N
M,0,OOW,M0OOW,Call Sign,Amateur Full Radio Licence,Available,N
M,0,OOX,M0OOX,Call Sign,Amateur Full Radio Licence,Available,N
M,0,OOY,M0OOY,Call Sign,Amateur Full Radio Licence,Available,N
M,0,OOZ,M0OOZ,Call Sign,Amateur Full Radio Licence,Available,N
M,0,OPA,M0OPA,Call Sign,Amateur Full Radio Licence,Available,N
M,0,OPB,M0OPB,Call Sign,Amateur Full Radio Licence,Available,N
M,0,OPC,M0OPC,Call Sign,Amateur Full Radio Licence,Available,N
M,0,OPD,M0OPD,Call Sign,Amateur Full Radio Licence,Available,N
M,0,OPE,M0OPE,Call Sign,Amateur Full Radio Licence,Available,N
M,0,OPF,M0OPF,Call Sign,Amateur Full Radio Licence,Available,N
M,0,OPH,M0OPH,Call Sign,Amateur Full Radio Licence,Available,N
M,0,OPI,M0OPI,Call Sign,Amateur Full Radio Licence,Available,N
M,0,OPJ,M0OPJ,Call Sign,Amateur Full Radio Licence,Available,N
M,0,OPL,M0OPL,Call Sign,Amateur Full Radio Licence,Available,N
M,0,OPN,M0OPN,Call Sign,Amateur Full Radio Licence,Available,N
M,0,OPO,M0OPO,Call Sign,Amateur Full Radio Licence,Available,N
M,0,OPP,M0OPP,Call Sign,Amateur Full Radio Licence,Available,N
M,0,OPQ,M0OPQ,Call Sign,Amateur Full Radio Licence,Available,N
M,0,OPT,M0OPT,Call Sign,Amateur Full Radio Licence,Available,N
M,0,OPU,M0OPU,Call Sign,Amateur Full Radio Licence,Available,N
M,0,OPZ,M0OPZ,Call Sign,Amateur Full Radio Licence,Available,N
M,0,OQA,M0OQA,Call Sign,Amateur Full Radio Licence,Available,N
M,0,OQB,M0OQB,Call Sign,Amateur Full Radio Licence,Available,N
M,0,OQC,M0OQC,Call Sign,Amateur Full Radio Licence,Available,N
M,0,OQD,M0OQD,Call Sign,Amateur Full Radio Licence,Available,N
M,0,OQE,M0OQE,Call Sign,Amateur Full Radio Licence,Available,N
M,0,OQF,M0OQF,Call Sign,Amateur Full Radio Licence,Available,N
M,0,OQG,M0OQG,Call Sign,Amateur Full Radio Licence,Available,N
M,0,OQH,M0OQH,Call Sign,Amateur Full Radio Licence,Available,N
M,0,OQI,M0OQI,Call Sign,Amateur Full Radio Licence,Available,N
M,0,OQJ,M0OQJ,Call Sign,Amateur Full Radio Licence,Available,N
M,0,OQK,M0OQK,Call Sign,Amateur Full Radio Licence,Available,N
M,0,OQL,M0OQL,Call Sign,Amateur Full Radio Licence,Available,N
M,0,OQM,M0OQM,Call Sign,Amateur Full Radio Licence,Available,N
M,0,OQN,M0OQN,Call Sign,Amateur Full Radio Licence,Available,N
M,0,OQO,M0OQO,Call Sign,Amateur Full Radio Licence,Available,N
M,0,OQP,M0OQP,Call Sign,Amateur Full Radio Licence,Available,N
M,0,OQQ,M0OQQ,Call Sign,Amateur Full Radio Licence,Available,N
M,0,OQR,M0OQR,Call Sign,Amateur Full Radio Licence,Available,N
M,0,OQS,M0OQS,Call Sign,Amateur Full Radio Licence,Available,N
M,0,OQT,M0OQT,Call Sign,Amateur Full Radio Licence,Available,N
M,0,OQU,M0OQU,Call Sign,Amateur Full Radio Licence,Available,N
M,0,OQV,M0OQV,Call Sign,Amateur Full Radio Licence,Available,N
M,0,OQW,M0OQW,Call Sign,Amateur Full Radio Licence,Available,N
M,0,OQX,M0OQX,Call Sign,Amateur Full Radio Licence,Available,N
M,0,OQY,M0OQY,Call Sign,Amateur Full Radio Licence,Available,N
M,0,OQZ,M0OQZ,Call Sign,Amateur Full Radio Licence,Available,N
M,0,ORA,M0ORA,Call Sign,Amateur Full Radio Licence,Available,N
M,0,ORB,M0ORB,Call Sign,Amateur Full Radio Licence,Available,N
M,0,ORD,M0ORD,Call Sign,Amateur Full Radio Licence,Available,N
M,0,ORG,M0ORG,Call Sign,Amateur Full Radio Licence,Available,N
M,0,ORH,M0ORH,Call Sign,Amateur Full Radio Licence,Available,N
M,0,ORI,M0ORI,Call Sign,Amateur Full Radio Licence,Available,N
M,0,ORJ,M0ORJ,Call Sign,Amateur Full Radio Licence,Available,N
M,0,ORL,M0ORL,Call Sign,Amateur Full Radio Licence,Available,N
M,0,ORM,M0ORM,Call Sign,Amateur Full Radio Licence,Available,N
M,0,ORP,M0ORP,Call Sign,Amateur Full Radio Licence,Available,N
M,0,ORQ,M0ORQ,Call Sign,Amateur Full Radio Licence,Available,N
M,0,ORT,M0ORT,Call Sign,Amateur Full Radio Licence,Available,N
M,0,ORU,M0ORU,Call Sign,Amateur Full Radio Licence,Available,N
M,0,ORV,M0ORV,Call Sign,Amateur Full Radio Licence,Available,N
M,0,ORW,M0ORW,Call Sign,Amateur Full Radio Licence,Available,N
M,0,ORX,M0ORX,Call Sign,Amateur Full Radio Licence,Available,N
M,0,ORY,M0ORY,Call Sign,Amateur Full Radio Licence,Available,N
M,0,ORZ,M0ORZ,Call Sign,Amateur Full Radio Licence,Available,N
M,0,OSD,M0OSD,Call Sign,Amateur Full Radio Licence,Available,N
M,0,OSF,M0OSF,Call Sign,Amateur Full Radio Licence,Available,N
M,0,OSG,M0OSG,Call Sign,Amateur Full Radio Licence,Available,N
M,0,OSI,M0OSI,Call Sign,Amateur Full Radio Licence,Available,N
M,0,OSJ,M0OSJ,Call Sign,Amateur Full Radio Licence,Available,N
M,0,OSL,M0OSL,Call Sign,Amateur Full Radio Licence,Available,N
M,0,OSN,M0OSN,Call Sign,Amateur Full Radio Licence,Available,N
M,0,OSO,M0OSO,Call Sign,Amateur Full Radio Licence,Available,N
M,0,OSP,M0OSP,Call Sign,Amateur Full Radio Licence,Available,N
M,0,OSQ,M0OSQ,Call Sign,Amateur Full Radio Licence,Available,N
M,0,OSR,M0OSR,Call Sign,Amateur Full Radio Licence,Available,N
M,0,OSS,M0OSS,Call Sign,Amateur Full Radio Licence,Available,N
M,0,OSU,M0OSU,Call Sign,Amateur Full Radio Licence,Available,N
M,0,OSV,M0OSV,Call Sign,Amateur Full Radio Licence,Available,N
M,0,OSW,M0OSW,Call Sign,Amateur Full Radio Licence,Available,N
M,0,OSY,M0OSY,Call Sign,Amateur Full Radio Licence,Available,N
M,0,OTB,M0OTB,Call Sign,Amateur Full Radio Licence,Available,N
M,0,OTC,M0OTC,Call Sign,Amateur Full Radio Licence,Available,N
M,0,OTD,M0OTD,Call Sign,Amateur Full Radio Licence,Available,N
M,0,OTI,M0OTI,Call Sign,Amateur Full Radio Licence,Available,N
M,0,OTJ,M0OTJ,Call Sign,Amateur Full Radio Licence,Available,N
M,0,OTK,M0OTK,Call Sign,Amateur Full Radio Licence,Available,N
M,0,OTN,M0OTN,Call Sign,Amateur Full Radio Licence,Available,N
M,0,OTO,M0OTO,Call Sign,Amateur Full Radio Licence,Available,N
M,0,OTP,M0OTP,Call Sign,Amateur Full Radio Licence,Available,N
M,0,OTQ,M0OTQ,Call Sign,Amateur Full Radio Licence,Available,N
M,0,OTR,M0OTR,Call Sign,Amateur Full Radio Licence,Available,N
M,0,OTU,M0OTU,Call Sign,Amateur Full Radio Licence,Available,N
M,0,OTV,M0OTV,Call Sign,Amateur Full Radio Licence,Available,N
M,0,OTW,M0OTW,Call Sign,Amateur Full Radio Licence,Available,N
M,0,OTX,M0OTX,Call Sign,Amateur Full Radio Licence,Available,N
M,0,OTY,M0OTY,Call Sign,Amateur Full Radio Licence,Available,N
M,0,OTZ,M0OTZ,Call Sign,Amateur Full Radio Licence,Available,N
M,0,OUA,M0OUA,Call Sign,Amateur Full Radio Licence,Available,N
M,0,OUB,M0OUB,Call Sign,Amateur Full Radio Licence,Available,N
M,0,OUD,M0OUD,Call Sign,Amateur Full Radio Licence,Available,N
M,0,OUE,M0OUE,Call Sign,Amateur Full Radio Licence,Available,N
M,0,OUF,M0OUF,Call Sign,Amateur Full Radio Licence,Available,N
M,0,OUG,M0OUG,Call Sign,Amateur Full Radio Licence,Available,N
M,0,OUH,M0OUH,Call Sign,Amateur Full Radio Licence,Available,N
M,0,OUI,M0OUI,Call Sign,Amateur Full Radio Licence,Available,N
M,0,OUJ,M0OUJ,Call Sign,Amateur Full Radio Licence,Available,N
M,0,OUK,M0OUK,Call Sign,Amateur Full Radio Licence,Available,N
M,0,OUL,M0OUL,Call Sign,Amateur Full Radio Licence,Available,N
M,0,OUM,M0OUM,Call Sign,Amateur Full Radio Licence,Available,N
M,0,OUN,M0OUN,Call Sign,Amateur Full Radio Licence,Available,N
M,0,OUO,M0OUO,Call Sign,Amateur Full Radio Licence,Available,N
M,0,OUP,M0OUP,Call Sign,Amateur Full Radio Licence,Available,N
M,0,OUQ,M0OUQ,Call Sign,Amateur Full Radio Licence,Available,N
M,0,OUR,M0OUR,Call Sign,Amateur Full Radio Licence,Available,N
M,0,OUS,M0OUS,Call Sign,Amateur Full Radio Licence,Available,N
M,0,OUT,M0OUT,Call Sign,Amateur Full Radio Licence,Available,N
M,0,OUU,M0OUU,Call Sign,Amateur Full Radio Licence,Available,N
M,0,OUV,M0OUV,Call Sign,Amateur Full Radio Licence,Available,N
M,0,OUW,M0OUW,Call Sign,Amateur Full Radio Licence,Available,N
M,0,OUX,M0OUX,Call Sign,Amateur Full Radio Licence,Available,N
M,0,OUY,M0OUY,Call Sign,Amateur Full Radio Licence,Available,N
M,0,OVA,M0OVA,Call Sign,Amateur Full Radio Licence,Available,N
M,0,OVC,M0OVC,Call Sign,Amateur Full Radio Licence,Available,N
M,0,OVD,M0OVD,Call Sign,Amateur Full Radio Licence,Available,N
M,0,OVE,M0OVE,Call Sign,Amateur Full Radio Licence,Available,N
M,0,OVF,M0OVF,Call Sign,Amateur Full Radio Licence,Available,N
M,0,OVG,M0OVG,Call Sign,Amateur Full Radio Licence,Available,N
M,0,OVH,M0OVH,Call Sign,Amateur Full Radio Licence,Available,N
M,0,OVJ,M0OVJ,Call Sign,Amateur Full Radio Licence,Available,N
M,0,OVM,M0OVM,Call Sign,Amateur Full Radio Licence,Available,N
M,0,OVN,M0OVN,Call Sign,Amateur Full Radio Licence,Available,N
M,0,OVO,M0OVO,Call Sign,Amateur Full Radio Licence,Available,N
M,0,OVP,M0OVP,Call Sign,Amateur Full Radio Licence,Available,N
M,0,OVQ,M0OVQ,Call Sign,Amateur Full Radio Licence,Available,N
M,0,OVR,M0OVR,Call Sign,Amateur Full Radio Licence,Available,N
M,0,OVS,M0OVS,Call Sign,Amateur Full Radio Licence,Available,N
M,0,OVT,M0OVT,Call Sign,Amateur Full Radio Licence,Available,N
M,0,OVU,M0OVU,Call Sign,Amateur Full Radio Licence,Available,N
M,0,OVW,M0OVW,Call Sign,Amateur Full Radio Licence,Available,N
M,0,OVX,M0OVX,Call Sign,Amateur Full Radio Licence,Available,N
M,0,OVY,M0OVY,Call Sign,Amateur Full Radio Licence,Available,N
M,0,OVZ,M0OVZ,Call Sign,Amateur Full Radio Licence,Available,N
M,0,OWA,M0OWA,Call Sign,Amateur Full Radio Licence,Available,N
M,0,OWB,M0OWB,Call Sign,Amateur Full Radio Licence,Available,N
M,0,OWC,M0OWC,Call Sign,Amateur Full Radio Licence,Available,N
M,0,OWD,M0OWD,Call Sign,Amateur Full Radio Licence,Available,N
M,0,OWE,M0OWE,Call Sign,Amateur Full Radio Licence,Available,N
M,0,OWF,M0OWF,Call Sign,Amateur Full Radio Licence,Available,N
M,0,OWG,M0OWG,Call Sign,Amateur Full Radio Licence,Available,N
M,0,OWH,M0OWH,Call Sign,Amateur Full Radio Licence,Available,N
M,0,OWI,M0OWI,Call Sign,Amateur Full Radio Licence,Available,N
M,0,OWJ,M0OWJ,Call Sign,Amateur Full Radio Licence,Available,N
M,0,OWK,M0OWK,Call Sign,Amateur Full Radio Licence,Available,N
M,0,OWM,M0OWM,Call Sign,Amateur Full Radio Licence,Available,N
M,0,OWN,M0OWN,Call Sign,Amateur Full Radio Licence,Available,N
M,0,OWP,M0OWP,Call Sign,Amateur Full Radio Licence,Available,N
M,0,OWQ,M0OWQ,Call Sign,Amateur Full Radio Licence,Available,N
M,0,OWR,M0OWR,Call Sign,Amateur Full Radio Licence,Available,N
M,0,OWS,M0OWS,Call Sign,Amateur Full Radio Licence,Available,N
M,0,OWT,M0OWT,Call Sign,Amateur Full Radio Licence,Available,N
M,0,OWU,M0OWU,Call Sign,Amateur Full Radio Licence,Available,N
M,0,OWV,M0OWV,Call Sign,Amateur Full Radio Licence,Available,N
M,0,OWX,M0OWX,Call Sign,Amateur Full Radio Licence,Available,N
M,0,OWY,M0OWY,Call Sign,Amateur Full Radio Licence,Available,N
M,0,OWZ,M0OWZ,Call Sign,Amateur Full Radio Licence,Available,N
M,0,OXA,M0OXA,Call Sign,Amateur Full Radio Licence,Available,N
M,0,OXB,M0OXB,Call Sign,Amateur Full Radio Licence,Available,N
M,0,OXC,M0OXC,Call Sign,Amateur Full Radio Licence,Available,N
M,0,OXF,M0OXF,Call Sign,Amateur Full Radio Licence,Available,N
M,0,OXG,M0OXG,Call Sign,Amateur Full Radio Licence,Available,N
M,0,OXH,M0OXH,Call Sign,Amateur Full Radio Licence,Available,N
M,0,OXI,M0OXI,Call Sign,Amateur Full Radio Licence,Available,N
M,0,OXJ,M0OXJ,Call Sign,Amateur Full Radio Licence,Available,N
M,0,OXK,M0OXK,Call Sign,Amateur Full Radio Licence,Available,N
M,0,OXL,M0OXL,Call Sign,Amateur Full Radio Licence,Available,N
M,0,OXM,M0OXM,Call Sign,Amateur Full Radio Licence,Available,N
M,0,OXN,M0OXN,Call Sign,Amateur Full Radio Licence,Available,N
M,0,OXP,M0OXP,Call Sign,Amateur Full Radio Licence,Available,N
M,0,OXQ,M0OXQ,Call Sign,Amateur Full Radio Licence,Available,N
M,0,OXS,M0OXS,Call Sign,Amateur Full Radio Licence,Available,N
M,0,OXT,M0OXT,Call Sign,Amateur Full Radio Licence,Available,N
M,0,OXU,M0OXU,Call Sign,Amateur Full Radio Licence,Available,N
M,0,OXV,M0OXV,Call Sign,Amateur Full Radio Licence,Available,N
M,0,OXW,M0OXW,Call Sign,Amateur Full Radio Licence,Available,N
M,0,OYA,M0OYA,Call Sign,Amateur Full Radio Licence,Available,N
M,0,OYB,M0OYB,Call Sign,Amateur Full Radio Licence,Available,N
M,0,OYC,M0OYC,Call Sign,Amateur Full Radio Licence,Available,N
M,0,OYD,M0OYD,Call Sign,Amateur Full Radio Licence,Available,N
M,0,OYE,M0OYE,Call Sign,Amateur Full Radio Licence,Available,N
M,0,OYF,M0OYF,Call Sign,Amateur Full Radio Licence,Available,N
M,0,OYH,M0OYH,Call Sign,Amateur Full Radio Licence,Available,N
M,0,OYI,M0OYI,Call Sign,Amateur Full Radio Licence,Available,N
M,0,OYJ,M0OYJ,Call Sign,Amateur Full Radio Licence,Available,N
M,0,OYK,M0OYK,Call Sign,Amateur Full Radio Licence,Available,N
M,0,OYL,M0OYL,Call Sign,Amateur Full Radio Licence,Available,N
M,0,OYM,M0OYM,Call Sign,Amateur Full Radio Licence,Available,N
M,0,OYN,M0OYN,Call Sign,Amateur Full Radio Licence,Available,N
M,0,OYO,M0OYO,Call Sign,Amateur Full Radio Licence,Available,N
M,0,OYP,M0OYP,Call Sign,Amateur Full Radio Licence,Available,N
M,0,OYR,M0OYR,Call Sign,Amateur Full Radio Licence,Available,N
M,0,OYS,M0OYS,Call Sign,Amateur Full Radio Licence,Available,N
M,0,OYT,M0OYT,Call Sign,Amateur Full Radio Licence,Available,N
M,0,OYU,M0OYU,Call Sign,Amateur Full Radio Licence,Available,N
M,0,OYV,M0OYV,Call Sign,Amateur Full Radio Licence,Available,N
M,0,OYW,M0OYW,Call Sign,Amateur Full Radio Licence,Available,N
M,0,OYX,M0OYX,Call Sign,Amateur Full Radio Licence,Available,N
M,0,OYY,M0OYY,Call Sign,Amateur Full Radio Licence,Available,N
M,0,OZA,M0OZA,Call Sign,Amateur Full Radio Licence,Available,N
M,0,OZB,M0OZB,Call Sign,Amateur Full Radio Licence,Available,N
M,0,OZC,M0OZC,Call Sign,Amateur Full Radio Licence,Available,N
M,0,OZE,M0OZE,Call Sign,Amateur Full Radio Licence,Available,N
M,0,OZF,M0OZF,Call Sign,Amateur Full Radio Licence,Available,N
M,0,OZG,M0OZG,Call Sign,Amateur Full Radio Licence,Available,N
M,0,OZK,M0OZK,Call Sign,Amateur Full Radio Licence,Available,N
M,0,OZL,M0OZL,Call Sign,Amateur Full Radio Licence,Available,N
M,0,OZM,M0OZM,Call Sign,Amateur Full Radio Licence,Available,N
M,0,OZN,M0OZN,Call Sign,Amateur Full Radio Licence,Available,N
M,0,OZO,M0OZO,Call Sign,Amateur Full Radio Licence,Available,N
M,0,OZP,M0OZP,Call Sign,Amateur Full Radio Licence,Available,N
M,0,OZQ,M0OZQ,Call Sign,Amateur Full Radio Licence,Available,N
M,0,OZR,M0OZR,Call Sign,Amateur Full Radio Licence,Available,N
M,0,OZS,M0OZS,Call Sign,Amateur Full Radio Licence,Available,N
M,0,OZT,M0OZT,Call Sign,Amateur Full Radio Licence,Available,N
M,0,OZU,M0OZU,Call Sign,Amateur Full Radio Licence,Available,N
M,0,OZV,M0OZV,Call Sign,Amateur Full Radio Licence,Available,N
M,0,OZW,M0OZW,Call Sign,Amateur Full Radio Licence,Available,N
M,0,OZX,M0OZX,Call Sign,Amateur Full Radio Licence,Available,N
M,0,PBD,M0PBD,Call Sign,Amateur Full Radio Licence,Available,N
M,0,PBE,M0PBE,Call Sign,Amateur Full Radio Licence,Available,N
M,0,PBF,M0PBF,Call Sign,Amateur Full Radio Licence,Available,N
M,0,PBG,M0PBG,Call Sign,Amateur Full Radio Licence,Available,N
M,0,PBH,M0PBH,Call Sign,Amateur Full Radio Licence,Available,N
M,0,PBI,M0PBI,Call Sign,Amateur Full Radio Licence,Available,N
M,0,PBJ,M0PBJ,Call Sign,Amateur Full Radio Licence,Available,N
M,0,PBP,M0PBP,Call Sign,Amateur Full Radio Licence,Available,N
M,0,PBU,M0PBU,Call Sign,Amateur Full Radio Licence,Available,N
M,0,PBV,M0PBV,Call Sign,Amateur Full Radio Licence,Available,N
M,0,PBW,M0PBW,Call Sign,Amateur Full Radio Licence,Available,N
M,0,PBY,M0PBY,Call Sign,Amateur Full Radio Licence,Available,N
M,0,PCD,M0PCD,Call Sign,Amateur Full Radio Licence,Available,N
M,0,PCL,M0PCL,Call Sign,Amateur Full Radio Licence,Available,N
M,0,PCN,M0PCN,Call Sign,Amateur Full Radio Licence,Available,N
M,0,PCO,M0PCO,Call Sign,Amateur Full Radio Licence,Available,N
M,0,PCP,M0PCP,Call Sign,Amateur Full Radio Licence,Available,N
M,0,PCQ,M0PCQ,Call Sign,Amateur Full Radio Licence,Available,N
M,0,PCU,M0PCU,Call Sign,Amateur Full Radio Licence,Available,N
M,0,PCV,M0PCV,Call Sign,Amateur Full Radio Licence,Available,N
M,0,PCW,M0PCW,Call Sign,Amateur Full Radio Licence,Available,N
M,0,PCX,M0PCX,Call Sign,Amateur Full Radio Licence,Available,N
M,0,PCY,M0PCY,Call Sign,Amateur Full Radio Licence,Available,N
M,0,PDI,M0PDI,Call Sign,Amateur Full Radio Licence,Available,N
M,0,PDK,M0PDK,Call Sign,Amateur Full Radio Licence,Available,N
M,0,PDN,M0PDN,Call Sign,Amateur Full Radio Licence,Available,N
M,0,PDO,M0PDO,Call Sign,Amateur Full Radio Licence,Available,N
M,0,PDS,M0PDS,Call Sign,Amateur Full Radio Licence,Available,N
M,0,PDZ,M0PDZ,Call Sign,Amateur Full Radio Licence,Available,N
M,0,PEE,M0PEE,Call Sign,Amateur Full Radio Licence,Available,N
M,0,PEF,M0PEF,Call Sign,Amateur Full Radio Licence,Available,N
M,0,PEI,M0PEI,Call Sign,Amateur Full Radio Licence,Available,N
M,0,PEJ,M0PEJ,Call Sign,Amateur Full Radio Licence,Available,N
M,0,PEL,M0PEL,Call Sign,Amateur Full Radio Licence,Available,N
M,0,PEQ,M0PEQ,Call Sign,Amateur Full Radio Licence,Available,N
M,0,PEU,M0PEU,Call Sign,Amateur Full Radio Licence,Available,N
M,0,PEV,M0PEV,Call Sign,Amateur Full Radio Licence,Available,N
M,0,PEX,M0PEX,Call Sign,Amateur Full Radio Licence,Available,N
M,0,PEY,M0PEY,Call Sign,Amateur Full Radio Licence,Available,N
M,0,PEZ,M0PEZ,Call Sign,Amateur Full Radio Licence,Available,N
M,0,PFA,M0PFA,Call Sign,Amateur Full Radio Licence,Available,N
M,0,PFB,M0PFB,Call Sign,Amateur Full Radio Licence,Available,N
M,0,PFC,M0PFC,Call Sign,Amateur Full Radio Licence,Available,N
M,0,PFE,M0PFE,Call Sign,Amateur Full Radio Licence,Available,N
M,0,PFF,M0PFF,Call Sign,Amateur Full Radio Licence,Available,N
M,0,PFG,M0PFG,Call Sign,Amateur Full Radio Licence,Available,N
M,0,PFI,M0PFI,Call Sign,Amateur Full Radio Licence,Available,N
M,0,PFJ,M0PFJ,Call Sign,Amateur Full Radio Licence,Available,N
M,0,PFK,M0PFK,Call Sign,Amateur Full Radio Licence,Available,N
M,0,PFL,M0PFL,Call Sign,Amateur Full Radio Licence,Available,N
M,0,PFM,M0PFM,Call Sign,Amateur Full Radio Licence,Available,N
M,0,PFN,M0PFN,Call Sign,Amateur Full Radio Licence,Available,N
M,0,PFP,M0PFP,Call Sign,Amateur Full Radio Licence,Available,N
M,0,PFQ,M0PFQ,Call Sign,Amateur Full Radio Licence,Available,N
M,0,PFS,M0PFS,Call Sign,Amateur Full Radio Licence,Available,N
M,0,PFT,M0PFT,Call Sign,Amateur Full Radio Licence,Available,N
M,0,PFU,M0PFU,Call Sign,Amateur Full Radio Licence,Available,N
M,0,PFV,M0PFV,Call Sign,Amateur Full Radio Licence,Available,N
M,0,PFY,M0PFY,Call Sign,Amateur Full Radio Licence,Available,N
M,0,PFZ,M0PFZ,Call Sign,Amateur Full Radio Licence,Available,N
M,0,PGF,M0PGF,Call Sign,Amateur Full Radio Licence,Available,N
M,0,PGJ,M0PGJ,Call Sign,Amateur Full Radio Licence,Available,N
M,0,PGK,M0PGK,Call Sign,Amateur Full Radio Licence,Available,N
M,0,PGN,M0PGN,Call Sign,Amateur Full Radio Licence,Available,N
M,0,PGO,M0PGO,Call Sign,Amateur Full Radio Licence,Available,N
M,0,PGP,M0PGP,Call Sign,Amateur Full Radio Licence,Available,N
M,0,PGQ,M0PGQ,Call Sign,Amateur Full Radio Licence,Available,N
M,0,PGU,M0PGU,Call Sign,Amateur Full Radio Licence,Available,N
M,0,PGV,M0PGV,Call Sign,Amateur Full Radio Licence,Available,N
M,0,PGY,M0PGY,Call Sign,Amateur Full Radio Licence,Available,N
M,0,PGZ,M0PGZ,Call Sign,Amateur Full Radio Licence,Available,N
M,0,PHA,M0PHA,Call Sign,Amateur Full Radio Licence,Available,N
M,0,PHB,M0PHB,Call Sign,Amateur Full Radio Licence,Available,N
M,0,PHC,M0PHC,Call Sign,Amateur Full Radio Licence,Available,N
M,0,PHF,M0PHF,Call Sign,Amateur Full Radio Licence,Available,N
M,0,PHG,M0PHG,Call Sign,Amateur Full Radio Licence,Available,N
M,0,PHH,M0PHH,Call Sign,Amateur Full Radio Licence,Available,N
M,0,PHK,M0PHK,Call Sign,Amateur Full Radio Licence,Available,N
M,0,PHN,M0PHN,Call Sign,Amateur Full Radio Licence,Available,N
M,0,PHR,M0PHR,Call Sign,Amateur Full Radio Licence,Available,N
M,0,PHS,M0PHS,Call Sign,Amateur Full Radio Licence,Available,N
M,0,PHU,M0PHU,Call Sign,Amateur Full Radio Licence,Available,N
M,0,PHW,M0PHW,Call Sign,Amateur Full Radio Licence,Available,N
M,0,PHZ,M0PHZ,Call Sign,Amateur Full Radio Licence,Available,N
M,0,PIF,M0PIF,Call Sign,Amateur Full Radio Licence,Available,N
M,0,PII,M0PII,Call Sign,Amateur Full Radio Licence,Available,N
M,0,PIJ,M0PIJ,Call Sign,Amateur Full Radio Licence,Available,N
M,0,PIQ,M0PIQ,Call Sign,Amateur Full Radio Licence,Available,N
M,0,PIR,M0PIR,Call Sign,Amateur Full Radio Licence,Available,N
M,0,PIU,M0PIU,Call Sign,Amateur Full Radio Licence,Available,N
M,0,PIV,M0PIV,Call Sign,Amateur Full Radio Licence,Available,N
M,0,PIY,M0PIY,Call Sign,Amateur Full Radio Licence,Available,N
M,0,PIZ,M0PIZ,Call Sign,Amateur Full Radio Licence,Available,N
M,0,PJE,M0PJE,Call Sign,Amateur Full Radio Licence,Available,N
M,0,PJI,M0PJI,Call Sign,Amateur Full Radio Licence,Available,N
M,0,PJN,M0PJN,Call Sign,Amateur Full Radio Licence,Available,N
M,0,PJP,M0PJP,Call Sign,Amateur Full Radio Licence,Available,N
M,0,PJU,M0PJU,Call Sign,Amateur Full Radio Licence,Available,N
M,0,PJV,M0PJV,Call Sign,Amateur Full Radio Licence,Available,N
M,0,PJZ,M0PJZ,Call Sign,Amateur Full Radio Licence,Available,N
M,0,PKA,M0PKA,Call Sign,Amateur Full Radio Licence,Available,N
M,0,PKC,M0PKC,Call Sign,Amateur Full Radio Licence,Available,N
M,0,PKE,M0PKE,Call Sign,Amateur Full Radio Licence,Available,N
M,0,PKF,M0PKF,Call Sign,Amateur Full Radio Licence,Available,N
M,0,PKG,M0PKG,Call Sign,Amateur Full Radio Licence,Available,N
M,0,PKI,M0PKI,Call Sign,Amateur Full Radio Licence,Available,N
M,0,PKJ,M0PKJ,Call Sign,Amateur Full Radio Licence,Available,N
M,0,PKK,M0PKK,Call Sign,Amateur Full Radio Licence,Available,N
M,0,PKN,M0PKN,Call Sign,Amateur Full Radio Licence,Available,N
M,0,PKO,M0PKO,Call Sign,Amateur Full Radio Licence,Available,N
M,0,PKP,M0PKP,Call Sign,Amateur Full Radio Licence,Available,N
M,0,PKQ,M0PKQ,Call Sign,Amateur Full Radio Licence,Available,N
M,0,PKR,M0PKR,Call Sign,Amateur Full Radio Licence,Available,N
M,0,PKU,M0PKU,Call Sign,Amateur Full Radio Licence,Available,N
M,0,PKX,M0PKX,Call Sign,Amateur Full Radio Licence,Available,N
M,0,PKY,M0PKY,Call Sign,Amateur Full Radio Licence,Available,N
M,0,PLA,M0PLA,Call Sign,Amateur Full Radio Licence,Available,N
M,0,PLB,M0PLB,Call Sign,Amateur Full Radio Licence,Available,N
M,0,PLE,M0PLE,Call Sign,Amateur Full Radio Licence,Available,N
M,0,PLI,M0PLI,Call Sign,Amateur Full Radio Licence,Available,N
M,0,PLJ,M0PLJ,Call Sign,Amateur Full Radio Licence,Available,N
M,0,PLQ,M0PLQ,Call Sign,Amateur Full Radio Licence,Available,N
M,0,PLS,M0PLS,Call Sign,Amateur Full Radio Licence,Available,N
M,0,PLU,M0PLU,Call Sign,Amateur Full Radio Licence,Available,N
M,0,PLV,M0PLV,Call Sign,Amateur Full Radio Licence,Available,N
M,0,PLW,M0PLW,Call Sign,Amateur Full Radio Licence,Available,N
M,0,PLZ,M0PLZ,Call Sign,Amateur Full Radio Licence,Available,N
M,0,PMF,M0PMF,Call Sign,Amateur Full Radio Licence,Available,N
M,0,PMH,M0PMH,Call Sign,Amateur Full Radio Licence,Available,N
M,0,PMI,M0PMI,Call Sign,Amateur Full Radio Licence,Available,N
M,0,PMO,M0PMO,Call Sign,Amateur Full Radio Licence,Available,N
M,0,PMQ,M0PMQ,Call Sign,Amateur Full Radio Licence,Available,N
M,0,PMS,M0PMS,Call Sign,Amateur Full Radio Licence,Available,N
M,0,PMU,M0PMU,Call Sign,Amateur Full Radio Licence,Available,N
M,0,PMX,M0PMX,Call Sign,Amateur Full Radio Licence,Available,N
M,0,PMY,M0PMY,Call Sign,Amateur Full Radio Licence,Available,N
M,0,PNB,M0PNB,Call Sign,Amateur Full Radio Licence,Available,N
M,0,PND,M0PND,Call Sign,Amateur Full Radio Licence,Available,N
M,0,PNF,M0PNF,Call Sign,Amateur Full Radio Licence,Available,N
M,0,PNG,M0PNG,Call Sign,Amateur Full Radio Licence,Available,N
M,0,PNH,M0PNH,Call Sign,Amateur Full Radio Licence,Available,N
M,0,PNI,M0PNI,Call Sign,Amateur Full Radio Licence,Available,N
M,0,PNJ,M0PNJ,Call Sign,Amateur Full Radio Licence,Available,N
M,0,PNK,M0PNK,Call Sign,Amateur Full Radio Licence,Available,N
M,0,PNL,M0PNL,Call Sign,Amateur Full Radio Licence,Available,N
M,0,PNM,M0PNM,Call Sign,Amateur Full Radio Licence,Available,N
M,0,PNO,M0PNO,Call Sign,Amateur Full Radio Licence,Available,N
M,0,PNQ,M0PNQ,Call Sign,Amateur Full Radio Licence,Available,N
M,0,PNR,M0PNR,Call Sign,Amateur Full Radio Licence,Available,N
M,0,PNS,M0PNS,Call Sign,Amateur Full Radio Licence,Available,N
M,0,PNT,M0PNT,Call Sign,Amateur Full Radio Licence,Available,N
M,0,PNU,M0PNU,Call Sign,Amateur Full Radio Licence,Available,N
M,0,PNV,M0PNV,Call Sign,Amateur Full Radio Licence,Available,N
M,0,PNW,M0PNW,Call Sign,Amateur Full Radio Licence,Available,N
M,0,PNY,M0PNY,Call Sign,Amateur Full Radio Licence,Available,N
M,0,POC,M0POC,Call Sign,Amateur Full Radio Licence,Available,N
M,0,POE,M0POE,Call Sign,Amateur Full Radio Licence,Available,N
M,0,POF,M0POF,Call Sign,Amateur Full Radio Licence,Available,N
M,0,POH,M0POH,Call Sign,Amateur Full Radio Licence,Available,N
M,0,POJ,M0POJ,Call Sign,Amateur Full Radio Licence,Available,N
M,0,POM,M0POM,Call Sign,Amateur Full Radio Licence,Available,N
M,0,POS,M0POS,Call Sign,Amateur Full Radio Licence,Available,N
M,0,POU,M0POU,Call Sign,Amateur Full Radio Licence,Available,N
M,0,POV,M0POV,Call Sign,Amateur Full Radio Licence,Available,N
M,0,POY,M0POY,Call Sign,Amateur Full Radio Licence,Available,N
M,0,POZ,M0POZ,Call Sign,Amateur Full Radio Licence,Available,N
M,0,PPB,M0PPB,Call Sign,Amateur Full Radio Licence,Available,N
M,0,PPD,M0PPD,Call Sign,Amateur Full Radio Licence,Available,N
M,0,PPF,M0PPF,Call Sign,Amateur Full Radio Licence,Available,N
M,0,PPH,M0PPH,Call Sign,Amateur Full Radio Licence,Available,N
M,0,PPI,M0PPI,Call Sign,Amateur Full Radio Licence,Available,N
M,0,PPJ,M0PPJ,Call Sign,Amateur Full Radio Licence,Available,N
M,0,PPN,M0PPN,Call Sign,Amateur Full Radio Licence,Available,N
M,0,PPQ,M0PPQ,Call Sign,Amateur Full Radio Licence,Available,N
M,0,PPT,M0PPT,Call Sign,Amateur Full Radio Licence,Available,N
M,0,PPU,M0PPU,Call Sign,Amateur Full Radio Licence,Available,N
M,0,PPV,M0PPV,Call Sign,Amateur Full Radio Licence,Available,N
M,0,PPX,M0PPX,Call Sign,Amateur Full Radio Licence,Available,N
M,0,PQA,M0PQA,Call Sign,Amateur Full Radio Licence,Available,N
M,0,PQB,M0PQB,Call Sign,Amateur Full Radio Licence,Available,N
M,0,PQC,M0PQC,Call Sign,Amateur Full Radio Licence,Available,N
M,0,PQD,M0PQD,Call Sign,Amateur Full Radio Licence,Available,N
M,0,PQE,M0PQE,Call Sign,Amateur Full Radio Licence,Available,N
M,0,PQF,M0PQF,Call Sign,Amateur Full Radio Licence,Available,N
M,0,PQG,M0PQG,Call Sign,Amateur Full Radio Licence,Available,N
M,0,PQH,M0PQH,Call Sign,Amateur Full Radio Licence,Available,N
M,0,PQJ,M0PQJ,Call Sign,Amateur Full Radio Licence,Available,N
M,0,PQK,M0PQK,Call Sign,Amateur Full Radio Licence,Available,N
M,0,PQL,M0PQL,Call Sign,Amateur Full Radio Licence,Available,N
M,0,PQM,M0PQM,Call Sign,Amateur Full Radio Licence,Available,N
M,0,PQO,M0PQO,Call Sign,Amateur Full Radio Licence,Available,N
M,0,PQQ,M0PQQ,Call Sign,Amateur Full Radio Licence,Available,N
M,0,PQS,M0PQS,Call Sign,Amateur Full Radio Licence,Available,N
M,0,PQT,M0PQT,Call Sign,Amateur Full Radio Licence,Available,N
M,0,PQU,M0PQU,Call Sign,Amateur Full Radio Licence,Available,N
M,0,PQV,M0PQV,Call Sign,Amateur Full Radio Licence,Available,N
M,0,PQW,M0PQW,Call Sign,Amateur Full Radio Licence,Available,N
M,0,PQX,M0PQX,Call Sign,Amateur Full Radio Licence,Available,N
M,0,PQY,M0PQY,Call Sign,Amateur Full Radio Licence,Available,N
M,0,PQZ,M0PQZ,Call Sign,Amateur Full Radio Licence,Available,N
M,0,PRH,M0PRH,Call Sign,Amateur Full Radio Licence,Available,N
M,0,PRQ,M0PRQ,Call Sign,Amateur Full Radio Licence,Available,N
M,0,PRR,M0PRR,Call Sign,Amateur Full Radio Licence,Available,N
M,0,PRU,M0PRU,Call Sign,Amateur Full Radio Licence,Available,N
M,0,PRW,M0PRW,Call Sign,Amateur Full Radio Licence,Available,N
M,0,PRX,M0PRX,Call Sign,Amateur Full Radio Licence,Available,N
M,0,PRZ,M0PRZ,Call Sign,Amateur Full Radio Licence,Available,N
M,0,PSF,M0PSF,Call Sign,Amateur Full Radio Licence,Available,N
M,0,PSN,M0PSN,Call Sign,Amateur Full Radio Licence,Available,N
M,0,PSO,M0PSO,Call Sign,Amateur Full Radio Licence,Available,N
M,0,PSP,M0PSP,Call Sign,Amateur Full Radio Licence,Available,N
M,0,PSQ,M0PSQ,Call Sign,Amateur Full Radio Licence,Available,N
M,0,PSV,M0PSV,Call Sign,Amateur Full Radio Licence,Available,N
M,0,PTA,M0PTA,Call Sign,Amateur Full Radio Licence,Available,N
M,0,PTF,M0PTF,Call Sign,Amateur Full Radio Licence,Available,N
M,0,PTI,M0PTI,Call Sign,Amateur Full Radio Licence,Available,N
M,0,PTJ,M0PTJ,Call Sign,Amateur Full Radio Licence,Available,N
M,0,PTL,M0PTL,Call Sign,Amateur Full Radio Licence,Available,N
M,0,PTN,M0PTN,Call Sign,Amateur Full Radio Licence,Available,N
M,0,PTP,M0PTP,Call Sign,Amateur Full Radio Licence,Available,N
M,0,PTQ,M0PTQ,Call Sign,Amateur Full Radio Licence,Available,N
M,0,PTV,M0PTV,Call Sign,Amateur Full Radio Licence,Available,N
M,0,PTW,M0PTW,Call Sign,Amateur Full Radio Licence,Available,N
M,0,PTX,M0PTX,Call Sign,Amateur Full Radio Licence,Available,N
M,0,PTY,M0PTY,Call Sign,Amateur Full Radio Licence,Available,N
M,0,PTZ,M0PTZ,Call Sign,Amateur Full Radio Licence,Available,N
M,0,PUA,M0PUA,Call Sign,Amateur Full Radio Licence,Available,N
M,0,PUE,M0PUE,Call Sign,Amateur Full Radio Licence,Available,N
M,0,PUF,M0PUF,Call Sign,Amateur Full Radio Licence,Available,N
M,0,PUG,M0PUG,Call Sign,Amateur Full Radio Licence,Available,N
M,0,PUH,M0PUH,Call Sign,Amateur Full Radio Licence,Available,N
M,0,PUI,M0PUI,Call Sign,Amateur Full Radio Licence,Available,N
M,0,PUJ,M0PUJ,Call Sign,Amateur Full Radio Licence,Available,N
M,0,PUK,M0PUK,Call Sign,Amateur Full Radio Licence,Available,N
M,0,PUL,M0PUL,Call Sign,Amateur Full Radio Licence,Available,N
M,0,PUM,M0PUM,Call Sign,Amateur Full Radio Licence,Available,N
M,0,PUO,M0PUO,Call Sign,Amateur Full Radio Licence,Available,N
M,0,PUQ,M0PUQ,Call Sign,Amateur Full Radio Licence,Available,N
M,0,PUR,M0PUR,Call Sign,Amateur Full Radio Licence,Available,N
M,0,PUS,M0PUS,Call Sign,Amateur Full Radio Licence,Available,N
M,0,PUU,M0PUU,Call Sign,Amateur Full Radio Licence,Available,N
M,0,PUV,M0PUV,Call Sign,Amateur Full Radio Licence,Available,N
M,0,PUW,M0PUW,Call Sign,Amateur Full Radio Licence,Available,N
M,0,PUY,M0PUY,Call Sign,Amateur Full Radio Licence,Available,N
M,0,PVB,M0PVB,Call Sign,Amateur Full Radio Licence,Available,N
M,0,PVC,M0PVC,Call Sign,Amateur Full Radio Licence,Available,N
M,0,PVD,M0PVD,Call Sign,Amateur Full Radio Licence,Available,N
M,0,PVE,M0PVE,Call Sign,Amateur Full Radio Licence,Available,N
M,0,PVF,M0PVF,Call Sign,Amateur Full Radio Licence,Available,N
M,0,PVG,M0PVG,Call Sign,Amateur Full Radio Licence,Available,N
M,0,PVH,M0PVH,Call Sign,Amateur Full Radio Licence,Available,N
M,0,PVJ,M0PVJ,Call Sign,Amateur Full Radio Licence,Available,N
M,0,PVK,M0PVK,Call Sign,Amateur Full Radio Licence,Available,N
M,0,PVL,M0PVL,Call Sign,Amateur Full Radio Licence,Available,N
M,0,PVM,M0PVM,Call Sign,Amateur Full Radio Licence,Available,N
M,0,PVQ,M0PVQ,Call Sign,Amateur Full Radio Licence,Available,N
M,0,PVR,M0PVR,Call Sign,Amateur Full Radio Licence,Available,N
M,0,PVS,M0PVS,Call Sign,Amateur Full Radio Licence,Available,N
M,0,PVT,M0PVT,Call Sign,Amateur Full Radio Licence,Available,N
M,0,PVU,M0PVU,Call Sign,Amateur Full Radio Licence,Available,N
M,0,PVV,M0PVV,Call Sign,Amateur Full Radio Licence,Available,N
M,0,PVY,M0PVY,Call Sign,Amateur Full Radio Licence,Available,N
M,0,PVZ,M0PVZ,Call Sign,Amateur Full Radio Licence,Available,N
M,0,PWA,M0PWA,Call Sign,Amateur Full Radio Licence,Available,N
M,0,PWC,M0PWC,Call Sign,Amateur Full Radio Licence,Available,N
M,0,PWE,M0PWE,Call Sign,Amateur Full Radio Licence,Available,N
M,0,PWG,M0PWG,Call Sign,Amateur Full Radio Licence,Available,N
M,0,PWL,M0PWL,Call Sign,Amateur Full Radio Licence,Available,N
M,0,PWN,M0PWN,Call Sign,Amateur Full Radio Licence,Available,N
M,0,PWO,M0PWO,Call Sign,Amateur Full Radio Licence,Available,N
M,0,PWP,M0PWP,Call Sign,Amateur Full Radio Licence,Available,N
M,0,PWQ,M0PWQ,Call Sign,Amateur Full Radio Licence,Available,N
M,0,PWU,M0PWU,Call Sign,Amateur Full Radio Licence,Available,N
M,0,PWV,M0PWV,Call Sign,Amateur Full Radio Licence,Available,N
M,0,PWX,M0PWX,Call Sign,Amateur Full Radio Licence,Available,N
M,0,PXA,M0PXA,Call Sign,Amateur Full Radio Licence,Available,N
M,0,PXC,M0PXC,Call Sign,Amateur Full Radio Licence,Available,N
M,0,PXE,M0PXE,Call Sign,Amateur Full Radio Licence,Available,N
M,0,PXF,M0PXF,Call Sign,Amateur Full Radio Licence,Available,N
M,0,PXG,M0PXG,Call Sign,Amateur Full Radio Licence,Available,N
M,0,PXH,M0PXH,Call Sign,Amateur Full Radio Licence,Available,N
M,0,PXJ,M0PXJ,Call Sign,Amateur Full Radio Licence,Available,N
M,0,PXK,M0PXK,Call Sign,Amateur Full Radio Licence,Available,N
M,0,PXL,M0PXL,Call Sign,Amateur Full Radio Licence,Available,N
M,0,PXN,M0PXN,Call Sign,Amateur Full Radio Licence,Available,N
M,0,PXO,M0PXO,Call Sign,Amateur Full Radio Licence,Available,N
M,0,PXP,M0PXP,Call Sign,Amateur Full Radio Licence,Available,N
M,0,PXQ,M0PXQ,Call Sign,Amateur Full Radio Licence,Available,N
M,0,PXT,M0PXT,Call Sign,Amateur Full Radio Licence,Available,N
M,0,PXU,M0PXU,Call Sign,Amateur Full Radio Licence,Available,N
M,0,PXV,M0PXV,Call Sign,Amateur Full Radio Licence,Available,N
M,0,PXW,M0PXW,Call Sign,Amateur Full Radio Licence,Available,N
M,0,PXX,M0PXX,Call Sign,Amateur Full Radio Licence,Available,N
M,0,PYA,M0PYA,Call Sign,Amateur Full Radio Licence,Available,N
M,0,PYB,M0PYB,Call Sign,Amateur Full Radio Licence,Available,N
M,0,PYC,M0PYC,Call Sign,Amateur Full Radio Licence,Available,N
M,0,PYD,M0PYD,Call Sign,Amateur Full Radio Licence,Available,N
M,0,PYF,M0PYF,Call Sign,Amateur Full Radio Licence,Available,N
M,0,PYG,M0PYG,Call Sign,Amateur Full Radio Licence,Available,N
M,0,PYH,M0PYH,Call Sign,Amateur Full Radio Licence,Available,N
M,0,PYI,M0PYI,Call Sign,Amateur Full Radio Licence,Available,N
M,0,PYJ,M0PYJ,Call Sign,Amateur Full Radio Licence,Available,N
M,0,PYK,M0PYK,Call Sign,Amateur Full Radio Licence,Available,N
M,0,PYL,M0PYL,Call Sign,Amateur Full Radio Licence,Available,N
M,0,PYM,M0PYM,Call Sign,Amateur Full Radio Licence,Available,N
M,0,PYN,M0PYN,Call Sign,Amateur Full Radio Licence,Available,N
M,0,PYO,M0PYO,Call Sign,Amateur Full Radio Licence,Available,N
M,0,PYP,M0PYP,Call Sign,Amateur Full Radio Licence,Available,N
M,0,PYQ,M0PYQ,Call Sign,Amateur Full Radio Licence,Available,N
M,0,PYV,M0PYV,Call Sign,Amateur Full Radio Licence,Available,N
M,0,PYW,M0PYW,Call Sign,Amateur Full Radio Licence,Available,N
M,0,PYX,M0PYX,Call Sign,Amateur Full Radio Licence,Available,N
M,0,PYY,M0PYY,Call Sign,Amateur Full Radio Licence,Available,N
M,0,PYZ,M0PYZ,Call Sign,Amateur Full Radio Licence,Available,N
M,0,PZA,M0PZA,Call Sign,Amateur Full Radio Licence,Available,N
M,0,PZB,M0PZB,Call Sign,Amateur Full Radio Licence,Available,N
M,0,PZC,M0PZC,Call Sign,Amateur Full Radio Licence,Available,N
M,0,PZD,M0PZD,Call Sign,Amateur Full Radio Licence,Available,N
M,0,PZE,M0PZE,Call Sign,Amateur Full Radio Licence,Available,N
M,0,PZF,M0PZF,Call Sign,Amateur Full Radio Licence,Available,N
M,0,PZH,M0PZH,Call Sign,Amateur Full Radio Licence,Available,N
M,0,PZI,M0PZI,Call Sign,Amateur Full Radio Licence,Available,N
M,0,PZJ,M0PZJ,Call Sign,Amateur Full Radio Licence,Available,N
M,0,PZK,M0PZK,Call Sign,Amateur Full Radio Licence,Available,N
M,0,PZL,M0PZL,Call Sign,Amateur Full Radio Licence,Available,N
M,0,PZM,M0PZM,Call Sign,Amateur Full Radio Licence,Available,N
M,0,PZN,M0PZN,Call Sign,Amateur Full Radio Licence,Available,N
M,0,PZO,M0PZO,Call Sign,Amateur Full Radio Licence,Available,N
M,0,PZP,M0PZP,Call Sign,Amateur Full Radio Licence,Available,N
M,0,PZQ,M0PZQ,Call Sign,Amateur Full Radio Licence,Available,N
M,0,PZS,M0PZS,Call Sign,Amateur Full Radio Licence,Available,N
M,0,PZU,M0PZU,Call Sign,Amateur Full Radio Licence,Available,N
M,0,PZV,M0PZV,Call Sign,Amateur Full Radio Licence,Available,N
M,0,PZX,M0PZX,Call Sign,Amateur Full Radio Licence,Available,N
M,0,PZY,M0PZY,Call Sign,Amateur Full Radio Licence,Available,N
M,0,PZZ,M0PZZ,Call Sign,Amateur Full Radio Licence,Available,N
M,0,RBU,M0RBU,Call Sign,Amateur Full Radio Licence,Available,N
M,0,RCI,M0RCI,Call Sign,Amateur Full Radio Licence,Available,N
M,0,RCZ,M0RCZ,Call Sign,Amateur Full Radio Licence,Available,N
M,0,RDE,M0RDE,Call Sign,Amateur Full Radio Licence,Available,N
M,0,RDK,M0RDK,Call Sign,Amateur Full Radio Licence,Available,N
M,0,RDN,M0RDN,Call Sign,Amateur Full Radio Licence,Available,N
M,0,RDP,M0RDP,Call Sign,Amateur Full Radio Licence,Available,N
M,0,RDQ,M0RDQ,Call Sign,Amateur Full Radio Licence,Available,N
M,0,RDU,M0RDU,Call Sign,Amateur Full Radio Licence,Available,N
M,0,RDY,M0RDY,Call Sign,Amateur Full Radio Licence,Available,N
M,0,REE,M0REE,Call Sign,Amateur Full Radio Licence,Available,N
M,0,REF,M0REF,Call Sign,Amateur Full Radio Licence,Available,N
M,0,REI,M0REI,Call Sign,Amateur Full Radio Licence,Available,N
M,0,REO,M0REO,Call Sign,Amateur Full Radio Licence,Available,N
M,0,REP,M0REP,Call Sign,Amateur Full Radio Licence,Available,N
M,0,REQ,M0REQ,Call Sign,Amateur Full Radio Licence,Available,N
M,0,REU,M0REU,Call Sign,Amateur Full Radio Licence,Available,N
M,0,REW,M0REW,Call Sign,Amateur Full Radio Licence,Available,N
M,0,REY,M0REY,Call Sign,Amateur Full Radio Licence,Available,N
M,0,RFB,M0RFB,Call Sign,Amateur Full Radio Licence,Available,N
M,0,RFG,M0RFG,Call Sign,Amateur Full Radio Licence,Available,N
M,0,RFI,M0RFI,Call Sign,Amateur Full Radio Licence,Available,N
M,0,RFJ,M0RFJ,Call Sign,Amateur Full Radio Licence,Available,N
M,0,RFN,M0RFN,Call Sign,Amateur Full Radio Licence,Available,N
M,0,RFO,M0RFO,Call Sign,Amateur Full Radio Licence,Available,N
M,0,RFP,M0RFP,Call Sign,Amateur Full Radio Licence,Available,N
M,0,RFQ,M0RFQ,Call Sign,Amateur Full Radio Licence,Available,N
M,0,RFR,M0RFR,Call Sign,Amateur Full Radio Licence,Available,N
M,0,RFU,M0RFU,Call Sign,Amateur Full Radio Licence,Available,N
M,0,RFV,M0RFV,Call Sign,Amateur Full Radio Licence,Available,N
M,0,RFW,M0RFW,Call Sign,Amateur Full Radio Licence,Available,N
M,0,RFZ,M0RFZ,Call Sign,Amateur Full Radio Licence,Available,N
M,0,RGF,M0RGF,Call Sign,Amateur Full Radio Licence,Available,N
M,0,RGH,M0RGH,Call Sign,Amateur Full Radio Licence,Available,N
M,0,RGK,M0RGK,Call Sign,Amateur Full Radio Licence,Available,N
M,0,RGP,M0RGP,Call Sign,Amateur Full Radio Licence,Available,N
M,0,RGQ,M0RGQ,Call Sign,Amateur Full Radio Licence,Available,N
M,0,RGV,M0RGV,Call Sign,Amateur Full Radio Licence,Available,N
M,0,RGZ,M0RGZ,Call Sign,Amateur Full Radio Licence,Available,N
M,0,RHA,M0RHA,Call Sign,Amateur Full Radio Licence,Available,N
M,0,RHC,M0RHC,Call Sign,Amateur Full Radio Licence,Available,N
M,0,RHJ,M0RHJ,Call Sign,Amateur Full Radio Licence,Available,N
M,0,RHK,M0RHK,Call Sign,Amateur Full Radio Licence,Available,N
M,0,RHL,M0RHL,Call Sign,Amateur Full Radio Licence,Available,N
M,0,RHM,M0RHM,Call Sign,Amateur Full Radio Licence,Available,N
M,0,RHN,M0RHN,Call Sign,Amateur Full Radio Licence,Available,N
M,0,RHO,M0RHO,Call Sign,Amateur Full Radio Licence,Available,N
M,0,RHP,M0RHP,Call Sign,Amateur Full Radio Licence,Available,N
M,0,RHU,M0RHU,Call Sign,Amateur Full Radio Licence,Available,N
M,0,RHX,M0RHX,Call Sign,Amateur Full Radio Licence,Available,N
M,0,RHY,M0RHY,Call Sign,Amateur Full Radio Licence,Available,N
M,0,RHZ,M0RHZ,Call Sign,Amateur Full Radio Licence,Available,N
M,0,RIE,M0RIE,Call Sign,Amateur Full Radio Licence,Available,N
M,0,RIH,M0RIH,Call Sign,Amateur Full Radio Licence,Available,N
M,0,RII,M0RII,Call Sign,Amateur Full Radio Licence,Available,N
M,0,RIJ,M0RIJ,Call Sign,Amateur Full Radio Licence,Available,N
M,0,RIL,M0RIL,Call Sign,Amateur Full Radio Licence,Available,N
M,0,RIN,M0RIN,Call Sign,Amateur Full Radio Licence,Available,N
M,0,RIO,M0RIO,Call Sign,Amateur Full Radio Licence,Available,N
M,0,RIP,M0RIP,Call Sign,Amateur Full Radio Licence,Available,N
M,0,RIQ,M0RIQ,Call Sign,Amateur Full Radio Licence,Available,N
M,0,RIR,M0RIR,Call Sign,Amateur Full Radio Licence,Available,N
M,0,RIU,M0RIU,Call Sign,Amateur Full Radio Licence,Available,N
M,0,RIW,M0RIW,Call Sign,Amateur Full Radio Licence,Available,N
M,0,RIY,M0RIY,Call Sign,Amateur Full Radio Licence,Available,N
M,0,RIZ,M0RIZ,Call Sign,Amateur Full Radio Licence,Available,N
M,0,RJF,M0RJF,Call Sign,Amateur Full Radio Licence,Available,N
M,0,RJI,M0RJI,Call Sign,Amateur Full Radio Licence,Available,N
M,0,RJJ,M0RJJ,Call Sign,Amateur Full Radio Licence,Available,N
M,0,RJQ,M0RJQ,Call Sign,Amateur Full Radio Licence,Available,N
M,0,RJU,M0RJU,Call Sign,Amateur Full Radio Licence,Available,N
M,0,RKA,M0RKA,Call Sign,Amateur Full Radio Licence,Available,N
M,0,RKC,M0RKC,Call Sign,Amateur Full Radio Licence,Available,N
M,0,RKE,M0RKE,Call Sign,Amateur Full Radio Licence,Available,N
M,0,RKG,M0RKG,Call Sign,Amateur Full Radio Licence,Available,N
M,0,RKJ,M0RKJ,Call Sign,Amateur Full Radio Licence,Available,N
M,0,RKK,M0RKK,Call Sign,Amateur Full Radio Licence,Available,N
M,0,RKM,M0RKM,Call Sign,Amateur Full Radio Licence,Available,N
M,0,RKP,M0RKP,Call Sign,Amateur Full Radio Licence,Available,N
M,0,RKQ,M0RKQ,Call Sign,Amateur Full Radio Licence,Available,N
M,0,RKU,M0RKU,Call Sign,Amateur Full Radio Licence,Available,N
M,0,RKV,M0RKV,Call Sign,Amateur Full Radio Licence,Available,N
M,0,RKZ,M0RKZ,Call Sign,Amateur Full Radio Licence,Available,N
M,0,RLA,M0RLA,Call Sign,Amateur Full Radio Licence,Available,N
M,0,RLE,M0RLE,Call Sign,Amateur Full Radio Licence,Available,N
M,0,RLF,M0RLF,Call Sign,Amateur Full Radio Licence,Available,N
M,0,RLG,M0RLG,Call Sign,Amateur Full Radio Licence,Available,N
M,0,RLL,M0RLL,Call Sign,Amateur Full Radio Licence,Available,N
M,0,RLQ,M0RLQ,Call Sign,Amateur Full Radio Licence,Available,N
M,0,RLR,M0RLR,Call Sign,Amateur Full Radio Licence,Available,N
M,0,RLS,M0RLS,Call Sign,Amateur Full Radio Licence,Available,N
M,0,RLT,M0RLT,Call Sign,Amateur Full Radio Licence,Available,N
M,0,RLU,M0RLU,Call Sign,Amateur Full Radio Licence,Available,N
M,0,RLV,M0RLV,Call Sign,Amateur Full Radio Licence,Available,N
M,0,RLZ,M0RLZ,Call Sign,Amateur Full Radio Licence,Available,N
M,0,RMA,M0RMA,Call Sign,Amateur Full Radio Licence,Available,N
M,0,RME,M0RME,Call Sign,Amateur Full Radio Licence,Available,N
M,0,RMI,M0RMI,Call Sign,Amateur Full Radio Licence,Available,N
M,0,RMM,M0RMM,Call Sign,Amateur Full Radio Licence,Available,N
M,0,RMQ,M0RMQ,Call Sign,Amateur Full Radio Licence,Available,N
M,0,RMR,M0RMR,Call Sign,Amateur Full Radio Licence,Available,N
M,0,RMU,M0RMU,Call Sign,Amateur Full Radio Licence,Available,N
M,0,RMV,M0RMV,Call Sign,Amateur Full Radio Licence,Available,N
M,0,RMX,M0RMX,Call Sign,Amateur Full Radio Licence,Available,N
M,0,RNB,M0RNB,Call Sign,Amateur Full Radio Licence,Available,N
M,0,RNF,M0RNF,Call Sign,Amateur Full Radio Licence,Available,N
M,0,RNG,M0RNG,Call Sign,Amateur Full Radio Licence,Available,N
M,0,RNH,M0RNH,Call Sign,Amateur Full Radio Licence,Available,N
M,0,RNJ,M0RNJ,Call Sign,Amateur Full Radio Licence,Available,N
M,0,RNK,M0RNK,Call Sign,Amateur Full Radio Licence,Available,N
M,0,RNM,M0RNM,Call Sign,Amateur Full Radio Licence,Available,N
M,0,RNN,M0RNN,Call Sign,Amateur Full Radio Licence,Available,N
M,0,RNO,M0RNO,Call Sign,Amateur Full Radio Licence,Available,N
M,0,RNP,M0RNP,Call Sign,Amateur Full Radio Licence,Available,N
M,0,RNQ,M0RNQ,Call Sign,Amateur Full Radio Licence,Available,N
M,0,RNV,M0RNV,Call Sign,Amateur Full Radio Licence,Available,N
M,0,RNX,M0RNX,Call Sign,Amateur Full Radio Licence,Available,N
M,0,RNZ,M0RNZ,Call Sign,Amateur Full Radio Licence,Available,N
M,0,ROH,M0ROH,Call Sign,Amateur Full Radio Licence,Available,N
M,0,ROK,M0ROK,Call Sign,Amateur Full Radio Licence,Available,N
M,0,ROL,M0ROL,Call Sign,Amateur Full Radio Licence,Available,N
M,0,ROP,M0ROP,Call Sign,Amateur Full Radio Licence,Available,N
M,0,ROR,M0ROR,Call Sign,Amateur Full Radio Licence,Available,N
M,0,ROU,M0ROU,Call Sign,Amateur Full Radio Licence,Available,N
M,0,ROX,M0ROX,Call Sign,Amateur Full Radio Licence,Available,N
M,0,ROZ,M0ROZ,Call Sign,Amateur Full Radio Licence,Available,N
M,0,RPN,M0RPN,Call Sign,Amateur Full Radio Licence,Available,N
M,0,RPP,M0RPP,Call Sign,Amateur Full Radio Licence,Available,N
M,0,RPS,M0RPS,Call Sign,Amateur Full Radio Licence,Available,N
M,0,RPU,M0RPU,Call Sign,Amateur Full Radio Licence,Available,N
M,0,RPV,M0RPV,Call Sign,Amateur Full Radio Licence,Available,N
M,0,RPW,M0RPW,Call Sign,Amateur Full Radio Licence,Available,N
M,0,RPX,M0RPX,Call Sign,Amateur Full Radio Licence,Available,N
M,0,RPY,M0RPY,Call Sign,Amateur Full Radio Licence,Available,N
M,0,RPZ,M0RPZ,Call Sign,Amateur Full Radio Licence,Available,N
M,0,RQA,M0RQA,Call Sign,Amateur Full Radio Licence,Available,N
M,0,RQB,M0RQB,Call Sign,Amateur Full Radio Licence,Available,N
M,0,RQC,M0RQC,Call Sign,Amateur Full Radio Licence,Available,N
M,0,RQD,M0RQD,Call Sign,Amateur Full Radio Licence,Available,N
M,0,RQE,M0RQE,Call Sign,Amateur Full Radio Licence,Available,N
M,0,RQF,M0RQF,Call Sign,Amateur Full Radio Licence,Available,N
M,0,RQG,M0RQG,Call Sign,Amateur Full Radio Licence,Available,N
M,0,RQH,M0RQH,Call Sign,Amateur Full Radio Licence,Available,N
M,0,RQI,M0RQI,Call Sign,Amateur Full Radio Licence,Available,N
M,0,RQJ,M0RQJ,Call Sign,Amateur Full Radio Licence,Available,N
M,0,RQL,M0RQL,Call Sign,Amateur Full Radio Licence,Available,N
M,0,RQM,M0RQM,Call Sign,Amateur Full Radio Licence,Available,N
M,0,RQN,M0RQN,Call Sign,Amateur Full Radio Licence,Available,N
M,0,RQO,M0RQO,Call Sign,Amateur Full Radio Licence,Available,N
M,0,RQP,M0RQP,Call Sign,Amateur Full Radio Licence,Available,N
M,0,RQQ,M0RQQ,Call Sign,Amateur Full Radio Licence,Available,N
M,0,RQR,M0RQR,Call Sign,Amateur Full Radio Licence,Available,N
M,0,RQS,M0RQS,Call Sign,Amateur Full Radio Licence,Available,N
M,0,RQT,M0RQT,Call Sign,Amateur Full Radio Licence,Available,N
M,0,RQU,M0RQU,Call Sign,Amateur Full Radio Licence,Available,N
M,0,RQV,M0RQV,Call Sign,Amateur Full Radio Licence,Available,N
M,0,RQW,M0RQW,Call Sign,Amateur Full Radio Licence,Available,N
M,0,RQX,M0RQX,Call Sign,Amateur Full Radio Licence,Available,N
M,0,RQY,M0RQY,Call Sign,Amateur Full Radio Licence,Available,N
M,0,RQZ,M0RQZ,Call Sign,Amateur Full Radio Licence,Available,N
M,0,RRF,M0RRF,Call Sign,Amateur Full Radio Licence,Available,N
M,0,RRI,M0RRI,Call Sign,Amateur Full Radio Licence,Available,N
M,0,RRJ,M0RRJ,Call Sign,Amateur Full Radio Licence,Available,N
M,0,RRK,M0RRK,Call Sign,Amateur Full Radio Licence,Available,N
M,0,RRL,M0RRL,Call Sign,Amateur Full Radio Licence,Available,N
M,0,RRW,M0RRW,Call Sign,Amateur Full Radio Licence,Available,N
M,0,RRZ,M0RRZ,Call Sign,Amateur Full Radio Licence,Available,N
M,0,RSK,M0RSK,Call Sign,Amateur Full Radio Licence,Available,N
M,0,RSQ,M0RSQ,Call Sign,Amateur Full Radio Licence,Available,N
M,0,RSR,M0RSR,Call Sign,Amateur Full Radio Licence,Available,N
M,0,RSU,M0RSU,Call Sign,Amateur Full Radio Licence,Available,N
M,0,RSX,M0RSX,Call Sign,Amateur Full Radio Licence,Available,N
M,0,RSZ,M0RSZ,Call Sign,Amateur Full Radio Licence,Available,N
M,0,RTF,M0RTF,Call Sign,Amateur Full Radio Licence,Available,N
M,0,RTJ,M0RTJ,Call Sign,Amateur Full Radio Licence,Available,N
M,0,RTK,M0RTK,Call Sign,Amateur Full Radio Licence,Available,N
M,0,RTP,M0RTP,Call Sign,Amateur Full Radio Licence,Available,N
M,0,RTQ,M0RTQ,Call Sign,Amateur Full Radio Licence,Available,N
M,0,RTT,M0RTT,Call Sign,Amateur Full Radio Licence,Available,N
M,0,RTU,M0RTU,Call Sign,Amateur Full Radio Licence,Available,N
M,0,RUA,M0RUA,Call Sign,Amateur Full Radio Licence,Available,N
M,0,RUB,M0RUB,Call Sign,Amateur Full Radio Licence,Available,N
M,0,RUD,M0RUD,Call Sign,Amateur Full Radio Licence,Available,N
M,0,RUE,M0RUE,Call Sign,Amateur Full Radio Licence,Available,N
M,0,RUF,M0RUF,Call Sign,Amateur Full Radio Licence,Available,N
M,0,RUG,M0RUG,Call Sign,Amateur Full Radio Licence,Available,N
M,0,RUI,M0RUI,Call Sign,Amateur Full Radio Licence,Available,N
M,0,RUJ,M0RUJ,Call Sign,Amateur Full Radio Licence,Available,N
M,0,RUL,M0RUL,Call Sign,Amateur Full Radio Licence,Available,N
M,0,RUO,M0RUO,Call Sign,Amateur Full Radio Licence,Available,N
M,0,RUP,M0RUP,Call Sign,Amateur Full Radio Licence,Available,N
M,0,RUQ,M0RUQ,Call Sign,Amateur Full Radio Licence,Available,N
M,0,RUR,M0RUR,Call Sign,Amateur Full Radio Licence,Available,N
M,0,RUT,M0RUT,Call Sign,Amateur Full Radio Licence,Available,N
M,0,RUU,M0RUU,Call Sign,Amateur Full Radio Licence,Available,N
M,0,RUV,M0RUV,Call Sign,Amateur Full Radio Licence,Available,N
M,0,RUW,M0RUW,Call Sign,Amateur Full Radio Licence,Available,N
M,0,RUX,M0RUX,Call Sign,Amateur Full Radio Licence,Available,N
M,0,RUY,M0RUY,Call Sign,Amateur Full Radio Licence,Available,N
M,0,RVA,M0RVA,Call Sign,Amateur Full Radio Licence,Available,N
M,0,RVB,M0RVB,Call Sign,Amateur Full Radio Licence,Available,N
M,0,RVD,M0RVD,Call Sign,Amateur Full Radio Licence,Available,N
M,0,RVE,M0RVE,Call Sign,Amateur Full Radio Licence,Available,N
M,0,RVF,M0RVF,Call Sign,Amateur Full Radio Licence,Available,N
M,0,RVG,M0RVG,Call Sign,Amateur Full Radio Licence,Available,N
M,0,RVJ,M0RVJ,Call Sign,Amateur Full Radio Licence,Available,N
M,0,RVK,M0RVK,Call Sign,Amateur Full Radio Licence,Available,N
M,0,RVL,M0RVL,Call Sign,Amateur Full Radio Licence,Available,N
M,0,RVM,M0RVM,Call Sign,Amateur Full Radio Licence,Available,N
M,0,RVN,M0RVN,Call Sign,Amateur Full Radio Licence,Available,N
M,0,RVO,M0RVO,Call Sign,Amateur Full Radio Licence,Available,N
M,0,RVP,M0RVP,Call Sign,Amateur Full Radio Licence,Available,N
M,0,RVQ,M0RVQ,Call Sign,Amateur Full Radio Licence,Available,N
M,0,RVS,M0RVS,Call Sign,Amateur Full Radio Licence,Available,N
M,0,RVU,M0RVU,Call Sign,Amateur Full Radio Licence,Available,N
M,0,RVV,M0RVV,Call Sign,Amateur Full Radio Licence,Available,N
M,0,RVW,M0RVW,Call Sign,Amateur Full Radio Licence,Available,N
M,0,RVX,M0RVX,Call Sign,Amateur Full Radio Licence,Available,N
M,0,RVY,M0RVY,Call Sign,Amateur Full Radio Licence,Available,N
M,0,RWE,M0RWE,Call Sign,Amateur Full Radio Licence,Available,N
M,0,RWF,M0RWF,Call Sign,Amateur Full Radio Licence,Available,N
M,0,RWI,M0RWI,Call Sign,Amateur Full Radio Licence,Available,N
M,0,RWO,M0RWO,Call Sign,Amateur Full Radio Licence,Available,N
M,0,RWP,M0RWP,Call Sign,Amateur Full Radio Licence,Available,N
M,0,RWQ,M0RWQ,Call Sign,Amateur Full Radio Licence,Available,N
M,0,RWT,M0RWT,Call Sign,Amateur Full Radio Licence,Available,N
M,0,RWU,M0RWU,Call Sign,Amateur Full Radio Licence,Available,N
M,0,RWV,M0RWV,Call Sign,Amateur Full Radio Licence,Available,N
M,0,RWX,M0RWX,Call Sign,Amateur Full Radio Licence,Available,N
M,0,RWY,M0RWY,Call Sign,Amateur Full Radio Licence,Available,N
M,0,RWZ,M0RWZ,Call Sign,Amateur Full Radio Licence,Available,N
M,0,RXA,M0RXA,Call Sign,Amateur Full Radio Licence,Available,N
M,0,RXB,M0RXB,Call Sign,Amateur Full Radio Licence,Available,N
M,0,RXC,M0RXC,Call Sign,Amateur Full Radio Licence,Available,N
M,0,RXE,M0RXE,Call Sign,Amateur Full Radio Licence,Available,N
M,0,RXF,M0RXF,Call Sign,Amateur Full Radio Licence,Available,N
M,0,RXG,M0RXG,Call Sign,Amateur Full Radio Licence,Available,N
M,0,RXH,M0RXH,Call Sign,Amateur Full Radio Licence,Available,N
M,0,RXI,M0RXI,Call Sign,Amateur Full Radio Licence,Available,N
M,0,RXK,M0RXK,Call Sign,Amateur Full Radio Licence,Available,N
M,0,RXL,M0RXL,Call Sign,Amateur Full Radio Licence,Available,N
M,0,RXM,M0RXM,Call Sign,Amateur Full Radio Licence,Available,N
M,0,RXN,M0RXN,Call Sign,Amateur Full Radio Licence,Available,N
M,0,RXO,M0RXO,Call Sign,Amateur Full Radio Licence,Available,N
M,0,RXP,M0RXP,Call Sign,Amateur Full Radio Licence,Available,N
M,0,RXR,M0RXR,Call Sign,Amateur Full Radio Licence,Available,N
M,0,RXS,M0RXS,Call Sign,Amateur Full Radio Licence,Available,N
M,0,RXT,M0RXT,Call Sign,Amateur Full Radio Licence,Available,N
M,0,RXU,M0RXU,Call Sign,Amateur Full Radio Licence,Available,N
M,0,RYC,M0RYC,Call Sign,Amateur Full Radio Licence,Available,N
M,0,RYD,M0RYD,Call Sign,Amateur Full Radio Licence,Available,N
M,0,RYE,M0RYE,Call Sign,Amateur Full Radio Licence,Available,N
M,0,RYF,M0RYF,Call Sign,Amateur Full Radio Licence,Available,N
M,0,RYG,M0RYG,Call Sign,Amateur Full Radio Licence,Available,N
M,0,RYH,M0RYH,Call Sign,Amateur Full Radio Licence,Available,N
M,0,RYI,M0RYI,Call Sign,Amateur Full Radio Licence,Available,N
M,0,RYJ,M0RYJ,Call Sign,Amateur Full Radio Licence,Available,N
M,0,RYN,M0RYN,Call Sign,Amateur Full Radio Licence,Available,N
M,0,RYO,M0RYO,Call Sign,Amateur Full Radio Licence,Available,N
M,0,RYP,M0RYP,Call Sign,Amateur Full Radio Licence,Available,N
M,0,RYQ,M0RYQ,Call Sign,Amateur Full Radio Licence,Available,N
M,0,RYR,M0RYR,Call Sign,Amateur Full Radio Licence,Available,N
M,0,RYT,M0RYT,Call Sign,Amateur Full Radio Licence,Available,N
M,0,RYU,M0RYU,Call Sign,Amateur Full Radio Licence,Available,N
M,0,RYV,M0RYV,Call Sign,Amateur Full Radio Licence,Available,N
M,0,RYX,M0RYX,Call Sign,Amateur Full Radio Licence,Available,N
M,0,RYY,M0RYY,Call Sign,Amateur Full Radio Licence,Available,N
M,0,RZB,M0RZB,Call Sign,Amateur Full Radio Licence,Available,N
M,0,RZG,M0RZG,Call Sign,Amateur Full Radio Licence,Available,N
M,0,RZH,M0RZH,Call Sign,Amateur Full Radio Licence,Available,N
M,0,RZI,M0RZI,Call Sign,Amateur Full Radio Licence,Available,N
M,0,RZJ,M0RZJ,Call Sign,Amateur Full Radio Licence,Available,N
M,0,RZK,M0RZK,Call Sign,Amateur Full Radio Licence,Available,N
M,0,RZL,M0RZL,Call Sign,Amateur Full Radio Licence,Available,N
M,0,RZM,M0RZM,Call Sign,Amateur Full Radio Licence,Available,N
M,0,RZN,M0RZN,Call Sign,Amateur Full Radio Licence,Available,N
M,0,RZO,M0RZO,Call Sign,Amateur Full Radio Licence,Available,N
M,0,RZP,M0RZP,Call Sign,Amateur Full Radio Licence,Available,N
M,0,RZQ,M0RZQ,Call Sign,Amateur Full Radio Licence,Available,N
M,0,RZR,M0RZR,Call Sign,Amateur Full Radio Licence,Available,N
M,0,RZS,M0RZS,Call Sign,Amateur Full Radio Licence,Available,N
M,0,RZT,M0RZT,Call Sign,Amateur Full Radio Licence,Available,N
M,0,RZU,M0RZU,Call Sign,Amateur Full Radio Licence,Available,N
M,0,RZV,M0RZV,Call Sign,Amateur Full Radio Licence,Available,N
M,0,SAU,M0SAU,Call Sign,Amateur Full Radio Licence,Available,N
M,0,SBI,M0SBI,Call Sign,Amateur Full Radio Licence,Available,N
M,0,SBJ,M0SBJ,Call Sign,Amateur Full Radio Licence,Available,N
M,0,SBK,M0SBK,Call Sign,Amateur Full Radio Licence,Available,N
M,0,SBN,M0SBN,Call Sign,Amateur Full Radio Licence,Available,N
M,0,SBP,M0SBP,Call Sign,Amateur Full Radio Licence,Available,N
M,0,SBQ,M0SBQ,Call Sign,Amateur Full Radio Licence,Available,N
M,0,SBR,M0SBR,Call Sign,Amateur Full Radio Licence,Available,N
M,0,SBT,M0SBT,Call Sign,Amateur Full Radio Licence,Available,N
M,0,SCF,M0SCF,Call Sign,Amateur Full Radio Licence,Available,N
M,0,SCJ,M0SCJ,Call Sign,Amateur Full Radio Licence,Available,N
M,0,SCN,M0SCN,Call Sign,Amateur Full Radio Licence,Available,N
M,0,SCV,M0SCV,Call Sign,Amateur Full Radio Licence,Available,N
M,0,SCY,M0SCY,Call Sign,Amateur Full Radio Licence,Available,N
M,0,SCZ,M0SCZ,Call Sign,Amateur Full Radio Licence,Available,N
M,0,SDB,M0SDB,Call Sign,Amateur Full Radio Licence,Available,N
M,0,SDD,M0SDD,Call Sign,Amateur Full Radio Licence,Available,N
M,0,SDF,M0SDF,Call Sign,Amateur Full Radio Licence,Available,N
M,0,SDK,M0SDK,Call Sign,Amateur Full Radio Licence,Available,N
M,0,SDL,M0SDL,Call Sign,Amateur Full Radio Licence,Available,N
M,0,SDO,M0SDO,Call Sign,Amateur Full Radio Licence,Available,N
M,0,SDQ,M0SDQ,Call Sign,Amateur Full Radio Licence,Available,N
M,0,SDV,M0SDV,Call Sign,Amateur Full Radio Licence,Available,N
M,0,SEF,M0SEF,Call Sign,Amateur Full Radio Licence,Available,N
M,0,SEG,M0SEG,Call Sign,Amateur Full Radio Licence,Available,N
M,0,SEI,M0SEI,Call Sign,Amateur Full Radio Licence,Available,N
M,0,SEJ,M0SEJ,Call Sign,Amateur Full Radio Licence,Available,N
M,0,SEP,M0SEP,Call Sign,Amateur Full Radio Licence,Available,N
M,0,SEQ,M0SEQ,Call Sign,Amateur Full Radio Licence,Available,N
M,0,SEU,M0SEU,Call Sign,Amateur Full Radio Licence,Available,N
M,0,SEW,M0SEW,Call Sign,Amateur Full Radio Licence,Available,N
M,0,SFE,M0SFE,Call Sign,Amateur Full Radio Licence,Available,N
M,0,SFF,M0SFF,Call Sign,Amateur Full Radio Licence,Available,N
M,0,SFH,M0SFH,Call Sign,Amateur Full Radio Licence,Available,N
M,0,SFI,M0SFI,Call Sign,Amateur Full Radio Licence,Available,N
M,0,SFJ,M0SFJ,Call Sign,Amateur Full Radio Licence,Available,N
M,0,SFK,M0SFK,Call Sign,Amateur Full Radio Licence,Available,N
M,0,SFL,M0SFL,Call Sign,Amateur Full Radio Licence,Available,N
M,0,SFN,M0SFN,Call Sign,Amateur Full Radio Licence,Available,N
M,0,SFO,M0SFO,Call Sign,Amateur Full Radio Licence,Available,N
M,0,SFP,M0SFP,Call Sign,Amateur Full Radio Licence,Available,N
M,0,SFQ,M0SFQ,Call Sign,Amateur Full Radio Licence,Available,N
M,0,SFV,M0SFV,Call Sign,Amateur Full Radio Licence,Available,N
M,0,SFW,M0SFW,Call Sign,Amateur Full Radio Licence,Available,N
M,0,SFY,M0SFY,Call Sign,Amateur Full Radio Licence,Available,N
M,0,SFZ,M0SFZ,Call Sign,Amateur Full Radio Licence,Available,N
M,0,SGG,M0SGG,Call Sign,Amateur Full Radio Licence,Available,N
M,0,SGI,M0SGI,Call Sign,Amateur Full Radio Licence,Available,N
M,0,SGN,M0SGN,Call Sign,Amateur Full Radio Licence,Available,N
M,0,SGS,M0SGS,Call Sign,Amateur Full Radio Licence,Available,N
M,0,SGU,M0SGU,Call Sign,Amateur Full Radio Licence,Available,N
M,0,SGY,M0SGY,Call Sign,Amateur Full Radio Licence,Available,N
M,0,SHB,M0SHB,Call Sign,Amateur Full Radio Licence,Available,N
M,0,SHC,M0SHC,Call Sign,Amateur Full Radio Licence,Available,N
M,0,SHG,M0SHG,Call Sign,Amateur Full Radio Licence,Available,N
M,0,SHH,M0SHH,Call Sign,Amateur Full Radio Licence,Available,N
M,0,SHJ,M0SHJ,Call Sign,Amateur Full Radio Licence,Available,N
M,0,SHN,M0SHN,Call Sign,Amateur Full Radio Licence,Available,N
M,0,SHO,M0SHO,Call Sign,Amateur Full Radio Licence,Available,N
M,0,SHT,M0SHT,Call Sign,Amateur Full Radio Licence,Available,N
M,0,SHU,M0SHU,Call Sign,Amateur Full Radio Licence,Available,N
M,0,SHW,M0SHW,Call Sign,Amateur Full Radio Licence,Available,N
M,0,SHZ,M0SHZ,Call Sign,Amateur Full Radio Licence,Available,N
M,0,SIF,M0SIF,Call Sign,Amateur Full Radio Licence,Available,N
M,0,SIH,M0SIH,Call Sign,Amateur Full Radio Licence,Available,N
M,0,SIJ,M0SIJ,Call Sign,Amateur Full Radio Licence,Available,N
M,0,SIK,M0SIK,Call Sign,Amateur Full Radio Licence,Available,N
M,0,SIO,M0SIO,Call Sign,Amateur Full Radio Licence,Available,N
M,0,SIQ,M0SIQ,Call Sign,Amateur Full Radio Licence,Available,N
M,0,SIU,M0SIU,Call Sign,Amateur Full Radio Licence,Available,N
M,0,SIV,M0SIV,Call Sign,Amateur Full Radio Licence,Available,N
M,0,SIW,M0SIW,Call Sign,Amateur Full Radio Licence,Available,N
M,0,SIZ,M0SIZ,Call Sign,Amateur Full Radio Licence,Available,N
M,0,SJE,M0SJE,Call Sign,Amateur Full Radio Licence,Available,N
M,0,SJI,M0SJI,Call Sign,Amateur Full Radio Licence,Available,N
M,0,SJN,M0SJN,Call Sign,Amateur Full Radio Licence,Available,N
M,0,SJO,M0SJO,Call Sign,Amateur Full Radio Licence,Available,N
M,0,SJP,M0SJP,Call Sign,Amateur Full Radio Licence,Available,N
M,0,SJQ,M0SJQ,Call Sign,Amateur Full Radio Licence,Available,N
M,0,SJU,M0SJU,Call Sign,Amateur Full Radio Licence,Available,N
M,0,SJX,M0SJX,Call Sign,Amateur Full Radio Licence,Available,N
M,0,SJZ,M0SJZ,Call Sign,Amateur Full Radio Licence,Available,N
M,0,SKE,M0SKE,Call Sign,Amateur Full Radio Licence,Available,N
M,0,SKF,M0SKF,Call Sign,Amateur Full Radio Licence,Available,N
M,0,SKH,M0SKH,Call Sign,Amateur Full Radio Licence,Available,N
M,0,SKJ,M0SKJ,Call Sign,Amateur Full Radio Licence,Available,N
M,0,SKN,M0SKN,Call Sign,Amateur Full Radio Licence,Available,N
M,0,SKP,M0SKP,Call Sign,Amateur Full Radio Licence,Available,N
M,0,SKQ,M0SKQ,Call Sign,Amateur Full Radio Licence,Available,N
M,0,SKT,M0SKT,Call Sign,Amateur Full Radio Licence,Available,N
M,0,SKU,M0SKU,Call Sign,Amateur Full Radio Licence,Available,N
M,0,SKV,M0SKV,Call Sign,Amateur Full Radio Licence,Available,N
M,0,SKW,M0SKW,Call Sign,Amateur Full Radio Licence,Available,N
M,0,SKX,M0SKX,Call Sign,Amateur Full Radio Licence,Available,N
M,0,SKZ,M0SKZ,Call Sign,Amateur Full Radio Licence,Available,N
M,0,SLD,M0SLD,Call Sign,Amateur Full Radio Licence,Available,N
M,0,SLE,M0SLE,Call Sign,Amateur Full Radio Licence,Available,N
M,0,SLG,M0SLG,Call Sign,Amateur Full Radio Licence,Available,N
M,0,SLI,M0SLI,Call Sign,Amateur Full Radio Licence,Available,N
M,0,SLL,M0SLL,Call Sign,Amateur Full Radio Licence,Available,N
M,0,SLM,M0SLM,Call Sign,Amateur Full Radio Licence,Available,N
M,0,SLO,M0SLO,Call Sign,Amateur Full Radio Licence,Available,N
M,0,SLQ,M0SLQ,Call Sign,Amateur Full Radio Licence,Available,N
M,0,SLU,M0SLU,Call Sign,Amateur Full Radio Licence,Available,N
M,0,SLV,M0SLV,Call Sign,Amateur Full Radio Licence,Available,N
M,0,SLW,M0SLW,Call Sign,Amateur Full Radio Licence,Available,N
M,0,SLX,M0SLX,Call Sign,Amateur Full Radio Licence,Available,N
M,0,SLY,M0SLY,Call Sign,Amateur Full Radio Licence,Available,N
M,0,SLZ,M0SLZ,Call Sign,Amateur Full Radio Licence,Available,N
M,0,SML,M0SML,Call Sign,Amateur Full Radio Licence,Available,N
M,0,SMQ,M0SMQ,Call Sign,Amateur Full Radio Licence,Available,N
M,0,SMR,M0SMR,Call Sign,Amateur Full Radio Licence,Available,N
M,0,SMU,M0SMU,Call Sign,Amateur Full Radio Licence,Available,N
M,0,SMX,M0SMX,Call Sign,Amateur Full Radio Licence,Available,N
M,0,SMZ,M0SMZ,Call Sign,Amateur Full Radio Licence,Available,N
M,0,SNA,M0SNA,Call Sign,Amateur Full Radio Licence,Available,N
M,0,SNB,M0SNB,Call Sign,Amateur Full Radio Licence,Available,N
M,0,SNC,M0SNC,Call Sign,Amateur Full Radio Licence,Available,N
M,0,SNE,M0SNE,Call Sign,Amateur Full Radio Licence,Available,N
M,0,SNH,M0SNH,Call Sign,Amateur Full Radio Licence,Available,N
M,0,SNI,M0SNI,Call Sign,Amateur Full Radio Licence,Available,N
M,0,SNJ,M0SNJ,Call Sign,Amateur Full Radio Licence,Available,N
M,0,SNL,M0SNL,Call Sign,Amateur Full Radio Licence,Available,N
M,0,SNM,M0SNM,Call Sign,Amateur Full Radio Licence,Available,N
M,0,SNN,M0SNN,Call Sign,Amateur Full Radio Licence,Available,N
M,0,SNP,M0SNP,Call Sign,Amateur Full Radio Licence,Available,N
M,0,SNQ,M0SNQ,Call Sign,Amateur Full Radio Licence,Available,N
M,0,SNU,M0SNU,Call Sign,Amateur Full Radio Licence,Available,N
M,0,SNV,M0SNV,Call Sign,Amateur Full Radio Licence,Available,N
M,0,SNW,M0SNW,Call Sign,Amateur Full Radio Licence,Available,N
M,0,SNY,M0SNY,Call Sign,Amateur Full Radio Licence,Available,N
M,0,SNZ,M0SNZ,Call Sign,Amateur Full Radio Licence,Available,N
M,0,SOG,M0SOG,Call Sign,Amateur Full Radio Licence,Available,N
M,0,SOH,M0SOH,Call Sign,Amateur Full Radio Licence,Available,N
M,0,SOJ,M0SOJ,Call Sign,Amateur Full Radio Licence,Available,N
M,0,SOK,M0SOK,Call Sign,Amateur Full Radio Licence,Available,N
M,0,SOO,M0SOO,Call Sign,Amateur Full Radio Licence,Available,N
M,0,SOQ,M0SOQ,Call Sign,Amateur Full Radio Licence,Available,N
M,0,SOR,M0SOR,Call Sign,Amateur Full Radio Licence,Available,N
M,0,SOV,M0SOV,Call Sign,Amateur Full Radio Licence,Available,N
M,0,SOY,M0SOY,Call Sign,Amateur Full Radio Licence,Available,N
M,0,SOZ,M0SOZ,Call Sign,Amateur Full Radio Licence,Available,N
M,0,SPE,M0SPE,Call Sign,Amateur Full Radio Licence,Available,N
M,0,SPI,M0SPI,Call Sign,Amateur Full Radio Licence,Available,N
M,0,SPP,M0SPP,Call Sign,Amateur Full Radio Licence,Available,N
M,0,SPQ,M0SPQ,Call Sign,Amateur Full Radio Licence,Available,N
M,0,SPV,M0SPV,Call Sign,Amateur Full Radio Licence,Available,N
M,0,SPW,M0SPW,Call Sign,Amateur Full Radio Licence,Available,N
M,0,SPZ,M0SPZ,Call Sign,Amateur Full Radio Licence,Available,N
M,0,SQA,M0SQA,Call Sign,Amateur Full Radio Licence,Available,N
M,0,SQB,M0SQB,Call Sign,Amateur Full Radio Licence,Available,N
M,0,SQC,M0SQC,Call Sign,Amateur Full Radio Licence,Available,N
M,0,SQD,M0SQD,Call Sign,Amateur Full Radio Licence,Available,N
M,0,SQE,M0SQE,Call Sign,Amateur Full Radio Licence,Available,N
M,0,SQF,M0SQF,Call Sign,Amateur Full Radio Licence,Available,N
M,0,SQG,M0SQG,Call Sign,Amateur Full Radio Licence,Available,N
M,0,SQH,M0SQH,Call Sign,Amateur Full Radio Licence,Available,N
M,0,SQI,M0SQI,Call Sign,Amateur Full Radio Licence,Available,N
M,0,SQJ,M0SQJ,Call Sign,Amateur Full Radio Licence,Available,N
M,0,SQK,M0SQK,Call Sign,Amateur Full Radio Licence,Available,N
M,0,SQM,M0SQM,Call Sign,Amateur Full Radio Licence,Available,N
M,0,SQP,M0SQP,Call Sign,Amateur Full Radio Licence,Available,N
M,0,SQQ,M0SQQ,Call Sign,Amateur Full Radio Licence,Available,N
M,0,SQR,M0SQR,Call Sign,Amateur Full Radio Licence,Available,N
M,0,SQS,M0SQS,Call Sign,Amateur Full Radio Licence,Available,N
M,0,SQT,M0SQT,Call Sign,Amateur Full Radio Licence,Available,N
M,0,SQU,M0SQU,Call Sign,Amateur Full Radio Licence,Available,N
M,0,SQV,M0SQV,Call Sign,Amateur Full Radio Licence,Available,N
M,0,SQW,M0SQW,Call Sign,Amateur Full Radio Licence,Available,N
M,0,SQX,M0SQX,Call Sign,Amateur Full Radio Licence,Available,N
M,0,SQY,M0SQY,Call Sign,Amateur Full Radio Licence,Available,N
M,0,SQZ,M0SQZ,Call Sign,Amateur Full Radio Licence,Available,N
M,0,SRE,M0SRE,Call Sign,Amateur Full Radio Licence,Available,N
M,0,SRH,M0SRH,Call Sign,Amateur Full Radio Licence,Available,N
M,0,SRI,M0SRI,Call Sign,Amateur Full Radio Licence,Available,N
M,0,SRK,M0SRK,Call Sign,Amateur Full Radio Licence,Available,N
M,0,SRL,M0SRL,Call Sign,Amateur Full Radio Licence,Available,N
M,0,SRQ,M0SRQ,Call Sign,Amateur Full Radio Licence,Available,N
M,0,SRZ,M0SRZ,Call Sign,Amateur Full Radio Licence,Available,N
M,0,SSI,M0SSI,Call Sign,Amateur Full Radio Licence,Available,N
M,0,SSK,M0SSK,Call Sign,Amateur Full Radio Licence,Available,N
M,0,SSN,M0SSN,Call Sign,Amateur Full Radio Licence,Available,N
M,0,SSU,M0SSU,Call Sign,Amateur Full Radio Licence,Available,N
M,0,SSZ,M0SSZ,Call Sign,Amateur Full Radio Licence,Available,N
M,0,STJ,M0STJ,Call Sign,Amateur Full Radio Licence,Available,N
M,0,STK,M0STK,Call Sign,Amateur Full Radio Licence,Available,N
M,0,SUA,M0SUA,Call Sign,Amateur Full Radio Licence,Available,N
M,0,SUC,M0SUC,Call Sign,Amateur Full Radio Licence,Available,N
M,0,SUD,M0SUD,Call Sign,Amateur Full Radio Licence,Available,N
M,0,SUG,M0SUG,Call Sign,Amateur Full Radio Licence,Available,N
M,0,SUH,M0SUH,Call Sign,Amateur Full Radio Licence,Available,N
M,0,SUI,M0SUI,Call Sign,Amateur Full Radio Licence,Available,N
M,0,SUJ,M0SUJ,Call Sign,Amateur Full Radio Licence,Available,N
M,0,SUK,M0SUK,Call Sign,Amateur Full Radio Licence,Available,N
M,0,SUO,M0SUO,Call Sign,Amateur Full Radio Licence,Available,N
M,0,SUP,M0SUP,Call Sign,Amateur Full Radio Licence,Available,N
M,0,SUQ,M0SUQ,Call Sign,Amateur Full Radio Licence,Available,N
M,0,SUV,M0SUV,Call Sign,Amateur Full Radio Licence,Available,N
M,0,SUW,M0SUW,Call Sign,Amateur Full Radio Licence,Available,N
M,0,SUX,M0SUX,Call Sign,Amateur Full Radio Licence,Available,N
M,0,SUY,M0SUY,Call Sign,Amateur Full Radio Licence,Available,N
M,0,SVD,M0SVD,Call Sign,Amateur Full Radio Licence,Available,N
M,0,SVF,M0SVF,Call Sign,Amateur Full Radio Licence,Available,N
M,0,SVG,M0SVG,Call Sign,Amateur Full Radio Licence,Available,N
M,0,SVH,M0SVH,Call Sign,Amateur Full Radio Licence,Available,N
M,0,SVI,M0SVI,Call Sign,Amateur Full Radio Licence,Available,N
M,0,SVJ,M0SVJ,Call Sign,Amateur Full Radio Licence,Available,N
M,0,SVL,M0SVL,Call Sign,Amateur Full Radio Licence,Available,N
M,0,SVN,M0SVN,Call Sign,Amateur Full Radio Licence,Available,N
M,0,SVO,M0SVO,Call Sign,Amateur Full Radio Licence,Available,N
M,0,SVP,M0SVP,Call Sign,Amateur Full Radio Licence,Available,N
M,0,SVQ,M0SVQ,Call Sign,Amateur Full Radio Licence,Available,N
M,0,SVS,M0SVS,Call Sign,Amateur Full Radio Licence,Available,N
M,0,SVT,M0SVT,Call Sign,Amateur Full Radio Licence,Available,N
M,0,SVU,M0SVU,Call Sign,Amateur Full Radio Licence,Available,N
M,0,SVW,M0SVW,Call Sign,Amateur Full Radio Licence,Available,N
M,0,SVX,M0SVX,Call Sign,Amateur Full Radio Licence,Available,N
M,0,SVY,M0SVY,Call Sign,Amateur Full Radio Licence,Available,N
M,0,SVZ,M0SVZ,Call Sign,Amateur Full Radio Licence,Available,N
M,0,SWI,M0SWI,Call Sign,Amateur Full Radio Licence,Available,N
M,0,SWJ,M0SWJ,Call Sign,Amateur Full Radio Licence,Available,N
M,0,SWK,M0SWK,Call Sign,Amateur Full Radio Licence,Available,N
M,0,SWM,M0SWM,Call Sign,Amateur Full Radio Licence,Available,N
M,0,SWN,M0SWN,Call Sign,Amateur Full Radio Licence,Available,N
M,0,SWP,M0SWP,Call Sign,Amateur Full Radio Licence,Available,N
M,0,SWQ,M0SWQ,Call Sign,Amateur Full Radio Licence,Available,N
M,0,SWS,M0SWS,Call Sign,Amateur Full Radio Licence,Available,N
M,0,SWU,M0SWU,Call Sign,Amateur Full Radio Licence,Available,N
M,0,SWV,M0SWV,Call Sign,Amateur Full Radio Licence,Available,N
M,0,SWY,M0SWY,Call Sign,Amateur Full Radio Licence,Available,N
M,0,SXA,M0SXA,Call Sign,Amateur Full Radio Licence,Available,N
M,0,SXB,M0SXB,Call Sign,Amateur Full Radio Licence,Available,N
M,0,SXC,M0SXC,Call Sign,Amateur Full Radio Licence,Available,N
M,0,SXE,M0SXE,Call Sign,Amateur Full Radio Licence,Available,N
M,0,SXG,M0SXG,Call Sign,Amateur Full Radio Licence,Available,N
M,0,SXI,M0SXI,Call Sign,Amateur Full Radio Licence,Available,N
M,0,SXJ,M0SXJ,Call Sign,Amateur Full Radio Licence,Available,N
M,0,SXK,M0SXK,Call Sign,Amateur Full Radio Licence,Available,N
M,0,SXL,M0SXL,Call Sign,Amateur Full Radio Licence,Available,N
M,0,SXN,M0SXN,Call Sign,Amateur Full Radio Licence,Available,N
M,0,SXO,M0SXO,Call Sign,Amateur Full Radio Licence,Available,N
M,0,SXQ,M0SXQ,Call Sign,Amateur Full Radio Licence,Available,N
M,0,SXS,M0SXS,Call Sign,Amateur Full Radio Licence,Available,N
M,0,SXT,M0SXT,Call Sign,Amateur Full Radio Licence,Available,N
M,0,SXU,M0SXU,Call Sign,Amateur Full Radio Licence,Available,N
M,0,SXV,M0SXV,Call Sign,Amateur Full Radio Licence,Available,N
M,0,SXW,M0SXW,Call Sign,Amateur Full Radio Licence,Available,N
M,0,SXX,M0SXX,Call Sign,Amateur Full Radio Licence,Available,N
M,0,SYA,M0SYA,Call Sign,Amateur Full Radio Licence,Available,N
M,0,SYB,M0SYB,Call Sign,Amateur Full Radio Licence,Available,N
M,0,SYE,M0SYE,Call Sign,Amateur Full Radio Licence,Available,N
M,0,SYF,M0SYF,Call Sign,Amateur Full Radio Licence,Available,N
M,0,SYH,M0SYH,Call Sign,Amateur Full Radio Licence,Available,N
M,0,SYK,M0SYK,Call Sign,Amateur Full Radio Licence,Available,N
M,0,SYL,M0SYL,Call Sign,Amateur Full Radio Licence,Available,N
M,0,SYN,M0SYN,Call Sign,Amateur Full Radio Licence,Available,N
M,0,SYQ,M0SYQ,Call Sign,Amateur Full Radio Licence,Available,N
M,0,SYS,M0SYS,Call Sign,Amateur Full Radio Licence,Available,N
M,0,SYT,M0SYT,Call Sign,Amateur Full Radio Licence,Available,N
M,0,SYU,M0SYU,Call Sign,Amateur Full Radio Licence,Available,N
M,0,SYV,M0SYV,Call Sign,Amateur Full Radio Licence,Available,N
M,0,SYW,M0SYW,Call Sign,Amateur Full Radio Licence,Available,N
M,0,SYX,M0SYX,Call Sign,Amateur Full Radio Licence,Available,N
M,0,SYZ,M0SYZ,Call Sign,Amateur Full Radio Licence,Available,N
M,0,SZB,M0SZB,Call Sign,Amateur Full Radio Licence,Available,N
M,0,SZC,M0SZC,Call Sign,Amateur Full Radio Licence,Available,N
M,0,SZE,M0SZE,Call Sign,Amateur Full Radio Licence,Available,N
M,0,SZF,M0SZF,Call Sign,Amateur Full Radio Licence,Available,N
M,0,SZG,M0SZG,Call Sign,Amateur Full Radio Licence,Available,N
M,0,SZH,M0SZH,Call Sign,Amateur Full Radio Licence,Available,N
M,0,SZI,M0SZI,Call Sign,Amateur Full Radio Licence,Available,N
M,0,SZJ,M0SZJ,Call Sign,Amateur Full Radio Licence,Available,N
M,0,SZK,M0SZK,Call Sign,Amateur Full Radio Licence,Available,N
M,0,SZL,M0SZL,Call Sign,Amateur Full Radio Licence,Available,N
M,0,SZM,M0SZM,Call Sign,Amateur Full Radio Licence,Available,N
M,0,SZN,M0SZN,Call Sign,Amateur Full Radio Licence,Available,N
M,0,SZO,M0SZO,Call Sign,Amateur Full Radio Licence,Available,N
M,0,SZP,M0SZP,Call Sign,Amateur Full Radio Licence,Available,N
M,0,SZR,M0SZR,Call Sign,Amateur Full Radio Licence,Available,N
M,0,SZS,M0SZS,Call Sign,Amateur Full Radio Licence,Available,N
M,0,SZT,M0SZT,Call Sign,Amateur Full Radio Licence,Available,N
M,0,SZU,M0SZU,Call Sign,Amateur Full Radio Licence,Available,N
M,0,SZV,M0SZV,Call Sign,Amateur Full Radio Licence,Available,N
M,0,SZW,M0SZW,Call Sign,Amateur Full Radio Licence,Available,N
M,0,SZX,M0SZX,Call Sign,Amateur Full Radio Licence,Available,N
M,0,SZY,M0SZY,Call Sign,Amateur Full Radio Licence,Available,N
M,0,TBV,M0TBV,Call Sign,Amateur Full Radio Licence,Available,N
M,0,TBW,M0TBW,Call Sign,Amateur Full Radio Licence,Available,N
M,0,TCD,M0TCD,Call Sign,Amateur Full Radio Licence,Available,N
M,0,TCF,M0TCF,Call Sign,Amateur Full Radio Licence,Available,N
M,0,TCG,M0TCG,Call Sign,Amateur Full Radio Licence,Available,N
M,0,TCI,M0TCI,Call Sign,Amateur Full Radio Licence,Available,N
M,0,TCK,M0TCK,Call Sign,Amateur Full Radio Licence,Available,N
M,0,TCU,M0TCU,Call Sign,Amateur Full Radio Licence,Available,N
M,0,TCV,M0TCV,Call Sign,Amateur Full Radio Licence,Available,N
M,0,TCY,M0TCY,Call Sign,Amateur Full Radio Licence,Available,N
M,0,TCZ,M0TCZ,Call Sign,Amateur Full Radio Licence,Available,N
M,0,TDJ,M0TDJ,Call Sign,Amateur Full Radio Licence,Available,N
M,0,TDN,M0TDN,Call Sign,Amateur Full Radio Licence,Available,N
M,0,TDO,M0TDO,Call Sign,Amateur Full Radio Licence,Available,N
M,0,TDR,M0TDR,Call Sign,Amateur Full Radio Licence,Available,N
M,0,TDS,M0TDS,Call Sign,Amateur Full Radio Licence,Available,N
M,0,TDV,M0TDV,Call Sign,Amateur Full Radio Licence,Available,N
M,0,TDY,M0TDY,Call Sign,Amateur Full Radio Licence,Available,N
M,0,TDZ,M0TDZ,Call Sign,Amateur Full Radio Licence,Available,N
M,0,TEB,M0TEB,Call Sign,Amateur Full Radio Licence,Available,N
M,0,TEJ,M0TEJ,Call Sign,Amateur Full Radio Licence,Available,N
M,0,TEO,M0TEO,Call Sign,Amateur Full Radio Licence,Available,N
M,0,TEP,M0TEP,Call Sign,Amateur Full Radio Licence,Available,N
M,0,TEQ,M0TEQ,Call Sign,Amateur Full Radio Licence,Available,N
M,0,TEU,M0TEU,Call Sign,Amateur Full Radio Licence,Available,N
M,0,TEV,M0TEV,Call Sign,Amateur Full Radio Licence,Available,N
M,0,TEW,M0TEW,Call Sign,Amateur Full Radio Licence,Available,N
M,0,TFA,M0TFA,Call Sign,Amateur Full Radio Licence,Available,N
M,0,TFB,M0TFB,Call Sign,Amateur Full Radio Licence,Available,N
M,0,TFE,M0TFE,Call Sign,Amateur Full Radio Licence,Available,N
M,0,TFF,M0TFF,Call Sign,Amateur Full Radio Licence,Available,N
M,0,TFG,M0TFG,Call Sign,Amateur Full Radio Licence,Available,N
M,0,TFI,M0TFI,Call Sign,Amateur Full Radio Licence,Available,N
M,0,TFJ,M0TFJ,Call Sign,Amateur Full Radio Licence,Available,N
M,0,TFL,M0TFL,Call Sign,Amateur Full Radio Licence,Available,N
M,0,TFM,M0TFM,Call Sign,Amateur Full Radio Licence,Available,N
M,0,TFP,M0TFP,Call Sign,Amateur Full Radio Licence,Available,N
M,0,TFQ,M0TFQ,Call Sign,Amateur Full Radio Licence,Available,N
M,0,TFR,M0TFR,Call Sign,Amateur Full Radio Licence,Available,N
M,0,TFV,M0TFV,Call Sign,Amateur Full Radio Licence,Available,N
M,0,TFW,M0TFW,Call Sign,Amateur Full Radio Licence,Available,N
M,0,TFZ,M0TFZ,Call Sign,Amateur Full Radio Licence,Available,N
M,0,TGD,M0TGD,Call Sign,Amateur Full Radio Licence,Available,N
M,0,TGE,M0TGE,Call Sign,Amateur Full Radio Licence,Available,N
M,0,TGG,M0TGG,Call Sign,Amateur Full Radio Licence,Available,N
M,0,TGH,M0TGH,Call Sign,Amateur Full Radio Licence,Available,N
M,0,TGI,M0TGI,Call Sign,Amateur Full Radio Licence,Available,N
M,0,TGJ,M0TGJ,Call Sign,Amateur Full Radio Licence,Available,N
M,0,TGK,M0TGK,Call Sign,Amateur Full Radio Licence,Available,N
M,0,TGP,M0TGP,Call Sign,Amateur Full Radio Licence,Available,N
M,0,TGQ,M0TGQ,Call Sign,Amateur Full Radio Licence,Available,N
M,0,TGU,M0TGU,Call Sign,Amateur Full Radio Licence,Available,N
M,0,THC,M0THC,Call Sign,Amateur Full Radio Licence,Available,N
M,0,THF,M0THF,Call Sign,Amateur Full Radio Licence,Available,N
M,0,THG,M0THG,Call Sign,Amateur Full Radio Licence,Available,N
M,0,THH,M0THH,Call Sign,Amateur Full Radio Licence,Available,N
M,0,THI,M0THI,Call Sign,Amateur Full Radio Licence,Available,N
M,0,THP,M0THP,Call Sign,Amateur Full Radio Licence,Available,N
M,0,THQ,M0THQ,Call Sign,Amateur Full Radio Licence,Available,N
M,0,THR,M0THR,Call Sign,Amateur Full Radio Licence,Available,N
M,0,THU,M0THU,Call Sign,Amateur Full Radio Licence,Available,N
M,0,THV,M0THV,Call Sign,Amateur Full Radio Licence,Available,N
M,0,THW,M0THW,Call Sign,Amateur Full Radio Licence,Available,N
M,0,TIH,M0TIH,Call Sign,Amateur Full Radio Licence,Available,N
M,0,TII,M0TII,Call Sign,Amateur Full Radio Licence,Available,N
M,0,TIJ,M0TIJ,Call Sign,Amateur Full Radio Licence,Available,N
M,0,TIK,M0TIK,Call Sign,Amateur Full Radio Licence,Available,N
M,0,TIO,M0TIO,Call Sign,Amateur Full Radio Licence,Available,N
M,0,TIQ,M0TIQ,Call Sign,Amateur Full Radio Licence,Available,N
M,0,TIY,M0TIY,Call Sign,Amateur Full Radio Licence,Available,N
M,0,TIZ,M0TIZ,Call Sign,Amateur Full Radio Licence,Available,N
M,0,TJA,M0TJA,Call Sign,Amateur Full Radio Licence,Available,N
M,0,TJE,M0TJE,Call Sign,Amateur Full Radio Licence,Available,N
M,0,TJF,M0TJF,Call Sign,Amateur Full Radio Licence,Available,N
M,0,TJI,M0TJI,Call Sign,Amateur Full Radio Licence,Available,N
M,0,TJJ,M0TJJ,Call Sign,Amateur Full Radio Licence,Available,N
M,0,TJK,M0TJK,Call Sign,Amateur Full Radio Licence,Available,N
M,0,TJN,M0TJN,Call Sign,Amateur Full Radio Licence,Available,N
M,0,TJO,M0TJO,Call Sign,Amateur Full Radio Licence,Available,N
M,0,TJQ,M0TJQ,Call Sign,Amateur Full Radio Licence,Available,N
M,0,TJX,M0TJX,Call Sign,Amateur Full Radio Licence,Available,N
M,0,TJY,M0TJY,Call Sign,Amateur Full Radio Licence,Available,N
M,0,TJZ,M0TJZ,Call Sign,Amateur Full Radio Licence,Available,N
M,0,TKB,M0TKB,Call Sign,Amateur Full Radio Licence,Available,N
M,0,TKC,M0TKC,Call Sign,Amateur Full Radio Licence,Available,N
M,0,TKF,M0TKF,Call Sign,Amateur Full Radio Licence,Available,N
M,0,TKG,M0TKG,Call Sign,Amateur Full Radio Licence,Available,N
M,0,TKH,M0TKH,Call Sign,Amateur Full Radio Licence,Available,N
M,0,TKI,M0TKI,Call Sign,Amateur Full Radio Licence,Available,N
M,0,TKJ,M0TKJ,Call Sign,Amateur Full Radio Licence,Available,N
M,0,TKK,M0TKK,Call Sign,Amateur Full Radio Licence,Available,N
M,0,TKM,M0TKM,Call Sign,Amateur Full Radio Licence,Available,N
M,0,TKN,M0TKN,Call Sign,Amateur Full Radio Licence,Available,N
M,0,TKP,M0TKP,Call Sign,Amateur Full Radio Licence,Available,N
M,0,TKQ,M0TKQ,Call Sign,Amateur Full Radio Licence,Available,N
M,0,TKR,M0TKR,Call Sign,Amateur Full Radio Licence,Available,N
M,0,TKU,M0TKU,Call Sign,Amateur Full Radio Licence,Available,N
M,0,TKV,M0TKV,Call Sign,Amateur Full Radio Licence,Available,N
M,0,TKW,M0TKW,Call Sign,Amateur Full Radio Licence,Available,N
M,0,TKY,M0TKY,Call Sign,Amateur Full Radio Licence,Available,N
M,0,TLB,M0TLB,Call Sign,Amateur Full Radio Licence,Available,N
M,0,TLH,M0TLH,Call Sign,Amateur Full Radio Licence,Available,N
M,0,TLI,M0TLI,Call Sign,Amateur Full Radio Licence,Available,N
M,0,TLJ,M0TLJ,Call Sign,Amateur Full Radio Licence,Available,N
M,0,TLL,M0TLL,Call Sign,Amateur Full Radio Licence,Available,N
M,0,TLO,M0TLO,Call Sign,Amateur Full Radio Licence,Available,N
M,0,TLP,M0TLP,Call Sign,Amateur Full Radio Licence,Available,N
M,0,TLQ,M0TLQ,Call Sign,Amateur Full Radio Licence,Available,N
M,0,TLU,M0TLU,Call Sign,Amateur Full Radio Licence,Available,N
M,0,TLV,M0TLV,Call Sign,Amateur Full Radio Licence,Available,N
M,0,TLW,M0TLW,Call Sign,Amateur Full Radio Licence,Available,N
M,0,TLZ,M0TLZ,Call Sign,Amateur Full Radio Licence,Available,N
M,0,TMD,M0TMD,Call Sign,Amateur Full Radio Licence,Available,N
M,0,TMP,M0TMP,Call Sign,Amateur Full Radio Licence,Available,N
M,0,TMQ,M0TMQ,Call Sign,Amateur Full Radio Licence,Available,N
M,0,TMU,M0TMU,Call Sign,Amateur Full Radio Licence,Available,N
M,0,TMV,M0TMV,Call Sign,Amateur Full Radio Licence,Available,N
M,0,TMY,M0TMY,Call Sign,Amateur Full Radio Licence,Available,N
M,0,TMZ,M0TMZ,Call Sign,Amateur Full Radio Licence,Available,N
M,0,TNA,M0TNA,Call Sign,Amateur Full Radio Licence,Available,N
M,0,TNF,M0TNF,Call Sign,Amateur Full Radio Licence,Available,N
M,0,TNH,M0TNH,Call Sign,Amateur Full Radio Licence,Available,N
M,0,TNI,M0TNI,Call Sign,Amateur Full Radio Licence,Available,N
M,0,TNJ,M0TNJ,Call Sign,Amateur Full Radio Licence,Available,N
M,0,TNM,M0TNM,Call Sign,Amateur Full Radio Licence,Available,N
M,0,TNO,M0TNO,Call Sign,Amateur Full Radio Licence,Available,N
M,0,TNP,M0TNP,Call Sign,Amateur Full Radio Licence,Available,N
M,0,TNQ,M0TNQ,Call Sign,Amateur Full Radio Licence,Available,N
M,0,TNU,M0TNU,Call Sign,Amateur Full Radio Licence,Available,N
M,0,TNW,M0TNW,Call Sign,Amateur Full Radio Licence,Available,N
M,0,TNZ,M0TNZ,Call Sign,Amateur Full Radio Licence,Available,N
M,0,TOD,M0TOD,Call Sign,Amateur Full Radio Licence,Available,N
M,0,TOH,M0TOH,Call Sign,Amateur Full Radio Licence,Available,N
M,0,TOI,M0TOI,Call Sign,Amateur Full Radio Licence,Available,N
M,0,TOJ,M0TOJ,Call Sign,Amateur Full Radio Licence,Available,N
M,0,TOK,M0TOK,Call Sign,Amateur Full Radio Licence,Available,N
M,0,TOQ,M0TOQ,Call Sign,Amateur Full Radio Licence,Available,N
M,0,TOU,M0TOU,Call Sign,Amateur Full Radio Licence,Available,N
M,0,TOV,M0TOV,Call Sign,Amateur Full Radio Licence,Available,N
M,0,TOZ,M0TOZ,Call Sign,Amateur Full Radio Licence,Available,N
M,0,TPA,M0TPA,Call Sign,Amateur Full Radio Licence,Available,N
M,0,TPB,M0TPB,Call Sign,Amateur Full Radio Licence,Available,N
M,0,TPE,M0TPE,Call Sign,Amateur Full Radio Licence,Available,N
M,0,TPF,M0TPF,Call Sign,Amateur Full Radio Licence,Available,N
M,0,TPI,M0TPI,Call Sign,Amateur Full Radio Licence,Available,N
M,0,TPK,M0TPK,Call Sign,Amateur Full Radio Licence,Available,N
M,0,TPL,M0TPL,Call Sign,Amateur Full Radio Licence,Available,N
M,0,TPO,M0TPO,Call Sign,Amateur Full Radio Licence,Available,N
M,0,TPP,M0TPP,Call Sign,Amateur Full Radio Licence,Available,N
M,0,TPQ,M0TPQ,Call Sign,Amateur Full Radio Licence,Available,N
M,0,TPR,M0TPR,Call Sign,Amateur Full Radio Licence,Available,N
M,0,TPT,M0TPT,Call Sign,Amateur Full Radio Licence,Available,N
M,0,TPU,M0TPU,Call Sign,Amateur Full Radio Licence,Available,N
M,0,TPV,M0TPV,Call Sign,Amateur Full Radio Licence,Available,N
M,0,TPY,M0TPY,Call Sign,Amateur Full Radio Licence,Available,N
M,0,TPZ,M0TPZ,Call Sign,Amateur Full Radio Licence,Available,N
M,0,TQA,M0TQA,Call Sign,Amateur Full Radio Licence,Available,N
M,0,TQB,M0TQB,Call Sign,Amateur Full Radio Licence,Available,N
M,0,TQC,M0TQC,Call Sign,Amateur Full Radio Licence,Available,N
M,0,TQD,M0TQD,Call Sign,Amateur Full Radio Licence,Available,N
M,0,TQE,M0TQE,Call Sign,Amateur Full Radio Licence,Available,N
M,0,TQF,M0TQF,Call Sign,Amateur Full Radio Licence,Available,N
M,0,TQG,M0TQG,Call Sign,Amateur Full Radio Licence,Available,N
M,0,TQI,M0TQI,Call Sign,Amateur Full Radio Licence,Available,N
M,0,TQJ,M0TQJ,Call Sign,Amateur Full Radio Licence,Available,N
M,0,TQK,M0TQK,Call Sign,Amateur Full Radio Licence,Available,N
M,0,TQL,M0TQL,Call Sign,Amateur Full Radio Licence,Available,N
M,0,TQN,M0TQN,Call Sign,Amateur Full Radio Licence,Available,N
M,0,TQO,M0TQO,Call Sign,Amateur Full Radio Licence,Available,N
M,0,TQP,M0TQP,Call Sign,Amateur Full Radio Licence,Available,N
M,0,TQQ,M0TQQ,Call Sign,Amateur Full Radio Licence,Available,N
M,0,TQS,M0TQS,Call Sign,Amateur Full Radio Licence,Available,N
M,0,TQT,M0TQT,Call Sign,Amateur Full Radio Licence,Available,N
M,0,TQU,M0TQU,Call Sign,Amateur Full Radio Licence,Available,N
M,0,TQW,M0TQW,Call Sign,Amateur Full Radio Licence,Available,N
M,0,TQX,M0TQX,Call Sign,Amateur Full Radio Licence,Available,N
M,0,TQY,M0TQY,Call Sign,Amateur Full Radio Licence,Available,N
M,0,TQZ,M0TQZ,Call Sign,Amateur Full Radio Licence,Available,N
M,0,TRD,M0TRD,Call Sign,Amateur Full Radio Licence,Available,N
M,0,TRH,M0TRH,Call Sign,Amateur Full Radio Licence,Available,N
M,0,TRI,M0TRI,Call Sign,Amateur Full Radio Licence,Available,N
M,0,TRM,M0TRM,Call Sign,Amateur Full Radio Licence,Available,N
M,0,TRR,M0TRR,Call Sign,Amateur Full Radio Licence,Available,N
M,0,TRT,M0TRT,Call Sign,Amateur Full Radio Licence,Available,N
M,0,TRU,M0TRU,Call Sign,Amateur Full Radio Licence,Available,N
M,0,TRY,M0TRY,Call Sign,Amateur Full Radio Licence,Available,N
M,0,TRZ,M0TRZ,Call Sign,Amateur Full Radio Licence,Available,N
M,0,TSA,M0TSA,Call Sign,Amateur Full Radio Licence,Available,N
M,0,TSI,M0TSI,Call Sign,Amateur Full Radio Licence,Available,N
M,0,TSJ,M0TSJ,Call Sign,Amateur Full Radio Licence,Available,N
M,0,TSP,M0TSP,Call Sign,Amateur Full Radio Licence,Available,N
M,0,TSQ,M0TSQ,Call Sign,Amateur Full Radio Licence,Available,N
M,0,TSU,M0TSU,Call Sign,Amateur Full Radio Licence,Available,N
M,0,TSV,M0TSV,Call Sign,Amateur Full Radio Licence,Available,N
M,0,TSZ,M0TSZ,Call Sign,Amateur Full Radio Licence,Available,N
M,0,TTH,M0TTH,Call Sign,Amateur Full Radio Licence,Available,N
M,0,TTJ,M0TTJ,Call Sign,Amateur Full Radio Licence,Available,N
M,0,TTP,M0TTP,Call Sign,Amateur Full Radio Licence,Available,N
M,0,TTQ,M0TTQ,Call Sign,Amateur Full Radio Licence,Available,N
M,0,TTV,M0TTV,Call Sign,Amateur Full Radio Licence,Available,N
M,0,TTZ,M0TTZ,Call Sign,Amateur Full Radio Licence,Available,N
M,0,TUA,M0TUA,Call Sign,Amateur Full Radio Licence,Available,N
M,0,TUC,M0TUC,Call Sign,Amateur Full Radio Licence,Available,N
M,0,TUD,M0TUD,Call Sign,Amateur Full Radio Licence,Available,N
M,0,TUE,M0TUE,Call Sign,Amateur Full Radio Licence,Available,N
M,0,TUF,M0TUF,Call Sign,Amateur Full Radio Licence,Available,N
M,0,TUH,M0TUH,Call Sign,Amateur Full Radio Licence,Available,N
M,0,TUI,M0TUI,Call Sign,Amateur Full Radio Licence,Available,N
M,0,TUJ,M0TUJ,Call Sign,Amateur Full Radio Licence,Available,N
M,0,TUM,M0TUM,Call Sign,Amateur Full Radio Licence,Available,N
M,0,TUO,M0TUO,Call Sign,Amateur Full Radio Licence,Available,N
M,0,TUP,M0TUP,Call Sign,Amateur Full Radio Licence,Available,N
M,0,TUQ,M0TUQ,Call Sign,Amateur Full Radio Licence,Available,N
M,0,TUS,M0TUS,Call Sign,Amateur Full Radio Licence,Available,N
M,0,TUU,M0TUU,Call Sign,Amateur Full Radio Licence,Available,N
M,0,TUV,M0TUV,Call Sign,Amateur Full Radio Licence,Available,N
M,0,TUW,M0TUW,Call Sign,Amateur Full Radio Licence,Available,N
M,0,TUY,M0TUY,Call Sign,Amateur Full Radio Licence,Available,N
M,0,TUZ,M0TUZ,Call Sign,Amateur Full Radio Licence,Available,N
M,0,TVB,M0TVB,Call Sign,Amateur Full Radio Licence,Available,N
M,0,TVF,M0TVF,Call Sign,Amateur Full Radio Licence,Available,N
M,0,TVH,M0TVH,Call Sign,Amateur Full Radio Licence,Available,N
M,0,TVK,M0TVK,Call Sign,Amateur Full Radio Licence,Available,N
M,0,TVM,M0TVM,Call Sign,Amateur Full Radio Licence,Available,N
M,0,TVN,M0TVN,Call Sign,Amateur Full Radio Licence,Available,N
M,0,TVO,M0TVO,Call Sign,Amateur Full Radio Licence,Available,N
M,0,TVP,M0TVP,Call Sign,Amateur Full Radio Licence,Available,N
M,0,TVQ,M0TVQ,Call Sign,Amateur Full Radio Licence,Available,N
M,0,TVS,M0TVS,Call Sign,Amateur Full Radio Licence,Available,N
M,0,TVW,M0TVW,Call Sign,Amateur Full Radio Licence,Available,N
M,0,TVX,M0TVX,Call Sign,Amateur Full Radio Licence,Available,N
M,0,TVY,M0TVY,Call Sign,Amateur Full Radio Licence,Available,N
M,0,TVZ,M0TVZ,Call Sign,Amateur Full Radio Licence,Available,N
M,0,TWB,M0TWB,Call Sign,Amateur Full Radio Licence,Available,N
M,0,TWD,M0TWD,Call Sign,Amateur Full Radio Licence,Available,N
M,0,TWF,M0TWF,Call Sign,Amateur Full Radio Licence,Available,N
M,0,TWH,M0TWH,Call Sign,Amateur Full Radio Licence,Available,N
M,0,TWN,M0TWN,Call Sign,Amateur Full Radio Licence,Available,N
M,0,TWP,M0TWP,Call Sign,Amateur Full Radio Licence,Available,N
M,0,TWQ,M0TWQ,Call Sign,Amateur Full Radio Licence,Available,N
M,0,TWU,M0TWU,Call Sign,Amateur Full Radio Licence,Available,N
M,0,TWV,M0TWV,Call Sign,Amateur Full Radio Licence,Available,N
M,0,TWY,M0TWY,Call Sign,Amateur Full Radio Licence,Available,N
M,0,TWZ,M0TWZ,Call Sign,Amateur Full Radio Licence,Available,N
M,0,TXA,M0TXA,Call Sign,Amateur Full Radio Licence,Available,N
M,0,TXB,M0TXB,Call Sign,Amateur Full Radio Licence,Available,N
M,0,TXE,M0TXE,Call Sign,Amateur Full Radio Licence,Available,N
M,0,TXF,M0TXF,Call Sign,Amateur Full Radio Licence,Available,N
M,0,TXH,M0TXH,Call Sign,Amateur Full Radio Licence,Available,N
M,0,TXJ,M0TXJ,Call Sign,Amateur Full Radio Licence,Available,N
M,0,TXL,M0TXL,Call Sign,Amateur Full Radio Licence,Available,N
M,0,TXN,M0TXN,Call Sign,Amateur Full Radio Licence,Available,N
M,0,TXQ,M0TXQ,Call Sign,Amateur Full Radio Licence,Available,N
M,0,TXU,M0TXU,Call Sign,Amateur Full Radio Licence,Available,N
M,0,TXV,M0TXV,Call Sign,Amateur Full Radio Licence,Available,N
M,0,TXW,M0TXW,Call Sign,Amateur Full Radio Licence,Available,N
M,0,TXY,M0TXY,Call Sign,Amateur Full Radio Licence,Available,N
M,0,TXZ,M0TXZ,Call Sign,Amateur Full Radio Licence,Available,N
M,0,TYB,M0TYB,Call Sign,Amateur Full Radio Licence,Available,N
M,0,TYC,M0TYC,Call Sign,Amateur Full Radio Licence,Available,N
M,0,TYD,M0TYD,Call Sign,Amateur Full Radio Licence,Available,N
M,0,TYE,M0TYE,Call Sign,Amateur Full Radio Licence,Available,N
M,0,TYF,M0TYF,Call Sign,Amateur Full Radio Licence,Available,N
M,0,TYH,M0TYH,Call Sign,Amateur Full Radio Licence,Available,N
M,0,TYI,M0TYI,Call Sign,Amateur Full Radio Licence,Available,N
M,0,TYJ,M0TYJ,Call Sign,Amateur Full Radio Licence,Available,N
M,0,TYP,M0TYP,Call Sign,Amateur Full Radio Licence,Available,N
M,0,TYQ,M0TYQ,Call Sign,Amateur Full Radio Licence,Available,N
M,0,TYS,M0TYS,Call Sign,Amateur Full Radio Licence,Available,N
M,0,TYT,M0TYT,Call Sign,Amateur Full Radio Licence,Available,N
M,0,TYU,M0TYU,Call Sign,Amateur Full Radio Licence,Available,N
M,0,TYV,M0TYV,Call Sign,Amateur Full Radio Licence,Available,N
M,0,TYX,M0TYX,Call Sign,Amateur Full Radio Licence,Available,N
M,0,TYY,M0TYY,Call Sign,Amateur Full Radio Licence,Available,N
M,0,TYZ,M0TYZ,Call Sign,Amateur Full Radio Licence,Available,N
M,0,TZB,M0TZB,Call Sign,Amateur Full Radio Licence,Available,N
M,0,TZC,M0TZC,Call Sign,Amateur Full Radio Licence,Available,N
M,0,TZD,M0TZD,Call Sign,Amateur Full Radio Licence,Available,N
M,0,TZE,M0TZE,Call Sign,Amateur Full Radio Licence,Available,N
M,0,TZF,M0TZF,Call Sign,Amateur Full Radio Licence,Available,N
M,0,TZG,M0TZG,Call Sign,Amateur Full Radio Licence,Available,N
M,0,TZH,M0TZH,Call Sign,Amateur Full Radio Licence,Available,N
M,0,TZI,M0TZI,Call Sign,Amateur Full Radio Licence,Available,N
M,0,TZJ,M0TZJ,Call Sign,Amateur Full Radio Licence,Available,N
M,0,TZK,M0TZK,Call Sign,Amateur Full Radio Licence,Available,N
M,0,TZL,M0TZL,Call Sign,Amateur Full Radio Licence,Available,N
M,0,TZM,M0TZM,Call Sign,Amateur Full Radio Licence,Available,N
M,0,TZN,M0TZN,Call Sign,Amateur Full Radio Licence,Available,N
M,0,TZP,M0TZP,Call Sign,Amateur Full Radio Licence,Available,N
M,0,TZQ,M0TZQ,Call Sign,Amateur Full Radio Licence,Available,N
M,0,TZR,M0TZR,Call Sign,Amateur Full Radio Licence,Available,N
M,0,TZS,M0TZS,Call Sign,Amateur Full Radio Licence,Available,N
M,0,TZU,M0TZU,Call Sign,Amateur Full Radio Licence,Available,N
M,0,TZV,M0TZV,Call Sign,Amateur Full Radio Licence,Available,N
M,0,TZW,M0TZW,Call Sign,Amateur Full Radio Licence,Available,N
M,0,TZX,M0TZX,Call Sign,Amateur Full Radio Licence,Available,N
M,0,UAD,M0UAD,Call Sign,Amateur Full Radio Licence,Available,N
M,0,UAE,M0UAE,Call Sign,Amateur Full Radio Licence,Available,N
M,0,UAF,M0UAF,Call Sign,Amateur Full Radio Licence,Available,N
M,0,UAG,M0UAG,Call Sign,Amateur Full Radio Licence,Available,N
M,0,UAH,M0UAH,Call Sign,Amateur Full Radio Licence,Available,N
M,0,UAI,M0UAI,Call Sign,Amateur Full Radio Licence,Available,N
M,0,UAJ,M0UAJ,Call Sign,Amateur Full Radio Licence,Available,N
M,0,UAK,M0UAK,Call Sign,Amateur Full Radio Licence,Available,N
M,0,UAM,M0UAM,Call Sign,Amateur Full Radio Licence,Available,N
M,0,UAO,M0UAO,Call Sign,Amateur Full Radio Licence,Available,N
M,0,UAP,M0UAP,Call Sign,Amateur Full Radio Licence,Available,N
M,0,UAQ,M0UAQ,Call Sign,Amateur Full Radio Licence,Available,N
M,0,UAR,M0UAR,Call Sign,Amateur Full Radio Licence,Available,N
M,0,UAU,M0UAU,Call Sign,Amateur Full Radio Licence,Available,N
M,0,UAW,M0UAW,Call Sign,Amateur Full Radio Licence,Available,N
M,0,UAX,M0UAX,Call Sign,Amateur Full Radio Licence,Available,N
M,0,UAY,M0UAY,Call Sign,Amateur Full Radio Licence,Available,N
M,0,UAZ,M0UAZ,Call Sign,Amateur Full Radio Licence,Available,N
M,0,UBB,M0UBB,Call Sign,Amateur Full Radio Licence,Available,N
M,0,UBC,M0UBC,Call Sign,Amateur Full Radio Licence,Available,N
M,0,UBD,M0UBD,Call Sign,Amateur Full Radio Licence,Available,N
M,0,UBE,M0UBE,Call Sign,Amateur Full Radio Licence,Available,N
M,0,UBF,M0UBF,Call Sign,Amateur Full Radio Licence,Available,N
M,0,UBG,M0UBG,Call Sign,Amateur Full Radio Licence,Available,N
M,0,UBH,M0UBH,Call Sign,Amateur Full Radio Licence,Available,N
M,0,UBI,M0UBI,Call Sign,Amateur Full Radio Licence,Available,N
M,0,UBJ,M0UBJ,Call Sign,Amateur Full Radio Licence,Available,N
M,0,UBK,M0UBK,Call Sign,Amateur Full Radio Licence,Available,N
M,0,UBL,M0UBL,Call Sign,Amateur Full Radio Licence,Available,N
M,0,UBM,M0UBM,Call Sign,Amateur Full Radio Licence,Available,N
M,0,UBN,M0UBN,Call Sign,Amateur Full Radio Licence,Available,N
M,0,UBO,M0UBO,Call Sign,Amateur Full Radio Licence,Available,N
M,0,UBP,M0UBP,Call Sign,Amateur Full Radio Licence,Available,N
M,0,UBQ,M0UBQ,Call Sign,Amateur Full Radio Licence,Available,N
M,0,UBR,M0UBR,Call Sign,Amateur Full Radio Licence,Available,N
M,0,UBS,M0UBS,Call Sign,Amateur Full Radio Licence,Available,N
M,0,UBT,M0UBT,Call Sign,Amateur Full Radio Licence,Available,N
M,0,UBU,M0UBU,Call Sign,Amateur Full Radio Licence,Available,N
M,0,UBV,M0UBV,Call Sign,Amateur Full Radio Licence,Available,N
M,0,UBW,M0UBW,Call Sign,Amateur Full Radio Licence,Available,N
M,0,UBX,M0UBX,Call Sign,Amateur Full Radio Licence,Available,N
M,0,UBY,M0UBY,Call Sign,Amateur Full Radio Licence,Available,N
M,0,UBZ,M0UBZ,Call Sign,Amateur Full Radio Licence,Available,N
M,0,UCA,M0UCA,Call Sign,Amateur Full Radio Licence,Available,N
M,0,UCB,M0UCB,Call Sign,Amateur Full Radio Licence,Available,N
M,0,UCE,M0UCE,Call Sign,Amateur Full Radio Licence,Available,N
M,0,UCF,M0UCF,Call Sign,Amateur Full Radio Licence,Available,N
M,0,UCG,M0UCG,Call Sign,Amateur Full Radio Licence,Available,N
M,0,UCI,M0UCI,Call Sign,Amateur Full Radio Licence,Available,N
M,0,UCJ,M0UCJ,Call Sign,Amateur Full Radio Licence,Available,N
M,0,UCL,M0UCL,Call Sign,Amateur Full Radio Licence,Available,N
M,0,UCM,M0UCM,Call Sign,Amateur Full Radio Licence,Available,N
M,0,UCN,M0UCN,Call Sign,Amateur Full Radio Licence,Available,N
M,0,UCO,M0UCO,Call Sign,Amateur Full Radio Licence,Available,N
M,0,UCP,M0UCP,Call Sign,Amateur Full Radio Licence,Available,N
M,0,UCR,M0UCR,Call Sign,Amateur Full Radio Licence,Available,N
M,0,UCS,M0UCS,Call Sign,Amateur Full Radio Licence,Available,N
M,0,UCT,M0UCT,Call Sign,Amateur Full Radio Licence,Available,N
M,0,UCU,M0UCU,Call Sign,Amateur Full Radio Licence,Available,N
M,0,UCV,M0UCV,Call Sign,Amateur Full Radio Licence,Available,N
M,0,UCY,M0UCY,Call Sign,Amateur Full Radio Licence,Available,N
M,0,UCZ,M0UCZ,Call Sign,Amateur Full Radio Licence,Available,N
M,0,UDB,M0UDB,Call Sign,Amateur Full Radio Licence,Available,N
M,0,UDC,M0UDC,Call Sign,Amateur Full Radio Licence,Available,N
M,0,UDD,M0UDD,Call Sign,Amateur Full Radio Licence,Available,N
M,0,UDE,M0UDE,Call Sign,Amateur Full Radio Licence,Available,N
M,0,UDF,M0UDF,Call Sign,Amateur Full Radio Licence,Available,N
M,0,UDG,M0UDG,Call Sign,Amateur Full Radio Licence,Available,N
M,0,UDH,M0UDH,Call Sign,Amateur Full Radio Licence,Available,N
M,0,UDJ,M0UDJ,Call Sign,Amateur Full Radio Licence,Available,N
M,0,UDK,M0UDK,Call Sign,Amateur Full Radio Licence,Available,N
M,0,UDL,M0UDL,Call Sign,Amateur Full Radio Licence,Available,N
M,0,UDM,M0UDM,Call Sign,Amateur Full Radio Licence,Available,N
M,0,UDN,M0UDN,Call Sign,Amateur Full Radio Licence,Available,N
M,0,UDO,M0UDO,Call Sign,Amateur Full Radio Licence,Available,N
M,0,UDP,M0UDP,Call Sign,Amateur Full Radio Licence,Available,N
M,0,UDQ,M0UDQ,Call Sign,Amateur Full Radio Licence,Available,N
M,0,UDS,M0UDS,Call Sign,Amateur Full Radio Licence,Available,N
M,0,UDT,M0UDT,Call Sign,Amateur Full Radio Licence,Available,N
M,0,UDU,M0UDU,Call Sign,Amateur Full Radio Licence,Available,N
M,0,UDV,M0UDV,Call Sign,Amateur Full Radio Licence,Available,N
M,0,UDW,M0UDW,Call Sign,Amateur Full Radio Licence,Available,N
M,0,UDY,M0UDY,Call Sign,Amateur Full Radio Licence,Available,N
M,0,UDZ,M0UDZ,Call Sign,Amateur Full Radio Licence,Available,N
M,0,UEB,M0UEB,Call Sign,Amateur Full Radio Licence,Available,N
M,0,UEC,M0UEC,Call Sign,Amateur Full Radio Licence,Available,N
M,0,UEE,M0UEE,Call Sign,Amateur Full Radio Licence,Available,N
M,0,UEF,M0UEF,Call Sign,Amateur Full Radio Licence,Available,N
M,0,UEG,M0UEG,Call Sign,Amateur Full Radio Licence,Available,N
M,0,UEH,M0UEH,Call Sign,Amateur Full Radio Licence,Available,N
M,0,UEI,M0UEI,Call Sign,Amateur Full Radio Licence,Available,N
M,0,UEJ,M0UEJ,Call Sign,Amateur Full Radio Licence,Available,N
M,0,UEK,M0UEK,Call Sign,Amateur Full Radio Licence,Available,N
M,0,UEL,M0UEL,Call Sign,Amateur Full Radio Licence,Available,N
M,0,UEM,M0UEM,Call Sign,Amateur Full Radio Licence,Available,N
M,0,UEN,M0UEN,Call Sign,Amateur Full Radio Licence,Available,N
M,0,UEO,M0UEO,Call Sign,Amateur Full Radio Licence,Available,N
M,0,UEP,M0UEP,Call Sign,Amateur Full Radio Licence,Available,N
M,0,UEQ,M0UEQ,Call Sign,Amateur Full Radio Licence,Available,N
M,0,UER,M0UER,Call Sign,Amateur Full Radio Licence,Available,N
M,0,UES,M0UES,Call Sign,Amateur Full Radio Licence,Available,N
M,0,UET,M0UET,Call Sign,Amateur Full Radio Licence,Available,N
M,0,UEU,M0UEU,Call Sign,Amateur Full Radio Licence,Available,N
M,0,UEV,M0UEV,Call Sign,Amateur Full Radio Licence,Available,N
M,0,UEW,M0UEW,Call Sign,Amateur Full Radio Licence,Available,N
M,0,UEX,M0UEX,Call Sign,Amateur Full Radio Licence,Available,N
M,0,UEY,M0UEY,Call Sign,Amateur Full Radio Licence,Available,N
M,0,UFB,M0UFB,Call Sign,Amateur Full Radio Licence,Available,N
M,0,UFD,M0UFD,Call Sign,Amateur Full Radio Licence,Available,N
M,0,UFE,M0UFE,Call Sign,Amateur Full Radio Licence,Available,N
M,0,UFF,M0UFF,Call Sign,Amateur Full Radio Licence,Available,N
M,0,UFG,M0UFG,Call Sign,Amateur Full Radio Licence,Available,N
M,0,UFH,M0UFH,Call Sign,Amateur Full Radio Licence,Available,N
M,0,UFI,M0UFI,Call Sign,Amateur Full Radio Licence,Available,N
M,0,UFJ,M0UFJ,Call Sign,Amateur Full Radio Licence,Available,N
M,0,UFK,M0UFK,Call Sign,Amateur Full Radio Licence,Available,N
M,0,UFL,M0UFL,Call Sign,Amateur Full Radio Licence,Available,N
M,0,UFM,M0UFM,Call Sign,Amateur Full Radio Licence,Available,N
M,0,UFN,M0UFN,Call Sign,Amateur Full Radio Licence,Available,N
M,0,UFP,M0UFP,Call Sign,Amateur Full Radio Licence,Available,N
M,0,UFQ,M0UFQ,Call Sign,Amateur Full Radio Licence,Available,N
M,0,UFR,M0UFR,Call Sign,Amateur Full Radio Licence,Available,N
M,0,UFS,M0UFS,Call Sign,Amateur Full Radio Licence,Available,N
M,0,UFT,M0UFT,Call Sign,Amateur Full Radio Licence,Available,N
M,0,UFU,M0UFU,Call Sign,Amateur Full Radio Licence,Available,N
M,0,UFV,M0UFV,Call Sign,Amateur Full Radio Licence,Available,N
M,0,UFW,M0UFW,Call Sign,Amateur Full Radio Licence,Available,N
M,0,UFX,M0UFX,Call Sign,Amateur Full Radio Licence,Available,N
M,0,UFY,M0UFY,Call Sign,Amateur Full Radio Licence,Available,N
M,0,UFZ,M0UFZ,Call Sign,Amateur Full Radio Licence,Available,N
M,0,UGA,M0UGA,Call Sign,Amateur Full Radio Licence,Available,N
M,0,UGC,M0UGC,Call Sign,Amateur Full Radio Licence,Available,N
M,0,UGE,M0UGE,Call Sign,Amateur Full Radio Licence,Available,N
M,0,UGF,M0UGF,Call Sign,Amateur Full Radio Licence,Available,N
M,0,UGG,M0UGG,Call Sign,Amateur Full Radio Licence,Available,N
M,0,UGI,M0UGI,Call Sign,Amateur Full Radio Licence,Available,N
M,0,UGJ,M0UGJ,Call Sign,Amateur Full Radio Licence,Available,N
M,0,UGK,M0UGK,Call Sign,Amateur Full Radio Licence,Available,N
M,0,UGM,M0UGM,Call Sign,Amateur Full Radio Licence,Available,N
M,0,UGN,M0UGN,Call Sign,Amateur Full Radio Licence,Available,N
M,0,UGO,M0UGO,Call Sign,Amateur Full Radio Licence,Available,N
M,0,UGP,M0UGP,Call Sign,Amateur Full Radio Licence,Available,N
M,0,UGQ,M0UGQ,Call Sign,Amateur Full Radio Licence,Available,N
M,0,UGS,M0UGS,Call Sign,Amateur Full Radio Licence,Available,N
M,0,UGT,M0UGT,Call Sign,Amateur Full Radio Licence,Available,N
M,0,UGU,M0UGU,Call Sign,Amateur Full Radio Licence,Available,N
M,0,UGV,M0UGV,Call Sign,Amateur Full Radio Licence,Available,N
M,0,UGW,M0UGW,Call Sign,Amateur Full Radio Licence,Available,N
M,0,UGX,M0UGX,Call Sign,Amateur Full Radio Licence,Available,N
M,0,UGY,M0UGY,Call Sign,Amateur Full Radio Licence,Available,N
M,0,UGZ,M0UGZ,Call Sign,Amateur Full Radio Licence,Available,N
M,0,UHA,M0UHA,Call Sign,Amateur Full Radio Licence,Available,N
M,0,UHB,M0UHB,Call Sign,Amateur Full Radio Licence,Available,N
M,0,UHC,M0UHC,Call Sign,Amateur Full Radio Licence,Available,N
M,0,UHD,M0UHD,Call Sign,Amateur Full Radio Licence,Available,N
M,0,UHE,M0UHE,Call Sign,Amateur Full Radio Licence,Available,N
M,0,UHG,M0UHG,Call Sign,Amateur Full Radio Licence,Available,N
M,0,UHH,M0UHH,Call Sign,Amateur Full Radio Licence,Available,N
M,0,UHI,M0UHI,Call Sign,Amateur Full Radio Licence,Available,N
M,0,UHJ,M0UHJ,Call Sign,Amateur Full Radio Licence,Available,N
M,0,UHK,M0UHK,Call Sign,Amateur Full Radio Licence,Available,N
M,0,UHL,M0UHL,Call Sign,Amateur Full Radio Licence,Available,N
M,0,UHM,M0UHM,Call Sign,Amateur Full Radio Licence,Available,N
M,0,UHN,M0UHN,Call Sign,Amateur Full Radio Licence,Available,N
M,0,UHO,M0UHO,Call Sign,Amateur Full Radio Licence,Available,N
M,0,UHP,M0UHP,Call Sign,Amateur Full Radio Licence,Available,N
M,0,UHQ,M0UHQ,Call Sign,Amateur Full Radio Licence,Available,N
M,0,UHR,M0UHR,Call Sign,Amateur Full Radio Licence,Available,N
M,0,UHS,M0UHS,Call Sign,Amateur Full Radio Licence,Available,N
M,0,UHT,M0UHT,Call Sign,Amateur Full Radio Licence,Available,N
M,0,UHU,M0UHU,Call Sign,Amateur Full Radio Licence,Available,N
M,0,UHV,M0UHV,Call Sign,Amateur Full Radio Licence,Available,N
M,0,UHW,M0UHW,Call Sign,Amateur Full Radio Licence,Available,N
M,0,UHX,M0UHX,Call Sign,Amateur Full Radio Licence,Available,N
M,0,UHY,M0UHY,Call Sign,Amateur Full Radio Licence,Available,N
M,0,UHZ,M0UHZ,Call Sign,Amateur Full Radio Licence,Available,N
M,0,UIA,M0UIA,Call Sign,Amateur Full Radio Licence,Available,N
M,0,UIB,M0UIB,Call Sign,Amateur Full Radio Licence,Available,N
M,0,UIC,M0UIC,Call Sign,Amateur Full Radio Licence,Available,N
M,0,UID,M0UID,Call Sign,Amateur Full Radio Licence,Available,N
M,0,UIE,M0UIE,Call Sign,Amateur Full Radio Licence,Available,N
M,0,UIF,M0UIF,Call Sign,Amateur Full Radio Licence,Available,N
M,0,UIH,M0UIH,Call Sign,Amateur Full Radio Licence,Available,N
M,0,UII,M0UII,Call Sign,Amateur Full Radio Licence,Available,N
M,0,UIJ,M0UIJ,Call Sign,Amateur Full Radio Licence,Available,N
M,0,UIK,M0UIK,Call Sign,Amateur Full Radio Licence,Available,N
M,0,UIL,M0UIL,Call Sign,Amateur Full Radio Licence,Available,N
M,0,UIM,M0UIM,Call Sign,Amateur Full Radio Licence,Available,N
M,0,UIN,M0UIN,Call Sign,Amateur Full Radio Licence,Available,N
M,0,UIO,M0UIO,Call Sign,Amateur Full Radio Licence,Available,N
M,0,UIP,M0UIP,Call Sign,Amateur Full Radio Licence,Available,N
M,0,UIQ,M0UIQ,Call Sign,Amateur Full Radio Licence,Available,N
M,0,UIR,M0UIR,Call Sign,Amateur Full Radio Licence,Available,N
M,0,UIS,M0UIS,Call Sign,Amateur Full Radio Licence,Available,N
M,0,UIT,M0UIT,Call Sign,Amateur Full Radio Licence,Available,N
M,0,UIU,M0UIU,Call Sign,Amateur Full Radio Licence,Available,N
M,0,UIV,M0UIV,Call Sign,Amateur Full Radio Licence,Available,N
M,0,UIW,M0UIW,Call Sign,Amateur Full Radio Licence,Available,N
M,0,UIX,M0UIX,Call Sign,Amateur Full Radio Licence,Available,N
M,0,UIY,M0UIY,Call Sign,Amateur Full Radio Licence,Available,N
M,0,UIZ,M0UIZ,Call Sign,Amateur Full Radio Licence,Available,N
M,0,UJA,M0UJA,Call Sign,Amateur Full Radio Licence,Available,N
M,0,UJB,M0UJB,Call Sign,Amateur Full Radio Licence,Available,N
M,0,UJE,M0UJE,Call Sign,Amateur Full Radio Licence,Available,N
M,0,UJF,M0UJF,Call Sign,Amateur Full Radio Licence,Available,N
M,0,UJG,M0UJG,Call Sign,Amateur Full Radio Licence,Available,N
M,0,UJH,M0UJH,Call Sign,Amateur Full Radio Licence,Available,N
M,0,UJI,M0UJI,Call Sign,Amateur Full Radio Licence,Available,N
M,0,UJJ,M0UJJ,Call Sign,Amateur Full Radio Licence,Available,N
M,0,UJK,M0UJK,Call Sign,Amateur Full Radio Licence,Available,N
M,0,UJL,M0UJL,Call Sign,Amateur Full Radio Licence,Available,N
M,0,UJM,M0UJM,Call Sign,Amateur Full Radio Licence,Available,N
M,0,UJN,M0UJN,Call Sign,Amateur Full Radio Licence,Available,N
M,0,UJO,M0UJO,Call Sign,Amateur Full Radio Licence,Available,N
M,0,UJP,M0UJP,Call Sign,Amateur Full Radio Licence,Available,N
M,0,UJQ,M0UJQ,Call Sign,Amateur Full Radio Licence,Available,N
M,0,UJR,M0UJR,Call Sign,Amateur Full Radio Licence,Available,N
M,0,UJS,M0UJS,Call Sign,Amateur Full Radio Licence,Available,N
M,0,UJT,M0UJT,Call Sign,Amateur Full Radio Licence,Available,N
M,0,UJU,M0UJU,Call Sign,Amateur Full Radio Licence,Available,N
M,0,UJV,M0UJV,Call Sign,Amateur Full Radio Licence,Available,N
M,0,UJW,M0UJW,Call Sign,Amateur Full Radio Licence,Available,N
M,0,UJX,M0UJX,Call Sign,Amateur Full Radio Licence,Available,N
M,0,UJY,M0UJY,Call Sign,Amateur Full Radio Licence,Available,N
M,0,UJZ,M0UJZ,Call Sign,Amateur Full Radio Licence,Available,N
M,0,UKB,M0UKB,Call Sign,Amateur Full Radio Licence,Available,N
M,0,UKE,M0UKE,Call Sign,Amateur Full Radio Licence,Available,N
M,0,UKF,M0UKF,Call Sign,Amateur Full Radio Licence,Available,N
M,0,UKH,M0UKH,Call Sign,Amateur Full Radio Licence,Available,N
M,0,UKJ,M0UKJ,Call Sign,Amateur Full Radio Licence,Available,N
M,0,UKK,M0UKK,Call Sign,Amateur Full Radio Licence,Available,N
M,0,UKL,M0UKL,Call Sign,Amateur Full Radio Licence,Available,N
M,0,UKM,M0UKM,Call Sign,Amateur Full Radio Licence,Available,N
M,0,UKN,M0UKN,Call Sign,Amateur Full Radio Licence,Available,N
M,0,UKO,M0UKO,Call Sign,Amateur Full Radio Licence,Available,N
M,0,UKP,M0UKP,Call Sign,Amateur Full Radio Licence,Available,N
M,0,UKQ,M0UKQ,Call Sign,Amateur Full Radio Licence,Available,N
M,0,UKT,M0UKT,Call Sign,Amateur Full Radio Licence,Available,N
M,0,UKU,M0UKU,Call Sign,Amateur Full Radio Licence,Available,N
M,0,UKV,M0UKV,Call Sign,Amateur Full Radio Licence,Available,N
M,0,UKX,M0UKX,Call Sign,Amateur Full Radio Licence,Available,N
M,0,UKY,M0UKY,Call Sign,Amateur Full Radio Licence,Available,N
M,0,UKZ,M0UKZ,Call Sign,Amateur Full Radio Licence,Available,N
M,0,ULA,M0ULA,Call Sign,Amateur Full Radio Licence,Available,N
M,0,ULB,M0ULB,Call Sign,Amateur Full Radio Licence,Available,N
M,0,ULG,M0ULG,Call Sign,Amateur Full Radio Licence,Available,N
M,0,ULH,M0ULH,Call Sign,Amateur Full Radio Licence,Available,N
M,0,ULI,M0ULI,Call Sign,Amateur Full Radio Licence,Available,N
M,0,ULJ,M0ULJ,Call Sign,Amateur Full Radio Licence,Available,N
M,0,ULL,M0ULL,Call Sign,Amateur Full Radio Licence,Available,N
M,0,ULM,M0ULM,Call Sign,Amateur Full Radio Licence,Available,N
M,0,ULN,M0ULN,Call Sign,Amateur Full Radio Licence,Available,N
M,0,ULO,M0ULO,Call Sign,Amateur Full Radio Licence,Available,N
M,0,ULP,M0ULP,Call Sign,Amateur Full Radio Licence,Available,N
M,0,ULQ,M0ULQ,Call Sign,Amateur Full Radio Licence,Available,N
M,0,ULU,M0ULU,Call Sign,Amateur Full Radio Licence,Available,N
M,0,ULV,M0ULV,Call Sign,Amateur Full Radio Licence,Available,N
M,0,ULW,M0ULW,Call Sign,Amateur Full Radio Licence,Available,N
M,0,ULX,M0ULX,Call Sign,Amateur Full Radio Licence,Available,N
M,0,ULY,M0ULY,Call Sign,Amateur Full Radio Licence,Available,N
M,0,ULZ,M0ULZ,Call Sign,Amateur Full Radio Licence,Available,N
M,0,UMA,M0UMA,Call Sign,Amateur Full Radio Licence,Available,N
M,0,UMB,M0UMB,Call Sign,Amateur Full Radio Licence,Available,N
M,0,UMC,M0UMC,Call Sign,Amateur Full Radio Licence,Available,N
M,0,UMD,M0UMD,Call Sign,Amateur Full Radio Licence,Available,N
M,0,UME,M0UME,Call Sign,Amateur Full Radio Licence,Available,N
M,0,UMF,M0UMF,Call Sign,Amateur Full Radio Licence,Available,N
M,0,UMG,M0UMG,Call Sign,Amateur Full Radio Licence,Available,N
M,0,UMI,M0UMI,Call Sign,Amateur Full Radio Licence,Available,N
M,0,UMJ,M0UMJ,Call Sign,Amateur Full Radio Licence,Available,N
M,0,UMK,M0UMK,Call Sign,Amateur Full Radio Licence,Available,N
M,0,UML,M0UML,Call Sign,Amateur Full Radio Licence,Available,N
M,0,UMM,M0UMM,Call Sign,Amateur Full Radio Licence,Available,N
M,0,UMN,M0UMN,Call Sign,Amateur Full Radio Licence,Available,N
M,0,UMO,M0UMO,Call Sign,Amateur Full Radio Licence,Available,N
M,0,UMP,M0UMP,Call Sign,Amateur Full Radio Licence,Available,N
M,0,UMQ,M0UMQ,Call Sign,Amateur Full Radio Licence,Available,N
M,0,UMR,M0UMR,Call Sign,Amateur Full Radio Licence,Available,N
M,0,UMS,M0UMS,Call Sign,Amateur Full Radio Licence,Available,N
M,0,UMT,M0UMT,Call Sign,Amateur Full Radio Licence,Available,N
M,0,UMU,M0UMU,Call Sign,Amateur Full Radio Licence,Available,N
M,0,UMV,M0UMV,Call Sign,Amateur Full Radio Licence,Available,N
M,0,UMW,M0UMW,Call Sign,Amateur Full Radio Licence,Available,N
M,0,UMX,M0UMX,Call Sign,Amateur Full Radio Licence,Available,N
M,0,UMY,M0UMY,Call Sign,Amateur Full Radio Licence,Available,N
M,0,UMZ,M0UMZ,Call Sign,Amateur Full Radio Licence,Available,N
M,0,UNB,M0UNB,Call Sign,Amateur Full Radio Licence,Available,N
M,0,UNE,M0UNE,Call Sign,Amateur Full Radio Licence,Available,N
M,0,UNH,M0UNH,Call Sign,Amateur Full Radio Licence,Available,N
M,0,UNK,M0UNK,Call Sign,Amateur Full Radio Licence,Available,N
M,0,UNL,M0UNL,Call Sign,Amateur Full Radio Licence,Available,N
M,0,UNM,M0UNM,Call Sign,Amateur Full Radio Licence,Available,N
M,0,UNP,M0UNP,Call Sign,Amateur Full Radio Licence,Available,N
M,0,UNQ,M0UNQ,Call Sign,Amateur Full Radio Licence,Available,N
M,0,UNR,M0UNR,Call Sign,Amateur Full Radio Licence,Available,N
M,0,UNS,M0UNS,Call Sign,Amateur Full Radio Licence,Available,N
M,0,UNU,M0UNU,Call Sign,Amateur Full Radio Licence,Available,N
M,0,UNV,M0UNV,Call Sign,Amateur Full Radio Licence,Available,N
M,0,UNW,M0UNW,Call Sign,Amateur Full Radio Licence,Available,N
M,0,UNX,M0UNX,Call Sign,Amateur Full Radio Licence,Available,N
M,0,UNY,M0UNY,Call Sign,Amateur Full Radio Licence,Available,N
M,0,UNZ,M0UNZ,Call Sign,Amateur Full Radio Licence,Available,N
M,0,UOA,M0UOA,Call Sign,Amateur Full Radio Licence,Available,N
M,0,UOB,M0UOB,Call Sign,Amateur Full Radio Licence,Available,N
M,0,UOC,M0UOC,Call Sign,Amateur Full Radio Licence,Available,N
M,0,UOD,M0UOD,Call Sign,Amateur Full Radio Licence,Available,N
M,0,UOF,M0UOF,Call Sign,Amateur Full Radio Licence,Available,N
M,0,UOH,M0UOH,Call Sign,Amateur Full Radio Licence,Available,N
M,0,UOI,M0UOI,Call Sign,Amateur Full Radio Licence,Available,N
M,0,UOJ,M0UOJ,Call Sign,Amateur Full Radio Licence,Available,N
M,0,UOL,M0UOL,Call Sign,Amateur Full Radio Licence,Available,N
M,0,UOM,M0UOM,Call Sign,Amateur Full Radio Licence,Available,N
M,0,UON,M0UON,Call Sign,Amateur Full Radio Licence,Available,N
M,0,UOP,M0UOP,Call Sign,Amateur Full Radio Licence,Available,N
M,0,UOQ,M0UOQ,Call Sign,Amateur Full Radio Licence,Available,N
M,0,UOR,M0UOR,Call Sign,Amateur Full Radio Licence,Available,N
M,0,UOS,M0UOS,Call Sign,Amateur Full Radio Licence,Available,N
M,0,UOT,M0UOT,Call Sign,Amateur Full Radio Licence,Available,N
M,0,UOU,M0UOU,Call Sign,Amateur Full Radio Licence,Available,N
M,0,UOV,M0UOV,Call Sign,Amateur Full Radio Licence,Available,N
M,0,UOW,M0UOW,Call Sign,Amateur Full Radio Licence,Available,N
M,0,UOX,M0UOX,Call Sign,Amateur Full Radio Licence,Available,N
M,0,UOY,M0UOY,Call Sign,Amateur Full Radio Licence,Available,N
M,0,UOZ,M0UOZ,Call Sign,Amateur Full Radio Licence,Available,N
M,0,UPA,M0UPA,Call Sign,Amateur Full Radio Licence,Available,N
M,0,UPB,M0UPB,Call Sign,Amateur Full Radio Licence,Available,N
M,0,UPC,M0UPC,Call Sign,Amateur Full Radio Licence,Available,N
M,0,UPD,M0UPD,Call Sign,Amateur Full Radio Licence,Available,N
M,0,UPE,M0UPE,Call Sign,Amateur Full Radio Licence,Available,N
M,0,UPF,M0UPF,Call Sign,Amateur Full Radio Licence,Available,N
M,0,UPG,M0UPG,Call Sign,Amateur Full Radio Licence,Available,N
M,0,UPI,M0UPI,Call Sign,Amateur Full Radio Licence,Available,N
M,0,UPJ,M0UPJ,Call Sign,Amateur Full Radio Licence,Available,N
M,0,UPK,M0UPK,Call Sign,Amateur Full Radio Licence,Available,N
M,0,UPL,M0UPL,Call Sign,Amateur Full Radio Licence,Available,N
M,0,UPM,M0UPM,Call Sign,Amateur Full Radio Licence,Available,N
M,0,UPN,M0UPN,Call Sign,Amateur Full Radio Licence,Available,N
M,0,UPO,M0UPO,Call Sign,Amateur Full Radio Licence,Available,N
M,0,UPP,M0UPP,Call Sign,Amateur Full Radio Licence,Available,N
M,0,UPQ,M0UPQ,Call Sign,Amateur Full Radio Licence,Available,N
M,0,UPR,M0UPR,Call Sign,Amateur Full Radio Licence,Available,N
M,0,UPS,M0UPS,Call Sign,Amateur Full Radio Licence,Available,N
M,0,UPT,M0UPT,Call Sign,Amateur Full Radio Licence,Available,N
M,0,UPV,M0UPV,Call Sign,Amateur Full Radio Licence,Available,N
M,0,UPW,M0UPW,Call Sign,Amateur Full Radio Licence,Available,N
M,0,UPX,M0UPX,Call Sign,Amateur Full Radio Licence,Available,N
M,0,UPY,M0UPY,Call Sign,Amateur Full Radio Licence,Available,N
M,0,UPZ,M0UPZ,Call Sign,Amateur Full Radio Licence,Available,N
M,0,UQA,M0UQA,Call Sign,Amateur Full Radio Licence,Available,N
M,0,UQB,M0UQB,Call Sign,Amateur Full Radio Licence,Available,N
M,0,UQC,M0UQC,Call Sign,Amateur Full Radio Licence,Available,N
M,0,UQD,M0UQD,Call Sign,Amateur Full Radio Licence,Available,N
M,0,UQE,M0UQE,Call Sign,Amateur Full Radio Licence,Available,N
M,0,UQF,M0UQF,Call Sign,Amateur Full Radio Licence,Available,N
M,0,UQG,M0UQG,Call Sign,Amateur Full Radio Licence,Available,N
M,0,UQH,M0UQH,Call Sign,Amateur Full Radio Licence,Available,N
M,0,UQI,M0UQI,Call Sign,Amateur Full Radio Licence,Available,N
M,0,UQJ,M0UQJ,Call Sign,Amateur Full Radio Licence,Available,N
M,0,UQK,M0UQK,Call Sign,Amateur Full Radio Licence,Available,N
M,0,UQL,M0UQL,Call Sign,Amateur Full Radio Licence,Available,N
M,0,UQM,M0UQM,Call Sign,Amateur Full Radio Licence,Available,N
M,0,UQN,M0UQN,Call Sign,Amateur Full Radio Licence,Available,N
M,0,UQO,M0UQO,Call Sign,Amateur Full Radio Licence,Available,N
M,0,UQP,M0UQP,Call Sign,Amateur Full Radio Licence,Available,N
M,0,UQQ,M0UQQ,Call Sign,Amateur Full Radio Licence,Available,N
M,0,UQR,M0UQR,Call Sign,Amateur Full Radio Licence,Available,N
M,0,UQS,M0UQS,Call Sign,Amateur Full Radio Licence,Available,N
M,0,UQT,M0UQT,Call Sign,Amateur Full Radio Licence,Available,N
M,0,UQU,M0UQU,Call Sign,Amateur Full Radio Licence,Available,N
M,0,UQV,M0UQV,Call Sign,Amateur Full Radio Licence,Available,N
M,0,UQW,M0UQW,Call Sign,Amateur Full Radio Licence,Available,N
M,0,UQX,M0UQX,Call Sign,Amateur Full Radio Licence,Available,N
M,0,UQY,M0UQY,Call Sign,Amateur Full Radio Licence,Available,N
M,0,UQZ,M0UQZ,Call Sign,Amateur Full Radio Licence,Available,N
M,0,URA,M0URA,Call Sign,Amateur Full Radio Licence,Available,N
M,0,URB,M0URB,Call Sign,Amateur Full Radio Licence,Available,N
M,0,URD,M0URD,Call Sign,Amateur Full Radio Licence,Available,N
M,0,URE,M0URE,Call Sign,Amateur Full Radio Licence,Available,N
M,0,URF,M0URF,Call Sign,Amateur Full Radio Licence,Available,N
M,0,URG,M0URG,Call Sign,Amateur Full Radio Licence,Available,N
M,0,URH,M0URH,Call Sign,Amateur Full Radio Licence,Available,N
M,0,URI,M0URI,Call Sign,Amateur Full Radio Licence,Available,N
M,0,URK,M0URK,Call Sign,Amateur Full Radio Licence,Available,N
M,0,URM,M0URM,Call Sign,Amateur Full Radio Licence,Available,N
M,0,URO,M0URO,Call Sign,Amateur Full Radio Licence,Available,N
M,0,URP,M0URP,Call Sign,Amateur Full Radio Licence,Available,N
M,0,URQ,M0URQ,Call Sign,Amateur Full Radio Licence,Available,N
M,0,URR,M0URR,Call Sign,Amateur Full Radio Licence,Available,N
M,0,URS,M0URS,Call Sign,Amateur Full Radio Licence,Available,N
M,0,URT,M0URT,Call Sign,Amateur Full Radio Licence,Available,N
M,0,URU,M0URU,Call Sign,Amateur Full Radio Licence,Available,N
M,0,URV,M0URV,Call Sign,Amateur Full Radio Licence,Available,N
M,0,URW,M0URW,Call Sign,Amateur Full Radio Licence,Available,N
M,0,URY,M0URY,Call Sign,Amateur Full Radio Licence,Available,N
M,0,URZ,M0URZ,Call Sign,Amateur Full Radio Licence,Available,N
M,0,USC,M0USC,Call Sign,Amateur Full Radio Licence,Available,N
M,0,USF,M0USF,Call Sign,Amateur Full Radio Licence,Available,N
M,0,USG,M0USG,Call Sign,Amateur Full Radio Licence,Available,N
M,0,USI,M0USI,Call Sign,Amateur Full Radio Licence,Available,N
M,0,USJ,M0USJ,Call Sign,Amateur Full Radio Licence,Available,N
M,0,USL,M0USL,Call Sign,Amateur Full Radio Licence,Available,N
M,0,USM,M0USM,Call Sign,Amateur Full Radio Licence,Available,N
M,0,USN,M0USN,Call Sign,Amateur Full Radio Licence,Available,N
M,0,USO,M0USO,Call Sign,Amateur Full Radio Licence,Available,N
M,0,USP,M0USP,Call Sign,Amateur Full Radio Licence,Available,N
M,0,USQ,M0USQ,Call Sign,Amateur Full Radio Licence,Available,N
M,0,USS,M0USS,Call Sign,Amateur Full Radio Licence,Available,N
M,0,USW,M0USW,Call Sign,Amateur Full Radio Licence,Available,N
M,0,USX,M0USX,Call Sign,Amateur Full Radio Licence,Available,N
M,0,USZ,M0USZ,Call Sign,Amateur Full Radio Licence,Available,N
M,0,UTB,M0UTB,Call Sign,Amateur Full Radio Licence,Available,N
M,0,UTF,M0UTF,Call Sign,Amateur Full Radio Licence,Available,N
M,0,UTI,M0UTI,Call Sign,Amateur Full Radio Licence,Available,N
M,0,UTJ,M0UTJ,Call Sign,Amateur Full Radio Licence,Available,N
M,0,UTK,M0UTK,Call Sign,Amateur Full Radio Licence,Available,N
M,0,UTL,M0UTL,Call Sign,Amateur Full Radio Licence,Available,N
M,0,UTM,M0UTM,Call Sign,Amateur Full Radio Licence,Available,N
M,0,UTN,M0UTN,Call Sign,Amateur Full Radio Licence,Available,N
M,0,UTO,M0UTO,Call Sign,Amateur Full Radio Licence,Available,N
M,0,UTP,M0UTP,Call Sign,Amateur Full Radio Licence,Available,N
M,0,UTQ,M0UTQ,Call Sign,Amateur Full Radio Licence,Available,N
M,0,UTR,M0UTR,Call Sign,Amateur Full Radio Licence,Available,N
M,0,UTS,M0UTS,Call Sign,Amateur Full Radio Licence,Available,N
M,0,UTT,M0UTT,Call Sign,Amateur Full Radio Licence,Available,N
M,0,UTU,M0UTU,Call Sign,Amateur Full Radio Licence,Available,N
M,0,UTV,M0UTV,Call Sign,Amateur Full Radio Licence,Available,N
M,0,UTW,M0UTW,Call Sign,Amateur Full Radio Licence,Available,N
M,0,UTZ,M0UTZ,Call Sign,Amateur Full Radio Licence,Available,N
M,0,UUA,M0UUA,Call Sign,Amateur Full Radio Licence,Available,N
M,0,UUB,M0UUB,Call Sign,Amateur Full Radio Licence,Available,N
M,0,UUC,M0UUC,Call Sign,Amateur Full Radio Licence,Available,N
M,0,UUD,M0UUD,Call Sign,Amateur Full Radio Licence,Available,N
M,0,UUE,M0UUE,Call Sign,Amateur Full Radio Licence,Available,N
M,0,UUF,M0UUF,Call Sign,Amateur Full Radio Licence,Available,N
M,0,UUG,M0UUG,Call Sign,Amateur Full Radio Licence,Available,N
M,0,UUH,M0UUH,Call Sign,Amateur Full Radio Licence,Available,N
M,0,UUI,M0UUI,Call Sign,Amateur Full Radio Licence,Available,N
M,0,UUJ,M0UUJ,Call Sign,Amateur Full Radio Licence,Available,N
M,0,UUL,M0UUL,Call Sign,Amateur Full Radio Licence,Available,N
M,0,UUM,M0UUM,Call Sign,Amateur Full Radio Licence,Available,N
M,0,UUN,M0UUN,Call Sign,Amateur Full Radio Licence,Available,N
M,0,UUO,M0UUO,Call Sign,Amateur Full Radio Licence,Available,N
M,0,UUP,M0UUP,Call Sign,Amateur Full Radio Licence,Available,N
M,0,UUQ,M0UUQ,Call Sign,Amateur Full Radio Licence,Available,N
M,0,UUR,M0UUR,Call Sign,Amateur Full Radio Licence,Available,N
M,0,UUS,M0UUS,Call Sign,Amateur Full Radio Licence,Available,N
M,0,UUT,M0UUT,Call Sign,Amateur Full Radio Licence,Available,N
M,0,UUV,M0UUV,Call Sign,Amateur Full Radio Licence,Available,N
M,0,UUW,M0UUW,Call Sign,Amateur Full Radio Licence,Available,N
M,0,UUX,M0UUX,Call Sign,Amateur Full Radio Licence,Available,N
M,0,UUY,M0UUY,Call Sign,Amateur Full Radio Licence,Available,N
M,0,UUZ,M0UUZ,Call Sign,Amateur Full Radio Licence,Available,N
M,0,UVB,M0UVB,Call Sign,Amateur Full Radio Licence,Available,N
M,0,UVC,M0UVC,Call Sign,Amateur Full Radio Licence,Available,N
M,0,UVD,M0UVD,Call Sign,Amateur Full Radio Licence,Available,N
M,0,UVE,M0UVE,Call Sign,Amateur Full Radio Licence,Available,N
M,0,UVF,M0UVF,Call Sign,Amateur Full Radio Licence,Available,N
M,0,UVG,M0UVG,Call Sign,Amateur Full Radio Licence,Available,N
M,0,UVH,M0UVH,Call Sign,Amateur Full Radio Licence,Available,N
M,0,UVI,M0UVI,Call Sign,Amateur Full Radio Licence,Available,N
M,0,UVJ,M0UVJ,Call Sign,Amateur Full Radio Licence,Available,N
M,0,UVL,M0UVL,Call Sign,Amateur Full Radio Licence,Available,N
M,0,UVM,M0UVM,Call Sign,Amateur Full Radio Licence,Available,N
M,0,UVN,M0UVN,Call Sign,Amateur Full Radio Licence,Available,N
M,0,UVO,M0UVO,Call Sign,Amateur Full Radio Licence,Available,N
M,0,UVP,M0UVP,Call Sign,Amateur Full Radio Licence,Available,N
M,0,UVQ,M0UVQ,Call Sign,Amateur Full Radio Licence,Available,N
M,0,UVS,M0UVS,Call Sign,Amateur Full Radio Licence,Available,N
M,0,UVT,M0UVT,Call Sign,Amateur Full Radio Licence,Available,N
M,0,UVU,M0UVU,Call Sign,Amateur Full Radio Licence,Available,N
M,0,UVV,M0UVV,Call Sign,Amateur Full Radio Licence,Available,N
M,0,UVW,M0UVW,Call Sign,Amateur Full Radio Licence,Available,N
M,0,UVX,M0UVX,Call Sign,Amateur Full Radio Licence,Available,N
M,0,UVY,M0UVY,Call Sign,Amateur Full Radio Licence,Available,N
M,0,UVZ,M0UVZ,Call Sign,Amateur Full Radio Licence,Available,N
M,0,UWA,M0UWA,Call Sign,Amateur Full Radio Licence,Available,N
M,0,UWB,M0UWB,Call Sign,Amateur Full Radio Licence,Available,N
M,0,UWC,M0UWC,Call Sign,Amateur Full Radio Licence,Available,N
M,0,UWE,M0UWE,Call Sign,Amateur Full Radio Licence,Available,N
M,0,UWF,M0UWF,Call Sign,Amateur Full Radio Licence,Available,N
M,0,UWG,M0UWG,Call Sign,Amateur Full Radio Licence,Available,N
M,0,UWH,M0UWH,Call Sign,Amateur Full Radio Licence,Available,N
M,0,UWI,M0UWI,Call Sign,Amateur Full Radio Licence,Available,N
M,0,UWJ,M0UWJ,Call Sign,Amateur Full Radio Licence,Available,N
M,0,UWK,M0UWK,Call Sign,Amateur Full Radio Licence,Available,N
M,0,UWL,M0UWL,Call Sign,Amateur Full Radio Licence,Available,N
M,0,UWM,M0UWM,Call Sign,Amateur Full Radio Licence,Available,N
M,0,UWN,M0UWN,Call Sign,Amateur Full Radio Licence,Available,N
M,0,UWO,M0UWO,Call Sign,Amateur Full Radio Licence,Available,N
M,0,UWP,M0UWP,Call Sign,Amateur Full Radio Licence,Available,N
M,0,UWQ,M0UWQ,Call Sign,Amateur Full Radio Licence,Available,N
M,0,UWR,M0UWR,Call Sign,Amateur Full Radio Licence,Available,N
M,0,UWT,M0UWT,Call Sign,Amateur Full Radio Licence,Available,N
M,0,UWV,M0UWV,Call Sign,Amateur Full Radio Licence,Available,N
M,0,UWW,M0UWW,Call Sign,Amateur Full Radio Licence,Available,N
M,0,UWX,M0UWX,Call Sign,Amateur Full Radio Licence,Available,N
M,0,UWY,M0UWY,Call Sign,Amateur Full Radio Licence,Available,N
M,0,UWZ,M0UWZ,Call Sign,Amateur Full Radio Licence,Available,N
M,0,UXA,M0UXA,Call Sign,Amateur Full Radio Licence,Available,N
M,0,UXC,M0UXC,Call Sign,Amateur Full Radio Licence,Available,N
M,0,UXD,M0UXD,Call Sign,Amateur Full Radio Licence,Available,N
M,0,UXF,M0UXF,Call Sign,Amateur Full Radio Licence,Available,N
M,0,UXG,M0UXG,Call Sign,Amateur Full Radio Licence,Available,N
M,0,UXI,M0UXI,Call Sign,Amateur Full Radio Licence,Available,N
M,0,UXJ,M0UXJ,Call Sign,Amateur Full Radio Licence,Available,N
M,0,UXK,M0UXK,Call Sign,Amateur Full Radio Licence,Available,N
M,0,UXL,M0UXL,Call Sign,Amateur Full Radio Licence,Available,N
M,0,UXM,M0UXM,Call Sign,Amateur Full Radio Licence,Available,N
M,0,UXN,M0UXN,Call Sign,Amateur Full Radio Licence,Available,N
M,0,UXP,M0UXP,Call Sign,Amateur Full Radio Licence,Available,N
M,0,UXQ,M0UXQ,Call Sign,Amateur Full Radio Licence,Available,N
M,0,UXR,M0UXR,Call Sign,Amateur Full Radio Licence,Available,N
M,0,UXT,M0UXT,Call Sign,Amateur Full Radio Licence,Available,N
M,0,UXU,M0UXU,Call Sign,Amateur Full Radio Licence,Available,N
M,0,UXV,M0UXV,Call Sign,Amateur Full Radio Licence,Available,N
M,0,UXW,M0UXW,Call Sign,Amateur Full Radio Licence,Available,N
M,0,UXX,M0UXX,Call Sign,Amateur Full Radio Licence,Available,N
M,0,UXY,M0UXY,Call Sign,Amateur Full Radio Licence,Available,N
M,0,UXZ,M0UXZ,Call Sign,Amateur Full Radio Licence,Available,N
M,0,UYA,M0UYA,Call Sign,Amateur Full Radio Licence,Available,N
M,0,UYB,M0UYB,Call Sign,Amateur Full Radio Licence,Available,N
M,0,UYC,M0UYC,Call Sign,Amateur Full Radio Licence,Available,N
M,0,UYE,M0UYE,Call Sign,Amateur Full Radio Licence,Available,N
M,0,UYF,M0UYF,Call Sign,Amateur Full Radio Licence,Available,N
M,0,UYG,M0UYG,Call Sign,Amateur Full Radio Licence,Available,N
M,0,UYH,M0UYH,Call Sign,Amateur Full Radio Licence,Available,N
M,0,UYI,M0UYI,Call Sign,Amateur Full Radio Licence,Available,N
M,0,UYJ,M0UYJ,Call Sign,Amateur Full Radio Licence,Available,N
M,0,UYK,M0UYK,Call Sign,Amateur Full Radio Licence,Available,N
M,0,UYL,M0UYL,Call Sign,Amateur Full Radio Licence,Available,N
M,0,UYM,M0UYM,Call Sign,Amateur Full Radio Licence,Available,N
M,0,UYN,M0UYN,Call Sign,Amateur Full Radio Licence,Available,N
M,0,UYO,M0UYO,Call Sign,Amateur Full Radio Licence,Available,N
M,0,UYP,M0UYP,Call Sign,Amateur Full Radio Licence,Available,N
M,0,UYQ,M0UYQ,Call Sign,Amateur Full Radio Licence,Available,N
M,0,UYS,M0UYS,Call Sign,Amateur Full Radio Licence,Available,N
M,0,UYT,M0UYT,Call Sign,Amateur Full Radio Licence,Available,N
M,0,UYU,M0UYU,Call Sign,Amateur Full Radio Licence,Available,N
M,0,UYV,M0UYV,Call Sign,Amateur Full Radio Licence,Available,N
M,0,UYW,M0UYW,Call Sign,Amateur Full Radio Licence,Available,N
M,0,UYX,M0UYX,Call Sign,Amateur Full Radio Licence,Available,N
M,0,UYY,M0UYY,Call Sign,Amateur Full Radio Licence,Available,N
M,0,UYZ,M0UYZ,Call Sign,Amateur Full Radio Licence,Available,N
M,0,UZA,M0UZA,Call Sign,Amateur Full Radio Licence,Available,N
M,0,UZB,M0UZB,Call Sign,Amateur Full Radio Licence,Available,N
M,0,UZC,M0UZC,Call Sign,Amateur Full Radio Licence,Available,N
M,0,UZD,M0UZD,Call Sign,Amateur Full Radio Licence,Available,N
M,0,UZE,M0UZE,Call Sign,Amateur Full Radio Licence,Available,N
M,0,UZF,M0UZF,Call Sign,Amateur Full Radio Licence,Available,N
M,0,UZG,M0UZG,Call Sign,Amateur Full Radio Licence,Available,N
M,0,UZH,M0UZH,Call Sign,Amateur Full Radio Licence,Available,N
M,0,UZI,M0UZI,Call Sign,Amateur Full Radio Licence,Available,N
M,0,UZJ,M0UZJ,Call Sign,Amateur Full Radio Licence,Available,N
M,0,UZK,M0UZK,Call Sign,Amateur Full Radio Licence,Available,N
M,0,UZL,M0UZL,Call Sign,Amateur Full Radio Licence,Available,N
M,0,UZM,M0UZM,Call Sign,Amateur Full Radio Licence,Available,N
M,0,UZN,M0UZN,Call Sign,Amateur Full Radio Licence,Available,N
M,0,UZP,M0UZP,Call Sign,Amateur Full Radio Licence,Available,N
M,0,UZQ,M0UZQ,Call Sign,Amateur Full Radio Licence,Available,N
M,0,UZR,M0UZR,Call Sign,Amateur Full Radio Licence,Available,N
M,0,UZS,M0UZS,Call Sign,Amateur Full Radio Licence,Available,N
M,0,UZT,M0UZT,Call Sign,Amateur Full Radio Licence,Available,N
M,0,UZU,M0UZU,Call Sign,Amateur Full Radio Licence,Available,N
M,0,UZV,M0UZV,Call Sign,Amateur Full Radio Licence,Available,N
M,0,UZW,M0UZW,Call Sign,Amateur Full Radio Licence,Available,N
M,0,UZX,M0UZX,Call Sign,Amateur Full Radio Licence,Available,N
M,0,UZY,M0UZY,Call Sign,Amateur Full Radio Licence,Available,N
M,0,UZZ,M0UZZ,Call Sign,Amateur Full Radio Licence,Available,N
M,0,VAF,M0VAF,Call Sign,Amateur Full Radio Licence,Available,N
M,0,VAH,M0VAH,Call Sign,Amateur Full Radio Licence,Available,N
M,0,VAJ,M0VAJ,Call Sign,Amateur Full Radio Licence,Available,N
M,0,VAK,M0VAK,Call Sign,Amateur Full Radio Licence,Available,N
M,0,VAO,M0VAO,Call Sign,Amateur Full Radio Licence,Available,N
M,0,VAP,M0VAP,Call Sign,Amateur Full Radio Licence,Available,N
M,0,VAQ,M0VAQ,Call Sign,Amateur Full Radio Licence,Available,N
M,0,VAR,M0VAR,Call Sign,Amateur Full Radio Licence,Available,N
M,0,VAV,M0VAV,Call Sign,Amateur Full Radio Licence,Available,N
M,0,VAY,M0VAY,Call Sign,Amateur Full Radio Licence,Available,N
M,0,VAZ,M0VAZ,Call Sign,Amateur Full Radio Licence,Available,N
M,0,VBA,M0VBA,Call Sign,Amateur Full Radio Licence,Available,N
M,0,VBB,M0VBB,Call Sign,Amateur Full Radio Licence,Available,N
M,0,VBC,M0VBC,Call Sign,Amateur Full Radio Licence,Available,N
M,0,VBE,M0VBE,Call Sign,Amateur Full Radio Licence,Available,N
M,0,VBF,M0VBF,Call Sign,Amateur Full Radio Licence,Available,N
M,0,VBG,M0VBG,Call Sign,Amateur Full Radio Licence,Available,N
M,0,VBH,M0VBH,Call Sign,Amateur Full Radio Licence,Available,N
M,0,VBI,M0VBI,Call Sign,Amateur Full Radio Licence,Available,N
M,0,VBJ,M0VBJ,Call Sign,Amateur Full Radio Licence,Available,N
M,0,VBK,M0VBK,Call Sign,Amateur Full Radio Licence,Available,N
M,0,VBL,M0VBL,Call Sign,Amateur Full Radio Licence,Available,N
M,0,VBM,M0VBM,Call Sign,Amateur Full Radio Licence,Available,N
M,0,VBN,M0VBN,Call Sign,Amateur Full Radio Licence,Available,N
M,0,VBO,M0VBO,Call Sign,Amateur Full Radio Licence,Available,N
M,0,VBQ,M0VBQ,Call Sign,Amateur Full Radio Licence,Available,N
M,0,VBS,M0VBS,Call Sign,Amateur Full Radio Licence,Available,N
M,0,VBT,M0VBT,Call Sign,Amateur Full Radio Licence,Available,N
M,0,VBU,M0VBU,Call Sign,Amateur Full Radio Licence,Available,N
M,0,VBV,M0VBV,Call Sign,Amateur Full Radio Licence,Available,N
M,0,VBX,M0VBX,Call Sign,Amateur Full Radio Licence,Available,N
M,0,VBZ,M0VBZ,Call Sign,Amateur Full Radio Licence,Available,N
M,0,VCB,M0VCB,Call Sign,Amateur Full Radio Licence,Available,N
M,0,VCI,M0VCI,Call Sign,Amateur Full Radio Licence,Available,N
M,0,VCJ,M0VCJ,Call Sign,Amateur Full Radio Licence,Available,N
M,0,VCK,M0VCK,Call Sign,Amateur Full Radio Licence,Available,N
M,0,VCL,M0VCL,Call Sign,Amateur Full Radio Licence,Available,N
M,0,VCN,M0VCN,Call Sign,Amateur Full Radio Licence,Available,N
M,0,VCQ,M0VCQ,Call Sign,Amateur Full Radio Licence,Available,N
M,0,VCU,M0VCU,Call Sign,Amateur Full Radio Licence,Available,N
M,0,VCV,M0VCV,Call Sign,Amateur Full Radio Licence,Available,N
M,0,VCX,M0VCX,Call Sign,Amateur Full Radio Licence,Available,N
M,0,VCY,M0VCY,Call Sign,Amateur Full Radio Licence,Available,N
M,0,VCZ,M0VCZ,Call Sign,Amateur Full Radio Licence,Available,N
M,0,VDD,M0VDD,Call Sign,Amateur Full Radio Licence,Available,N
M,0,VDE,M0VDE,Call Sign,Amateur Full Radio Licence,Available,N
M,0,VDF,M0VDF,Call Sign,Amateur Full Radio Licence,Available,N
M,0,VDG,M0VDG,Call Sign,Amateur Full Radio Licence,Available,N
M,0,VDH,M0VDH,Call Sign,Amateur Full Radio Licence,Available,N
M,0,VDI,M0VDI,Call Sign,Amateur Full Radio Licence,Available,N
M,0,VDJ,M0VDJ,Call Sign,Amateur Full Radio Licence,Available,N
M,0,VDK,M0VDK,Call Sign,Amateur Full Radio Licence,Available,N
M,0,VDL,M0VDL,Call Sign,Amateur Full Radio Licence,Available,N
M,0,VDN,M0VDN,Call Sign,Amateur Full Radio Licence,Available,N
M,0,VDO,M0VDO,Call Sign,Amateur Full Radio Licence,Available,N
M,0,VDP,M0VDP,Call Sign,Amateur Full Radio Licence,Available,N
M,0,VDQ,M0VDQ,Call Sign,Amateur Full Radio Licence,Available,N
M,0,VDR,M0VDR,Call Sign,Amateur Full Radio Licence,Available,N
M,0,VDS,M0VDS,Call Sign,Amateur Full Radio Licence,Available,N
M,0,VDT,M0VDT,Call Sign,Amateur Full Radio Licence,Available,N
M,0,VDU,M0VDU,Call Sign,Amateur Full Radio Licence,Available,N
M,0,VDV,M0VDV,Call Sign,Amateur Full Radio Licence,Available,N
M,0,VDW,M0VDW,Call Sign,Amateur Full Radio Licence,Available,N
M,0,VDY,M0VDY,Call Sign,Amateur Full Radio Licence,Available,N
M,0,VDZ,M0VDZ,Call Sign,Amateur Full Radio Licence,Available,N
M,0,VEA,M0VEA,Call Sign,Amateur Full Radio Licence,Available,N
M,0,VEB,M0VEB,Call Sign,Amateur Full Radio Licence,Available,N
M,0,VEF,M0VEF,Call Sign,Amateur Full Radio Licence,Available,N
M,0,VEH,M0VEH,Call Sign,Amateur Full Radio Licence,Available,N
M,0,VEI,M0VEI,Call Sign,Amateur Full Radio Licence,Available,N
M,0,VEJ,M0VEJ,Call Sign,Amateur Full Radio Licence,Available,N
M,0,VEK,M0VEK,Call Sign,Amateur Full Radio Licence,Available,N
M,0,VEL,M0VEL,Call Sign,Amateur Full Radio Licence,Available,N
M,0,VEM,M0VEM,Call Sign,Amateur Full Radio Licence,Available,N
M,0,VEN,M0VEN,Call Sign,Amateur Full Radio Licence,Available,N
M,0,VEO,M0VEO,Call Sign,Amateur Full Radio Licence,Available,N
M,0,VEP,M0VEP,Call Sign,Amateur Full Radio Licence,Available,N
M,0,VEQ,M0VEQ,Call Sign,Amateur Full Radio Licence,Available,N
M,0,VEU,M0VEU,Call Sign,Amateur Full Radio Licence,Available,N
M,0,VEW,M0VEW,Call Sign,Amateur Full Radio Licence,Available,N
M,0,VEX,M0VEX,Call Sign,Amateur Full Radio Licence,Available,N
M,0,VEZ,M0VEZ,Call Sign,Amateur Full Radio Licence,Available,N
M,0,VFA,M0VFA,Call Sign,Amateur Full Radio Licence,Available,N
M,0,VFB,M0VFB,Call Sign,Amateur Full Radio Licence,Available,N
M,0,VFD,M0VFD,Call Sign,Amateur Full Radio Licence,Available,N
M,0,VFE,M0VFE,Call Sign,Amateur Full Radio Licence,Available,N
M,0,VFF,M0VFF,Call Sign,Amateur Full Radio Licence,Available,N
M,0,VFH,M0VFH,Call Sign,Amateur Full Radio Licence,Available,N
M,0,VFI,M0VFI,Call Sign,Amateur Full Radio Licence,Available,N
M,0,VFJ,M0VFJ,Call Sign,Amateur Full Radio Licence,Available,N
M,0,VFK,M0VFK,Call Sign,Amateur Full Radio Licence,Available,N
M,0,VFL,M0VFL,Call Sign,Amateur Full Radio Licence,Available,N
M,0,VFM,M0VFM,Call Sign,Amateur Full Radio Licence,Available,N
M,0,VFN,M0VFN,Call Sign,Amateur Full Radio Licence,Available,N
M,0,VFP,M0VFP,Call Sign,Amateur Full Radio Licence,Available,N
M,0,VFQ,M0VFQ,Call Sign,Amateur Full Radio Licence,Available,N
M,0,VFS,M0VFS,Call Sign,Amateur Full Radio Licence,Available,N
M,0,VFT,M0VFT,Call Sign,Amateur Full Radio Licence,Available,N
M,0,VFV,M0VFV,Call Sign,Amateur Full Radio Licence,Available,N
M,0,VFX,M0VFX,Call Sign,Amateur Full Radio Licence,Available,N
M,0,VFY,M0VFY,Call Sign,Amateur Full Radio Licence,Available,N
M,0,VFZ,M0VFZ,Call Sign,Amateur Full Radio Licence,Available,N
M,0,VGA,M0VGA,Call Sign,Amateur Full Radio Licence,Available,N
M,0,VGB,M0VGB,Call Sign,Amateur Full Radio Licence,Available,N
M,0,VGD,M0VGD,Call Sign,Amateur Full Radio Licence,Available,N
M,0,VGE,M0VGE,Call Sign,Amateur Full Radio Licence,Available,N
M,0,VGF,M0VGF,Call Sign,Amateur Full Radio Licence,Available,N
M,0,VGI,M0VGI,Call Sign,Amateur Full Radio Licence,Available,N
M,0,VGJ,M0VGJ,Call Sign,Amateur Full Radio Licence,Available,N
M,0,VGL,M0VGL,Call Sign,Amateur Full Radio Licence,Available,N
M,0,VGM,M0VGM,Call Sign,Amateur Full Radio Licence,Available,N
M,0,VGN,M0VGN,Call Sign,Amateur Full Radio Licence,Available,N
M,0,VGO,M0VGO,Call Sign,Amateur Full Radio Licence,Available,N
M,0,VGQ,M0VGQ,Call Sign,Amateur Full Radio Licence,Available,N
M,0,VGR,M0VGR,Call Sign,Amateur Full Radio Licence,Available,N
M,0,VGS,M0VGS,Call Sign,Amateur Full Radio Licence,Available,N
M,0,VGT,M0VGT,Call Sign,Amateur Full Radio Licence,Available,N
M,0,VGU,M0VGU,Call Sign,Amateur Full Radio Licence,Available,N
M,0,VGW,M0VGW,Call Sign,Amateur Full Radio Licence,Available,N
M,0,VGX,M0VGX,Call Sign,Amateur Full Radio Licence,Available,N
M,0,VGY,M0VGY,Call Sign,Amateur Full Radio Licence,Available,N
M,0,VGZ,M0VGZ,Call Sign,Amateur Full Radio Licence,Available,N
M,0,VHA,M0VHA,Call Sign,Amateur Full Radio Licence,Available,N
M,0,VHB,M0VHB,Call Sign,Amateur Full Radio Licence,Available,N
M,0,VHD,M0VHD,Call Sign,Amateur Full Radio Licence,Available,N
M,0,VHE,M0VHE,Call Sign,Amateur Full Radio Licence,Available,N
M,0,VHH,M0VHH,Call Sign,Amateur Full Radio Licence,Available,N
M,0,VHI,M0VHI,Call Sign,Amateur Full Radio Licence,Available,N
M,0,VHJ,M0VHJ,Call Sign,Amateur Full Radio Licence,Available,N
M,0,VHK,M0VHK,Call Sign,Amateur Full Radio Licence,Available,N
M,0,VHL,M0VHL,Call Sign,Amateur Full Radio Licence,Available,N
M,0,VHM,M0VHM,Call Sign,Amateur Full Radio Licence,Available,N
M,0,VHN,M0VHN,Call Sign,Amateur Full Radio Licence,Available,N
M,0,VHO,M0VHO,Call Sign,Amateur Full Radio Licence,Available,N
M,0,VHP,M0VHP,Call Sign,Amateur Full Radio Licence,Available,N
M,0,VHQ,M0VHQ,Call Sign,Amateur Full Radio Licence,Available,N
M,0,VHR,M0VHR,Call Sign,Amateur Full Radio Licence,Available,N
M,0,VHS,M0VHS,Call Sign,Amateur Full Radio Licence,Available,N
M,0,VHT,M0VHT,Call Sign,Amateur Full Radio Licence,Available,N
M,0,VHU,M0VHU,Call Sign,Amateur Full Radio Licence,Available,N
M,0,VHV,M0VHV,Call Sign,Amateur Full Radio Licence,Available,N
M,0,VHW,M0VHW,Call Sign,Amateur Full Radio Licence,Available,N
M,0,VHX,M0VHX,Call Sign,Amateur Full Radio Licence,Available,N
M,0,VHY,M0VHY,Call Sign,Amateur Full Radio Licence,Available,N
M,0,VHZ,M0VHZ,Call Sign,Amateur Full Radio Licence,Available,N
M,0,VIB,M0VIB,Call Sign,Amateur Full Radio Licence,Available,N
M,0,VIF,M0VIF,Call Sign,Amateur Full Radio Licence,Available,N
M,0,VIH,M0VIH,Call Sign,Amateur Full Radio Licence,Available,N
M,0,VII,M0VII,Call Sign,Amateur Full Radio Licence,Available,N
M,0,VIJ,M0VIJ,Call Sign,Amateur Full Radio Licence,Available,N
M,0,VIK,M0VIK,Call Sign,Amateur Full Radio Licence,Available,N
M,0,VIO,M0VIO,Call Sign,Amateur Full Radio Licence,Available,N
M,0,VIQ,M0VIQ,Call Sign,Amateur Full Radio Licence,Available,N
M,0,VIS,M0VIS,Call Sign,Amateur Full Radio Licence,Available,N
M,0,VIU,M0VIU,Call Sign,Amateur Full Radio Licence,Available,N
M,0,VIV,M0VIV,Call Sign,Amateur Full Radio Licence,Available,N
M,0,VIW,M0VIW,Call Sign,Amateur Full Radio Licence,Available,N
M,0,VIY,M0VIY,Call Sign,Amateur Full Radio Licence,Available,N
M,0,VJA,M0VJA,Call Sign,Amateur Full Radio Licence,Available,N
M,0,VJB,M0VJB,Call Sign,Amateur Full Radio Licence,Available,N
M,0,VJC,M0VJC,Call Sign,Amateur Full Radio Licence,Available,N
M,0,VJD,M0VJD,Call Sign,Amateur Full Radio Licence,Available,N
M,0,VJE,M0VJE,Call Sign,Amateur Full Radio Licence,Available,N
M,0,VJF,M0VJF,Call Sign,Amateur Full Radio Licence,Available,N
M,0,VJG,M0VJG,Call Sign,Amateur Full Radio Licence,Available,N
M,0,VJH,M0VJH,Call Sign,Amateur Full Radio Licence,Available,N
M,0,VJI,M0VJI,Call Sign,Amateur Full Radio Licence,Available,N
M,0,VJJ,M0VJJ,Call Sign,Amateur Full Radio Licence,Available,N
M,0,VJK,M0VJK,Call Sign,Amateur Full Radio Licence,Available,N
M,0,VJM,M0VJM,Call Sign,Amateur Full Radio Licence,Available,N
M,0,VJN,M0VJN,Call Sign,Amateur Full Radio Licence,Available,N
M,0,VJO,M0VJO,Call Sign,Amateur Full Radio Licence,Available,N
M,0,VJP,M0VJP,Call Sign,Amateur Full Radio Licence,Available,N
M,0,VJQ,M0VJQ,Call Sign,Amateur Full Radio Licence,Available,N
M,0,VJR,M0VJR,Call Sign,Amateur Full Radio Licence,Available,N
M,0,VJS,M0VJS,Call Sign,Amateur Full Radio Licence,Available,N
M,0,VJT,M0VJT,Call Sign,Amateur Full Radio Licence,Available,N
M,0,VJU,M0VJU,Call Sign,Amateur Full Radio Licence,Available,N
M,0,VJV,M0VJV,Call Sign,Amateur Full Radio Licence,Available,N
M,0,VJW,M0VJW,Call Sign,Amateur Full Radio Licence,Available,N
M,0,VJX,M0VJX,Call Sign,Amateur Full Radio Licence,Available,N
M,0,VJY,M0VJY,Call Sign,Amateur Full Radio Licence,Available,N
M,0,VJZ,M0VJZ,Call Sign,Amateur Full Radio Licence,Available,N
M,0,VKB,M0VKB,Call Sign,Amateur Full Radio Licence,Available,N
M,0,VKE,M0VKE,Call Sign,Amateur Full Radio Licence,Available,N
M,0,VKF,M0VKF,Call Sign,Amateur Full Radio Licence,Available,N
M,0,VKI,M0VKI,Call Sign,Amateur Full Radio Licence,Available,N
M,0,VKJ,M0VKJ,Call Sign,Amateur Full Radio Licence,Available,N
M,0,VKK,M0VKK,Call Sign,Amateur Full Radio Licence,Available,N
M,0,VKL,M0VKL,Call Sign,Amateur Full Radio Licence,Available,N
M,0,VKM,M0VKM,Call Sign,Amateur Full Radio Licence,Available,N
M,0,VKN,M0VKN,Call Sign,Amateur Full Radio Licence,Available,N
M,0,VKP,M0VKP,Call Sign,Amateur Full Radio Licence,Available,N
M,0,VKQ,M0VKQ,Call Sign,Amateur Full Radio Licence,Available,N
M,0,VKT,M0VKT,Call Sign,Amateur Full Radio Licence,Available,N
M,0,VKU,M0VKU,Call Sign,Amateur Full Radio Licence,Available,N
M,0,VKW,M0VKW,Call Sign,Amateur Full Radio Licence,Available,N
M,0,VKZ,M0VKZ,Call Sign,Amateur Full Radio Licence,Available,N
M,0,VLB,M0VLB,Call Sign,Amateur Full Radio Licence,Available,N
M,0,VLD,M0VLD,Call Sign,Amateur Full Radio Licence,Available,N
M,0,VLE,M0VLE,Call Sign,Amateur Full Radio Licence,Available,N
M,0,VLG,M0VLG,Call Sign,Amateur Full Radio Licence,Available,N
M,0,VLH,M0VLH,Call Sign,Amateur Full Radio Licence,Available,N
M,0,VLJ,M0VLJ,Call Sign,Amateur Full Radio Licence,Available,N
M,0,VLK,M0VLK,Call Sign,Amateur Full Radio Licence,Available,N
M,0,VLM,M0VLM,Call Sign,Amateur Full Radio Licence,Available,N
M,0,VLO,M0VLO,Call Sign,Amateur Full Radio Licence,Available,N
M,0,VLQ,M0VLQ,Call Sign,Amateur Full Radio Licence,Available,N
M,0,VLR,M0VLR,Call Sign,Amateur Full Radio Licence,Available,N
M,0,VLS,M0VLS,Call Sign,Amateur Full Radio Licence,Available,N
M,0,VLU,M0VLU,Call Sign,Amateur Full Radio Licence,Available,N
M,0,VLV,M0VLV,Call Sign,Amateur Full Radio Licence,Available,N
M,0,VLW,M0VLW,Call Sign,Amateur Full Radio Licence,Available,N
M,0,VLX,M0VLX,Call Sign,Amateur Full Radio Licence,Available,N
M,0,VLY,M0VLY,Call Sign,Amateur Full Radio Licence,Available,N
M,0,VLZ,M0VLZ,Call Sign,Amateur Full Radio Licence,Available,N
M,0,VMA,M0VMA,Call Sign,Amateur Full Radio Licence,Available,N
M,0,VMB,M0VMB,Call Sign,Amateur Full Radio Licence,Available,N
M,0,VME,M0VME,Call Sign,Amateur Full Radio Licence,Available,N
M,0,VMF,M0VMF,Call Sign,Amateur Full Radio Licence,Available,N
M,0,VMG,M0VMG,Call Sign,Amateur Full Radio Licence,Available,N
M,0,VMI,M0VMI,Call Sign,Amateur Full Radio Licence,Available,N
M,0,VMJ,M0VMJ,Call Sign,Amateur Full Radio Licence,Available,N
M,0,VMK,M0VMK,Call Sign,Amateur Full Radio Licence,Available,N
M,0,VML,M0VML,Call Sign,Amateur Full Radio Licence,Available,N
M,0,VMM,M0VMM,Call Sign,Amateur Full Radio Licence,Available,N
M,0,VMN,M0VMN,Call Sign,Amateur Full Radio Licence,Available,N
M,0,VMO,M0VMO,Call Sign,Amateur Full Radio Licence,Available,N
M,0,VMQ,M0VMQ,Call Sign,Amateur Full Radio Licence,Available,N
M,0,VMR,M0VMR,Call Sign,Amateur Full Radio Licence,Available,N
M,0,VMS,M0VMS,Call Sign,Amateur Full Radio Licence,Available,N
M,0,VMU,M0VMU,Call Sign,Amateur Full Radio Licence,Available,N
M,0,VMV,M0VMV,Call Sign,Amateur Full Radio Licence,Available,N
M,0,VMX,M0VMX,Call Sign,Amateur Full Radio Licence,Available,N
M,0,VMY,M0VMY,Call Sign,Amateur Full Radio Licence,Available,N
M,0,VMZ,M0VMZ,Call Sign,Amateur Full Radio Licence,Available,N
M,0,VNA,M0VNA,Call Sign,Amateur Full Radio Licence,Available,N
M,0,VNB,M0VNB,Call Sign,Amateur Full Radio Licence,Available,N
M,0,VNC,M0VNC,Call Sign,Amateur Full Radio Licence,Available,N
M,0,VND,M0VND,Call Sign,Amateur Full Radio Licence,Available,N
M,0,VNF,M0VNF,Call Sign,Amateur Full Radio Licence,Available,N
M,0,VNH,M0VNH,Call Sign,Amateur Full Radio Licence,Available,N
M,0,VNI,M0VNI,Call Sign,Amateur Full Radio Licence,Available,N
M,0,VNJ,M0VNJ,Call Sign,Amateur Full Radio Licence,Available,N
M,0,VNL,M0VNL,Call Sign,Amateur Full Radio Licence,Available,N
M,0,VNM,M0VNM,Call Sign,Amateur Full Radio Licence,Available,N
M,0,VNN,M0VNN,Call Sign,Amateur Full Radio Licence,Available,N
M,0,VNP,M0VNP,Call Sign,Amateur Full Radio Licence,Available,N
M,0,VNQ,M0VNQ,Call Sign,Amateur Full Radio Licence,Available,N
M,0,VNR,M0VNR,Call Sign,Amateur Full Radio Licence,Available,N
M,0,VNS,M0VNS,Call Sign,Amateur Full Radio Licence,Available,N
M,0,VNT,M0VNT,Call Sign,Amateur Full Radio Licence,Available,N
M,0,VNU,M0VNU,Call Sign,Amateur Full Radio Licence,Available,N
M,0,VNV,M0VNV,Call Sign,Amateur Full Radio Licence,Available,N
M,0,VNW,M0VNW,Call Sign,Amateur Full Radio Licence,Available,N
M,0,VNX,M0VNX,Call Sign,Amateur Full Radio Licence,Available,N
M,0,VNY,M0VNY,Call Sign,Amateur Full Radio Licence,Available,N
M,0,VNZ,M0VNZ,Call Sign,Amateur Full Radio Licence,Available,N
M,0,VOB,M0VOB,Call Sign,Amateur Full Radio Licence,Available,N
M,0,VOE,M0VOE,Call Sign,Amateur Full Radio Licence,Available,N
M,0,VOF,M0VOF,Call Sign,Amateur Full Radio Licence,Available,N
M,0,VOH,M0VOH,Call Sign,Amateur Full Radio Licence,Available,N
M,0,VOI,M0VOI,Call Sign,Amateur Full Radio Licence,Available,N
M,0,VOJ,M0VOJ,Call Sign,Amateur Full Radio Licence,Available,N
M,0,VON,M0VON,Call Sign,Amateur Full Radio Licence,Available,N
M,0,VOO,M0VOO,Call Sign,Amateur Full Radio Licence,Available,N
M,0,VOQ,M0VOQ,Call Sign,Amateur Full Radio Licence,Available,N
M,0,VOR,M0VOR,Call Sign,Amateur Full Radio Licence,Available,N
M,0,VOT,M0VOT,Call Sign,Amateur Full Radio Licence,Available,N
M,0,VOU,M0VOU,Call Sign,Amateur Full Radio Licence,Available,N
M,0,VOV,M0VOV,Call Sign,Amateur Full Radio Licence,Available,N
M,0,VOY,M0VOY,Call Sign,Amateur Full Radio Licence,Available,N
M,0,VOZ,M0VOZ,Call Sign,Amateur Full Radio Licence,Available,N
M,0,VPA,M0VPA,Call Sign,Amateur Full Radio Licence,Available,N
M,0,VPB,M0VPB,Call Sign,Amateur Full Radio Licence,Available,N
M,0,VPD,M0VPD,Call Sign,Amateur Full Radio Licence,Available,N
M,0,VPH,M0VPH,Call Sign,Amateur Full Radio Licence,Available,N
M,0,VPI,M0VPI,Call Sign,Amateur Full Radio Licence,Available,N
M,0,VPJ,M0VPJ,Call Sign,Amateur Full Radio Licence,Available,N
M,0,VPM,M0VPM,Call Sign,Amateur Full Radio Licence,Available,N
M,0,VPO,M0VPO,Call Sign,Amateur Full Radio Licence,Available,N
M,0,VPP,M0VPP,Call Sign,Amateur Full Radio Licence,Available,N
M,0,VPQ,M0VPQ,Call Sign,Amateur Full Radio Licence,Available,N
M,0,VPS,M0VPS,Call Sign,Amateur Full Radio Licence,Available,N
M,0,VPU,M0VPU,Call Sign,Amateur Full Radio Licence,Available,N
M,0,VPV,M0VPV,Call Sign,Amateur Full Radio Licence,Available,N
M,0,VPW,M0VPW,Call Sign,Amateur Full Radio Licence,Available,N
M,0,VPX,M0VPX,Call Sign,Amateur Full Radio Licence,Available,N
M,0,VPY,M0VPY,Call Sign,Amateur Full Radio Licence,Available,N
M,0,VPZ,M0VPZ,Call Sign,Amateur Full Radio Licence,Available,N
M,0,VQA,M0VQA,Call Sign,Amateur Full Radio Licence,Available,N
M,0,VQB,M0VQB,Call Sign,Amateur Full Radio Licence,Available,N
M,0,VQC,M0VQC,Call Sign,Amateur Full Radio Licence,Available,N
M,0,VQD,M0VQD,Call Sign,Amateur Full Radio Licence,Available,N
M,0,VQE,M0VQE,Call Sign,Amateur Full Radio Licence,Available,N
M,0,VQF,M0VQF,Call Sign,Amateur Full Radio Licence,Available,N
M,0,VQG,M0VQG,Call Sign,Amateur Full Radio Licence,Available,N
M,0,VQH,M0VQH,Call Sign,Amateur Full Radio Licence,Available,N
M,0,VQI,M0VQI,Call Sign,Amateur Full Radio Licence,Available,N
M,0,VQK,M0VQK,Call Sign,Amateur Full Radio Licence,Available,N
M,0,VQL,M0VQL,Call Sign,Amateur Full Radio Licence,Available,N
M,0,VQM,M0VQM,Call Sign,Amateur Full Radio Licence,Available,N
M,0,VQN,M0VQN,Call Sign,Amateur Full Radio Licence,Available,N
M,0,VQO,M0VQO,Call Sign,Amateur Full Radio Licence,Available,N
M,0,VQQ,M0VQQ,Call Sign,Amateur Full Radio Licence,Available,N
M,0,VQR,M0VQR,Call Sign,Amateur Full Radio Licence,Available,N
M,0,VQS,M0VQS,Call Sign,Amateur Full Radio Licence,Available,N
M,0,VQT,M0VQT,Call Sign,Amateur Full Radio Licence,Available,N
M,0,VQU,M0VQU,Call Sign,Amateur Full Radio Licence,Available,N
M,0,VQV,M0VQV,Call Sign,Amateur Full Radio Licence,Available,N
M,0,VQW,M0VQW,Call Sign,Amateur Full Radio Licence,Available,N
M,0,VQX,M0VQX,Call Sign,Amateur Full Radio Licence,Available,N
M,0,VQY,M0VQY,Call Sign,Amateur Full Radio Licence,Available,N
M,0,VQZ,M0VQZ,Call Sign,Amateur Full Radio Licence,Available,N
M,0,VRC,M0VRC,Call Sign,Amateur Full Radio Licence,Available,N
M,0,VRD,M0VRD,Call Sign,Amateur Full Radio Licence,Available,N
M,0,VRE,M0VRE,Call Sign,Amateur Full Radio Licence,Available,N
M,0,VRG,M0VRG,Call Sign,Amateur Full Radio Licence,Available,N
M,0,VRI,M0VRI,Call Sign,Amateur Full Radio Licence,Available,N
M,0,VRJ,M0VRJ,Call Sign,Amateur Full Radio Licence,Available,N
M,0,VRM,M0VRM,Call Sign,Amateur Full Radio Licence,Available,N
M,0,VRN,M0VRN,Call Sign,Amateur Full Radio Licence,Available,N
M,0,VRP,M0VRP,Call Sign,Amateur Full Radio Licence,Available,N
M,0,VRU,M0VRU,Call Sign,Amateur Full Radio Licence,Available,N
M,0,VRV,M0VRV,Call Sign,Amateur Full Radio Licence,Available,N
M,0,VRW,M0VRW,Call Sign,Amateur Full Radio Licence,Available,N
M,0,VRX,M0VRX,Call Sign,Amateur Full Radio Licence,Available,N
M,0,VRY,M0VRY,Call Sign,Amateur Full Radio Licence,Available,N
M,0,VRZ,M0VRZ,Call Sign,Amateur Full Radio Licence,Available,N
M,0,VSA,M0VSA,Call Sign,Amateur Full Radio Licence,Available,N
M,0,VSB,M0VSB,Call Sign,Amateur Full Radio Licence,Available,N
M,0,VSC,M0VSC,Call Sign,Amateur Full Radio Licence,Available,N
M,0,VSD,M0VSD,Call Sign,Amateur Full Radio Licence,Available,N
M,0,VSE,M0VSE,Call Sign,Amateur Full Radio Licence,Available,N
M,0,VSF,M0VSF,Call Sign,Amateur Full Radio Licence,Available,N
M,0,VSH,M0VSH,Call Sign,Amateur Full Radio Licence,Available,N
M,0,VSI,M0VSI,Call Sign,Amateur Full Radio Licence,Available,N
M,0,VSJ,M0VSJ,Call Sign,Amateur Full Radio Licence,Available,N
M,0,VSK,M0VSK,Call Sign,Amateur Full Radio Licence,Available,N
M,0,VSL,M0VSL,Call Sign,Amateur Full Radio Licence,Available,N
M,0,VSM,M0VSM,Call Sign,Amateur Full Radio Licence,Available,N
M,0,VSN,M0VSN,Call Sign,Amateur Full Radio Licence,Available,N
M,0,VSO,M0VSO,Call Sign,Amateur Full Radio Licence,Available,N
M,0,VSS,M0VSS,Call Sign,Amateur Full Radio Licence,Available,N
M,0,VSX,M0VSX,Call Sign,Amateur Full Radio Licence,Available,N
M,0,VSY,M0VSY,Call Sign,Amateur Full Radio Licence,Available,N
M,0,VSZ,M0VSZ,Call Sign,Amateur Full Radio Licence,Available,N
M,0,VTA,M0VTA,Call Sign,Amateur Full Radio Licence,Available,N
M,0,VTC,M0VTC,Call Sign,Amateur Full Radio Licence,Available,N
M,0,VTD,M0VTD,Call Sign,Amateur Full Radio Licence,Available,N
M,0,VTE,M0VTE,Call Sign,Amateur Full Radio Licence,Available,N
M,0,VTH,M0VTH,Call Sign,Amateur Full Radio Licence,Available,N
M,0,VTI,M0VTI,Call Sign,Amateur Full Radio Licence,Available,N
M,0,VTL,M0VTL,Call Sign,Amateur Full Radio Licence,Available,N
M,0,VTN,M0VTN,Call Sign,Amateur Full Radio Licence,Available,N
M,0,VTO,M0VTO,Call Sign,Amateur Full Radio Licence,Available,N
M,0,VTP,M0VTP,Call Sign,Amateur Full Radio Licence,Available,N
M,0,VTQ,M0VTQ,Call Sign,Amateur Full Radio Licence,Available,N
M,0,VTT,M0VTT,Call Sign,Amateur Full Radio Licence,Available,N
M,0,VTU,M0VTU,Call Sign,Amateur Full Radio Licence,Available,N
M,0,VTW,M0VTW,Call Sign,Amateur Full Radio Licence,Available,N
M,0,VTY,M0VTY,Call Sign,Amateur Full Radio Licence,Available,N
M,0,VUA,M0VUA,Call Sign,Amateur Full Radio Licence,Available,N
M,0,VUB,M0VUB,Call Sign,Amateur Full Radio Licence,Available,N
M,0,VUC,M0VUC,Call Sign,Amateur Full Radio Licence,Available,N
M,0,VUD,M0VUD,Call Sign,Amateur Full Radio Licence,Available,N
M,0,VUF,M0VUF,Call Sign,Amateur Full Radio Licence,Available,N
M,0,VUG,M0VUG,Call Sign,Amateur Full Radio Licence,Available,N
M,0,VUH,M0VUH,Call Sign,Amateur Full Radio Licence,Available,N
M,0,VUI,M0VUI,Call Sign,Amateur Full Radio Licence,Available,N
M,0,VUJ,M0VUJ,Call Sign,Amateur Full Radio Licence,Available,N
M,0,VUK,M0VUK,Call Sign,Amateur Full Radio Licence,Available,N
M,0,VUL,M0VUL,Call Sign,Amateur Full Radio Licence,Available,N
M,0,VUM,M0VUM,Call Sign,Amateur Full Radio Licence,Available,N
M,0,VUN,M0VUN,Call Sign,Amateur Full Radio Licence,Available,N
M,0,VUO,M0VUO,Call Sign,Amateur Full Radio Licence,Available,N
M,0,VUP,M0VUP,Call Sign,Amateur Full Radio Licence,Available,N
M,0,VUQ,M0VUQ,Call Sign,Amateur Full Radio Licence,Available,N
M,0,VUR,M0VUR,Call Sign,Amateur Full Radio Licence,Available,N
M,0,VUS,M0VUS,Call Sign,Amateur Full Radio Licence,Available,N
M,0,VUT,M0VUT,Call Sign,Amateur Full Radio Licence,Available,N
M,0,VUU,M0VUU,Call Sign,Amateur Full Radio Licence,Available,N
M,0,VUW,M0VUW,Call Sign,Amateur Full Radio Licence,Available,N
M,0,VUX,M0VUX,Call Sign,Amateur Full Radio Licence,Available,N
M,0,VUY,M0VUY,Call Sign,Amateur Full Radio Licence,Available,N
M,0,VUZ,M0VUZ,Call Sign,Amateur Full Radio Licence,Available,N
M,0,VVA,M0VVA,Call Sign,Amateur Full Radio Licence,Available,N
M,0,VVB,M0VVB,Call Sign,Amateur Full Radio Licence,Available,N
M,0,VVD,M0VVD,Call Sign,Amateur Full Radio Licence,Available,N
M,0,VVE,M0VVE,Call Sign,Amateur Full Radio Licence,Available,N
M,0,VVH,M0VVH,Call Sign,Amateur Full Radio Licence,Available,N
M,0,VVI,M0VVI,Call Sign,Amateur Full Radio Licence,Available,N
M,0,VVJ,M0VVJ,Call Sign,Amateur Full Radio Licence,Available,N
M,0,VVK,M0VVK,Call Sign,Amateur Full Radio Licence,Available,N
M,0,VVL,M0VVL,Call Sign,Amateur Full Radio Licence,Available,N
M,0,VVN,M0VVN,Call Sign,Amateur Full Radio Licence,Available,N
M,0,VVP,M0VVP,Call Sign,Amateur Full Radio Licence,Available,N
M,0,VVU,M0VVU,Call Sign,Amateur Full Radio Licence,Available,N
M,0,VVW,M0VVW,Call Sign,Amateur Full Radio Licence,Available,N
M,0,VVX,M0VVX,Call Sign,Amateur Full Radio Licence,Available,N
M,0,VVY,M0VVY,Call Sign,Amateur Full Radio Licence,Available,N
M,0,VWA,M0VWA,Call Sign,Amateur Full Radio Licence,Available,N
M,0,VWB,M0VWB,Call Sign,Amateur Full Radio Licence,Available,N
M,0,VWD,M0VWD,Call Sign,Amateur Full Radio Licence,Available,N
M,0,VWE,M0VWE,Call Sign,Amateur Full Radio Licence,Available,N
M,0,VWF,M0VWF,Call Sign,Amateur Full Radio Licence,Available,N
M,0,VWI,M0VWI,Call Sign,Amateur Full Radio Licence,Available,N
M,0,VWJ,M0VWJ,Call Sign,Amateur Full Radio Licence,Available,N
M,0,VWL,M0VWL,Call Sign,Amateur Full Radio Licence,Available,N
M,0,VWM,M0VWM,Call Sign,Amateur Full Radio Licence,Available,N
M,0,VWN,M0VWN,Call Sign,Amateur Full Radio Licence,Available,N
M,0,VWO,M0VWO,Call Sign,Amateur Full Radio Licence,Available,N
M,0,VWP,M0VWP,Call Sign,Amateur Full Radio Licence,Available,N
M,0,VWQ,M0VWQ,Call Sign,Amateur Full Radio Licence,Available,N
M,0,VWT,M0VWT,Call Sign,Amateur Full Radio Licence,Available,N
M,0,VWU,M0VWU,Call Sign,Amateur Full Radio Licence,Available,N
M,0,VWV,M0VWV,Call Sign,Amateur Full Radio Licence,Available,N
M,0,VWX,M0VWX,Call Sign,Amateur Full Radio Licence,Available,N
M,0,VWY,M0VWY,Call Sign,Amateur Full Radio Licence,Available,N
M,0,VWZ,M0VWZ,Call Sign,Amateur Full Radio Licence,Available,N
M,0,VXB,M0VXB,Call Sign,Amateur Full Radio Licence,Available,N
M,0,VXC,M0VXC,Call Sign,Amateur Full Radio Licence,Available,N
M,0,VXD,M0VXD,Call Sign,Amateur Full Radio Licence,Available,N
M,0,VXE,M0VXE,Call Sign,Amateur Full Radio Licence,Available,N
M,0,VXF,M0VXF,Call Sign,Amateur Full Radio Licence,Available,N
M,0,VXG,M0VXG,Call Sign,Amateur Full Radio Licence,Available,N
M,0,VXH,M0VXH,Call Sign,Amateur Full Radio Licence,Available,N
M,0,VXI,M0VXI,Call Sign,Amateur Full Radio Licence,Available,N
M,0,VXJ,M0VXJ,Call Sign,Amateur Full Radio Licence,Available,N
M,0,VXL,M0VXL,Call Sign,Amateur Full Radio Licence,Available,N
M,0,VXM,M0VXM,Call Sign,Amateur Full Radio Licence,Available,N
M,0,VXN,M0VXN,Call Sign,Amateur Full Radio Licence,Available,N
M,0,VXP,M0VXP,Call Sign,Amateur Full Radio Licence,Available,N
M,0,VXQ,M0VXQ,Call Sign,Amateur Full Radio Licence,Available,N
M,0,VXR,M0VXR,Call Sign,Amateur Full Radio Licence,Available,N
M,0,VXS,M0VXS,Call Sign,Amateur Full Radio Licence,Available,N
M,0,VXT,M0VXT,Call Sign,Amateur Full Radio Licence,Available,N
M,0,VXU,M0VXU,Call Sign,Amateur Full Radio Licence,Available,N
M,0,VXV,M0VXV,Call Sign,Amateur Full Radio Licence,Available,N
M,0,VXW,M0VXW,Call Sign,Amateur Full Radio Licence,Available,N
M,0,VXY,M0VXY,Call Sign,Amateur Full Radio Licence,Available,N
M,0,VXZ,M0VXZ,Call Sign,Amateur Full Radio Licence,Available,N
M,0,VYA,M0VYA,Call Sign,Amateur Full Radio Licence,Available,N
M,0,VYB,M0VYB,Call Sign,Amateur Full Radio Licence,Available,N
M,0,VYD,M0VYD,Call Sign,Amateur Full Radio Licence,Available,N
M,0,VYE,M0VYE,Call Sign,Amateur Full Radio Licence,Available,N
M,0,VYF,M0VYF,Call Sign,Amateur Full Radio Licence,Available,N
M,0,VYG,M0VYG,Call Sign,Amateur Full Radio Licence,Available,N
M,0,VYH,M0VYH,Call Sign,Amateur Full Radio Licence,Available,N
M,0,VYI,M0VYI,Call Sign,Amateur Full Radio Licence,Available,N
M,0,VYJ,M0VYJ,Call Sign,Amateur Full Radio Licence,Available,N
M,0,VYK,M0VYK,Call Sign,Amateur Full Radio Licence,Available,N
M,0,VYL,M0VYL,Call Sign,Amateur Full Radio Licence,Available,N
M,0,VYM,M0VYM,Call Sign,Amateur Full Radio Licence,Available,N
M,0,VYN,M0VYN,Call Sign,Amateur Full Radio Licence,Available,N
M,0,VYO,M0VYO,Call Sign,Amateur Full Radio Licence,Available,N
M,0,VYP,M0VYP,Call Sign,Amateur Full Radio Licence,Available,N
M,0,VYQ,M0VYQ,Call Sign,Amateur Full Radio Licence,Available,N
M,0,VYR,M0VYR,Call Sign,Amateur Full Radio Licence,Available,N
M,0,VYS,M0VYS,Call Sign,Amateur Full Radio Licence,Available,N
M,0,VYT,M0VYT,Call Sign,Amateur Full Radio Licence,Available,N
M,0,VYU,M0VYU,Call Sign,Amateur Full Radio Licence,Available,N
M,0,VYV,M0VYV,Call Sign,Amateur Full Radio Licence,Available,N
M,0,VYX,M0VYX,Call Sign,Amateur Full Radio Licence,Available,N
M,0,VYY,M0VYY,Call Sign,Amateur Full Radio Licence,Available,N
M,0,VYZ,M0VYZ,Call Sign,Amateur Full Radio Licence,Available,N
M,0,VZA,M0VZA,Call Sign,Amateur Full Radio Licence,Available,N
M,0,VZB,M0VZB,Call Sign,Amateur Full Radio Licence,Available,N
M,0,VZC,M0VZC,Call Sign,Amateur Full Radio Licence,Available,N
M,0,VZD,M0VZD,Call Sign,Amateur Full Radio Licence,Available,N
M,0,VZE,M0VZE,Call Sign,Amateur Full Radio Licence,Available,N
M,0,VZF,M0VZF,Call Sign,Amateur Full Radio Licence,Available,N
M,0,VZG,M0VZG,Call Sign,Amateur Full Radio Licence,Available,N
M,0,VZH,M0VZH,Call Sign,Amateur Full Radio Licence,Available,N
M,0,VZI,M0VZI,Call Sign,Amateur Full Radio Licence,Available,N
M,0,VZJ,M0VZJ,Call Sign,Amateur Full Radio Licence,Available,N
M,0,VZK,M0VZK,Call Sign,Amateur Full Radio Licence,Available,N
M,0,VZL,M0VZL,Call Sign,Amateur Full Radio Licence,Available,N
M,0,VZM,M0VZM,Call Sign,Amateur Full Radio Licence,Available,N
M,0,VZN,M0VZN,Call Sign,Amateur Full Radio Licence,Available,N
M,0,VZO,M0VZO,Call Sign,Amateur Full Radio Licence,Available,N
M,0,VZP,M0VZP,Call Sign,Amateur Full Radio Licence,Available,N
M,0,VZQ,M0VZQ,Call Sign,Amateur Full Radio Licence,Available,N
M,0,VZU,M0VZU,Call Sign,Amateur Full Radio Licence,Available,N
M,0,VZV,M0VZV,Call Sign,Amateur Full Radio Licence,Available,N
M,0,VZW,M0VZW,Call Sign,Amateur Full Radio Licence,Available,N
M,0,VZX,M0VZX,Call Sign,Amateur Full Radio Licence,Available,N
M,0,VZY,M0VZY,Call Sign,Amateur Full Radio Licence,Available,N
M,0,VZZ,M0VZZ,Call Sign,Amateur Full Radio Licence,Available,N
M,0,WBE,M0WBE,Call Sign,Amateur Full Radio Licence,Available,N
M,0,WBI,M0WBI,Call Sign,Amateur Full Radio Licence,Available,N
M,0,WBL,M0WBL,Call Sign,Amateur Full Radio Licence,Available,N
M,0,WBM,M0WBM,Call Sign,Amateur Full Radio Licence,Available,N
M,0,WBO,M0WBO,Call Sign,Amateur Full Radio Licence,Available,N
M,0,WBP,M0WBP,Call Sign,Amateur Full Radio Licence,Available,N
M,0,WBQ,M0WBQ,Call Sign,Amateur Full Radio Licence,Available,N
M,0,WBU,M0WBU,Call Sign,Amateur Full Radio Licence,Available,N
M,0,WBV,M0WBV,Call Sign,Amateur Full Radio Licence,Available,N
M,0,WBW,M0WBW,Call Sign,Amateur Full Radio Licence,Available,N
M,0,WBZ,M0WBZ,Call Sign,Amateur Full Radio Licence,Available,N
M,0,WCA,M0WCA,Call Sign,Amateur Full Radio Licence,Available,N
M,0,WCC,M0WCC,Call Sign,Amateur Full Radio Licence,Available,N
M,0,WCD,M0WCD,Call Sign,Amateur Full Radio Licence,Available,N
M,0,WCE,M0WCE,Call Sign,Amateur Full Radio Licence,Available,N
M,0,WCF,M0WCF,Call Sign,Amateur Full Radio Licence,Available,N
M,0,WCH,M0WCH,Call Sign,Amateur Full Radio Licence,Available,N
M,0,WCI,M0WCI,Call Sign,Amateur Full Radio Licence,Available,N
M,0,WCJ,M0WCJ,Call Sign,Amateur Full Radio Licence,Available,N
M,0,WCN,M0WCN,Call Sign,Amateur Full Radio Licence,Available,N
M,0,WCO,M0WCO,Call Sign,Amateur Full Radio Licence,Available,N
M,0,WCP,M0WCP,Call Sign,Amateur Full Radio Licence,Available,N
M,0,WCU,M0WCU,Call Sign,Amateur Full Radio Licence,Available,N
M,0,WCV,M0WCV,Call Sign,Amateur Full Radio Licence,Available,N
M,0,WCW,M0WCW,Call Sign,Amateur Full Radio Licence,Available,N
M,0,WCX,M0WCX,Call Sign,Amateur Full Radio Licence,Available,N
M,0,WCZ,M0WCZ,Call Sign,Amateur Full Radio Licence,Available,N
M,0,WDD,M0WDD,Call Sign,Amateur Full Radio Licence,Available,N
M,0,WDF,M0WDF,Call Sign,Amateur Full Radio Licence,Available,N
M,0,WDH,M0WDH,Call Sign,Amateur Full Radio Licence,Available,N
M,0,WDI,M0WDI,Call Sign,Amateur Full Radio Licence,Available,N
M,0,WDK,M0WDK,Call Sign,Amateur Full Radio Licence,Available,N
M,0,WDM,M0WDM,Call Sign,Amateur Full Radio Licence,Available,N
M,0,WDN,M0WDN,Call Sign,Amateur Full Radio Licence,Available,N
M,0,WDO,M0WDO,Call Sign,Amateur Full Radio Licence,Available,N
M,0,WDQ,M0WDQ,Call Sign,Amateur Full Radio Licence,Available,N
M,0,WDS,M0WDS,Call Sign,Amateur Full Radio Licence,Available,N
M,0,WDT,M0WDT,Call Sign,Amateur Full Radio Licence,Available,N
M,0,WDV,M0WDV,Call Sign,Amateur Full Radio Licence,Available,N
M,0,WDW,M0WDW,Call Sign,Amateur Full Radio Licence,Available,N
M,0,WDY,M0WDY,Call Sign,Amateur Full Radio Licence,Available,N
M,0,WEA,M0WEA,Call Sign,Amateur Full Radio Licence,Available,N
M,0,WEG,M0WEG,Call Sign,Amateur Full Radio Licence,Available,N
M,0,WEH,M0WEH,Call Sign,Amateur Full Radio Licence,Available,N
M,0,WEJ,M0WEJ,Call Sign,Amateur Full Radio Licence,Available,N
M,0,WEO,M0WEO,Call Sign,Amateur Full Radio Licence,Available,N
M,0,WEP,M0WEP,Call Sign,Amateur Full Radio Licence,Available,N
M,0,WEQ,M0WEQ,Call Sign,Amateur Full Radio Licence,Available,N
M,0,WES,M0WES,Call Sign,Amateur Full Radio Licence,Available,N
M,0,WEU,M0WEU,Call Sign,Amateur Full Radio Licence,Available,N
M,0,WEW,M0WEW,Call Sign,Amateur Full Radio Licence,Available,N
M,0,WEX,M0WEX,Call Sign,Amateur Full Radio Licence,Available,N
M,0,WEY,M0WEY,Call Sign,Amateur Full Radio Licence,Available,N
M,0,WEZ,M0WEZ,Call Sign,Amateur Full Radio Licence,Available,N
M,0,WFB,M0WFB,Call Sign,Amateur Full Radio Licence,Available,N
M,0,WFC,M0WFC,Call Sign,Amateur Full Radio Licence,Available,N
M,0,WFD,M0WFD,Call Sign,Amateur Full Radio Licence,Available,N
M,0,WFE,M0WFE,Call Sign,Amateur Full Radio Licence,Available,N
M,0,WFG,M0WFG,Call Sign,Amateur Full Radio Licence,Available,N
M,0,WFH,M0WFH,Call Sign,Amateur Full Radio Licence,Available,N
M,0,WFI,M0WFI,Call Sign,Amateur Full Radio Licence,Available,N
M,0,WFJ,M0WFJ,Call Sign,Amateur Full Radio Licence,Available,N
M,0,WFL,M0WFL,Call Sign,Amateur Full Radio Licence,Available,N
M,0,WFP,M0WFP,Call Sign,Amateur Full Radio Licence,Available,N
M,0,WFQ,M0WFQ,Call Sign,Amateur Full Radio Licence,Available,N
M,0,WFS,M0WFS,Call Sign,Amateur Full Radio Licence,Available,N
M,0,WFT,M0WFT,Call Sign,Amateur Full Radio Licence,Available,N
M,0,WFU,M0WFU,Call Sign,Amateur Full Radio Licence,Available,N
M,0,WFV,M0WFV,Call Sign,Amateur Full Radio Licence,Available,N
M,0,WFW,M0WFW,Call Sign,Amateur Full Radio Licence,Available,N
M,0,WFY,M0WFY,Call Sign,Amateur Full Radio Licence,Available,N
M,0,WFZ,M0WFZ,Call Sign,Amateur Full Radio Licence,Available,N
M,0,WGD,M0WGD,Call Sign,Amateur Full Radio Licence,Available,N
M,0,WGE,M0WGE,Call Sign,Amateur Full Radio Licence,Available,N
M,0,WGF,M0WGF,Call Sign,Amateur Full Radio Licence,Available,N
M,0,WGG,M0WGG,Call Sign,Amateur Full Radio Licence,Available,N
M,0,WGJ,M0WGJ,Call Sign,Amateur Full Radio Licence,Available,N
M,0,WGK,M0WGK,Call Sign,Amateur Full Radio Licence,Available,N
M,0,WGP,M0WGP,Call Sign,Amateur Full Radio Licence,Available,N
M,0,WGQ,M0WGQ,Call Sign,Amateur Full Radio Licence,Available,N
M,0,WGR,M0WGR,Call Sign,Amateur Full Radio Licence,Available,N
M,0,WGU,M0WGU,Call Sign,Amateur Full Radio Licence,Available,N
M,0,WGV,M0WGV,Call Sign,Amateur Full Radio Licence,Available,N
M,0,WGX,M0WGX,Call Sign,Amateur Full Radio Licence,Available,N
M,0,WGY,M0WGY,Call Sign,Amateur Full Radio Licence,Available,N
M,0,WHE,M0WHE,Call Sign,Amateur Full Radio Licence,Available,N
M,0,WHF,M0WHF,Call Sign,Amateur Full Radio Licence,Available,N
M,0,WHJ,M0WHJ,Call Sign,Amateur Full Radio Licence,Available,N
M,0,WHK,M0WHK,Call Sign,Amateur Full Radio Licence,Available,N
M,0,WHL,M0WHL,Call Sign,Amateur Full Radio Licence,Available,N
M,0,WHM,M0WHM,Call Sign,Amateur Full Radio Licence,Available,N
M,0,WHN,M0WHN,Call Sign,Amateur Full Radio Licence,Available,N
M,0,WHS,M0WHS,Call Sign,Amateur Full Radio Licence,Available,N
M,0,WHT,M0WHT,Call Sign,Amateur Full Radio Licence,Available,N
M,0,WHU,M0WHU,Call Sign,Amateur Full Radio Licence,Available,N
M,0,WHV,M0WHV,Call Sign,Amateur Full Radio Licence,Available,N
M,0,WHX,M0WHX,Call Sign,Amateur Full Radio Licence,Available,N
M,0,WHZ,M0WHZ,Call Sign,Amateur Full Radio Licence,Available,N
M,0,WIB,M0WIB,Call Sign,Amateur Full Radio Licence,Available,N
M,0,WIC,M0WIC,Call Sign,Amateur Full Radio Licence,Available,N
M,0,WIE,M0WIE,Call Sign,Amateur Full Radio Licence,Available,N
M,0,WIF,M0WIF,Call Sign,Amateur Full Radio Licence,Available,N
M,0,WIG,M0WIG,Call Sign,Amateur Full Radio Licence,Available,N
M,0,WIH,M0WIH,Call Sign,Amateur Full Radio Licence,Available,N
M,0,WII,M0WII,Call Sign,Amateur Full Radio Licence,Available,N
M,0,WIJ,M0WIJ,Call Sign,Amateur Full Radio Licence,Available,N
M,0,WIM,M0WIM,Call Sign,Amateur Full Radio Licence,Available,N
M,0,WIO,M0WIO,Call Sign,Amateur Full Radio Licence,Available,N
M,0,WIQ,M0WIQ,Call Sign,Amateur Full Radio Licence,Available,N
M,0,WIR,M0WIR,Call Sign,Amateur Full Radio Licence,Available,N
M,0,WIU,M0WIU,Call Sign,Amateur Full Radio Licence,Available,N
M,0,WIV,M0WIV,Call Sign,Amateur Full Radio Licence,Available,N
M,0,WIX,M0WIX,Call Sign,Amateur Full Radio Licence,Available,N
M,0,WIY,M0WIY,Call Sign,Amateur Full Radio Licence,Available,N
M,0,WJA,M0WJA,Call Sign,Amateur Full Radio Licence,Available,N
M,0,WJB,M0WJB,Call Sign,Amateur Full Radio Licence,Available,N
M,0,WJD,M0WJD,Call Sign,Amateur Full Radio Licence,Available,N
M,0,WJE,M0WJE,Call Sign,Amateur Full Radio Licence,Available,N
M,0,WJF,M0WJF,Call Sign,Amateur Full Radio Licence,Available,N
M,0,WJG,M0WJG,Call Sign,Amateur Full Radio Licence,Available,N
M,0,WJI,M0WJI,Call Sign,Amateur Full Radio Licence,Available,N
M,0,WJK,M0WJK,Call Sign,Amateur Full Radio Licence,Available,N
M,0,WJL,M0WJL,Call Sign,Amateur Full Radio Licence,Available,N
M,0,WJN,M0WJN,Call Sign,Amateur Full Radio Licence,Available,N
M,0,WJO,M0WJO,Call Sign,Amateur Full Radio Licence,Available,N
M,0,WJP,M0WJP,Call Sign,Amateur Full Radio Licence,Available,N
M,0,WJQ,M0WJQ,Call Sign,Amateur Full Radio Licence,Available,N
M,0,WJR,M0WJR,Call Sign,Amateur Full Radio Licence,Available,N
M,0,WJS,M0WJS,Call Sign,Amateur Full Radio Licence,Available,N
M,0,WJU,M0WJU,Call Sign,Amateur Full Radio Licence,Available,N
M,0,WJV,M0WJV,Call Sign,Amateur Full Radio Licence,Available,N
M,0,WJX,M0WJX,Call Sign,Amateur Full Radio Licence,Available,N
M,0,WJZ,M0WJZ,Call Sign,Amateur Full Radio Licence,Available,N
M,0,WKA,M0WKA,Call Sign,Amateur Full Radio Licence,Available,N
M,0,WKD,M0WKD,Call Sign,Amateur Full Radio Licence,Available,N
M,0,WKE,M0WKE,Call Sign,Amateur Full Radio Licence,Available,N
M,0,WKF,M0WKF,Call Sign,Amateur Full Radio Licence,Available,N
M,0,WKG,M0WKG,Call Sign,Amateur Full Radio Licence,Available,N
M,0,WKH,M0WKH,Call Sign,Amateur Full Radio Licence,Available,N
M,0,WKI,M0WKI,Call Sign,Amateur Full Radio Licence,Available,N
M,0,WKK,M0WKK,Call Sign,Amateur Full Radio Licence,Available,N
M,0,WKL,M0WKL,Call Sign,Amateur Full Radio Licence,Available,N
M,0,WKM,M0WKM,Call Sign,Amateur Full Radio Licence,Available,N
M,0,WKN,M0WKN,Call Sign,Amateur Full Radio Licence,Available,N
M,0,WKP,M0WKP,Call Sign,Amateur Full Radio Licence,Available,N
M,0,WKQ,M0WKQ,Call Sign,Amateur Full Radio Licence,Available,N
M,0,WKS,M0WKS,Call Sign,Amateur Full Radio Licence,Available,N
M,0,WKU,M0WKU,Call Sign,Amateur Full Radio Licence,Available,N
M,0,WKV,M0WKV,Call Sign,Amateur Full Radio Licence,Available,N
M,0,WKX,M0WKX,Call Sign,Amateur Full Radio Licence,Available,N
M,0,WKY,M0WKY,Call Sign,Amateur Full Radio Licence,Available,N
M,0,WKZ,M0WKZ,Call Sign,Amateur Full Radio Licence,Available,N
M,0,WLB,M0WLB,Call Sign,Amateur Full Radio Licence,Available,N
M,0,WLD,M0WLD,Call Sign,Amateur Full Radio Licence,Available,N
M,0,WLG,M0WLG,Call Sign,Amateur Full Radio Licence,Available,N
M,0,WLI,M0WLI,Call Sign,Amateur Full Radio Licence,Available,N
M,0,WLJ,M0WLJ,Call Sign,Amateur Full Radio Licence,Available,N
M,0,WLN,M0WLN,Call Sign,Amateur Full Radio Licence,Available,N
M,0,WLP,M0WLP,Call Sign,Amateur Full Radio Licence,Available,N
M,0,WLQ,M0WLQ,Call Sign,Amateur Full Radio Licence,Available,N
M,0,WLT,M0WLT,Call Sign,Amateur Full Radio Licence,Available,N
M,0,WLU,M0WLU,Call Sign,Amateur Full Radio Licence,Available,N
M,0,WLV,M0WLV,Call Sign,Amateur Full Radio Licence,Available,N
M,0,WLW,M0WLW,Call Sign,Amateur Full Radio Licence,Available,N
M,0,WLX,M0WLX,Call Sign,Amateur Full Radio Licence,Available,N
M,0,WMA,M0WMA,Call Sign,Amateur Full Radio Licence,Available,N
M,0,WME,M0WME,Call Sign,Amateur Full Radio Licence,Available,N
M,0,WMF,M0WMF,Call Sign,Amateur Full Radio Licence,Available,N
M,0,WMG,M0WMG,Call Sign,Amateur Full Radio Licence,Available,N
M,0,WMH,M0WMH,Call Sign,Amateur Full Radio Licence,Available,N
M,0,WMI,M0WMI,Call Sign,Amateur Full Radio Licence,Available,N
M,0,WMJ,M0WMJ,Call Sign,Amateur Full Radio Licence,Available,N
M,0,WMK,M0WMK,Call Sign,Amateur Full Radio Licence,Available,N
M,0,WMM,M0WMM,Call Sign,Amateur Full Radio Licence,Available,N
M,0,WMN,M0WMN,Call Sign,Amateur Full Radio Licence,Available,N
M,0,WMP,M0WMP,Call Sign,Amateur Full Radio Licence,Available,N
M,0,WMQ,M0WMQ,Call Sign,Amateur Full Radio Licence,Available,N
M,0,WMS,M0WMS,Call Sign,Amateur Full Radio Licence,Available,N
M,0,WMU,M0WMU,Call Sign,Amateur Full Radio Licence,Available,N
M,0,WMV,M0WMV,Call Sign,Amateur Full Radio Licence,Available,N
M,0,WMW,M0WMW,Call Sign,Amateur Full Radio Licence,Available,N
M,0,WMY,M0WMY,Call Sign,Amateur Full Radio Licence,Available,N
M,0,WMZ,M0WMZ,Call Sign,Amateur Full Radio Licence,Available,N
M,0,WNA,M0WNA,Call Sign,Amateur Full Radio Licence,Available,N
M,0,WNB,M0WNB,Call Sign,Amateur Full Radio Licence,Available,N
M,0,WNC,M0WNC,Call Sign,Amateur Full Radio Licence,Available,N
M,0,WNJ,M0WNJ,Call Sign,Amateur Full Radio Licence,Available,N
M,0,WNM,M0WNM,Call Sign,Amateur Full Radio Licence,Available,N
M,0,WNN,M0WNN,Call Sign,Amateur Full Radio Licence,Available,N
M,0,WNO,M0WNO,Call Sign,Amateur Full Radio Licence,Available,N
M,0,WNQ,M0WNQ,Call Sign,Amateur Full Radio Licence,Available,N
M,0,WNR,M0WNR,Call Sign,Amateur Full Radio Licence,Available,N
M,0,WNS,M0WNS,Call Sign,Amateur Full Radio Licence,Available,N
M,0,WNU,M0WNU,Call Sign,Amateur Full Radio Licence,Available,N
M,0,WNX,M0WNX,Call Sign,Amateur Full Radio Licence,Available,N
M,0,WNY,M0WNY,Call Sign,Amateur Full Radio Licence,Available,N
M,0,WNZ,M0WNZ,Call Sign,Amateur Full Radio Licence,Available,N
M,0,WOA,M0WOA,Call Sign,Amateur Full Radio Licence,Available,N
M,0,WOC,M0WOC,Call Sign,Amateur Full Radio Licence,Available,N
M,0,WOE,M0WOE,Call Sign,Amateur Full Radio Licence,Available,N
M,0,WOF,M0WOF,Call Sign,Amateur Full Radio Licence,Available,N
M,0,WOH,M0WOH,Call Sign,Amateur Full Radio Licence,Available,N
M,0,WOI,M0WOI,Call Sign,Amateur Full Radio Licence,Available,N
M,0,WOL,M0WOL,Call Sign,Amateur Full Radio Licence,Available,N
M,0,WOM,M0WOM,Call Sign,Amateur Full Radio Licence,Available,N
M,0,WON,M0WON,Call Sign,Amateur Full Radio Licence,Available,N
M,0,WOO,M0WOO,Call Sign,Amateur Full Radio Licence,Available,N
M,0,WOQ,M0WOQ,Call Sign,Amateur Full Radio Licence,Available,N
M,0,WOT,M0WOT,Call Sign,Amateur Full Radio Licence,Available,N
M,0,WOU,M0WOU,Call Sign,Amateur Full Radio Licence,Available,N
M,0,WOV,M0WOV,Call Sign,Amateur Full Radio Licence,Available,N
M,0,WOX,M0WOX,Call Sign,Amateur Full Radio Licence,Available,N
M,0,WOY,M0WOY,Call Sign,Amateur Full Radio Licence,Available,N
M,0,WPB,M0WPB,Call Sign,Amateur Full Radio Licence,Available,N
M,0,WPD,M0WPD,Call Sign,Amateur Full Radio Licence,Available,N
M,0,WPE,M0WPE,Call Sign,Amateur Full Radio Licence,Available,N
M,0,WPF,M0WPF,Call Sign,Amateur Full Radio Licence,Available,N
M,0,WPG,M0WPG,Call Sign,Amateur Full Radio Licence,Available,N
M,0,WPI,M0WPI,Call Sign,Amateur Full Radio Licence,Available,N
M,0,WPJ,M0WPJ,Call Sign,Amateur Full Radio Licence,Available,N
M,0,WPK,M0WPK,Call Sign,Amateur Full Radio Licence,Available,N
M,0,WPL,M0WPL,Call Sign,Amateur Full Radio Licence,Available,N
M,0,WPO,M0WPO,Call Sign,Amateur Full Radio Licence,Available,N
M,0,WPP,M0WPP,Call Sign,Amateur Full Radio Licence,Available,N
M,0,WPQ,M0WPQ,Call Sign,Amateur Full Radio Licence,Available,N
M,0,WPS,M0WPS,Call Sign,Amateur Full Radio Licence,Available,N
M,0,WPU,M0WPU,Call Sign,Amateur Full Radio Licence,Available,N
M,0,WPV,M0WPV,Call Sign,Amateur Full Radio Licence,Available,N
M,0,WPW,M0WPW,Call Sign,Amateur Full Radio Licence,Available,N
M,0,WPY,M0WPY,Call Sign,Amateur Full Radio Licence,Available,N
M,0,WPZ,M0WPZ,Call Sign,Amateur Full Radio Licence,Available,N
M,0,WQA,M0WQA,Call Sign,Amateur Full Radio Licence,Available,N
M,0,WQB,M0WQB,Call Sign,Amateur Full Radio Licence,Available,N
M,0,WQC,M0WQC,Call Sign,Amateur Full Radio Licence,Available,N
M,0,WQD,M0WQD,Call Sign,Amateur Full Radio Licence,Available,N
M,0,WQE,M0WQE,Call Sign,Amateur Full Radio Licence,Available,N
M,0,WQF,M0WQF,Call Sign,Amateur Full Radio Licence,Available,N
M,0,WQG,M0WQG,Call Sign,Amateur Full Radio Licence,Available,N
M,0,WQH,M0WQH,Call Sign,Amateur Full Radio Licence,Available,N
M,0,WQI,M0WQI,Call Sign,Amateur Full Radio Licence,Available,N
M,0,WQJ,M0WQJ,Call Sign,Amateur Full Radio Licence,Available,N
M,0,WQL,M0WQL,Call Sign,Amateur Full Radio Licence,Available,N
M,0,WQM,M0WQM,Call Sign,Amateur Full Radio Licence,Available,N
M,0,WQN,M0WQN,Call Sign,Amateur Full Radio Licence,Available,N
M,0,WQO,M0WQO,Call Sign,Amateur Full Radio Licence,Available,N
M,0,WQP,M0WQP,Call Sign,Amateur Full Radio Licence,Available,N
M,0,WQQ,M0WQQ,Call Sign,Amateur Full Radio Licence,Available,N
M,0,WQS,M0WQS,Call Sign,Amateur Full Radio Licence,Available,N
M,0,WQT,M0WQT,Call Sign,Amateur Full Radio Licence,Available,N
M,0,WQU,M0WQU,Call Sign,Amateur Full Radio Licence,Available,N
M,0,WQV,M0WQV,Call Sign,Amateur Full Radio Licence,Available,N
M,0,WQW,M0WQW,Call Sign,Amateur Full Radio Licence,Available,N
M,0,WQY,M0WQY,Call Sign,Amateur Full Radio Licence,Available,N
M,0,WQZ,M0WQZ,Call Sign,Amateur Full Radio Licence,Available,N
M,0,WRB,M0WRB,Call Sign,Amateur Full Radio Licence,Available,N
M,0,WRD,M0WRD,Call Sign,Amateur Full Radio Licence,Available,N
M,0,WRE,M0WRE,Call Sign,Amateur Full Radio Licence,Available,N
M,0,WRF,M0WRF,Call Sign,Amateur Full Radio Licence,Available,N
M,0,WRH,M0WRH,Call Sign,Amateur Full Radio Licence,Available,N
M,0,WRJ,M0WRJ,Call Sign,Amateur Full Radio Licence,Available,N
M,0,WRK,M0WRK,Call Sign,Amateur Full Radio Licence,Available,N
M,0,WRN,M0WRN,Call Sign,Amateur Full Radio Licence,Available,N
M,0,WRR,M0WRR,Call Sign,Amateur Full Radio Licence,Available,N
M,0,WRV,M0WRV,Call Sign,Amateur Full Radio Licence,Available,N
M,0,WRW,M0WRW,Call Sign,Amateur Full Radio Licence,Available,N
M,0,WRY,M0WRY,Call Sign,Amateur Full Radio Licence,Available,N
M,0,WRZ,M0WRZ,Call Sign,Amateur Full Radio Licence,Available,N
M,0,WSF,M0WSF,Call Sign,Amateur Full Radio Licence,Available,N
M,0,WSG,M0WSG,Call Sign,Amateur Full Radio Licence,Available,N
M,0,WSH,M0WSH,Call Sign,Amateur Full Radio Licence,Available,N
M,0,WSI,M0WSI,Call Sign,Amateur Full Radio Licence,Available,N
M,0,WSJ,M0WSJ,Call Sign,Amateur Full Radio Licence,Available,N
M,0,WSL,M0WSL,Call Sign,Amateur Full Radio Licence,Available,N
M,0,WSO,M0WSO,Call Sign,Amateur Full Radio Licence,Available,N
M,0,WSP,M0WSP,Call Sign,Amateur Full Radio Licence,Available,N
M,0,WSQ,M0WSQ,Call Sign,Amateur Full Radio Licence,Available,N
M,0,WSS,M0WSS,Call Sign,Amateur Full Radio Licence,Available,N
M,0,WSU,M0WSU,Call Sign,Amateur Full Radio Licence,Available,N
M,0,WSV,M0WSV,Call Sign,Amateur Full Radio Licence,Available,N
M,0,WSX,M0WSX,Call Sign,Amateur Full Radio Licence,Available,N
M,0,WSY,M0WSY,Call Sign,Amateur Full Radio Licence,Available,N
M,0,WSZ,M0WSZ,Call Sign,Amateur Full Radio Licence,Available,N
M,0,WTA,M0WTA,Call Sign,Amateur Full Radio Licence,Available,N
M,0,WTE,M0WTE,Call Sign,Amateur Full Radio Licence,Available,N
M,0,WTI,M0WTI,Call Sign,Amateur Full Radio Licence,Available,N
M,0,WTJ,M0WTJ,Call Sign,Amateur Full Radio Licence,Available,N
M,0,WTK,M0WTK,Call Sign,Amateur Full Radio Licence,Available,N
M,0,WTL,M0WTL,Call Sign,Amateur Full Radio Licence,Available,N
M,0,WTM,M0WTM,Call Sign,Amateur Full Radio Licence,Available,N
M,0,WTN,M0WTN,Call Sign,Amateur Full Radio Licence,Available,N
M,0,WTO,M0WTO,Call Sign,Amateur Full Radio Licence,Available,N
M,0,WTP,M0WTP,Call Sign,Amateur Full Radio Licence,Available,N
M,0,WTQ,M0WTQ,Call Sign,Amateur Full Radio Licence,Available,N
M,0,WTR,M0WTR,Call Sign,Amateur Full Radio Licence,Available,N
M,0,WTU,M0WTU,Call Sign,Amateur Full Radio Licence,Available,N
M,0,WTZ,M0WTZ,Call Sign,Amateur Full Radio Licence,Available,N
M,0,WUA,M0WUA,Call Sign,Amateur Full Radio Licence,Available,N
M,0,WUB,M0WUB,Call Sign,Amateur Full Radio Licence,Available,N
M,0,WUC,M0WUC,Call Sign,Amateur Full Radio Licence,Available,N
M,0,WUD,M0WUD,Call Sign,Amateur Full Radio Licence,Available,N
M,0,WUF,M0WUF,Call Sign,Amateur Full Radio Licence,Available,N
M,0,WUG,M0WUG,Call Sign,Amateur Full Radio Licence,Available,N
M,0,WUH,M0WUH,Call Sign,Amateur Full Radio Licence,Available,N
M,0,WUI,M0WUI,Call Sign,Amateur Full Radio Licence,Available,N
M,0,WUJ,M0WUJ,Call Sign,Amateur Full Radio Licence,Available,N
M,0,WUK,M0WUK,Call Sign,Amateur Full Radio Licence,Available,N
M,0,WUM,M0WUM,Call Sign,Amateur Full Radio Licence,Available,N
M,0,WUN,M0WUN,Call Sign,Amateur Full Radio Licence,Available,N
M,0,WUO,M0WUO,Call Sign,Amateur Full Radio Licence,Available,N
M,0,WUP,M0WUP,Call Sign,Amateur Full Radio Licence,Available,N
M,0,WUQ,M0WUQ,Call Sign,Amateur Full Radio Licence,Available,N
M,0,WUR,M0WUR,Call Sign,Amateur Full Radio Licence,Available,N
M,0,WUU,M0WUU,Call Sign,Amateur Full Radio Licence,Available,N
M,0,WUV,M0WUV,Call Sign,Amateur Full Radio Licence,Available,N
M,0,WUW,M0WUW,Call Sign,Amateur Full Radio Licence,Available,N
M,0,WUX,M0WUX,Call Sign,Amateur Full Radio Licence,Available,N
M,0,WUY,M0WUY,Call Sign,Amateur Full Radio Licence,Available,N
M,0,WUZ,M0WUZ,Call Sign,Amateur Full Radio Licence,Available,N
M,0,WVA,M0WVA,Call Sign,Amateur Full Radio Licence,Available,N
M,0,WVB,M0WVB,Call Sign,Amateur Full Radio Licence,Available,N
M,0,WVC,M0WVC,Call Sign,Amateur Full Radio Licence,Available,N
M,0,WVD,M0WVD,Call Sign,Amateur Full Radio Licence,Available,N
M,0,WVE,M0WVE,Call Sign,Amateur Full Radio Licence,Available,N
M,0,WVF,M0WVF,Call Sign,Amateur Full Radio Licence,Available,N
M,0,WVG,M0WVG,Call Sign,Amateur Full Radio Licence,Available,N
M,0,WVH,M0WVH,Call Sign,Amateur Full Radio Licence,Available,N
M,0,WVI,M0WVI,Call Sign,Amateur Full Radio Licence,Available,N
M,0,WVJ,M0WVJ,Call Sign,Amateur Full Radio Licence,Available,N
M,0,WVK,M0WVK,Call Sign,Amateur Full Radio Licence,Available,N
M,0,WVL,M0WVL,Call Sign,Amateur Full Radio Licence,Available,N
M,0,WVM,M0WVM,Call Sign,Amateur Full Radio Licence,Available,N
M,0,WVN,M0WVN,Call Sign,Amateur Full Radio Licence,Available,N
M,0,WVO,M0WVO,Call Sign,Amateur Full Radio Licence,Available,N
M,0,WVP,M0WVP,Call Sign,Amateur Full Radio Licence,Available,N
M,0,WVQ,M0WVQ,Call Sign,Amateur Full Radio Licence,Available,N
M,0,WVS,M0WVS,Call Sign,Amateur Full Radio Licence,Available,N
M,0,WVT,M0WVT,Call Sign,Amateur Full Radio Licence,Available,N
M,0,WVU,M0WVU,Call Sign,Amateur Full Radio Licence,Available,N
M,0,WVV,M0WVV,Call Sign,Amateur Full Radio Licence,Available,N
M,0,WVW,M0WVW,Call Sign,Amateur Full Radio Licence,Available,N
M,0,WVX,M0WVX,Call Sign,Amateur Full Radio Licence,Available,N
M,0,WVY,M0WVY,Call Sign,Amateur Full Radio Licence,Available,N
M,0,WVZ,M0WVZ,Call Sign,Amateur Full Radio Licence,Available,N
M,0,WWB,M0WWB,Call Sign,Amateur Full Radio Licence,Available,N
M,0,WWC,M0WWC,Call Sign,Amateur Full Radio Licence,Available,N
M,0,WWE,M0WWE,Call Sign,Amateur Full Radio Licence,Available,N
M,0,WWF,M0WWF,Call Sign,Amateur Full Radio Licence,Available,N
M,0,WWI,M0WWI,Call Sign,Amateur Full Radio Licence,Available,N
M,0,WWJ,M0WWJ,Call Sign,Amateur Full Radio Licence,Available,N
M,0,WWK,M0WWK,Call Sign,Amateur Full Radio Licence,Available,N
M,0,WWL,M0WWL,Call Sign,Amateur Full Radio Licence,Available,N
M,0,WWO,M0WWO,Call Sign,Amateur Full Radio Licence,Available,N
M,0,WWP,M0WWP,Call Sign,Amateur Full Radio Licence,Available,N
M,0,WWQ,M0WWQ,Call Sign,Amateur Full Radio Licence,Available,N
M,0,WWT,M0WWT,Call Sign,Amateur Full Radio Licence,Available,N
M,0,WWU,M0WWU,Call Sign,Amateur Full Radio Licence,Available,N
M,0,WWX,M0WWX,Call Sign,Amateur Full Radio Licence,Available,N
M,0,WWY,M0WWY,Call Sign,Amateur Full Radio Licence,Available,N
M,0,WXA,M0WXA,Call Sign,Amateur Full Radio Licence,Available,N
M,0,WXC,M0WXC,Call Sign,Amateur Full Radio Licence,Available,N
M,0,WXE,M0WXE,Call Sign,Amateur Full Radio Licence,Available,N
M,0,WXH,M0WXH,Call Sign,Amateur Full Radio Licence,Available,N
M,0,WXI,M0WXI,Call Sign,Amateur Full Radio Licence,Available,N
M,0,WXJ,M0WXJ,Call Sign,Amateur Full Radio Licence,Available,N
M,0,WXK,M0WXK,Call Sign,Amateur Full Radio Licence,Available,N
M,0,WXN,M0WXN,Call Sign,Amateur Full Radio Licence,Available,N
M,0,WXP,M0WXP,Call Sign,Amateur Full Radio Licence,Available,N
M,0,WXQ,M0WXQ,Call Sign,Amateur Full Radio Licence,Available,N
M,0,WXR,M0WXR,Call Sign,Amateur Full Radio Licence,Available,N
M,0,WXS,M0WXS,Call Sign,Amateur Full Radio Licence,Available,N
M,0,WXV,M0WXV,Call Sign,Amateur Full Radio Licence,Available,N
M,0,WXW,M0WXW,Call Sign,Amateur Full Radio Licence,Available,N
M,0,WXX,M0WXX,Call Sign,Amateur Full Radio Licence,Available,N
M,0,WXY,M0WXY,Call Sign,Amateur Full Radio Licence,Available,N
M,0,WXZ,M0WXZ,Call Sign,Amateur Full Radio Licence,Available,N
M,0,WYD,M0WYD,Call Sign,Amateur Full Radio Licence,Available,N
M,0,WYF,M0WYF,Call Sign,Amateur Full Radio Licence,Available,N
M,0,WYG,M0WYG,Call Sign,Amateur Full Radio Licence,Available,N
M,0,WYI,M0WYI,Call Sign,Amateur Full Radio Licence,Available,N
M,0,WYJ,M0WYJ,Call Sign,Amateur Full Radio Licence,Available,N
M,0,WYK,M0WYK,Call Sign,Amateur Full Radio Licence,Available,N
M,0,WYL,M0WYL,Call Sign,Amateur Full Radio Licence,Available,N
M,0,WYO,M0WYO,Call Sign,Amateur Full Radio Licence,Available,N
M,0,WYP,M0WYP,Call Sign,Amateur Full Radio Licence,Available,N
M,0,WYQ,M0WYQ,Call Sign,Amateur Full Radio Licence,Available,N
M,0,WYS,M0WYS,Call Sign,Amateur Full Radio Licence,Available,N
M,0,WYU,M0WYU,Call Sign,Amateur Full Radio Licence,Available,N
M,0,WYV,M0WYV,Call Sign,Amateur Full Radio Licence,Available,N
M,0,WYW,M0WYW,Call Sign,Amateur Full Radio Licence,Available,N
M,0,WYX,M0WYX,Call Sign,Amateur Full Radio Licence,Available,N
M,0,WYY,M0WYY,Call Sign,Amateur Full Radio Licence,Available,N
M,0,WZA,M0WZA,Call Sign,Amateur Full Radio Licence,Available,N
M,0,WZD,M0WZD,Call Sign,Amateur Full Radio Licence,Available,N
M,0,WZE,M0WZE,Call Sign,Amateur Full Radio Licence,Available,N
M,0,WZG,M0WZG,Call Sign,Amateur Full Radio Licence,Available,N
M,0,WZH,M0WZH,Call Sign,Amateur Full Radio Licence,Available,N
M,0,WZI,M0WZI,Call Sign,Amateur Full Radio Licence,Available,N
M,0,WZJ,M0WZJ,Call Sign,Amateur Full Radio Licence,Available,N
M,0,WZK,M0WZK,Call Sign,Amateur Full Radio Licence,Available,N
M,0,WZL,M0WZL,Call Sign,Amateur Full Radio Licence,Available,N
M,0,WZN,M0WZN,Call Sign,Amateur Full Radio Licence,Available,N
M,0,WZO,M0WZO,Call Sign,Amateur Full Radio Licence,Available,N
M,0,WZP,M0WZP,Call Sign,Amateur Full Radio Licence,Available,N
M,0,WZQ,M0WZQ,Call Sign,Amateur Full Radio Licence,Available,N
M,0,WZR,M0WZR,Call Sign,Amateur Full Radio Licence,Available,N
M,0,WZS,M0WZS,Call Sign,Amateur Full Radio Licence,Available,N
M,0,WZU,M0WZU,Call Sign,Amateur Full Radio Licence,Available,N
M,0,WZV,M0WZV,Call Sign,Amateur Full Radio Licence,Available,N
M,0,WZW,M0WZW,Call Sign,Amateur Full Radio Licence,Available,N
M,0,WZY,M0WZY,Call Sign,Amateur Full Radio Licence,Available,N
M,0,XAD,M0XAD,Call Sign,Amateur Full Radio Licence,Available,N
M,0,XAE,M0XAE,Call Sign,Amateur Full Radio Licence,Available,N
M,0,XAG,M0XAG,Call Sign,Amateur Full Radio Licence,Available,N
M,0,XAH,M0XAH,Call Sign,Amateur Full Radio Licence,Available,N
M,0,XAI,M0XAI,Call Sign,Amateur Full Radio Licence,Available,N
M,0,XAL,M0XAL,Call Sign,Amateur Full Radio Licence,Available,N
M,0,XAO,M0XAO,Call Sign,Amateur Full Radio Licence,Available,N
M,0,XAQ,M0XAQ,Call Sign,Amateur Full Radio Licence,Available,N
M,0,XAR,M0XAR,Call Sign,Amateur Full Radio Licence,Available,N
M,0,XAS,M0XAS,Call Sign,Amateur Full Radio Licence,Available,N
M,0,XAV,M0XAV,Call Sign,Amateur Full Radio Licence,Available,N
M,0,XAY,M0XAY,Call Sign,Amateur Full Radio Licence,Available,N
M,0,XBA,M0XBA,Call Sign,Amateur Full Radio Licence,Available,N
M,0,XBB,M0XBB,Call Sign,Amateur Full Radio Licence,Available,N
M,0,XBC,M0XBC,Call Sign,Amateur Full Radio Licence,Available,N
M,0,XBG,M0XBG,Call Sign,Amateur Full Radio Licence,Available,N
M,0,XBH,M0XBH,Call Sign,Amateur Full Radio Licence,Available,N
M,0,XBJ,M0XBJ,Call Sign,Amateur Full Radio Licence,Available,N
M,0,XBL,M0XBL,Call Sign,Amateur Full Radio Licence,Available,N
M,0,XBN,M0XBN,Call Sign,Amateur Full Radio Licence,Available,N
M,0,XBQ,M0XBQ,Call Sign,Amateur Full Radio Licence,Available,N
M,0,XBU,M0XBU,Call Sign,Amateur Full Radio Licence,Available,N
M,0,XBV,M0XBV,Call Sign,Amateur Full Radio Licence,Available,N
M,0,XBW,M0XBW,Call Sign,Amateur Full Radio Licence,Available,N
M,0,XBX,M0XBX,Call Sign,Amateur Full Radio Licence,Available,N
M,0,XBZ,M0XBZ,Call Sign,Amateur Full Radio Licence,Available,N
M,0,XCA,M0XCA,Call Sign,Amateur Full Radio Licence,Available,N
M,0,XCC,M0XCC,Call Sign,Amateur Full Radio Licence,Available,N
M,0,XCD,M0XCD,Call Sign,Amateur Full Radio Licence,Available,N
M,0,XCE,M0XCE,Call Sign,Amateur Full Radio Licence,Available,N
M,0,XCF,M0XCF,Call Sign,Amateur Full Radio Licence,Available,N
M,0,XCG,M0XCG,Call Sign,Amateur Full Radio Licence,Available,N
M,0,XCI,M0XCI,Call Sign,Amateur Full Radio Licence,Available,N
M,0,XCK,M0XCK,Call Sign,Amateur Full Radio Licence,Available,N
M,0,XCL,M0XCL,Call Sign,Amateur Full Radio Licence,Available,N
M,0,XCM,M0XCM,Call Sign,Amateur Full Radio Licence,Available,N
M,0,XCN,M0XCN,Call Sign,Amateur Full Radio Licence,Available,N
M,0,XCQ,M0XCQ,Call Sign,Amateur Full Radio Licence,Available,N
M,0,XCS,M0XCS,Call Sign,Amateur Full Radio Licence,Available,N
M,0,XCU,M0XCU,Call Sign,Amateur Full Radio Licence,Available,N
M,0,XCV,M0XCV,Call Sign,Amateur Full Radio Licence,Available,N
M,0,XCW,M0XCW,Call Sign,Amateur Full Radio Licence,Available,N
M,0,XCZ,M0XCZ,Call Sign,Amateur Full Radio Licence,Available,N
M,0,XDA,M0XDA,Call Sign,Amateur Full Radio Licence,Available,N
M,0,XDE,M0XDE,Call Sign,Amateur Full Radio Licence,Available,N
M,0,XDH,M0XDH,Call Sign,Amateur Full Radio Licence,Available,N
M,0,XDI,M0XDI,Call Sign,Amateur Full Radio Licence,Available,N
M,0,XDM,M0XDM,Call Sign,Amateur Full Radio Licence,Available,N
M,0,XDO,M0XDO,Call Sign,Amateur Full Radio Licence,Available,N
M,0,XDP,M0XDP,Call Sign,Amateur Full Radio Licence,Available,N
M,0,XDQ,M0XDQ,Call Sign,Amateur Full Radio Licence,Available,N
M,0,XDU,M0XDU,Call Sign,Amateur Full Radio Licence,Available,N
M,0,XDV,M0XDV,Call Sign,Amateur Full Radio Licence,Available,N
M,0,XDZ,M0XDZ,Call Sign,Amateur Full Radio Licence,Available,N
M,0,XEB,M0XEB,Call Sign,Amateur Full Radio Licence,Available,N
M,0,XEC,M0XEC,Call Sign,Amateur Full Radio Licence,Available,N
M,0,XEF,M0XEF,Call Sign,Amateur Full Radio Licence,Available,N
M,0,XEG,M0XEG,Call Sign,Amateur Full Radio Licence,Available,N
M,0,XEH,M0XEH,Call Sign,Amateur Full Radio Licence,Available,N
M,0,XEI,M0XEI,Call Sign,Amateur Full Radio Licence,Available,N
M,0,XEJ,M0XEJ,Call Sign,Amateur Full Radio Licence,Available,N
M,0,XEL,M0XEL,Call Sign,Amateur Full Radio Licence,Available,N
M,0,XEM,M0XEM,Call Sign,Amateur Full Radio Licence,Available,N
M,0,XEO,M0XEO,Call Sign,Amateur Full Radio Licence,Available,N
M,0,XEP,M0XEP,Call Sign,Amateur Full Radio Licence,Available,N
M,0,XEQ,M0XEQ,Call Sign,Amateur Full Radio Licence,Available,N
M,0,XES,M0XES,Call Sign,Amateur Full Radio Licence,Available,N
M,0,XET,M0XET,Call Sign,Amateur Full Radio Licence,Available,N
M,0,XEU,M0XEU,Call Sign,Amateur Full Radio Licence,Available,N
M,0,XEV,M0XEV,Call Sign,Amateur Full Radio Licence,Available,N
M,0,XEW,M0XEW,Call Sign,Amateur Full Radio Licence,Available,N
M,0,XEX,M0XEX,Call Sign,Amateur Full Radio Licence,Available,N
M,0,XEZ,M0XEZ,Call Sign,Amateur Full Radio Licence,Available,N
M,0,XFA,M0XFA,Call Sign,Amateur Full Radio Licence,Available,N
M,0,XFB,M0XFB,Call Sign,Amateur Full Radio Licence,Available,N
M,0,XFC,M0XFC,Call Sign,Amateur Full Radio Licence,Available,N
M,0,XFD,M0XFD,Call Sign,Amateur Full Radio Licence,Available,N
M,0,XFE,M0XFE,Call Sign,Amateur Full Radio Licence,Available,N
M,0,XFF,M0XFF,Call Sign,Amateur Full Radio Licence,Available,N
M,0,XFG,M0XFG,Call Sign,Amateur Full Radio Licence,Available,N
M,0,XFH,M0XFH,Call Sign,Amateur Full Radio Licence,Available,N
M,0,XFI,M0XFI,Call Sign,Amateur Full Radio Licence,Available,N
M,0,XFJ,M0XFJ,Call Sign,Amateur Full Radio Licence,Available,N
M,0,XFK,M0XFK,Call Sign,Amateur Full Radio Licence,Available,N
M,0,XFL,M0XFL,Call Sign,Amateur Full Radio Licence,Available,N
M,0,XFN,M0XFN,Call Sign,Amateur Full Radio Licence,Available,N
M,0,XFO,M0XFO,Call Sign,Amateur Full Radio Licence,Available,N
M,0,XFP,M0XFP,Call Sign,Amateur Full Radio Licence,Available,N
M,0,XFQ,M0XFQ,Call Sign,Amateur Full Radio Licence,Available,N
M,0,XFS,M0XFS,Call Sign,Amateur Full Radio Licence,Available,N
M,0,XFU,M0XFU,Call Sign,Amateur Full Radio Licence,Available,N
M,0,XFV,M0XFV,Call Sign,Amateur Full Radio Licence,Available,N
M,0,XFW,M0XFW,Call Sign,Amateur Full Radio Licence,Available,N
M,0,XFY,M0XFY,Call Sign,Amateur Full Radio Licence,Available,N
M,0,XFZ,M0XFZ,Call Sign,Amateur Full Radio Licence,Available,N
M,0,XGA,M0XGA,Call Sign,Amateur Full Radio Licence,Available,N
M,0,XGC,M0XGC,Call Sign,Amateur Full Radio Licence,Available,N
M,0,XGE,M0XGE,Call Sign,Amateur Full Radio Licence,Available,N
M,0,XGF,M0XGF,Call Sign,Amateur Full Radio Licence,Available,N
M,0,XGH,M0XGH,Call Sign,Amateur Full Radio Licence,Available,N
M,0,XGI,M0XGI,Call Sign,Amateur Full Radio Licence,Available,N
M,0,XGJ,M0XGJ,Call Sign,Amateur Full Radio Licence,Available,N
M,0,XGK,M0XGK,Call Sign,Amateur Full Radio Licence,Available,N
M,0,XGL,M0XGL,Call Sign,Amateur Full Radio Licence,Available,N
M,0,XGM,M0XGM,Call Sign,Amateur Full Radio Licence,Available,N
M,0,XGN,M0XGN,Call Sign,Amateur Full Radio Licence,Available,N
M,0,XGO,M0XGO,Call Sign,Amateur Full Radio Licence,Available,N
M,0,XGQ,M0XGQ,Call Sign,Amateur Full Radio Licence,Available,N
M,0,XGS,M0XGS,Call Sign,Amateur Full Radio Licence,Available,N
M,0,XGU,M0XGU,Call Sign,Amateur Full Radio Licence,Available,N
M,0,XGV,M0XGV,Call Sign,Amateur Full Radio Licence,Available,N
M,0,XGX,M0XGX,Call Sign,Amateur Full Radio Licence,Available,N
M,0,XGY,M0XGY,Call Sign,Amateur Full Radio Licence,Available,N
M,0,XGZ,M0XGZ,Call Sign,Amateur Full Radio Licence,Available,N
M,0,XHA,M0XHA,Call Sign,Amateur Full Radio Licence,Available,N
M,0,XHB,M0XHB,Call Sign,Amateur Full Radio Licence,Available,N
M,0,XHC,M0XHC,Call Sign,Amateur Full Radio Licence,Available,N
M,0,XHD,M0XHD,Call Sign,Amateur Full Radio Licence,Available,N
M,0,XHE,M0XHE,Call Sign,Amateur Full Radio Licence,Available,N
M,0,XHF,M0XHF,Call Sign,Amateur Full Radio Licence,Available,N
M,0,XHG,M0XHG,Call Sign,Amateur Full Radio Licence,Available,N
M,0,XHH,M0XHH,Call Sign,Amateur Full Radio Licence,Available,N
M,0,XHI,M0XHI,Call Sign,Amateur Full Radio Licence,Available,N
M,0,XHJ,M0XHJ,Call Sign,Amateur Full Radio Licence,Available,N
M,0,XHK,M0XHK,Call Sign,Amateur Full Radio Licence,Available,N
M,0,XHL,M0XHL,Call Sign,Amateur Full Radio Licence,Available,N
M,0,XHM,M0XHM,Call Sign,Amateur Full Radio Licence,Available,N
M,0,XHN,M0XHN,Call Sign,Amateur Full Radio Licence,Available,N
M,0,XHP,M0XHP,Call Sign,Amateur Full Radio Licence,Available,N
M,0,XHQ,M0XHQ,Call Sign,Amateur Full Radio Licence,Available,N
M,0,XHR,M0XHR,Call Sign,Amateur Full Radio Licence,Available,N
M,0,XHS,M0XHS,Call Sign,Amateur Full Radio Licence,Available,N
M,0,XHT,M0XHT,Call Sign,Amateur Full Radio Licence,Available,N
M,0,XHU,M0XHU,Call Sign,Amateur Full Radio Licence,Available,N
M,0,XHV,M0XHV,Call Sign,Amateur Full Radio Licence,Available,N
M,0,XHW,M0XHW,Call Sign,Amateur Full Radio Licence,Available,N
M,0,XHX,M0XHX,Call Sign,Amateur Full Radio Licence,Available,N
M,0,XHY,M0XHY,Call Sign,Amateur Full Radio Licence,Available,N
M,0,XHZ,M0XHZ,Call Sign,Amateur Full Radio Licence,Available,N
M,0,XIA,M0XIA,Call Sign,Amateur Full Radio Licence,Available,N
M,0,XIB,M0XIB,Call Sign,Amateur Full Radio Licence,Available,N
M,0,XIC,M0XIC,Call Sign,Amateur Full Radio Licence,Available,N
M,0,XIF,M0XIF,Call Sign,Amateur Full Radio Licence,Available,N
M,0,XIH,M0XIH,Call Sign,Amateur Full Radio Licence,Available,N
M,0,XIJ,M0XIJ,Call Sign,Amateur Full Radio Licence,Available,N
M,0,XIL,M0XIL,Call Sign,Amateur Full Radio Licence,Available,N
M,0,XIN,M0XIN,Call Sign,Amateur Full Radio Licence,Available,N
M,0,XIO,M0XIO,Call Sign,Amateur Full Radio Licence,Available,N
M,0,XIQ,M0XIQ,Call Sign,Amateur Full Radio Licence,Available,N
M,0,XIR,M0XIR,Call Sign,Amateur Full Radio Licence,Available,N
M,0,XIS,M0XIS,Call Sign,Amateur Full Radio Licence,Available,N
M,0,XIU,M0XIU,Call Sign,Amateur Full Radio Licence,Available,N
M,0,XIV,M0XIV,Call Sign,Amateur Full Radio Licence,Available,N
M,0,XIW,M0XIW,Call Sign,Amateur Full Radio Licence,Available,N
M,0,XIY,M0XIY,Call Sign,Amateur Full Radio Licence,Available,N
M,0,XIZ,M0XIZ,Call Sign,Amateur Full Radio Licence,Available,N
M,0,XJA,M0XJA,Call Sign,Amateur Full Radio Licence,Available,N
M,0,XJD,M0XJD,Call Sign,Amateur Full Radio Licence,Available,N
M,0,XJE,M0XJE,Call Sign,Amateur Full Radio Licence,Available,N
M,0,XJF,M0XJF,Call Sign,Amateur Full Radio Licence,Available,N
M,0,XJG,M0XJG,Call Sign,Amateur Full Radio Licence,Available,N
M,0,XJH,M0XJH,Call Sign,Amateur Full Radio Licence,Available,N
M,0,XJI,M0XJI,Call Sign,Amateur Full Radio Licence,Available,N
M,0,XJJ,M0XJJ,Call Sign,Amateur Full Radio Licence,Available,N
M,0,XJK,M0XJK,Call Sign,Amateur Full Radio Licence,Available,N
M,0,XJL,M0XJL,Call Sign,Amateur Full Radio Licence,Available,N
M,0,XJM,M0XJM,Call Sign,Amateur Full Radio Licence,Available,N
M,0,XJN,M0XJN,Call Sign,Amateur Full Radio Licence,Available,N
M,0,XJO,M0XJO,Call Sign,Amateur Full Radio Licence,Available,N
M,0,XJQ,M0XJQ,Call Sign,Amateur Full Radio Licence,Available,N
M,0,XJR,M0XJR,Call Sign,Amateur Full Radio Licence,Available,N
M,0,XJS,M0XJS,Call Sign,Amateur Full Radio Licence,Available,N
M,0,XJT,M0XJT,Call Sign,Amateur Full Radio Licence,Available,N
M,0,XJU,M0XJU,Call Sign,Amateur Full Radio Licence,Available,N
M,0,XJV,M0XJV,Call Sign,Amateur Full Radio Licence,Available,N
M,0,XJW,M0XJW,Call Sign,Amateur Full Radio Licence,Available,N
M,0,XJX,M0XJX,Call Sign,Amateur Full Radio Licence,Available,N
M,0,XJY,M0XJY,Call Sign,Amateur Full Radio Licence,Available,N
M,0,XJZ,M0XJZ,Call Sign,Amateur Full Radio Licence,Available,N
M,0,XKA,M0XKA,Call Sign,Amateur Full Radio Licence,Available,N
M,0,XKB,M0XKB,Call Sign,Amateur Full Radio Licence,Available,N
M,0,XKC,M0XKC,Call Sign,Amateur Full Radio Licence,Available,N
M,0,XKE,M0XKE,Call Sign,Amateur Full Radio Licence,Available,N
M,0,XKG,M0XKG,Call Sign,Amateur Full Radio Licence,Available,N
M,0,XKH,M0XKH,Call Sign,Amateur Full Radio Licence,Available,N
M,0,XKI,M0XKI,Call Sign,Amateur Full Radio Licence,Available,N
M,0,XKJ,M0XKJ,Call Sign,Amateur Full Radio Licence,Available,N
M,0,XKK,M0XKK,Call Sign,Amateur Full Radio Licence,Available,N
M,0,XKM,M0XKM,Call Sign,Amateur Full Radio Licence,Available,N
M,0,XKN,M0XKN,Call Sign,Amateur Full Radio Licence,Available,N
M,0,XKP,M0XKP,Call Sign,Amateur Full Radio Licence,Available,N
M,0,XKQ,M0XKQ,Call Sign,Amateur Full Radio Licence,Available,N
M,0,XKS,M0XKS,Call Sign,Amateur Full Radio Licence,Available,N
M,0,XKT,M0XKT,Call Sign,Amateur Full Radio Licence,Available,N
M,0,XKU,M0XKU,Call Sign,Amateur Full Radio Licence,Available,N
M,0,XKV,M0XKV,Call Sign,Amateur Full Radio Licence,Available,N
M,0,XKY,M0XKY,Call Sign,Amateur Full Radio Licence,Available,N
M,0,XKZ,M0XKZ,Call Sign,Amateur Full Radio Licence,Available,N
M,0,XLA,M0XLA,Call Sign,Amateur Full Radio Licence,Available,N
M,0,XLC,M0XLC,Call Sign,Amateur Full Radio Licence,Available,N
M,0,XLF,M0XLF,Call Sign,Amateur Full Radio Licence,Available,N
M,0,XLH,M0XLH,Call Sign,Amateur Full Radio Licence,Available,N
M,0,XLI,M0XLI,Call Sign,Amateur Full Radio Licence,Available,N
M,0,XLJ,M0XLJ,Call Sign,Amateur Full Radio Licence,Available,N
M,0,XLM,M0XLM,Call Sign,Amateur Full Radio Licence,Available,N
M,0,XLN,M0XLN,Call Sign,Amateur Full Radio Licence,Available,N
M,0,XLO,M0XLO,Call Sign,Amateur Full Radio Licence,Available,N
M,0,XLP,M0XLP,Call Sign,Amateur Full Radio Licence,Available,N
M,0,XLQ,M0XLQ,Call Sign,Amateur Full Radio Licence,Available,N
M,0,XLR,M0XLR,Call Sign,Amateur Full Radio Licence,Available,N
M,0,XLS,M0XLS,Call Sign,Amateur Full Radio Licence,Available,N
M,0,XLU,M0XLU,Call Sign,Amateur Full Radio Licence,Available,N
M,0,XLV,M0XLV,Call Sign,Amateur Full Radio Licence,Available,N
M,0,XLW,M0XLW,Call Sign,Amateur Full Radio Licence,Available,N
M,0,XLZ,M0XLZ,Call Sign,Amateur Full Radio Licence,Available,N
M,0,XMA,M0XMA,Call Sign,Amateur Full Radio Licence,Available,N
M,0,XMB,M0XMB,Call Sign,Amateur Full Radio Licence,Available,N
M,0,XME,M0XME,Call Sign,Amateur Full Radio Licence,Available,N
M,0,XMF,M0XMF,Call Sign,Amateur Full Radio Licence,Available,N
M,0,XMJ,M0XMJ,Call Sign,Amateur Full Radio Licence,Available,N
M,0,XMO,M0XMO,Call Sign,Amateur Full Radio Licence,Available,N
M,0,XMP,M0XMP,Call Sign,Amateur Full Radio Licence,Available,N
M,0,XMQ,M0XMQ,Call Sign,Amateur Full Radio Licence,Available,N
M,0,XMS,M0XMS,Call Sign,Amateur Full Radio Licence,Available,N
M,0,XMT,M0XMT,Call Sign,Amateur Full Radio Licence,Available,N
M,0,XMU,M0XMU,Call Sign,Amateur Full Radio Licence,Available,N
M,0,XMV,M0XMV,Call Sign,Amateur Full Radio Licence,Available,N
M,0,XMW,M0XMW,Call Sign,Amateur Full Radio Licence,Available,N
M,0,XMX,M0XMX,Call Sign,Amateur Full Radio Licence,Available,N
M,0,XMY,M0XMY,Call Sign,Amateur Full Radio Licence,Available,N
M,0,XMZ,M0XMZ,Call Sign,Amateur Full Radio Licence,Available,N
M,0,XNB,M0XNB,Call Sign,Amateur Full Radio Licence,Available,N
M,0,XNC,M0XNC,Call Sign,Amateur Full Radio Licence,Available,N
M,0,XND,M0XND,Call Sign,Amateur Full Radio Licence,Available,N
M,0,XNE,M0XNE,Call Sign,Amateur Full Radio Licence,Available,N
M,0,XNF,M0XNF,Call Sign,Amateur Full Radio Licence,Available,N
M,0,XNG,M0XNG,Call Sign,Amateur Full Radio Licence,Available,N
M,0,XNH,M0XNH,Call Sign,Amateur Full Radio Licence,Available,N
M,0,XNI,M0XNI,Call Sign,Amateur Full Radio Licence,Available,N
M,0,XNJ,M0XNJ,Call Sign,Amateur Full Radio Licence,Available,N
M,0,XNK,M0XNK,Call Sign,Amateur Full Radio Licence,Available,N
M,0,XNL,M0XNL,Call Sign,Amateur Full Radio Licence,Available,N
M,0,XNM,M0XNM,Call Sign,Amateur Full Radio Licence,Available,N
M,0,XNN,M0XNN,Call Sign,Amateur Full Radio Licence,Available,N
M,0,XNO,M0XNO,Call Sign,Amateur Full Radio Licence,Available,N
M,0,XNP,M0XNP,Call Sign,Amateur Full Radio Licence,Available,N
M,0,XNQ,M0XNQ,Call Sign,Amateur Full Radio Licence,Available,N
M,0,XNR,M0XNR,Call Sign,Amateur Full Radio Licence,Available,N
M,0,XNS,M0XNS,Call Sign,Amateur Full Radio Licence,Available,N
M,0,XNT,M0XNT,Call Sign,Amateur Full Radio Licence,Available,N
M,0,XNU,M0XNU,Call Sign,Amateur Full Radio Licence,Available,N
M,0,XNV,M0XNV,Call Sign,Amateur Full Radio Licence,Available,N
M,0,XNW,M0XNW,Call Sign,Amateur Full Radio Licence,Available,N
M,0,XNX,M0XNX,Call Sign,Amateur Full Radio Licence,Available,N
M,0,XNY,M0XNY,Call Sign,Amateur Full Radio Licence,Available,N
M,0,XNZ,M0XNZ,Call Sign,Amateur Full Radio Licence,Available,N
M,0,XOA,M0XOA,Call Sign,Amateur Full Radio Licence,Available,N
M,0,XOB,M0XOB,Call Sign,Amateur Full Radio Licence,Available,N
M,0,XOD,M0XOD,Call Sign,Amateur Full Radio Licence,Available,N
M,0,XOE,M0XOE,Call Sign,Amateur Full Radio Licence,Available,N
M,0,XOF,M0XOF,Call Sign,Amateur Full Radio Licence,Available,N
M,0,XOG,M0XOG,Call Sign,Amateur Full Radio Licence,Available,N
M,0,XOH,M0XOH,Call Sign,Amateur Full Radio Licence,Available,N
M,0,XOI,M0XOI,Call Sign,Amateur Full Radio Licence,Available,N
M,0,XOJ,M0XOJ,Call Sign,Amateur Full Radio Licence,Available,N
M,0,XOK,M0XOK,Call Sign,Amateur Full Radio Licence,Available,N
M,0,XOL,M0XOL,Call Sign,Amateur Full Radio Licence,Available,N
M,0,XOO,M0XOO,Call Sign,Amateur Full Radio Licence,Available,N
M,0,XOP,M0XOP,Call Sign,Amateur Full Radio Licence,Available,N
M,0,XOQ,M0XOQ,Call Sign,Amateur Full Radio Licence,Available,N
M,0,XOT,M0XOT,Call Sign,Amateur Full Radio Licence,Available,N
M,0,XOV,M0XOV,Call Sign,Amateur Full Radio Licence,Available,N
M,0,XOW,M0XOW,Call Sign,Amateur Full Radio Licence,Available,N
M,0,XOX,M0XOX,Call Sign,Amateur Full Radio Licence,Available,N
M,0,XOY,M0XOY,Call Sign,Amateur Full Radio Licence,Available,N
M,0,XOZ,M0XOZ,Call Sign,Amateur Full Radio Licence,Available,N
M,0,XPC,M0XPC,Call Sign,Amateur Full Radio Licence,Available,N
M,0,XPE,M0XPE,Call Sign,Amateur Full Radio Licence,Available,N
M,0,XPF,M0XPF,Call Sign,Amateur Full Radio Licence,Available,N
M,0,XPH,M0XPH,Call Sign,Amateur Full Radio Licence,Available,N
M,0,XPI,M0XPI,Call Sign,Amateur Full Radio Licence,Available,N
M,0,XPK,M0XPK,Call Sign,Amateur Full Radio Licence,Available,N
M,0,XPM,M0XPM,Call Sign,Amateur Full Radio Licence,Available,N
M,0,XPN,M0XPN,Call Sign,Amateur Full Radio Licence,Available,N
M,0,XPO,M0XPO,Call Sign,Amateur Full Radio Licence,Available,N
M,0,XPP,M0XPP,Call Sign,Amateur Full Radio Licence,Available,N
M,0,XPQ,M0XPQ,Call Sign,Amateur Full Radio Licence,Available,N
M,0,XPR,M0XPR,Call Sign,Amateur Full Radio Licence,Available,N
M,0,XPV,M0XPV,Call Sign,Amateur Full Radio Licence,Available,N
M,0,XPW,M0XPW,Call Sign,Amateur Full Radio Licence,Available,N
M,0,XPX,M0XPX,Call Sign,Amateur Full Radio Licence,Available,N
M,0,XPY,M0XPY,Call Sign,Amateur Full Radio Licence,Available,N
M,0,XQA,M0XQA,Call Sign,Amateur Full Radio Licence,Available,N
M,0,XQB,M0XQB,Call Sign,Amateur Full Radio Licence,Available,N
M,0,XQC,M0XQC,Call Sign,Amateur Full Radio Licence,Available,N
M,0,XQD,M0XQD,Call Sign,Amateur Full Radio Licence,Available,N
M,0,XQE,M0XQE,Call Sign,Amateur Full Radio Licence,Available,N
M,0,XQF,M0XQF,Call Sign,Amateur Full Radio Licence,Available,N
M,0,XQG,M0XQG,Call Sign,Amateur Full Radio Licence,Available,N
M,0,XQH,M0XQH,Call Sign,Amateur Full Radio Licence,Available,N
M,0,XQI,M0XQI,Call Sign,Amateur Full Radio Licence,Available,N
M,0,XQJ,M0XQJ,Call Sign,Amateur Full Radio Licence,Available,N
M,0,XQK,M0XQK,Call Sign,Amateur Full Radio Licence,Available,N
M,0,XQL,M0XQL,Call Sign,Amateur Full Radio Licence,Available,N
M,0,XQM,M0XQM,Call Sign,Amateur Full Radio Licence,Available,N
M,0,XQN,M0XQN,Call Sign,Amateur Full Radio Licence,Available,N
M,0,XQO,M0XQO,Call Sign,Amateur Full Radio Licence,Available,N
M,0,XQP,M0XQP,Call Sign,Amateur Full Radio Licence,Available,N
M,0,XQQ,M0XQQ,Call Sign,Amateur Full Radio Licence,Available,N
M,0,XQR,M0XQR,Call Sign,Amateur Full Radio Licence,Available,N
M,0,XQS,M0XQS,Call Sign,Amateur Full Radio Licence,Available,N
M,0,XQT,M0XQT,Call Sign,Amateur Full Radio Licence,Available,N
M,0,XQU,M0XQU,Call Sign,Amateur Full Radio Licence,Available,N
M,0,XQV,M0XQV,Call Sign,Amateur Full Radio Licence,Available,N
M,0,XQW,M0XQW,Call Sign,Amateur Full Radio Licence,Available,N
M,0,XQX,M0XQX,Call Sign,Amateur Full Radio Licence,Available,N
M,0,XQY,M0XQY,Call Sign,Amateur Full Radio Licence,Available,N
M,0,XQZ,M0XQZ,Call Sign,Amateur Full Radio Licence,Available,N
M,0,XRB,M0XRB,Call Sign,Amateur Full Radio Licence,Available,N
M,0,XRD,M0XRD,Call Sign,Amateur Full Radio Licence,Available,N
M,0,XRE,M0XRE,Call Sign,Amateur Full Radio Licence,Available,N
M,0,XRF,M0XRF,Call Sign,Amateur Full Radio Licence,Available,N
M,0,XRG,M0XRG,Call Sign,Amateur Full Radio Licence,Available,N
M,0,XRH,M0XRH,Call Sign,Amateur Full Radio Licence,Available,N
M,0,XRI,M0XRI,Call Sign,Amateur Full Radio Licence,Available,N
M,0,XRJ,M0XRJ,Call Sign,Amateur Full Radio Licence,Available,N
M,0,XRK,M0XRK,Call Sign,Amateur Full Radio Licence,Available,N
M,0,XRL,M0XRL,Call Sign,Amateur Full Radio Licence,Available,N
M,0,XRP,M0XRP,Call Sign,Amateur Full Radio Licence,Available,N
M,0,XRQ,M0XRQ,Call Sign,Amateur Full Radio Licence,Available,N
M,0,XRR,M0XRR,Call Sign,Amateur Full Radio Licence,Available,N
M,0,XRT,M0XRT,Call Sign,Amateur Full Radio Licence,Available,N
M,0,XRV,M0XRV,Call Sign,Amateur Full Radio Licence,Available,N
M,0,XRW,M0XRW,Call Sign,Amateur Full Radio Licence,Available,N
M,0,XRX,M0XRX,Call Sign,Amateur Full Radio Licence,Available,N
M,0,XRY,M0XRY,Call Sign,Amateur Full Radio Licence,Available,N
M,0,XSA,M0XSA,Call Sign,Amateur Full Radio Licence,Available,N
M,0,XSB,M0XSB,Call Sign,Amateur Full Radio Licence,Available,N
M,0,XSE,M0XSE,Call Sign,Amateur Full Radio Licence,Available,N
M,0,XSF,M0XSF,Call Sign,Amateur Full Radio Licence,Available,N
M,0,XSG,M0XSG,Call Sign,Amateur Full Radio Licence,Available,N
M,0,XSH,M0XSH,Call Sign,Amateur Full Radio Licence,Available,N
M,0,XSI,M0XSI,Call Sign,Amateur Full Radio Licence,Available,N
M,0,XSJ,M0XSJ,Call Sign,Amateur Full Radio Licence,Available,N
M,0,XSK,M0XSK,Call Sign,Amateur Full Radio Licence,Available,N
M,0,XSL,M0XSL,Call Sign,Amateur Full Radio Licence,Available,N
M,0,XSN,M0XSN,Call Sign,Amateur Full Radio Licence,Available,N
M,0,XSO,M0XSO,Call Sign,Amateur Full Radio Licence,Available,N
M,0,XSP,M0XSP,Call Sign,Amateur Full Radio Licence,Available,N
M,0,XSQ,M0XSQ,Call Sign,Amateur Full Radio Licence,Available,N
M,0,XSS,M0XSS,Call Sign,Amateur Full Radio Licence,Available,N
M,0,XSU,M0XSU,Call Sign,Amateur Full Radio Licence,Available,N
M,0,XSV,M0XSV,Call Sign,Amateur Full Radio Licence,Available,N
M,0,XSW,M0XSW,Call Sign,Amateur Full Radio Licence,Available,N
M,0,XSY,M0XSY,Call Sign,Amateur Full Radio Licence,Available,N
M,0,XSZ,M0XSZ,Call Sign,Amateur Full Radio Licence,Available,N
M,0,XTB,M0XTB,Call Sign,Amateur Full Radio Licence,Available,N
M,0,XTE,M0XTE,Call Sign,Amateur Full Radio Licence,Available,N
M,0,XTG,M0XTG,Call Sign,Amateur Full Radio Licence,Available,N
M,0,XTI,M0XTI,Call Sign,Amateur Full Radio Licence,Available,N
M,0,XTJ,M0XTJ,Call Sign,Amateur Full Radio Licence,Available,N
M,0,XTK,M0XTK,Call Sign,Amateur Full Radio Licence,Available,N
M,0,XTO,M0XTO,Call Sign,Amateur Full Radio Licence,Available,N
M,0,XTP,M0XTP,Call Sign,Amateur Full Radio Licence,Available,N
M,0,XTQ,M0XTQ,Call Sign,Amateur Full Radio Licence,Available,N
M,0,XTR,M0XTR,Call Sign,Amateur Full Radio Licence,Available,N
M,0,XTS,M0XTS,Call Sign,Amateur Full Radio Licence,Available,N
M,0,XTU,M0XTU,Call Sign,Amateur Full Radio Licence,Available,N
M,0,XTV,M0XTV,Call Sign,Amateur Full Radio Licence,Available,N
M,0,XTW,M0XTW,Call Sign,Amateur Full Radio Licence,Available,N
M,0,XTY,M0XTY,Call Sign,Amateur Full Radio Licence,Available,N
M,0,XUA,M0XUA,Call Sign,Amateur Full Radio Licence,Available,N
M,0,XUC,M0XUC,Call Sign,Amateur Full Radio Licence,Available,N
M,0,XUD,M0XUD,Call Sign,Amateur Full Radio Licence,Available,N
M,0,XUE,M0XUE,Call Sign,Amateur Full Radio Licence,Available,N
M,0,XUF,M0XUF,Call Sign,Amateur Full Radio Licence,Available,N
M,0,XUG,M0XUG,Call Sign,Amateur Full Radio Licence,Available,N
M,0,XUI,M0XUI,Call Sign,Amateur Full Radio Licence,Available,N
M,0,XUJ,M0XUJ,Call Sign,Amateur Full Radio Licence,Available,N
M,0,XUL,M0XUL,Call Sign,Amateur Full Radio Licence,Available,N
M,0,XUM,M0XUM,Call Sign,Amateur Full Radio Licence,Available,N
M,0,XUO,M0XUO,Call Sign,Amateur Full Radio Licence,Available,N
M,0,XUP,M0XUP,Call Sign,Amateur Full Radio Licence,Available,N
M,0,XUQ,M0XUQ,Call Sign,Amateur Full Radio Licence,Available,N
M,0,XUR,M0XUR,Call Sign,Amateur Full Radio Licence,Available,N
M,0,XUS,M0XUS,Call Sign,Amateur Full Radio Licence,Available,N
M,0,XUT,M0XUT,Call Sign,Amateur Full Radio Licence,Available,N
M,0,XUV,M0XUV,Call Sign,Amateur Full Radio Licence,Available,N
M,0,XUW,M0XUW,Call Sign,Amateur Full Radio Licence,Available,N
M,0,XUX,M0XUX,Call Sign,Amateur Full Radio Licence,Available,N
M,0,XUY,M0XUY,Call Sign,Amateur Full Radio Licence,Available,N
M,0,XUZ,M0XUZ,Call Sign,Amateur Full Radio Licence,Available,N
M,0,XVA,M0XVA,Call Sign,Amateur Full Radio Licence,Available,N
M,0,XVB,M0XVB,Call Sign,Amateur Full Radio Licence,Available,N
M,0,XVC,M0XVC,Call Sign,Amateur Full Radio Licence,Available,N
M,0,XVD,M0XVD,Call Sign,Amateur Full Radio Licence,Available,N
M,0,XVE,M0XVE,Call Sign,Amateur Full Radio Licence,Available,N
M,0,XVG,M0XVG,Call Sign,Amateur Full Radio Licence,Available,N
M,0,XVH,M0XVH,Call Sign,Amateur Full Radio Licence,Available,N
M,0,XVJ,M0XVJ,Call Sign,Amateur Full Radio Licence,Available,N
M,0,XVK,M0XVK,Call Sign,Amateur Full Radio Licence,Available,N
M,0,XVM,M0XVM,Call Sign,Amateur Full Radio Licence,Available,N
M,0,XVN,M0XVN,Call Sign,Amateur Full Radio Licence,Available,N
M,0,XVO,M0XVO,Call Sign,Amateur Full Radio Licence,Available,N
M,0,XVP,M0XVP,Call Sign,Amateur Full Radio Licence,Available,N
M,0,XVQ,M0XVQ,Call Sign,Amateur Full Radio Licence,Available,N
M,0,XVS,M0XVS,Call Sign,Amateur Full Radio Licence,Available,N
M,0,XVU,M0XVU,Call Sign,Amateur Full Radio Licence,Available,N
M,0,XVV,M0XVV,Call Sign,Amateur Full Radio Licence,Available,N
M,0,XVW,M0XVW,Call Sign,Amateur Full Radio Licence,Available,N
M,0,XVY,M0XVY,Call Sign,Amateur Full Radio Licence,Available,N
M,0,XVZ,M0XVZ,Call Sign,Amateur Full Radio Licence,Available,N
M,0,XWA,M0XWA,Call Sign,Amateur Full Radio Licence,Available,N
M,0,XWB,M0XWB,Call Sign,Amateur Full Radio Licence,Available,N
M,0,XWC,M0XWC,Call Sign,Amateur Full Radio Licence,Available,N
M,0,XWE,M0XWE,Call Sign,Amateur Full Radio Licence,Available,N
M,0,XWF,M0XWF,Call Sign,Amateur Full Radio Licence,Available,N
M,0,XWG,M0XWG,Call Sign,Amateur Full Radio Licence,Available,N
M,0,XWH,M0XWH,Call Sign,Amateur Full Radio Licence,Available,N
M,0,XWI,M0XWI,Call Sign,Amateur Full Radio Licence,Available,N
M,0,XWJ,M0XWJ,Call Sign,Amateur Full Radio Licence,Available,N
M,0,XWK,M0XWK,Call Sign,Amateur Full Radio Licence,Available,N
M,0,XWL,M0XWL,Call Sign,Amateur Full Radio Licence,Available,N
M,0,XWM,M0XWM,Call Sign,Amateur Full Radio Licence,Available,N
M,0,XWN,M0XWN,Call Sign,Amateur Full Radio Licence,Available,N
M,0,XWO,M0XWO,Call Sign,Amateur Full Radio Licence,Available,N
M,0,XWP,M0XWP,Call Sign,Amateur Full Radio Licence,Available,N
M,0,XWQ,M0XWQ,Call Sign,Amateur Full Radio Licence,Available,N
M,0,XWR,M0XWR,Call Sign,Amateur Full Radio Licence,Available,N
M,0,XWT,M0XWT,Call Sign,Amateur Full Radio Licence,Available,N
M,0,XWU,M0XWU,Call Sign,Amateur Full Radio Licence,Available,N
M,0,XWV,M0XWV,Call Sign,Amateur Full Radio Licence,Available,N
M,0,XWW,M0XWW,Call Sign,Amateur Full Radio Licence,Available,N
M,0,XWX,M0XWX,Call Sign,Amateur Full Radio Licence,Available,N
M,0,XWY,M0XWY,Call Sign,Amateur Full Radio Licence,Available,N
M,0,XWZ,M0XWZ,Call Sign,Amateur Full Radio Licence,Available,N
M,0,XXB,M0XXB,Call Sign,Amateur Full Radio Licence,Available,N
M,0,XXC,M0XXC,Call Sign,Amateur Full Radio Licence,Available,N
M,0,XXD,M0XXD,Call Sign,Amateur Full Radio Licence,Available,N
M,0,XXE,M0XXE,Call Sign,Amateur Full Radio Licence,Available,N
M,0,XXF,M0XXF,Call Sign,Amateur Full Radio Licence,Available,N
M,0,XXG,M0XXG,Call Sign,Amateur Full Radio Licence,Available,N
M,0,XXH,M0XXH,Call Sign,Amateur Full Radio Licence,Available,N
M,0,XXJ,M0XXJ,Call Sign,Amateur Full Radio Licence,Available,N
M,0,XXM,M0XXM,Call Sign,Amateur Full Radio Licence,Available,N
M,0,XXN,M0XXN,Call Sign,Amateur Full Radio Licence,Available,N
M,0,XXO,M0XXO,Call Sign,Amateur Full Radio Licence,Available,N
M,0,XXQ,M0XXQ,Call Sign,Amateur Full Radio Licence,Available,N
M,0,XXR,M0XXR,Call Sign,Amateur Full Radio Licence,Available,N
M,0,XXS,M0XXS,Call Sign,Amateur Full Radio Licence,Available,N
M,0,XXU,M0XXU,Call Sign,Amateur Full Radio Licence,Available,N
M,0,XXV,M0XXV,Call Sign,Amateur Full Radio Licence,Available,N
M,0,XYA,M0XYA,Call Sign,Amateur Full Radio Licence,Available,N
M,0,XYB,M0XYB,Call Sign,Amateur Full Radio Licence,Available,N
M,0,XYC,M0XYC,Call Sign,Amateur Full Radio Licence,Available,N
M,0,XYE,M0XYE,Call Sign,Amateur Full Radio Licence,Available,N
M,0,XYF,M0XYF,Call Sign,Amateur Full Radio Licence,Available,N
M,0,XYG,M0XYG,Call Sign,Amateur Full Radio Licence,Available,N
M,0,XYH,M0XYH,Call Sign,Amateur Full Radio Licence,Available,N
M,0,XYI,M0XYI,Call Sign,Amateur Full Radio Licence,Available,N
M,0,XYJ,M0XYJ,Call Sign,Amateur Full Radio Licence,Available,N
M,0,XYK,M0XYK,Call Sign,Amateur Full Radio Licence,Available,N
M,0,XYM,M0XYM,Call Sign,Amateur Full Radio Licence,Available,N
M,0,XYN,M0XYN,Call Sign,Amateur Full Radio Licence,Available,N
M,0,XYO,M0XYO,Call Sign,Amateur Full Radio Licence,Available,N
M,0,XYP,M0XYP,Call Sign,Amateur Full Radio Licence,Available,N
M,0,XYQ,M0XYQ,Call Sign,Amateur Full Radio Licence,Available,N
M,0,XYR,M0XYR,Call Sign,Amateur Full Radio Licence,Available,N
M,0,XYS,M0XYS,Call Sign,Amateur Full Radio Licence,Available,N
M,0,XYT,M0XYT,Call Sign,Amateur Full Radio Licence,Available,N
M,0,XYU,M0XYU,Call Sign,Amateur Full Radio Licence,Available,N
M,0,XYV,M0XYV,Call Sign,Amateur Full Radio Licence,Available,N
M,0,XYW,M0XYW,Call Sign,Amateur Full Radio Licence,Available,N
M,0,XYY,M0XYY,Call Sign,Amateur Full Radio Licence,Available,N
M,0,XZB,M0XZB,Call Sign,Amateur Full Radio Licence,Available,N
M,0,XZC,M0XZC,Call Sign,Amateur Full Radio Licence,Available,N
M,0,XZD,M0XZD,Call Sign,Amateur Full Radio Licence,Available,N
M,0,XZE,M0XZE,Call Sign,Amateur Full Radio Licence,Available,N
M,0,XZH,M0XZH,Call Sign,Amateur Full Radio Licence,Available,N
M,0,XZI,M0XZI,Call Sign,Amateur Full Radio Licence,Available,N
M,0,XZJ,M0XZJ,Call Sign,Amateur Full Radio Licence,Available,N
M,0,XZK,M0XZK,Call Sign,Amateur Full Radio Licence,Available,N
M,0,XZM,M0XZM,Call Sign,Amateur Full Radio Licence,Available,N
M,0,XZN,M0XZN,Call Sign,Amateur Full Radio Licence,Available,N
M,0,XZO,M0XZO,Call Sign,Amateur Full Radio Licence,Available,N
M,0,XZP,M0XZP,Call Sign,Amateur Full Radio Licence,Available,N
M,0,XZQ,M0XZQ,Call Sign,Amateur Full Radio Licence,Available,N
M,0,XZR,M0XZR,Call Sign,Amateur Full Radio Licence,Available,N
M,0,XZS,M0XZS,Call Sign,Amateur Full Radio Licence,Available,N
M,0,XZT,M0XZT,Call Sign,Amateur Full Radio Licence,Available,N
M,0,XZU,M0XZU,Call Sign,Amateur Full Radio Licence,Available,N
M,0,XZV,M0XZV,Call Sign,Amateur Full Radio Licence,Available,N
M,0,XZW,M0XZW,Call Sign,Amateur Full Radio Licence,Available,N
M,0,XZY,M0XZY,Call Sign,Amateur Full Radio Licence,Available,N
M,0,XZZ,M0XZZ,Call Sign,Amateur Full Radio Licence,Available,N
M,0,YAF,M0YAF,Call Sign,Amateur Full Radio Licence,Available,N
M,0,YAI,M0YAI,Call Sign,Amateur Full Radio Licence,Available,N
M,0,YAJ,M0YAJ,Call Sign,Amateur Full Radio Licence,Available,N
M,0,YAO,M0YAO,Call Sign,Amateur Full Radio Licence,Available,N
M,0,YAQ,M0YAQ,Call Sign,Amateur Full Radio Licence,Available,N
M,0,YAR,M0YAR,Call Sign,Amateur Full Radio Licence,Available,N
M,0,YAS,M0YAS,Call Sign,Amateur Full Radio Licence,Available,N
M,0,YAU,M0YAU,Call Sign,Amateur Full Radio Licence,Available,N
M,0,YAW,M0YAW,Call Sign,Amateur Full Radio Licence,Available,N
M,0,YAX,M0YAX,Call Sign,Amateur Full Radio Licence,Available,N
M,0,YAY,M0YAY,Call Sign,Amateur Full Radio Licence,Available,N
M,0,YBA,M0YBA,Call Sign,Amateur Full Radio Licence,Available,N
M,0,YBB,M0YBB,Call Sign,Amateur Full Radio Licence,Available,N
M,0,YBD,M0YBD,Call Sign,Amateur Full Radio Licence,Available,N
M,0,YBE,M0YBE,Call Sign,Amateur Full Radio Licence,Available,N
M,0,YBF,M0YBF,Call Sign,Amateur Full Radio Licence,Available,N
M,0,YBG,M0YBG,Call Sign,Amateur Full Radio Licence,Available,N
M,0,YBH,M0YBH,Call Sign,Amateur Full Radio Licence,Available,N
M,0,YBI,M0YBI,Call Sign,Amateur Full Radio Licence,Available,N
M,0,YBJ,M0YBJ,Call Sign,Amateur Full Radio Licence,Available,N
M,0,YBK,M0YBK,Call Sign,Amateur Full Radio Licence,Available,N
M,0,YBL,M0YBL,Call Sign,Amateur Full Radio Licence,Available,N
M,0,YBM,M0YBM,Call Sign,Amateur Full Radio Licence,Available,N
M,0,YBN,M0YBN,Call Sign,Amateur Full Radio Licence,Available,N
M,0,YBP,M0YBP,Call Sign,Amateur Full Radio Licence,Available,N
M,0,YBQ,M0YBQ,Call Sign,Amateur Full Radio Licence,Available,N
M,0,YBR,M0YBR,Call Sign,Amateur Full Radio Licence,Available,N
M,0,YBS,M0YBS,Call Sign,Amateur Full Radio Licence,Available,N
M,0,YBT,M0YBT,Call Sign,Amateur Full Radio Licence,Available,N
M,0,YBU,M0YBU,Call Sign,Amateur Full Radio Licence,Available,N
M,0,YBV,M0YBV,Call Sign,Amateur Full Radio Licence,Available,N
M,0,YBW,M0YBW,Call Sign,Amateur Full Radio Licence,Available,N
M,0,YBY,M0YBY,Call Sign,Amateur Full Radio Licence,Available,N
M,0,YBZ,M0YBZ,Call Sign,Amateur Full Radio Licence,Available,N
M,0,YCA,M0YCA,Call Sign,Amateur Full Radio Licence,Available,N
M,0,YCB,M0YCB,Call Sign,Amateur Full Radio Licence,Available,N
M,0,YCD,M0YCD,Call Sign,Amateur Full Radio Licence,Available,N
M,0,YCE,M0YCE,Call Sign,Amateur Full Radio Licence,Available,N
M,0,YCF,M0YCF,Call Sign,Amateur Full Radio Licence,Available,N
M,0,YCH,M0YCH,Call Sign,Amateur Full Radio Licence,Available,N
M,0,YCI,M0YCI,Call Sign,Amateur Full Radio Licence,Available,N
M,0,YCL,M0YCL,Call Sign,Amateur Full Radio Licence,Available,N
M,0,YCN,M0YCN,Call Sign,Amateur Full Radio Licence,Available,N
M,0,YCO,M0YCO,Call Sign,Amateur Full Radio Licence,Available,N
M,0,YCP,M0YCP,Call Sign,Amateur Full Radio Licence,Available,N
M,0,YCR,M0YCR,Call Sign,Amateur Full Radio Licence,Available,N
M,0,YCT,M0YCT,Call Sign,Amateur Full Radio Licence,Available,N
M,0,YCU,M0YCU,Call Sign,Amateur Full Radio Licence,Available,N
M,0,YCV,M0YCV,Call Sign,Amateur Full Radio Licence,Available,N
M,0,YCW,M0YCW,Call Sign,Amateur Full Radio Licence,Available,N
M,0,YCX,M0YCX,Call Sign,Amateur Full Radio Licence,Available,N
M,0,YCY,M0YCY,Call Sign,Amateur Full Radio Licence,Available,N
M,0,YCZ,M0YCZ,Call Sign,Amateur Full Radio Licence,Available,N
M,0,YDA,M0YDA,Call Sign,Amateur Full Radio Licence,Available,N
M,0,YDC,M0YDC,Call Sign,Amateur Full Radio Licence,Available,N
M,0,YDE,M0YDE,Call Sign,Amateur Full Radio Licence,Available,N
M,0,YDG,M0YDG,Call Sign,Amateur Full Radio Licence,Available,N
M,0,YDI,M0YDI,Call Sign,Amateur Full Radio Licence,Available,N
M,0,YDJ,M0YDJ,Call Sign,Amateur Full Radio Licence,Available,N
M,0,YDL,M0YDL,Call Sign,Amateur Full Radio Licence,Available,N
M,0,YDM,M0YDM,Call Sign,Amateur Full Radio Licence,Available,N
M,0,YDN,M0YDN,Call Sign,Amateur Full Radio Licence,Available,N
M,0,YDO,M0YDO,Call Sign,Amateur Full Radio Licence,Available,N
M,0,YDQ,M0YDQ,Call Sign,Amateur Full Radio Licence,Available,N
M,0,YDR,M0YDR,Call Sign,Amateur Full Radio Licence,Available,N
M,0,YDS,M0YDS,Call Sign,Amateur Full Radio Licence,Available,N
M,0,YDT,M0YDT,Call Sign,Amateur Full Radio Licence,Available,N
M,0,YDU,M0YDU,Call Sign,Amateur Full Radio Licence,Available,N
M,0,YDV,M0YDV,Call Sign,Amateur Full Radio Licence,Available,N
M,0,YDY,M0YDY,Call Sign,Amateur Full Radio Licence,Available,N
M,0,YDZ,M0YDZ,Call Sign,Amateur Full Radio Licence,Available,N
M,0,YEA,M0YEA,Call Sign,Amateur Full Radio Licence,Available,N
M,0,YEB,M0YEB,Call Sign,Amateur Full Radio Licence,Available,N
M,0,YED,M0YED,Call Sign,Amateur Full Radio Licence,Available,N
M,0,YEF,M0YEF,Call Sign,Amateur Full Radio Licence,Available,N
M,0,YEG,M0YEG,Call Sign,Amateur Full Radio Licence,Available,N
M,0,YEH,M0YEH,Call Sign,Amateur Full Radio Licence,Available,N
M,0,YEI,M0YEI,Call Sign,Amateur Full Radio Licence,Available,N
M,0,YEJ,M0YEJ,Call Sign,Amateur Full Radio Licence,Available,N
M,0,YEK,M0YEK,Call Sign,Amateur Full Radio Licence,Available,N
M,0,YEM,M0YEM,Call Sign,Amateur Full Radio Licence,Available,N
M,0,YEO,M0YEO,Call Sign,Amateur Full Radio Licence,Available,N
M,0,YER,M0YER,Call Sign,Amateur Full Radio Licence,Available,N
M,0,YEU,M0YEU,Call Sign,Amateur Full Radio Licence,Available,N
M,0,YEV,M0YEV,Call Sign,Amateur Full Radio Licence,Available,N
M,0,YEX,M0YEX,Call Sign,Amateur Full Radio Licence,Available,N
M,0,YEY,M0YEY,Call Sign,Amateur Full Radio Licence,Available,N
M,0,YEZ,M0YEZ,Call Sign,Amateur Full Radio Licence,Available,N
M,0,YFA,M0YFA,Call Sign,Amateur Full Radio Licence,Available,N
M,0,YFB,M0YFB,Call Sign,Amateur Full Radio Licence,Available,N
M,0,YFC,M0YFC,Call Sign,Amateur Full Radio Licence,Available,N
M,0,YFD,M0YFD,Call Sign,Amateur Full Radio Licence,Available,N
M,0,YFE,M0YFE,Call Sign,Amateur Full Radio Licence,Available,N
M,0,YFF,M0YFF,Call Sign,Amateur Full Radio Licence,Available,N
M,0,YFG,M0YFG,Call Sign,Amateur Full Radio Licence,Available,N
M,0,YFH,M0YFH,Call Sign,Amateur Full Radio Licence,Available,N
M,0,YFI,M0YFI,Call Sign,Amateur Full Radio Licence,Available,N
M,0,YFJ,M0YFJ,Call Sign,Amateur Full Radio Licence,Available,N
M,0,YFK,M0YFK,Call Sign,Amateur Full Radio Licence,Available,N
M,0,YFL,M0YFL,Call Sign,Amateur Full Radio Licence,Available,N
M,0,YFM,M0YFM,Call Sign,Amateur Full Radio Licence,Available,N
M,0,YFN,M0YFN,Call Sign,Amateur Full Radio Licence,Available,N
M,0,YFO,M0YFO,Call Sign,Amateur Full Radio Licence,Available,N
M,0,YFP,M0YFP,Call Sign,Amateur Full Radio Licence,Available,N
M,0,YFQ,M0YFQ,Call Sign,Amateur Full Radio Licence,Available,N
M,0,YFS,M0YFS,Call Sign,Amateur Full Radio Licence,Available,N
M,0,YFU,M0YFU,Call Sign,Amateur Full Radio Licence,Available,N
M,0,YFV,M0YFV,Call Sign,Amateur Full Radio Licence,Available,N
M,0,YFW,M0YFW,Call Sign,Amateur Full Radio Licence,Available,N
M,0,YFX,M0YFX,Call Sign,Amateur Full Radio Licence,Available,N
M,0,YFY,M0YFY,Call Sign,Amateur Full Radio Licence,Available,N
M,0,YFZ,M0YFZ,Call Sign,Amateur Full Radio Licence,Available,N
M,0,YGA,M0YGA,Call Sign,Amateur Full Radio Licence,Available,N
M,0,YGC,M0YGC,Call Sign,Amateur Full Radio Licence,Available,N
M,0,YGD,M0YGD,Call Sign,Amateur Full Radio Licence,Available,N
M,0,YGE,M0YGE,Call Sign,Amateur Full Radio Licence,Available,N
M,0,YGF,M0YGF,Call Sign,Amateur Full Radio Licence,Available,N
M,0,YGG,M0YGG,Call Sign,Amateur Full Radio Licence,Available,N
M,0,YGH,M0YGH,Call Sign,Amateur Full Radio Licence,Available,N
M,0,YGI,M0YGI,Call Sign,Amateur Full Radio Licence,Available,N
M,0,YGK,M0YGK,Call Sign,Amateur Full Radio Licence,Available,N
M,0,YGL,M0YGL,Call Sign,Amateur Full Radio Licence,Available,N
M,0,YGN,M0YGN,Call Sign,Amateur Full Radio Licence,Available,N
M,0,YGO,M0YGO,Call Sign,Amateur Full Radio Licence,Available,N
M,0,YGP,M0YGP,Call Sign,Amateur Full Radio Licence,Available,N
M,0,YGQ,M0YGQ,Call Sign,Amateur Full Radio Licence,Available,N
M,0,YGS,M0YGS,Call Sign,Amateur Full Radio Licence,Available,N
M,0,YGT,M0YGT,Call Sign,Amateur Full Radio Licence,Available,N
M,0,YGU,M0YGU,Call Sign,Amateur Full Radio Licence,Available,N
M,0,YGV,M0YGV,Call Sign,Amateur Full Radio Licence,Available,N
M,0,YGX,M0YGX,Call Sign,Amateur Full Radio Licence,Available,N
M,0,YGY,M0YGY,Call Sign,Amateur Full Radio Licence,Available,N
M,0,YGZ,M0YGZ,Call Sign,Amateur Full Radio Licence,Available,N
M,0,YHC,M0YHC,Call Sign,Amateur Full Radio Licence,Available,N
M,0,YHD,M0YHD,Call Sign,Amateur Full Radio Licence,Available,N
M,0,YHE,M0YHE,Call Sign,Amateur Full Radio Licence,Available,N
M,0,YHF,M0YHF,Call Sign,Amateur Full Radio Licence,Available,N
M,0,YHG,M0YHG,Call Sign,Amateur Full Radio Licence,Available,N
M,0,YHH,M0YHH,Call Sign,Amateur Full Radio Licence,Available,N
M,0,YHI,M0YHI,Call Sign,Amateur Full Radio Licence,Available,N
M,0,YHJ,M0YHJ,Call Sign,Amateur Full Radio Licence,Available,N
M,0,YHK,M0YHK,Call Sign,Amateur Full Radio Licence,Available,N
M,0,YHL,M0YHL,Call Sign,Amateur Full Radio Licence,Available,N
M,0,YHN,M0YHN,Call Sign,Amateur Full Radio Licence,Available,N
M,0,YHO,M0YHO,Call Sign,Amateur Full Radio Licence,Available,N
M,0,YHP,M0YHP,Call Sign,Amateur Full Radio Licence,Available,N
M,0,YHQ,M0YHQ,Call Sign,Amateur Full Radio Licence,Available,N
M,0,YHR,M0YHR,Call Sign,Amateur Full Radio Licence,Available,N
M,0,YHT,M0YHT,Call Sign,Amateur Full Radio Licence,Available,N
M,0,YHU,M0YHU,Call Sign,Amateur Full Radio Licence,Available,N
M,0,YHV,M0YHV,Call Sign,Amateur Full Radio Licence,Available,N
M,0,YHW,M0YHW,Call Sign,Amateur Full Radio Licence,Available,N
M,0,YHX,M0YHX,Call Sign,Amateur Full Radio Licence,Available,N
M,0,YHY,M0YHY,Call Sign,Amateur Full Radio Licence,Available,N
M,0,YHZ,M0YHZ,Call Sign,Amateur Full Radio Licence,Available,N
M,0,YIA,M0YIA,Call Sign,Amateur Full Radio Licence,Available,N
M,0,YIB,M0YIB,Call Sign,Amateur Full Radio Licence,Available,N
M,0,YIC,M0YIC,Call Sign,Amateur Full Radio Licence,Available,N
M,0,YIE,M0YIE,Call Sign,Amateur Full Radio Licence,Available,N
M,0,YIF,M0YIF,Call Sign,Amateur Full Radio Licence,Available,N
M,0,YIH,M0YIH,Call Sign,Amateur Full Radio Licence,Available,N
M,0,YII,M0YII,Call Sign,Amateur Full Radio Licence,Available,N
M,0,YIL,M0YIL,Call Sign,Amateur Full Radio Licence,Available,N
M,0,YIN,M0YIN,Call Sign,Amateur Full Radio Licence,Available,N
M,0,YIO,M0YIO,Call Sign,Amateur Full Radio Licence,Available,N
M,0,YIP,M0YIP,Call Sign,Amateur Full Radio Licence,Available,N
M,0,YIQ,M0YIQ,Call Sign,Amateur Full Radio Licence,Available,N
M,0,YIR,M0YIR,Call Sign,Amateur Full Radio Licence,Available,N
M,0,YIS,M0YIS,Call Sign,Amateur Full Radio Licence,Available,N
M,0,YIT,M0YIT,Call Sign,Amateur Full Radio Licence,Available,N
M,0,YIU,M0YIU,Call Sign,Amateur Full Radio Licence,Available,N
M,0,YIV,M0YIV,Call Sign,Amateur Full Radio Licence,Available,N
M,0,YIW,M0YIW,Call Sign,Amateur Full Radio Licence,Available,N
M,0,YIX,M0YIX,Call Sign,Amateur Full Radio Licence,Available,N
M,0,YIY,M0YIY,Call Sign,Amateur Full Radio Licence,Available,N
M,0,YIZ,M0YIZ,Call Sign,Amateur Full Radio Licence,Available,N
M,0,YJA,M0YJA,Call Sign,Amateur Full Radio Licence,Available,N
M,0,YJB,M0YJB,Call Sign,Amateur Full Radio Licence,Available,N
M,0,YJC,M0YJC,Call Sign,Amateur Full Radio Licence,Available,N
M,0,YJD,M0YJD,Call Sign,Amateur Full Radio Licence,Available,N
M,0,YJE,M0YJE,Call Sign,Amateur Full Radio Licence,Available,N
M,0,YJF,M0YJF,Call Sign,Amateur Full Radio Licence,Available,N
M,0,YJG,M0YJG,Call Sign,Amateur Full Radio Licence,Available,N
M,0,YJH,M0YJH,Call Sign,Amateur Full Radio Licence,Available,N
M,0,YJI,M0YJI,Call Sign,Amateur Full Radio Licence,Available,N
M,0,YJJ,M0YJJ,Call Sign,Amateur Full Radio Licence,Available,N
M,0,YJK,M0YJK,Call Sign,Amateur Full Radio Licence,Available,N
M,0,YJL,M0YJL,Call Sign,Amateur Full Radio Licence,Available,N
M,0,YJM,M0YJM,Call Sign,Amateur Full Radio Licence,Available,N
M,0,YJN,M0YJN,Call Sign,Amateur Full Radio Licence,Available,N
M,0,YJP,M0YJP,Call Sign,Amateur Full Radio Licence,Available,N
M,0,YJQ,M0YJQ,Call Sign,Amateur Full Radio Licence,Available,N
M,0,YJS,M0YJS,Call Sign,Amateur Full Radio Licence,Available,N
M,0,YJU,M0YJU,Call Sign,Amateur Full Radio Licence,Available,N
M,0,YJV,M0YJV,Call Sign,Amateur Full Radio Licence,Available,N
M,0,YJX,M0YJX,Call Sign,Amateur Full Radio Licence,Available,N
M,0,YJY,M0YJY,Call Sign,Amateur Full Radio Licence,Available,N
M,0,YJZ,M0YJZ,Call Sign,Amateur Full Radio Licence,Available,N
M,0,YKA,M0YKA,Call Sign,Amateur Full Radio Licence,Available,N
M,0,YKC,M0YKC,Call Sign,Amateur Full Radio Licence,Available,N
M,0,YKD,M0YKD,Call Sign,Amateur Full Radio Licence,Available,N
M,0,YKE,M0YKE,Call Sign,Amateur Full Radio Licence,Available,N
M,0,YKF,M0YKF,Call Sign,Amateur Full Radio Licence,Available,N
M,0,YKG,M0YKG,Call Sign,Amateur Full Radio Licence,Available,N
M,0,YKH,M0YKH,Call Sign,Amateur Full Radio Licence,Available,N
M,0,YKI,M0YKI,Call Sign,Amateur Full Radio Licence,Available,N
M,0,YKJ,M0YKJ,Call Sign,Amateur Full Radio Licence,Available,N
M,0,YKK,M0YKK,Call Sign,Amateur Full Radio Licence,Available,N
M,0,YKL,M0YKL,Call Sign,Amateur Full Radio Licence,Available,N
M,0,YKM,M0YKM,Call Sign,Amateur Full Radio Licence,Available,N
M,0,YKN,M0YKN,Call Sign,Amateur Full Radio Licence,Available,N
M,0,YKO,M0YKO,Call Sign,Amateur Full Radio Licence,Available,N
M,0,YKP,M0YKP,Call Sign,Amateur Full Radio Licence,Available,N
M,0,YKQ,M0YKQ,Call Sign,Amateur Full Radio Licence,Available,N
M,0,YKT,M0YKT,Call Sign,Amateur Full Radio Licence,Available,N
M,0,YKU,M0YKU,Call Sign,Amateur Full Radio Licence,Available,N
M,0,YKV,M0YKV,Call Sign,Amateur Full Radio Licence,Available,N
M,0,YKW,M0YKW,Call Sign,Amateur Full Radio Licence,Available,N
M,0,YKX,M0YKX,Call Sign,Amateur Full Radio Licence,Available,N
M,0,YKY,M0YKY,Call Sign,Amateur Full Radio Licence,Available,N
M,0,YKZ,M0YKZ,Call Sign,Amateur Full Radio Licence,Available,N
M,0,YLB,M0YLB,Call Sign,Amateur Full Radio Licence,Available,N
M,0,YLC,M0YLC,Call Sign,Amateur Full Radio Licence,Available,N
M,0,YLD,M0YLD,Call Sign,Amateur Full Radio Licence,Available,N
M,0,YLF,M0YLF,Call Sign,Amateur Full Radio Licence,Available,N
M,0,YLH,M0YLH,Call Sign,Amateur Full Radio Licence,Available,N
M,0,YLI,M0YLI,Call Sign,Amateur Full Radio Licence,Available,N
M,0,YLJ,M0YLJ,Call Sign,Amateur Full Radio Licence,Available,N
M,0,YLK,M0YLK,Call Sign,Amateur Full Radio Licence,Available,N
M,0,YLL,M0YLL,Call Sign,Amateur Full Radio Licence,Available,N
M,0,YLM,M0YLM,Call Sign,Amateur Full Radio Licence,Available,N
M,0,YLN,M0YLN,Call Sign,Amateur Full Radio Licence,Available,N
M,0,YLO,M0YLO,Call Sign,Amateur Full Radio Licence,Available,N
M,0,YLP,M0YLP,Call Sign,Amateur Full Radio Licence,Available,N
M,0,YLQ,M0YLQ,Call Sign,Amateur Full Radio Licence,Available,N
M,0,YLR,M0YLR,Call Sign,Amateur Full Radio Licence,Available,N
M,0,YLT,M0YLT,Call Sign,Amateur Full Radio Licence,Available,N
M,0,YLU,M0YLU,Call Sign,Amateur Full Radio Licence,Available,N
M,0,YLV,M0YLV,Call Sign,Amateur Full Radio Licence,Available,N
M,0,YLW,M0YLW,Call Sign,Amateur Full Radio Licence,Available,N
M,0,YLX,M0YLX,Call Sign,Amateur Full Radio Licence,Available,N
M,0,YLZ,M0YLZ,Call Sign,Amateur Full Radio Licence,Available,N
M,0,YMB,M0YMB,Call Sign,Amateur Full Radio Licence,Available,N
M,0,YMC,M0YMC,Call Sign,Amateur Full Radio Licence,Available,N
M,0,YMD,M0YMD,Call Sign,Amateur Full Radio Licence,Available,N
M,0,YMH,M0YMH,Call Sign,Amateur Full Radio Licence,Available,N
M,0,YMI,M0YMI,Call Sign,Amateur Full Radio Licence,Available,N
M,0,YML,M0YML,Call Sign,Amateur Full Radio Licence,Available,N
M,0,YMN,M0YMN,Call Sign,Amateur Full Radio Licence,Available,N
M,0,YMO,M0YMO,Call Sign,Amateur Full Radio Licence,Available,N
M,0,YMP,M0YMP,Call Sign,Amateur Full Radio Licence,Available,N
M,0,YMQ,M0YMQ,Call Sign,Amateur Full Radio Licence,Available,N
M,0,YMR,M0YMR,Call Sign,Amateur Full Radio Licence,Available,N
M,0,YMS,M0YMS,Call Sign,Amateur Full Radio Licence,Available,N
M,0,YMT,M0YMT,Call Sign,Amateur Full Radio Licence,Available,N
M,0,YMU,M0YMU,Call Sign,Amateur Full Radio Licence,Available,N
M,0,YMV,M0YMV,Call Sign,Amateur Full Radio Licence,Available,N
M,0,YMW,M0YMW,Call Sign,Amateur Full Radio Licence,Available,N
M,0,YMX,M0YMX,Call Sign,Amateur Full Radio Licence,Available,N
M,0,YMY,M0YMY,Call Sign,Amateur Full Radio Licence,Available,N
M,0,YMZ,M0YMZ,Call Sign,Amateur Full Radio Licence,Available,N
M,0,YNA,M0YNA,Call Sign,Amateur Full Radio Licence,Available,N
M,0,YNB,M0YNB,Call Sign,Amateur Full Radio Licence,Available,N
M,0,YNC,M0YNC,Call Sign,Amateur Full Radio Licence,Available,N
M,0,YND,M0YND,Call Sign,Amateur Full Radio Licence,Available,N
M,0,YNF,M0YNF,Call Sign,Amateur Full Radio Licence,Available,N
M,0,YNH,M0YNH,Call Sign,Amateur Full Radio Licence,Available,N
M,0,YNI,M0YNI,Call Sign,Amateur Full Radio Licence,Available,N
M,0,YNJ,M0YNJ,Call Sign,Amateur Full Radio Licence,Available,N
M,0,YNL,M0YNL,Call Sign,Amateur Full Radio Licence,Available,N
M,0,YNM,M0YNM,Call Sign,Amateur Full Radio Licence,Available,N
M,0,YNN,M0YNN,Call Sign,Amateur Full Radio Licence,Available,N
M,0,YNO,M0YNO,Call Sign,Amateur Full Radio Licence,Available,N
M,0,YNP,M0YNP,Call Sign,Amateur Full Radio Licence,Available,N
M,0,YNQ,M0YNQ,Call Sign,Amateur Full Radio Licence,Available,N
M,0,YNR,M0YNR,Call Sign,Amateur Full Radio Licence,Available,N
M,0,YNS,M0YNS,Call Sign,Amateur Full Radio Licence,Available,N
M,0,YNT,M0YNT,Call Sign,Amateur Full Radio Licence,Available,N
M,0,YNU,M0YNU,Call Sign,Amateur Full Radio Licence,Available,N
M,0,YNV,M0YNV,Call Sign,Amateur Full Radio Licence,Available,N
M,0,YNW,M0YNW,Call Sign,Amateur Full Radio Licence,Available,N
M,0,YNX,M0YNX,Call Sign,Amateur Full Radio Licence,Available,N
M,0,YNY,M0YNY,Call Sign,Amateur Full Radio Licence,Available,N
M,0,YNZ,M0YNZ,Call Sign,Amateur Full Radio Licence,Available,N
M,0,YOA,M0YOA,Call Sign,Amateur Full Radio Licence,Available,N
M,0,YOB,M0YOB,Call Sign,Amateur Full Radio Licence,Available,N
M,0,YOC,M0YOC,Call Sign,Amateur Full Radio Licence,Available,N
M,0,YOD,M0YOD,Call Sign,Amateur Full Radio Licence,Available,N
M,0,YOE,M0YOE,Call Sign,Amateur Full Radio Licence,Available,N
M,0,YOF,M0YOF,Call Sign,Amateur Full Radio Licence,Available,N
M,0,YOG,M0YOG,Call Sign,Amateur Full Radio Licence,Available,N
M,0,YOI,M0YOI,Call Sign,Amateur Full Radio Licence,Available,N
M,0,YOK,M0YOK,Call Sign,Amateur Full Radio Licence,Available,N
M,0,YON,M0YON,Call Sign,Amateur Full Radio Licence,Available,N
M,0,YOO,M0YOO,Call Sign,Amateur Full Radio Licence,Available,N
M,0,YOP,M0YOP,Call Sign,Amateur Full Radio Licence,Available,N
M,0,YOQ,M0YOQ,Call Sign,Amateur Full Radio Licence,Available,N
M,0,YOS,M0YOS,Call Sign,Amateur Full Radio Licence,Available,N
M,0,YOV,M0YOV,Call Sign,Amateur Full Radio Licence,Available,N
M,0,YOW,M0YOW,Call Sign,Amateur Full Radio Licence,Available,N
M,0,YOX,M0YOX,Call Sign,Amateur Full Radio Licence,Available,N
M,0,YOZ,M0YOZ,Call Sign,Amateur Full Radio Licence,Available,N
M,0,YPA,M0YPA,Call Sign,Amateur Full Radio Licence,Available,N
M,0,YPB,M0YPB,Call Sign,Amateur Full Radio Licence,Available,N
M,0,YPC,M0YPC,Call Sign,Amateur Full Radio Licence,Available,N
M,0,YPD,M0YPD,Call Sign,Amateur Full Radio Licence,Available,N
M,0,YPE,M0YPE,Call Sign,Amateur Full Radio Licence,Available,N
M,0,YPF,M0YPF,Call Sign,Amateur Full Radio Licence,Available,N
M,0,YPG,M0YPG,Call Sign,Amateur Full Radio Licence,Available,N
M,0,YPH,M0YPH,Call Sign,Amateur Full Radio Licence,Available,N
M,0,YPI,M0YPI,Call Sign,Amateur Full Radio Licence,Available,N
M,0,YPK,M0YPK,Call Sign,Amateur Full Radio Licence,Available,N
M,0,YPL,M0YPL,Call Sign,Amateur Full Radio Licence,Available,N
M,0,YPM,M0YPM,Call Sign,Amateur Full Radio Licence,Available,N
M,0,YPN,M0YPN,Call Sign,Amateur Full Radio Licence,Available,N
M,0,YPO,M0YPO,Call Sign,Amateur Full Radio Licence,Available,N
M,0,YPP,M0YPP,Call Sign,Amateur Full Radio Licence,Available,N
M,0,YPQ,M0YPQ,Call Sign,Amateur Full Radio Licence,Available,N
M,0,YPR,M0YPR,Call Sign,Amateur Full Radio Licence,Available,N
M,0,YPS,M0YPS,Call Sign,Amateur Full Radio Licence,Available,N
M,0,YPT,M0YPT,Call Sign,Amateur Full Radio Licence,Available,N
M,0,YPU,M0YPU,Call Sign,Amateur Full Radio Licence,Available,N
M,0,YPV,M0YPV,Call Sign,Amateur Full Radio Licence,Available,N
M,0,YPW,M0YPW,Call Sign,Amateur Full Radio Licence,Available,N
M,0,YPX,M0YPX,Call Sign,Amateur Full Radio Licence,Available,N
M,0,YPY,M0YPY,Call Sign,Amateur Full Radio Licence,Available,N
M,0,YQA,M0YQA,Call Sign,Amateur Full Radio Licence,Available,N
M,0,YQB,M0YQB,Call Sign,Amateur Full Radio Licence,Available,N
M,0,YQC,M0YQC,Call Sign,Amateur Full Radio Licence,Available,N
M,0,YQE,M0YQE,Call Sign,Amateur Full Radio Licence,Available,N
M,0,YQF,M0YQF,Call Sign,Amateur Full Radio Licence,Available,N
M,0,YQG,M0YQG,Call Sign,Amateur Full Radio Licence,Available,N
M,0,YQH,M0YQH,Call Sign,Amateur Full Radio Licence,Available,N
M,0,YQI,M0YQI,Call Sign,Amateur Full Radio Licence,Available,N
M,0,YQJ,M0YQJ,Call Sign,Amateur Full Radio Licence,Available,N
M,0,YQK,M0YQK,Call Sign,Amateur Full Radio Licence,Available,N
M,0,YQL,M0YQL,Call Sign,Amateur Full Radio Licence,Available,N
M,0,YQM,M0YQM,Call Sign,Amateur Full Radio Licence,Available,N
M,0,YQN,M0YQN,Call Sign,Amateur Full Radio Licence,Available,N
M,0,YQO,M0YQO,Call Sign,Amateur Full Radio Licence,Available,N
M,0,YQP,M0YQP,Call Sign,Amateur Full Radio Licence,Available,N
M,0,YQQ,M0YQQ,Call Sign,Amateur Full Radio Licence,Available,N
M,0,YQR,M0YQR,Call Sign,Amateur Full Radio Licence,Available,N
M,0,YQS,M0YQS,Call Sign,Amateur Full Radio Licence,Available,N
M,0,YQT,M0YQT,Call Sign,Amateur Full Radio Licence,Available,N
M,0,YQU,M0YQU,Call Sign,Amateur Full Radio Licence,Available,N
M,0,YQW,M0YQW,Call Sign,Amateur Full Radio Licence,Available,N
M,0,YQX,M0YQX,Call Sign,Amateur Full Radio Licence,Available,N
M,0,YQY,M0YQY,Call Sign,Amateur Full Radio Licence,Available,N
M,0,YRA,M0YRA,Call Sign,Amateur Full Radio Licence,Available,N
M,0,YRB,M0YRB,Call Sign,Amateur Full Radio Licence,Available,N
M,0,YRC,M0YRC,Call Sign,Amateur Full Radio Licence,Available,N
M,0,YRD,M0YRD,Call Sign,Amateur Full Radio Licence,Available,N
M,0,YRE,M0YRE,Call Sign,Amateur Full Radio Licence,Available,N
M,0,YRH,M0YRH,Call Sign,Amateur Full Radio Licence,Available,N
M,0,YRI,M0YRI,Call Sign,Amateur Full Radio Licence,Available,N
M,0,YRJ,M0YRJ,Call Sign,Amateur Full Radio Licence,Available,N
M,0,YRK,M0YRK,Call Sign,Amateur Full Radio Licence,Available,N
M,0,YRL,M0YRL,Call Sign,Amateur Full Radio Licence,Available,N
M,0,YRM,M0YRM,Call Sign,Amateur Full Radio Licence,Available,N
M,0,YRN,M0YRN,Call Sign,Amateur Full Radio Licence,Available,N
M,0,YRO,M0YRO,Call Sign,Amateur Full Radio Licence,Available,N
M,0,YRP,M0YRP,Call Sign,Amateur Full Radio Licence,Available,N
M,0,YRQ,M0YRQ,Call Sign,Amateur Full Radio Licence,Available,N
M,0,YRR,M0YRR,Call Sign,Amateur Full Radio Licence,Available,N
M,0,YRT,M0YRT,Call Sign,Amateur Full Radio Licence,Available,N
M,0,YRU,M0YRU,Call Sign,Amateur Full Radio Licence,Available,N
M,0,YRV,M0YRV,Call Sign,Amateur Full Radio Licence,Available,N
M,0,YRW,M0YRW,Call Sign,Amateur Full Radio Licence,Available,N
M,0,YRX,M0YRX,Call Sign,Amateur Full Radio Licence,Available,N
M,0,YRY,M0YRY,Call Sign,Amateur Full Radio Licence,Available,N
M,0,YRZ,M0YRZ,Call Sign,Amateur Full Radio Licence,Available,N
M,0,YSA,M0YSA,Call Sign,Amateur Full Radio Licence,Available,N
M,0,YSB,M0YSB,Call Sign,Amateur Full Radio Licence,Available,N
M,0,YSC,M0YSC,Call Sign,Amateur Full Radio Licence,Available,N
M,0,YSD,M0YSD,Call Sign,Amateur Full Radio Licence,Available,N
M,0,YSE,M0YSE,Call Sign,Amateur Full Radio Licence,Available,N
M,0,YSF,M0YSF,Call Sign,Amateur Full Radio Licence,Available,N
M,0,YSG,M0YSG,Call Sign,Amateur Full Radio Licence,Available,N
M,0,YSH,M0YSH,Call Sign,Amateur Full Radio Licence,Available,N
M,0,YSI,M0YSI,Call Sign,Amateur Full Radio Licence,Available,N
M,0,YSJ,M0YSJ,Call Sign,Amateur Full Radio Licence,Available,N
M,0,YSL,M0YSL,Call Sign,Amateur Full Radio Licence,Available,N
M,0,YSM,M0YSM,Call Sign,Amateur Full Radio Licence,Available,N
M,0,YSN,M0YSN,Call Sign,Amateur Full Radio Licence,Available,N
M,0,YSO,M0YSO,Call Sign,Amateur Full Radio Licence,Available,N
M,0,YSP,M0YSP,Call Sign,Amateur Full Radio Licence,Available,N
M,0,YSQ,M0YSQ,Call Sign,Amateur Full Radio Licence,Available,N
M,0,YSS,M0YSS,Call Sign,Amateur Full Radio Licence,Available,N
M,0,YST,M0YST,Call Sign,Amateur Full Radio Licence,Available,N
M,0,YSV,M0YSV,Call Sign,Amateur Full Radio Licence,Available,N
M,0,YSW,M0YSW,Call Sign,Amateur Full Radio Licence,Available,N
M,0,YSX,M0YSX,Call Sign,Amateur Full Radio Licence,Available,N
M,0,YSY,M0YSY,Call Sign,Amateur Full Radio Licence,Available,N
M,0,YSZ,M0YSZ,Call Sign,Amateur Full Radio Licence,Available,N
M,0,YTA,M0YTA,Call Sign,Amateur Full Radio Licence,Available,N
M,0,YTB,M0YTB,Call Sign,Amateur Full Radio Licence,Available,N
M,0,YTD,M0YTD,Call Sign,Amateur Full Radio Licence,Available,N
M,0,YTE,M0YTE,Call Sign,Amateur Full Radio Licence,Available,N
M,0,YTF,M0YTF,Call Sign,Amateur Full Radio Licence,Available,N
M,0,YTG,M0YTG,Call Sign,Amateur Full Radio Licence,Available,N
M,0,YTH,M0YTH,Call Sign,Amateur Full Radio Licence,Available,N
M,0,YTI,M0YTI,Call Sign,Amateur Full Radio Licence,Available,N
M,0,YTJ,M0YTJ,Call Sign,Amateur Full Radio Licence,Available,N
M,0,YTK,M0YTK,Call Sign,Amateur Full Radio Licence,Available,N
M,0,YTL,M0YTL,Call Sign,Amateur Full Radio Licence,Available,N
M,0,YTN,M0YTN,Call Sign,Amateur Full Radio Licence,Available,N
M,0,YTO,M0YTO,Call Sign,Amateur Full Radio Licence,Available,N
M,0,YTP,M0YTP,Call Sign,Amateur Full Radio Licence,Available,N
M,0,YTQ,M0YTQ,Call Sign,Amateur Full Radio Licence,Available,N
M,0,YTR,M0YTR,Call Sign,Amateur Full Radio Licence,Available,N
M,0,YTS,M0YTS,Call Sign,Amateur Full Radio Licence,Available,N
M,0,YTT,M0YTT,Call Sign,Amateur Full Radio Licence,Available,N
M,0,YTU,M0YTU,Call Sign,Amateur Full Radio Licence,Available,N
M,0,YTV,M0YTV,Call Sign,Amateur Full Radio Licence,Available,N
M,0,YTW,M0YTW,Call Sign,Amateur Full Radio Licence,Available,N
M,0,YTY,M0YTY,Call Sign,Amateur Full Radio Licence,Available,N
M,0,YTZ,M0YTZ,Call Sign,Amateur Full Radio Licence,Available,N
M,0,YUA,M0YUA,Call Sign,Amateur Full Radio Licence,Available,N
M,0,YUB,M0YUB,Call Sign,Amateur Full Radio Licence,Available,N
M,0,YUC,M0YUC,Call Sign,Amateur Full Radio Licence,Available,N
M,0,YUD,M0YUD,Call Sign,Amateur Full Radio Licence,Available,N
M,0,YUE,M0YUE,Call Sign,Amateur Full Radio Licence,Available,N
M,0,YUF,M0YUF,Call Sign,Amateur Full Radio Licence,Available,N
M,0,YUH,M0YUH,Call Sign,Amateur Full Radio Licence,Available,N
M,0,YUJ,M0YUJ,Call Sign,Amateur Full Radio Licence,Available,N
M,0,YUK,M0YUK,Call Sign,Amateur Full Radio Licence,Available,N
M,0,YUM,M0YUM,Call Sign,Amateur Full Radio Licence,Available,N
M,0,YUN,M0YUN,Call Sign,Amateur Full Radio Licence,Available,N
M,0,YUO,M0YUO,Call Sign,Amateur Full Radio Licence,Available,N
M,0,YUP,M0YUP,Call Sign,Amateur Full Radio Licence,Available,N
M,0,YUQ,M0YUQ,Call Sign,Amateur Full Radio Licence,Available,N
M,0,YUR,M0YUR,Call Sign,Amateur Full Radio Licence,Available,N
M,0,YUS,M0YUS,Call Sign,Amateur Full Radio Licence,Available,N
M,0,YUT,M0YUT,Call Sign,Amateur Full Radio Licence,Available,N
M,0,YUU,M0YUU,Call Sign,Amateur Full Radio Licence,Available,N
M,0,YUV,M0YUV,Call Sign,Amateur Full Radio Licence,Available,N
M,0,YUW,M0YUW,Call Sign,Amateur Full Radio Licence,Available,N
M,0,YUY,M0YUY,Call Sign,Amateur Full Radio Licence,Available,N
M,0,YUZ,M0YUZ,Call Sign,Amateur Full Radio Licence,Available,N
M,0,YVA,M0YVA,Call Sign,Amateur Full Radio Licence,Available,N
M,0,YVB,M0YVB,Call Sign,Amateur Full Radio Licence,Available,N
M,0,YVC,M0YVC,Call Sign,Amateur Full Radio Licence,Available,N
M,0,YVD,M0YVD,Call Sign,Amateur Full Radio Licence,Available,N
M,0,YVE,M0YVE,Call Sign,Amateur Full Radio Licence,Available,N
M,0,YVF,M0YVF,Call Sign,Amateur Full Radio Licence,Available,N
M,0,YVH,M0YVH,Call Sign,Amateur Full Radio Licence,Available,N
M,0,YVI,M0YVI,Call Sign,Amateur Full Radio Licence,Available,N
M,0,YVJ,M0YVJ,Call Sign,Amateur Full Radio Licence,Available,N
M,0,YVL,M0YVL,Call Sign,Amateur Full Radio Licence,Available,N
M,0,YVM,M0YVM,Call Sign,Amateur Full Radio Licence,Available,N
M,0,YVN,M0YVN,Call Sign,Amateur Full Radio Licence,Available,N
M,0,YVO,M0YVO,Call Sign,Amateur Full Radio Licence,Available,N
M,0,YVP,M0YVP,Call Sign,Amateur Full Radio Licence,Available,N
M,0,YVQ,M0YVQ,Call Sign,Amateur Full Radio Licence,Available,N
M,0,YVR,M0YVR,Call Sign,Amateur Full Radio Licence,Available,N
M,0,YVS,M0YVS,Call Sign,Amateur Full Radio Licence,Available,N
M,0,YVT,M0YVT,Call Sign,Amateur Full Radio Licence,Available,N
M,0,YVU,M0YVU,Call Sign,Amateur Full Radio Licence,Available,N
M,0,YVV,M0YVV,Call Sign,Amateur Full Radio Licence,Available,N
M,0,YVW,M0YVW,Call Sign,Amateur Full Radio Licence,Available,N
M,0,YVY,M0YVY,Call Sign,Amateur Full Radio Licence,Available,N
M,0,YVZ,M0YVZ,Call Sign,Amateur Full Radio Licence,Available,N
M,0,YWA,M0YWA,Call Sign,Amateur Full Radio Licence,Available,N
M,0,YWB,M0YWB,Call Sign,Amateur Full Radio Licence,Available,N
M,0,YWC,M0YWC,Call Sign,Amateur Full Radio Licence,Available,N
M,0,YWD,M0YWD,Call Sign,Amateur Full Radio Licence,Available,N
M,0,YWE,M0YWE,Call Sign,Amateur Full Radio Licence,Available,N
M,0,YWF,M0YWF,Call Sign,Amateur Full Radio Licence,Available,N
M,0,YWG,M0YWG,Call Sign,Amateur Full Radio Licence,Available,N
M,0,YWH,M0YWH,Call Sign,Amateur Full Radio Licence,Available,N
M,0,YWI,M0YWI,Call Sign,Amateur Full Radio Licence,Available,N
M,0,YWJ,M0YWJ,Call Sign,Amateur Full Radio Licence,Available,N
M,0,YWK,M0YWK,Call Sign,Amateur Full Radio Licence,Available,N
M,0,YWL,M0YWL,Call Sign,Amateur Full Radio Licence,Available,N
M,0,YWM,M0YWM,Call Sign,Amateur Full Radio Licence,Available,N
M,0,YWN,M0YWN,Call Sign,Amateur Full Radio Licence,Available,N
M,0,YWO,M0YWO,Call Sign,Amateur Full Radio Licence,Available,N
M,0,YWP,M0YWP,Call Sign,Amateur Full Radio Licence,Available,N
M,0,YWQ,M0YWQ,Call Sign,Amateur Full Radio Licence,Available,N
M,0,YWR,M0YWR,Call Sign,Amateur Full Radio Licence,Available,N
M,0,YWS,M0YWS,Call Sign,Amateur Full Radio Licence,Available,N
M,0,YWT,M0YWT,Call Sign,Amateur Full Radio Licence,Available,N
M,0,YWU,M0YWU,Call Sign,Amateur Full Radio Licence,Available,N
M,0,YWV,M0YWV,Call Sign,Amateur Full Radio Licence,Available,N
M,0,YWW,M0YWW,Call Sign,Amateur Full Radio Licence,Available,N
M,0,YWX,M0YWX,Call Sign,Amateur Full Radio Licence,Available,N
M,0,YWY,M0YWY,Call Sign,Amateur Full Radio Licence,Available,N
M,0,YWZ,M0YWZ,Call Sign,Amateur Full Radio Licence,Available,N
M,0,YXA,M0YXA,Call Sign,Amateur Full Radio Licence,Available,N
M,0,YXB,M0YXB,Call Sign,Amateur Full Radio Licence,Available,N
M,0,YXC,M0YXC,Call Sign,Amateur Full Radio Licence,Available,N
M,0,YXD,M0YXD,Call Sign,Amateur Full Radio Licence,Available,N
M,0,YXE,M0YXE,Call Sign,Amateur Full Radio Licence,Available,N
M,0,YXF,M0YXF,Call Sign,Amateur Full Radio Licence,Available,N
M,0,YXG,M0YXG,Call Sign,Amateur Full Radio Licence,Available,N
M,0,YXH,M0YXH,Call Sign,Amateur Full Radio Licence,Available,N
M,0,YXI,M0YXI,Call Sign,Amateur Full Radio Licence,Available,N
M,0,YXJ,M0YXJ,Call Sign,Amateur Full Radio Licence,Available,N
M,0,YXK,M0YXK,Call Sign,Amateur Full Radio Licence,Available,N
M,0,YXL,M0YXL,Call Sign,Amateur Full Radio Licence,Available,N
M,0,YXM,M0YXM,Call Sign,Amateur Full Radio Licence,Available,N
M,0,YXN,M0YXN,Call Sign,Amateur Full Radio Licence,Available,N
M,0,YXO,M0YXO,Call Sign,Amateur Full Radio Licence,Available,N
M,0,YXP,M0YXP,Call Sign,Amateur Full Radio Licence,Available,N
M,0,YXQ,M0YXQ,Call Sign,Amateur Full Radio Licence,Available,N
M,0,YXR,M0YXR,Call Sign,Amateur Full Radio Licence,Available,N
M,0,YXS,M0YXS,Call Sign,Amateur Full Radio Licence,Available,N
M,0,YXT,M0YXT,Call Sign,Amateur Full Radio Licence,Available,N
M,0,YXU,M0YXU,Call Sign,Amateur Full Radio Licence,Available,N
M,0,YXV,M0YXV,Call Sign,Amateur Full Radio Licence,Available,N
M,0,YXW,M0YXW,Call Sign,Amateur Full Radio Licence,Available,N
M,0,YXX,M0YXX,Call Sign,Amateur Full Radio Licence,Available,N
M,0,YXY,M0YXY,Call Sign,Amateur Full Radio Licence,Available,N
M,0,YXZ,M0YXZ,Call Sign,Amateur Full Radio Licence,Available,N
M,0,YYB,M0YYB,Call Sign,Amateur Full Radio Licence,Available,N
M,0,YYD,M0YYD,Call Sign,Amateur Full Radio Licence,Available,N
M,0,YYE,M0YYE,Call Sign,Amateur Full Radio Licence,Available,N
M,0,YYF,M0YYF,Call Sign,Amateur Full Radio Licence,Available,N
M,0,YYG,M0YYG,Call Sign,Amateur Full Radio Licence,Available,N
M,0,YYH,M0YYH,Call Sign,Amateur Full Radio Licence,Available,N
M,0,YYI,M0YYI,Call Sign,Amateur Full Radio Licence,Available,N
M,0,YYJ,M0YYJ,Call Sign,Amateur Full Radio Licence,Available,N
M,0,YYK,M0YYK,Call Sign,Amateur Full Radio Licence,Available,N
M,0,YYL,M0YYL,Call Sign,Amateur Full Radio Licence,Available,N
M,0,YYM,M0YYM,Call Sign,Amateur Full Radio Licence,Available,N
M,0,YYN,M0YYN,Call Sign,Amateur Full Radio Licence,Available,N
M,0,YYO,M0YYO,Call Sign,Amateur Full Radio Licence,Available,N
M,0,YYP,M0YYP,Call Sign,Amateur Full Radio Licence,Available,N
M,0,YYQ,M0YYQ,Call Sign,Amateur Full Radio Licence,Available,N
M,0,YYR,M0YYR,Call Sign,Amateur Full Radio Licence,Available,N
M,0,YYS,M0YYS,Call Sign,Amateur Full Radio Licence,Available,N
M,0,YYT,M0YYT,Call Sign,Amateur Full Radio Licence,Available,N
M,0,YYU,M0YYU,Call Sign,Amateur Full Radio Licence,Available,N
M,0,YYW,M0YYW,Call Sign,Amateur Full Radio Licence,Available,N
M,0,YYX,M0YYX,Call Sign,Amateur Full Radio Licence,Available,N
M,0,YZB,M0YZB,Call Sign,Amateur Full Radio Licence,Available,N
M,0,YZC,M0YZC,Call Sign,Amateur Full Radio Licence,Available,N
M,0,YZD,M0YZD,Call Sign,Amateur Full Radio Licence,Available,N
M,0,YZE,M0YZE,Call Sign,Amateur Full Radio Licence,Available,N
M,0,YZG,M0YZG,Call Sign,Amateur Full Radio Licence,Available,N
M,0,YZH,M0YZH,Call Sign,Amateur Full Radio Licence,Available,N
M,0,YZI,M0YZI,Call Sign,Amateur Full Radio Licence,Available,N
M,0,YZJ,M0YZJ,Call Sign,Amateur Full Radio Licence,Available,N
M,0,YZK,M0YZK,Call Sign,Amateur Full Radio Licence,Available,N
M,0,YZL,M0YZL,Call Sign,Amateur Full Radio Licence,Available,N
M,0,YZM,M0YZM,Call Sign,Amateur Full Radio Licence,Available,N
M,0,YZN,M0YZN,Call Sign,Amateur Full Radio Licence,Available,N
M,0,YZO,M0YZO,Call Sign,Amateur Full Radio Licence,Available,N
M,0,YZP,M0YZP,Call Sign,Amateur Full Radio Licence,Available,N
M,0,YZQ,M0YZQ,Call Sign,Amateur Full Radio Licence,Available,N
M,0,YZR,M0YZR,Call Sign,Amateur Full Radio Licence,Available,N
M,0,YZS,M0YZS,Call Sign,Amateur Full Radio Licence,Available,N
M,0,YZT,M0YZT,Call Sign,Amateur Full Radio Licence,Available,N
M,0,YZU,M0YZU,Call Sign,Amateur Full Radio Licence,Available,N
M,0,YZV,M0YZV,Call Sign,Amateur Full Radio Licence,Available,N
M,0,YZW,M0YZW,Call Sign,Amateur Full Radio Licence,Available,N
M,0,YZX,M0YZX,Call Sign,Amateur Full Radio Licence,Available,N
M,0,YZY,M0YZY,Call Sign,Amateur Full Radio Licence,Available,N
M,0,ZAJ,M0ZAJ,Call Sign,Amateur Full Radio Licence,Available,N
M,0,ZAQ,M0ZAQ,Call Sign,Amateur Full Radio Licence,Available,N
M,0,ZAS,M0ZAS,Call Sign,Amateur Full Radio Licence,Available,N
M,0,ZAU,M0ZAU,Call Sign,Amateur Full Radio Licence,Available,N
M,0,ZAW,M0ZAW,Call Sign,Amateur Full Radio Licence,Available,N
M,0,ZAX,M0ZAX,Call Sign,Amateur Full Radio Licence,Available,N
M,0,ZBA,M0ZBA,Call Sign,Amateur Full Radio Licence,Available,N
M,0,ZBC,M0ZBC,Call Sign,Amateur Full Radio Licence,Available,N
M,0,ZBE,M0ZBE,Call Sign,Amateur Full Radio Licence,Available,N
M,0,ZBF,M0ZBF,Call Sign,Amateur Full Radio Licence,Available,N
M,0,ZBG,M0ZBG,Call Sign,Amateur Full Radio Licence,Available,N
M,0,ZBI,M0ZBI,Call Sign,Amateur Full Radio Licence,Available,N
M,0,ZBJ,M0ZBJ,Call Sign,Amateur Full Radio Licence,Available,N
M,0,ZBK,M0ZBK,Call Sign,Amateur Full Radio Licence,Available,N
M,0,ZBL,M0ZBL,Call Sign,Amateur Full Radio Licence,Available,N
M,0,ZBM,M0ZBM,Call Sign,Amateur Full Radio Licence,Available,N
M,0,ZBN,M0ZBN,Call Sign,Amateur Full Radio Licence,Available,N
M,0,ZBO,M0ZBO,Call Sign,Amateur Full Radio Licence,Available,N
M,0,ZBP,M0ZBP,Call Sign,Amateur Full Radio Licence,Available,N
M,0,ZBQ,M0ZBQ,Call Sign,Amateur Full Radio Licence,Available,N
M,0,ZBR,M0ZBR,Call Sign,Amateur Full Radio Licence,Available,N
M,0,ZBS,M0ZBS,Call Sign,Amateur Full Radio Licence,Available,N
M,0,ZBV,M0ZBV,Call Sign,Amateur Full Radio Licence,Available,N
M,0,ZBW,M0ZBW,Call Sign,Amateur Full Radio Licence,Available,N
M,0,ZBX,M0ZBX,Call Sign,Amateur Full Radio Licence,Available,N
M,0,ZBY,M0ZBY,Call Sign,Amateur Full Radio Licence,Available,N
M,0,ZCA,M0ZCA,Call Sign,Amateur Full Radio Licence,Available,N
M,0,ZCB,M0ZCB,Call Sign,Amateur Full Radio Licence,Available,N
M,0,ZCD,M0ZCD,Call Sign,Amateur Full Radio Licence,Available,N
M,0,ZCF,M0ZCF,Call Sign,Amateur Full Radio Licence,Available,N
M,0,ZCI,M0ZCI,Call Sign,Amateur Full Radio Licence,Available,N
M,0,ZCJ,M0ZCJ,Call Sign,Amateur Full Radio Licence,Available,N
M,0,ZCK,M0ZCK,Call Sign,Amateur Full Radio Licence,Available,N
M,0,ZCL,M0ZCL,Call Sign,Amateur Full Radio Licence,Available,N
M,0,ZCN,M0ZCN,Call Sign,Amateur Full Radio Licence,Available,N
M,0,ZCQ,M0ZCQ,Call Sign,Amateur Full Radio Licence,Available,N
M,0,ZCS,M0ZCS,Call Sign,Amateur Full Radio Licence,Available,N
M,0,ZCU,M0ZCU,Call Sign,Amateur Full Radio Licence,Available,N
M,0,ZCV,M0ZCV,Call Sign,Amateur Full Radio Licence,Available,N
M,0,ZCX,M0ZCX,Call Sign,Amateur Full Radio Licence,Available,N
M,0,ZCY,M0ZCY,Call Sign,Amateur Full Radio Licence,Available,N
M,0,ZCZ,M0ZCZ,Call Sign,Amateur Full Radio Licence,Available,N
M,0,ZDA,M0ZDA,Call Sign,Amateur Full Radio Licence,Available,N
M,0,ZDF,M0ZDF,Call Sign,Amateur Full Radio Licence,Available,N
M,0,ZDI,M0ZDI,Call Sign,Amateur Full Radio Licence,Available,N
M,0,ZDK,M0ZDK,Call Sign,Amateur Full Radio Licence,Available,N
M,0,ZDL,M0ZDL,Call Sign,Amateur Full Radio Licence,Available,N
M,0,ZDM,M0ZDM,Call Sign,Amateur Full Radio Licence,Available,N
M,0,ZDN,M0ZDN,Call Sign,Amateur Full Radio Licence,Available,N
M,0,ZDP,M0ZDP,Call Sign,Amateur Full Radio Licence,Available,N
M,0,ZDQ,M0ZDQ,Call Sign,Amateur Full Radio Licence,Available,N
M,0,ZDS,M0ZDS,Call Sign,Amateur Full Radio Licence,Available,N
M,0,ZDT,M0ZDT,Call Sign,Amateur Full Radio Licence,Available,N
M,0,ZDV,M0ZDV,Call Sign,Amateur Full Radio Licence,Available,N
M,0,ZDY,M0ZDY,Call Sign,Amateur Full Radio Licence,Available,N
M,0,ZEA,M0ZEA,Call Sign,Amateur Full Radio Licence,Available,N
M,0,ZEC,M0ZEC,Call Sign,Amateur Full Radio Licence,Available,N
M,0,ZEF,M0ZEF,Call Sign,Amateur Full Radio Licence,Available,N
M,0,ZEG,M0ZEG,Call Sign,Amateur Full Radio Licence,Available,N
M,0,ZEI,M0ZEI,Call Sign,Amateur Full Radio Licence,Available,N
M,0,ZEJ,M0ZEJ,Call Sign,Amateur Full Radio Licence,Available,N
M,0,ZEK,M0ZEK,Call Sign,Amateur Full Radio Licence,Available,N
M,0,ZEO,M0ZEO,Call Sign,Amateur Full Radio Licence,Available,N
M,0,ZEU,M0ZEU,Call Sign,Amateur Full Radio Licence,Available,N
M,0,ZEV,M0ZEV,Call Sign,Amateur Full Radio Licence,Available,N
M,0,ZEW,M0ZEW,Call Sign,Amateur Full Radio Licence,Available,N
M,0,ZEX,M0ZEX,Call Sign,Amateur Full Radio Licence,Available,N
M,0,ZEZ,M0ZEZ,Call Sign,Amateur Full Radio Licence,Available,N
M,0,ZFB,M0ZFB,Call Sign,Amateur Full Radio Licence,Available,N
M,0,ZFC,M0ZFC,Call Sign,Amateur Full Radio Licence,Available,N
M,0,ZFD,M0ZFD,Call Sign,Amateur Full Radio Licence,Available,N
M,0,ZFE,M0ZFE,Call Sign,Amateur Full Radio Licence,Available,N
M,0,ZFG,M0ZFG,Call Sign,Amateur Full Radio Licence,Available,N
M,0,ZFH,M0ZFH,Call Sign,Amateur Full Radio Licence,Available,N
M,0,ZFI,M0ZFI,Call Sign,Amateur Full Radio Licence,Available,N
M,0,ZFJ,M0ZFJ,Call Sign,Amateur Full Radio Licence,Available,N
M,0,ZFK,M0ZFK,Call Sign,Amateur Full Radio Licence,Available,N
M,0,ZFL,M0ZFL,Call Sign,Amateur Full Radio Licence,Available,N
M,0,ZFM,M0ZFM,Call Sign,Amateur Full Radio Licence,Available,N
M,0,ZFN,M0ZFN,Call Sign,Amateur Full Radio Licence,Available,N
M,0,ZFO,M0ZFO,Call Sign,Amateur Full Radio Licence,Available,N
M,0,ZFP,M0ZFP,Call Sign,Amateur Full Radio Licence,Available,N
M,0,ZFQ,M0ZFQ,Call Sign,Amateur Full Radio Licence,Available,N
M,0,ZFS,M0ZFS,Call Sign,Amateur Full Radio Licence,Available,N
M,0,ZFT,M0ZFT,Call Sign,Amateur Full Radio Licence,Available,N
M,0,ZFU,M0ZFU,Call Sign,Amateur Full Radio Licence,Available,N
M,0,ZFV,M0ZFV,Call Sign,Amateur Full Radio Licence,Available,N
M,0,ZFW,M0ZFW,Call Sign,Amateur Full Radio Licence,Available,N
M,0,ZFY,M0ZFY,Call Sign,Amateur Full Radio Licence,Available,N
M,0,ZFZ,M0ZFZ,Call Sign,Amateur Full Radio Licence,Available,N
M,0,ZGC,M0ZGC,Call Sign,Amateur Full Radio Licence,Available,N
M,0,ZGE,M0ZGE,Call Sign,Amateur Full Radio Licence,Available,N
M,0,ZGF,M0ZGF,Call Sign,Amateur Full Radio Licence,Available,N
M,0,ZGG,M0ZGG,Call Sign,Amateur Full Radio Licence,Available,N
M,0,ZGH,M0ZGH,Call Sign,Amateur Full Radio Licence,Available,N
M,0,ZGI,M0ZGI,Call Sign,Amateur Full Radio Licence,Available,N
M,0,ZGJ,M0ZGJ,Call Sign,Amateur Full Radio Licence,Available,N
M,0,ZGK,M0ZGK,Call Sign,Amateur Full Radio Licence,Available,N
M,0,ZGL,M0ZGL,Call Sign,Amateur Full Radio Licence,Available,N
M,0,ZGM,M0ZGM,Call Sign,Amateur Full Radio Licence,Available,N
M,0,ZGO,M0ZGO,Call Sign,Amateur Full Radio Licence,Available,N
M,0,ZGP,M0ZGP,Call Sign,Amateur Full Radio Licence,Available,N
M,0,ZGQ,M0ZGQ,Call Sign,Amateur Full Radio Licence,Available,N
M,0,ZGR,M0ZGR,Call Sign,Amateur Full Radio Licence,Available,N
M,0,ZGS,M0ZGS,Call Sign,Amateur Full Radio Licence,Available,N
M,0,ZGT,M0ZGT,Call Sign,Amateur Full Radio Licence,Available,N
M,0,ZGU,M0ZGU,Call Sign,Amateur Full Radio Licence,Available,N
M,0,ZGV,M0ZGV,Call Sign,Amateur Full Radio Licence,Available,N
M,0,ZGW,M0ZGW,Call Sign,Amateur Full Radio Licence,Available,N
M,0,ZGX,M0ZGX,Call Sign,Amateur Full Radio Licence,Available,N
M,0,ZGZ,M0ZGZ,Call Sign,Amateur Full Radio Licence,Available,N
M,0,ZHB,M0ZHB,Call Sign,Amateur Full Radio Licence,Available,N
M,0,ZHC,M0ZHC,Call Sign,Amateur Full Radio Licence,Available,N
M,0,ZHD,M0ZHD,Call Sign,Amateur Full Radio Licence,Available,N
M,0,ZHE,M0ZHE,Call Sign,Amateur Full Radio Licence,Available,N
M,0,ZHF,M0ZHF,Call Sign,Amateur Full Radio Licence,Available,N
M,0,ZHG,M0ZHG,Call Sign,Amateur Full Radio Licence,Available,N
M,0,ZHH,M0ZHH,Call Sign,Amateur Full Radio Licence,Available,N
M,0,ZHI,M0ZHI,Call Sign,Amateur Full Radio Licence,Available,N
M,0,ZHJ,M0ZHJ,Call Sign,Amateur Full Radio Licence,Available,N
M,0,ZHK,M0ZHK,Call Sign,Amateur Full Radio Licence,Available,N
M,0,ZHL,M0ZHL,Call Sign,Amateur Full Radio Licence,Available,N
M,0,ZHM,M0ZHM,Call Sign,Amateur Full Radio Licence,Available,N
M,0,ZHO,M0ZHO,Call Sign,Amateur Full Radio Licence,Available,N
M,0,ZHP,M0ZHP,Call Sign,Amateur Full Radio Licence,Available,N
M,0,ZHQ,M0ZHQ,Call Sign,Amateur Full Radio Licence,Available,N
M,0,ZHR,M0ZHR,Call Sign,Amateur Full Radio Licence,Available,N
M,0,ZHS,M0ZHS,Call Sign,Amateur Full Radio Licence,Available,N
M,0,ZHT,M0ZHT,Call Sign,Amateur Full Radio Licence,Available,N
M,0,ZHU,M0ZHU,Call Sign,Amateur Full Radio Licence,Available,N
M,0,ZHV,M0ZHV,Call Sign,Amateur Full Radio Licence,Available,N
M,0,ZHW,M0ZHW,Call Sign,Amateur Full Radio Licence,Available,N
M,0,ZHY,M0ZHY,Call Sign,Amateur Full Radio Licence,Available,N
M,0,ZHZ,M0ZHZ,Call Sign,Amateur Full Radio Licence,Available,N
M,0,ZIA,M0ZIA,Call Sign,Amateur Full Radio Licence,Available,N
M,0,ZIB,M0ZIB,Call Sign,Amateur Full Radio Licence,Available,N
M,0,ZIC,M0ZIC,Call Sign,Amateur Full Radio Licence,Available,N
M,0,ZIH,M0ZIH,Call Sign,Amateur Full Radio Licence,Available,N
M,0,ZII,M0ZII,Call Sign,Amateur Full Radio Licence,Available,N
M,0,ZIJ,M0ZIJ,Call Sign,Amateur Full Radio Licence,Available,N
M,0,ZIK,M0ZIK,Call Sign,Amateur Full Radio Licence,Available,N
M,0,ZIL,M0ZIL,Call Sign,Amateur Full Radio Licence,Available,N
M,0,ZIN,M0ZIN,Call Sign,Amateur Full Radio Licence,Available,N
M,0,ZIO,M0ZIO,Call Sign,Amateur Full Radio Licence,Available,N
M,0,ZIQ,M0ZIQ,Call Sign,Amateur Full Radio Licence,Available,N
M,0,ZIR,M0ZIR,Call Sign,Amateur Full Radio Licence,Available,N
M,0,ZIS,M0ZIS,Call Sign,Amateur Full Radio Licence,Available,N
M,0,ZIU,M0ZIU,Call Sign,Amateur Full Radio Licence,Available,N
M,0,ZIV,M0ZIV,Call Sign,Amateur Full Radio Licence,Available,N
M,0,ZIW,M0ZIW,Call Sign,Amateur Full Radio Licence,Available,N
M,0,ZIY,M0ZIY,Call Sign,Amateur Full Radio Licence,Available,N
M,0,ZIZ,M0ZIZ,Call Sign,Amateur Full Radio Licence,Available,N
M,0,ZJA,M0ZJA,Call Sign,Amateur Full Radio Licence,Available,N
M,0,ZJC,M0ZJC,Call Sign,Amateur Full Radio Licence,Available,N
M,0,ZJD,M0ZJD,Call Sign,Amateur Full Radio Licence,Available,N
M,0,ZJE,M0ZJE,Call Sign,Amateur Full Radio Licence,Available,N
M,0,ZJF,M0ZJF,Call Sign,Amateur Full Radio Licence,Available,N
M,0,ZJG,M0ZJG,Call Sign,Amateur Full Radio Licence,Available,N
M,0,ZJH,M0ZJH,Call Sign,Amateur Full Radio Licence,Available,N
M,0,ZJI,M0ZJI,Call Sign,Amateur Full Radio Licence,Available,N
M,0,ZJJ,M0ZJJ,Call Sign,Amateur Full Radio Licence,Available,N
M,0,ZJK,M0ZJK,Call Sign,Amateur Full Radio Licence,Available,N
M,0,ZJL,M0ZJL,Call Sign,Amateur Full Radio Licence,Available,N
M,0,ZJM,M0ZJM,Call Sign,Amateur Full Radio Licence,Available,N
M,0,ZJN,M0ZJN,Call Sign,Amateur Full Radio Licence,Available,N
M,0,ZJP,M0ZJP,Call Sign,Amateur Full Radio Licence,Available,N
M,0,ZJR,M0ZJR,Call Sign,Amateur Full Radio Licence,Available,N
M,0,ZJS,M0ZJS,Call Sign,Amateur Full Radio Licence,Available,N
M,0,ZJT,M0ZJT,Call Sign,Amateur Full Radio Licence,Available,N
M,0,ZJU,M0ZJU,Call Sign,Amateur Full Radio Licence,Available,N
M,0,ZJW,M0ZJW,Call Sign,Amateur Full Radio Licence,Available,N
M,0,ZJX,M0ZJX,Call Sign,Amateur Full Radio Licence,Available,N
M,0,ZJY,M0ZJY,Call Sign,Amateur Full Radio Licence,Available,N
M,0,ZJZ,M0ZJZ,Call Sign,Amateur Full Radio Licence,Available,N
M,0,ZKB,M0ZKB,Call Sign,Amateur Full Radio Licence,Available,N
M,0,ZKC,M0ZKC,Call Sign,Amateur Full Radio Licence,Available,N
M,0,ZKD,M0ZKD,Call Sign,Amateur Full Radio Licence,Available,N
M,0,ZKE,M0ZKE,Call Sign,Amateur Full Radio Licence,Available,N
M,0,ZKF,M0ZKF,Call Sign,Amateur Full Radio Licence,Available,N
M,0,ZKG,M0ZKG,Call Sign,Amateur Full Radio Licence,Available,N
M,0,ZKH,M0ZKH,Call Sign,Amateur Full Radio Licence,Available,N
M,0,ZKI,M0ZKI,Call Sign,Amateur Full Radio Licence,Available,N
M,0,ZKJ,M0ZKJ,Call Sign,Amateur Full Radio Licence,Available,N
M,0,ZKL,M0ZKL,Call Sign,Amateur Full Radio Licence,Available,N
M,0,ZKM,M0ZKM,Call Sign,Amateur Full Radio Licence,Available,N
M,0,ZKN,M0ZKN,Call Sign,Amateur Full Radio Licence,Available,N
M,0,ZKO,M0ZKO,Call Sign,Amateur Full Radio Licence,Available,N
M,0,ZKP,M0ZKP,Call Sign,Amateur Full Radio Licence,Available,N
M,0,ZKQ,M0ZKQ,Call Sign,Amateur Full Radio Licence,Available,N
M,0,ZKR,M0ZKR,Call Sign,Amateur Full Radio Licence,Available,N
M,0,ZKS,M0ZKS,Call Sign,Amateur Full Radio Licence,Available,N
M,0,ZKT,M0ZKT,Call Sign,Amateur Full Radio Licence,Available,N
M,0,ZKU,M0ZKU,Call Sign,Amateur Full Radio Licence,Available,N
M,0,ZKV,M0ZKV,Call Sign,Amateur Full Radio Licence,Available,N
M,0,ZKW,M0ZKW,Call Sign,Amateur Full Radio Licence,Available,N
M,0,ZKY,M0ZKY,Call Sign,Amateur Full Radio Licence,Available,N
M,0,ZKZ,M0ZKZ,Call Sign,Amateur Full Radio Licence,Available,N
M,0,ZLA,M0ZLA,Call Sign,Amateur Full Radio Licence,Available,N
M,0,ZLC,M0ZLC,Call Sign,Amateur Full Radio Licence,Available,N
M,0,ZLD,M0ZLD,Call Sign,Amateur Full Radio Licence,Available,N
M,0,ZLG,M0ZLG,Call Sign,Amateur Full Radio Licence,Available,N
M,0,ZLH,M0ZLH,Call Sign,Amateur Full Radio Licence,Available,N
M,0,ZLJ,M0ZLJ,Call Sign,Amateur Full Radio Licence,Available,N
M,0,ZLL,M0ZLL,Call Sign,Amateur Full Radio Licence,Available,N
M,0,ZLM,M0ZLM,Call Sign,Amateur Full Radio Licence,Available,N
M,0,ZLN,M0ZLN,Call Sign,Amateur Full Radio Licence,Available,N
M,0,ZLO,M0ZLO,Call Sign,Amateur Full Radio Licence,Available,N
M,0,ZLP,M0ZLP,Call Sign,Amateur Full Radio Licence,Available,N
M,0,ZLQ,M0ZLQ,Call Sign,Amateur Full Radio Licence,Available,N
M,0,ZLS,M0ZLS,Call Sign,Amateur Full Radio Licence,Available,N
M,0,ZLT,M0ZLT,Call Sign,Amateur Full Radio Licence,Available,N
M,0,ZLU,M0ZLU,Call Sign,Amateur Full Radio Licence,Available,N
M,0,ZLV,M0ZLV,Call Sign,Amateur Full Radio Licence,Available,N
M,0,ZLX,M0ZLX,Call Sign,Amateur Full Radio Licence,Available,N
M,0,ZLY,M0ZLY,Call Sign,Amateur Full Radio Licence,Available,N
M,0,ZLZ,M0ZLZ,Call Sign,Amateur Full Radio Licence,Available,N
M,0,ZMA,M0ZMA,Call Sign,Amateur Full Radio Licence,Available,N
M,0,ZMC,M0ZMC,Call Sign,Amateur Full Radio Licence,Available,N
M,0,ZMD,M0ZMD,Call Sign,Amateur Full Radio Licence,Available,N
M,0,ZME,M0ZME,Call Sign,Amateur Full Radio Licence,Available,N
M,0,ZMG,M0ZMG,Call Sign,Amateur Full Radio Licence,Available,N
M,0,ZMH,M0ZMH,Call Sign,Amateur Full Radio Licence,Available,N
M,0,ZMI,M0ZMI,Call Sign,Amateur Full Radio Licence,Available,N
M,0,ZMJ,M0ZMJ,Call Sign,Amateur Full Radio Licence,Available,N
M,0,ZMK,M0ZMK,Call Sign,Amateur Full Radio Licence,Available,N
M,0,ZML,M0ZML,Call Sign,Amateur Full Radio Licence,Available,N
M,0,ZMN,M0ZMN,Call Sign,Amateur Full Radio Licence,Available,N
M,0,ZMP,M0ZMP,Call Sign,Amateur Full Radio Licence,Available,N
M,0,ZMQ,M0ZMQ,Call Sign,Amateur Full Radio Licence,Available,N
M,0,ZMR,M0ZMR,Call Sign,Amateur Full Radio Licence,Available,N
M,0,ZMU,M0ZMU,Call Sign,Amateur Full Radio Licence,Available,N
M,0,ZMV,M0ZMV,Call Sign,Amateur Full Radio Licence,Available,N
M,0,ZMW,M0ZMW,Call Sign,Amateur Full Radio Licence,Available,N
M,0,ZMY,M0ZMY,Call Sign,Amateur Full Radio Licence,Available,N
M,0,ZMZ,M0ZMZ,Call Sign,Amateur Full Radio Licence,Available,N
M,0,ZNA,M0ZNA,Call Sign,Amateur Full Radio Licence,Available,N
M,0,ZNB,M0ZNB,Call Sign,Amateur Full Radio Licence,Available,N
M,0,ZNC,M0ZNC,Call Sign,Amateur Full Radio Licence,Available,N
M,0,ZND,M0ZND,Call Sign,Amateur Full Radio Licence,Available,N
M,0,ZNE,M0ZNE,Call Sign,Amateur Full Radio Licence,Available,N
M,0,ZNF,M0ZNF,Call Sign,Amateur Full Radio Licence,Available,N
M,0,ZNG,M0ZNG,Call Sign,Amateur Full Radio Licence,Available,N
M,0,ZNI,M0ZNI,Call Sign,Amateur Full Radio Licence,Available,N
M,0,ZNJ,M0ZNJ,Call Sign,Amateur Full Radio Licence,Available,N
M,0,ZNK,M0ZNK,Call Sign,Amateur Full Radio Licence,Available,N
M,0,ZNL,M0ZNL,Call Sign,Amateur Full Radio Licence,Available,N
M,0,ZNM,M0ZNM,Call Sign,Amateur Full Radio Licence,Available,N
M,0,ZNN,M0ZNN,Call Sign,Amateur Full Radio Licence,Available,N
M,0,ZNO,M0ZNO,Call Sign,Amateur Full Radio Licence,Available,N
M,0,ZNQ,M0ZNQ,Call Sign,Amateur Full Radio Licence,Available,N
M,0,ZNR,M0ZNR,Call Sign,Amateur Full Radio Licence,Available,N
M,0,ZNS,M0ZNS,Call Sign,Amateur Full Radio Licence,Available,N
M,0,ZNT,M0ZNT,Call Sign,Amateur Full Radio Licence,Available,N
M,0,ZNU,M0ZNU,Call Sign,Amateur Full Radio Licence,Available,N
M,0,ZNV,M0ZNV,Call Sign,Amateur Full Radio Licence,Available,N
M,0,ZNW,M0ZNW,Call Sign,Amateur Full Radio Licence,Available,N
M,0,ZNX,M0ZNX,Call Sign,Amateur Full Radio Licence,Available,N
M,0,ZNY,M0ZNY,Call Sign,Amateur Full Radio Licence,Available,N
M,0,ZOB,M0ZOB,Call Sign,Amateur Full Radio Licence,Available,N
M,0,ZOF,M0ZOF,Call Sign,Amateur Full Radio Licence,Available,N
M,0,ZOH,M0ZOH,Call Sign,Amateur Full Radio Licence,Available,N
M,0,ZOI,M0ZOI,Call Sign,Amateur Full Radio Licence,Available,N
M,0,ZOJ,M0ZOJ,Call Sign,Amateur Full Radio Licence,Available,N
M,0,ZOK,M0ZOK,Call Sign,Amateur Full Radio Licence,Available,N
M,0,ZON,M0ZON,Call Sign,Amateur Full Radio Licence,Available,N
M,0,ZOQ,M0ZOQ,Call Sign,Amateur Full Radio Licence,Available,N
M,0,ZOT,M0ZOT,Call Sign,Amateur Full Radio Licence,Available,N
M,0,ZOU,M0ZOU,Call Sign,Amateur Full Radio Licence,Available,N
M,0,ZOW,M0ZOW,Call Sign,Amateur Full Radio Licence,Available,N
M,0,ZOX,M0ZOX,Call Sign,Amateur Full Radio Licence,Available,N
M,0,ZOY,M0ZOY,Call Sign,Amateur Full Radio Licence,Available,N
M,0,ZOZ,M0ZOZ,Call Sign,Amateur Full Radio Licence,Available,N
M,0,ZPB,M0ZPB,Call Sign,Amateur Full Radio Licence,Available,N
M,0,ZPC,M0ZPC,Call Sign,Amateur Full Radio Licence,Available,N
M,0,ZPE,M0ZPE,Call Sign,Amateur Full Radio Licence,Available,N
M,0,ZPF,M0ZPF,Call Sign,Amateur Full Radio Licence,Available,N
M,0,ZPH,M0ZPH,Call Sign,Amateur Full Radio Licence,Available,N
M,0,ZPI,M0ZPI,Call Sign,Amateur Full Radio Licence,Available,N
M,0,ZPJ,M0ZPJ,Call Sign,Amateur Full Radio Licence,Available,N
M,0,ZPL,M0ZPL,Call Sign,Amateur Full Radio Licence,Available,N
M,0,ZPO,M0ZPO,Call Sign,Amateur Full Radio Licence,Available,N
M,0,ZPP,M0ZPP,Call Sign,Amateur Full Radio Licence,Available,N
M,0,ZPQ,M0ZPQ,Call Sign,Amateur Full Radio Licence,Available,N
M,0,ZPR,M0ZPR,Call Sign,Amateur Full Radio Licence,Available,N
M,0,ZPS,M0ZPS,Call Sign,Amateur Full Radio Licence,Available,N
M,0,ZPT,M0ZPT,Call Sign,Amateur Full Radio Licence,Available,N
M,0,ZPV,M0ZPV,Call Sign,Amateur Full Radio Licence,Available,N
M,0,ZPW,M0ZPW,Call Sign,Amateur Full Radio Licence,Available,N
M,0,ZPX,M0ZPX,Call Sign,Amateur Full Radio Licence,Available,N
M,0,ZPY,M0ZPY,Call Sign,Amateur Full Radio Licence,Available,N
M,0,ZQA,M0ZQA,Call Sign,Amateur Full Radio Licence,Available,N
M,0,ZQB,M0ZQB,Call Sign,Amateur Full Radio Licence,Available,N
M,0,ZQC,M0ZQC,Call Sign,Amateur Full Radio Licence,Available,N
M,0,ZQD,M0ZQD,Call Sign,Amateur Full Radio Licence,Available,N
M,0,ZQE,M0ZQE,Call Sign,Amateur Full Radio Licence,Available,N
M,0,ZQF,M0ZQF,Call Sign,Amateur Full Radio Licence,Available,N
M,0,ZQG,M0ZQG,Call Sign,Amateur Full Radio Licence,Available,N
M,0,ZQH,M0ZQH,Call Sign,Amateur Full Radio Licence,Available,N
M,0,ZQJ,M0ZQJ,Call Sign,Amateur Full Radio Licence,Available,N
M,0,ZQK,M0ZQK,Call Sign,Amateur Full Radio Licence,Available,N
M,0,ZQL,M0ZQL,Call Sign,Amateur Full Radio Licence,Available,N
M,0,ZQM,M0ZQM,Call Sign,Amateur Full Radio Licence,Available,N
M,0,ZQN,M0ZQN,Call Sign,Amateur Full Radio Licence,Available,N
M,0,ZQO,M0ZQO,Call Sign,Amateur Full Radio Licence,Available,N
M,0,ZQP,M0ZQP,Call Sign,Amateur Full Radio Licence,Available,N
M,0,ZQQ,M0ZQQ,Call Sign,Amateur Full Radio Licence,Available,N
M,0,ZQS,M0ZQS,Call Sign,Amateur Full Radio Licence,Available,N
M,0,ZQT,M0ZQT,Call Sign,Amateur Full Radio Licence,Available,N
M,0,ZQU,M0ZQU,Call Sign,Amateur Full Radio Licence,Available,N
M,0,ZQV,M0ZQV,Call Sign,Amateur Full Radio Licence,Available,N
M,0,ZQW,M0ZQW,Call Sign,Amateur Full Radio Licence,Available,N
M,0,ZQX,M0ZQX,Call Sign,Amateur Full Radio Licence,Available,N
M,0,ZQY,M0ZQY,Call Sign,Amateur Full Radio Licence,Available,N
M,0,ZQZ,M0ZQZ,Call Sign,Amateur Full Radio Licence,Available,N
M,0,ZRB,M0ZRB,Call Sign,Amateur Full Radio Licence,Available,N
M,0,ZRC,M0ZRC,Call Sign,Amateur Full Radio Licence,Available,N
M,0,ZRD,M0ZRD,Call Sign,Amateur Full Radio Licence,Available,N
M,0,ZRE,M0ZRE,Call Sign,Amateur Full Radio Licence,Available,N
M,0,ZRG,M0ZRG,Call Sign,Amateur Full Radio Licence,Available,N
M,0,ZRH,M0ZRH,Call Sign,Amateur Full Radio Licence,Available,N
M,0,ZRI,M0ZRI,Call Sign,Amateur Full Radio Licence,Available,N
M,0,ZRJ,M0ZRJ,Call Sign,Amateur Full Radio Licence,Available,N
M,0,ZRK,M0ZRK,Call Sign,Amateur Full Radio Licence,Available,N
M,0,ZRL,M0ZRL,Call Sign,Amateur Full Radio Licence,Available,N
M,0,ZRM,M0ZRM,Call Sign,Amateur Full Radio Licence,Available,N
M,0,ZRO,M0ZRO,Call Sign,Amateur Full Radio Licence,Available,N
M,0,ZRP,M0ZRP,Call Sign,Amateur Full Radio Licence,Available,N
M,0,ZRR,M0ZRR,Call Sign,Amateur Full Radio Licence,Available,N
M,0,ZRU,M0ZRU,Call Sign,Amateur Full Radio Licence,Available,N
M,0,ZRV,M0ZRV,Call Sign,Amateur Full Radio Licence,Available,N
M,0,ZRW,M0ZRW,Call Sign,Amateur Full Radio Licence,Available,N
M,0,ZRX,M0ZRX,Call Sign,Amateur Full Radio Licence,Available,N
M,0,ZRY,M0ZRY,Call Sign,Amateur Full Radio Licence,Available,N
M,0,ZRZ,M0ZRZ,Call Sign,Amateur Full Radio Licence,Available,N
M,0,ZSB,M0ZSB,Call Sign,Amateur Full Radio Licence,Available,N
M,0,ZSE,M0ZSE,Call Sign,Amateur Full Radio Licence,Available,N
M,0,ZSF,M0ZSF,Call Sign,Amateur Full Radio Licence,Available,N
M,0,ZSG,M0ZSG,Call Sign,Amateur Full Radio Licence,Available,N
M,0,ZSH,M0ZSH,Call Sign,Amateur Full Radio Licence,Available,N
M,0,ZSI,M0ZSI,Call Sign,Amateur Full Radio Licence,Available,N
M,0,ZSL,M0ZSL,Call Sign,Amateur Full Radio Licence,Available,N
M,0,ZSN,M0ZSN,Call Sign,Amateur Full Radio Licence,Available,N
M,0,ZSO,M0ZSO,Call Sign,Amateur Full Radio Licence,Available,N
M,0,ZSQ,M0ZSQ,Call Sign,Amateur Full Radio Licence,Available,N
M,0,ZSR,M0ZSR,Call Sign,Amateur Full Radio Licence,Available,N
M,0,ZSS,M0ZSS,Call Sign,Amateur Full Radio Licence,Available,N
M,0,ZST,M0ZST,Call Sign,Amateur Full Radio Licence,Available,N
M,0,ZSV,M0ZSV,Call Sign,Amateur Full Radio Licence,Available,N
M,0,ZSW,M0ZSW,Call Sign,Amateur Full Radio Licence,Available,N
M,0,ZSX,M0ZSX,Call Sign,Amateur Full Radio Licence,Available,N
M,0,ZSY,M0ZSY,Call Sign,Amateur Full Radio Licence,Available,N
M,0,ZTA,M0ZTA,Call Sign,Amateur Full Radio Licence,Available,N
M,0,ZTB,M0ZTB,Call Sign,Amateur Full Radio Licence,Available,N
M,0,ZTC,M0ZTC,Call Sign,Amateur Full Radio Licence,Available,N
M,0,ZTE,M0ZTE,Call Sign,Amateur Full Radio Licence,Available,N
M,0,ZTF,M0ZTF,Call Sign,Amateur Full Radio Licence,Available,N
M,0,ZTH,M0ZTH,Call Sign,Amateur Full Radio Licence,Available,N
M,0,ZTI,M0ZTI,Call Sign,Amateur Full Radio Licence,Available,N
M,0,ZTJ,M0ZTJ,Call Sign,Amateur Full Radio Licence,Available,N
M,0,ZTK,M0ZTK,Call Sign,Amateur Full Radio Licence,Available,N
M,0,ZTL,M0ZTL,Call Sign,Amateur Full Radio Licence,Available,N
M,0,ZTM,M0ZTM,Call Sign,Amateur Full Radio Licence,Available,N
M,0,ZTN,M0ZTN,Call Sign,Amateur Full Radio Licence,Available,N
M,0,ZTO,M0ZTO,Call Sign,Amateur Full Radio Licence,Available,N
M,0,ZTQ,M0ZTQ,Call Sign,Amateur Full Radio Licence,Available,N
M,0,ZTR,M0ZTR,Call Sign,Amateur Full Radio Licence,Available,N
M,0,ZTS,M0ZTS,Call Sign,Amateur Full Radio Licence,Available,N
M,0,ZTU,M0ZTU,Call Sign,Amateur Full Radio Licence,Available,N
M,0,ZTV,M0ZTV,Call Sign,Amateur Full Radio Licence,Available,N
M,0,ZTW,M0ZTW,Call Sign,Amateur Full Radio Licence,Available,N
M,0,ZTY,M0ZTY,Call Sign,Amateur Full Radio Licence,Available,N
M,0,ZTZ,M0ZTZ,Call Sign,Amateur Full Radio Licence,Available,N
M,0,ZUA,M0ZUA,Call Sign,Amateur Full Radio Licence,Available,N
M,0,ZUB,M0ZUB,Call Sign,Amateur Full Radio Licence,Available,N
M,0,ZUC,M0ZUC,Call Sign,Amateur Full Radio Licence,Available,N
M,0,ZUD,M0ZUD,Call Sign,Amateur Full Radio Licence,Available,N
M,0,ZUE,M0ZUE,Call Sign,Amateur Full Radio Licence,Available,N
M,0,ZUG,M0ZUG,Call Sign,Amateur Full Radio Licence,Available,N
M,0,ZUH,M0ZUH,Call Sign,Amateur Full Radio Licence,Available,N
M,0,ZUJ,M0ZUJ,Call Sign,Amateur Full Radio Licence,Available,N
M,0,ZUK,M0ZUK,Call Sign,Amateur Full Radio Licence,Available,N
M,0,ZUL,M0ZUL,Call Sign,Amateur Full Radio Licence,Available,N
M,0,ZUM,M0ZUM,Call Sign,Amateur Full Radio Licence,Available,N
M,0,ZUO,M0ZUO,Call Sign,Amateur Full Radio Licence,Available,N
M,0,ZUP,M0ZUP,Call Sign,Amateur Full Radio Licence,Available,N
M,0,ZUQ,M0ZUQ,Call Sign,Amateur Full Radio Licence,Available,N
M,0,ZUR,M0ZUR,Call Sign,Amateur Full Radio Licence,Available,N
M,0,ZUT,M0ZUT,Call Sign,Amateur Full Radio Licence,Available,N
M,0,ZUV,M0ZUV,Call Sign,Amateur Full Radio Licence,Available,N
M,0,ZUW,M0ZUW,Call Sign,Amateur Full Radio Licence,Available,N
M,0,ZUX,M0ZUX,Call Sign,Amateur Full Radio Licence,Available,N
M,0,ZUY,M0ZUY,Call Sign,Amateur Full Radio Licence,Available,N
M,0,ZUZ,M0ZUZ,Call Sign,Amateur Full Radio Licence,Available,N
M,0,ZVA,M0ZVA,Call Sign,Amateur Full Radio Licence,Available,N
M,0,ZVC,M0ZVC,Call Sign,Amateur Full Radio Licence,Available,N
M,0,ZVD,M0ZVD,Call Sign,Amateur Full Radio Licence,Available,N
M,0,ZVE,M0ZVE,Call Sign,Amateur Full Radio Licence,Available,N
M,0,ZVG,M0ZVG,Call Sign,Amateur Full Radio Licence,Available,N
M,0,ZVH,M0ZVH,Call Sign,Amateur Full Radio Licence,Available,N
M,0,ZVI,M0ZVI,Call Sign,Amateur Full Radio Licence,Available,N
M,0,ZVJ,M0ZVJ,Call Sign,Amateur Full Radio Licence,Available,N
M,0,ZVK,M0ZVK,Call Sign,Amateur Full Radio Licence,Available,N
M,0,ZVL,M0ZVL,Call Sign,Amateur Full Radio Licence,Available,N
M,0,ZVM,M0ZVM,Call Sign,Amateur Full Radio Licence,Available,N
M,0,ZVN,M0ZVN,Call Sign,Amateur Full Radio Licence,Available,N
M,0,ZVO,M0ZVO,Call Sign,Amateur Full Radio Licence,Available,N
M,0,ZVP,M0ZVP,Call Sign,Amateur Full Radio Licence,Available,N
M,0,ZVQ,M0ZVQ,Call Sign,Amateur Full Radio Licence,Available,N
M,0,ZVS,M0ZVS,Call Sign,Amateur Full Radio Licence,Available,N
M,0,ZVT,M0ZVT,Call Sign,Amateur Full Radio Licence,Available,N
M,0,ZVU,M0ZVU,Call Sign,Amateur Full Radio Licence,Available,N
M,0,ZVW,M0ZVW,Call Sign,Amateur Full Radio Licence,Available,N
M,0,ZVY,M0ZVY,Call Sign,Amateur Full Radio Licence,Available,N
M,0,ZVZ,M0ZVZ,Call Sign,Amateur Full Radio Licence,Available,N
M,0,ZWA,M0ZWA,Call Sign,Amateur Full Radio Licence,Available,N
M,0,ZWB,M0ZWB,Call Sign,Amateur Full Radio Licence,Available,N
M,0,ZWC,M0ZWC,Call Sign,Amateur Full Radio Licence,Available,N
M,0,ZWD,M0ZWD,Call Sign,Amateur Full Radio Licence,Available,N
M,0,ZWF,M0ZWF,Call Sign,Amateur Full Radio Licence,Available,N
M,0,ZWG,M0ZWG,Call Sign,Amateur Full Radio Licence,Available,N
M,0,ZWH,M0ZWH,Call Sign,Amateur Full Radio Licence,Available,N
M,0,ZWI,M0ZWI,Call Sign,Amateur Full Radio Licence,Available,N
M,0,ZWJ,M0ZWJ,Call Sign,Amateur Full Radio Licence,Available,N
M,0,ZWK,M0ZWK,Call Sign,Amateur Full Radio Licence,Available,N
M,0,ZWL,M0ZWL,Call Sign,Amateur Full Radio Licence,Available,N
M,0,ZWM,M0ZWM,Call Sign,Amateur Full Radio Licence,Available,N
M,0,ZWN,M0ZWN,Call Sign,Amateur Full Radio Licence,Available,N
M,0,ZWO,M0ZWO,Call Sign,Amateur Full Radio Licence,Available,N
M,0,ZWP,M0ZWP,Call Sign,Amateur Full Radio Licence,Available,N
M,0,ZWQ,M0ZWQ,Call Sign,Amateur Full Radio Licence,Available,N
M,0,ZWS,M0ZWS,Call Sign,Amateur Full Radio Licence,Available,N
M,0,ZWT,M0ZWT,Call Sign,Amateur Full Radio Licence,Available,N
M,0,ZWU,M0ZWU,Call Sign,Amateur Full Radio Licence,Available,N
M,0,ZWV,M0ZWV,Call Sign,Amateur Full Radio Licence,Available,N
M,0,ZWX,M0ZWX,Call Sign,Amateur Full Radio Licence,Available,N
M,0,ZWY,M0ZWY,Call Sign,Amateur Full Radio Licence,Available,N
M,0,ZWZ,M0ZWZ,Call Sign,Amateur Full Radio Licence,Available,N
M,0,ZXB,M0ZXB,Call Sign,Amateur Full Radio Licence,Available,N
M,0,ZXC,M0ZXC,Call Sign,Amateur Full Radio Licence,Available,N
M,0,ZXD,M0ZXD,Call Sign,Amateur Full Radio Licence,Available,N
M,0,ZXE,M0ZXE,Call Sign,Amateur Full Radio Licence,Available,N
M,0,ZXF,M0ZXF,Call Sign,Amateur Full Radio Licence,Available,N
M,0,ZXH,M0ZXH,Call Sign,Amateur Full Radio Licence,Available,N
M,0,ZXK,M0ZXK,Call Sign,Amateur Full Radio Licence,Available,N
M,0,ZXL,M0ZXL,Call Sign,Amateur Full Radio Licence,Available,N
M,0,ZXM,M0ZXM,Call Sign,Amateur Full Radio Licence,Available,N
M,0,ZXN,M0ZXN,Call Sign,Amateur Full Radio Licence,Available,N
M,0,ZXR,M0ZXR,Call Sign,Amateur Full Radio Licence,Available,N
M,0,ZXS,M0ZXS,Call Sign,Amateur Full Radio Licence,Available,N
M,0,ZXU,M0ZXU,Call Sign,Amateur Full Radio Licence,Available,N
M,0,ZXV,M0ZXV,Call Sign,Amateur Full Radio Licence,Available,N
M,0,ZXW,M0ZXW,Call Sign,Amateur Full Radio Licence,Available,N
M,0,ZXX,M0ZXX,Call Sign,Amateur Full Radio Licence,Available,N
M,0,ZXY,M0ZXY,Call Sign,Amateur Full Radio Licence,Available,N
M,0,ZYA,M0ZYA,Call Sign,Amateur Full Radio Licence,Available,N
M,0,ZYB,M0ZYB,Call Sign,Amateur Full Radio Licence,Available,N
M,0,ZYC,M0ZYC,Call Sign,Amateur Full Radio Licence,Available,N
M,0,ZYE,M0ZYE,Call Sign,Amateur Full Radio Licence,Available,N
M,0,ZYG,M0ZYG,Call Sign,Amateur Full Radio Licence,Available,N
M,0,ZYH,M0ZYH,Call Sign,Amateur Full Radio Licence,Available,N
M,0,ZYI,M0ZYI,Call Sign,Amateur Full Radio Licence,Available,N
M,0,ZYJ,M0ZYJ,Call Sign,Amateur Full Radio Licence,Available,N
M,0,ZYK,M0ZYK,Call Sign,Amateur Full Radio Licence,Available,N
M,0,ZYL,M0ZYL,Call Sign,Amateur Full Radio Licence,Available,N
M,0,ZYM,M0ZYM,Call Sign,Amateur Full Radio Licence,Available,N
M,0,ZYN,M0ZYN,Call Sign,Amateur Full Radio Licence,Available,N
M,0,ZYO,M0ZYO,Call Sign,Amateur Full Radio Licence,Available,N
M,0,ZYP,M0ZYP,Call Sign,Amateur Full Radio Licence,Available,N
M,0,ZYQ,M0ZYQ,Call Sign,Amateur Full Radio Licence,Available,N
M,0,ZYR,M0ZYR,Call Sign,Amateur Full Radio Licence,Available,N
M,0,ZYS,M0ZYS,Call Sign,Amateur Full Radio Licence,Available,N
M,0,ZYU,M0ZYU,Call Sign,Amateur Full Radio Licence,Available,N
M,0,ZYV,M0ZYV,Call Sign,Amateur Full Radio Licence,Available,N
M,0,ZYW,M0ZYW,Call Sign,Amateur Full Radio Licence,Available,N
M,0,ZYX,M0ZYX,Call Sign,Amateur Full Radio Licence,Available,N
M,0,ZYY,M0ZYY,Call Sign,Amateur Full Radio Licence,Available,N
M,0,ZZB,M0ZZB,Call Sign,Amateur Full Radio Licence,Available,N
M,0,ZZC,M0ZZC,Call Sign,Amateur Full Radio Licence,Available,N
M,0,ZZE,M0ZZE,Call Sign,Amateur Full Radio Licence,Available,N
M,0,ZZF,M0ZZF,Call Sign,Amateur Full Radio Licence,Available,N
M,0,ZZG,M0ZZG,Call Sign,Amateur Full Radio Licence,Available,N
M,0,ZZH,M0ZZH,Call Sign,Amateur Full Radio Licence,Available,N
M,0,ZZJ,M0ZZJ,Call Sign,Amateur Full Radio Licence,Available,N
M,0,ZZL,M0ZZL,Call Sign,Amateur Full Radio Licence,Available,N
M,0,ZZN,M0ZZN,Call Sign,Amateur Full Radio Licence,Available,N
M,0,ZZP,M0ZZP,Call Sign,Amateur Full Radio Licence,Available,N
M,0,ZZQ,M0ZZQ,Call Sign,Amateur Full Radio Licence,Available,N
M,0,ZZS,M0ZZS,Call Sign,Amateur Full Radio Licence,Available,N
M,0,ZZU,M0ZZU,Call Sign,Amateur Full Radio Licence,Available,N
M,0,ZZV,M0ZZV,Call Sign,Amateur Full Radio Licence,Available,N
M,0,ZZW,M0ZZW,Call Sign,Amateur Full Radio Licence,Available,N
G,1,BZG,BZG,Call Sign,Amateur Full Radio Licence,Available,N
G,,1,BZG,Call Sign,Amateur Full Radio Licence,Available,N
GB,G,1,SCB,Call Sign,Amateur Full Radio Licence,Available,N
G,4,XDT,G4XDT,Call Sign,Amateur Full Radio Licence,Available,N
G,4,SOY,G4SOY,Call Sign,Amateur Full Radio Licence,Available,N
U,,8,UGZ,Call Sign,Amateur Full Radio Licence,Available,N
G,0,NWI,G0NWI,Call Sign,Amateur Full Radio Licence,Available,N
G,4,ZYT,G4ZYT,Call Sign,Amateur Full Radio Licence,Available,N
M,0,IJD,M0IJD,Call Sign,Amateur Full Radio Licence,Available,N
