Country,Current Series,Reference,Value,Type,Product,Status
2,0,DQF,20DQF,Call Sign,Amateur Intermediate Radio Licence,Available
2,0,DQG,20DQG,Call Sign,Amateur Intermediate Radio Licence,Available
2,0,DQH,20DQH,Call Sign,Amateur Intermediate Radio Licence,Available
2,0,DQI,20DQI,Call Sign,Amateur Intermediate Radio Licence,Available
2,0,DQJ,20DQJ,Call Sign,Amateur Intermediate Radio Licence,Available
2,0,DQK,20DQK,Call Sign,Amateur Intermediate Radio Licence,Available
2,0,DQL,20DQL,Call Sign,Amateur Intermediate Radio Licence,Available
2,0,DQM,20DQM,Call Sign,Amateur Intermediate Radio Licence,Available
2,0,DQN,20DQN,Call Sign,Amateur Intermediate Radio Licence,Available
2,0,DQO,20DQO,Call Sign,Amateur Intermediate Radio Licence,Available
2,0,DQQ,20DQQ,Call Sign,Amateur Intermediate Radio Licence,Available
2,0,DQT,20DQT,Call Sign,Amateur Intermediate Radio Licence,Available
2,0,DQU,20DQU,Call Sign,Amateur Intermediate Radio Licence,Available
2,0,DQV,20DQV,Call Sign,Amateur Intermediate Radio Licence,Available
2,0,DQW,20DQW,Call Sign,Amateur Intermediate Radio Licence,Available
2,0,DQX,20DQX,Call Sign,Amateur Intermediate Radio Licence,Available
2,0,DQZ,20DQZ,Call Sign,Amateur Intermediate Radio Licence,Available
2,0,DRI,20DRI,Call Sign,Amateur Intermediate Radio Licence,Available
2,0,DRJ,20DRJ,Call Sign,Amateur Intermediate Radio Licence,Available
2,0,DRL,20DRL,Call Sign,Amateur Intermediate Radio Licence,Available
2,0,DSD,20DSD,Call Sign,Amateur Intermediate Radio Licence,Available
2,0,DSQ,20DSQ,Call Sign,Amateur Intermediate Radio Licence,Available
2,0,DSU,20DSU,Call Sign,Amateur Intermediate Radio Licence,Available
2,0,DSV,20DSV,Call Sign,Amateur Intermediate Radio Licence,Available
2,0,DSX,20DSX,Call Sign,Amateur Intermediate Radio Licence,Available
2,0,DSY,20DSY,Call Sign,Amateur Intermediate Radio Licence,Available
2,0,DSZ,20DSZ,Call Sign,Amateur Intermediate Radio Licence,Available
2,0,DTF,20DTF,Call Sign,Amateur Intermediate Radio Licence,Available
2,0,DTJ,20DTJ,Call Sign,Amateur Intermediate Radio Licence,Available
2,0,DTP,20DTP,Call Sign,Amateur Intermediate Radio Licence,Available
2,0,DTQ,20DTQ,Call Sign,Amateur Intermediate Radio Licence,Available
2,0,DTS,20DTS,Call Sign,Amateur Intermediate Radio Licence,Available
2,0,DTU,20DTU,Call Sign,Amateur Intermediate Radio Licence,Available
2,0,DTY,20DTY,Call Sign,Amateur Intermediate Radio Licence,Available
2,0,DUA,20DUA,Call Sign,Amateur Intermediate Radio Licence,Available
2,0,DUE,20DUE,Call Sign,Amateur Intermediate Radio Licence,Available
2,0,DUF,20DUF,Call Sign,Amateur Intermediate Radio Licence,Available
2,0,DUH,20DUH,Call Sign,Amateur Intermediate Radio Licence,Available
2,0,DUI,20DUI,Call Sign,Amateur Intermediate Radio Licence,Available
2,0,DUJ,20DUJ,Call Sign,Amateur Intermediate Radio Licence,Available
2,0,DUM,20DUM,Call Sign,Amateur Intermediate Radio Licence,Available
2,0,DUP,20DUP,Call Sign,Amateur Intermediate Radio Licence,Available
2,0,DUQ,20DUQ,Call Sign,Amateur Intermediate Radio Licence,Available
2,0,DUS,20DUS,Call Sign,Amateur Intermediate Radio Licence,Available
2,0,DUT,20DUT,Call Sign,Amateur Intermediate Radio Licence,Available
2,0,DUU,20DUU,Call Sign,Amateur Intermediate Radio Licence,Available
2,0,DUV,20DUV,Call Sign,Amateur Intermediate Radio Licence,Available
2,0,DUW,20DUW,Call Sign,Amateur Intermediate Radio Licence,Available
2,0,DUX,20DUX,Call Sign,Amateur Intermediate Radio Licence,Available
2,0,DUY,20DUY,Call Sign,Amateur Intermediate Radio Licence,Available
2,0,DUZ,20DUZ,Call Sign,Amateur Intermediate Radio Licence,Available
2,0,DVF,20DVF,Call Sign,Amateur Intermediate Radio Licence,Available
2,0,DVI,20DVI,Call Sign,Amateur Intermediate Radio Licence,Available
2,0,DVJ,20DVJ,Call Sign,Amateur Intermediate Radio Licence,Available
2,0,DVM,20DVM,Call Sign,Amateur Intermediate Radio Licence,Available
2,0,DVO,20DVO,Call Sign,Amateur Intermediate Radio Licence,Available
2,0,DVQ,20DVQ,Call Sign,Amateur Intermediate Radio Licence,Available
2,0,DVR,20DVR,Call Sign,Amateur Intermediate Radio Licence,Available
2,0,DVS,20DVS,Call Sign,Amateur Intermediate Radio Licence,Available
2,0,DVT,20DVT,Call Sign,Amateur Intermediate Radio Licence,Available
2,0,DVU,20DVU,Call Sign,Amateur Intermediate Radio Licence,Available
2,0,DVV,20DVV,Call Sign,Amateur Intermediate Radio Licence,Available
2,0,DVW,20DVW,Call Sign,Amateur Intermediate Radio Licence,Available
2,0,DVY,20DVY,Call Sign,Amateur Intermediate Radio Licence,Available
2,0,DVZ,20DVZ,Call Sign,Amateur Intermediate Radio Licence,Available
2,0,DWD,20DWD,Call Sign,Amateur Intermediate Radio Licence,Available
2,0,DWE,20DWE,Call Sign,Amateur Intermediate Radio Licence,Available
2,0,DWF,20DWF,Call Sign,Amateur Intermediate Radio Licence,Available
2,0,DWG,20DWG,Call Sign,Amateur Intermediate Radio Licence,Available
2,0,DWH,20DWH,Call Sign,Amateur Intermediate Radio Licence,Available
2,0,DWK,20DWK,Call Sign,Amateur Intermediate Radio Licence,Available
2,0,DWO,20DWO,Call Sign,Amateur Intermediate Radio Licence,Available
2,0,DWQ,20DWQ,Call Sign,Amateur Intermediate Radio Licence,Available
2,0,DWU,20DWU,Call Sign,Amateur Intermediate Radio Licence,Available
2,0,DWV,20DWV,Call Sign,Amateur Intermediate Radio Licence,Available
2,0,DWW,20DWW,Call Sign,Amateur Intermediate Radio Licence,Available
2,0,DXE,20DXE,Call Sign,Amateur Intermediate Radio Licence,Available
2,0,DXH,20DXH,Call Sign,Amateur Intermediate Radio Licence,Available
2,0,DXJ,20DXJ,Call Sign,Amateur Intermediate Radio Licence,Available
2,0,DXK,20DXK,Call Sign,Amateur Intermediate Radio Licence,Available
2,0,DXL,20DXL,Call Sign,Amateur Intermediate Radio Licence,Available
2,0,DXQ,20DXQ,Call Sign,Amateur Intermediate Radio Licence,Available
2,0,DXS,20DXS,Call Sign,Amateur Intermediate Radio Licence,Available
2,0,DXW,20DXW,Call Sign,Amateur Intermediate Radio Licence,Available
2,0,DXZ,20DXZ,Call Sign,Amateur Intermediate Radio Licence,Available
2,0,DYA,20DYA,Call Sign,Amateur Intermediate Radio Licence,Available
2,0,DYE,20DYE,Call Sign,Amateur Intermediate Radio Licence,Available
2,0,DYF,20DYF,Call Sign,Amateur Intermediate Radio Licence,Available
2,0,DYG,20DYG,Call Sign,Amateur Intermediate Radio Licence,Available
2,0,DYH,20DYH,Call Sign,Amateur Intermediate Radio Licence,Available
2,0,DYI,20DYI,Call Sign,Amateur Intermediate Radio Licence,Available
2,0,DYJ,20DYJ,Call Sign,Amateur Intermediate Radio Licence,Available
2,0,DYK,20DYK,Call Sign,Amateur Intermediate Radio Licence,Available
2,0,DYL,20DYL,Call Sign,Amateur Intermediate Radio Licence,Available
2,0,DYN,20DYN,Call Sign,Amateur Intermediate Radio Licence,Available
2,0,DYO,20DYO,Call Sign,Amateur Intermediate Radio Licence,Available
2,0,DYP,20DYP,Call Sign,Amateur Intermediate Radio Licence,Available
2,0,DYQ,20DYQ,Call Sign,Amateur Intermediate Radio Licence,Available
2,0,DYR,20DYR,Call Sign,Amateur Intermediate Radio Licence,Available
2,0,DYS,20DYS,Call Sign,Amateur Intermediate Radio Licence,Available
2,0,DYT,20DYT,Call Sign,Amateur Intermediate Radio Licence,Available
2,0,DYU,20DYU,Call Sign,Amateur Intermediate Radio Licence,Available
2,0,DYV,20DYV,Call Sign,Amateur Intermediate Radio Licence,Available
2,0,DYW,20DYW,Call Sign,Amateur Intermediate Radio Licence,Available
2,0,DYX,20DYX,Call Sign,Amateur Intermediate Radio Licence,Available
2,0,DYY,20DYY,Call Sign,Amateur Intermediate Radio Licence,Available
2,0,DZA,20DZA,Call Sign,Amateur Intermediate Radio Licence,Available
2,0,DZB,20DZB,Call Sign,Amateur Intermediate Radio Licence,Available
2,0,DZC,20DZC,Call Sign,Amateur Intermediate Radio Licence,Available
2,0,DZD,20DZD,Call Sign,Amateur Intermediate Radio Licence,Available
2,0,DZE,20DZE,Call Sign,Amateur Intermediate Radio Licence,Available
2,0,DZF,20DZF,Call Sign,Amateur Intermediate Radio Licence,Available
2,0,DZG,20DZG,Call Sign,Amateur Intermediate Radio Licence,Available
2,0,DZH,20DZH,Call Sign,Amateur Intermediate Radio Licence,Available
2,0,DZI,20DZI,Call Sign,Amateur Intermediate Radio Licence,Available
2,0,DZJ,20DZJ,Call Sign,Amateur Intermediate Radio Licence,Available
2,0,DZK,20DZK,Call Sign,Amateur Intermediate Radio Licence,Available
2,0,DZM,20DZM,Call Sign,Amateur Intermediate Radio Licence,Available
2,0,DZN,20DZN,Call Sign,Amateur Intermediate Radio Licence,Available
2,0,DZO,20DZO,Call Sign,Amateur Intermediate Radio Licence,Available
2,0,DZP,20DZP,Call Sign,Amateur Intermediate Radio Licence,Available
2,0,DZQ,20DZQ,Call Sign,Amateur Intermediate Radio Licence,Available
2,0,DZR,20DZR,Call Sign,Amateur Intermediate Radio Licence,Available
2,0,DZT,20DZT,Call Sign,Amateur Intermediate Radio Licence,Available
2,0,DZW,20DZW,Call Sign,Amateur Intermediate Radio Licence,Available
2,0,DZX,20DZX,Call Sign,Amateur Intermediate Radio Licence,Available
2,0,DZY,20DZY,Call Sign,Amateur Intermediate Radio Licence,Available
2,0,EBH,20EBH,Call Sign,Amateur Intermediate Radio Licence,Available
2,0,EBI,20EBI,Call Sign,Amateur Intermediate Radio Licence,Available
2,0,EBL,20EBL,Call Sign,Amateur Intermediate Radio Licence,Available
2,0,EBP,20EBP,Call Sign,Amateur Intermediate Radio Licence,Available
2,0,EBQ,20EBQ,Call Sign,Amateur Intermediate Radio Licence,Available
2,0,EBU,20EBU,Call Sign,Amateur Intermediate Radio Licence,Available
2,0,EBW,20EBW,Call Sign,Amateur Intermediate Radio Licence,Available
2,0,EBX,20EBX,Call Sign,Amateur Intermediate Radio Licence,Available
2,0,EBY,20EBY,Call Sign,Amateur Intermediate Radio Licence,Available
2,0,EBZ,20EBZ,Call Sign,Amateur Intermediate Radio Licence,Available
2,0,ECB,20ECB,Call Sign,Amateur Intermediate Radio Licence,Available
2,0,ECE,20ECE,Call Sign,Amateur Intermediate Radio Licence,Available
2,0,ECF,20ECF,Call Sign,Amateur Intermediate Radio Licence,Available
2,0,ECH,20ECH,Call Sign,Amateur Intermediate Radio Licence,Available
2,0,ECJ,20ECJ,Call Sign,Amateur Intermediate Radio Licence,Available
2,0,ECP,20ECP,Call Sign,Amateur Intermediate Radio Licence,Available
2,0,ECQ,20ECQ,Call Sign,Amateur Intermediate Radio Licence,Available
2,0,ECT,20ECT,Call Sign,Amateur Intermediate Radio Licence,Available
2,0,ECU,20ECU,Call Sign,Amateur Intermediate Radio Licence,Available
2,0,ECV,20ECV,Call Sign,Amateur Intermediate Radio Licence,Available
2,0,ECX,20ECX,Call Sign,Amateur Intermediate Radio Licence,Available
2,0,ECY,20ECY,Call Sign,Amateur Intermediate Radio Licence,Available
2,0,EDA,20EDA,Call Sign,Amateur Intermediate Radio Licence,Available
2,0,EDB,20EDB,Call Sign,Amateur Intermediate Radio Licence,Available
2,0,EDC,20EDC,Call Sign,Amateur Intermediate Radio Licence,Available
2,0,EDF,20EDF,Call Sign,Amateur Intermediate Radio Licence,Available
2,0,EDH,20EDH,Call Sign,Amateur Intermediate Radio Licence,Available
2,0,EDN,20EDN,Call Sign,Amateur Intermediate Radio Licence,Available
2,0,EDO,20EDO,Call Sign,Amateur Intermediate Radio Licence,Available
2,0,EDR,20EDR,Call Sign,Amateur Intermediate Radio Licence,Available
2,0,EDV,20EDV,Call Sign,Amateur Intermediate Radio Licence,Available
2,0,EEC,20EEC,Call Sign,Amateur Intermediate Radio Licence,Available
2,0,EEF,20EEF,Call Sign,Amateur Intermediate Radio Licence,Available
2,0,EEG,20EEG,Call Sign,Amateur Intermediate Radio Licence,Available
2,0,EEH,20EEH,Call Sign,Amateur Intermediate Radio Licence,Available
2,0,EEI,20EEI,Call Sign,Amateur Intermediate Radio Licence,Available
2,0,EEJ,20EEJ,Call Sign,Amateur Intermediate Radio Licence,Available
2,0,EEL,20EEL,Call Sign,Amateur Intermediate Radio Licence,Available
2,0,EEN,20EEN,Call Sign,Amateur Intermediate Radio Licence,Available
2,0,EEP,20EEP,Call Sign,Amateur Intermediate Radio Licence,Available
2,0,EEQ,20EEQ,Call Sign,Amateur Intermediate Radio Licence,Available
2,0,EES,20EES,Call Sign,Amateur Intermediate Radio Licence,Available
2,0,EEU,20EEU,Call Sign,Amateur Intermediate Radio Licence,Available
2,0,EEV,20EEV,Call Sign,Amateur Intermediate Radio Licence,Available
2,0,EEW,20EEW,Call Sign,Amateur Intermediate Radio Licence,Available
2,0,EEX,20EEX,Call Sign,Amateur Intermediate Radio Licence,Available
2,0,EEZ,20EEZ,Call Sign,Amateur Intermediate Radio Licence,Available
2,0,EFD,20EFD,Call Sign,Amateur Intermediate Radio Licence,Available
2,0,EFF,20EFF,Call Sign,Amateur Intermediate Radio Licence,Available
2,0,EFG,20EFG,Call Sign,Amateur Intermediate Radio Licence,Available
2,0,EFJ,20EFJ,Call Sign,Amateur Intermediate Radio Licence,Available
2,0,EFK,20EFK,Call Sign,Amateur Intermediate Radio Licence,Available
2,0,EFL,20EFL,Call Sign,Amateur Intermediate Radio Licence,Available
2,0,EFN,20EFN,Call Sign,Amateur Intermediate Radio Licence,Available
2,0,EFO,20EFO,Call Sign,Amateur Intermediate Radio Licence,Available
2,0,EFP,20EFP,Call Sign,Amateur Intermediate Radio Licence,Available
2,0,EFQ,20EFQ,Call Sign,Amateur Intermediate Radio Licence,Available
2,0,EFS,20EFS,Call Sign,Amateur Intermediate Radio Licence,Available
2,0,EFT,20EFT,Call Sign,Amateur Intermediate Radio Licence,Available
2,0,EFU,20EFU,Call Sign,Amateur Intermediate Radio Licence,Available
2,0,EFV,20EFV,Call Sign,Amateur Intermediate Radio Licence,Available
2,0,EFW,20EFW,Call Sign,Amateur Intermediate Radio Licence,Available
2,0,EFY,20EFY,Call Sign,Amateur Intermediate Radio Licence,Available
2,0,EFZ,20EFZ,Call Sign,Amateur Intermediate Radio Licence,Available
2,0,EGA,20EGA,Call Sign,Amateur Intermediate Radio Licence,Available
2,0,EGC,20EGC,Call Sign,Amateur Intermediate Radio Licence,Available
2,0,EGD,20EGD,Call Sign,Amateur Intermediate Radio Licence,Available
2,0,EGE,20EGE,Call Sign,Amateur Intermediate Radio Licence,Available
2,0,EGH,20EGH,Call Sign,Amateur Intermediate Radio Licence,Available
2,0,EGJ,20EGJ,Call Sign,Amateur Intermediate Radio Licence,Available
2,0,EGL,20EGL,Call Sign,Amateur Intermediate Radio Licence,Available
2,0,EGM,20EGM,Call Sign,Amateur Intermediate Radio Licence,Available
2,0,EGO,20EGO,Call Sign,Amateur Intermediate Radio Licence,Available
2,0,EGQ,20EGQ,Call Sign,Amateur Intermediate Radio Licence,Available
2,0,EGS,20EGS,Call Sign,Amateur Intermediate Radio Licence,Available
2,0,EGU,20EGU,Call Sign,Amateur Intermediate Radio Licence,Available
2,0,EGV,20EGV,Call Sign,Amateur Intermediate Radio Licence,Available
2,0,EGW,20EGW,Call Sign,Amateur Intermediate Radio Licence,Available
2,0,EGX,20EGX,Call Sign,Amateur Intermediate Radio Licence,Available
2,0,EGY,20EGY,Call Sign,Amateur Intermediate Radio Licence,Available
2,0,EGZ,20EGZ,Call Sign,Amateur Intermediate Radio Licence,Available
2,0,EHA,20EHA,Call Sign,Amateur Intermediate Radio Licence,Available
2,0,EHC,20EHC,Call Sign,Amateur Intermediate Radio Licence,Available
2,0,EHE,20EHE,Call Sign,Amateur Intermediate Radio Licence,Available
2,0,EHH,20EHH,Call Sign,Amateur Intermediate Radio Licence,Available
2,0,EHI,20EHI,Call Sign,Amateur Intermediate Radio Licence,Available
2,0,EHJ,20EHJ,Call Sign,Amateur Intermediate Radio Licence,Available
2,0,EHK,20EHK,Call Sign,Amateur Intermediate Radio Licence,Available
2,0,EHL,20EHL,Call Sign,Amateur Intermediate Radio Licence,Available
2,0,EHM,20EHM,Call Sign,Amateur Intermediate Radio Licence,Available
2,0,EHN,20EHN,Call Sign,Amateur Intermediate Radio Licence,Available
2,0,EHO,20EHO,Call Sign,Amateur Intermediate Radio Licence,Available
2,0,EHP,20EHP,Call Sign,Amateur Intermediate Radio Licence,Available
2,0,EHQ,20EHQ,Call Sign,Amateur Intermediate Radio Licence,Available
2,0,EHR,20EHR,Call Sign,Amateur Intermediate Radio Licence,Available
2,0,EHS,20EHS,Call Sign,Amateur Intermediate Radio Licence,Available
2,0,EHU,20EHU,Call Sign,Amateur Intermediate Radio Licence,Available
2,0,EHW,20EHW,Call Sign,Amateur Intermediate Radio Licence,Available
2,0,EHX,20EHX,Call Sign,Amateur Intermediate Radio Licence,Available
2,0,EHY,20EHY,Call Sign,Amateur Intermediate Radio Licence,Available
2,0,EIA,20EIA,Call Sign,Amateur Intermediate Radio Licence,Available
2,0,EIC,20EIC,Call Sign,Amateur Intermediate Radio Licence,Available
2,0,EID,20EID,Call Sign,Amateur Intermediate Radio Licence,Available
2,0,EIE,20EIE,Call Sign,Amateur Intermediate Radio Licence,Available
2,0,EIF,20EIF,Call Sign,Amateur Intermediate Radio Licence,Available
2,0,EIH,20EIH,Call Sign,Amateur Intermediate Radio Licence,Available
2,0,EIJ,20EIJ,Call Sign,Amateur Intermediate Radio Licence,Available
2,0,EIK,20EIK,Call Sign,Amateur Intermediate Radio Licence,Available
2,0,EIL,20EIL,Call Sign,Amateur Intermediate Radio Licence,Available
2,0,EIM,20EIM,Call Sign,Amateur Intermediate Radio Licence,Available
2,0,EIN,20EIN,Call Sign,Amateur Intermediate Radio Licence,Available
2,0,EIP,20EIP,Call Sign,Amateur Intermediate Radio Licence,Available
2,0,EIQ,20EIQ,Call Sign,Amateur Intermediate Radio Licence,Available
2,0,EIT,20EIT,Call Sign,Amateur Intermediate Radio Licence,Available
2,0,EIU,20EIU,Call Sign,Amateur Intermediate Radio Licence,Available
2,0,EIV,20EIV,Call Sign,Amateur Intermediate Radio Licence,Available
2,0,EIX,20EIX,Call Sign,Amateur Intermediate Radio Licence,Available
2,0,EIY,20EIY,Call Sign,Amateur Intermediate Radio Licence,Available
2,0,EIZ,20EIZ,Call Sign,Amateur Intermediate Radio Licence,Available
2,0,EJC,20EJC,Call Sign,Amateur Intermediate Radio Licence,Available
2,0,EJD,20EJD,Call Sign,Amateur Intermediate Radio Licence,Available
2,0,EJE,20EJE,Call Sign,Amateur Intermediate Radio Licence,Available
2,0,EJG,20EJG,Call Sign,Amateur Intermediate Radio Licence,Available
2,0,EJI,20EJI,Call Sign,Amateur Intermediate Radio Licence,Available
2,0,EJJ,20EJJ,Call Sign,Amateur Intermediate Radio Licence,Available
2,0,EJN,20EJN,Call Sign,Amateur Intermediate Radio Licence,Available
2,0,EJO,20EJO,Call Sign,Amateur Intermediate Radio Licence,Available
2,0,EJP,20EJP,Call Sign,Amateur Intermediate Radio Licence,Available
2,0,EJQ,20EJQ,Call Sign,Amateur Intermediate Radio Licence,Available
2,0,EJV,20EJV,Call Sign,Amateur Intermediate Radio Licence,Available
2,0,EJY,20EJY,Call Sign,Amateur Intermediate Radio Licence,Available
2,0,EJZ,20EJZ,Call Sign,Amateur Intermediate Radio Licence,Available
2,0,EKA,20EKA,Call Sign,Amateur Intermediate Radio Licence,Available
2,0,EKC,20EKC,Call Sign,Amateur Intermediate Radio Licence,Available
2,0,EKD,20EKD,Call Sign,Amateur Intermediate Radio Licence,Available
2,0,EKE,20EKE,Call Sign,Amateur Intermediate Radio Licence,Available
2,0,EKI,20EKI,Call Sign,Amateur Intermediate Radio Licence,Available
2,0,EKJ,20EKJ,Call Sign,Amateur Intermediate Radio Licence,Available
2,0,EKK,20EKK,Call Sign,Amateur Intermediate Radio Licence,Available
2,0,EKM,20EKM,Call Sign,Amateur Intermediate Radio Licence,Available
2,0,EKO,20EKO,Call Sign,Amateur Intermediate Radio Licence,Available
2,0,EKP,20EKP,Call Sign,Amateur Intermediate Radio Licence,Available
2,0,EKQ,20EKQ,Call Sign,Amateur Intermediate Radio Licence,Available
2,0,EKS,20EKS,Call Sign,Amateur Intermediate Radio Licence,Available
2,0,EKT,20EKT,Call Sign,Amateur Intermediate Radio Licence,Available
2,0,EKU,20EKU,Call Sign,Amateur Intermediate Radio Licence,Available
2,0,EKV,20EKV,Call Sign,Amateur Intermediate Radio Licence,Available
2,0,EKW,20EKW,Call Sign,Amateur Intermediate Radio Licence,Available
2,0,EKX,20EKX,Call Sign,Amateur Intermediate Radio Licence,Available
2,0,EKY,20EKY,Call Sign,Amateur Intermediate Radio Licence,Available
2,0,EKZ,20EKZ,Call Sign,Amateur Intermediate Radio Licence,Available
2,0,ELA,20ELA,Call Sign,Amateur Intermediate Radio Licence,Available
2,0,ELB,20ELB,Call Sign,Amateur Intermediate Radio Licence,Available
2,0,ELE,20ELE,Call Sign,Amateur Intermediate Radio Licence,Available
2,0,ELH,20ELH,Call Sign,Amateur Intermediate Radio Licence,Available
2,0,ELJ,20ELJ,Call Sign,Amateur Intermediate Radio Licence,Available
2,0,ELN,20ELN,Call Sign,Amateur Intermediate Radio Licence,Available
2,0,ELQ,20ELQ,Call Sign,Amateur Intermediate Radio Licence,Available
2,0,ELR,20ELR,Call Sign,Amateur Intermediate Radio Licence,Available
2,0,ELU,20ELU,Call Sign,Amateur Intermediate Radio Licence,Available
2,0,ELX,20ELX,Call Sign,Amateur Intermediate Radio Licence,Available
2,0,ELZ,20ELZ,Call Sign,Amateur Intermediate Radio Licence,Available
2,0,EMH,20EMH,Call Sign,Amateur Intermediate Radio Licence,Available
2,0,EMK,20EMK,Call Sign,Amateur Intermediate Radio Licence,Available
2,0,EMN,20EMN,Call Sign,Amateur Intermediate Radio Licence,Available
2,0,EMQ,20EMQ,Call Sign,Amateur Intermediate Radio Licence,Available
2,0,EMY,20EMY,Call Sign,Amateur Intermediate Radio Licence,Available
2,0,EMZ,20EMZ,Call Sign,Amateur Intermediate Radio Licence,Available
2,0,ENA,20ENA,Call Sign,Amateur Intermediate Radio Licence,Available
2,0,ENB,20ENB,Call Sign,Amateur Intermediate Radio Licence,Available
2,0,ENC,20ENC,Call Sign,Amateur Intermediate Radio Licence,Available
2,0,ENE,20ENE,Call Sign,Amateur Intermediate Radio Licence,Available
2,0,ENF,20ENF,Call Sign,Amateur Intermediate Radio Licence,Available
2,0,ENH,20ENH,Call Sign,Amateur Intermediate Radio Licence,Available
2,0,ENI,20ENI,Call Sign,Amateur Intermediate Radio Licence,Available
2,0,ENJ,20ENJ,Call Sign,Amateur Intermediate Radio Licence,Available
2,0,ENK,20ENK,Call Sign,Amateur Intermediate Radio Licence,Available
2,0,ENL,20ENL,Call Sign,Amateur Intermediate Radio Licence,Available
2,0,ENM,20ENM,Call Sign,Amateur Intermediate Radio Licence,Available
2,0,ENS,20ENS,Call Sign,Amateur Intermediate Radio Licence,Available
2,0,ENU,20ENU,Call Sign,Amateur Intermediate Radio Licence,Available
2,0,ENV,20ENV,Call Sign,Amateur Intermediate Radio Licence,Available
2,0,ENX,20ENX,Call Sign,Amateur Intermediate Radio Licence,Available
2,0,ENY,20ENY,Call Sign,Amateur Intermediate Radio Licence,Available
2,0,EOA,20EOA,Call Sign,Amateur Intermediate Radio Licence,Available
2,0,EOC,20EOC,Call Sign,Amateur Intermediate Radio Licence,Available
2,0,EOH,20EOH,Call Sign,Amateur Intermediate Radio Licence,Available
2,0,EOI,20EOI,Call Sign,Amateur Intermediate Radio Licence,Available
2,0,EON,20EON,Call Sign,Amateur Intermediate Radio Licence,Available
2,0,EOQ,20EOQ,Call Sign,Amateur Intermediate Radio Licence,Available
2,0,EOR,20EOR,Call Sign,Amateur Intermediate Radio Licence,Available
2,0,EOT,20EOT,Call Sign,Amateur Intermediate Radio Licence,Available
2,0,EOV,20EOV,Call Sign,Amateur Intermediate Radio Licence,Available
2,0,EOX,20EOX,Call Sign,Amateur Intermediate Radio Licence,Available
2,0,EOY,20EOY,Call Sign,Amateur Intermediate Radio Licence,Available
2,0,EOZ,20EOZ,Call Sign,Amateur Intermediate Radio Licence,Available
2,0,EPA,20EPA,Call Sign,Amateur Intermediate Radio Licence,Available
2,0,EPB,20EPB,Call Sign,Amateur Intermediate Radio Licence,Available
2,0,EPD,20EPD,Call Sign,Amateur Intermediate Radio Licence,Available
2,0,EPF,20EPF,Call Sign,Amateur Intermediate Radio Licence,Available
2,0,EPG,20EPG,Call Sign,Amateur Intermediate Radio Licence,Available
2,0,EPH,20EPH,Call Sign,Amateur Intermediate Radio Licence,Available
2,0,EPI,20EPI,Call Sign,Amateur Intermediate Radio Licence,Available
2,0,EPJ,20EPJ,Call Sign,Amateur Intermediate Radio Licence,Available
2,0,EPK,20EPK,Call Sign,Amateur Intermediate Radio Licence,Available
2,0,EPL,20EPL,Call Sign,Amateur Intermediate Radio Licence,Available
2,0,EPN,20EPN,Call Sign,Amateur Intermediate Radio Licence,Available
2,0,EPP,20EPP,Call Sign,Amateur Intermediate Radio Licence,Available
2,0,EPQ,20EPQ,Call Sign,Amateur Intermediate Radio Licence,Available
2,0,EPS,20EPS,Call Sign,Amateur Intermediate Radio Licence,Available
2,0,EPU,20EPU,Call Sign,Amateur Intermediate Radio Licence,Available
2,0,EPV,20EPV,Call Sign,Amateur Intermediate Radio Licence,Available
2,0,EPX,20EPX,Call Sign,Amateur Intermediate Radio Licence,Available
2,0,EPY,20EPY,Call Sign,Amateur Intermediate Radio Licence,Available
2,0,EPZ,20EPZ,Call Sign,Amateur Intermediate Radio Licence,Available
2,0,EQA,20EQA,Call Sign,Amateur Intermediate Radio Licence,Available
2,0,EQB,20EQB,Call Sign,Amateur Intermediate Radio Licence,Available
2,0,EQD,20EQD,Call Sign,Amateur Intermediate Radio Licence,Available
2,0,EQE,20EQE,Call Sign,Amateur Intermediate Radio Licence,Available
2,0,EQF,20EQF,Call Sign,Amateur Intermediate Radio Licence,Available
2,0,EQG,20EQG,Call Sign,Amateur Intermediate Radio Licence,Available
2,0,EQH,20EQH,Call Sign,Amateur Intermediate Radio Licence,Available
2,0,EQI,20EQI,Call Sign,Amateur Intermediate Radio Licence,Available
2,0,EQJ,20EQJ,Call Sign,Amateur Intermediate Radio Licence,Available
2,0,EQK,20EQK,Call Sign,Amateur Intermediate Radio Licence,Available
2,0,EQL,20EQL,Call Sign,Amateur Intermediate Radio Licence,Available
2,0,EQM,20EQM,Call Sign,Amateur Intermediate Radio Licence,Available
2,0,EQN,20EQN,Call Sign,Amateur Intermediate Radio Licence,Available
2,0,EQO,20EQO,Call Sign,Amateur Intermediate Radio Licence,Available
2,0,EQP,20EQP,Call Sign,Amateur Intermediate Radio Licence,Available
2,0,EQQ,20EQQ,Call Sign,Amateur Intermediate Radio Licence,Available
2,0,EQT,20EQT,Call Sign,Amateur Intermediate Radio Licence,Available
2,0,EQU,20EQU,Call Sign,Amateur Intermediate Radio Licence,Available
2,0,EQV,20EQV,Call Sign,Amateur Intermediate Radio Licence,Available
2,0,EQW,20EQW,Call Sign,Amateur Intermediate Radio Licence,Available
2,0,EQY,20EQY,Call Sign,Amateur Intermediate Radio Licence,Available
2,0,EQZ,20EQZ,Call Sign,Amateur Intermediate Radio Licence,Available
2,0,ERB,20ERB,Call Sign,Amateur Intermediate Radio Licence,Available
2,0,ERH,20ERH,Call Sign,Amateur Intermediate Radio Licence,Available
2,0,ERI,20ERI,Call Sign,Amateur Intermediate Radio Licence,Available
2,0,ERJ,20ERJ,Call Sign,Amateur Intermediate Radio Licence,Available
2,0,ERL,20ERL,Call Sign,Amateur Intermediate Radio Licence,Available
2,0,ERO,20ERO,Call Sign,Amateur Intermediate Radio Licence,Available
2,0,ERQ,20ERQ,Call Sign,Amateur Intermediate Radio Licence,Available
2,0,ERR,20ERR,Call Sign,Amateur Intermediate Radio Licence,Available
2,0,ERU,20ERU,Call Sign,Amateur Intermediate Radio Licence,Available
2,0,ERW,20ERW,Call Sign,Amateur Intermediate Radio Licence,Available
2,0,ERX,20ERX,Call Sign,Amateur Intermediate Radio Licence,Available
2,0,ERY,20ERY,Call Sign,Amateur Intermediate Radio Licence,Available
2,0,ERZ,20ERZ,Call Sign,Amateur Intermediate Radio Licence,Available
2,0,ESB,20ESB,Call Sign,Amateur Intermediate Radio Licence,Available
2,0,ESE,20ESE,Call Sign,Amateur Intermediate Radio Licence,Available
2,0,ESF,20ESF,Call Sign,Amateur Intermediate Radio Licence,Available
2,0,ESG,20ESG,Call Sign,Amateur Intermediate Radio Licence,Available
2,0,ESH,20ESH,Call Sign,Amateur Intermediate Radio Licence,Available
2,0,ESI,20ESI,Call Sign,Amateur Intermediate Radio Licence,Available
2,0,ESK,20ESK,Call Sign,Amateur Intermediate Radio Licence,Available
2,0,ESN,20ESN,Call Sign,Amateur Intermediate Radio Licence,Available
2,0,ESQ,20ESQ,Call Sign,Amateur Intermediate Radio Licence,Available
2,0,ESV,20ESV,Call Sign,Amateur Intermediate Radio Licence,Available
2,0,ESY,20ESY,Call Sign,Amateur Intermediate Radio Licence,Available
2,0,ESZ,20ESZ,Call Sign,Amateur Intermediate Radio Licence,Available
2,0,ETF,20ETF,Call Sign,Amateur Intermediate Radio Licence,Available
2,0,ETG,20ETG,Call Sign,Amateur Intermediate Radio Licence,Available
2,0,ETI,20ETI,Call Sign,Amateur Intermediate Radio Licence,Available
2,0,ETJ,20ETJ,Call Sign,Amateur Intermediate Radio Licence,Available
2,0,ETK,20ETK,Call Sign,Amateur Intermediate Radio Licence,Available
2,0,ETL,20ETL,Call Sign,Amateur Intermediate Radio Licence,Available
2,0,ETQ,20ETQ,Call Sign,Amateur Intermediate Radio Licence,Available
2,0,ETS,20ETS,Call Sign,Amateur Intermediate Radio Licence,Available
2,0,ETU,20ETU,Call Sign,Amateur Intermediate Radio Licence,Available
2,0,ETY,20ETY,Call Sign,Amateur Intermediate Radio Licence,Available
2,0,ETZ,20ETZ,Call Sign,Amateur Intermediate Radio Licence,Available
2,0,EUB,20EUB,Call Sign,Amateur Intermediate Radio Licence,Available
2,0,EUC,20EUC,Call Sign,Amateur Intermediate Radio Licence,Available
2,0,EUD,20EUD,Call Sign,Amateur Intermediate Radio Licence,Available
2,0,EUE,20EUE,Call Sign,Amateur Intermediate Radio Licence,Available
2,0,EUF,20EUF,Call Sign,Amateur Intermediate Radio Licence,Available
2,0,EUG,20EUG,Call Sign,Amateur Intermediate Radio Licence,Available
2,0,EUH,20EUH,Call Sign,Amateur Intermediate Radio Licence,Available
2,0,EUI,20EUI,Call Sign,Amateur Intermediate Radio Licence,Available
2,0,EUJ,20EUJ,Call Sign,Amateur Intermediate Radio Licence,Available
2,0,EUL,20EUL,Call Sign,Amateur Intermediate Radio Licence,Available
2,0,EUM,20EUM,Call Sign,Amateur Intermediate Radio Licence,Available
2,0,EUP,20EUP,Call Sign,Amateur Intermediate Radio Licence,Available
2,0,EUQ,20EUQ,Call Sign,Amateur Intermediate Radio Licence,Available
2,0,EUT,20EUT,Call Sign,Amateur Intermediate Radio Licence,Available
2,0,EUU,20EUU,Call Sign,Amateur Intermediate Radio Licence,Available
2,0,EUV,20EUV,Call Sign,Amateur Intermediate Radio Licence,Available
2,0,EUW,20EUW,Call Sign,Amateur Intermediate Radio Licence,Available
2,0,EUX,20EUX,Call Sign,Amateur Intermediate Radio Licence,Available
2,0,EUY,20EUY,Call Sign,Amateur Intermediate Radio Licence,Available
2,0,EUZ,20EUZ,Call Sign,Amateur Intermediate Radio Licence,Available
2,0,EVC,20EVC,Call Sign,Amateur Intermediate Radio Licence,Available
2,0,EVF,20EVF,Call Sign,Amateur Intermediate Radio Licence,Available
2,0,EVH,20EVH,Call Sign,Amateur Intermediate Radio Licence,Available
2,0,EVI,20EVI,Call Sign,Amateur Intermediate Radio Licence,Available
2,0,EVL,20EVL,Call Sign,Amateur Intermediate Radio Licence,Available
2,0,EVM,20EVM,Call Sign,Amateur Intermediate Radio Licence,Available
2,0,EVN,20EVN,Call Sign,Amateur Intermediate Radio Licence,Available
2,0,EVQ,20EVQ,Call Sign,Amateur Intermediate Radio Licence,Available
2,0,EVR,20EVR,Call Sign,Amateur Intermediate Radio Licence,Available
2,0,EVT,20EVT,Call Sign,Amateur Intermediate Radio Licence,Available
2,0,EVU,20EVU,Call Sign,Amateur Intermediate Radio Licence,Available
2,0,EVV,20EVV,Call Sign,Amateur Intermediate Radio Licence,Available
2,0,EVW,20EVW,Call Sign,Amateur Intermediate Radio Licence,Available
2,0,EVY,20EVY,Call Sign,Amateur Intermediate Radio Licence,Available
2,0,EWB,20EWB,Call Sign,Amateur Intermediate Radio Licence,Available
2,0,EWC,20EWC,Call Sign,Amateur Intermediate Radio Licence,Available
2,0,EWD,20EWD,Call Sign,Amateur Intermediate Radio Licence,Available
2,0,EWF,20EWF,Call Sign,Amateur Intermediate Radio Licence,Available
2,0,EWG,20EWG,Call Sign,Amateur Intermediate Radio Licence,Available
2,0,EWH,20EWH,Call Sign,Amateur Intermediate Radio Licence,Available
2,0,EWI,20EWI,Call Sign,Amateur Intermediate Radio Licence,Available
2,0,EWJ,20EWJ,Call Sign,Amateur Intermediate Radio Licence,Available
2,0,EWK,20EWK,Call Sign,Amateur Intermediate Radio Licence,Available
2,0,EWN,20EWN,Call Sign,Amateur Intermediate Radio Licence,Available
2,0,EWO,20EWO,Call Sign,Amateur Intermediate Radio Licence,Available
2,0,EWQ,20EWQ,Call Sign,Amateur Intermediate Radio Licence,Available
2,0,EWR,20EWR,Call Sign,Amateur Intermediate Radio Licence,Available
2,0,EWT,20EWT,Call Sign,Amateur Intermediate Radio Licence,Available
2,0,EWU,20EWU,Call Sign,Amateur Intermediate Radio Licence,Available
2,0,EWV,20EWV,Call Sign,Amateur Intermediate Radio Licence,Available
2,0,EWX,20EWX,Call Sign,Amateur Intermediate Radio Licence,Available
2,0,EWY,20EWY,Call Sign,Amateur Intermediate Radio Licence,Available
2,0,EWZ,20EWZ,Call Sign,Amateur Intermediate Radio Licence,Available
2,0,EXA,20EXA,Call Sign,Amateur Intermediate Radio Licence,Available
2,0,EXB,20EXB,Call Sign,Amateur Intermediate Radio Licence,Available
2,0,EXF,20EXF,Call Sign,Amateur Intermediate Radio Licence,Available
2,0,EXG,20EXG,Call Sign,Amateur Intermediate Radio Licence,Available
2,0,EXH,20EXH,Call Sign,Amateur Intermediate Radio Licence,Available
2,0,EXI,20EXI,Call Sign,Amateur Intermediate Radio Licence,Available
2,0,EXK,20EXK,Call Sign,Amateur Intermediate Radio Licence,Available
2,0,EXM,20EXM,Call Sign,Amateur Intermediate Radio Licence,Available
2,0,EXN,20EXN,Call Sign,Amateur Intermediate Radio Licence,Available
2,0,EXQ,20EXQ,Call Sign,Amateur Intermediate Radio Licence,Available
2,0,EXT,20EXT,Call Sign,Amateur Intermediate Radio Licence,Available
2,0,EXU,20EXU,Call Sign,Amateur Intermediate Radio Licence,Available
2,0,EXV,20EXV,Call Sign,Amateur Intermediate Radio Licence,Available
2,0,EXW,20EXW,Call Sign,Amateur Intermediate Radio Licence,Available
2,0,EXZ,20EXZ,Call Sign,Amateur Intermediate Radio Licence,Available
2,0,EYA,20EYA,Call Sign,Amateur Intermediate Radio Licence,Available
2,0,EYB,20EYB,Call Sign,Amateur Intermediate Radio Licence,Available
2,0,EYD,20EYD,Call Sign,Amateur Intermediate Radio Licence,Available
2,0,EYF,20EYF,Call Sign,Amateur Intermediate Radio Licence,Available
2,0,EYG,20EYG,Call Sign,Amateur Intermediate Radio Licence,Available
2,0,EYH,20EYH,Call Sign,Amateur Intermediate Radio Licence,Available
2,0,EYI,20EYI,Call Sign,Amateur Intermediate Radio Licence,Available
2,0,EYJ,20EYJ,Call Sign,Amateur Intermediate Radio Licence,Available
2,0,EYK,20EYK,Call Sign,Amateur Intermediate Radio Licence,Available
2,0,EYL,20EYL,Call Sign,Amateur Intermediate Radio Licence,Available
2,0,EYM,20EYM,Call Sign,Amateur Intermediate Radio Licence,Available
2,0,EYN,20EYN,Call Sign,Amateur Intermediate Radio Licence,Available
2,0,EYO,20EYO,Call Sign,Amateur Intermediate Radio Licence,Available
2,0,EYR,20EYR,Call Sign,Amateur Intermediate Radio Licence,Available
2,0,EYS,20EYS,Call Sign,Amateur Intermediate Radio Licence,Available
2,0,EYT,20EYT,Call Sign,Amateur Intermediate Radio Licence,Available
2,0,EYU,20EYU,Call Sign,Amateur Intermediate Radio Licence,Available
2,0,EYV,20EYV,Call Sign,Amateur Intermediate Radio Licence,Available
2,0,EYW,20EYW,Call Sign,Amateur Intermediate Radio Licence,Available
2,0,EYY,20EYY,Call Sign,Amateur Intermediate Radio Licence,Available
2,0,EZA,20EZA,Call Sign,Amateur Intermediate Radio Licence,Available
2,0,EZC,20EZC,Call Sign,Amateur Intermediate Radio Licence,Available
2,0,EZF,20EZF,Call Sign,Amateur Intermediate Radio Licence,Available
2,0,EZG,20EZG,Call Sign,Amateur Intermediate Radio Licence,Available
2,0,EZH,20EZH,Call Sign,Amateur Intermediate Radio Licence,Available
2,0,EZJ,20EZJ,Call Sign,Amateur Intermediate Radio Licence,Available
2,0,EZK,20EZK,Call Sign,Amateur Intermediate Radio Licence,Available
2,0,EZM,20EZM,Call Sign,Amateur Intermediate Radio Licence,Available
2,0,EZO,20EZO,Call Sign,Amateur Intermediate Radio Licence,Available
2,0,EZP,20EZP,Call Sign,Amateur Intermediate Radio Licence,Available
2,0,EZR,20EZR,Call Sign,Amateur Intermediate Radio Licence,Available
2,0,EZS,20EZS,Call Sign,Amateur Intermediate Radio Licence,Available
2,0,EZT,20EZT,Call Sign,Amateur Intermediate Radio Licence,Available
2,0,EZU,20EZU,Call Sign,Amateur Intermediate Radio Licence,Available
2,0,EZV,20EZV,Call Sign,Amateur Intermediate Radio Licence,Available
2,0,EZZ,20EZZ,Call Sign,Amateur Intermediate Radio Licence,Available
2,0,FBJ,20FBJ,Call Sign,Amateur Intermediate Radio Licence,Available
2,0,FBN,20FBN,Call Sign,Amateur Intermediate Radio Licence,Available
2,0,FBO,20FBO,Call Sign,Amateur Intermediate Radio Licence,Available
2,0,FBP,20FBP,Call Sign,Amateur Intermediate Radio Licence,Available
2,0,FBQ,20FBQ,Call Sign,Amateur Intermediate Radio Licence,Available
2,0,FBR,20FBR,Call Sign,Amateur Intermediate Radio Licence,Available
2,0,FBT,20FBT,Call Sign,Amateur Intermediate Radio Licence,Available
2,0,FBU,20FBU,Call Sign,Amateur Intermediate Radio Licence,Available
2,0,FBV,20FBV,Call Sign,Amateur Intermediate Radio Licence,Available
2,0,FBW,20FBW,Call Sign,Amateur Intermediate Radio Licence,Available
2,0,FBX,20FBX,Call Sign,Amateur Intermediate Radio Licence,Available
2,0,FBZ,20FBZ,Call Sign,Amateur Intermediate Radio Licence,Available
2,0,FCB,20FCB,Call Sign,Amateur Intermediate Radio Licence,Available
2,0,FCD,20FCD,Call Sign,Amateur Intermediate Radio Licence,Available
2,0,FCE,20FCE,Call Sign,Amateur Intermediate Radio Licence,Available
2,0,FCF,20FCF,Call Sign,Amateur Intermediate Radio Licence,Available
2,0,FCG,20FCG,Call Sign,Amateur Intermediate Radio Licence,Available
2,0,FCJ,20FCJ,Call Sign,Amateur Intermediate Radio Licence,Available
2,0,FCO,20FCO,Call Sign,Amateur Intermediate Radio Licence,Available
2,0,FCP,20FCP,Call Sign,Amateur Intermediate Radio Licence,Available
2,0,FCQ,20FCQ,Call Sign,Amateur Intermediate Radio Licence,Available
2,0,FCS,20FCS,Call Sign,Amateur Intermediate Radio Licence,Available
2,0,FCT,20FCT,Call Sign,Amateur Intermediate Radio Licence,Available
2,0,FCV,20FCV,Call Sign,Amateur Intermediate Radio Licence,Available
2,0,FCX,20FCX,Call Sign,Amateur Intermediate Radio Licence,Available
2,0,FDA,20FDA,Call Sign,Amateur Intermediate Radio Licence,Available
2,0,FDB,20FDB,Call Sign,Amateur Intermediate Radio Licence,Available
2,0,FDC,20FDC,Call Sign,Amateur Intermediate Radio Licence,Available
2,0,FDE,20FDE,Call Sign,Amateur Intermediate Radio Licence,Available
2,0,FDF,20FDF,Call Sign,Amateur Intermediate Radio Licence,Available
2,0,FDH,20FDH,Call Sign,Amateur Intermediate Radio Licence,Available
2,0,FDI,20FDI,Call Sign,Amateur Intermediate Radio Licence,Available
2,0,FDK,20FDK,Call Sign,Amateur Intermediate Radio Licence,Available
2,0,FDL,20FDL,Call Sign,Amateur Intermediate Radio Licence,Available
2,0,FDM,20FDM,Call Sign,Amateur Intermediate Radio Licence,Available
2,0,FDN,20FDN,Call Sign,Amateur Intermediate Radio Licence,Available
2,0,FDO,20FDO,Call Sign,Amateur Intermediate Radio Licence,Available
2,0,FDP,20FDP,Call Sign,Amateur Intermediate Radio Licence,Available
2,0,FDQ,20FDQ,Call Sign,Amateur Intermediate Radio Licence,Available
2,0,FDR,20FDR,Call Sign,Amateur Intermediate Radio Licence,Available
2,0,FDS,20FDS,Call Sign,Amateur Intermediate Radio Licence,Available
2,0,FDT,20FDT,Call Sign,Amateur Intermediate Radio Licence,Available
2,0,FDU,20FDU,Call Sign,Amateur Intermediate Radio Licence,Available
2,0,FDV,20FDV,Call Sign,Amateur Intermediate Radio Licence,Available
2,0,FDW,20FDW,Call Sign,Amateur Intermediate Radio Licence,Available
2,0,FEA,20FEA,Call Sign,Amateur Intermediate Radio Licence,Available
2,0,FEE,20FEE,Call Sign,Amateur Intermediate Radio Licence,Available
2,0,FEF,20FEF,Call Sign,Amateur Intermediate Radio Licence,Available
2,0,FEG,20FEG,Call Sign,Amateur Intermediate Radio Licence,Available
2,0,FEH,20FEH,Call Sign,Amateur Intermediate Radio Licence,Available
2,0,FEI,20FEI,Call Sign,Amateur Intermediate Radio Licence,Available
2,0,FEJ,20FEJ,Call Sign,Amateur Intermediate Radio Licence,Available
2,0,FEL,20FEL,Call Sign,Amateur Intermediate Radio Licence,Available
2,0,FEM,20FEM,Call Sign,Amateur Intermediate Radio Licence,Available
2,0,FEN,20FEN,Call Sign,Amateur Intermediate Radio Licence,Available
2,0,FEP,20FEP,Call Sign,Amateur Intermediate Radio Licence,Available
2,0,FEQ,20FEQ,Call Sign,Amateur Intermediate Radio Licence,Available
2,0,FEV,20FEV,Call Sign,Amateur Intermediate Radio Licence,Available
2,0,FEZ,20FEZ,Call Sign,Amateur Intermediate Radio Licence,Available
2,0,FFB,20FFB,Call Sign,Amateur Intermediate Radio Licence,Available
2,0,FFC,20FFC,Call Sign,Amateur Intermediate Radio Licence,Available
2,0,FFD,20FFD,Call Sign,Amateur Intermediate Radio Licence,Available
2,0,FFI,20FFI,Call Sign,Amateur Intermediate Radio Licence,Available
2,0,FFJ,20FFJ,Call Sign,Amateur Intermediate Radio Licence,Available
2,0,FFK,20FFK,Call Sign,Amateur Intermediate Radio Licence,Available
2,0,FFN,20FFN,Call Sign,Amateur Intermediate Radio Licence,Available
2,0,FFO,20FFO,Call Sign,Amateur Intermediate Radio Licence,Available
2,0,FFP,20FFP,Call Sign,Amateur Intermediate Radio Licence,Available
2,0,FFT,20FFT,Call Sign,Amateur Intermediate Radio Licence,Available
2,0,FFU,20FFU,Call Sign,Amateur Intermediate Radio Licence,Available
2,0,FFV,20FFV,Call Sign,Amateur Intermediate Radio Licence,Available
2,0,FFX,20FFX,Call Sign,Amateur Intermediate Radio Licence,Available
2,0,FFZ,20FFZ,Call Sign,Amateur Intermediate Radio Licence,Available
2,0,FGA,20FGA,Call Sign,Amateur Intermediate Radio Licence,Available
2,0,FGB,20FGB,Call Sign,Amateur Intermediate Radio Licence,Available
2,0,FGC,20FGC,Call Sign,Amateur Intermediate Radio Licence,Available
2,0,FGD,20FGD,Call Sign,Amateur Intermediate Radio Licence,Available
2,0,FGE,20FGE,Call Sign,Amateur Intermediate Radio Licence,Available
2,0,FGF,20FGF,Call Sign,Amateur Intermediate Radio Licence,Available
2,0,FGG,20FGG,Call Sign,Amateur Intermediate Radio Licence,Available
2,0,FGJ,20FGJ,Call Sign,Amateur Intermediate Radio Licence,Available
2,0,FGK,20FGK,Call Sign,Amateur Intermediate Radio Licence,Available
2,0,FGL,20FGL,Call Sign,Amateur Intermediate Radio Licence,Available
2,0,FGM,20FGM,Call Sign,Amateur Intermediate Radio Licence,Available
2,0,FGN,20FGN,Call Sign,Amateur Intermediate Radio Licence,Available
2,0,FGO,20FGO,Call Sign,Amateur Intermediate Radio Licence,Available
2,0,FGP,20FGP,Call Sign,Amateur Intermediate Radio Licence,Available
2,0,FGR,20FGR,Call Sign,Amateur Intermediate Radio Licence,Available
2,0,FGS,20FGS,Call Sign,Amateur Intermediate Radio Licence,Available
2,0,FGU,20FGU,Call Sign,Amateur Intermediate Radio Licence,Available
2,0,FGV,20FGV,Call Sign,Amateur Intermediate Radio Licence,Available
2,0,FGX,20FGX,Call Sign,Amateur Intermediate Radio Licence,Available
2,0,FGZ,20FGZ,Call Sign,Amateur Intermediate Radio Licence,Available
2,0,FHA,20FHA,Call Sign,Amateur Intermediate Radio Licence,Available
2,0,FHB,20FHB,Call Sign,Amateur Intermediate Radio Licence,Available
2,0,FHC,20FHC,Call Sign,Amateur Intermediate Radio Licence,Available
2,0,FHD,20FHD,Call Sign,Amateur Intermediate Radio Licence,Available
2,0,FHE,20FHE,Call Sign,Amateur Intermediate Radio Licence,Available
2,0,FHF,20FHF,Call Sign,Amateur Intermediate Radio Licence,Available
2,0,FHH,20FHH,Call Sign,Amateur Intermediate Radio Licence,Available
2,0,FHI,20FHI,Call Sign,Amateur Intermediate Radio Licence,Available
2,0,FHJ,20FHJ,Call Sign,Amateur Intermediate Radio Licence,Available
2,0,FHK,20FHK,Call Sign,Amateur Intermediate Radio Licence,Available
2,0,FHL,20FHL,Call Sign,Amateur Intermediate Radio Licence,Available
2,0,FHM,20FHM,Call Sign,Amateur Intermediate Radio Licence,Available
2,0,FHN,20FHN,Call Sign,Amateur Intermediate Radio Licence,Available
2,0,FHO,20FHO,Call Sign,Amateur Intermediate Radio Licence,Available
2,0,FHP,20FHP,Call Sign,Amateur Intermediate Radio Licence,Available
2,0,FHQ,20FHQ,Call Sign,Amateur Intermediate Radio Licence,Available
2,0,FHT,20FHT,Call Sign,Amateur Intermediate Radio Licence,Available
2,0,FHV,20FHV,Call Sign,Amateur Intermediate Radio Licence,Available
2,0,FHW,20FHW,Call Sign,Amateur Intermediate Radio Licence,Available
2,0,FHX,20FHX,Call Sign,Amateur Intermediate Radio Licence,Available
2,0,FHY,20FHY,Call Sign,Amateur Intermediate Radio Licence,Available
2,0,FHZ,20FHZ,Call Sign,Amateur Intermediate Radio Licence,Available
2,0,FID,20FID,Call Sign,Amateur Intermediate Radio Licence,Available
2,0,FIE,20FIE,Call Sign,Amateur Intermediate Radio Licence,Available
2,0,FIH,20FIH,Call Sign,Amateur Intermediate Radio Licence,Available
2,0,FII,20FII,Call Sign,Amateur Intermediate Radio Licence,Available
2,0,FIJ,20FIJ,Call Sign,Amateur Intermediate Radio Licence,Available
2,0,FIK,20FIK,Call Sign,Amateur Intermediate Radio Licence,Available
2,0,FIM,20FIM,Call Sign,Amateur Intermediate Radio Licence,Available
2,0,FIO,20FIO,Call Sign,Amateur Intermediate Radio Licence,Available
2,0,FIP,20FIP,Call Sign,Amateur Intermediate Radio Licence,Available
2,0,FIS,20FIS,Call Sign,Amateur Intermediate Radio Licence,Available
2,0,FIU,20FIU,Call Sign,Amateur Intermediate Radio Licence,Available
2,0,FIV,20FIV,Call Sign,Amateur Intermediate Radio Licence,Available
2,0,FIW,20FIW,Call Sign,Amateur Intermediate Radio Licence,Available
2,0,FIY,20FIY,Call Sign,Amateur Intermediate Radio Licence,Available
2,0,FJB,20FJB,Call Sign,Amateur Intermediate Radio Licence,Available
2,0,FJC,20FJC,Call Sign,Amateur Intermediate Radio Licence,Available
2,0,FJD,20FJD,Call Sign,Amateur Intermediate Radio Licence,Available
2,0,FJE,20FJE,Call Sign,Amateur Intermediate Radio Licence,Available
2,0,FJF,20FJF,Call Sign,Amateur Intermediate Radio Licence,Available
2,0,FJG,20FJG,Call Sign,Amateur Intermediate Radio Licence,Available
2,0,FJH,20FJH,Call Sign,Amateur Intermediate Radio Licence,Available
2,0,FJI,20FJI,Call Sign,Amateur Intermediate Radio Licence,Available
2,0,FJJ,20FJJ,Call Sign,Amateur Intermediate Radio Licence,Available
2,0,FJK,20FJK,Call Sign,Amateur Intermediate Radio Licence,Available
2,0,FJL,20FJL,Call Sign,Amateur Intermediate Radio Licence,Available
2,0,FJN,20FJN,Call Sign,Amateur Intermediate Radio Licence,Available
2,0,FJO,20FJO,Call Sign,Amateur Intermediate Radio Licence,Available
2,0,FJQ,20FJQ,Call Sign,Amateur Intermediate Radio Licence,Available
2,0,FJT,20FJT,Call Sign,Amateur Intermediate Radio Licence,Available
2,0,FJU,20FJU,Call Sign,Amateur Intermediate Radio Licence,Available
2,0,FJV,20FJV,Call Sign,Amateur Intermediate Radio Licence,Available
2,0,FJW,20FJW,Call Sign,Amateur Intermediate Radio Licence,Available
2,0,FJX,20FJX,Call Sign,Amateur Intermediate Radio Licence,Available
2,0,FJY,20FJY,Call Sign,Amateur Intermediate Radio Licence,Available
2,0,FKB,20FKB,Call Sign,Amateur Intermediate Radio Licence,Available
2,0,FKC,20FKC,Call Sign,Amateur Intermediate Radio Licence,Available
2,0,FKD,20FKD,Call Sign,Amateur Intermediate Radio Licence,Available
2,0,FKE,20FKE,Call Sign,Amateur Intermediate Radio Licence,Available
2,0,FKF,20FKF,Call Sign,Amateur Intermediate Radio Licence,Available
2,0,FKI,20FKI,Call Sign,Amateur Intermediate Radio Licence,Available
2,0,FKJ,20FKJ,Call Sign,Amateur Intermediate Radio Licence,Available
2,0,FKK,20FKK,Call Sign,Amateur Intermediate Radio Licence,Available
2,0,FKL,20FKL,Call Sign,Amateur Intermediate Radio Licence,Available
2,0,FKM,20FKM,Call Sign,Amateur Intermediate Radio Licence,Available
2,0,FKO,20FKO,Call Sign,Amateur Intermediate Radio Licence,Available
2,0,FKP,20FKP,Call Sign,Amateur Intermediate Radio Licence,Available
2,0,FKQ,20FKQ,Call Sign,Amateur Intermediate Radio Licence,Available
2,0,FKR,20FKR,Call Sign,Amateur Intermediate Radio Licence,Available
2,0,FKT,20FKT,Call Sign,Amateur Intermediate Radio Licence,Available
2,0,FKV,20FKV,Call Sign,Amateur Intermediate Radio Licence,Available
2,0,FKW,20FKW,Call Sign,Amateur Intermediate Radio Licence,Available
2,0,FKX,20FKX,Call Sign,Amateur Intermediate Radio Licence,Available
2,0,FKY,20FKY,Call Sign,Amateur Intermediate Radio Licence,Available
2,0,FKZ,20FKZ,Call Sign,Amateur Intermediate Radio Licence,Available
2,0,FLB,20FLB,Call Sign,Amateur Intermediate Radio Licence,Available
2,0,FLD,20FLD,Call Sign,Amateur Intermediate Radio Licence,Available
2,0,FLF,20FLF,Call Sign,Amateur Intermediate Radio Licence,Available
2,0,FLH,20FLH,Call Sign,Amateur Intermediate Radio Licence,Available
2,0,FLI,20FLI,Call Sign,Amateur Intermediate Radio Licence,Available
2,0,FLK,20FLK,Call Sign,Amateur Intermediate Radio Licence,Available
2,0,FLL,20FLL,Call Sign,Amateur Intermediate Radio Licence,Available
2,0,FLM,20FLM,Call Sign,Amateur Intermediate Radio Licence,Available
2,0,FLQ,20FLQ,Call Sign,Amateur Intermediate Radio Licence,Available
2,0,FLS,20FLS,Call Sign,Amateur Intermediate Radio Licence,Available
2,0,FLU,20FLU,Call Sign,Amateur Intermediate Radio Licence,Available
2,0,FLV,20FLV,Call Sign,Amateur Intermediate Radio Licence,Available
2,0,FLW,20FLW,Call Sign,Amateur Intermediate Radio Licence,Available
2,0,FLZ,20FLZ,Call Sign,Amateur Intermediate Radio Licence,Available
2,0,FMH,20FMH,Call Sign,Amateur Intermediate Radio Licence,Available
2,0,FMI,20FMI,Call Sign,Amateur Intermediate Radio Licence,Available
2,0,FMJ,20FMJ,Call Sign,Amateur Intermediate Radio Licence,Available
2,0,FMK,20FMK,Call Sign,Amateur Intermediate Radio Licence,Available
2,0,FMM,20FMM,Call Sign,Amateur Intermediate Radio Licence,Available
2,0,FMN,20FMN,Call Sign,Amateur Intermediate Radio Licence,Available
2,0,FMO,20FMO,Call Sign,Amateur Intermediate Radio Licence,Available
2,0,FMP,20FMP,Call Sign,Amateur Intermediate Radio Licence,Available
2,0,FMQ,20FMQ,Call Sign,Amateur Intermediate Radio Licence,Available
2,0,FMR,20FMR,Call Sign,Amateur Intermediate Radio Licence,Available
2,0,FMT,20FMT,Call Sign,Amateur Intermediate Radio Licence,Available
2,0,FMU,20FMU,Call Sign,Amateur Intermediate Radio Licence,Available
2,0,FMV,20FMV,Call Sign,Amateur Intermediate Radio Licence,Available
2,0,FMW,20FMW,Call Sign,Amateur Intermediate Radio Licence,Available
2,0,FMZ,20FMZ,Call Sign,Amateur Intermediate Radio Licence,Available
2,0,FNA,20FNA,Call Sign,Amateur Intermediate Radio Licence,Available
2,0,FNC,20FNC,Call Sign,Amateur Intermediate Radio Licence,Available
2,0,FND,20FND,Call Sign,Amateur Intermediate Radio Licence,Available
2,0,FNE,20FNE,Call Sign,Amateur Intermediate Radio Licence,Available
2,0,FNF,20FNF,Call Sign,Amateur Intermediate Radio Licence,Available
2,0,FNH,20FNH,Call Sign,Amateur Intermediate Radio Licence,Available
2,0,FNI,20FNI,Call Sign,Amateur Intermediate Radio Licence,Available
2,0,FNJ,20FNJ,Call Sign,Amateur Intermediate Radio Licence,Available
2,0,FNK,20FNK,Call Sign,Amateur Intermediate Radio Licence,Available
2,0,FNL,20FNL,Call Sign,Amateur Intermediate Radio Licence,Available
2,0,FNM,20FNM,Call Sign,Amateur Intermediate Radio Licence,Available
2,0,FNO,20FNO,Call Sign,Amateur Intermediate Radio Licence,Available
2,0,FNP,20FNP,Call Sign,Amateur Intermediate Radio Licence,Available
2,0,FNR,20FNR,Call Sign,Amateur Intermediate Radio Licence,Available
2,0,FNS,20FNS,Call Sign,Amateur Intermediate Radio Licence,Available
2,0,FNT,20FNT,Call Sign,Amateur Intermediate Radio Licence,Available
2,0,FNU,20FNU,Call Sign,Amateur Intermediate Radio Licence,Available
2,0,FNV,20FNV,Call Sign,Amateur Intermediate Radio Licence,Available
2,0,FNW,20FNW,Call Sign,Amateur Intermediate Radio Licence,Available
2,0,FNX,20FNX,Call Sign,Amateur Intermediate Radio Licence,Available
2,0,FNY,20FNY,Call Sign,Amateur Intermediate Radio Licence,Available
2,0,FNZ,20FNZ,Call Sign,Amateur Intermediate Radio Licence,Available
2,0,FOA,20FOA,Call Sign,Amateur Intermediate Radio Licence,Available
2,0,FOB,20FOB,Call Sign,Amateur Intermediate Radio Licence,Available
2,0,FOE,20FOE,Call Sign,Amateur Intermediate Radio Licence,Available
2,0,FOH,20FOH,Call Sign,Amateur Intermediate Radio Licence,Available
2,0,FOI,20FOI,Call Sign,Amateur Intermediate Radio Licence,Available
2,0,FOK,20FOK,Call Sign,Amateur Intermediate Radio Licence,Available
2,0,FOL,20FOL,Call Sign,Amateur Intermediate Radio Licence,Available
2,0,FOM,20FOM,Call Sign,Amateur Intermediate Radio Licence,Available
2,0,FOP,20FOP,Call Sign,Amateur Intermediate Radio Licence,Available
2,0,FOQ,20FOQ,Call Sign,Amateur Intermediate Radio Licence,Available
2,0,FOT,20FOT,Call Sign,Amateur Intermediate Radio Licence,Available
2,0,FOU,20FOU,Call Sign,Amateur Intermediate Radio Licence,Available
2,0,FOV,20FOV,Call Sign,Amateur Intermediate Radio Licence,Available
2,0,FOW,20FOW,Call Sign,Amateur Intermediate Radio Licence,Available
2,0,FPB,20FPB,Call Sign,Amateur Intermediate Radio Licence,Available
2,0,FPD,20FPD,Call Sign,Amateur Intermediate Radio Licence,Available
2,0,FPF,20FPF,Call Sign,Amateur Intermediate Radio Licence,Available
2,0,FPG,20FPG,Call Sign,Amateur Intermediate Radio Licence,Available
2,0,FPH,20FPH,Call Sign,Amateur Intermediate Radio Licence,Available
2,0,FPI,20FPI,Call Sign,Amateur Intermediate Radio Licence,Available
2,0,FPJ,20FPJ,Call Sign,Amateur Intermediate Radio Licence,Available
2,0,FPL,20FPL,Call Sign,Amateur Intermediate Radio Licence,Available
2,0,FPM,20FPM,Call Sign,Amateur Intermediate Radio Licence,Available
2,0,FPN,20FPN,Call Sign,Amateur Intermediate Radio Licence,Available
2,0,FPP,20FPP,Call Sign,Amateur Intermediate Radio Licence,Available
2,0,FPQ,20FPQ,Call Sign,Amateur Intermediate Radio Licence,Available
2,0,FPR,20FPR,Call Sign,Amateur Intermediate Radio Licence,Available
2,0,FPS,20FPS,Call Sign,Amateur Intermediate Radio Licence,Available
2,0,FPU,20FPU,Call Sign,Amateur Intermediate Radio Licence,Available
2,0,FPW,20FPW,Call Sign,Amateur Intermediate Radio Licence,Available
2,0,FPX,20FPX,Call Sign,Amateur Intermediate Radio Licence,Available
2,0,FPY,20FPY,Call Sign,Amateur Intermediate Radio Licence,Available
2,0,FPZ,20FPZ,Call Sign,Amateur Intermediate Radio Licence,Available
2,0,FQA,20FQA,Call Sign,Amateur Intermediate Radio Licence,Available
2,0,FQB,20FQB,Call Sign,Amateur Intermediate Radio Licence,Available
2,0,FQD,20FQD,Call Sign,Amateur Intermediate Radio Licence,Available
2,0,FQE,20FQE,Call Sign,Amateur Intermediate Radio Licence,Available
2,0,FQF,20FQF,Call Sign,Amateur Intermediate Radio Licence,Available
2,0,FQG,20FQG,Call Sign,Amateur Intermediate Radio Licence,Available
2,0,FQH,20FQH,Call Sign,Amateur Intermediate Radio Licence,Available
2,0,FQI,20FQI,Call Sign,Amateur Intermediate Radio Licence,Available
2,0,FQJ,20FQJ,Call Sign,Amateur Intermediate Radio Licence,Available
2,0,FQK,20FQK,Call Sign,Amateur Intermediate Radio Licence,Available
2,0,FQL,20FQL,Call Sign,Amateur Intermediate Radio Licence,Available
2,0,FQM,20FQM,Call Sign,Amateur Intermediate Radio Licence,Available
2,0,FQN,20FQN,Call Sign,Amateur Intermediate Radio Licence,Available
2,0,FQO,20FQO,Call Sign,Amateur Intermediate Radio Licence,Available
2,0,FQP,20FQP,Call Sign,Amateur Intermediate Radio Licence,Available
2,0,FQQ,20FQQ,Call Sign,Amateur Intermediate Radio Licence,Available
2,0,FQR,20FQR,Call Sign,Amateur Intermediate Radio Licence,Available
2,0,FQS,20FQS,Call Sign,Amateur Intermediate Radio Licence,Available
2,0,FQU,20FQU,Call Sign,Amateur Intermediate Radio Licence,Available
2,0,FQW,20FQW,Call Sign,Amateur Intermediate Radio Licence,Available
2,0,FQX,20FQX,Call Sign,Amateur Intermediate Radio Licence,Available
2,0,FQY,20FQY,Call Sign,Amateur Intermediate Radio Licence,Available
2,0,FQZ,20FQZ,Call Sign,Amateur Intermediate Radio Licence,Available
2,0,FRD,20FRD,Call Sign,Amateur Intermediate Radio Licence,Available
2,0,FRH,20FRH,Call Sign,Amateur Intermediate Radio Licence,Available
2,0,FRI,20FRI,Call Sign,Amateur Intermediate Radio Licence,Available
2,0,FRJ,20FRJ,Call Sign,Amateur Intermediate Radio Licence,Available
2,0,FRL,20FRL,Call Sign,Amateur Intermediate Radio Licence,Available
2,0,FRM,20FRM,Call Sign,Amateur Intermediate Radio Licence,Available
2,0,FRP,20FRP,Call Sign,Amateur Intermediate Radio Licence,Available
2,0,FRQ,20FRQ,Call Sign,Amateur Intermediate Radio Licence,Available
2,0,FRR,20FRR,Call Sign,Amateur Intermediate Radio Licence,Available
2,0,FRS,20FRS,Call Sign,Amateur Intermediate Radio Licence,Available
2,0,FRU,20FRU,Call Sign,Amateur Intermediate Radio Licence,Available
2,0,FRW,20FRW,Call Sign,Amateur Intermediate Radio Licence,Available
2,0,FSA,20FSA,Call Sign,Amateur Intermediate Radio Licence,Available
2,0,FSC,20FSC,Call Sign,Amateur Intermediate Radio Licence,Available
2,0,FSD,20FSD,Call Sign,Amateur Intermediate Radio Licence,Available
2,0,FSE,20FSE,Call Sign,Amateur Intermediate Radio Licence,Available
2,0,FSI,20FSI,Call Sign,Amateur Intermediate Radio Licence,Available
2,0,FSJ,20FSJ,Call Sign,Amateur Intermediate Radio Licence,Available
2,0,FSN,20FSN,Call Sign,Amateur Intermediate Radio Licence,Available
2,0,FSO,20FSO,Call Sign,Amateur Intermediate Radio Licence,Available
2,0,FSQ,20FSQ,Call Sign,Amateur Intermediate Radio Licence,Available
2,0,FSS,20FSS,Call Sign,Amateur Intermediate Radio Licence,Available
2,0,FST,20FST,Call Sign,Amateur Intermediate Radio Licence,Available
2,0,FSU,20FSU,Call Sign,Amateur Intermediate Radio Licence,Available
2,0,FSV,20FSV,Call Sign,Amateur Intermediate Radio Licence,Available
2,0,FSW,20FSW,Call Sign,Amateur Intermediate Radio Licence,Available
2,0,FSY,20FSY,Call Sign,Amateur Intermediate Radio Licence,Available
2,0,FSZ,20FSZ,Call Sign,Amateur Intermediate Radio Licence,Available
2,0,FTA,20FTA,Call Sign,Amateur Intermediate Radio Licence,Available
2,0,FTB,20FTB,Call Sign,Amateur Intermediate Radio Licence,Available
2,0,FTC,20FTC,Call Sign,Amateur Intermediate Radio Licence,Available
2,0,FTD,20FTD,Call Sign,Amateur Intermediate Radio Licence,Available
2,0,FTE,20FTE,Call Sign,Amateur Intermediate Radio Licence,Available
2,0,FTF,20FTF,Call Sign,Amateur Intermediate Radio Licence,Available
2,0,FTG,20FTG,Call Sign,Amateur Intermediate Radio Licence,Available
2,0,FTI,20FTI,Call Sign,Amateur Intermediate Radio Licence,Available
2,0,FTK,20FTK,Call Sign,Amateur Intermediate Radio Licence,Available
2,0,FTL,20FTL,Call Sign,Amateur Intermediate Radio Licence,Available
2,0,FTO,20FTO,Call Sign,Amateur Intermediate Radio Licence,Available
2,0,FTP,20FTP,Call Sign,Amateur Intermediate Radio Licence,Available
2,0,FTQ,20FTQ,Call Sign,Amateur Intermediate Radio Licence,Available
2,0,FTS,20FTS,Call Sign,Amateur Intermediate Radio Licence,Available
2,0,FTT,20FTT,Call Sign,Amateur Intermediate Radio Licence,Available
2,0,FTU,20FTU,Call Sign,Amateur Intermediate Radio Licence,Available
2,0,FTY,20FTY,Call Sign,Amateur Intermediate Radio Licence,Available
2,0,FTZ,20FTZ,Call Sign,Amateur Intermediate Radio Licence,Available
2,0,FUA,20FUA,Call Sign,Amateur Intermediate Radio Licence,Available
2,0,FUB,20FUB,Call Sign,Amateur Intermediate Radio Licence,Available
2,0,FUE,20FUE,Call Sign,Amateur Intermediate Radio Licence,Available
2,0,FUF,20FUF,Call Sign,Amateur Intermediate Radio Licence,Available
2,0,FUG,20FUG,Call Sign,Amateur Intermediate Radio Licence,Available
2,0,FUI,20FUI,Call Sign,Amateur Intermediate Radio Licence,Available
2,0,FUJ,20FUJ,Call Sign,Amateur Intermediate Radio Licence,Available
2,0,FUL,20FUL,Call Sign,Amateur Intermediate Radio Licence,Available
2,0,FUM,20FUM,Call Sign,Amateur Intermediate Radio Licence,Available
2,0,FUO,20FUO,Call Sign,Amateur Intermediate Radio Licence,Available
2,0,FUP,20FUP,Call Sign,Amateur Intermediate Radio Licence,Available
2,0,FUQ,20FUQ,Call Sign,Amateur Intermediate Radio Licence,Available
2,0,FUS,20FUS,Call Sign,Amateur Intermediate Radio Licence,Available
2,0,FUU,20FUU,Call Sign,Amateur Intermediate Radio Licence,Available
2,0,FUV,20FUV,Call Sign,Amateur Intermediate Radio Licence,Available
2,0,FUY,20FUY,Call Sign,Amateur Intermediate Radio Licence,Available
2,0,FVA,20FVA,Call Sign,Amateur Intermediate Radio Licence,Available
2,0,FVB,20FVB,Call Sign,Amateur Intermediate Radio Licence,Available
2,0,FVC,20FVC,Call Sign,Amateur Intermediate Radio Licence,Available
2,0,FVE,20FVE,Call Sign,Amateur Intermediate Radio Licence,Available
2,0,FVF,20FVF,Call Sign,Amateur Intermediate Radio Licence,Available
2,0,FVG,20FVG,Call Sign,Amateur Intermediate Radio Licence,Available
2,0,FVH,20FVH,Call Sign,Amateur Intermediate Radio Licence,Available
2,0,FVI,20FVI,Call Sign,Amateur Intermediate Radio Licence,Available
2,0,FVJ,20FVJ,Call Sign,Amateur Intermediate Radio Licence,Available
2,0,FVK,20FVK,Call Sign,Amateur Intermediate Radio Licence,Available
2,0,FVN,20FVN,Call Sign,Amateur Intermediate Radio Licence,Available
2,0,FVO,20FVO,Call Sign,Amateur Intermediate Radio Licence,Available
2,0,FVP,20FVP,Call Sign,Amateur Intermediate Radio Licence,Available
2,0,FVQ,20FVQ,Call Sign,Amateur Intermediate Radio Licence,Available
2,0,FVR,20FVR,Call Sign,Amateur Intermediate Radio Licence,Available
2,0,FVS,20FVS,Call Sign,Amateur Intermediate Radio Licence,Available
2,0,FVT,20FVT,Call Sign,Amateur Intermediate Radio Licence,Available
2,0,FVU,20FVU,Call Sign,Amateur Intermediate Radio Licence,Available
2,0,FVV,20FVV,Call Sign,Amateur Intermediate Radio Licence,Available
2,0,FVW,20FVW,Call Sign,Amateur Intermediate Radio Licence,Available
2,0,FVX,20FVX,Call Sign,Amateur Intermediate Radio Licence,Available
2,0,FVY,20FVY,Call Sign,Amateur Intermediate Radio Licence,Available
2,0,FVZ,20FVZ,Call Sign,Amateur Intermediate Radio Licence,Available
2,0,FWA,20FWA,Call Sign,Amateur Intermediate Radio Licence,Available
2,0,FWB,20FWB,Call Sign,Amateur Intermediate Radio Licence,Available
2,0,FWE,20FWE,Call Sign,Amateur Intermediate Radio Licence,Available
2,0,FWF,20FWF,Call Sign,Amateur Intermediate Radio Licence,Available
2,0,FWG,20FWG,Call Sign,Amateur Intermediate Radio Licence,Available
2,0,FWH,20FWH,Call Sign,Amateur Intermediate Radio Licence,Available
2,0,FWI,20FWI,Call Sign,Amateur Intermediate Radio Licence,Available
2,0,FWJ,20FWJ,Call Sign,Amateur Intermediate Radio Licence,Available
2,0,FWK,20FWK,Call Sign,Amateur Intermediate Radio Licence,Available
2,0,FWL,20FWL,Call Sign,Amateur Intermediate Radio Licence,Available
2,0,FWM,20FWM,Call Sign,Amateur Intermediate Radio Licence,Available
2,0,FWP,20FWP,Call Sign,Amateur Intermediate Radio Licence,Available
2,0,FWQ,20FWQ,Call Sign,Amateur Intermediate Radio Licence,Available
2,0,FWS,20FWS,Call Sign,Amateur Intermediate Radio Licence,Available
2,0,FWT,20FWT,Call Sign,Amateur Intermediate Radio Licence,Available
2,0,FWU,20FWU,Call Sign,Amateur Intermediate Radio Licence,Available
2,0,FWV,20FWV,Call Sign,Amateur Intermediate Radio Licence,Available
2,0,FWW,20FWW,Call Sign,Amateur Intermediate Radio Licence,Available
2,0,FWX,20FWX,Call Sign,Amateur Intermediate Radio Licence,Available
2,0,FWZ,20FWZ,Call Sign,Amateur Intermediate Radio Licence,Available
2,0,FXA,20FXA,Call Sign,Amateur Intermediate Radio Licence,Available
2,0,FXC,20FXC,Call Sign,Amateur Intermediate Radio Licence,Available
2,0,FXD,20FXD,Call Sign,Amateur Intermediate Radio Licence,Available
2,0,FXE,20FXE,Call Sign,Amateur Intermediate Radio Licence,Available
2,0,FXF,20FXF,Call Sign,Amateur Intermediate Radio Licence,Available
2,0,FXG,20FXG,Call Sign,Amateur Intermediate Radio Licence,Available
2,0,FXH,20FXH,Call Sign,Amateur Intermediate Radio Licence,Available
2,0,FXJ,20FXJ,Call Sign,Amateur Intermediate Radio Licence,Available
2,0,FXK,20FXK,Call Sign,Amateur Intermediate Radio Licence,Available
2,0,FXL,20FXL,Call Sign,Amateur Intermediate Radio Licence,Available
2,0,FXM,20FXM,Call Sign,Amateur Intermediate Radio Licence,Available
2,0,FXN,20FXN,Call Sign,Amateur Intermediate Radio Licence,Available
2,0,FXO,20FXO,Call Sign,Amateur Intermediate Radio Licence,Available
2,0,FXQ,20FXQ,Call Sign,Amateur Intermediate Radio Licence,Available
2,0,FXS,20FXS,Call Sign,Amateur Intermediate Radio Licence,Available
2,0,FXU,20FXU,Call Sign,Amateur Intermediate Radio Licence,Available
2,0,FXV,20FXV,Call Sign,Amateur Intermediate Radio Licence,Available
2,0,FXW,20FXW,Call Sign,Amateur Intermediate Radio Licence,Available
2,0,FXY,20FXY,Call Sign,Amateur Intermediate Radio Licence,Available
2,0,FXZ,20FXZ,Call Sign,Amateur Intermediate Radio Licence,Available
2,0,FYA,20FYA,Call Sign,Amateur Intermediate Radio Licence,Available
2,0,FYC,20FYC,Call Sign,Amateur Intermediate Radio Licence,Available
2,0,FYD,20FYD,Call Sign,Amateur Intermediate Radio Licence,Available
2,0,FYH,20FYH,Call Sign,Amateur Intermediate Radio Licence,Available
2,0,FYJ,20FYJ,Call Sign,Amateur Intermediate Radio Licence,Available
2,0,FYK,20FYK,Call Sign,Amateur Intermediate Radio Licence,Available
2,0,FYM,20FYM,Call Sign,Amateur Intermediate Radio Licence,Available
2,0,FYN,20FYN,Call Sign,Amateur Intermediate Radio Licence,Available
2,0,FYO,20FYO,Call Sign,Amateur Intermediate Radio Licence,Available
2,0,FYP,20FYP,Call Sign,Amateur Intermediate Radio Licence,Available
2,0,FYQ,20FYQ,Call Sign,Amateur Intermediate Radio Licence,Available
2,0,FYR,20FYR,Call Sign,Amateur Intermediate Radio Licence,Available
2,0,FYS,20FYS,Call Sign,Amateur Intermediate Radio Licence,Available
2,0,FYT,20FYT,Call Sign,Amateur Intermediate Radio Licence,Available
2,0,FYU,20FYU,Call Sign,Amateur Intermediate Radio Licence,Available
2,0,FYV,20FYV,Call Sign,Amateur Intermediate Radio Licence,Available
2,0,FYW,20FYW,Call Sign,Amateur Intermediate Radio Licence,Available
2,0,FYX,20FYX,Call Sign,Amateur Intermediate Radio Licence,Available
2,0,FYY,20FYY,Call Sign,Amateur Intermediate Radio Licence,Available
2,0,FYZ,20FYZ,Call Sign,Amateur Intermediate Radio Licence,Available
2,0,FZA,20FZA,Call Sign,Amateur Intermediate Radio Licence,Available
2,0,FZB,20FZB,Call Sign,Amateur Intermediate Radio Licence,Available
2,0,FZC,20FZC,Call Sign,Amateur Intermediate Radio Licence,Available
2,0,FZD,20FZD,Call Sign,Amateur Intermediate Radio Licence,Available
2,0,FZE,20FZE,Call Sign,Amateur Intermediate Radio Licence,Available
2,0,FZF,20FZF,Call Sign,Amateur Intermediate Radio Licence,Available
2,0,FZG,20FZG,Call Sign,Amateur Intermediate Radio Licence,Available
2,0,FZH,20FZH,Call Sign,Amateur Intermediate Radio Licence,Available
2,0,FZI,20FZI,Call Sign,Amateur Intermediate Radio Licence,Available
2,0,FZL,20FZL,Call Sign,Amateur Intermediate Radio Licence,Available
2,0,FZN,20FZN,Call Sign,Amateur Intermediate Radio Licence,Available
2,0,FZO,20FZO,Call Sign,Amateur Intermediate Radio Licence,Available
2,0,FZP,20FZP,Call Sign,Amateur Intermediate Radio Licence,Available
2,0,FZQ,20FZQ,Call Sign,Amateur Intermediate Radio Licence,Available
2,0,FZR,20FZR,Call Sign,Amateur Intermediate Radio Licence,Available
2,0,FZS,20FZS,Call Sign,Amateur Intermediate Radio Licence,Available
2,0,FZT,20FZT,Call Sign,Amateur Intermediate Radio Licence,Available
2,0,FZU,20FZU,Call Sign,Amateur Intermediate Radio Licence,Available
2,0,FZV,20FZV,Call Sign,Amateur Intermediate Radio Licence,Available
2,0,FZW,20FZW,Call Sign,Amateur Intermediate Radio Licence,Available
2,0,FZX,20FZX,Call Sign,Amateur Intermediate Radio Licence,Available
2,0,FZY,20FZY,Call Sign,Amateur Intermediate Radio Licence,Available
2,0,FZZ,20FZZ,Call Sign,Amateur Intermediate Radio Licence,Available
2,0,GCJ,20GCJ,Call Sign,Amateur Intermediate Radio Licence,Available
2,0,GDJ,20GDJ,Call Sign,Amateur Intermediate Radio Licence,Available
2,0,GDT,20GDT,Call Sign,Amateur Intermediate Radio Licence,Available
2,0,GDU,20GDU,Call Sign,Amateur Intermediate Radio Licence,Available
2,0,GDV,20GDV,Call Sign,Amateur Intermediate Radio Licence,Available
2,0,GEA,20GEA,Call Sign,Amateur Intermediate Radio Licence,Available
2,0,GEC,20GEC,Call Sign,Amateur Intermediate Radio Licence,Available
2,0,GEH,20GEH,Call Sign,Amateur Intermediate Radio Licence,Available
2,0,GEI,20GEI,Call Sign,Amateur Intermediate Radio Licence,Available
2,0,GEP,20GEP,Call Sign,Amateur Intermediate Radio Licence,Available
2,0,GEQ,20GEQ,Call Sign,Amateur Intermediate Radio Licence,Available
2,0,GES,20GES,Call Sign,Amateur Intermediate Radio Licence,Available
2,0,GEU,20GEU,Call Sign,Amateur Intermediate Radio Licence,Available
2,0,GEW,20GEW,Call Sign,Amateur Intermediate Radio Licence,Available
2,0,GEX,20GEX,Call Sign,Amateur Intermediate Radio Licence,Available
2,0,GEY,20GEY,Call Sign,Amateur Intermediate Radio Licence,Available
2,0,GEZ,20GEZ,Call Sign,Amateur Intermediate Radio Licence,Available
2,0,GFA,20GFA,Call Sign,Amateur Intermediate Radio Licence,Available
2,0,GFD,20GFD,Call Sign,Amateur Intermediate Radio Licence,Available
2,0,GFG,20GFG,Call Sign,Amateur Intermediate Radio Licence,Available
2,0,GFH,20GFH,Call Sign,Amateur Intermediate Radio Licence,Available
2,0,GFI,20GFI,Call Sign,Amateur Intermediate Radio Licence,Available
2,0,GFJ,20GFJ,Call Sign,Amateur Intermediate Radio Licence,Available
2,0,GFK,20GFK,Call Sign,Amateur Intermediate Radio Licence,Available
2,0,GFL,20GFL,Call Sign,Amateur Intermediate Radio Licence,Available
2,0,GFM,20GFM,Call Sign,Amateur Intermediate Radio Licence,Available
2,0,GFN,20GFN,Call Sign,Amateur Intermediate Radio Licence,Available
2,0,GFQ,20GFQ,Call Sign,Amateur Intermediate Radio Licence,Available
2,0,GFR,20GFR,Call Sign,Amateur Intermediate Radio Licence,Available
2,0,GFS,20GFS,Call Sign,Amateur Intermediate Radio Licence,Available
2,0,GFT,20GFT,Call Sign,Amateur Intermediate Radio Licence,Available
2,0,GFU,20GFU,Call Sign,Amateur Intermediate Radio Licence,Available
2,0,GFV,20GFV,Call Sign,Amateur Intermediate Radio Licence,Available
2,0,GFY,20GFY,Call Sign,Amateur Intermediate Radio Licence,Available
2,0,GFZ,20GFZ,Call Sign,Amateur Intermediate Radio Licence,Available
2,0,GGA,20GGA,Call Sign,Amateur Intermediate Radio Licence,Available
2,0,GGB,20GGB,Call Sign,Amateur Intermediate Radio Licence,Available
2,0,GGC,20GGC,Call Sign,Amateur Intermediate Radio Licence,Available
2,0,GGD,20GGD,Call Sign,Amateur Intermediate Radio Licence,Available
2,0,GGE,20GGE,Call Sign,Amateur Intermediate Radio Licence,Available
2,0,GGH,20GGH,Call Sign,Amateur Intermediate Radio Licence,Available
2,0,GGJ,20GGJ,Call Sign,Amateur Intermediate Radio Licence,Available
2,0,GGK,20GGK,Call Sign,Amateur Intermediate Radio Licence,Available
2,0,GGM,20GGM,Call Sign,Amateur Intermediate Radio Licence,Available
2,0,GGN,20GGN,Call Sign,Amateur Intermediate Radio Licence,Available
2,0,GGP,20GGP,Call Sign,Amateur Intermediate Radio Licence,Available
2,0,GGQ,20GGQ,Call Sign,Amateur Intermediate Radio Licence,Available
2,0,GGS,20GGS,Call Sign,Amateur Intermediate Radio Licence,Available
2,0,GGU,20GGU,Call Sign,Amateur Intermediate Radio Licence,Available
2,0,GGV,20GGV,Call Sign,Amateur Intermediate Radio Licence,Available
2,0,GGX,20GGX,Call Sign,Amateur Intermediate Radio Licence,Available
2,0,GGZ,20GGZ,Call Sign,Amateur Intermediate Radio Licence,Available
2,0,GHC,20GHC,Call Sign,Amateur Intermediate Radio Licence,Available
2,0,GHE,20GHE,Call Sign,Amateur Intermediate Radio Licence,Available
2,0,GHF,20GHF,Call Sign,Amateur Intermediate Radio Licence,Available
2,0,GHG,20GHG,Call Sign,Amateur Intermediate Radio Licence,Available
2,0,GHH,20GHH,Call Sign,Amateur Intermediate Radio Licence,Available
2,0,GHI,20GHI,Call Sign,Amateur Intermediate Radio Licence,Available
2,0,GHJ,20GHJ,Call Sign,Amateur Intermediate Radio Licence,Available
2,0,GHN,20GHN,Call Sign,Amateur Intermediate Radio Licence,Available
2,0,GHO,20GHO,Call Sign,Amateur Intermediate Radio Licence,Available
2,0,GHV,20GHV,Call Sign,Amateur Intermediate Radio Licence,Available
2,0,GIC,20GIC,Call Sign,Amateur Intermediate Radio Licence,Available
2,0,GID,20GID,Call Sign,Amateur Intermediate Radio Licence,Available
2,0,GIE,20GIE,Call Sign,Amateur Intermediate Radio Licence,Available
2,0,GIF,20GIF,Call Sign,Amateur Intermediate Radio Licence,Available
2,0,GII,20GII,Call Sign,Amateur Intermediate Radio Licence,Available
2,0,GIJ,20GIJ,Call Sign,Amateur Intermediate Radio Licence,Available
2,0,GIK,20GIK,Call Sign,Amateur Intermediate Radio Licence,Available
2,0,GIM,20GIM,Call Sign,Amateur Intermediate Radio Licence,Available
2,0,GIP,20GIP,Call Sign,Amateur Intermediate Radio Licence,Available
2,0,GIU,20GIU,Call Sign,Amateur Intermediate Radio Licence,Available
2,0,GIY,20GIY,Call Sign,Amateur Intermediate Radio Licence,Available
2,0,GJA,20GJA,Call Sign,Amateur Intermediate Radio Licence,Available
2,0,GJF,20GJF,Call Sign,Amateur Intermediate Radio Licence,Available
2,0,GJG,20GJG,Call Sign,Amateur Intermediate Radio Licence,Available
2,0,GJI,20GJI,Call Sign,Amateur Intermediate Radio Licence,Available
2,0,GJK,20GJK,Call Sign,Amateur Intermediate Radio Licence,Available
2,0,GJN,20GJN,Call Sign,Amateur Intermediate Radio Licence,Available
2,0,GJP,20GJP,Call Sign,Amateur Intermediate Radio Licence,Available
2,0,GJQ,20GJQ,Call Sign,Amateur Intermediate Radio Licence,Available
2,0,GJR,20GJR,Call Sign,Amateur Intermediate Radio Licence,Available
2,0,GJT,20GJT,Call Sign,Amateur Intermediate Radio Licence,Available
2,0,GJU,20GJU,Call Sign,Amateur Intermediate Radio Licence,Available
2,0,GJV,20GJV,Call Sign,Amateur Intermediate Radio Licence,Available
2,0,GJW,20GJW,Call Sign,Amateur Intermediate Radio Licence,Available
2,0,GJX,20GJX,Call Sign,Amateur Intermediate Radio Licence,Available
2,0,GJY,20GJY,Call Sign,Amateur Intermediate Radio Licence,Available
2,0,GJZ,20GJZ,Call Sign,Amateur Intermediate Radio Licence,Available
2,0,GKC,20GKC,Call Sign,Amateur Intermediate Radio Licence,Available
2,0,GKE,20GKE,Call Sign,Amateur Intermediate Radio Licence,Available
2,0,GKF,20GKF,Call Sign,Amateur Intermediate Radio Licence,Available
2,0,GKG,20GKG,Call Sign,Amateur Intermediate Radio Licence,Available
2,0,GKH,20GKH,Call Sign,Amateur Intermediate Radio Licence,Available
2,0,GKI,20GKI,Call Sign,Amateur Intermediate Radio Licence,Available
2,0,GKJ,20GKJ,Call Sign,Amateur Intermediate Radio Licence,Available
2,0,GKK,20GKK,Call Sign,Amateur Intermediate Radio Licence,Available
2,0,GKL,20GKL,Call Sign,Amateur Intermediate Radio Licence,Available
2,0,GKN,20GKN,Call Sign,Amateur Intermediate Radio Licence,Available
2,0,GKO,20GKO,Call Sign,Amateur Intermediate Radio Licence,Available
2,0,GKP,20GKP,Call Sign,Amateur Intermediate Radio Licence,Available
2,0,GKQ,20GKQ,Call Sign,Amateur Intermediate Radio Licence,Available
2,0,GKT,20GKT,Call Sign,Amateur Intermediate Radio Licence,Available
2,0,GKU,20GKU,Call Sign,Amateur Intermediate Radio Licence,Available
2,0,GKV,20GKV,Call Sign,Amateur Intermediate Radio Licence,Available
2,0,GKW,20GKW,Call Sign,Amateur Intermediate Radio Licence,Available
2,0,GKX,20GKX,Call Sign,Amateur Intermediate Radio Licence,Available
2,0,GKZ,20GKZ,Call Sign,Amateur Intermediate Radio Licence,Available
2,0,GLG,20GLG,Call Sign,Amateur Intermediate Radio Licence,Available
2,0,GLJ,20GLJ,Call Sign,Amateur Intermediate Radio Licence,Available
2,0,GLL,20GLL,Call Sign,Amateur Intermediate Radio Licence,Available
2,0,GLM,20GLM,Call Sign,Amateur Intermediate Radio Licence,Available
2,0,GLO,20GLO,Call Sign,Amateur Intermediate Radio Licence,Available
2,0,GLP,20GLP,Call Sign,Amateur Intermediate Radio Licence,Available
2,0,GLQ,20GLQ,Call Sign,Amateur Intermediate Radio Licence,Available
2,0,GLZ,20GLZ,Call Sign,Amateur Intermediate Radio Licence,Available
2,0,GMF,20GMF,Call Sign,Amateur Intermediate Radio Licence,Available
2,0,GMI,20GMI,Call Sign,Amateur Intermediate Radio Licence,Available
2,0,GMJ,20GMJ,Call Sign,Amateur Intermediate Radio Licence,Available
2,0,GMK,20GMK,Call Sign,Amateur Intermediate Radio Licence,Available
2,0,GMP,20GMP,Call Sign,Amateur Intermediate Radio Licence,Available
2,0,GMQ,20GMQ,Call Sign,Amateur Intermediate Radio Licence,Available
2,0,GMV,20GMV,Call Sign,Amateur Intermediate Radio Licence,Available
2,0,GMY,20GMY,Call Sign,Amateur Intermediate Radio Licence,Available
2,0,GNA,20GNA,Call Sign,Amateur Intermediate Radio Licence,Available
2,0,GNB,20GNB,Call Sign,Amateur Intermediate Radio Licence,Available
2,0,GNC,20GNC,Call Sign,Amateur Intermediate Radio Licence,Available
2,0,GNE,20GNE,Call Sign,Amateur Intermediate Radio Licence,Available
2,0,GNF,20GNF,Call Sign,Amateur Intermediate Radio Licence,Available
2,0,GNH,20GNH,Call Sign,Amateur Intermediate Radio Licence,Available
2,0,GNI,20GNI,Call Sign,Amateur Intermediate Radio Licence,Available
2,0,GNJ,20GNJ,Call Sign,Amateur Intermediate Radio Licence,Available
2,0,GNK,20GNK,Call Sign,Amateur Intermediate Radio Licence,Available
2,0,GNL,20GNL,Call Sign,Amateur Intermediate Radio Licence,Available
2,0,GNM,20GNM,Call Sign,Amateur Intermediate Radio Licence,Available
2,0,GNO,20GNO,Call Sign,Amateur Intermediate Radio Licence,Available
2,0,GNQ,20GNQ,Call Sign,Amateur Intermediate Radio Licence,Available
2,0,GNV,20GNV,Call Sign,Amateur Intermediate Radio Licence,Available
2,0,GNX,20GNX,Call Sign,Amateur Intermediate Radio Licence,Available
2,0,GNY,20GNY,Call Sign,Amateur Intermediate Radio Licence,Available
2,0,GNZ,20GNZ,Call Sign,Amateur Intermediate Radio Licence,Available
2,0,GOB,20GOB,Call Sign,Amateur Intermediate Radio Licence,Available
2,0,GOC,20GOC,Call Sign,Amateur Intermediate Radio Licence,Available
2,0,GOE,20GOE,Call Sign,Amateur Intermediate Radio Licence,Available
2,0,GOF,20GOF,Call Sign,Amateur Intermediate Radio Licence,Available
2,0,GOG,20GOG,Call Sign,Amateur Intermediate Radio Licence,Available
2,0,GOH,20GOH,Call Sign,Amateur Intermediate Radio Licence,Available
2,0,GOI,20GOI,Call Sign,Amateur Intermediate Radio Licence,Available
2,0,GOJ,20GOJ,Call Sign,Amateur Intermediate Radio Licence,Available
2,0,GOK,20GOK,Call Sign,Amateur Intermediate Radio Licence,Available
2,0,GOO,20GOO,Call Sign,Amateur Intermediate Radio Licence,Available
2,0,GOP,20GOP,Call Sign,Amateur Intermediate Radio Licence,Available
2,0,GOT,20GOT,Call Sign,Amateur Intermediate Radio Licence,Available
2,0,GOU,20GOU,Call Sign,Amateur Intermediate Radio Licence,Available
2,0,GOX,20GOX,Call Sign,Amateur Intermediate Radio Licence,Available
2,0,GOY,20GOY,Call Sign,Amateur Intermediate Radio Licence,Available
2,0,GOZ,20GOZ,Call Sign,Amateur Intermediate Radio Licence,Available
2,0,GPD,20GPD,Call Sign,Amateur Intermediate Radio Licence,Available
2,0,GPI,20GPI,Call Sign,Amateur Intermediate Radio Licence,Available
2,0,GPJ,20GPJ,Call Sign,Amateur Intermediate Radio Licence,Available
2,0,GPM,20GPM,Call Sign,Amateur Intermediate Radio Licence,Available
2,0,GPN,20GPN,Call Sign,Amateur Intermediate Radio Licence,Available
2,0,GPP,20GPP,Call Sign,Amateur Intermediate Radio Licence,Available
2,0,GPQ,20GPQ,Call Sign,Amateur Intermediate Radio Licence,Available
2,0,GPR,20GPR,Call Sign,Amateur Intermediate Radio Licence,Available
2,0,GPV,20GPV,Call Sign,Amateur Intermediate Radio Licence,Available
2,0,GQA,20GQA,Call Sign,Amateur Intermediate Radio Licence,Available
2,0,GQC,20GQC,Call Sign,Amateur Intermediate Radio Licence,Available
2,0,GQE,20GQE,Call Sign,Amateur Intermediate Radio Licence,Available
2,0,GQF,20GQF,Call Sign,Amateur Intermediate Radio Licence,Available
2,0,GQG,20GQG,Call Sign,Amateur Intermediate Radio Licence,Available
2,0,GQH,20GQH,Call Sign,Amateur Intermediate Radio Licence,Available
2,0,GQI,20GQI,Call Sign,Amateur Intermediate Radio Licence,Available
2,0,GQJ,20GQJ,Call Sign,Amateur Intermediate Radio Licence,Available
2,0,GQK,20GQK,Call Sign,Amateur Intermediate Radio Licence,Available
2,0,GQL,20GQL,Call Sign,Amateur Intermediate Radio Licence,Available
2,0,GQM,20GQM,Call Sign,Amateur Intermediate Radio Licence,Available
2,0,GQN,20GQN,Call Sign,Amateur Intermediate Radio Licence,Available
2,0,GQO,20GQO,Call Sign,Amateur Intermediate Radio Licence,Available
2,0,GQP,20GQP,Call Sign,Amateur Intermediate Radio Licence,Available
2,0,GQQ,20GQQ,Call Sign,Amateur Intermediate Radio Licence,Available
2,0,GQR,20GQR,Call Sign,Amateur Intermediate Radio Licence,Available
2,0,GQS,20GQS,Call Sign,Amateur Intermediate Radio Licence,Available
2,0,GQT,20GQT,Call Sign,Amateur Intermediate Radio Licence,Available
2,0,GQU,20GQU,Call Sign,Amateur Intermediate Radio Licence,Available
2,0,GQV,20GQV,Call Sign,Amateur Intermediate Radio Licence,Available
2,0,GQX,20GQX,Call Sign,Amateur Intermediate Radio Licence,Available
2,0,GQY,20GQY,Call Sign,Amateur Intermediate Radio Licence,Available
2,0,GQZ,20GQZ,Call Sign,Amateur Intermediate Radio Licence,Available
2,0,GRB,20GRB,Call Sign,Amateur Intermediate Radio Licence,Available
2,0,GRJ,20GRJ,Call Sign,Amateur Intermediate Radio Licence,Available
2,0,GRL,20GRL,Call Sign,Amateur Intermediate Radio Licence,Available
2,0,GRO,20GRO,Call Sign,Amateur Intermediate Radio Licence,Available
2,0,GRQ,20GRQ,Call Sign,Amateur Intermediate Radio Licence,Available
2,0,GRV,20GRV,Call Sign,Amateur Intermediate Radio Licence,Available
2,0,GRZ,20GRZ,Call Sign,Amateur Intermediate Radio Licence,Available
2,0,GSE,20GSE,Call Sign,Amateur Intermediate Radio Licence,Available
2,0,GSH,20GSH,Call Sign,Amateur Intermediate Radio Licence,Available
2,0,GSN,20GSN,Call Sign,Amateur Intermediate Radio Licence,Available
2,0,GSO,20GSO,Call Sign,Amateur Intermediate Radio Licence,Available
2,0,GSP,20GSP,Call Sign,Amateur Intermediate Radio Licence,Available
2,0,GSQ,20GSQ,Call Sign,Amateur Intermediate Radio Licence,Available
2,0,GSV,20GSV,Call Sign,Amateur Intermediate Radio Licence,Available
2,0,GSZ,20GSZ,Call Sign,Amateur Intermediate Radio Licence,Available
2,0,GTD,20GTD,Call Sign,Amateur Intermediate Radio Licence,Available
2,0,GTH,20GTH,Call Sign,Amateur Intermediate Radio Licence,Available
2,0,GTJ,20GTJ,Call Sign,Amateur Intermediate Radio Licence,Available
2,0,GTN,20GTN,Call Sign,Amateur Intermediate Radio Licence,Available
2,0,GTQ,20GTQ,Call Sign,Amateur Intermediate Radio Licence,Available
2,0,GTS,20GTS,Call Sign,Amateur Intermediate Radio Licence,Available
2,0,GTU,20GTU,Call Sign,Amateur Intermediate Radio Licence,Available
2,0,GTY,20GTY,Call Sign,Amateur Intermediate Radio Licence,Available
2,0,GUA,20GUA,Call Sign,Amateur Intermediate Radio Licence,Available
2,0,GUB,20GUB,Call Sign,Amateur Intermediate Radio Licence,Available
2,0,GUC,20GUC,Call Sign,Amateur Intermediate Radio Licence,Available
2,0,GUE,20GUE,Call Sign,Amateur Intermediate Radio Licence,Available
2,0,GUF,20GUF,Call Sign,Amateur Intermediate Radio Licence,Available
2,0,GUG,20GUG,Call Sign,Amateur Intermediate Radio Licence,Available
2,0,GUJ,20GUJ,Call Sign,Amateur Intermediate Radio Licence,Available
2,0,GUK,20GUK,Call Sign,Amateur Intermediate Radio Licence,Available
2,0,GUO,20GUO,Call Sign,Amateur Intermediate Radio Licence,Available
2,0,GUP,20GUP,Call Sign,Amateur Intermediate Radio Licence,Available
2,0,GUQ,20GUQ,Call Sign,Amateur Intermediate Radio Licence,Available
2,0,GUR,20GUR,Call Sign,Amateur Intermediate Radio Licence,Available
2,0,GUS,20GUS,Call Sign,Amateur Intermediate Radio Licence,Available
2,0,GUU,20GUU,Call Sign,Amateur Intermediate Radio Licence,Available
2,0,GUW,20GUW,Call Sign,Amateur Intermediate Radio Licence,Available
2,0,GUX,20GUX,Call Sign,Amateur Intermediate Radio Licence,Available
2,0,GVA,20GVA,Call Sign,Amateur Intermediate Radio Licence,Available
2,0,GVB,20GVB,Call Sign,Amateur Intermediate Radio Licence,Available
2,0,GVD,20GVD,Call Sign,Amateur Intermediate Radio Licence,Available
2,0,GVE,20GVE,Call Sign,Amateur Intermediate Radio Licence,Available
2,0,GVF,20GVF,Call Sign,Amateur Intermediate Radio Licence,Available
2,0,GVH,20GVH,Call Sign,Amateur Intermediate Radio Licence,Available
2,0,GVI,20GVI,Call Sign,Amateur Intermediate Radio Licence,Available
2,0,GVJ,20GVJ,Call Sign,Amateur Intermediate Radio Licence,Available
2,0,GVK,20GVK,Call Sign,Amateur Intermediate Radio Licence,Available
2,0,GVM,20GVM,Call Sign,Amateur Intermediate Radio Licence,Available
2,0,GVN,20GVN,Call Sign,Amateur Intermediate Radio Licence,Available
2,0,GVP,20GVP,Call Sign,Amateur Intermediate Radio Licence,Available
2,0,GVQ,20GVQ,Call Sign,Amateur Intermediate Radio Licence,Available
2,0,GVR,20GVR,Call Sign,Amateur Intermediate Radio Licence,Available
2,0,GVS,20GVS,Call Sign,Amateur Intermediate Radio Licence,Available
2,0,GVU,20GVU,Call Sign,Amateur Intermediate Radio Licence,Available
2,0,GVV,20GVV,Call Sign,Amateur Intermediate Radio Licence,Available
2,0,GVW,20GVW,Call Sign,Amateur Intermediate Radio Licence,Available
2,0,GVY,20GVY,Call Sign,Amateur Intermediate Radio Licence,Available
2,0,GVZ,20GVZ,Call Sign,Amateur Intermediate Radio Licence,Available
2,0,GWG,20GWG,Call Sign,Amateur Intermediate Radio Licence,Available
2,0,GWJ,20GWJ,Call Sign,Amateur Intermediate Radio Licence,Available
2,0,GWL,20GWL,Call Sign,Amateur Intermediate Radio Licence,Available
2,0,GWO,20GWO,Call Sign,Amateur Intermediate Radio Licence,Available
2,0,GWQ,20GWQ,Call Sign,Amateur Intermediate Radio Licence,Available
2,0,GWU,20GWU,Call Sign,Amateur Intermediate Radio Licence,Available
2,0,GWV,20GWV,Call Sign,Amateur Intermediate Radio Licence,Available
2,0,GWX,20GWX,Call Sign,Amateur Intermediate Radio Licence,Available
2,0,GWY,20GWY,Call Sign,Amateur Intermediate Radio Licence,Available
2,0,GWZ,20GWZ,Call Sign,Amateur Intermediate Radio Licence,Available
2,0,GXA,20GXA,Call Sign,Amateur Intermediate Radio Licence,Available
2,0,GXC,20GXC,Call Sign,Amateur Intermediate Radio Licence,Available
2,0,GXD,20GXD,Call Sign,Amateur Intermediate Radio Licence,Available
2,0,GXF,20GXF,Call Sign,Amateur Intermediate Radio Licence,Available
2,0,GXG,20GXG,Call Sign,Amateur Intermediate Radio Licence,Available
2,0,GXI,20GXI,Call Sign,Amateur Intermediate Radio Licence,Available
2,0,GXJ,20GXJ,Call Sign,Amateur Intermediate Radio Licence,Available
2,0,GXK,20GXK,Call Sign,Amateur Intermediate Radio Licence,Available
2,0,GXL,20GXL,Call Sign,Amateur Intermediate Radio Licence,Available
2,0,GXM,20GXM,Call Sign,Amateur Intermediate Radio Licence,Available
2,0,GXP,20GXP,Call Sign,Amateur Intermediate Radio Licence,Available
2,0,GXQ,20GXQ,Call Sign,Amateur Intermediate Radio Licence,Available
2,0,GXS,20GXS,Call Sign,Amateur Intermediate Radio Licence,Available
2,0,GXT,20GXT,Call Sign,Amateur Intermediate Radio Licence,Available
2,0,GXV,20GXV,Call Sign,Amateur Intermediate Radio Licence,Available
2,0,GXW,20GXW,Call Sign,Amateur Intermediate Radio Licence,Available
2,0,GXY,20GXY,Call Sign,Amateur Intermediate Radio Licence,Available
2,0,GXZ,20GXZ,Call Sign,Amateur Intermediate Radio Licence,Available
2,0,GYA,20GYA,Call Sign,Amateur Intermediate Radio Licence,Available
2,0,GYB,20GYB,Call Sign,Amateur Intermediate Radio Licence,Available
2,0,GYE,20GYE,Call Sign,Amateur Intermediate Radio Licence,Available
2,0,GYF,20GYF,Call Sign,Amateur Intermediate Radio Licence,Available
2,0,GYG,20GYG,Call Sign,Amateur Intermediate Radio Licence,Available
2,0,GYH,20GYH,Call Sign,Amateur Intermediate Radio Licence,Available
2,0,GYI,20GYI,Call Sign,Amateur Intermediate Radio Licence,Available
2,0,GYJ,20GYJ,Call Sign,Amateur Intermediate Radio Licence,Available
2,0,GYK,20GYK,Call Sign,Amateur Intermediate Radio Licence,Available
2,0,GYQ,20GYQ,Call Sign,Amateur Intermediate Radio Licence,Available
2,0,GYR,20GYR,Call Sign,Amateur Intermediate Radio Licence,Available
2,0,GYT,20GYT,Call Sign,Amateur Intermediate Radio Licence,Available
2,0,GYU,20GYU,Call Sign,Amateur Intermediate Radio Licence,Available
2,0,GYV,20GYV,Call Sign,Amateur Intermediate Radio Licence,Available
2,0,GYX,20GYX,Call Sign,Amateur Intermediate Radio Licence,Available
2,0,GYY,20GYY,Call Sign,Amateur Intermediate Radio Licence,Available
2,0,GZB,20GZB,Call Sign,Amateur Intermediate Radio Licence,Available
2,0,GZC,20GZC,Call Sign,Amateur Intermediate Radio Licence,Available
2,0,GZD,20GZD,Call Sign,Amateur Intermediate Radio Licence,Available
2,0,GZE,20GZE,Call Sign,Amateur Intermediate Radio Licence,Available
2,0,GZF,20GZF,Call Sign,Amateur Intermediate Radio Licence,Available
2,0,GZG,20GZG,Call Sign,Amateur Intermediate Radio Licence,Available
2,0,GZH,20GZH,Call Sign,Amateur Intermediate Radio Licence,Available
2,0,GZI,20GZI,Call Sign,Amateur Intermediate Radio Licence,Available
2,0,GZJ,20GZJ,Call Sign,Amateur Intermediate Radio Licence,Available
2,0,GZK,20GZK,Call Sign,Amateur Intermediate Radio Licence,Available
2,0,GZL,20GZL,Call Sign,Amateur Intermediate Radio Licence,Available
2,0,GZM,20GZM,Call Sign,Amateur Intermediate Radio Licence,Available
2,0,GZN,20GZN,Call Sign,Amateur Intermediate Radio Licence,Available
2,0,GZO,20GZO,Call Sign,Amateur Intermediate Radio Licence,Available
2,0,GZP,20GZP,Call Sign,Amateur Intermediate Radio Licence,Available
2,0,GZQ,20GZQ,Call Sign,Amateur Intermediate Radio Licence,Available
2,0,GZU,20GZU,Call Sign,Amateur Intermediate Radio Licence,Available
2,0,GZW,20GZW,Call Sign,Amateur Intermediate Radio Licence,Available
2,0,GZX,20GZX,Call Sign,Amateur Intermediate Radio Licence,Available
2,0,GZY,20GZY,Call Sign,Amateur Intermediate Radio Licence,Available
2,0,GZZ,20GZZ,Call Sign,Amateur Intermediate Radio Licence,Available
2,0,HBD,20HBD,Call Sign,Amateur Intermediate Radio Licence,Available
2,0,HBE,20HBE,Call Sign,Amateur Intermediate Radio Licence,Available
2,0,HBH,20HBH,Call Sign,Amateur Intermediate Radio Licence,Available
2,0,HBI,20HBI,Call Sign,Amateur Intermediate Radio Licence,Available
2,0,HBJ,20HBJ,Call Sign,Amateur Intermediate Radio Licence,Available
2,0,HBK,20HBK,Call Sign,Amateur Intermediate Radio Licence,Available
2,0,HBL,20HBL,Call Sign,Amateur Intermediate Radio Licence,Available
2,0,HBM,20HBM,Call Sign,Amateur Intermediate Radio Licence,Available
2,0,HBP,20HBP,Call Sign,Amateur Intermediate Radio Licence,Available
2,0,HBQ,20HBQ,Call Sign,Amateur Intermediate Radio Licence,Available
2,0,HBR,20HBR,Call Sign,Amateur Intermediate Radio Licence,Available
2,0,HBU,20HBU,Call Sign,Amateur Intermediate Radio Licence,Available
2,0,HBV,20HBV,Call Sign,Amateur Intermediate Radio Licence,Available
2,0,HBW,20HBW,Call Sign,Amateur Intermediate Radio Licence,Available
2,0,HBX,20HBX,Call Sign,Amateur Intermediate Radio Licence,Available
2,0,HBZ,20HBZ,Call Sign,Amateur Intermediate Radio Licence,Available
2,0,HCA,20HCA,Call Sign,Amateur Intermediate Radio Licence,Available
2,0,HCC,20HCC,Call Sign,Amateur Intermediate Radio Licence,Available
2,0,HCE,20HCE,Call Sign,Amateur Intermediate Radio Licence,Available
2,0,HCG,20HCG,Call Sign,Amateur Intermediate Radio Licence,Available
2,0,HCI,20HCI,Call Sign,Amateur Intermediate Radio Licence,Available
2,0,HCJ,20HCJ,Call Sign,Amateur Intermediate Radio Licence,Available
2,0,HCL,20HCL,Call Sign,Amateur Intermediate Radio Licence,Available
2,0,HCM,20HCM,Call Sign,Amateur Intermediate Radio Licence,Available
2,0,HCN,20HCN,Call Sign,Amateur Intermediate Radio Licence,Available
2,0,HCO,20HCO,Call Sign,Amateur Intermediate Radio Licence,Available
2,0,HCP,20HCP,Call Sign,Amateur Intermediate Radio Licence,Available
2,0,HCR,20HCR,Call Sign,Amateur Intermediate Radio Licence,Available
2,0,HCS,20HCS,Call Sign,Amateur Intermediate Radio Licence,Available
2,0,HCU,20HCU,Call Sign,Amateur Intermediate Radio Licence,Available
2,0,HCV,20HCV,Call Sign,Amateur Intermediate Radio Licence,Available
2,0,HCW,20HCW,Call Sign,Amateur Intermediate Radio Licence,Available
2,0,HCX,20HCX,Call Sign,Amateur Intermediate Radio Licence,Available
2,0,HCY,20HCY,Call Sign,Amateur Intermediate Radio Licence,Available
2,0,HCZ,20HCZ,Call Sign,Amateur Intermediate Radio Licence,Available
2,0,HDD,20HDD,Call Sign,Amateur Intermediate Radio Licence,Available
2,0,HDI,20HDI,Call Sign,Amateur Intermediate Radio Licence,Available
2,0,HDJ,20HDJ,Call Sign,Amateur Intermediate Radio Licence,Available
2,0,HDL,20HDL,Call Sign,Amateur Intermediate Radio Licence,Available
2,0,HDO,20HDO,Call Sign,Amateur Intermediate Radio Licence,Available
2,0,HDP,20HDP,Call Sign,Amateur Intermediate Radio Licence,Available
2,0,HDQ,20HDQ,Call Sign,Amateur Intermediate Radio Licence,Available
2,0,HDR,20HDR,Call Sign,Amateur Intermediate Radio Licence,Available
2,0,HDT,20HDT,Call Sign,Amateur Intermediate Radio Licence,Available
2,0,HDV,20HDV,Call Sign,Amateur Intermediate Radio Licence,Available
2,0,HDZ,20HDZ,Call Sign,Amateur Intermediate Radio Licence,Available
2,0,HEC,20HEC,Call Sign,Amateur Intermediate Radio Licence,Available
2,0,HED,20HED,Call Sign,Amateur Intermediate Radio Licence,Available
2,0,HEE,20HEE,Call Sign,Amateur Intermediate Radio Licence,Available
2,0,HEG,20HEG,Call Sign,Amateur Intermediate Radio Licence,Available
2,0,HEH,20HEH,Call Sign,Amateur Intermediate Radio Licence,Available
2,0,HEI,20HEI,Call Sign,Amateur Intermediate Radio Licence,Available
2,0,HEK,20HEK,Call Sign,Amateur Intermediate Radio Licence,Available
2,0,HEM,20HEM,Call Sign,Amateur Intermediate Radio Licence,Available
2,0,HEO,20HEO,Call Sign,Amateur Intermediate Radio Licence,Available
2,0,HEQ,20HEQ,Call Sign,Amateur Intermediate Radio Licence,Available
2,0,HET,20HET,Call Sign,Amateur Intermediate Radio Licence,Available
2,0,HEU,20HEU,Call Sign,Amateur Intermediate Radio Licence,Available
2,0,HEV,20HEV,Call Sign,Amateur Intermediate Radio Licence,Available
2,0,HEZ,20HEZ,Call Sign,Amateur Intermediate Radio Licence,Available
2,0,HFC,20HFC,Call Sign,Amateur Intermediate Radio Licence,Available
2,0,HFD,20HFD,Call Sign,Amateur Intermediate Radio Licence,Available
2,0,HFE,20HFE,Call Sign,Amateur Intermediate Radio Licence,Available
2,0,HFF,20HFF,Call Sign,Amateur Intermediate Radio Licence,Available
2,0,HFG,20HFG,Call Sign,Amateur Intermediate Radio Licence,Available
2,0,HFH,20HFH,Call Sign,Amateur Intermediate Radio Licence,Available
2,0,HFJ,20HFJ,Call Sign,Amateur Intermediate Radio Licence,Available
2,0,HFK,20HFK,Call Sign,Amateur Intermediate Radio Licence,Available
2,0,HFL,20HFL,Call Sign,Amateur Intermediate Radio Licence,Available
2,0,HFN,20HFN,Call Sign,Amateur Intermediate Radio Licence,Available
2,0,HFO,20HFO,Call Sign,Amateur Intermediate Radio Licence,Available
2,0,HFP,20HFP,Call Sign,Amateur Intermediate Radio Licence,Available
2,0,HFQ,20HFQ,Call Sign,Amateur Intermediate Radio Licence,Available
2,0,HFR,20HFR,Call Sign,Amateur Intermediate Radio Licence,Available
2,0,HFS,20HFS,Call Sign,Amateur Intermediate Radio Licence,Available
2,0,HFV,20HFV,Call Sign,Amateur Intermediate Radio Licence,Available
2,0,HFW,20HFW,Call Sign,Amateur Intermediate Radio Licence,Available
2,0,HFX,20HFX,Call Sign,Amateur Intermediate Radio Licence,Available
2,0,HFY,20HFY,Call Sign,Amateur Intermediate Radio Licence,Available
2,0,HFZ,20HFZ,Call Sign,Amateur Intermediate Radio Licence,Available
2,0,HGA,20HGA,Call Sign,Amateur Intermediate Radio Licence,Available
2,0,HGD,20HGD,Call Sign,Amateur Intermediate Radio Licence,Available
2,0,HGE,20HGE,Call Sign,Amateur Intermediate Radio Licence,Available
2,0,HGF,20HGF,Call Sign,Amateur Intermediate Radio Licence,Available
2,0,HGH,20HGH,Call Sign,Amateur Intermediate Radio Licence,Available
2,0,HGI,20HGI,Call Sign,Amateur Intermediate Radio Licence,Available
2,0,HGK,20HGK,Call Sign,Amateur Intermediate Radio Licence,Available
2,0,HGM,20HGM,Call Sign,Amateur Intermediate Radio Licence,Available
2,0,HGO,20HGO,Call Sign,Amateur Intermediate Radio Licence,Available
2,0,HGP,20HGP,Call Sign,Amateur Intermediate Radio Licence,Available
2,0,HGQ,20HGQ,Call Sign,Amateur Intermediate Radio Licence,Available
2,0,HGS,20HGS,Call Sign,Amateur Intermediate Radio Licence,Available
2,0,HGT,20HGT,Call Sign,Amateur Intermediate Radio Licence,Available
2,0,HGU,20HGU,Call Sign,Amateur Intermediate Radio Licence,Available
2,0,HGW,20HGW,Call Sign,Amateur Intermediate Radio Licence,Available
2,0,HGY,20HGY,Call Sign,Amateur Intermediate Radio Licence,Available
2,0,HGZ,20HGZ,Call Sign,Amateur Intermediate Radio Licence,Available
2,0,HHA,20HHA,Call Sign,Amateur Intermediate Radio Licence,Available
2,0,HHB,20HHB,Call Sign,Amateur Intermediate Radio Licence,Available
2,0,HHC,20HHC,Call Sign,Amateur Intermediate Radio Licence,Available
2,0,HHD,20HHD,Call Sign,Amateur Intermediate Radio Licence,Available
2,0,HHF,20HHF,Call Sign,Amateur Intermediate Radio Licence,Available
2,0,HHG,20HHG,Call Sign,Amateur Intermediate Radio Licence,Available
2,0,HHI,20HHI,Call Sign,Amateur Intermediate Radio Licence,Available
2,0,HHJ,20HHJ,Call Sign,Amateur Intermediate Radio Licence,Available
2,0,HHK,20HHK,Call Sign,Amateur Intermediate Radio Licence,Available
2,0,HHL,20HHL,Call Sign,Amateur Intermediate Radio Licence,Available
2,0,HHM,20HHM,Call Sign,Amateur Intermediate Radio Licence,Available
2,0,HHN,20HHN,Call Sign,Amateur Intermediate Radio Licence,Available
2,0,HHO,20HHO,Call Sign,Amateur Intermediate Radio Licence,Available
2,0,HHP,20HHP,Call Sign,Amateur Intermediate Radio Licence,Available
2,0,HHQ,20HHQ,Call Sign,Amateur Intermediate Radio Licence,Available
2,0,HHR,20HHR,Call Sign,Amateur Intermediate Radio Licence,Available
2,0,HHS,20HHS,Call Sign,Amateur Intermediate Radio Licence,Available
2,0,HHT,20HHT,Call Sign,Amateur Intermediate Radio Licence,Available
2,0,HHV,20HHV,Call Sign,Amateur Intermediate Radio Licence,Available
2,0,HHW,20HHW,Call Sign,Amateur Intermediate Radio Licence,Available
2,0,HHX,20HHX,Call Sign,Amateur Intermediate Radio Licence,Available
2,0,HHY,20HHY,Call Sign,Amateur Intermediate Radio Licence,Available
2,0,HHZ,20HHZ,Call Sign,Amateur Intermediate Radio Licence,Available
2,0,HIA,20HIA,Call Sign,Amateur Intermediate Radio Licence,Available
2,0,HIB,20HIB,Call Sign,Amateur Intermediate Radio Licence,Available
2,0,HIC,20HIC,Call Sign,Amateur Intermediate Radio Licence,Available
2,0,HID,20HID,Call Sign,Amateur Intermediate Radio Licence,Available
2,0,HIE,20HIE,Call Sign,Amateur Intermediate Radio Licence,Available
2,0,HIF,20HIF,Call Sign,Amateur Intermediate Radio Licence,Available
2,0,HIH,20HIH,Call Sign,Amateur Intermediate Radio Licence,Available
2,0,HIJ,20HIJ,Call Sign,Amateur Intermediate Radio Licence,Available
2,0,HIK,20HIK,Call Sign,Amateur Intermediate Radio Licence,Available
2,0,HIL,20HIL,Call Sign,Amateur Intermediate Radio Licence,Available
2,0,HIO,20HIO,Call Sign,Amateur Intermediate Radio Licence,Available
2,0,HIQ,20HIQ,Call Sign,Amateur Intermediate Radio Licence,Available
2,0,HIR,20HIR,Call Sign,Amateur Intermediate Radio Licence,Available
2,0,HIS,20HIS,Call Sign,Amateur Intermediate Radio Licence,Available
2,0,HIU,20HIU,Call Sign,Amateur Intermediate Radio Licence,Available
2,0,HIW,20HIW,Call Sign,Amateur Intermediate Radio Licence,Available
2,0,HIY,20HIY,Call Sign,Amateur Intermediate Radio Licence,Available
2,0,HJB,20HJB,Call Sign,Amateur Intermediate Radio Licence,Available
2,0,HJC,20HJC,Call Sign,Amateur Intermediate Radio Licence,Available
2,0,HJF,20HJF,Call Sign,Amateur Intermediate Radio Licence,Available
2,0,HJG,20HJG,Call Sign,Amateur Intermediate Radio Licence,Available
2,0,HJH,20HJH,Call Sign,Amateur Intermediate Radio Licence,Available
2,0,HJI,20HJI,Call Sign,Amateur Intermediate Radio Licence,Available
2,0,HJK,20HJK,Call Sign,Amateur Intermediate Radio Licence,Available
2,0,HJL,20HJL,Call Sign,Amateur Intermediate Radio Licence,Available
2,0,HJM,20HJM,Call Sign,Amateur Intermediate Radio Licence,Available
2,0,HJN,20HJN,Call Sign,Amateur Intermediate Radio Licence,Available
2,0,HJO,20HJO,Call Sign,Amateur Intermediate Radio Licence,Available
2,0,HJQ,20HJQ,Call Sign,Amateur Intermediate Radio Licence,Available
2,0,HJT,20HJT,Call Sign,Amateur Intermediate Radio Licence,Available
2,0,HJU,20HJU,Call Sign,Amateur Intermediate Radio Licence,Available
2,0,HJV,20HJV,Call Sign,Amateur Intermediate Radio Licence,Available
2,0,HJW,20HJW,Call Sign,Amateur Intermediate Radio Licence,Available
2,0,HJX,20HJX,Call Sign,Amateur Intermediate Radio Licence,Available
2,0,HJY,20HJY,Call Sign,Amateur Intermediate Radio Licence,Available
2,0,HKA,20HKA,Call Sign,Amateur Intermediate Radio Licence,Available
2,0,HKB,20HKB,Call Sign,Amateur Intermediate Radio Licence,Available
2,0,HKD,20HKD,Call Sign,Amateur Intermediate Radio Licence,Available
2,0,HKE,20HKE,Call Sign,Amateur Intermediate Radio Licence,Available
2,0,HKF,20HKF,Call Sign,Amateur Intermediate Radio Licence,Available
2,0,HKG,20HKG,Call Sign,Amateur Intermediate Radio Licence,Available
2,0,HKH,20HKH,Call Sign,Amateur Intermediate Radio Licence,Available
2,0,HKI,20HKI,Call Sign,Amateur Intermediate Radio Licence,Available
2,0,HKJ,20HKJ,Call Sign,Amateur Intermediate Radio Licence,Available
2,0,HKL,20HKL,Call Sign,Amateur Intermediate Radio Licence,Available
2,0,HKM,20HKM,Call Sign,Amateur Intermediate Radio Licence,Available
2,0,HKO,20HKO,Call Sign,Amateur Intermediate Radio Licence,Available
2,0,HKP,20HKP,Call Sign,Amateur Intermediate Radio Licence,Available
2,0,HKQ,20HKQ,Call Sign,Amateur Intermediate Radio Licence,Available
2,0,HKS,20HKS,Call Sign,Amateur Intermediate Radio Licence,Available
2,0,HKT,20HKT,Call Sign,Amateur Intermediate Radio Licence,Available
2,0,HKU,20HKU,Call Sign,Amateur Intermediate Radio Licence,Available
2,0,HKV,20HKV,Call Sign,Amateur Intermediate Radio Licence,Available
2,0,HKW,20HKW,Call Sign,Amateur Intermediate Radio Licence,Available
2,0,HKX,20HKX,Call Sign,Amateur Intermediate Radio Licence,Available
2,0,HKZ,20HKZ,Call Sign,Amateur Intermediate Radio Licence,Available
2,0,HLA,20HLA,Call Sign,Amateur Intermediate Radio Licence,Available
2,0,HLD,20HLD,Call Sign,Amateur Intermediate Radio Licence,Available
2,0,HLE,20HLE,Call Sign,Amateur Intermediate Radio Licence,Available
2,0,HLF,20HLF,Call Sign,Amateur Intermediate Radio Licence,Available
2,0,HLG,20HLG,Call Sign,Amateur Intermediate Radio Licence,Available
2,0,HLI,20HLI,Call Sign,Amateur Intermediate Radio Licence,Available
2,0,HLJ,20HLJ,Call Sign,Amateur Intermediate Radio Licence,Available
2,0,HLL,20HLL,Call Sign,Amateur Intermediate Radio Licence,Available
2,0,HLN,20HLN,Call Sign,Amateur Intermediate Radio Licence,Available
2,0,HLQ,20HLQ,Call Sign,Amateur Intermediate Radio Licence,Available
2,0,HLR,20HLR,Call Sign,Amateur Intermediate Radio Licence,Available
2,0,HLS,20HLS,Call Sign,Amateur Intermediate Radio Licence,Available
2,0,HLU,20HLU,Call Sign,Amateur Intermediate Radio Licence,Available
2,0,HLV,20HLV,Call Sign,Amateur Intermediate Radio Licence,Available
2,0,HLX,20HLX,Call Sign,Amateur Intermediate Radio Licence,Available
2,0,HLY,20HLY,Call Sign,Amateur Intermediate Radio Licence,Available
2,0,HLZ,20HLZ,Call Sign,Amateur Intermediate Radio Licence,Available
2,0,HMA,20HMA,Call Sign,Amateur Intermediate Radio Licence,Available
2,0,HMC,20HMC,Call Sign,Amateur Intermediate Radio Licence,Available
2,0,HME,20HME,Call Sign,Amateur Intermediate Radio Licence,Available
2,0,HMG,20HMG,Call Sign,Amateur Intermediate Radio Licence,Available
2,0,HMI,20HMI,Call Sign,Amateur Intermediate Radio Licence,Available
2,0,HMK,20HMK,Call Sign,Amateur Intermediate Radio Licence,Available
2,0,HML,20HML,Call Sign,Amateur Intermediate Radio Licence,Available
2,0,HMN,20HMN,Call Sign,Amateur Intermediate Radio Licence,Available
2,0,HMO,20HMO,Call Sign,Amateur Intermediate Radio Licence,Available
2,0,HMP,20HMP,Call Sign,Amateur Intermediate Radio Licence,Available
2,0,HMQ,20HMQ,Call Sign,Amateur Intermediate Radio Licence,Available
2,0,HMR,20HMR,Call Sign,Amateur Intermediate Radio Licence,Available
2,0,HMT,20HMT,Call Sign,Amateur Intermediate Radio Licence,Available
2,0,HMU,20HMU,Call Sign,Amateur Intermediate Radio Licence,Available
2,0,HMV,20HMV,Call Sign,Amateur Intermediate Radio Licence,Available
2,0,HNB,20HNB,Call Sign,Amateur Intermediate Radio Licence,Available
2,0,HND,20HND,Call Sign,Amateur Intermediate Radio Licence,Available
2,0,HNE,20HNE,Call Sign,Amateur Intermediate Radio Licence,Available
2,0,HNG,20HNG,Call Sign,Amateur Intermediate Radio Licence,Available
2,0,HNH,20HNH,Call Sign,Amateur Intermediate Radio Licence,Available
2,0,HNI,20HNI,Call Sign,Amateur Intermediate Radio Licence,Available
2,0,HNL,20HNL,Call Sign,Amateur Intermediate Radio Licence,Available
2,0,HNM,20HNM,Call Sign,Amateur Intermediate Radio Licence,Available
2,0,HNN,20HNN,Call Sign,Amateur Intermediate Radio Licence,Available
2,0,HNQ,20HNQ,Call Sign,Amateur Intermediate Radio Licence,Available
2,0,HNR,20HNR,Call Sign,Amateur Intermediate Radio Licence,Available
2,0,HNS,20HNS,Call Sign,Amateur Intermediate Radio Licence,Available
2,0,HNT,20HNT,Call Sign,Amateur Intermediate Radio Licence,Available
2,0,HNU,20HNU,Call Sign,Amateur Intermediate Radio Licence,Available
2,0,HNV,20HNV,Call Sign,Amateur Intermediate Radio Licence,Available
2,0,HNW,20HNW,Call Sign,Amateur Intermediate Radio Licence,Available
2,0,HNZ,20HNZ,Call Sign,Amateur Intermediate Radio Licence,Available
2,0,HOB,20HOB,Call Sign,Amateur Intermediate Radio Licence,Available
2,0,HOD,20HOD,Call Sign,Amateur Intermediate Radio Licence,Available
2,0,HOE,20HOE,Call Sign,Amateur Intermediate Radio Licence,Available
2,0,HOF,20HOF,Call Sign,Amateur Intermediate Radio Licence,Available
2,0,HOH,20HOH,Call Sign,Amateur Intermediate Radio Licence,Available
2,0,HOI,20HOI,Call Sign,Amateur Intermediate Radio Licence,Available
2,0,HOJ,20HOJ,Call Sign,Amateur Intermediate Radio Licence,Available
2,0,HOM,20HOM,Call Sign,Amateur Intermediate Radio Licence,Available
2,0,HOS,20HOS,Call Sign,Amateur Intermediate Radio Licence,Available
2,0,HOV,20HOV,Call Sign,Amateur Intermediate Radio Licence,Available
2,0,HOX,20HOX,Call Sign,Amateur Intermediate Radio Licence,Available
2,0,HOY,20HOY,Call Sign,Amateur Intermediate Radio Licence,Available
2,0,HPC,20HPC,Call Sign,Amateur Intermediate Radio Licence,Available
2,0,HPE,20HPE,Call Sign,Amateur Intermediate Radio Licence,Available
2,0,HPH,20HPH,Call Sign,Amateur Intermediate Radio Licence,Available
2,0,HPK,20HPK,Call Sign,Amateur Intermediate Radio Licence,Available
2,0,HPN,20HPN,Call Sign,Amateur Intermediate Radio Licence,Available
2,0,HPP,20HPP,Call Sign,Amateur Intermediate Radio Licence,Available
2,0,HPQ,20HPQ,Call Sign,Amateur Intermediate Radio Licence,Available
2,0,HPS,20HPS,Call Sign,Amateur Intermediate Radio Licence,Available
2,0,HPT,20HPT,Call Sign,Amateur Intermediate Radio Licence,Available
2,0,HPU,20HPU,Call Sign,Amateur Intermediate Radio Licence,Available
2,0,HPV,20HPV,Call Sign,Amateur Intermediate Radio Licence,Available
2,0,HPW,20HPW,Call Sign,Amateur Intermediate Radio Licence,Available
2,0,HPX,20HPX,Call Sign,Amateur Intermediate Radio Licence,Available
2,0,HPZ,20HPZ,Call Sign,Amateur Intermediate Radio Licence,Available
2,0,HQA,20HQA,Call Sign,Amateur Intermediate Radio Licence,Available
2,0,HQB,20HQB,Call Sign,Amateur Intermediate Radio Licence,Available
2,0,HQC,20HQC,Call Sign,Amateur Intermediate Radio Licence,Available
2,0,HQE,20HQE,Call Sign,Amateur Intermediate Radio Licence,Available
2,0,HQF,20HQF,Call Sign,Amateur Intermediate Radio Licence,Available
2,0,HQG,20HQG,Call Sign,Amateur Intermediate Radio Licence,Available
2,0,HQI,20HQI,Call Sign,Amateur Intermediate Radio Licence,Available
2,0,HQK,20HQK,Call Sign,Amateur Intermediate Radio Licence,Available
2,0,HQL,20HQL,Call Sign,Amateur Intermediate Radio Licence,Available
2,0,HQM,20HQM,Call Sign,Amateur Intermediate Radio Licence,Available
2,0,HQN,20HQN,Call Sign,Amateur Intermediate Radio Licence,Available
2,0,HQP,20HQP,Call Sign,Amateur Intermediate Radio Licence,Available
2,0,HQQ,20HQQ,Call Sign,Amateur Intermediate Radio Licence,Available
2,0,HQR,20HQR,Call Sign,Amateur Intermediate Radio Licence,Available
2,0,HQS,20HQS,Call Sign,Amateur Intermediate Radio Licence,Available
2,0,HQT,20HQT,Call Sign,Amateur Intermediate Radio Licence,Available
2,0,HQU,20HQU,Call Sign,Amateur Intermediate Radio Licence,Available
2,0,HQV,20HQV,Call Sign,Amateur Intermediate Radio Licence,Available
2,0,HQW,20HQW,Call Sign,Amateur Intermediate Radio Licence,Available
2,0,HQX,20HQX,Call Sign,Amateur Intermediate Radio Licence,Available
2,0,HQY,20HQY,Call Sign,Amateur Intermediate Radio Licence,Available
2,0,HQZ,20HQZ,Call Sign,Amateur Intermediate Radio Licence,Available
2,0,HRB,20HRB,Call Sign,Amateur Intermediate Radio Licence,Available
2,0,HRE,20HRE,Call Sign,Amateur Intermediate Radio Licence,Available
2,0,HRG,20HRG,Call Sign,Amateur Intermediate Radio Licence,Available
2,0,HRI,20HRI,Call Sign,Amateur Intermediate Radio Licence,Available
2,0,HRK,20HRK,Call Sign,Amateur Intermediate Radio Licence,Available
2,0,HRN,20HRN,Call Sign,Amateur Intermediate Radio Licence,Available
2,0,HRP,20HRP,Call Sign,Amateur Intermediate Radio Licence,Available
2,0,HRQ,20HRQ,Call Sign,Amateur Intermediate Radio Licence,Available
2,0,HRR,20HRR,Call Sign,Amateur Intermediate Radio Licence,Available
2,0,HRT,20HRT,Call Sign,Amateur Intermediate Radio Licence,Available
2,0,HRW,20HRW,Call Sign,Amateur Intermediate Radio Licence,Available
2,0,HRX,20HRX,Call Sign,Amateur Intermediate Radio Licence,Available
2,0,HRZ,20HRZ,Call Sign,Amateur Intermediate Radio Licence,Available
2,0,HSA,20HSA,Call Sign,Amateur Intermediate Radio Licence,Available
2,0,HSC,20HSC,Call Sign,Amateur Intermediate Radio Licence,Available
2,0,HSD,20HSD,Call Sign,Amateur Intermediate Radio Licence,Available
2,0,HSE,20HSE,Call Sign,Amateur Intermediate Radio Licence,Available
2,0,HSF,20HSF,Call Sign,Amateur Intermediate Radio Licence,Available
2,0,HSG,20HSG,Call Sign,Amateur Intermediate Radio Licence,Available
2,0,HSH,20HSH,Call Sign,Amateur Intermediate Radio Licence,Available
2,0,HSI,20HSI,Call Sign,Amateur Intermediate Radio Licence,Available
2,0,HSJ,20HSJ,Call Sign,Amateur Intermediate Radio Licence,Available
2,0,HSK,20HSK,Call Sign,Amateur Intermediate Radio Licence,Available
2,0,HSL,20HSL,Call Sign,Amateur Intermediate Radio Licence,Available
2,0,HSM,20HSM,Call Sign,Amateur Intermediate Radio Licence,Available
2,0,HSO,20HSO,Call Sign,Amateur Intermediate Radio Licence,Available
2,0,HSP,20HSP,Call Sign,Amateur Intermediate Radio Licence,Available
2,0,HSQ,20HSQ,Call Sign,Amateur Intermediate Radio Licence,Available
2,0,HSR,20HSR,Call Sign,Amateur Intermediate Radio Licence,Available
2,0,HSS,20HSS,Call Sign,Amateur Intermediate Radio Licence,Available
2,0,HSU,20HSU,Call Sign,Amateur Intermediate Radio Licence,Available
2,0,HSV,20HSV,Call Sign,Amateur Intermediate Radio Licence,Available
2,0,HSX,20HSX,Call Sign,Amateur Intermediate Radio Licence,Available
2,0,HSY,20HSY,Call Sign,Amateur Intermediate Radio Licence,Available
2,0,HSZ,20HSZ,Call Sign,Amateur Intermediate Radio Licence,Available
2,0,HTA,20HTA,Call Sign,Amateur Intermediate Radio Licence,Available
2,0,HTD,20HTD,Call Sign,Amateur Intermediate Radio Licence,Available
2,0,HTE,20HTE,Call Sign,Amateur Intermediate Radio Licence,Available
2,0,HTF,20HTF,Call Sign,Amateur Intermediate Radio Licence,Available
2,0,HTG,20HTG,Call Sign,Amateur Intermediate Radio Licence,Available
2,0,HTI,20HTI,Call Sign,Amateur Intermediate Radio Licence,Available
2,0,HTJ,20HTJ,Call Sign,Amateur Intermediate Radio Licence,Available
2,0,HTK,20HTK,Call Sign,Amateur Intermediate Radio Licence,Available
2,0,HTN,20HTN,Call Sign,Amateur Intermediate Radio Licence,Available
2,0,HTO,20HTO,Call Sign,Amateur Intermediate Radio Licence,Available
2,0,HTP,20HTP,Call Sign,Amateur Intermediate Radio Licence,Available
2,0,HTR,20HTR,Call Sign,Amateur Intermediate Radio Licence,Available
2,0,HTU,20HTU,Call Sign,Amateur Intermediate Radio Licence,Available
2,0,HTV,20HTV,Call Sign,Amateur Intermediate Radio Licence,Available
2,0,HTW,20HTW,Call Sign,Amateur Intermediate Radio Licence,Available
2,0,HTX,20HTX,Call Sign,Amateur Intermediate Radio Licence,Available
2,0,HTY,20HTY,Call Sign,Amateur Intermediate Radio Licence,Available
2,0,HTZ,20HTZ,Call Sign,Amateur Intermediate Radio Licence,Available
2,0,HUA,20HUA,Call Sign,Amateur Intermediate Radio Licence,Available
2,0,HUB,20HUB,Call Sign,Amateur Intermediate Radio Licence,Available
2,0,HUC,20HUC,Call Sign,Amateur Intermediate Radio Licence,Available
2,0,HUF,20HUF,Call Sign,Amateur Intermediate Radio Licence,Available
2,0,HUH,20HUH,Call Sign,Amateur Intermediate Radio Licence,Available
2,0,HUI,20HUI,Call Sign,Amateur Intermediate Radio Licence,Available
2,0,HUJ,20HUJ,Call Sign,Amateur Intermediate Radio Licence,Available
2,0,HUK,20HUK,Call Sign,Amateur Intermediate Radio Licence,Available
2,0,HUM,20HUM,Call Sign,Amateur Intermediate Radio Licence,Available
2,0,HUP,20HUP,Call Sign,Amateur Intermediate Radio Licence,Available
2,0,HUQ,20HUQ,Call Sign,Amateur Intermediate Radio Licence,Available
2,0,HUS,20HUS,Call Sign,Amateur Intermediate Radio Licence,Available
2,0,HUW,20HUW,Call Sign,Amateur Intermediate Radio Licence,Available
2,0,HUX,20HUX,Call Sign,Amateur Intermediate Radio Licence,Available
2,0,HUY,20HUY,Call Sign,Amateur Intermediate Radio Licence,Available
2,0,HUZ,20HUZ,Call Sign,Amateur Intermediate Radio Licence,Available
2,0,HVA,20HVA,Call Sign,Amateur Intermediate Radio Licence,Available
2,0,HVB,20HVB,Call Sign,Amateur Intermediate Radio Licence,Available
2,0,HVC,20HVC,Call Sign,Amateur Intermediate Radio Licence,Available
2,0,HVD,20HVD,Call Sign,Amateur Intermediate Radio Licence,Available
2,0,HVF,20HVF,Call Sign,Amateur Intermediate Radio Licence,Available
2,0,HVG,20HVG,Call Sign,Amateur Intermediate Radio Licence,Available
2,0,HVH,20HVH,Call Sign,Amateur Intermediate Radio Licence,Available
2,0,HVI,20HVI,Call Sign,Amateur Intermediate Radio Licence,Available
2,0,HVJ,20HVJ,Call Sign,Amateur Intermediate Radio Licence,Available
2,0,HVK,20HVK,Call Sign,Amateur Intermediate Radio Licence,Available
2,0,HVM,20HVM,Call Sign,Amateur Intermediate Radio Licence,Available
2,0,HVO,20HVO,Call Sign,Amateur Intermediate Radio Licence,Available
2,0,HVP,20HVP,Call Sign,Amateur Intermediate Radio Licence,Available
2,0,HVQ,20HVQ,Call Sign,Amateur Intermediate Radio Licence,Available
2,0,HVR,20HVR,Call Sign,Amateur Intermediate Radio Licence,Available
2,0,HVT,20HVT,Call Sign,Amateur Intermediate Radio Licence,Available
2,0,HVU,20HVU,Call Sign,Amateur Intermediate Radio Licence,Available
2,0,HVV,20HVV,Call Sign,Amateur Intermediate Radio Licence,Available
2,0,HVX,20HVX,Call Sign,Amateur Intermediate Radio Licence,Available
2,0,HVY,20HVY,Call Sign,Amateur Intermediate Radio Licence,Available
2,0,HWA,20HWA,Call Sign,Amateur Intermediate Radio Licence,Available
2,0,HWB,20HWB,Call Sign,Amateur Intermediate Radio Licence,Available
2,0,HWE,20HWE,Call Sign,Amateur Intermediate Radio Licence,Available
2,0,HWF,20HWF,Call Sign,Amateur Intermediate Radio Licence,Available
2,0,HWG,20HWG,Call Sign,Amateur Intermediate Radio Licence,Available
2,0,HWH,20HWH,Call Sign,Amateur Intermediate Radio Licence,Available
2,0,HWI,20HWI,Call Sign,Amateur Intermediate Radio Licence,Available
2,0,HWJ,20HWJ,Call Sign,Amateur Intermediate Radio Licence,Available
2,0,HWL,20HWL,Call Sign,Amateur Intermediate Radio Licence,Available
2,0,HWO,20HWO,Call Sign,Amateur Intermediate Radio Licence,Available
2,0,HWQ,20HWQ,Call Sign,Amateur Intermediate Radio Licence,Available
2,0,HWR,20HWR,Call Sign,Amateur Intermediate Radio Licence,Available
2,0,HWS,20HWS,Call Sign,Amateur Intermediate Radio Licence,Available
2,0,HWT,20HWT,Call Sign,Amateur Intermediate Radio Licence,Available
2,0,HWU,20HWU,Call Sign,Amateur Intermediate Radio Licence,Available
2,0,HWV,20HWV,Call Sign,Amateur Intermediate Radio Licence,Available
2,0,HWY,20HWY,Call Sign,Amateur Intermediate Radio Licence,Available
2,0,HWZ,20HWZ,Call Sign,Amateur Intermediate Radio Licence,Available
2,0,HXA,20HXA,Call Sign,Amateur Intermediate Radio Licence,Available
2,0,HXB,20HXB,Call Sign,Amateur Intermediate Radio Licence,Available
2,0,HXC,20HXC,Call Sign,Amateur Intermediate Radio Licence,Available
2,0,HXE,20HXE,Call Sign,Amateur Intermediate Radio Licence,Available
2,0,HXF,20HXF,Call Sign,Amateur Intermediate Radio Licence,Available
2,0,HXG,20HXG,Call Sign,Amateur Intermediate Radio Licence,Available
2,0,HXH,20HXH,Call Sign,Amateur Intermediate Radio Licence,Available
2,0,HXI,20HXI,Call Sign,Amateur Intermediate Radio Licence,Available
2,0,HXJ,20HXJ,Call Sign,Amateur Intermediate Radio Licence,Available
2,0,HXK,20HXK,Call Sign,Amateur Intermediate Radio Licence,Available
2,0,HXL,20HXL,Call Sign,Amateur Intermediate Radio Licence,Available
2,0,HXM,20HXM,Call Sign,Amateur Intermediate Radio Licence,Available
2,0,HXN,20HXN,Call Sign,Amateur Intermediate Radio Licence,Available
2,0,HXO,20HXO,Call Sign,Amateur Intermediate Radio Licence,Available
2,0,HXP,20HXP,Call Sign,Amateur Intermediate Radio Licence,Available
2,0,HXQ,20HXQ,Call Sign,Amateur Intermediate Radio Licence,Available
2,0,HXR,20HXR,Call Sign,Amateur Intermediate Radio Licence,Available
2,0,HXS,20HXS,Call Sign,Amateur Intermediate Radio Licence,Available
2,0,HXU,20HXU,Call Sign,Amateur Intermediate Radio Licence,Available
2,0,HXV,20HXV,Call Sign,Amateur Intermediate Radio Licence,Available
2,0,HXW,20HXW,Call Sign,Amateur Intermediate Radio Licence,Available
2,0,HXX,20HXX,Call Sign,Amateur Intermediate Radio Licence,Available
2,0,HXY,20HXY,Call Sign,Amateur Intermediate Radio Licence,Available
2,0,HXZ,20HXZ,Call Sign,Amateur Intermediate Radio Licence,Available
2,0,HYB,20HYB,Call Sign,Amateur Intermediate Radio Licence,Available
2,0,HYD,20HYD,Call Sign,Amateur Intermediate Radio Licence,Available
2,0,HYF,20HYF,Call Sign,Amateur Intermediate Radio Licence,Available
2,0,HYG,20HYG,Call Sign,Amateur Intermediate Radio Licence,Available
2,0,HYH,20HYH,Call Sign,Amateur Intermediate Radio Licence,Available
2,0,HYI,20HYI,Call Sign,Amateur Intermediate Radio Licence,Available
2,0,HYJ,20HYJ,Call Sign,Amateur Intermediate Radio Licence,Available
2,0,HYK,20HYK,Call Sign,Amateur Intermediate Radio Licence,Available
2,0,HYN,20HYN,Call Sign,Amateur Intermediate Radio Licence,Available
2,0,HYO,20HYO,Call Sign,Amateur Intermediate Radio Licence,Available
2,0,HYP,20HYP,Call Sign,Amateur Intermediate Radio Licence,Available
2,0,HYQ,20HYQ,Call Sign,Amateur Intermediate Radio Licence,Available
2,0,HYS,20HYS,Call Sign,Amateur Intermediate Radio Licence,Available
2,0,HYU,20HYU,Call Sign,Amateur Intermediate Radio Licence,Available
2,0,HYV,20HYV,Call Sign,Amateur Intermediate Radio Licence,Available
2,0,HYW,20HYW,Call Sign,Amateur Intermediate Radio Licence,Available
2,0,HYX,20HYX,Call Sign,Amateur Intermediate Radio Licence,Available
2,0,HYY,20HYY,Call Sign,Amateur Intermediate Radio Licence,Available
2,0,HZA,20HZA,Call Sign,Amateur Intermediate Radio Licence,Available
2,0,HZB,20HZB,Call Sign,Amateur Intermediate Radio Licence,Available
2,0,HZC,20HZC,Call Sign,Amateur Intermediate Radio Licence,Available
2,0,HZD,20HZD,Call Sign,Amateur Intermediate Radio Licence,Available
2,0,HZE,20HZE,Call Sign,Amateur Intermediate Radio Licence,Available
2,0,HZF,20HZF,Call Sign,Amateur Intermediate Radio Licence,Available
2,0,HZG,20HZG,Call Sign,Amateur Intermediate Radio Licence,Available
2,0,HZH,20HZH,Call Sign,Amateur Intermediate Radio Licence,Available
2,0,HZI,20HZI,Call Sign,Amateur Intermediate Radio Licence,Available
2,0,HZJ,20HZJ,Call Sign,Amateur Intermediate Radio Licence,Available
2,0,HZK,20HZK,Call Sign,Amateur Intermediate Radio Licence,Available
2,0,HZM,20HZM,Call Sign,Amateur Intermediate Radio Licence,Available
2,0,HZN,20HZN,Call Sign,Amateur Intermediate Radio Licence,Available
2,0,HZO,20HZO,Call Sign,Amateur Intermediate Radio Licence,Available
2,0,HZP,20HZP,Call Sign,Amateur Intermediate Radio Licence,Available
2,0,HZQ,20HZQ,Call Sign,Amateur Intermediate Radio Licence,Available
2,0,HZR,20HZR,Call Sign,Amateur Intermediate Radio Licence,Available
2,0,HZT,20HZT,Call Sign,Amateur Intermediate Radio Licence,Available
2,0,HZU,20HZU,Call Sign,Amateur Intermediate Radio Licence,Available
2,0,HZV,20HZV,Call Sign,Amateur Intermediate Radio Licence,Available
2,0,HZW,20HZW,Call Sign,Amateur Intermediate Radio Licence,Available
2,0,HZX,20HZX,Call Sign,Amateur Intermediate Radio Licence,Available
2,0,HZY,20HZY,Call Sign,Amateur Intermediate Radio Licence,Available
2,0,HZZ,20HZZ,Call Sign,Amateur Intermediate Radio Licence,Available
2,0,IAQ,20IAQ,Call Sign,Amateur Intermediate Radio Licence,Available
2,0,IAU,20IAU,Call Sign,Amateur Intermediate Radio Licence,Available
2,0,IAV,20IAV,Call Sign,Amateur Intermediate Radio Licence,Available
2,0,IAX,20IAX,Call Sign,Amateur Intermediate Radio Licence,Available
2,0,IAY,20IAY,Call Sign,Amateur Intermediate Radio Licence,Available
2,0,IBB,20IBB,Call Sign,Amateur Intermediate Radio Licence,Available
2,0,IBC,20IBC,Call Sign,Amateur Intermediate Radio Licence,Available
2,0,IBD,20IBD,Call Sign,Amateur Intermediate Radio Licence,Available
2,0,IBE,20IBE,Call Sign,Amateur Intermediate Radio Licence,Available
2,0,IBG,20IBG,Call Sign,Amateur Intermediate Radio Licence,Available
2,0,IBH,20IBH,Call Sign,Amateur Intermediate Radio Licence,Available
2,0,IBI,20IBI,Call Sign,Amateur Intermediate Radio Licence,Available
2,0,IBJ,20IBJ,Call Sign,Amateur Intermediate Radio Licence,Available
2,0,IBK,20IBK,Call Sign,Amateur Intermediate Radio Licence,Available
2,0,IBL,20IBL,Call Sign,Amateur Intermediate Radio Licence,Available
2,0,IBP,20IBP,Call Sign,Amateur Intermediate Radio Licence,Available
2,0,IBQ,20IBQ,Call Sign,Amateur Intermediate Radio Licence,Available
2,0,IBR,20IBR,Call Sign,Amateur Intermediate Radio Licence,Available
2,0,IBS,20IBS,Call Sign,Amateur Intermediate Radio Licence,Available
2,0,IBV,20IBV,Call Sign,Amateur Intermediate Radio Licence,Available
2,0,IBY,20IBY,Call Sign,Amateur Intermediate Radio Licence,Available
2,0,ICC,20ICC,Call Sign,Amateur Intermediate Radio Licence,Available
2,0,ICF,20ICF,Call Sign,Amateur Intermediate Radio Licence,Available
2,0,ICH,20ICH,Call Sign,Amateur Intermediate Radio Licence,Available
2,0,ICJ,20ICJ,Call Sign,Amateur Intermediate Radio Licence,Available
2,0,ICL,20ICL,Call Sign,Amateur Intermediate Radio Licence,Available
2,0,ICN,20ICN,Call Sign,Amateur Intermediate Radio Licence,Available
2,0,ICR,20ICR,Call Sign,Amateur Intermediate Radio Licence,Available
2,0,ICS,20ICS,Call Sign,Amateur Intermediate Radio Licence,Available
2,0,ICV,20ICV,Call Sign,Amateur Intermediate Radio Licence,Available
2,0,ICX,20ICX,Call Sign,Amateur Intermediate Radio Licence,Available
2,0,ICZ,20ICZ,Call Sign,Amateur Intermediate Radio Licence,Available
2,0,IDE,20IDE,Call Sign,Amateur Intermediate Radio Licence,Available
2,0,IDF,20IDF,Call Sign,Amateur Intermediate Radio Licence,Available
2,0,IDH,20IDH,Call Sign,Amateur Intermediate Radio Licence,Available
2,0,IDJ,20IDJ,Call Sign,Amateur Intermediate Radio Licence,Available
2,0,IDL,20IDL,Call Sign,Amateur Intermediate Radio Licence,Available
2,0,IDM,20IDM,Call Sign,Amateur Intermediate Radio Licence,Available
2,0,IDO,20IDO,Call Sign,Amateur Intermediate Radio Licence,Available
2,0,IDQ,20IDQ,Call Sign,Amateur Intermediate Radio Licence,Available
2,0,IDS,20IDS,Call Sign,Amateur Intermediate Radio Licence,Available
2,0,IDU,20IDU,Call Sign,Amateur Intermediate Radio Licence,Available
2,0,IDW,20IDW,Call Sign,Amateur Intermediate Radio Licence,Available
2,0,IDY,20IDY,Call Sign,Amateur Intermediate Radio Licence,Available
2,0,IDZ,20IDZ,Call Sign,Amateur Intermediate Radio Licence,Available
2,0,IEA,20IEA,Call Sign,Amateur Intermediate Radio Licence,Available
2,0,IEB,20IEB,Call Sign,Amateur Intermediate Radio Licence,Available
2,0,IEF,20IEF,Call Sign,Amateur Intermediate Radio Licence,Available
2,0,IEG,20IEG,Call Sign,Amateur Intermediate Radio Licence,Available
2,0,IEH,20IEH,Call Sign,Amateur Intermediate Radio Licence,Available
2,0,IEI,20IEI,Call Sign,Amateur Intermediate Radio Licence,Available
2,0,IEJ,20IEJ,Call Sign,Amateur Intermediate Radio Licence,Available
2,0,IEL,20IEL,Call Sign,Amateur Intermediate Radio Licence,Available
2,0,IEM,20IEM,Call Sign,Amateur Intermediate Radio Licence,Available
2,0,IEN,20IEN,Call Sign,Amateur Intermediate Radio Licence,Available
2,0,IEP,20IEP,Call Sign,Amateur Intermediate Radio Licence,Available
2,0,IEQ,20IEQ,Call Sign,Amateur Intermediate Radio Licence,Available
2,0,IER,20IER,Call Sign,Amateur Intermediate Radio Licence,Available
2,0,IES,20IES,Call Sign,Amateur Intermediate Radio Licence,Available
2,0,IEU,20IEU,Call Sign,Amateur Intermediate Radio Licence,Available
2,0,IEV,20IEV,Call Sign,Amateur Intermediate Radio Licence,Available
2,0,IEW,20IEW,Call Sign,Amateur Intermediate Radio Licence,Available
2,0,IEX,20IEX,Call Sign,Amateur Intermediate Radio Licence,Available
2,0,IEY,20IEY,Call Sign,Amateur Intermediate Radio Licence,Available
2,0,IEZ,20IEZ,Call Sign,Amateur Intermediate Radio Licence,Available
2,0,IFA,20IFA,Call Sign,Amateur Intermediate Radio Licence,Available
2,0,IFB,20IFB,Call Sign,Amateur Intermediate Radio Licence,Available
2,0,IFD,20IFD,Call Sign,Amateur Intermediate Radio Licence,Available
2,0,IFE,20IFE,Call Sign,Amateur Intermediate Radio Licence,Available
2,0,IFG,20IFG,Call Sign,Amateur Intermediate Radio Licence,Available
2,0,IFI,20IFI,Call Sign,Amateur Intermediate Radio Licence,Available
2,0,IFK,20IFK,Call Sign,Amateur Intermediate Radio Licence,Available
2,0,IFL,20IFL,Call Sign,Amateur Intermediate Radio Licence,Available
2,0,IFN,20IFN,Call Sign,Amateur Intermediate Radio Licence,Available
2,0,IFO,20IFO,Call Sign,Amateur Intermediate Radio Licence,Available
2,0,IFP,20IFP,Call Sign,Amateur Intermediate Radio Licence,Available
2,0,IFQ,20IFQ,Call Sign,Amateur Intermediate Radio Licence,Available
2,0,IFR,20IFR,Call Sign,Amateur Intermediate Radio Licence,Available
2,0,IFS,20IFS,Call Sign,Amateur Intermediate Radio Licence,Available
2,0,IFT,20IFT,Call Sign,Amateur Intermediate Radio Licence,Available
2,0,IFV,20IFV,Call Sign,Amateur Intermediate Radio Licence,Available
2,0,IFX,20IFX,Call Sign,Amateur Intermediate Radio Licence,Available
2,0,IFY,20IFY,Call Sign,Amateur Intermediate Radio Licence,Available
2,0,IFZ,20IFZ,Call Sign,Amateur Intermediate Radio Licence,Available
2,0,IGA,20IGA,Call Sign,Amateur Intermediate Radio Licence,Available
2,0,IGC,20IGC,Call Sign,Amateur Intermediate Radio Licence,Available
2,0,IGD,20IGD,Call Sign,Amateur Intermediate Radio Licence,Available
2,0,IGE,20IGE,Call Sign,Amateur Intermediate Radio Licence,Available
2,0,IGF,20IGF,Call Sign,Amateur Intermediate Radio Licence,Available
2,0,IGG,20IGG,Call Sign,Amateur Intermediate Radio Licence,Available
2,0,IGH,20IGH,Call Sign,Amateur Intermediate Radio Licence,Available
2,0,IGI,20IGI,Call Sign,Amateur Intermediate Radio Licence,Available
2,0,IGK,20IGK,Call Sign,Amateur Intermediate Radio Licence,Available
2,0,IGL,20IGL,Call Sign,Amateur Intermediate Radio Licence,Available
2,0,IGN,20IGN,Call Sign,Amateur Intermediate Radio Licence,Available
2,0,IGO,20IGO,Call Sign,Amateur Intermediate Radio Licence,Available
2,0,IGP,20IGP,Call Sign,Amateur Intermediate Radio Licence,Available
2,0,IGS,20IGS,Call Sign,Amateur Intermediate Radio Licence,Available
2,0,IGT,20IGT,Call Sign,Amateur Intermediate Radio Licence,Available
2,0,IGU,20IGU,Call Sign,Amateur Intermediate Radio Licence,Available
2,0,IGV,20IGV,Call Sign,Amateur Intermediate Radio Licence,Available
2,0,IGX,20IGX,Call Sign,Amateur Intermediate Radio Licence,Available
2,0,IGZ,20IGZ,Call Sign,Amateur Intermediate Radio Licence,Available
2,0,IHA,20IHA,Call Sign,Amateur Intermediate Radio Licence,Available
2,0,IHC,20IHC,Call Sign,Amateur Intermediate Radio Licence,Available
2,0,IHD,20IHD,Call Sign,Amateur Intermediate Radio Licence,Available
2,0,IHE,20IHE,Call Sign,Amateur Intermediate Radio Licence,Available
2,0,IHF,20IHF,Call Sign,Amateur Intermediate Radio Licence,Available
2,0,IHG,20IHG,Call Sign,Amateur Intermediate Radio Licence,Available
2,0,IHH,20IHH,Call Sign,Amateur Intermediate Radio Licence,Available
2,0,IHJ,20IHJ,Call Sign,Amateur Intermediate Radio Licence,Available
2,0,IHK,20IHK,Call Sign,Amateur Intermediate Radio Licence,Available
2,0,IHL,20IHL,Call Sign,Amateur Intermediate Radio Licence,Available
2,0,IHM,20IHM,Call Sign,Amateur Intermediate Radio Licence,Available
2,0,IHN,20IHN,Call Sign,Amateur Intermediate Radio Licence,Available
2,0,IHP,20IHP,Call Sign,Amateur Intermediate Radio Licence,Available
2,0,IHQ,20IHQ,Call Sign,Amateur Intermediate Radio Licence,Available
2,0,IHR,20IHR,Call Sign,Amateur Intermediate Radio Licence,Available
2,0,IHS,20IHS,Call Sign,Amateur Intermediate Radio Licence,Available
2,0,IHT,20IHT,Call Sign,Amateur Intermediate Radio Licence,Available
2,0,IHU,20IHU,Call Sign,Amateur Intermediate Radio Licence,Available
2,0,IHV,20IHV,Call Sign,Amateur Intermediate Radio Licence,Available
2,0,IHW,20IHW,Call Sign,Amateur Intermediate Radio Licence,Available
2,0,IHX,20IHX,Call Sign,Amateur Intermediate Radio Licence,Available
2,0,IHY,20IHY,Call Sign,Amateur Intermediate Radio Licence,Available
2,0,IHZ,20IHZ,Call Sign,Amateur Intermediate Radio Licence,Available
2,0,IIA,20IIA,Call Sign,Amateur Intermediate Radio Licence,Available
2,0,IIB,20IIB,Call Sign,Amateur Intermediate Radio Licence,Available
2,0,IID,20IID,Call Sign,Amateur Intermediate Radio Licence,Available
2,0,IIF,20IIF,Call Sign,Amateur Intermediate Radio Licence,Available
2,0,IIG,20IIG,Call Sign,Amateur Intermediate Radio Licence,Available
2,0,IIH,20IIH,Call Sign,Amateur Intermediate Radio Licence,Available
2,0,IIJ,20IIJ,Call Sign,Amateur Intermediate Radio Licence,Available
2,0,IIK,20IIK,Call Sign,Amateur Intermediate Radio Licence,Available
2,0,IIL,20IIL,Call Sign,Amateur Intermediate Radio Licence,Available
2,0,IIN,20IIN,Call Sign,Amateur Intermediate Radio Licence,Available
2,0,IIO,20IIO,Call Sign,Amateur Intermediate Radio Licence,Available
2,0,IIP,20IIP,Call Sign,Amateur Intermediate Radio Licence,Available
2,0,IIQ,20IIQ,Call Sign,Amateur Intermediate Radio Licence,Available
2,0,IIS,20IIS,Call Sign,Amateur Intermediate Radio Licence,Available
2,0,IIT,20IIT,Call Sign,Amateur Intermediate Radio Licence,Available
2,0,IIU,20IIU,Call Sign,Amateur Intermediate Radio Licence,Available
2,0,IIV,20IIV,Call Sign,Amateur Intermediate Radio Licence,Available
2,0,IIW,20IIW,Call Sign,Amateur Intermediate Radio Licence,Available
2,0,IIX,20IIX,Call Sign,Amateur Intermediate Radio Licence,Available
2,0,IIY,20IIY,Call Sign,Amateur Intermediate Radio Licence,Available
2,0,IIZ,20IIZ,Call Sign,Amateur Intermediate Radio Licence,Available
2,0,IJC,20IJC,Call Sign,Amateur Intermediate Radio Licence,Available
2,0,IJD,20IJD,Call Sign,Amateur Intermediate Radio Licence,Available
2,0,IJE,20IJE,Call Sign,Amateur Intermediate Radio Licence,Available
2,0,IJF,20IJF,Call Sign,Amateur Intermediate Radio Licence,Available
2,0,IJG,20IJG,Call Sign,Amateur Intermediate Radio Licence,Available
2,0,IJI,20IJI,Call Sign,Amateur Intermediate Radio Licence,Available
2,0,IJJ,20IJJ,Call Sign,Amateur Intermediate Radio Licence,Available
2,0,IJN,20IJN,Call Sign,Amateur Intermediate Radio Licence,Available
2,0,IJO,20IJO,Call Sign,Amateur Intermediate Radio Licence,Available
2,0,IJP,20IJP,Call Sign,Amateur Intermediate Radio Licence,Available
2,0,IJT,20IJT,Call Sign,Amateur Intermediate Radio Licence,Available
2,0,IJU,20IJU,Call Sign,Amateur Intermediate Radio Licence,Available
2,0,IJV,20IJV,Call Sign,Amateur Intermediate Radio Licence,Available
2,0,IJX,20IJX,Call Sign,Amateur Intermediate Radio Licence,Available
2,0,IJZ,20IJZ,Call Sign,Amateur Intermediate Radio Licence,Available
2,0,IKA,20IKA,Call Sign,Amateur Intermediate Radio Licence,Available
2,0,IKC,20IKC,Call Sign,Amateur Intermediate Radio Licence,Available
2,0,IKG,20IKG,Call Sign,Amateur Intermediate Radio Licence,Available
2,0,IKI,20IKI,Call Sign,Amateur Intermediate Radio Licence,Available
2,0,IKJ,20IKJ,Call Sign,Amateur Intermediate Radio Licence,Available
2,0,IKL,20IKL,Call Sign,Amateur Intermediate Radio Licence,Available
2,0,IKN,20IKN,Call Sign,Amateur Intermediate Radio Licence,Available
2,0,IKO,20IKO,Call Sign,Amateur Intermediate Radio Licence,Available
2,0,IKP,20IKP,Call Sign,Amateur Intermediate Radio Licence,Available
2,0,IKR,20IKR,Call Sign,Amateur Intermediate Radio Licence,Available
2,0,IKS,20IKS,Call Sign,Amateur Intermediate Radio Licence,Available
2,0,IKT,20IKT,Call Sign,Amateur Intermediate Radio Licence,Available
2,0,IKU,20IKU,Call Sign,Amateur Intermediate Radio Licence,Available
2,0,IKV,20IKV,Call Sign,Amateur Intermediate Radio Licence,Available
2,0,IKX,20IKX,Call Sign,Amateur Intermediate Radio Licence,Available
2,0,IKZ,20IKZ,Call Sign,Amateur Intermediate Radio Licence,Available
2,0,ILA,20ILA,Call Sign,Amateur Intermediate Radio Licence,Available
2,0,ILC,20ILC,Call Sign,Amateur Intermediate Radio Licence,Available
2,0,ILD,20ILD,Call Sign,Amateur Intermediate Radio Licence,Available
2,0,ILE,20ILE,Call Sign,Amateur Intermediate Radio Licence,Available
2,0,ILF,20ILF,Call Sign,Amateur Intermediate Radio Licence,Available
2,0,ILG,20ILG,Call Sign,Amateur Intermediate Radio Licence,Available
2,0,ILI,20ILI,Call Sign,Amateur Intermediate Radio Licence,Available
2,0,ILJ,20ILJ,Call Sign,Amateur Intermediate Radio Licence,Available
2,0,ILK,20ILK,Call Sign,Amateur Intermediate Radio Licence,Available
2,0,ILL,20ILL,Call Sign,Amateur Intermediate Radio Licence,Available
2,0,ILM,20ILM,Call Sign,Amateur Intermediate Radio Licence,Available
2,0,ILP,20ILP,Call Sign,Amateur Intermediate Radio Licence,Available
2,0,ILQ,20ILQ,Call Sign,Amateur Intermediate Radio Licence,Available
2,0,ILR,20ILR,Call Sign,Amateur Intermediate Radio Licence,Available
2,0,ILT,20ILT,Call Sign,Amateur Intermediate Radio Licence,Available
2,0,ILU,20ILU,Call Sign,Amateur Intermediate Radio Licence,Available
2,0,ILV,20ILV,Call Sign,Amateur Intermediate Radio Licence,Available
2,0,ILX,20ILX,Call Sign,Amateur Intermediate Radio Licence,Available
2,0,ILZ,20ILZ,Call Sign,Amateur Intermediate Radio Licence,Available
2,0,IMA,20IMA,Call Sign,Amateur Intermediate Radio Licence,Available
2,0,IME,20IME,Call Sign,Amateur Intermediate Radio Licence,Available
2,0,IMF,20IMF,Call Sign,Amateur Intermediate Radio Licence,Available
2,0,IMH,20IMH,Call Sign,Amateur Intermediate Radio Licence,Available
2,0,IMK,20IMK,Call Sign,Amateur Intermediate Radio Licence,Available
2,0,IMQ,20IMQ,Call Sign,Amateur Intermediate Radio Licence,Available
2,0,IMR,20IMR,Call Sign,Amateur Intermediate Radio Licence,Available
2,0,IMU,20IMU,Call Sign,Amateur Intermediate Radio Licence,Available
2,0,IMV,20IMV,Call Sign,Amateur Intermediate Radio Licence,Available
2,0,IMX,20IMX,Call Sign,Amateur Intermediate Radio Licence,Available
2,0,IMY,20IMY,Call Sign,Amateur Intermediate Radio Licence,Available
2,0,INA,20INA,Call Sign,Amateur Intermediate Radio Licence,Available
2,0,INB,20INB,Call Sign,Amateur Intermediate Radio Licence,Available
2,0,ING,20ING,Call Sign,Amateur Intermediate Radio Licence,Available
2,0,INH,20INH,Call Sign,Amateur Intermediate Radio Licence,Available
2,0,INI,20INI,Call Sign,Amateur Intermediate Radio Licence,Available
2,0,INJ,20INJ,Call Sign,Amateur Intermediate Radio Licence,Available
2,0,INL,20INL,Call Sign,Amateur Intermediate Radio Licence,Available
2,0,INM,20INM,Call Sign,Amateur Intermediate Radio Licence,Available
2,0,INN,20INN,Call Sign,Amateur Intermediate Radio Licence,Available
2,0,INO,20INO,Call Sign,Amateur Intermediate Radio Licence,Available
2,0,INP,20INP,Call Sign,Amateur Intermediate Radio Licence,Available
2,0,INQ,20INQ,Call Sign,Amateur Intermediate Radio Licence,Available
2,0,INR,20INR,Call Sign,Amateur Intermediate Radio Licence,Available
2,0,INU,20INU,Call Sign,Amateur Intermediate Radio Licence,Available
2,0,INW,20INW,Call Sign,Amateur Intermediate Radio Licence,Available
2,0,INX,20INX,Call Sign,Amateur Intermediate Radio Licence,Available
2,0,INY,20INY,Call Sign,Amateur Intermediate Radio Licence,Available
2,0,INZ,20INZ,Call Sign,Amateur Intermediate Radio Licence,Available
2,0,IOA,20IOA,Call Sign,Amateur Intermediate Radio Licence,Available
2,0,IOC,20IOC,Call Sign,Amateur Intermediate Radio Licence,Available
2,0,IOE,20IOE,Call Sign,Amateur Intermediate Radio Licence,Available
2,0,IOF,20IOF,Call Sign,Amateur Intermediate Radio Licence,Available
2,0,IOH,20IOH,Call Sign,Amateur Intermediate Radio Licence,Available
2,0,IOI,20IOI,Call Sign,Amateur Intermediate Radio Licence,Available
2,0,IOJ,20IOJ,Call Sign,Amateur Intermediate Radio Licence,Available
2,0,IOL,20IOL,Call Sign,Amateur Intermediate Radio Licence,Available
2,0,ION,20ION,Call Sign,Amateur Intermediate Radio Licence,Available
2,0,IOO,20IOO,Call Sign,Amateur Intermediate Radio Licence,Available
2,0,IOP,20IOP,Call Sign,Amateur Intermediate Radio Licence,Available
2,0,IOQ,20IOQ,Call Sign,Amateur Intermediate Radio Licence,Available
2,0,IOR,20IOR,Call Sign,Amateur Intermediate Radio Licence,Available
2,0,IOT,20IOT,Call Sign,Amateur Intermediate Radio Licence,Available
2,0,IOV,20IOV,Call Sign,Amateur Intermediate Radio Licence,Available
2,0,IOX,20IOX,Call Sign,Amateur Intermediate Radio Licence,Available
2,0,IOY,20IOY,Call Sign,Amateur Intermediate Radio Licence,Available
2,0,IOZ,20IOZ,Call Sign,Amateur Intermediate Radio Licence,Available
2,0,IPD,20IPD,Call Sign,Amateur Intermediate Radio Licence,Available
2,0,IPF,20IPF,Call Sign,Amateur Intermediate Radio Licence,Available
2,0,IPG,20IPG,Call Sign,Amateur Intermediate Radio Licence,Available
2,0,IPH,20IPH,Call Sign,Amateur Intermediate Radio Licence,Available
2,0,IPI,20IPI,Call Sign,Amateur Intermediate Radio Licence,Available
2,0,IPJ,20IPJ,Call Sign,Amateur Intermediate Radio Licence,Available
2,0,IPK,20IPK,Call Sign,Amateur Intermediate Radio Licence,Available
2,0,IPL,20IPL,Call Sign,Amateur Intermediate Radio Licence,Available
2,0,IPM,20IPM,Call Sign,Amateur Intermediate Radio Licence,Available
2,0,IPN,20IPN,Call Sign,Amateur Intermediate Radio Licence,Available
2,0,IPO,20IPO,Call Sign,Amateur Intermediate Radio Licence,Available
2,0,IPQ,20IPQ,Call Sign,Amateur Intermediate Radio Licence,Available
2,0,IPS,20IPS,Call Sign,Amateur Intermediate Radio Licence,Available
2,0,IPU,20IPU,Call Sign,Amateur Intermediate Radio Licence,Available
2,0,IPV,20IPV,Call Sign,Amateur Intermediate Radio Licence,Available
2,0,IPW,20IPW,Call Sign,Amateur Intermediate Radio Licence,Available
2,0,IPY,20IPY,Call Sign,Amateur Intermediate Radio Licence,Available
2,0,IPZ,20IPZ,Call Sign,Amateur Intermediate Radio Licence,Available
2,0,IQA,20IQA,Call Sign,Amateur Intermediate Radio Licence,Available
2,0,IQB,20IQB,Call Sign,Amateur Intermediate Radio Licence,Available
2,0,IQC,20IQC,Call Sign,Amateur Intermediate Radio Licence,Available
2,0,IQD,20IQD,Call Sign,Amateur Intermediate Radio Licence,Available
2,0,IQE,20IQE,Call Sign,Amateur Intermediate Radio Licence,Available
2,0,IQF,20IQF,Call Sign,Amateur Intermediate Radio Licence,Available
2,0,IQG,20IQG,Call Sign,Amateur Intermediate Radio Licence,Available
2,0,IQH,20IQH,Call Sign,Amateur Intermediate Radio Licence,Available
2,0,IQI,20IQI,Call Sign,Amateur Intermediate Radio Licence,Available
2,0,IQJ,20IQJ,Call Sign,Amateur Intermediate Radio Licence,Available
2,0,IQK,20IQK,Call Sign,Amateur Intermediate Radio Licence,Available
2,0,IQL,20IQL,Call Sign,Amateur Intermediate Radio Licence,Available
2,0,IQM,20IQM,Call Sign,Amateur Intermediate Radio Licence,Available
2,0,IQN,20IQN,Call Sign,Amateur Intermediate Radio Licence,Available
2,0,IQP,20IQP,Call Sign,Amateur Intermediate Radio Licence,Available
2,0,IQQ,20IQQ,Call Sign,Amateur Intermediate Radio Licence,Available
2,0,IQR,20IQR,Call Sign,Amateur Intermediate Radio Licence,Available
2,0,IQS,20IQS,Call Sign,Amateur Intermediate Radio Licence,Available
2,0,IQV,20IQV,Call Sign,Amateur Intermediate Radio Licence,Available
2,0,IQW,20IQW,Call Sign,Amateur Intermediate Radio Licence,Available
2,0,IQY,20IQY,Call Sign,Amateur Intermediate Radio Licence,Available
2,0,IQZ,20IQZ,Call Sign,Amateur Intermediate Radio Licence,Available
2,0,IRD,20IRD,Call Sign,Amateur Intermediate Radio Licence,Available
2,0,IRF,20IRF,Call Sign,Amateur Intermediate Radio Licence,Available
2,0,IRG,20IRG,Call Sign,Amateur Intermediate Radio Licence,Available
2,0,IRH,20IRH,Call Sign,Amateur Intermediate Radio Licence,Available
2,0,IRI,20IRI,Call Sign,Amateur Intermediate Radio Licence,Available
2,0,IRJ,20IRJ,Call Sign,Amateur Intermediate Radio Licence,Available
2,0,IRK,20IRK,Call Sign,Amateur Intermediate Radio Licence,Available
2,0,IRM,20IRM,Call Sign,Amateur Intermediate Radio Licence,Available
2,0,IRO,20IRO,Call Sign,Amateur Intermediate Radio Licence,Available
2,0,IRQ,20IRQ,Call Sign,Amateur Intermediate Radio Licence,Available
2,0,IRR,20IRR,Call Sign,Amateur Intermediate Radio Licence,Available
2,0,IRS,20IRS,Call Sign,Amateur Intermediate Radio Licence,Available
2,0,IRU,20IRU,Call Sign,Amateur Intermediate Radio Licence,Available
2,0,IRW,20IRW,Call Sign,Amateur Intermediate Radio Licence,Available
2,0,IRY,20IRY,Call Sign,Amateur Intermediate Radio Licence,Available
2,0,ISB,20ISB,Call Sign,Amateur Intermediate Radio Licence,Available
2,0,ISC,20ISC,Call Sign,Amateur Intermediate Radio Licence,Available
2,0,ISD,20ISD,Call Sign,Amateur Intermediate Radio Licence,Available
2,0,ISE,20ISE,Call Sign,Amateur Intermediate Radio Licence,Available
2,0,ISF,20ISF,Call Sign,Amateur Intermediate Radio Licence,Available
2,0,ISG,20ISG,Call Sign,Amateur Intermediate Radio Licence,Available
2,0,ISH,20ISH,Call Sign,Amateur Intermediate Radio Licence,Available
2,0,ISI,20ISI,Call Sign,Amateur Intermediate Radio Licence,Available
2,0,ISJ,20ISJ,Call Sign,Amateur Intermediate Radio Licence,Available
2,0,ISL,20ISL,Call Sign,Amateur Intermediate Radio Licence,Available
2,0,ISN,20ISN,Call Sign,Amateur Intermediate Radio Licence,Available
2,0,ISR,20ISR,Call Sign,Amateur Intermediate Radio Licence,Available
2,0,IST,20IST,Call Sign,Amateur Intermediate Radio Licence,Available
2,0,ISU,20ISU,Call Sign,Amateur Intermediate Radio Licence,Available
2,0,ISV,20ISV,Call Sign,Amateur Intermediate Radio Licence,Available
2,0,ISX,20ISX,Call Sign,Amateur Intermediate Radio Licence,Available
2,0,ISY,20ISY,Call Sign,Amateur Intermediate Radio Licence,Available
2,0,ITA,20ITA,Call Sign,Amateur Intermediate Radio Licence,Available
2,0,ITB,20ITB,Call Sign,Amateur Intermediate Radio Licence,Available
2,0,ITD,20ITD,Call Sign,Amateur Intermediate Radio Licence,Available
2,0,ITE,20ITE,Call Sign,Amateur Intermediate Radio Licence,Available
2,0,ITF,20ITF,Call Sign,Amateur Intermediate Radio Licence,Available
2,0,ITG,20ITG,Call Sign,Amateur Intermediate Radio Licence,Available
2,0,ITH,20ITH,Call Sign,Amateur Intermediate Radio Licence,Available
2,0,ITI,20ITI,Call Sign,Amateur Intermediate Radio Licence,Available
2,0,ITK,20ITK,Call Sign,Amateur Intermediate Radio Licence,Available
2,0,ITL,20ITL,Call Sign,Amateur Intermediate Radio Licence,Available
2,0,ITO,20ITO,Call Sign,Amateur Intermediate Radio Licence,Available
2,0,ITP,20ITP,Call Sign,Amateur Intermediate Radio Licence,Available
2,0,ITQ,20ITQ,Call Sign,Amateur Intermediate Radio Licence,Available
2,0,ITR,20ITR,Call Sign,Amateur Intermediate Radio Licence,Available
2,0,ITW,20ITW,Call Sign,Amateur Intermediate Radio Licence,Available
2,0,ITX,20ITX,Call Sign,Amateur Intermediate Radio Licence,Available
2,0,ITZ,20ITZ,Call Sign,Amateur Intermediate Radio Licence,Available
2,0,IUA,20IUA,Call Sign,Amateur Intermediate Radio Licence,Available
2,0,IUC,20IUC,Call Sign,Amateur Intermediate Radio Licence,Available
2,0,IUE,20IUE,Call Sign,Amateur Intermediate Radio Licence,Available
2,0,IUF,20IUF,Call Sign,Amateur Intermediate Radio Licence,Available
2,0,IUG,20IUG,Call Sign,Amateur Intermediate Radio Licence,Available
2,0,IUJ,20IUJ,Call Sign,Amateur Intermediate Radio Licence,Available
2,0,IUL,20IUL,Call Sign,Amateur Intermediate Radio Licence,Available
2,0,IUM,20IUM,Call Sign,Amateur Intermediate Radio Licence,Available
2,0,IUO,20IUO,Call Sign,Amateur Intermediate Radio Licence,Available
2,0,IUP,20IUP,Call Sign,Amateur Intermediate Radio Licence,Available
2,0,IUQ,20IUQ,Call Sign,Amateur Intermediate Radio Licence,Available
2,0,IUR,20IUR,Call Sign,Amateur Intermediate Radio Licence,Available
2,0,IUS,20IUS,Call Sign,Amateur Intermediate Radio Licence,Available
2,0,IUT,20IUT,Call Sign,Amateur Intermediate Radio Licence,Available
2,0,IUU,20IUU,Call Sign,Amateur Intermediate Radio Licence,Available
2,0,IUV,20IUV,Call Sign,Amateur Intermediate Radio Licence,Available
2,0,IUW,20IUW,Call Sign,Amateur Intermediate Radio Licence,Available
2,0,IUX,20IUX,Call Sign,Amateur Intermediate Radio Licence,Available
2,0,IUY,20IUY,Call Sign,Amateur Intermediate Radio Licence,Available
2,0,IVA,20IVA,Call Sign,Amateur Intermediate Radio Licence,Available
2,0,IVB,20IVB,Call Sign,Amateur Intermediate Radio Licence,Available
2,0,IVC,20IVC,Call Sign,Amateur Intermediate Radio Licence,Available
2,0,IVD,20IVD,Call Sign,Amateur Intermediate Radio Licence,Available
2,0,IVE,20IVE,Call Sign,Amateur Intermediate Radio Licence,Available
2,0,IVF,20IVF,Call Sign,Amateur Intermediate Radio Licence,Available
2,0,IVH,20IVH,Call Sign,Amateur Intermediate Radio Licence,Available
2,0,IVI,20IVI,Call Sign,Amateur Intermediate Radio Licence,Available
2,0,IVJ,20IVJ,Call Sign,Amateur Intermediate Radio Licence,Available
2,0,IVK,20IVK,Call Sign,Amateur Intermediate Radio Licence,Available
2,0,IVM,20IVM,Call Sign,Amateur Intermediate Radio Licence,Available
2,0,IVN,20IVN,Call Sign,Amateur Intermediate Radio Licence,Available
2,0,IVP,20IVP,Call Sign,Amateur Intermediate Radio Licence,Available
2,0,IVQ,20IVQ,Call Sign,Amateur Intermediate Radio Licence,Available
2,0,IVS,20IVS,Call Sign,Amateur Intermediate Radio Licence,Available
2,0,IVT,20IVT,Call Sign,Amateur Intermediate Radio Licence,Available
2,0,IVU,20IVU,Call Sign,Amateur Intermediate Radio Licence,Available
2,0,IVV,20IVV,Call Sign,Amateur Intermediate Radio Licence,Available
2,0,IVX,20IVX,Call Sign,Amateur Intermediate Radio Licence,Available
2,0,IWC,20IWC,Call Sign,Amateur Intermediate Radio Licence,Available
2,0,IWE,20IWE,Call Sign,Amateur Intermediate Radio Licence,Available
2,0,IWG,20IWG,Call Sign,Amateur Intermediate Radio Licence,Available
2,0,IWH,20IWH,Call Sign,Amateur Intermediate Radio Licence,Available
2,0,IWI,20IWI,Call Sign,Amateur Intermediate Radio Licence,Available
2,0,IWJ,20IWJ,Call Sign,Amateur Intermediate Radio Licence,Available
2,0,IWK,20IWK,Call Sign,Amateur Intermediate Radio Licence,Available
2,0,IWL,20IWL,Call Sign,Amateur Intermediate Radio Licence,Available
2,0,IWN,20IWN,Call Sign,Amateur Intermediate Radio Licence,Available
2,0,IWO,20IWO,Call Sign,Amateur Intermediate Radio Licence,Available
2,0,IWP,20IWP,Call Sign,Amateur Intermediate Radio Licence,Available
2,0,IWQ,20IWQ,Call Sign,Amateur Intermediate Radio Licence,Available
2,0,IWR,20IWR,Call Sign,Amateur Intermediate Radio Licence,Available
2,0,IWS,20IWS,Call Sign,Amateur Intermediate Radio Licence,Available
2,0,IWU,20IWU,Call Sign,Amateur Intermediate Radio Licence,Available
2,0,IWV,20IWV,Call Sign,Amateur Intermediate Radio Licence,Available
2,0,IWW,20IWW,Call Sign,Amateur Intermediate Radio Licence,Available
2,0,IWX,20IWX,Call Sign,Amateur Intermediate Radio Licence,Available
2,0,IWY,20IWY,Call Sign,Amateur Intermediate Radio Licence,Available
2,0,IXA,20IXA,Call Sign,Amateur Intermediate Radio Licence,Available
2,0,IXB,20IXB,Call Sign,Amateur Intermediate Radio Licence,Available
2,0,IXE,20IXE,Call Sign,Amateur Intermediate Radio Licence,Available
2,0,IXF,20IXF,Call Sign,Amateur Intermediate Radio Licence,Available
2,0,IXG,20IXG,Call Sign,Amateur Intermediate Radio Licence,Available
2,0,IXJ,20IXJ,Call Sign,Amateur Intermediate Radio Licence,Available
2,0,IXK,20IXK,Call Sign,Amateur Intermediate Radio Licence,Available
2,0,IXL,20IXL,Call Sign,Amateur Intermediate Radio Licence,Available
2,0,IXM,20IXM,Call Sign,Amateur Intermediate Radio Licence,Available
2,0,IXN,20IXN,Call Sign,Amateur Intermediate Radio Licence,Available
2,0,IXO,20IXO,Call Sign,Amateur Intermediate Radio Licence,Available
2,0,IXP,20IXP,Call Sign,Amateur Intermediate Radio Licence,Available
2,0,IXQ,20IXQ,Call Sign,Amateur Intermediate Radio Licence,Available
2,0,IXR,20IXR,Call Sign,Amateur Intermediate Radio Licence,Available
2,0,IXS,20IXS,Call Sign,Amateur Intermediate Radio Licence,Available
2,0,IXT,20IXT,Call Sign,Amateur Intermediate Radio Licence,Available
2,0,IXU,20IXU,Call Sign,Amateur Intermediate Radio Licence,Available
2,0,IXV,20IXV,Call Sign,Amateur Intermediate Radio Licence,Available
2,0,IXW,20IXW,Call Sign,Amateur Intermediate Radio Licence,Available
2,0,IXY,20IXY,Call Sign,Amateur Intermediate Radio Licence,Available
2,0,IXZ,20IXZ,Call Sign,Amateur Intermediate Radio Licence,Available
2,0,IYA,20IYA,Call Sign,Amateur Intermediate Radio Licence,Available
2,0,IYB,20IYB,Call Sign,Amateur Intermediate Radio Licence,Available
2,0,IYC,20IYC,Call Sign,Amateur Intermediate Radio Licence,Available
2,0,IYD,20IYD,Call Sign,Amateur Intermediate Radio Licence,Available
2,0,IYE,20IYE,Call Sign,Amateur Intermediate Radio Licence,Available
2,0,IYF,20IYF,Call Sign,Amateur Intermediate Radio Licence,Available
2,0,IYG,20IYG,Call Sign,Amateur Intermediate Radio Licence,Available
2,0,IYI,20IYI,Call Sign,Amateur Intermediate Radio Licence,Available
2,0,IYJ,20IYJ,Call Sign,Amateur Intermediate Radio Licence,Available
2,0,IYK,20IYK,Call Sign,Amateur Intermediate Radio Licence,Available
2,0,IYL,20IYL,Call Sign,Amateur Intermediate Radio Licence,Available
2,0,IYM,20IYM,Call Sign,Amateur Intermediate Radio Licence,Available
2,0,IYN,20IYN,Call Sign,Amateur Intermediate Radio Licence,Available
2,0,IYO,20IYO,Call Sign,Amateur Intermediate Radio Licence,Available
2,0,IYP,20IYP,Call Sign,Amateur Intermediate Radio Licence,Available
2,0,IYQ,20IYQ,Call Sign,Amateur Intermediate Radio Licence,Available
2,0,IYR,20IYR,Call Sign,Amateur Intermediate Radio Licence,Available
2,0,IYS,20IYS,Call Sign,Amateur Intermediate Radio Licence,Available
2,0,IYT,20IYT,Call Sign,Amateur Intermediate Radio Licence,Available
2,0,IYU,20IYU,Call Sign,Amateur Intermediate Radio Licence,Available
2,0,IYV,20IYV,Call Sign,Amateur Intermediate Radio Licence,Available
2,0,IYW,20IYW,Call Sign,Amateur Intermediate Radio Licence,Available
2,0,IYX,20IYX,Call Sign,Amateur Intermediate Radio Licence,Available
2,0,IYZ,20IYZ,Call Sign,Amateur Intermediate Radio Licence,Available
2,0,IZA,20IZA,Call Sign,Amateur Intermediate Radio Licence,Available
2,0,IZB,20IZB,Call Sign,Amateur Intermediate Radio Licence,Available
2,0,IZD,20IZD,Call Sign,Amateur Intermediate Radio Licence,Available
2,0,IZE,20IZE,Call Sign,Amateur Intermediate Radio Licence,Available
2,0,IZF,20IZF,Call Sign,Amateur Intermediate Radio Licence,Available
2,0,IZG,20IZG,Call Sign,Amateur Intermediate Radio Licence,Available
2,0,IZH,20IZH,Call Sign,Amateur Intermediate Radio Licence,Available
2,0,IZJ,20IZJ,Call Sign,Amateur Intermediate Radio Licence,Available
2,0,IZK,20IZK,Call Sign,Amateur Intermediate Radio Licence,Available
2,0,IZM,20IZM,Call Sign,Amateur Intermediate Radio Licence,Available
2,0,IZN,20IZN,Call Sign,Amateur Intermediate Radio Licence,Available
2,0,IZO,20IZO,Call Sign,Amateur Intermediate Radio Licence,Available
2,0,IZQ,20IZQ,Call Sign,Amateur Intermediate Radio Licence,Available
2,0,IZS,20IZS,Call Sign,Amateur Intermediate Radio Licence,Available
2,0,IZT,20IZT,Call Sign,Amateur Intermediate Radio Licence,Available
2,0,IZU,20IZU,Call Sign,Amateur Intermediate Radio Licence,Available
2,0,IZV,20IZV,Call Sign,Amateur Intermediate Radio Licence,Available
2,0,IZX,20IZX,Call Sign,Amateur Intermediate Radio Licence,Available
2,0,IZZ,20IZZ,Call Sign,Amateur Intermediate Radio Licence,Available
2,0,JDG,20JDG,Call Sign,Amateur Intermediate Radio Licence,Available
2,0,JDJ,20JDJ,Call Sign,Amateur Intermediate Radio Licence,Available
2,0,JDL,20JDL,Call Sign,Amateur Intermediate Radio Licence,Available
2,0,JDQ,20JDQ,Call Sign,Amateur Intermediate Radio Licence,Available
2,0,JDU,20JDU,Call Sign,Amateur Intermediate Radio Licence,Available
2,0,JDY,20JDY,Call Sign,Amateur Intermediate Radio Licence,Available
2,0,JEF,20JEF,Call Sign,Amateur Intermediate Radio Licence,Available
2,0,JEG,20JEG,Call Sign,Amateur Intermediate Radio Licence,Available
2,0,JEI,20JEI,Call Sign,Amateur Intermediate Radio Licence,Available
2,0,JEJ,20JEJ,Call Sign,Amateur Intermediate Radio Licence,Available
2,0,JEO,20JEO,Call Sign,Amateur Intermediate Radio Licence,Available
2,0,JEP,20JEP,Call Sign,Amateur Intermediate Radio Licence,Available
2,0,JEQ,20JEQ,Call Sign,Amateur Intermediate Radio Licence,Available
2,0,JES,20JES,Call Sign,Amateur Intermediate Radio Licence,Available
2,0,JEV,20JEV,Call Sign,Amateur Intermediate Radio Licence,Available
2,0,JEY,20JEY,Call Sign,Amateur Intermediate Radio Licence,Available
2,0,JFB,20JFB,Call Sign,Amateur Intermediate Radio Licence,Available
2,0,JFD,20JFD,Call Sign,Amateur Intermediate Radio Licence,Available
2,0,JFE,20JFE,Call Sign,Amateur Intermediate Radio Licence,Available
2,0,JFF,20JFF,Call Sign,Amateur Intermediate Radio Licence,Available
2,0,JFH,20JFH,Call Sign,Amateur Intermediate Radio Licence,Available
2,0,JFI,20JFI,Call Sign,Amateur Intermediate Radio Licence,Available
2,0,JFJ,20JFJ,Call Sign,Amateur Intermediate Radio Licence,Available
2,0,JFL,20JFL,Call Sign,Amateur Intermediate Radio Licence,Available
2,0,JFN,20JFN,Call Sign,Amateur Intermediate Radio Licence,Available
2,0,JFP,20JFP,Call Sign,Amateur Intermediate Radio Licence,Available
2,0,JFR,20JFR,Call Sign,Amateur Intermediate Radio Licence,Available
2,0,JFU,20JFU,Call Sign,Amateur Intermediate Radio Licence,Available
2,0,JFV,20JFV,Call Sign,Amateur Intermediate Radio Licence,Available
2,0,JFX,20JFX,Call Sign,Amateur Intermediate Radio Licence,Available
2,0,JFY,20JFY,Call Sign,Amateur Intermediate Radio Licence,Available
2,0,JGA,20JGA,Call Sign,Amateur Intermediate Radio Licence,Available
2,0,JGF,20JGF,Call Sign,Amateur Intermediate Radio Licence,Available
2,0,JGJ,20JGJ,Call Sign,Amateur Intermediate Radio Licence,Available
2,0,JGL,20JGL,Call Sign,Amateur Intermediate Radio Licence,Available
2,0,JGM,20JGM,Call Sign,Amateur Intermediate Radio Licence,Available
2,0,JGN,20JGN,Call Sign,Amateur Intermediate Radio Licence,Available
2,0,JGO,20JGO,Call Sign,Amateur Intermediate Radio Licence,Available
2,0,JGQ,20JGQ,Call Sign,Amateur Intermediate Radio Licence,Available
2,0,JGT,20JGT,Call Sign,Amateur Intermediate Radio Licence,Available
2,0,JGU,20JGU,Call Sign,Amateur Intermediate Radio Licence,Available
2,0,JGV,20JGV,Call Sign,Amateur Intermediate Radio Licence,Available
2,0,JGY,20JGY,Call Sign,Amateur Intermediate Radio Licence,Available
2,0,JHC,20JHC,Call Sign,Amateur Intermediate Radio Licence,Available
2,0,JHE,20JHE,Call Sign,Amateur Intermediate Radio Licence,Available
2,0,JHH,20JHH,Call Sign,Amateur Intermediate Radio Licence,Available
2,0,JHI,20JHI,Call Sign,Amateur Intermediate Radio Licence,Available
2,0,JHJ,20JHJ,Call Sign,Amateur Intermediate Radio Licence,Available
2,0,JHK,20JHK,Call Sign,Amateur Intermediate Radio Licence,Available
2,0,JHQ,20JHQ,Call Sign,Amateur Intermediate Radio Licence,Available
2,0,JHU,20JHU,Call Sign,Amateur Intermediate Radio Licence,Available
2,0,JHV,20JHV,Call Sign,Amateur Intermediate Radio Licence,Available
2,0,JHW,20JHW,Call Sign,Amateur Intermediate Radio Licence,Available
2,0,JHX,20JHX,Call Sign,Amateur Intermediate Radio Licence,Available
2,0,JHY,20JHY,Call Sign,Amateur Intermediate Radio Licence,Available
2,0,JHZ,20JHZ,Call Sign,Amateur Intermediate Radio Licence,Available
2,0,JIB,20JIB,Call Sign,Amateur Intermediate Radio Licence,Available
2,0,JIC,20JIC,Call Sign,Amateur Intermediate Radio Licence,Available
2,0,JID,20JID,Call Sign,Amateur Intermediate Radio Licence,Available
2,0,JIE,20JIE,Call Sign,Amateur Intermediate Radio Licence,Available
2,0,JIH,20JIH,Call Sign,Amateur Intermediate Radio Licence,Available
2,0,JII,20JII,Call Sign,Amateur Intermediate Radio Licence,Available
2,0,JIJ,20JIJ,Call Sign,Amateur Intermediate Radio Licence,Available
2,0,JIK,20JIK,Call Sign,Amateur Intermediate Radio Licence,Available
2,0,JIN,20JIN,Call Sign,Amateur Intermediate Radio Licence,Available
2,0,JIO,20JIO,Call Sign,Amateur Intermediate Radio Licence,Available
2,0,JIP,20JIP,Call Sign,Amateur Intermediate Radio Licence,Available
2,0,JIQ,20JIQ,Call Sign,Amateur Intermediate Radio Licence,Available
2,0,JIS,20JIS,Call Sign,Amateur Intermediate Radio Licence,Available
2,0,JIT,20JIT,Call Sign,Amateur Intermediate Radio Licence,Available
2,0,JIU,20JIU,Call Sign,Amateur Intermediate Radio Licence,Available
2,0,JIV,20JIV,Call Sign,Amateur Intermediate Radio Licence,Available
2,0,JIX,20JIX,Call Sign,Amateur Intermediate Radio Licence,Available
2,0,JIY,20JIY,Call Sign,Amateur Intermediate Radio Licence,Available
2,0,JIZ,20JIZ,Call Sign,Amateur Intermediate Radio Licence,Available
2,0,JJC,20JJC,Call Sign,Amateur Intermediate Radio Licence,Available
2,0,JJE,20JJE,Call Sign,Amateur Intermediate Radio Licence,Available
2,0,JJF,20JJF,Call Sign,Amateur Intermediate Radio Licence,Available
2,0,JJG,20JJG,Call Sign,Amateur Intermediate Radio Licence,Available
2,0,JJI,20JJI,Call Sign,Amateur Intermediate Radio Licence,Available
2,0,JJL,20JJL,Call Sign,Amateur Intermediate Radio Licence,Available
2,0,JJN,20JJN,Call Sign,Amateur Intermediate Radio Licence,Available
2,0,JJP,20JJP,Call Sign,Amateur Intermediate Radio Licence,Available
2,0,JJQ,20JJQ,Call Sign,Amateur Intermediate Radio Licence,Available
2,0,JJS,20JJS,Call Sign,Amateur Intermediate Radio Licence,Available
2,0,JJT,20JJT,Call Sign,Amateur Intermediate Radio Licence,Available
2,0,JJU,20JJU,Call Sign,Amateur Intermediate Radio Licence,Available
2,0,JJV,20JJV,Call Sign,Amateur Intermediate Radio Licence,Available
2,0,JJY,20JJY,Call Sign,Amateur Intermediate Radio Licence,Available
2,0,JJZ,20JJZ,Call Sign,Amateur Intermediate Radio Licence,Available
2,0,JKA,20JKA,Call Sign,Amateur Intermediate Radio Licence,Available
2,0,JKF,20JKF,Call Sign,Amateur Intermediate Radio Licence,Available
2,0,JKH,20JKH,Call Sign,Amateur Intermediate Radio Licence,Available
2,0,JKI,20JKI,Call Sign,Amateur Intermediate Radio Licence,Available
2,0,JKM,20JKM,Call Sign,Amateur Intermediate Radio Licence,Available
2,0,JKN,20JKN,Call Sign,Amateur Intermediate Radio Licence,Available
2,0,JKP,20JKP,Call Sign,Amateur Intermediate Radio Licence,Available
2,0,JKQ,20JKQ,Call Sign,Amateur Intermediate Radio Licence,Available
2,0,JKS,20JKS,Call Sign,Amateur Intermediate Radio Licence,Available
2,0,JKU,20JKU,Call Sign,Amateur Intermediate Radio Licence,Available
2,0,JKV,20JKV,Call Sign,Amateur Intermediate Radio Licence,Available
2,0,JKX,20JKX,Call Sign,Amateur Intermediate Radio Licence,Available
2,0,JLC,20JLC,Call Sign,Amateur Intermediate Radio Licence,Available
2,0,JLE,20JLE,Call Sign,Amateur Intermediate Radio Licence,Available
2,0,JLF,20JLF,Call Sign,Amateur Intermediate Radio Licence,Available
2,0,JLI,20JLI,Call Sign,Amateur Intermediate Radio Licence,Available
2,0,JLJ,20JLJ,Call Sign,Amateur Intermediate Radio Licence,Available
2,0,JLO,20JLO,Call Sign,Amateur Intermediate Radio Licence,Available
2,0,JLP,20JLP,Call Sign,Amateur Intermediate Radio Licence,Available
2,0,JLQ,20JLQ,Call Sign,Amateur Intermediate Radio Licence,Available
2,0,JLR,20JLR,Call Sign,Amateur Intermediate Radio Licence,Available
2,0,JLT,20JLT,Call Sign,Amateur Intermediate Radio Licence,Available
2,0,JLU,20JLU,Call Sign,Amateur Intermediate Radio Licence,Available
2,0,JLV,20JLV,Call Sign,Amateur Intermediate Radio Licence,Available
2,0,JLW,20JLW,Call Sign,Amateur Intermediate Radio Licence,Available
2,0,JLZ,20JLZ,Call Sign,Amateur Intermediate Radio Licence,Available
2,0,JMD,20JMD,Call Sign,Amateur Intermediate Radio Licence,Available
2,0,JMI,20JMI,Call Sign,Amateur Intermediate Radio Licence,Available
2,0,JMJ,20JMJ,Call Sign,Amateur Intermediate Radio Licence,Available
2,0,JMQ,20JMQ,Call Sign,Amateur Intermediate Radio Licence,Available
2,0,JMU,20JMU,Call Sign,Amateur Intermediate Radio Licence,Available
2,0,JNA,20JNA,Call Sign,Amateur Intermediate Radio Licence,Available
2,0,JNB,20JNB,Call Sign,Amateur Intermediate Radio Licence,Available
2,0,JNC,20JNC,Call Sign,Amateur Intermediate Radio Licence,Available
2,0,JND,20JND,Call Sign,Amateur Intermediate Radio Licence,Available
2,0,JNE,20JNE,Call Sign,Amateur Intermediate Radio Licence,Available
2,0,JNF,20JNF,Call Sign,Amateur Intermediate Radio Licence,Available
2,0,JNG,20JNG,Call Sign,Amateur Intermediate Radio Licence,Available
2,0,JNJ,20JNJ,Call Sign,Amateur Intermediate Radio Licence,Available
2,0,JNM,20JNM,Call Sign,Amateur Intermediate Radio Licence,Available
2,0,JNN,20JNN,Call Sign,Amateur Intermediate Radio Licence,Available
2,0,JNO,20JNO,Call Sign,Amateur Intermediate Radio Licence,Available
2,0,JNR,20JNR,Call Sign,Amateur Intermediate Radio Licence,Available
2,0,JNU,20JNU,Call Sign,Amateur Intermediate Radio Licence,Available
2,0,JNV,20JNV,Call Sign,Amateur Intermediate Radio Licence,Available
2,0,JNW,20JNW,Call Sign,Amateur Intermediate Radio Licence,Available
2,0,JNX,20JNX,Call Sign,Amateur Intermediate Radio Licence,Available
2,0,JNY,20JNY,Call Sign,Amateur Intermediate Radio Licence,Available
2,0,JNZ,20JNZ,Call Sign,Amateur Intermediate Radio Licence,Available
2,0,JOA,20JOA,Call Sign,Amateur Intermediate Radio Licence,Available
2,0,JOD,20JOD,Call Sign,Amateur Intermediate Radio Licence,Available
2,0,JOI,20JOI,Call Sign,Amateur Intermediate Radio Licence,Available
2,0,JOL,20JOL,Call Sign,Amateur Intermediate Radio Licence,Available
2,0,JOO,20JOO,Call Sign,Amateur Intermediate Radio Licence,Available
2,0,JOQ,20JOQ,Call Sign,Amateur Intermediate Radio Licence,Available
2,0,JOT,20JOT,Call Sign,Amateur Intermediate Radio Licence,Available
2,0,JOU,20JOU,Call Sign,Amateur Intermediate Radio Licence,Available
2,0,JOV,20JOV,Call Sign,Amateur Intermediate Radio Licence,Available
2,0,JOW,20JOW,Call Sign,Amateur Intermediate Radio Licence,Available
2,0,JOZ,20JOZ,Call Sign,Amateur Intermediate Radio Licence,Available
2,0,JPQ,20JPQ,Call Sign,Amateur Intermediate Radio Licence,Available
2,0,JPV,20JPV,Call Sign,Amateur Intermediate Radio Licence,Available
2,0,JPY,20JPY,Call Sign,Amateur Intermediate Radio Licence,Available
2,0,JQA,20JQA,Call Sign,Amateur Intermediate Radio Licence,Available
2,0,JQB,20JQB,Call Sign,Amateur Intermediate Radio Licence,Available
2,0,JQC,20JQC,Call Sign,Amateur Intermediate Radio Licence,Available
2,0,JQD,20JQD,Call Sign,Amateur Intermediate Radio Licence,Available
2,0,JQE,20JQE,Call Sign,Amateur Intermediate Radio Licence,Available
2,0,JQG,20JQG,Call Sign,Amateur Intermediate Radio Licence,Available
2,0,JQH,20JQH,Call Sign,Amateur Intermediate Radio Licence,Available
2,0,JQJ,20JQJ,Call Sign,Amateur Intermediate Radio Licence,Available
2,0,JQL,20JQL,Call Sign,Amateur Intermediate Radio Licence,Available
2,0,JQM,20JQM,Call Sign,Amateur Intermediate Radio Licence,Available
2,0,JQN,20JQN,Call Sign,Amateur Intermediate Radio Licence,Available
2,0,JQO,20JQO,Call Sign,Amateur Intermediate Radio Licence,Available
2,0,JQP,20JQP,Call Sign,Amateur Intermediate Radio Licence,Available
2,0,JQR,20JQR,Call Sign,Amateur Intermediate Radio Licence,Available
2,0,JQS,20JQS,Call Sign,Amateur Intermediate Radio Licence,Available
2,0,JQT,20JQT,Call Sign,Amateur Intermediate Radio Licence,Available
2,0,JQU,20JQU,Call Sign,Amateur Intermediate Radio Licence,Available
2,0,JQV,20JQV,Call Sign,Amateur Intermediate Radio Licence,Available
2,0,JQX,20JQX,Call Sign,Amateur Intermediate Radio Licence,Available
2,0,JRE,20JRE,Call Sign,Amateur Intermediate Radio Licence,Available
2,0,JRI,20JRI,Call Sign,Amateur Intermediate Radio Licence,Available
2,0,JRJ,20JRJ,Call Sign,Amateur Intermediate Radio Licence,Available
2,0,JRK,20JRK,Call Sign,Amateur Intermediate Radio Licence,Available
2,0,JRO,20JRO,Call Sign,Amateur Intermediate Radio Licence,Available
2,0,JRU,20JRU,Call Sign,Amateur Intermediate Radio Licence,Available
2,0,JRV,20JRV,Call Sign,Amateur Intermediate Radio Licence,Available
2,0,JRY,20JRY,Call Sign,Amateur Intermediate Radio Licence,Available
2,0,JSE,20JSE,Call Sign,Amateur Intermediate Radio Licence,Available
2,0,JSQ,20JSQ,Call Sign,Amateur Intermediate Radio Licence,Available
2,0,JST,20JST,Call Sign,Amateur Intermediate Radio Licence,Available
2,0,JSU,20JSU,Call Sign,Amateur Intermediate Radio Licence,Available
2,0,JSV,20JSV,Call Sign,Amateur Intermediate Radio Licence,Available
2,0,JSX,20JSX,Call Sign,Amateur Intermediate Radio Licence,Available
2,0,JSY,20JSY,Call Sign,Amateur Intermediate Radio Licence,Available
2,0,JTG,20JTG,Call Sign,Amateur Intermediate Radio Licence,Available
2,0,JTK,20JTK,Call Sign,Amateur Intermediate Radio Licence,Available
2,0,JTO,20JTO,Call Sign,Amateur Intermediate Radio Licence,Available
2,0,JTQ,20JTQ,Call Sign,Amateur Intermediate Radio Licence,Available
2,0,JTS,20JTS,Call Sign,Amateur Intermediate Radio Licence,Available
2,0,JTT,20JTT,Call Sign,Amateur Intermediate Radio Licence,Available
2,0,JTU,20JTU,Call Sign,Amateur Intermediate Radio Licence,Available
2,0,JTV,20JTV,Call Sign,Amateur Intermediate Radio Licence,Available
2,0,JTX,20JTX,Call Sign,Amateur Intermediate Radio Licence,Available
2,0,JTY,20JTY,Call Sign,Amateur Intermediate Radio Licence,Available
2,0,JTZ,20JTZ,Call Sign,Amateur Intermediate Radio Licence,Available
2,0,JUA,20JUA,Call Sign,Amateur Intermediate Radio Licence,Available
2,0,JUC,20JUC,Call Sign,Amateur Intermediate Radio Licence,Available
2,0,JUD,20JUD,Call Sign,Amateur Intermediate Radio Licence,Available
2,0,JUF,20JUF,Call Sign,Amateur Intermediate Radio Licence,Available
2,0,JUH,20JUH,Call Sign,Amateur Intermediate Radio Licence,Available
2,0,JUI,20JUI,Call Sign,Amateur Intermediate Radio Licence,Available
2,0,JUJ,20JUJ,Call Sign,Amateur Intermediate Radio Licence,Available
2,0,JUM,20JUM,Call Sign,Amateur Intermediate Radio Licence,Available
2,0,JUN,2015-06-20,Call Sign,Amateur Intermediate Radio Licence,Available
2,0,JUO,20JUO,Call Sign,Amateur Intermediate Radio Licence,Available
2,0,JUP,20JUP,Call Sign,Amateur Intermediate Radio Licence,Available
2,0,JUQ,20JUQ,Call Sign,Amateur Intermediate Radio Licence,Available
2,0,JUR,20JUR,Call Sign,Amateur Intermediate Radio Licence,Available
2,0,JUS,20JUS,Call Sign,Amateur Intermediate Radio Licence,Available
2,0,JUT,20JUT,Call Sign,Amateur Intermediate Radio Licence,Available
2,0,JUU,20JUU,Call Sign,Amateur Intermediate Radio Licence,Available
2,0,JUV,20JUV,Call Sign,Amateur Intermediate Radio Licence,Available
2,0,JUX,20JUX,Call Sign,Amateur Intermediate Radio Licence,Available
2,0,JUY,20JUY,Call Sign,Amateur Intermediate Radio Licence,Available
2,0,JVB,20JVB,Call Sign,Amateur Intermediate Radio Licence,Available
2,0,JVC,20JVC,Call Sign,Amateur Intermediate Radio Licence,Available
2,0,JVD,20JVD,Call Sign,Amateur Intermediate Radio Licence,Available
2,0,JVE,20JVE,Call Sign,Amateur Intermediate Radio Licence,Available
2,0,JVF,20JVF,Call Sign,Amateur Intermediate Radio Licence,Available
2,0,JVH,20JVH,Call Sign,Amateur Intermediate Radio Licence,Available
2,0,JVJ,20JVJ,Call Sign,Amateur Intermediate Radio Licence,Available
2,0,JVK,20JVK,Call Sign,Amateur Intermediate Radio Licence,Available
2,0,JVL,20JVL,Call Sign,Amateur Intermediate Radio Licence,Available
2,0,JVN,20JVN,Call Sign,Amateur Intermediate Radio Licence,Available
2,0,JVO,20JVO,Call Sign,Amateur Intermediate Radio Licence,Available
2,0,JVQ,20JVQ,Call Sign,Amateur Intermediate Radio Licence,Available
2,0,JVS,20JVS,Call Sign,Amateur Intermediate Radio Licence,Available
2,0,JVT,20JVT,Call Sign,Amateur Intermediate Radio Licence,Available
2,0,JVU,20JVU,Call Sign,Amateur Intermediate Radio Licence,Available
2,0,JVW,20JVW,Call Sign,Amateur Intermediate Radio Licence,Available
2,0,JVX,20JVX,Call Sign,Amateur Intermediate Radio Licence,Available
2,0,JVY,20JVY,Call Sign,Amateur Intermediate Radio Licence,Available
2,0,JWD,20JWD,Call Sign,Amateur Intermediate Radio Licence,Available
2,0,JWI,20JWI,Call Sign,Amateur Intermediate Radio Licence,Available
2,0,JWN,20JWN,Call Sign,Amateur Intermediate Radio Licence,Available
2,0,JWO,20JWO,Call Sign,Amateur Intermediate Radio Licence,Available
2,0,JWQ,20JWQ,Call Sign,Amateur Intermediate Radio Licence,Available
2,0,JWR,20JWR,Call Sign,Amateur Intermediate Radio Licence,Available
2,0,JWT,20JWT,Call Sign,Amateur Intermediate Radio Licence,Available
2,0,JWU,20JWU,Call Sign,Amateur Intermediate Radio Licence,Available
2,0,JWV,20JWV,Call Sign,Amateur Intermediate Radio Licence,Available
2,0,JWX,20JWX,Call Sign,Amateur Intermediate Radio Licence,Available
2,0,JXA,20JXA,Call Sign,Amateur Intermediate Radio Licence,Available
2,0,JXF,20JXF,Call Sign,Amateur Intermediate Radio Licence,Available
2,0,JXG,20JXG,Call Sign,Amateur Intermediate Radio Licence,Available
2,0,JXH,20JXH,Call Sign,Amateur Intermediate Radio Licence,Available
2,0,JXI,20JXI,Call Sign,Amateur Intermediate Radio Licence,Available
2,0,JXJ,20JXJ,Call Sign,Amateur Intermediate Radio Licence,Available
2,0,JXK,20JXK,Call Sign,Amateur Intermediate Radio Licence,Available
2,0,JXQ,20JXQ,Call Sign,Amateur Intermediate Radio Licence,Available
2,0,JXS,20JXS,Call Sign,Amateur Intermediate Radio Licence,Available
2,0,JXT,20JXT,Call Sign,Amateur Intermediate Radio Licence,Available
2,0,JXU,20JXU,Call Sign,Amateur Intermediate Radio Licence,Available
2,0,JXW,20JXW,Call Sign,Amateur Intermediate Radio Licence,Available
2,0,JXX,20JXX,Call Sign,Amateur Intermediate Radio Licence,Available
2,0,JXY,20JXY,Call Sign,Amateur Intermediate Radio Licence,Available
2,0,JXZ,20JXZ,Call Sign,Amateur Intermediate Radio Licence,Available
2,0,JYB,20JYB,Call Sign,Amateur Intermediate Radio Licence,Available
2,0,JYD,20JYD,Call Sign,Amateur Intermediate Radio Licence,Available
2,0,JYE,20JYE,Call Sign,Amateur Intermediate Radio Licence,Available
2,0,JYF,20JYF,Call Sign,Amateur Intermediate Radio Licence,Available
2,0,JYG,20JYG,Call Sign,Amateur Intermediate Radio Licence,Available
2,0,JYH,20JYH,Call Sign,Amateur Intermediate Radio Licence,Available
2,0,JYJ,20JYJ,Call Sign,Amateur Intermediate Radio Licence,Available
2,0,JYO,20JYO,Call Sign,Amateur Intermediate Radio Licence,Available
2,0,JYP,20JYP,Call Sign,Amateur Intermediate Radio Licence,Available
2,0,JYQ,20JYQ,Call Sign,Amateur Intermediate Radio Licence,Available
2,0,JYR,20JYR,Call Sign,Amateur Intermediate Radio Licence,Available
2,0,JYS,20JYS,Call Sign,Amateur Intermediate Radio Licence,Available
2,0,JYT,20JYT,Call Sign,Amateur Intermediate Radio Licence,Available
2,0,JYU,20JYU,Call Sign,Amateur Intermediate Radio Licence,Available
2,0,JYV,20JYV,Call Sign,Amateur Intermediate Radio Licence,Available
2,0,JYW,20JYW,Call Sign,Amateur Intermediate Radio Licence,Available
2,0,JYZ,20JYZ,Call Sign,Amateur Intermediate Radio Licence,Available
2,0,JZA,20JZA,Call Sign,Amateur Intermediate Radio Licence,Available
2,0,JZB,20JZB,Call Sign,Amateur Intermediate Radio Licence,Available
2,0,JZD,20JZD,Call Sign,Amateur Intermediate Radio Licence,Available
2,0,JZE,20JZE,Call Sign,Amateur Intermediate Radio Licence,Available
2,0,JZG,20JZG,Call Sign,Amateur Intermediate Radio Licence,Available
2,0,JZH,20JZH,Call Sign,Amateur Intermediate Radio Licence,Available
2,0,JZI,20JZI,Call Sign,Amateur Intermediate Radio Licence,Available
2,0,JZJ,20JZJ,Call Sign,Amateur Intermediate Radio Licence,Available
2,0,JZL,20JZL,Call Sign,Amateur Intermediate Radio Licence,Available
2,0,JZM,20JZM,Call Sign,Amateur Intermediate Radio Licence,Available
2,0,JZN,20JZN,Call Sign,Amateur Intermediate Radio Licence,Available
2,0,JZO,20JZO,Call Sign,Amateur Intermediate Radio Licence,Available
2,0,JZP,20JZP,Call Sign,Amateur Intermediate Radio Licence,Available
2,0,JZQ,20JZQ,Call Sign,Amateur Intermediate Radio Licence,Available
2,0,JZR,20JZR,Call Sign,Amateur Intermediate Radio Licence,Available
2,0,JZS,20JZS,Call Sign,Amateur Intermediate Radio Licence,Available
2,0,JZV,20JZV,Call Sign,Amateur Intermediate Radio Licence,Available
2,0,JZW,20JZW,Call Sign,Amateur Intermediate Radio Licence,Available
2,0,JZY,20JZY,Call Sign,Amateur Intermediate Radio Licence,Available
2,0,KBO,20KBO,Call Sign,Amateur Intermediate Radio Licence,Available
2,0,KBP,20KBP,Call Sign,Amateur Intermediate Radio Licence,Available
2,0,KBQ,20KBQ,Call Sign,Amateur Intermediate Radio Licence,Available
2,0,KBR,20KBR,Call Sign,Amateur Intermediate Radio Licence,Available
2,0,KBU,20KBU,Call Sign,Amateur Intermediate Radio Licence,Available
2,0,KBV,20KBV,Call Sign,Amateur Intermediate Radio Licence,Available
2,0,KBW,20KBW,Call Sign,Amateur Intermediate Radio Licence,Available
2,0,KBY,20KBY,Call Sign,Amateur Intermediate Radio Licence,Available
2,0,KBZ,20KBZ,Call Sign,Amateur Intermediate Radio Licence,Available
2,0,KCA,20KCA,Call Sign,Amateur Intermediate Radio Licence,Available
2,0,KCD,20KCD,Call Sign,Amateur Intermediate Radio Licence,Available
2,0,KCG,20KCG,Call Sign,Amateur Intermediate Radio Licence,Available
2,0,KCH,20KCH,Call Sign,Amateur Intermediate Radio Licence,Available
2,0,KCI,20KCI,Call Sign,Amateur Intermediate Radio Licence,Available
2,0,KCJ,20KCJ,Call Sign,Amateur Intermediate Radio Licence,Available
2,0,KCQ,20KCQ,Call Sign,Amateur Intermediate Radio Licence,Available
2,0,KCR,20KCR,Call Sign,Amateur Intermediate Radio Licence,Available
2,0,KCS,20KCS,Call Sign,Amateur Intermediate Radio Licence,Available
2,0,KCU,20KCU,Call Sign,Amateur Intermediate Radio Licence,Available
2,0,KCV,20KCV,Call Sign,Amateur Intermediate Radio Licence,Available
2,0,KCY,20KCY,Call Sign,Amateur Intermediate Radio Licence,Available
2,0,KDB,20KDB,Call Sign,Amateur Intermediate Radio Licence,Available
2,0,KDI,20KDI,Call Sign,Amateur Intermediate Radio Licence,Available
2,0,KDJ,20KDJ,Call Sign,Amateur Intermediate Radio Licence,Available
2,0,KDK,20KDK,Call Sign,Amateur Intermediate Radio Licence,Available
2,0,KDO,20KDO,Call Sign,Amateur Intermediate Radio Licence,Available
2,0,KDQ,20KDQ,Call Sign,Amateur Intermediate Radio Licence,Available
2,0,KDS,20KDS,Call Sign,Amateur Intermediate Radio Licence,Available
2,0,KDT,20KDT,Call Sign,Amateur Intermediate Radio Licence,Available
2,0,KDU,20KDU,Call Sign,Amateur Intermediate Radio Licence,Available
2,0,KEC,20KEC,Call Sign,Amateur Intermediate Radio Licence,Available
2,0,KEJ,20KEJ,Call Sign,Amateur Intermediate Radio Licence,Available
2,0,KEK,20KEK,Call Sign,Amateur Intermediate Radio Licence,Available
2,0,KEP,20KEP,Call Sign,Amateur Intermediate Radio Licence,Available
2,0,KEU,20KEU,Call Sign,Amateur Intermediate Radio Licence,Available
2,0,KEX,20KEX,Call Sign,Amateur Intermediate Radio Licence,Available
2,0,KFA,20KFA,Call Sign,Amateur Intermediate Radio Licence,Available
2,0,KFB,20KFB,Call Sign,Amateur Intermediate Radio Licence,Available
2,0,KFD,20KFD,Call Sign,Amateur Intermediate Radio Licence,Available
2,0,KFE,20KFE,Call Sign,Amateur Intermediate Radio Licence,Available
2,0,KFF,20KFF,Call Sign,Amateur Intermediate Radio Licence,Available
2,0,KFG,20KFG,Call Sign,Amateur Intermediate Radio Licence,Available
2,0,KFI,20KFI,Call Sign,Amateur Intermediate Radio Licence,Available
2,0,KFJ,20KFJ,Call Sign,Amateur Intermediate Radio Licence,Available
2,0,KFL,20KFL,Call Sign,Amateur Intermediate Radio Licence,Available
2,0,KFN,20KFN,Call Sign,Amateur Intermediate Radio Licence,Available
2,0,KFP,20KFP,Call Sign,Amateur Intermediate Radio Licence,Available
2,0,KFQ,20KFQ,Call Sign,Amateur Intermediate Radio Licence,Available
2,0,KFR,20KFR,Call Sign,Amateur Intermediate Radio Licence,Available
2,0,KFV,20KFV,Call Sign,Amateur Intermediate Radio Licence,Available
2,0,KFW,20KFW,Call Sign,Amateur Intermediate Radio Licence,Available
2,0,KFY,20KFY,Call Sign,Amateur Intermediate Radio Licence,Available
2,0,KFZ,20KFZ,Call Sign,Amateur Intermediate Radio Licence,Available
2,0,KGA,20KGA,Call Sign,Amateur Intermediate Radio Licence,Available
2,0,KGE,20KGE,Call Sign,Amateur Intermediate Radio Licence,Available
2,0,KGF,20KGF,Call Sign,Amateur Intermediate Radio Licence,Available
2,0,KGH,20KGH,Call Sign,Amateur Intermediate Radio Licence,Available
2,0,KGI,20KGI,Call Sign,Amateur Intermediate Radio Licence,Available
2,0,KGK,20KGK,Call Sign,Amateur Intermediate Radio Licence,Available
2,0,KGL,20KGL,Call Sign,Amateur Intermediate Radio Licence,Available
2,0,KGM,20KGM,Call Sign,Amateur Intermediate Radio Licence,Available
2,0,KGN,20KGN,Call Sign,Amateur Intermediate Radio Licence,Available
2,0,KGO,20KGO,Call Sign,Amateur Intermediate Radio Licence,Available
2,0,KGR,20KGR,Call Sign,Amateur Intermediate Radio Licence,Available
2,0,KGT,20KGT,Call Sign,Amateur Intermediate Radio Licence,Available
2,0,KGU,20KGU,Call Sign,Amateur Intermediate Radio Licence,Available
2,0,KGW,20KGW,Call Sign,Amateur Intermediate Radio Licence,Available
2,0,KGX,20KGX,Call Sign,Amateur Intermediate Radio Licence,Available
2,0,KGY,20KGY,Call Sign,Amateur Intermediate Radio Licence,Available
2,0,KGZ,20KGZ,Call Sign,Amateur Intermediate Radio Licence,Available
2,0,KHB,20KHB,Call Sign,Amateur Intermediate Radio Licence,Available
2,0,KHC,20KHC,Call Sign,Amateur Intermediate Radio Licence,Available
2,0,KHD,20KHD,Call Sign,Amateur Intermediate Radio Licence,Available
2,0,KHE,20KHE,Call Sign,Amateur Intermediate Radio Licence,Available
2,0,KHF,20KHF,Call Sign,Amateur Intermediate Radio Licence,Available
2,0,KHH,20KHH,Call Sign,Amateur Intermediate Radio Licence,Available
2,0,KHI,20KHI,Call Sign,Amateur Intermediate Radio Licence,Available
2,0,KHJ,20KHJ,Call Sign,Amateur Intermediate Radio Licence,Available
2,0,KHL,20KHL,Call Sign,Amateur Intermediate Radio Licence,Available
2,0,KHM,20KHM,Call Sign,Amateur Intermediate Radio Licence,Available
2,0,KHN,20KHN,Call Sign,Amateur Intermediate Radio Licence,Available
2,0,KHP,20KHP,Call Sign,Amateur Intermediate Radio Licence,Available
2,0,KHQ,20KHQ,Call Sign,Amateur Intermediate Radio Licence,Available
2,0,KHR,20KHR,Call Sign,Amateur Intermediate Radio Licence,Available
2,0,KHT,20KHT,Call Sign,Amateur Intermediate Radio Licence,Available
2,0,KHU,20KHU,Call Sign,Amateur Intermediate Radio Licence,Available
2,0,KHV,20KHV,Call Sign,Amateur Intermediate Radio Licence,Available
2,0,KHX,20KHX,Call Sign,Amateur Intermediate Radio Licence,Available
2,0,KHY,20KHY,Call Sign,Amateur Intermediate Radio Licence,Available
2,0,KIA,20KIA,Call Sign,Amateur Intermediate Radio Licence,Available
2,0,KIC,20KIC,Call Sign,Amateur Intermediate Radio Licence,Available
2,0,KIE,20KIE,Call Sign,Amateur Intermediate Radio Licence,Available
2,0,KIF,20KIF,Call Sign,Amateur Intermediate Radio Licence,Available
2,0,KIH,20KIH,Call Sign,Amateur Intermediate Radio Licence,Available
2,0,KII,20KII,Call Sign,Amateur Intermediate Radio Licence,Available
2,0,KIJ,20KIJ,Call Sign,Amateur Intermediate Radio Licence,Available
2,0,KIK,20KIK,Call Sign,Amateur Intermediate Radio Licence,Available
2,0,KIN,20KIN,Call Sign,Amateur Intermediate Radio Licence,Available
2,0,KIO,20KIO,Call Sign,Amateur Intermediate Radio Licence,Available
2,0,KIQ,20KIQ,Call Sign,Amateur Intermediate Radio Licence,Available
2,0,KIS,20KIS,Call Sign,Amateur Intermediate Radio Licence,Available
2,0,KIU,20KIU,Call Sign,Amateur Intermediate Radio Licence,Available
2,0,KIV,20KIV,Call Sign,Amateur Intermediate Radio Licence,Available
2,0,KIW,20KIW,Call Sign,Amateur Intermediate Radio Licence,Available
2,0,KIX,20KIX,Call Sign,Amateur Intermediate Radio Licence,Available
2,0,KIY,20KIY,Call Sign,Amateur Intermediate Radio Licence,Available
2,0,KIZ,20KIZ,Call Sign,Amateur Intermediate Radio Licence,Available
2,0,KJC,20KJC,Call Sign,Amateur Intermediate Radio Licence,Available
2,0,KJD,20KJD,Call Sign,Amateur Intermediate Radio Licence,Available
2,0,KJE,20KJE,Call Sign,Amateur Intermediate Radio Licence,Available
2,0,KJF,20KJF,Call Sign,Amateur Intermediate Radio Licence,Available
2,0,KJH,20KJH,Call Sign,Amateur Intermediate Radio Licence,Available
2,0,KJI,20KJI,Call Sign,Amateur Intermediate Radio Licence,Available
2,0,KJL,20KJL,Call Sign,Amateur Intermediate Radio Licence,Available
2,0,KJN,20KJN,Call Sign,Amateur Intermediate Radio Licence,Available
2,0,KJQ,20KJQ,Call Sign,Amateur Intermediate Radio Licence,Available
2,0,KJR,20KJR,Call Sign,Amateur Intermediate Radio Licence,Available
2,0,KJT,20KJT,Call Sign,Amateur Intermediate Radio Licence,Available
2,0,KJU,20KJU,Call Sign,Amateur Intermediate Radio Licence,Available
2,0,KJX,20KJX,Call Sign,Amateur Intermediate Radio Licence,Available
2,0,KJY,20KJY,Call Sign,Amateur Intermediate Radio Licence,Available
2,0,KJZ,20KJZ,Call Sign,Amateur Intermediate Radio Licence,Available
2,0,KKD,20KKD,Call Sign,Amateur Intermediate Radio Licence,Available
2,0,KKE,20KKE,Call Sign,Amateur Intermediate Radio Licence,Available
2,0,KKF,20KKF,Call Sign,Amateur Intermediate Radio Licence,Available
2,0,KKG,20KKG,Call Sign,Amateur Intermediate Radio Licence,Available
2,0,KKH,20KKH,Call Sign,Amateur Intermediate Radio Licence,Available
2,0,KKI,20KKI,Call Sign,Amateur Intermediate Radio Licence,Available
2,0,KKL,20KKL,Call Sign,Amateur Intermediate Radio Licence,Available
2,0,KKM,20KKM,Call Sign,Amateur Intermediate Radio Licence,Available
2,0,KKN,20KKN,Call Sign,Amateur Intermediate Radio Licence,Available
2,0,KKO,20KKO,Call Sign,Amateur Intermediate Radio Licence,Available
2,0,KKQ,20KKQ,Call Sign,Amateur Intermediate Radio Licence,Available
2,0,KKR,20KKR,Call Sign,Amateur Intermediate Radio Licence,Available
2,0,KKT,20KKT,Call Sign,Amateur Intermediate Radio Licence,Available
2,0,KKU,20KKU,Call Sign,Amateur Intermediate Radio Licence,Available
2,0,KKV,20KKV,Call Sign,Amateur Intermediate Radio Licence,Available
2,0,KKX,20KKX,Call Sign,Amateur Intermediate Radio Licence,Available
2,0,KKY,20KKY,Call Sign,Amateur Intermediate Radio Licence,Available
2,0,KKZ,20KKZ,Call Sign,Amateur Intermediate Radio Licence,Available
2,0,KLA,20KLA,Call Sign,Amateur Intermediate Radio Licence,Available
2,0,KLB,20KLB,Call Sign,Amateur Intermediate Radio Licence,Available
2,0,KLC,20KLC,Call Sign,Amateur Intermediate Radio Licence,Available
2,0,KLG,20KLG,Call Sign,Amateur Intermediate Radio Licence,Available
2,0,KLI,20KLI,Call Sign,Amateur Intermediate Radio Licence,Available
2,0,KLK,20KLK,Call Sign,Amateur Intermediate Radio Licence,Available
2,0,KLQ,20KLQ,Call Sign,Amateur Intermediate Radio Licence,Available
2,0,KLU,20KLU,Call Sign,Amateur Intermediate Radio Licence,Available
2,0,KLW,20KLW,Call Sign,Amateur Intermediate Radio Licence,Available
2,0,KLX,20KLX,Call Sign,Amateur Intermediate Radio Licence,Available
2,0,KLZ,20KLZ,Call Sign,Amateur Intermediate Radio Licence,Available
2,0,KMH,20KMH,Call Sign,Amateur Intermediate Radio Licence,Available
2,0,KMJ,20KMJ,Call Sign,Amateur Intermediate Radio Licence,Available
2,0,KMN,20KMN,Call Sign,Amateur Intermediate Radio Licence,Available
2,0,KMQ,20KMQ,Call Sign,Amateur Intermediate Radio Licence,Available
2,0,KMT,20KMT,Call Sign,Amateur Intermediate Radio Licence,Available
2,0,KMV,20KMV,Call Sign,Amateur Intermediate Radio Licence,Available
2,0,KMX,20KMX,Call Sign,Amateur Intermediate Radio Licence,Available
2,0,KMY,20KMY,Call Sign,Amateur Intermediate Radio Licence,Available
2,0,KNK,20KNK,Call Sign,Amateur Intermediate Radio Licence,Available
2,0,KNL,20KNL,Call Sign,Amateur Intermediate Radio Licence,Available
2,0,KNM,20KNM,Call Sign,Amateur Intermediate Radio Licence,Available
2,0,KNP,20KNP,Call Sign,Amateur Intermediate Radio Licence,Available
2,0,KNQ,20KNQ,Call Sign,Amateur Intermediate Radio Licence,Available
2,0,KNR,20KNR,Call Sign,Amateur Intermediate Radio Licence,Available
2,0,KNS,20KNS,Call Sign,Amateur Intermediate Radio Licence,Available
2,0,KNV,20KNV,Call Sign,Amateur Intermediate Radio Licence,Available
2,0,KNX,20KNX,Call Sign,Amateur Intermediate Radio Licence,Available
2,0,KNZ,20KNZ,Call Sign,Amateur Intermediate Radio Licence,Available
2,0,KOA,20KOA,Call Sign,Amateur Intermediate Radio Licence,Available
2,0,KOB,20KOB,Call Sign,Amateur Intermediate Radio Licence,Available
2,0,KOD,20KOD,Call Sign,Amateur Intermediate Radio Licence,Available
2,0,KOE,20KOE,Call Sign,Amateur Intermediate Radio Licence,Available
2,0,KOF,20KOF,Call Sign,Amateur Intermediate Radio Licence,Available
2,0,KOG,20KOG,Call Sign,Amateur Intermediate Radio Licence,Available
2,0,KOH,20KOH,Call Sign,Amateur Intermediate Radio Licence,Available
2,0,KOJ,20KOJ,Call Sign,Amateur Intermediate Radio Licence,Available
2,0,KOQ,20KOQ,Call Sign,Amateur Intermediate Radio Licence,Available
2,0,KOT,20KOT,Call Sign,Amateur Intermediate Radio Licence,Available
2,0,KOU,20KOU,Call Sign,Amateur Intermediate Radio Licence,Available
2,0,KOV,20KOV,Call Sign,Amateur Intermediate Radio Licence,Available
2,0,KOX,20KOX,Call Sign,Amateur Intermediate Radio Licence,Available
2,0,KPB,20KPB,Call Sign,Amateur Intermediate Radio Licence,Available
2,0,KPF,20KPF,Call Sign,Amateur Intermediate Radio Licence,Available
2,0,KPJ,20KPJ,Call Sign,Amateur Intermediate Radio Licence,Available
2,0,KPK,20KPK,Call Sign,Amateur Intermediate Radio Licence,Available
2,0,KPL,20KPL,Call Sign,Amateur Intermediate Radio Licence,Available
2,0,KPM,20KPM,Call Sign,Amateur Intermediate Radio Licence,Available
2,0,KPN,20KPN,Call Sign,Amateur Intermediate Radio Licence,Available
2,0,KPQ,20KPQ,Call Sign,Amateur Intermediate Radio Licence,Available
2,0,KPS,20KPS,Call Sign,Amateur Intermediate Radio Licence,Available
2,0,KPU,20KPU,Call Sign,Amateur Intermediate Radio Licence,Available
2,0,KPV,20KPV,Call Sign,Amateur Intermediate Radio Licence,Available
2,0,KPW,20KPW,Call Sign,Amateur Intermediate Radio Licence,Available
2,0,KPY,20KPY,Call Sign,Amateur Intermediate Radio Licence,Available
2,0,KQA,20KQA,Call Sign,Amateur Intermediate Radio Licence,Available
2,0,KQB,20KQB,Call Sign,Amateur Intermediate Radio Licence,Available
2,0,KQC,20KQC,Call Sign,Amateur Intermediate Radio Licence,Available
2,0,KQE,20KQE,Call Sign,Amateur Intermediate Radio Licence,Available
2,0,KQF,20KQF,Call Sign,Amateur Intermediate Radio Licence,Available
2,0,KQG,20KQG,Call Sign,Amateur Intermediate Radio Licence,Available
2,0,KQH,20KQH,Call Sign,Amateur Intermediate Radio Licence,Available
2,0,KQI,20KQI,Call Sign,Amateur Intermediate Radio Licence,Available
2,0,KQJ,20KQJ,Call Sign,Amateur Intermediate Radio Licence,Available
2,0,KQK,20KQK,Call Sign,Amateur Intermediate Radio Licence,Available
2,0,KQL,20KQL,Call Sign,Amateur Intermediate Radio Licence,Available
2,0,KQM,20KQM,Call Sign,Amateur Intermediate Radio Licence,Available
2,0,KQN,20KQN,Call Sign,Amateur Intermediate Radio Licence,Available
2,0,KQO,20KQO,Call Sign,Amateur Intermediate Radio Licence,Available
2,0,KQP,20KQP,Call Sign,Amateur Intermediate Radio Licence,Available
2,0,KQQ,20KQQ,Call Sign,Amateur Intermediate Radio Licence,Available
2,0,KQR,20KQR,Call Sign,Amateur Intermediate Radio Licence,Available
2,0,KQS,20KQS,Call Sign,Amateur Intermediate Radio Licence,Available
2,0,KQT,20KQT,Call Sign,Amateur Intermediate Radio Licence,Available
2,0,KQU,20KQU,Call Sign,Amateur Intermediate Radio Licence,Available
2,0,KQW,20KQW,Call Sign,Amateur Intermediate Radio Licence,Available
2,0,KQX,20KQX,Call Sign,Amateur Intermediate Radio Licence,Available
2,0,KQY,20KQY,Call Sign,Amateur Intermediate Radio Licence,Available
2,0,KQZ,20KQZ,Call Sign,Amateur Intermediate Radio Licence,Available
2,0,KRA,20KRA,Call Sign,Amateur Intermediate Radio Licence,Available
2,0,KRC,20KRC,Call Sign,Amateur Intermediate Radio Licence,Available
2,0,KRE,20KRE,Call Sign,Amateur Intermediate Radio Licence,Available
2,0,KRF,20KRF,Call Sign,Amateur Intermediate Radio Licence,Available
2,0,KRG,20KRG,Call Sign,Amateur Intermediate Radio Licence,Available
2,0,KRH,20KRH,Call Sign,Amateur Intermediate Radio Licence,Available
2,0,KRI,20KRI,Call Sign,Amateur Intermediate Radio Licence,Available
2,0,KRM,20KRM,Call Sign,Amateur Intermediate Radio Licence,Available
2,0,KRO,20KRO,Call Sign,Amateur Intermediate Radio Licence,Available
2,0,KRP,20KRP,Call Sign,Amateur Intermediate Radio Licence,Available
2,0,KRQ,20KRQ,Call Sign,Amateur Intermediate Radio Licence,Available
2,0,KRU,20KRU,Call Sign,Amateur Intermediate Radio Licence,Available
2,0,KRV,20KRV,Call Sign,Amateur Intermediate Radio Licence,Available
2,0,KRY,20KRY,Call Sign,Amateur Intermediate Radio Licence,Available
2,0,KRZ,20KRZ,Call Sign,Amateur Intermediate Radio Licence,Available
2,0,KSA,20KSA,Call Sign,Amateur Intermediate Radio Licence,Available
2,0,KSB,20KSB,Call Sign,Amateur Intermediate Radio Licence,Available
2,0,KSC,20KSC,Call Sign,Amateur Intermediate Radio Licence,Available
2,0,KSD,20KSD,Call Sign,Amateur Intermediate Radio Licence,Available
2,0,KSE,20KSE,Call Sign,Amateur Intermediate Radio Licence,Available
2,0,KSF,20KSF,Call Sign,Amateur Intermediate Radio Licence,Available
2,0,KSI,20KSI,Call Sign,Amateur Intermediate Radio Licence,Available
2,0,KSJ,20KSJ,Call Sign,Amateur Intermediate Radio Licence,Available
2,0,KSK,20KSK,Call Sign,Amateur Intermediate Radio Licence,Available
2,0,KSN,20KSN,Call Sign,Amateur Intermediate Radio Licence,Available
2,0,KSP,20KSP,Call Sign,Amateur Intermediate Radio Licence,Available
2,0,KSQ,20KSQ,Call Sign,Amateur Intermediate Radio Licence,Available
2,0,KSR,20KSR,Call Sign,Amateur Intermediate Radio Licence,Available
2,0,KSS,20KSS,Call Sign,Amateur Intermediate Radio Licence,Available
2,0,KSU,20KSU,Call Sign,Amateur Intermediate Radio Licence,Available
2,0,KSV,20KSV,Call Sign,Amateur Intermediate Radio Licence,Available
2,0,KSX,20KSX,Call Sign,Amateur Intermediate Radio Licence,Available
2,0,KSY,20KSY,Call Sign,Amateur Intermediate Radio Licence,Available
2,0,KSZ,20KSZ,Call Sign,Amateur Intermediate Radio Licence,Available
2,0,KTA,20KTA,Call Sign,Amateur Intermediate Radio Licence,Available
2,0,KTH,20KTH,Call Sign,Amateur Intermediate Radio Licence,Available
2,0,KTI,20KTI,Call Sign,Amateur Intermediate Radio Licence,Available
2,0,KTJ,20KTJ,Call Sign,Amateur Intermediate Radio Licence,Available
2,0,KTK,20KTK,Call Sign,Amateur Intermediate Radio Licence,Available
2,0,KTN,20KTN,Call Sign,Amateur Intermediate Radio Licence,Available
2,0,KTO,20KTO,Call Sign,Amateur Intermediate Radio Licence,Available
2,0,KTP,20KTP,Call Sign,Amateur Intermediate Radio Licence,Available
2,0,KTQ,20KTQ,Call Sign,Amateur Intermediate Radio Licence,Available
2,0,KTR,20KTR,Call Sign,Amateur Intermediate Radio Licence,Available
2,0,KTS,20KTS,Call Sign,Amateur Intermediate Radio Licence,Available
2,0,KTT,20KTT,Call Sign,Amateur Intermediate Radio Licence,Available
2,0,KTU,20KTU,Call Sign,Amateur Intermediate Radio Licence,Available
2,0,KTY,20KTY,Call Sign,Amateur Intermediate Radio Licence,Available
2,0,KUA,20KUA,Call Sign,Amateur Intermediate Radio Licence,Available
2,0,KUD,20KUD,Call Sign,Amateur Intermediate Radio Licence,Available
2,0,KUE,20KUE,Call Sign,Amateur Intermediate Radio Licence,Available
2,0,KUG,20KUG,Call Sign,Amateur Intermediate Radio Licence,Available
2,0,KUI,20KUI,Call Sign,Amateur Intermediate Radio Licence,Available
2,0,KUJ,20KUJ,Call Sign,Amateur Intermediate Radio Licence,Available
2,0,KUK,20KUK,Call Sign,Amateur Intermediate Radio Licence,Available
2,0,KUL,20KUL,Call Sign,Amateur Intermediate Radio Licence,Available
2,0,KUM,20KUM,Call Sign,Amateur Intermediate Radio Licence,Available
2,0,KUN,20KUN,Call Sign,Amateur Intermediate Radio Licence,Available
2,0,KUO,20KUO,Call Sign,Amateur Intermediate Radio Licence,Available
2,0,KUP,20KUP,Call Sign,Amateur Intermediate Radio Licence,Available
2,0,KUQ,20KUQ,Call Sign,Amateur Intermediate Radio Licence,Available
2,0,KUR,20KUR,Call Sign,Amateur Intermediate Radio Licence,Available
2,0,KUS,20KUS,Call Sign,Amateur Intermediate Radio Licence,Available
2,0,KUT,20KUT,Call Sign,Amateur Intermediate Radio Licence,Available
2,0,KUU,20KUU,Call Sign,Amateur Intermediate Radio Licence,Available
2,0,KUV,20KUV,Call Sign,Amateur Intermediate Radio Licence,Available
2,0,KUW,20KUW,Call Sign,Amateur Intermediate Radio Licence,Available
2,0,KUY,20KUY,Call Sign,Amateur Intermediate Radio Licence,Available
2,0,KUZ,20KUZ,Call Sign,Amateur Intermediate Radio Licence,Available
2,0,KVC,20KVC,Call Sign,Amateur Intermediate Radio Licence,Available
2,0,KVD,20KVD,Call Sign,Amateur Intermediate Radio Licence,Available
2,0,KVG,20KVG,Call Sign,Amateur Intermediate Radio Licence,Available
2,0,KVH,20KVH,Call Sign,Amateur Intermediate Radio Licence,Available
2,0,KVI,20KVI,Call Sign,Amateur Intermediate Radio Licence,Available
2,0,KVJ,20KVJ,Call Sign,Amateur Intermediate Radio Licence,Available
2,0,KVO,20KVO,Call Sign,Amateur Intermediate Radio Licence,Available
2,0,KVP,20KVP,Call Sign,Amateur Intermediate Radio Licence,Available
2,0,KVQ,20KVQ,Call Sign,Amateur Intermediate Radio Licence,Available
2,0,KVS,20KVS,Call Sign,Amateur Intermediate Radio Licence,Available
2,0,KVU,20KVU,Call Sign,Amateur Intermediate Radio Licence,Available
2,0,KVV,20KVV,Call Sign,Amateur Intermediate Radio Licence,Available
2,0,KVW,20KVW,Call Sign,Amateur Intermediate Radio Licence,Available
2,0,KVX,20KVX,Call Sign,Amateur Intermediate Radio Licence,Available
2,0,KVY,20KVY,Call Sign,Amateur Intermediate Radio Licence,Available
2,0,KVZ,20KVZ,Call Sign,Amateur Intermediate Radio Licence,Available
2,0,KWA,20KWA,Call Sign,Amateur Intermediate Radio Licence,Available
2,0,KWB,20KWB,Call Sign,Amateur Intermediate Radio Licence,Available
2,0,KWD,20KWD,Call Sign,Amateur Intermediate Radio Licence,Available
2,0,KWE,20KWE,Call Sign,Amateur Intermediate Radio Licence,Available
2,0,KWF,20KWF,Call Sign,Amateur Intermediate Radio Licence,Available
2,0,KWI,20KWI,Call Sign,Amateur Intermediate Radio Licence,Available
2,0,KWJ,20KWJ,Call Sign,Amateur Intermediate Radio Licence,Available
2,0,KWL,20KWL,Call Sign,Amateur Intermediate Radio Licence,Available
2,0,KWO,20KWO,Call Sign,Amateur Intermediate Radio Licence,Available
2,0,KWP,20KWP,Call Sign,Amateur Intermediate Radio Licence,Available
2,0,KWQ,20KWQ,Call Sign,Amateur Intermediate Radio Licence,Available
2,0,KWU,20KWU,Call Sign,Amateur Intermediate Radio Licence,Available
2,0,KWV,20KWV,Call Sign,Amateur Intermediate Radio Licence,Available
2,0,KWX,20KWX,Call Sign,Amateur Intermediate Radio Licence,Available
2,0,KWY,20KWY,Call Sign,Amateur Intermediate Radio Licence,Available
2,0,KWZ,20KWZ,Call Sign,Amateur Intermediate Radio Licence,Available
2,0,KXA,20KXA,Call Sign,Amateur Intermediate Radio Licence,Available
2,0,KXB,20KXB,Call Sign,Amateur Intermediate Radio Licence,Available
2,0,KXC,20KXC,Call Sign,Amateur Intermediate Radio Licence,Available
2,0,KXE,20KXE,Call Sign,Amateur Intermediate Radio Licence,Available
2,0,KXF,20KXF,Call Sign,Amateur Intermediate Radio Licence,Available
2,0,KXG,20KXG,Call Sign,Amateur Intermediate Radio Licence,Available
2,0,KXH,20KXH,Call Sign,Amateur Intermediate Radio Licence,Available
2,0,KXI,20KXI,Call Sign,Amateur Intermediate Radio Licence,Available
2,0,KXJ,20KXJ,Call Sign,Amateur Intermediate Radio Licence,Available
2,0,KXK,20KXK,Call Sign,Amateur Intermediate Radio Licence,Available
2,0,KXL,20KXL,Call Sign,Amateur Intermediate Radio Licence,Available
2,0,KXM,20KXM,Call Sign,Amateur Intermediate Radio Licence,Available
2,0,KXN,20KXN,Call Sign,Amateur Intermediate Radio Licence,Available
2,0,KXP,20KXP,Call Sign,Amateur Intermediate Radio Licence,Available
2,0,KXR,20KXR,Call Sign,Amateur Intermediate Radio Licence,Available
2,0,KXS,20KXS,Call Sign,Amateur Intermediate Radio Licence,Available
2,0,KXT,20KXT,Call Sign,Amateur Intermediate Radio Licence,Available
2,0,KXU,20KXU,Call Sign,Amateur Intermediate Radio Licence,Available
2,0,KXV,20KXV,Call Sign,Amateur Intermediate Radio Licence,Available
2,0,KXW,20KXW,Call Sign,Amateur Intermediate Radio Licence,Available
2,0,KXX,20KXX,Call Sign,Amateur Intermediate Radio Licence,Available
2,0,KXY,20KXY,Call Sign,Amateur Intermediate Radio Licence,Available
2,0,KXZ,20KXZ,Call Sign,Amateur Intermediate Radio Licence,Available
2,0,KYB,20KYB,Call Sign,Amateur Intermediate Radio Licence,Available
2,0,KYC,20KYC,Call Sign,Amateur Intermediate Radio Licence,Available
2,0,KYD,20KYD,Call Sign,Amateur Intermediate Radio Licence,Available
2,0,KYF,20KYF,Call Sign,Amateur Intermediate Radio Licence,Available
2,0,KYG,20KYG,Call Sign,Amateur Intermediate Radio Licence,Available
2,0,KYH,20KYH,Call Sign,Amateur Intermediate Radio Licence,Available
2,0,KYJ,20KYJ,Call Sign,Amateur Intermediate Radio Licence,Available
2,0,KYK,20KYK,Call Sign,Amateur Intermediate Radio Licence,Available
2,0,KYM,20KYM,Call Sign,Amateur Intermediate Radio Licence,Available
2,0,KYN,20KYN,Call Sign,Amateur Intermediate Radio Licence,Available
2,0,KYP,20KYP,Call Sign,Amateur Intermediate Radio Licence,Available
2,0,KYQ,20KYQ,Call Sign,Amateur Intermediate Radio Licence,Available
2,0,KYS,20KYS,Call Sign,Amateur Intermediate Radio Licence,Available
2,0,KYT,20KYT,Call Sign,Amateur Intermediate Radio Licence,Available
2,0,KYU,20KYU,Call Sign,Amateur Intermediate Radio Licence,Available
2,0,KYV,20KYV,Call Sign,Amateur Intermediate Radio Licence,Available
2,0,KYW,20KYW,Call Sign,Amateur Intermediate Radio Licence,Available
2,0,KYX,20KYX,Call Sign,Amateur Intermediate Radio Licence,Available
2,0,KYY,20KYY,Call Sign,Amateur Intermediate Radio Licence,Available
2,0,KYZ,20KYZ,Call Sign,Amateur Intermediate Radio Licence,Available
2,0,KZA,20KZA,Call Sign,Amateur Intermediate Radio Licence,Available
2,0,KZB,20KZB,Call Sign,Amateur Intermediate Radio Licence,Available
2,0,KZD,20KZD,Call Sign,Amateur Intermediate Radio Licence,Available
2,0,KZE,20KZE,Call Sign,Amateur Intermediate Radio Licence,Available
2,0,KZF,20KZF,Call Sign,Amateur Intermediate Radio Licence,Available
2,0,KZG,20KZG,Call Sign,Amateur Intermediate Radio Licence,Available
2,0,KZK,20KZK,Call Sign,Amateur Intermediate Radio Licence,Available
2,0,KZN,20KZN,Call Sign,Amateur Intermediate Radio Licence,Available
2,0,KZO,20KZO,Call Sign,Amateur Intermediate Radio Licence,Available
2,0,KZP,20KZP,Call Sign,Amateur Intermediate Radio Licence,Available
2,0,KZQ,20KZQ,Call Sign,Amateur Intermediate Radio Licence,Available
2,0,KZR,20KZR,Call Sign,Amateur Intermediate Radio Licence,Available
2,0,KZS,20KZS,Call Sign,Amateur Intermediate Radio Licence,Available
2,0,KZT,20KZT,Call Sign,Amateur Intermediate Radio Licence,Available
2,0,KZU,20KZU,Call Sign,Amateur Intermediate Radio Licence,Available
2,0,KZV,20KZV,Call Sign,Amateur Intermediate Radio Licence,Available
2,0,KZW,20KZW,Call Sign,Amateur Intermediate Radio Licence,Available
2,0,KZX,20KZX,Call Sign,Amateur Intermediate Radio Licence,Available
2,0,KZY,20KZY,Call Sign,Amateur Intermediate Radio Licence,Available
2,0,KZZ,20KZZ,Call Sign,Amateur Intermediate Radio Licence,Available
2,0,LBJ,20LBJ,Call Sign,Amateur Intermediate Radio Licence,Available
2,0,LBM,20LBM,Call Sign,Amateur Intermediate Radio Licence,Available
2,0,LBN,20LBN,Call Sign,Amateur Intermediate Radio Licence,Available
2,0,LBP,20LBP,Call Sign,Amateur Intermediate Radio Licence,Available
2,0,LBQ,20LBQ,Call Sign,Amateur Intermediate Radio Licence,Available
2,0,LBR,20LBR,Call Sign,Amateur Intermediate Radio Licence,Available
2,0,LBU,20LBU,Call Sign,Amateur Intermediate Radio Licence,Available
2,0,LBV,20LBV,Call Sign,Amateur Intermediate Radio Licence,Available
2,0,LBW,20LBW,Call Sign,Amateur Intermediate Radio Licence,Available
2,0,LBY,20LBY,Call Sign,Amateur Intermediate Radio Licence,Available
2,0,LCB,20LCB,Call Sign,Amateur Intermediate Radio Licence,Available
2,0,LCF,20LCF,Call Sign,Amateur Intermediate Radio Licence,Available
2,0,LCG,20LCG,Call Sign,Amateur Intermediate Radio Licence,Available
2,0,LCI,20LCI,Call Sign,Amateur Intermediate Radio Licence,Available
2,0,LCK,20LCK,Call Sign,Amateur Intermediate Radio Licence,Available
2,0,LCL,20LCL,Call Sign,Amateur Intermediate Radio Licence,Available
2,0,LCP,20LCP,Call Sign,Amateur Intermediate Radio Licence,Available
2,0,LCQ,20LCQ,Call Sign,Amateur Intermediate Radio Licence,Available
2,0,LCS,20LCS,Call Sign,Amateur Intermediate Radio Licence,Available
2,0,LCT,20LCT,Call Sign,Amateur Intermediate Radio Licence,Available
2,0,LCU,20LCU,Call Sign,Amateur Intermediate Radio Licence,Available
2,0,LCV,20LCV,Call Sign,Amateur Intermediate Radio Licence,Available
2,0,LCX,20LCX,Call Sign,Amateur Intermediate Radio Licence,Available
2,0,LDA,20LDA,Call Sign,Amateur Intermediate Radio Licence,Available
2,0,LDG,20LDG,Call Sign,Amateur Intermediate Radio Licence,Available
2,0,LDH,20LDH,Call Sign,Amateur Intermediate Radio Licence,Available
2,0,LDI,20LDI,Call Sign,Amateur Intermediate Radio Licence,Available
2,0,LDL,20LDL,Call Sign,Amateur Intermediate Radio Licence,Available
2,0,LDP,20LDP,Call Sign,Amateur Intermediate Radio Licence,Available
2,0,LDU,20LDU,Call Sign,Amateur Intermediate Radio Licence,Available
2,0,LDW,20LDW,Call Sign,Amateur Intermediate Radio Licence,Available
2,0,LEH,20LEH,Call Sign,Amateur Intermediate Radio Licence,Available
2,0,LEI,20LEI,Call Sign,Amateur Intermediate Radio Licence,Available
2,0,LEJ,20LEJ,Call Sign,Amateur Intermediate Radio Licence,Available
2,0,LEK,20LEK,Call Sign,Amateur Intermediate Radio Licence,Available
2,0,LEL,20LEL,Call Sign,Amateur Intermediate Radio Licence,Available
2,0,LEQ,20LEQ,Call Sign,Amateur Intermediate Radio Licence,Available
2,0,LET,20LET,Call Sign,Amateur Intermediate Radio Licence,Available
2,0,LEU,20LEU,Call Sign,Amateur Intermediate Radio Licence,Available
2,0,LFA,20LFA,Call Sign,Amateur Intermediate Radio Licence,Available
2,0,LFB,20LFB,Call Sign,Amateur Intermediate Radio Licence,Available
2,0,LFD,20LFD,Call Sign,Amateur Intermediate Radio Licence,Available
2,0,LFE,20LFE,Call Sign,Amateur Intermediate Radio Licence,Available
2,0,LFF,20LFF,Call Sign,Amateur Intermediate Radio Licence,Available
2,0,LFG,20LFG,Call Sign,Amateur Intermediate Radio Licence,Available
2,0,LFH,20LFH,Call Sign,Amateur Intermediate Radio Licence,Available
2,0,LFI,20LFI,Call Sign,Amateur Intermediate Radio Licence,Available
2,0,LFL,20LFL,Call Sign,Amateur Intermediate Radio Licence,Available
2,0,LFN,20LFN,Call Sign,Amateur Intermediate Radio Licence,Available
2,0,LFP,20LFP,Call Sign,Amateur Intermediate Radio Licence,Available
2,0,LFQ,20LFQ,Call Sign,Amateur Intermediate Radio Licence,Available
2,0,LFS,20LFS,Call Sign,Amateur Intermediate Radio Licence,Available
2,0,LFU,20LFU,Call Sign,Amateur Intermediate Radio Licence,Available
2,0,LFV,20LFV,Call Sign,Amateur Intermediate Radio Licence,Available
2,0,LFW,20LFW,Call Sign,Amateur Intermediate Radio Licence,Available
2,0,LFX,20LFX,Call Sign,Amateur Intermediate Radio Licence,Available
2,0,LFZ,20LFZ,Call Sign,Amateur Intermediate Radio Licence,Available
2,0,LGC,20LGC,Call Sign,Amateur Intermediate Radio Licence,Available
2,0,LGE,20LGE,Call Sign,Amateur Intermediate Radio Licence,Available
2,0,LGF,20LGF,Call Sign,Amateur Intermediate Radio Licence,Available
2,0,LGI,20LGI,Call Sign,Amateur Intermediate Radio Licence,Available
2,0,LGJ,20LGJ,Call Sign,Amateur Intermediate Radio Licence,Available
2,0,LGK,20LGK,Call Sign,Amateur Intermediate Radio Licence,Available
2,0,LGN,20LGN,Call Sign,Amateur Intermediate Radio Licence,Available
2,0,LGP,20LGP,Call Sign,Amateur Intermediate Radio Licence,Available
2,0,LGQ,20LGQ,Call Sign,Amateur Intermediate Radio Licence,Available
2,0,LGS,20LGS,Call Sign,Amateur Intermediate Radio Licence,Available
2,0,LGU,20LGU,Call Sign,Amateur Intermediate Radio Licence,Available
2,0,LGX,20LGX,Call Sign,Amateur Intermediate Radio Licence,Available
2,0,LHA,20LHA,Call Sign,Amateur Intermediate Radio Licence,Available
2,0,LHD,20LHD,Call Sign,Amateur Intermediate Radio Licence,Available
2,0,LHE,20LHE,Call Sign,Amateur Intermediate Radio Licence,Available
2,0,LHF,20LHF,Call Sign,Amateur Intermediate Radio Licence,Available
2,0,LHG,20LHG,Call Sign,Amateur Intermediate Radio Licence,Available
2,0,LHH,20LHH,Call Sign,Amateur Intermediate Radio Licence,Available
2,0,LHI,20LHI,Call Sign,Amateur Intermediate Radio Licence,Available
2,0,LHJ,20LHJ,Call Sign,Amateur Intermediate Radio Licence,Available
2,0,LHK,20LHK,Call Sign,Amateur Intermediate Radio Licence,Available
2,0,LHL,20LHL,Call Sign,Amateur Intermediate Radio Licence,Available
2,0,LHM,20LHM,Call Sign,Amateur Intermediate Radio Licence,Available
2,0,LHN,20LHN,Call Sign,Amateur Intermediate Radio Licence,Available
2,0,LHO,20LHO,Call Sign,Amateur Intermediate Radio Licence,Available
2,0,LHQ,20LHQ,Call Sign,Amateur Intermediate Radio Licence,Available
2,0,LHS,20LHS,Call Sign,Amateur Intermediate Radio Licence,Available
2,0,LHT,20LHT,Call Sign,Amateur Intermediate Radio Licence,Available
2,0,LHU,20LHU,Call Sign,Amateur Intermediate Radio Licence,Available
2,0,LHV,20LHV,Call Sign,Amateur Intermediate Radio Licence,Available
2,0,LHW,20LHW,Call Sign,Amateur Intermediate Radio Licence,Available
2,0,LHX,20LHX,Call Sign,Amateur Intermediate Radio Licence,Available
2,0,LHY,20LHY,Call Sign,Amateur Intermediate Radio Licence,Available
2,0,LHZ,20LHZ,Call Sign,Amateur Intermediate Radio Licence,Available
2,0,LIA,20LIA,Call Sign,Amateur Intermediate Radio Licence,Available
2,0,LID,20LID,Call Sign,Amateur Intermediate Radio Licence,Available
2,0,LIE,20LIE,Call Sign,Amateur Intermediate Radio Licence,Available
2,0,LIF,20LIF,Call Sign,Amateur Intermediate Radio Licence,Available
2,0,LIG,20LIG,Call Sign,Amateur Intermediate Radio Licence,Available
2,0,LIH,20LIH,Call Sign,Amateur Intermediate Radio Licence,Available
2,0,LII,20LII,Call Sign,Amateur Intermediate Radio Licence,Available
2,0,LIJ,20LIJ,Call Sign,Amateur Intermediate Radio Licence,Available
2,0,LIL,20LIL,Call Sign,Amateur Intermediate Radio Licence,Available
2,0,LIN,20LIN,Call Sign,Amateur Intermediate Radio Licence,Available
2,0,LIP,20LIP,Call Sign,Amateur Intermediate Radio Licence,Available
2,0,LIQ,20LIQ,Call Sign,Amateur Intermediate Radio Licence,Available
2,0,LIR,20LIR,Call Sign,Amateur Intermediate Radio Licence,Available
2,0,LIU,20LIU,Call Sign,Amateur Intermediate Radio Licence,Available
2,0,LIX,20LIX,Call Sign,Amateur Intermediate Radio Licence,Available
2,0,LIY,20LIY,Call Sign,Amateur Intermediate Radio Licence,Available
2,0,LJE,20LJE,Call Sign,Amateur Intermediate Radio Licence,Available
2,0,LJF,20LJF,Call Sign,Amateur Intermediate Radio Licence,Available
2,0,LJI,20LJI,Call Sign,Amateur Intermediate Radio Licence,Available
2,0,LJJ,20LJJ,Call Sign,Amateur Intermediate Radio Licence,Available
2,0,LJL,20LJL,Call Sign,Amateur Intermediate Radio Licence,Available
2,0,LJN,20LJN,Call Sign,Amateur Intermediate Radio Licence,Available
2,0,LJO,20LJO,Call Sign,Amateur Intermediate Radio Licence,Available
2,0,LJP,20LJP,Call Sign,Amateur Intermediate Radio Licence,Available
2,0,LJR,20LJR,Call Sign,Amateur Intermediate Radio Licence,Available
2,0,LJV,20LJV,Call Sign,Amateur Intermediate Radio Licence,Available
2,0,LJX,20LJX,Call Sign,Amateur Intermediate Radio Licence,Available
2,0,LJY,20LJY,Call Sign,Amateur Intermediate Radio Licence,Available
2,0,LKA,20LKA,Call Sign,Amateur Intermediate Radio Licence,Available
2,0,LKB,20LKB,Call Sign,Amateur Intermediate Radio Licence,Available
2,0,LKD,20LKD,Call Sign,Amateur Intermediate Radio Licence,Available
2,0,LKF,20LKF,Call Sign,Amateur Intermediate Radio Licence,Available
2,0,LKG,20LKG,Call Sign,Amateur Intermediate Radio Licence,Available
2,0,LKJ,20LKJ,Call Sign,Amateur Intermediate Radio Licence,Available
2,0,LKK,20LKK,Call Sign,Amateur Intermediate Radio Licence,Available
2,0,LKN,20LKN,Call Sign,Amateur Intermediate Radio Licence,Available
2,0,LKO,20LKO,Call Sign,Amateur Intermediate Radio Licence,Available
2,0,LKR,20LKR,Call Sign,Amateur Intermediate Radio Licence,Available
2,0,LKU,20LKU,Call Sign,Amateur Intermediate Radio Licence,Available
2,0,LKW,20LKW,Call Sign,Amateur Intermediate Radio Licence,Available
2,0,LKX,20LKX,Call Sign,Amateur Intermediate Radio Licence,Available
2,0,LKZ,20LKZ,Call Sign,Amateur Intermediate Radio Licence,Available
2,0,LLB,20LLB,Call Sign,Amateur Intermediate Radio Licence,Available
2,0,LLD,20LLD,Call Sign,Amateur Intermediate Radio Licence,Available
2,0,LLH,20LLH,Call Sign,Amateur Intermediate Radio Licence,Available
2,0,LLI,20LLI,Call Sign,Amateur Intermediate Radio Licence,Available
2,0,LLJ,20LLJ,Call Sign,Amateur Intermediate Radio Licence,Available
2,0,LLK,20LLK,Call Sign,Amateur Intermediate Radio Licence,Available
2,0,LLN,20LLN,Call Sign,Amateur Intermediate Radio Licence,Available
2,0,LLP,20LLP,Call Sign,Amateur Intermediate Radio Licence,Available
2,0,LLQ,20LLQ,Call Sign,Amateur Intermediate Radio Licence,Available
2,0,LLU,20LLU,Call Sign,Amateur Intermediate Radio Licence,Available
2,0,LLV,20LLV,Call Sign,Amateur Intermediate Radio Licence,Available
2,0,LLZ,20LLZ,Call Sign,Amateur Intermediate Radio Licence,Available
2,0,LMI,20LMI,Call Sign,Amateur Intermediate Radio Licence,Available
2,0,LMJ,20LMJ,Call Sign,Amateur Intermediate Radio Licence,Available
2,0,LML,20LML,Call Sign,Amateur Intermediate Radio Licence,Available
2,0,LMN,20LMN,Call Sign,Amateur Intermediate Radio Licence,Available
2,0,LMO,20LMO,Call Sign,Amateur Intermediate Radio Licence,Available
2,0,LMQ,20LMQ,Call Sign,Amateur Intermediate Radio Licence,Available
2,0,LMT,20LMT,Call Sign,Amateur Intermediate Radio Licence,Available
2,0,LMU,20LMU,Call Sign,Amateur Intermediate Radio Licence,Available
2,0,LMV,20LMV,Call Sign,Amateur Intermediate Radio Licence,Available
2,0,LMW,20LMW,Call Sign,Amateur Intermediate Radio Licence,Available
2,0,LMY,20LMY,Call Sign,Amateur Intermediate Radio Licence,Available
2,0,LMZ,20LMZ,Call Sign,Amateur Intermediate Radio Licence,Available
2,0,LNB,20LNB,Call Sign,Amateur Intermediate Radio Licence,Available
2,0,LNC,20LNC,Call Sign,Amateur Intermediate Radio Licence,Available
2,0,LND,20LND,Call Sign,Amateur Intermediate Radio Licence,Available
2,0,LNE,20LNE,Call Sign,Amateur Intermediate Radio Licence,Available
2,0,LNH,20LNH,Call Sign,Amateur Intermediate Radio Licence,Available
2,0,LNI,20LNI,Call Sign,Amateur Intermediate Radio Licence,Available
2,0,LNJ,20LNJ,Call Sign,Amateur Intermediate Radio Licence,Available
2,0,LNL,20LNL,Call Sign,Amateur Intermediate Radio Licence,Available
2,0,LNM,20LNM,Call Sign,Amateur Intermediate Radio Licence,Available
2,0,LNN,20LNN,Call Sign,Amateur Intermediate Radio Licence,Available
2,0,LNO,20LNO,Call Sign,Amateur Intermediate Radio Licence,Available
2,0,LNP,20LNP,Call Sign,Amateur Intermediate Radio Licence,Available
2,0,LNQ,20LNQ,Call Sign,Amateur Intermediate Radio Licence,Available
2,0,LNS,20LNS,Call Sign,Amateur Intermediate Radio Licence,Available
2,0,LNT,20LNT,Call Sign,Amateur Intermediate Radio Licence,Available
2,0,LNV,20LNV,Call Sign,Amateur Intermediate Radio Licence,Available
2,0,LNW,20LNW,Call Sign,Amateur Intermediate Radio Licence,Available
2,0,LNX,20LNX,Call Sign,Amateur Intermediate Radio Licence,Available
2,0,LOA,20LOA,Call Sign,Amateur Intermediate Radio Licence,Available
2,0,LOB,20LOB,Call Sign,Amateur Intermediate Radio Licence,Available
2,0,LOD,20LOD,Call Sign,Amateur Intermediate Radio Licence,Available
2,0,LOF,20LOF,Call Sign,Amateur Intermediate Radio Licence,Available
2,0,LOH,20LOH,Call Sign,Amateur Intermediate Radio Licence,Available
2,0,LOI,20LOI,Call Sign,Amateur Intermediate Radio Licence,Available
2,0,LOJ,20LOJ,Call Sign,Amateur Intermediate Radio Licence,Available
2,0,LOP,20LOP,Call Sign,Amateur Intermediate Radio Licence,Available
2,0,LOQ,20LOQ,Call Sign,Amateur Intermediate Radio Licence,Available
2,0,LOV,20LOV,Call Sign,Amateur Intermediate Radio Licence,Available
2,0,LOX,20LOX,Call Sign,Amateur Intermediate Radio Licence,Available
2,0,LOY,20LOY,Call Sign,Amateur Intermediate Radio Licence,Available
2,0,LPE,20LPE,Call Sign,Amateur Intermediate Radio Licence,Available
2,0,LPH,20LPH,Call Sign,Amateur Intermediate Radio Licence,Available
2,0,LPL,20LPL,Call Sign,Amateur Intermediate Radio Licence,Available
2,0,LPN,20LPN,Call Sign,Amateur Intermediate Radio Licence,Available
2,0,LPP,20LPP,Call Sign,Amateur Intermediate Radio Licence,Available
2,0,LPQ,20LPQ,Call Sign,Amateur Intermediate Radio Licence,Available
2,0,LPS,20LPS,Call Sign,Amateur Intermediate Radio Licence,Available
2,0,LPU,20LPU,Call Sign,Amateur Intermediate Radio Licence,Available
2,0,LPV,20LPV,Call Sign,Amateur Intermediate Radio Licence,Available
2,0,LPX,20LPX,Call Sign,Amateur Intermediate Radio Licence,Available
2,0,LPY,20LPY,Call Sign,Amateur Intermediate Radio Licence,Available
2,0,LPZ,20LPZ,Call Sign,Amateur Intermediate Radio Licence,Available
2,0,LQA,20LQA,Call Sign,Amateur Intermediate Radio Licence,Available
2,0,LQB,20LQB,Call Sign,Amateur Intermediate Radio Licence,Available
2,0,LQC,20LQC,Call Sign,Amateur Intermediate Radio Licence,Available
2,0,LQD,20LQD,Call Sign,Amateur Intermediate Radio Licence,Available
2,0,LQE,20LQE,Call Sign,Amateur Intermediate Radio Licence,Available
2,0,LQF,20LQF,Call Sign,Amateur Intermediate Radio Licence,Available
2,0,LQG,20LQG,Call Sign,Amateur Intermediate Radio Licence,Available
2,0,LQH,20LQH,Call Sign,Amateur Intermediate Radio Licence,Available
2,0,LQI,20LQI,Call Sign,Amateur Intermediate Radio Licence,Available
2,0,LQJ,20LQJ,Call Sign,Amateur Intermediate Radio Licence,Available
2,0,LQK,20LQK,Call Sign,Amateur Intermediate Radio Licence,Available
2,0,LQL,20LQL,Call Sign,Amateur Intermediate Radio Licence,Available
2,0,LQM,20LQM,Call Sign,Amateur Intermediate Radio Licence,Available
2,0,LQN,20LQN,Call Sign,Amateur Intermediate Radio Licence,Available
2,0,LQO,20LQO,Call Sign,Amateur Intermediate Radio Licence,Available
2,0,LQP,20LQP,Call Sign,Amateur Intermediate Radio Licence,Available
2,0,LQQ,20LQQ,Call Sign,Amateur Intermediate Radio Licence,Available
2,0,LQS,20LQS,Call Sign,Amateur Intermediate Radio Licence,Available
2,0,LQT,20LQT,Call Sign,Amateur Intermediate Radio Licence,Available
2,0,LQU,20LQU,Call Sign,Amateur Intermediate Radio Licence,Available
2,0,LQV,20LQV,Call Sign,Amateur Intermediate Radio Licence,Available
2,0,LQX,20LQX,Call Sign,Amateur Intermediate Radio Licence,Available
2,0,LQY,20LQY,Call Sign,Amateur Intermediate Radio Licence,Available
2,0,LQZ,20LQZ,Call Sign,Amateur Intermediate Radio Licence,Available
2,0,LRB,20LRB,Call Sign,Amateur Intermediate Radio Licence,Available
2,0,LRE,20LRE,Call Sign,Amateur Intermediate Radio Licence,Available
2,0,LRF,20LRF,Call Sign,Amateur Intermediate Radio Licence,Available
2,0,LRH,20LRH,Call Sign,Amateur Intermediate Radio Licence,Available
2,0,LRI,20LRI,Call Sign,Amateur Intermediate Radio Licence,Available
2,0,LRL,20LRL,Call Sign,Amateur Intermediate Radio Licence,Available
2,0,LRQ,20LRQ,Call Sign,Amateur Intermediate Radio Licence,Available
2,0,LRR,20LRR,Call Sign,Amateur Intermediate Radio Licence,Available
2,0,LRU,20LRU,Call Sign,Amateur Intermediate Radio Licence,Available
2,0,LRV,20LRV,Call Sign,Amateur Intermediate Radio Licence,Available
2,0,LRW,20LRW,Call Sign,Amateur Intermediate Radio Licence,Available
2,0,LRX,20LRX,Call Sign,Amateur Intermediate Radio Licence,Available
2,0,LRZ,20LRZ,Call Sign,Amateur Intermediate Radio Licence,Available
2,0,LSC,20LSC,Call Sign,Amateur Intermediate Radio Licence,Available
2,0,LSF,20LSF,Call Sign,Amateur Intermediate Radio Licence,Available
2,0,LSG,20LSG,Call Sign,Amateur Intermediate Radio Licence,Available
2,0,LSH,20LSH,Call Sign,Amateur Intermediate Radio Licence,Available
2,0,LSJ,20LSJ,Call Sign,Amateur Intermediate Radio Licence,Available
2,0,LSK,20LSK,Call Sign,Amateur Intermediate Radio Licence,Available
2,0,LSL,20LSL,Call Sign,Amateur Intermediate Radio Licence,Available
2,0,LSM,20LSM,Call Sign,Amateur Intermediate Radio Licence,Available
2,0,LSO,20LSO,Call Sign,Amateur Intermediate Radio Licence,Available
2,0,LSS,20LSS,Call Sign,Amateur Intermediate Radio Licence,Available
2,0,LSU,20LSU,Call Sign,Amateur Intermediate Radio Licence,Available
2,0,LSZ,20LSZ,Call Sign,Amateur Intermediate Radio Licence,Available
2,0,LTA,20LTA,Call Sign,Amateur Intermediate Radio Licence,Available
2,0,LTB,20LTB,Call Sign,Amateur Intermediate Radio Licence,Available
2,0,LTG,20LTG,Call Sign,Amateur Intermediate Radio Licence,Available
2,0,LTI,20LTI,Call Sign,Amateur Intermediate Radio Licence,Available
2,0,LTL,20LTL,Call Sign,Amateur Intermediate Radio Licence,Available
2,0,LTM,20LTM,Call Sign,Amateur Intermediate Radio Licence,Available
2,0,LTO,20LTO,Call Sign,Amateur Intermediate Radio Licence,Available
2,0,LTP,20LTP,Call Sign,Amateur Intermediate Radio Licence,Available
2,0,LTQ,20LTQ,Call Sign,Amateur Intermediate Radio Licence,Available
2,0,LTV,20LTV,Call Sign,Amateur Intermediate Radio Licence,Available
2,0,LTW,20LTW,Call Sign,Amateur Intermediate Radio Licence,Available
2,0,LTY,20LTY,Call Sign,Amateur Intermediate Radio Licence,Available
2,0,LTZ,20LTZ,Call Sign,Amateur Intermediate Radio Licence,Available
2,0,LUA,20LUA,Call Sign,Amateur Intermediate Radio Licence,Available
2,0,LUB,20LUB,Call Sign,Amateur Intermediate Radio Licence,Available
2,0,LUE,20LUE,Call Sign,Amateur Intermediate Radio Licence,Available
2,0,LUF,20LUF,Call Sign,Amateur Intermediate Radio Licence,Available
2,0,LUH,20LUH,Call Sign,Amateur Intermediate Radio Licence,Available
2,0,LUI,20LUI,Call Sign,Amateur Intermediate Radio Licence,Available
2,0,LUJ,20LUJ,Call Sign,Amateur Intermediate Radio Licence,Available
2,0,LUK,20LUK,Call Sign,Amateur Intermediate Radio Licence,Available
2,0,LUM,20LUM,Call Sign,Amateur Intermediate Radio Licence,Available
2,0,LUO,20LUO,Call Sign,Amateur Intermediate Radio Licence,Available
2,0,LUP,20LUP,Call Sign,Amateur Intermediate Radio Licence,Available
2,0,LUQ,20LUQ,Call Sign,Amateur Intermediate Radio Licence,Available
2,0,LUR,20LUR,Call Sign,Amateur Intermediate Radio Licence,Available
2,0,LUS,20LUS,Call Sign,Amateur Intermediate Radio Licence,Available
2,0,LUT,20LUT,Call Sign,Amateur Intermediate Radio Licence,Available
2,0,LUU,20LUU,Call Sign,Amateur Intermediate Radio Licence,Available
2,0,LUW,20LUW,Call Sign,Amateur Intermediate Radio Licence,Available
2,0,LUZ,20LUZ,Call Sign,Amateur Intermediate Radio Licence,Available
2,0,LVA,20LVA,Call Sign,Amateur Intermediate Radio Licence,Available
2,0,LVB,20LVB,Call Sign,Amateur Intermediate Radio Licence,Available
2,0,LVC,20LVC,Call Sign,Amateur Intermediate Radio Licence,Available
2,0,LVD,20LVD,Call Sign,Amateur Intermediate Radio Licence,Available
2,0,LVE,20LVE,Call Sign,Amateur Intermediate Radio Licence,Available
2,0,LVF,20LVF,Call Sign,Amateur Intermediate Radio Licence,Available
2,0,LVG,20LVG,Call Sign,Amateur Intermediate Radio Licence,Available
2,0,LVH,20LVH,Call Sign,Amateur Intermediate Radio Licence,Available
2,0,LVI,20LVI,Call Sign,Amateur Intermediate Radio Licence,Available
2,0,LVJ,20LVJ,Call Sign,Amateur Intermediate Radio Licence,Available
2,0,LVK,20LVK,Call Sign,Amateur Intermediate Radio Licence,Available
2,0,LVL,20LVL,Call Sign,Amateur Intermediate Radio Licence,Available
2,0,LVM,20LVM,Call Sign,Amateur Intermediate Radio Licence,Available
2,0,LVN,20LVN,Call Sign,Amateur Intermediate Radio Licence,Available
2,0,LVP,20LVP,Call Sign,Amateur Intermediate Radio Licence,Available
2,0,LVQ,20LVQ,Call Sign,Amateur Intermediate Radio Licence,Available
2,0,LVS,20LVS,Call Sign,Amateur Intermediate Radio Licence,Available
2,0,LVT,20LVT,Call Sign,Amateur Intermediate Radio Licence,Available
2,0,LVU,20LVU,Call Sign,Amateur Intermediate Radio Licence,Available
2,0,LVV,20LVV,Call Sign,Amateur Intermediate Radio Licence,Available
2,0,LVW,20LVW,Call Sign,Amateur Intermediate Radio Licence,Available
2,0,LVX,20LVX,Call Sign,Amateur Intermediate Radio Licence,Available
2,0,LVY,20LVY,Call Sign,Amateur Intermediate Radio Licence,Available
2,0,LVZ,20LVZ,Call Sign,Amateur Intermediate Radio Licence,Available
2,0,LWA,20LWA,Call Sign,Amateur Intermediate Radio Licence,Available
2,0,LWD,20LWD,Call Sign,Amateur Intermediate Radio Licence,Available
2,0,LWE,20LWE,Call Sign,Amateur Intermediate Radio Licence,Available
2,0,LWF,20LWF,Call Sign,Amateur Intermediate Radio Licence,Available
2,0,LWH,20LWH,Call Sign,Amateur Intermediate Radio Licence,Available
2,0,LWI,20LWI,Call Sign,Amateur Intermediate Radio Licence,Available
2,0,LWJ,20LWJ,Call Sign,Amateur Intermediate Radio Licence,Available
2,0,LWK,20LWK,Call Sign,Amateur Intermediate Radio Licence,Available
2,0,LWL,20LWL,Call Sign,Amateur Intermediate Radio Licence,Available
2,0,LWM,20LWM,Call Sign,Amateur Intermediate Radio Licence,Available
2,0,LWN,20LWN,Call Sign,Amateur Intermediate Radio Licence,Available
2,0,LWO,20LWO,Call Sign,Amateur Intermediate Radio Licence,Available
2,0,LWP,20LWP,Call Sign,Amateur Intermediate Radio Licence,Available
2,0,LWQ,20LWQ,Call Sign,Amateur Intermediate Radio Licence,Available
2,0,LWS,20LWS,Call Sign,Amateur Intermediate Radio Licence,Available
2,0,LWU,20LWU,Call Sign,Amateur Intermediate Radio Licence,Available
2,0,LWV,20LWV,Call Sign,Amateur Intermediate Radio Licence,Available
2,0,LWW,20LWW,Call Sign,Amateur Intermediate Radio Licence,Available
2,0,LWX,20LWX,Call Sign,Amateur Intermediate Radio Licence,Available
2,0,LWY,20LWY,Call Sign,Amateur Intermediate Radio Licence,Available
2,0,LWZ,20LWZ,Call Sign,Amateur Intermediate Radio Licence,Available
2,0,LXB,20LXB,Call Sign,Amateur Intermediate Radio Licence,Available
2,0,LXC,20LXC,Call Sign,Amateur Intermediate Radio Licence,Available
2,0,LXE,20LXE,Call Sign,Amateur Intermediate Radio Licence,Available
2,0,LXG,20LXG,Call Sign,Amateur Intermediate Radio Licence,Available
2,0,LXI,20LXI,Call Sign,Amateur Intermediate Radio Licence,Available
2,0,LXJ,20LXJ,Call Sign,Amateur Intermediate Radio Licence,Available
2,0,LXK,20LXK,Call Sign,Amateur Intermediate Radio Licence,Available
2,0,LXL,20LXL,Call Sign,Amateur Intermediate Radio Licence,Available
2,0,LXM,20LXM,Call Sign,Amateur Intermediate Radio Licence,Available
2,0,LXN,20LXN,Call Sign,Amateur Intermediate Radio Licence,Available
2,0,LXO,20LXO,Call Sign,Amateur Intermediate Radio Licence,Available
2,0,LXP,20LXP,Call Sign,Amateur Intermediate Radio Licence,Available
2,0,LXQ,20LXQ,Call Sign,Amateur Intermediate Radio Licence,Available
2,0,LXR,20LXR,Call Sign,Amateur Intermediate Radio Licence,Available
2,0,LXT,20LXT,Call Sign,Amateur Intermediate Radio Licence,Available
2,0,LXU,20LXU,Call Sign,Amateur Intermediate Radio Licence,Available
2,0,LXV,20LXV,Call Sign,Amateur Intermediate Radio Licence,Available
2,0,LXY,20LXY,Call Sign,Amateur Intermediate Radio Licence,Available
2,0,LXZ,20LXZ,Call Sign,Amateur Intermediate Radio Licence,Available
2,0,LYA,20LYA,Call Sign,Amateur Intermediate Radio Licence,Available
2,0,LYB,20LYB,Call Sign,Amateur Intermediate Radio Licence,Available
2,0,LYC,20LYC,Call Sign,Amateur Intermediate Radio Licence,Available
2,0,LYE,20LYE,Call Sign,Amateur Intermediate Radio Licence,Available
2,0,LYF,20LYF,Call Sign,Amateur Intermediate Radio Licence,Available
2,0,LYG,20LYG,Call Sign,Amateur Intermediate Radio Licence,Available
2,0,LYH,20LYH,Call Sign,Amateur Intermediate Radio Licence,Available
2,0,LYJ,20LYJ,Call Sign,Amateur Intermediate Radio Licence,Available
2,0,LYK,20LYK,Call Sign,Amateur Intermediate Radio Licence,Available
2,0,LYM,20LYM,Call Sign,Amateur Intermediate Radio Licence,Available
2,0,LYP,20LYP,Call Sign,Amateur Intermediate Radio Licence,Available
2,0,LYQ,20LYQ,Call Sign,Amateur Intermediate Radio Licence,Available
2,0,LYS,20LYS,Call Sign,Amateur Intermediate Radio Licence,Available
2,0,LYU,20LYU,Call Sign,Amateur Intermediate Radio Licence,Available
2,0,LYV,20LYV,Call Sign,Amateur Intermediate Radio Licence,Available
2,0,LYW,20LYW,Call Sign,Amateur Intermediate Radio Licence,Available
2,0,LYX,20LYX,Call Sign,Amateur Intermediate Radio Licence,Available
2,0,LYY,20LYY,Call Sign,Amateur Intermediate Radio Licence,Available
2,0,LYZ,20LYZ,Call Sign,Amateur Intermediate Radio Licence,Available
2,0,LZA,20LZA,Call Sign,Amateur Intermediate Radio Licence,Available
2,0,LZB,20LZB,Call Sign,Amateur Intermediate Radio Licence,Available
2,0,LZC,20LZC,Call Sign,Amateur Intermediate Radio Licence,Available
2,0,LZD,20LZD,Call Sign,Amateur Intermediate Radio Licence,Available
2,0,LZE,20LZE,Call Sign,Amateur Intermediate Radio Licence,Available
2,0,LZF,20LZF,Call Sign,Amateur Intermediate Radio Licence,Available
2,0,LZG,20LZG,Call Sign,Amateur Intermediate Radio Licence,Available
2,0,LZH,20LZH,Call Sign,Amateur Intermediate Radio Licence,Available
2,0,LZI,20LZI,Call Sign,Amateur Intermediate Radio Licence,Available
2,0,LZJ,20LZJ,Call Sign,Amateur Intermediate Radio Licence,Available
2,0,LZK,20LZK,Call Sign,Amateur Intermediate Radio Licence,Available
2,0,LZL,20LZL,Call Sign,Amateur Intermediate Radio Licence,Available
2,0,LZN,20LZN,Call Sign,Amateur Intermediate Radio Licence,Available
2,0,LZO,20LZO,Call Sign,Amateur Intermediate Radio Licence,Available
2,0,LZP,20LZP,Call Sign,Amateur Intermediate Radio Licence,Available
2,0,LZQ,20LZQ,Call Sign,Amateur Intermediate Radio Licence,Available
2,0,LZR,20LZR,Call Sign,Amateur Intermediate Radio Licence,Available
2,0,LZS,20LZS,Call Sign,Amateur Intermediate Radio Licence,Available
2,0,LZU,20LZU,Call Sign,Amateur Intermediate Radio Licence,Available
2,0,LZV,20LZV,Call Sign,Amateur Intermediate Radio Licence,Available
2,0,LZW,20LZW,Call Sign,Amateur Intermediate Radio Licence,Available
2,0,LZX,20LZX,Call Sign,Amateur Intermediate Radio Licence,Available
2,0,LZY,20LZY,Call Sign,Amateur Intermediate Radio Licence,Available
2,0,MFG,20MFG,Call Sign,Amateur Intermediate Radio Licence,Available
2,0,MFH,20MFH,Call Sign,Amateur Intermediate Radio Licence,Available
2,0,MFI,20MFI,Call Sign,Amateur Intermediate Radio Licence,Available
2,0,MFK,20MFK,Call Sign,Amateur Intermediate Radio Licence,Available
2,0,MFM,20MFM,Call Sign,Amateur Intermediate Radio Licence,Available
2,0,MFN,20MFN,Call Sign,Amateur Intermediate Radio Licence,Available
2,0,MFO,20MFO,Call Sign,Amateur Intermediate Radio Licence,Available
2,0,MFS,20MFS,Call Sign,Amateur Intermediate Radio Licence,Available
2,0,MFU,20MFU,Call Sign,Amateur Intermediate Radio Licence,Available
2,0,MFX,20MFX,Call Sign,Amateur Intermediate Radio Licence,Available
2,0,MFY,20MFY,Call Sign,Amateur Intermediate Radio Licence,Available
2,0,MFZ,20MFZ,Call Sign,Amateur Intermediate Radio Licence,Available
2,0,MGA,20MGA,Call Sign,Amateur Intermediate Radio Licence,Available
2,0,MGG,20MGG,Call Sign,Amateur Intermediate Radio Licence,Available
2,0,MGJ,20MGJ,Call Sign,Amateur Intermediate Radio Licence,Available
2,0,MGK,20MGK,Call Sign,Amateur Intermediate Radio Licence,Available
2,0,MGN,20MGN,Call Sign,Amateur Intermediate Radio Licence,Available
2,0,MGO,20MGO,Call Sign,Amateur Intermediate Radio Licence,Available
2,0,MGP,20MGP,Call Sign,Amateur Intermediate Radio Licence,Available
2,0,MGQ,20MGQ,Call Sign,Amateur Intermediate Radio Licence,Available
2,0,MGT,20MGT,Call Sign,Amateur Intermediate Radio Licence,Available
2,0,MGU,20MGU,Call Sign,Amateur Intermediate Radio Licence,Available
2,0,MGV,20MGV,Call Sign,Amateur Intermediate Radio Licence,Available
2,0,MHA,20MHA,Call Sign,Amateur Intermediate Radio Licence,Available
2,0,MHC,20MHC,Call Sign,Amateur Intermediate Radio Licence,Available
2,0,MHD,20MHD,Call Sign,Amateur Intermediate Radio Licence,Available
2,0,MHF,20MHF,Call Sign,Amateur Intermediate Radio Licence,Available
2,0,MHG,20MHG,Call Sign,Amateur Intermediate Radio Licence,Available
2,0,MHH,20MHH,Call Sign,Amateur Intermediate Radio Licence,Available
2,0,MHJ,20MHJ,Call Sign,Amateur Intermediate Radio Licence,Available
2,0,MHK,20MHK,Call Sign,Amateur Intermediate Radio Licence,Available
2,0,MHL,20MHL,Call Sign,Amateur Intermediate Radio Licence,Available
2,0,MHM,20MHM,Call Sign,Amateur Intermediate Radio Licence,Available
2,0,MHO,20MHO,Call Sign,Amateur Intermediate Radio Licence,Available
2,0,MHP,20MHP,Call Sign,Amateur Intermediate Radio Licence,Available
2,0,MHQ,20MHQ,Call Sign,Amateur Intermediate Radio Licence,Available
2,0,MHR,20MHR,Call Sign,Amateur Intermediate Radio Licence,Available
2,0,MHT,20MHT,Call Sign,Amateur Intermediate Radio Licence,Available
2,0,MHV,20MHV,Call Sign,Amateur Intermediate Radio Licence,Available
2,0,MHW,20MHW,Call Sign,Amateur Intermediate Radio Licence,Available
2,0,MHY,20MHY,Call Sign,Amateur Intermediate Radio Licence,Available
2,0,MII,20MII,Call Sign,Amateur Intermediate Radio Licence,Available
2,0,MIP,20MIP,Call Sign,Amateur Intermediate Radio Licence,Available
2,0,MIQ,20MIQ,Call Sign,Amateur Intermediate Radio Licence,Available
2,0,MIY,20MIY,Call Sign,Amateur Intermediate Radio Licence,Available
2,0,MJI,20MJI,Call Sign,Amateur Intermediate Radio Licence,Available
2,0,MJQ,20MJQ,Call Sign,Amateur Intermediate Radio Licence,Available
2,0,MJV,20MJV,Call Sign,Amateur Intermediate Radio Licence,Available
2,0,MKH,20MKH,Call Sign,Amateur Intermediate Radio Licence,Available
2,0,MKN,20MKN,Call Sign,Amateur Intermediate Radio Licence,Available
2,0,MKO,20MKO,Call Sign,Amateur Intermediate Radio Licence,Available
2,0,MKP,20MKP,Call Sign,Amateur Intermediate Radio Licence,Available
2,0,MKU,20MKU,Call Sign,Amateur Intermediate Radio Licence,Available
2,0,MKZ,20MKZ,Call Sign,Amateur Intermediate Radio Licence,Available
2,0,MLC,20MLC,Call Sign,Amateur Intermediate Radio Licence,Available
2,0,MLE,20MLE,Call Sign,Amateur Intermediate Radio Licence,Available
2,0,MLG,20MLG,Call Sign,Amateur Intermediate Radio Licence,Available
2,0,MLI,20MLI,Call Sign,Amateur Intermediate Radio Licence,Available
2,0,MLM,20MLM,Call Sign,Amateur Intermediate Radio Licence,Available
2,0,MLN,20MLN,Call Sign,Amateur Intermediate Radio Licence,Available
2,0,MLQ,20MLQ,Call Sign,Amateur Intermediate Radio Licence,Available
2,0,MLU,20MLU,Call Sign,Amateur Intermediate Radio Licence,Available
2,0,MME,20MME,Call Sign,Amateur Intermediate Radio Licence,Available
2,0,MML,20MML,Call Sign,Amateur Intermediate Radio Licence,Available
2,0,MMN,20MMN,Call Sign,Amateur Intermediate Radio Licence,Available
2,0,MMQ,20MMQ,Call Sign,Amateur Intermediate Radio Licence,Available
2,0,MMU,20MMU,Call Sign,Amateur Intermediate Radio Licence,Available
2,0,MMV,20MMV,Call Sign,Amateur Intermediate Radio Licence,Available
2,0,MMW,20MMW,Call Sign,Amateur Intermediate Radio Licence,Available
2,0,MMX,20MMX,Call Sign,Amateur Intermediate Radio Licence,Available
2,0,MNA,20MNA,Call Sign,Amateur Intermediate Radio Licence,Available
2,0,MNB,20MNB,Call Sign,Amateur Intermediate Radio Licence,Available
2,0,MNF,20MNF,Call Sign,Amateur Intermediate Radio Licence,Available
2,0,MNH,20MNH,Call Sign,Amateur Intermediate Radio Licence,Available
2,0,MNJ,20MNJ,Call Sign,Amateur Intermediate Radio Licence,Available
2,0,MNL,20MNL,Call Sign,Amateur Intermediate Radio Licence,Available
2,0,MNN,20MNN,Call Sign,Amateur Intermediate Radio Licence,Available
2,0,MNQ,20MNQ,Call Sign,Amateur Intermediate Radio Licence,Available
2,0,MNT,20MNT,Call Sign,Amateur Intermediate Radio Licence,Available
2,0,MNV,20MNV,Call Sign,Amateur Intermediate Radio Licence,Available
2,0,MNW,20MNW,Call Sign,Amateur Intermediate Radio Licence,Available
2,0,MNX,20MNX,Call Sign,Amateur Intermediate Radio Licence,Available
2,0,MNY,20MNY,Call Sign,Amateur Intermediate Radio Licence,Available
2,0,MNZ,20MNZ,Call Sign,Amateur Intermediate Radio Licence,Available
2,0,MOJ,20MOJ,Call Sign,Amateur Intermediate Radio Licence,Available
2,0,MOQ,20MOQ,Call Sign,Amateur Intermediate Radio Licence,Available
2,0,MOU,20MOU,Call Sign,Amateur Intermediate Radio Licence,Available
2,0,MOV,20MOV,Call Sign,Amateur Intermediate Radio Licence,Available
2,0,MOW,20MOW,Call Sign,Amateur Intermediate Radio Licence,Available
2,0,MOX,20MOX,Call Sign,Amateur Intermediate Radio Licence,Available
2,0,MPD,20MPD,Call Sign,Amateur Intermediate Radio Licence,Available
2,0,MPF,20MPF,Call Sign,Amateur Intermediate Radio Licence,Available
2,0,MPI,20MPI,Call Sign,Amateur Intermediate Radio Licence,Available
2,0,MPQ,20MPQ,Call Sign,Amateur Intermediate Radio Licence,Available
2,0,MPU,20MPU,Call Sign,Amateur Intermediate Radio Licence,Available
2,0,MPV,20MPV,Call Sign,Amateur Intermediate Radio Licence,Available
2,0,MPW,20MPW,Call Sign,Amateur Intermediate Radio Licence,Available
2,0,MPY,20MPY,Call Sign,Amateur Intermediate Radio Licence,Available
2,0,MPZ,20MPZ,Call Sign,Amateur Intermediate Radio Licence,Available
2,0,MQA,20MQA,Call Sign,Amateur Intermediate Radio Licence,Available
2,0,MQB,20MQB,Call Sign,Amateur Intermediate Radio Licence,Available
2,0,MQC,20MQC,Call Sign,Amateur Intermediate Radio Licence,Available
2,0,MQD,20MQD,Call Sign,Amateur Intermediate Radio Licence,Available
2,0,MQE,20MQE,Call Sign,Amateur Intermediate Radio Licence,Available
2,0,MQF,20MQF,Call Sign,Amateur Intermediate Radio Licence,Available
2,0,MQG,20MQG,Call Sign,Amateur Intermediate Radio Licence,Available
2,0,MQH,20MQH,Call Sign,Amateur Intermediate Radio Licence,Available
2,0,MQI,20MQI,Call Sign,Amateur Intermediate Radio Licence,Available
2,0,MQJ,20MQJ,Call Sign,Amateur Intermediate Radio Licence,Available
2,0,MQL,20MQL,Call Sign,Amateur Intermediate Radio Licence,Available
2,0,MQM,20MQM,Call Sign,Amateur Intermediate Radio Licence,Available
2,0,MQN,20MQN,Call Sign,Amateur Intermediate Radio Licence,Available
2,0,MQO,20MQO,Call Sign,Amateur Intermediate Radio Licence,Available
2,0,MQP,20MQP,Call Sign,Amateur Intermediate Radio Licence,Available
2,0,MQQ,20MQQ,Call Sign,Amateur Intermediate Radio Licence,Available
2,0,MQR,20MQR,Call Sign,Amateur Intermediate Radio Licence,Available
2,0,MQS,20MQS,Call Sign,Amateur Intermediate Radio Licence,Available
2,0,MQU,20MQU,Call Sign,Amateur Intermediate Radio Licence,Available
2,0,MQV,20MQV,Call Sign,Amateur Intermediate Radio Licence,Available
2,0,MQW,20MQW,Call Sign,Amateur Intermediate Radio Licence,Available
2,0,MQX,20MQX,Call Sign,Amateur Intermediate Radio Licence,Available
2,0,MQY,20MQY,Call Sign,Amateur Intermediate Radio Licence,Available
2,0,MQZ,20MQZ,Call Sign,Amateur Intermediate Radio Licence,Available
2,0,MRF,20MRF,Call Sign,Amateur Intermediate Radio Licence,Available
2,0,MRH,20MRH,Call Sign,Amateur Intermediate Radio Licence,Available
2,0,MRI,20MRI,Call Sign,Amateur Intermediate Radio Licence,Available
2,0,MRR,20MRR,Call Sign,Amateur Intermediate Radio Licence,Available
2,0,MRU,20MRU,Call Sign,Amateur Intermediate Radio Licence,Available
2,0,MRZ,20MRZ,Call Sign,Amateur Intermediate Radio Licence,Available
2,0,MSK,20MSK,Call Sign,Amateur Intermediate Radio Licence,Available
2,0,MSN,20MSN,Call Sign,Amateur Intermediate Radio Licence,Available
2,0,MSP,20MSP,Call Sign,Amateur Intermediate Radio Licence,Available
2,0,MSQ,20MSQ,Call Sign,Amateur Intermediate Radio Licence,Available
2,0,MSU,20MSU,Call Sign,Amateur Intermediate Radio Licence,Available
2,0,MSY,20MSY,Call Sign,Amateur Intermediate Radio Licence,Available
2,0,MSZ,20MSZ,Call Sign,Amateur Intermediate Radio Licence,Available
2,0,MTA,20MTA,Call Sign,Amateur Intermediate Radio Licence,Available
2,0,MTE,20MTE,Call Sign,Amateur Intermediate Radio Licence,Available
2,0,MTF,20MTF,Call Sign,Amateur Intermediate Radio Licence,Available
2,0,MTG,20MTG,Call Sign,Amateur Intermediate Radio Licence,Available
2,0,MTH,20MTH,Call Sign,Amateur Intermediate Radio Licence,Available
2,0,MTK,20MTK,Call Sign,Amateur Intermediate Radio Licence,Available
2,0,MTP,20MTP,Call Sign,Amateur Intermediate Radio Licence,Available
2,0,MTQ,20MTQ,Call Sign,Amateur Intermediate Radio Licence,Available
2,0,MUB,20MUB,Call Sign,Amateur Intermediate Radio Licence,Available
2,0,MUC,20MUC,Call Sign,Amateur Intermediate Radio Licence,Available
2,0,MUE,20MUE,Call Sign,Amateur Intermediate Radio Licence,Available
2,0,MUH,20MUH,Call Sign,Amateur Intermediate Radio Licence,Available
2,0,MUI,20MUI,Call Sign,Amateur Intermediate Radio Licence,Available
2,0,MUJ,20MUJ,Call Sign,Amateur Intermediate Radio Licence,Available
2,0,MUK,20MUK,Call Sign,Amateur Intermediate Radio Licence,Available
2,0,MUO,20MUO,Call Sign,Amateur Intermediate Radio Licence,Available
2,0,MUP,20MUP,Call Sign,Amateur Intermediate Radio Licence,Available
2,0,MUQ,20MUQ,Call Sign,Amateur Intermediate Radio Licence,Available
2,0,MUU,20MUU,Call Sign,Amateur Intermediate Radio Licence,Available
2,0,MUV,20MUV,Call Sign,Amateur Intermediate Radio Licence,Available
2,0,MUX,20MUX,Call Sign,Amateur Intermediate Radio Licence,Available
2,0,MUY,20MUY,Call Sign,Amateur Intermediate Radio Licence,Available
2,0,MVA,20MVA,Call Sign,Amateur Intermediate Radio Licence,Available
2,0,MVC,20MVC,Call Sign,Amateur Intermediate Radio Licence,Available
2,0,MVE,20MVE,Call Sign,Amateur Intermediate Radio Licence,Available
2,0,MVI,20MVI,Call Sign,Amateur Intermediate Radio Licence,Available
2,0,MVJ,20MVJ,Call Sign,Amateur Intermediate Radio Licence,Available
2,0,MVN,20MVN,Call Sign,Amateur Intermediate Radio Licence,Available
2,0,MVO,20MVO,Call Sign,Amateur Intermediate Radio Licence,Available
2,0,MVQ,20MVQ,Call Sign,Amateur Intermediate Radio Licence,Available
2,0,MVR,20MVR,Call Sign,Amateur Intermediate Radio Licence,Available
2,0,MVU,20MVU,Call Sign,Amateur Intermediate Radio Licence,Available
2,0,MVV,20MVV,Call Sign,Amateur Intermediate Radio Licence,Available
2,0,MVW,20MVW,Call Sign,Amateur Intermediate Radio Licence,Available
2,0,MVX,20MVX,Call Sign,Amateur Intermediate Radio Licence,Available
2,0,MVY,20MVY,Call Sign,Amateur Intermediate Radio Licence,Available
2,0,MVZ,20MVZ,Call Sign,Amateur Intermediate Radio Licence,Available
2,0,MWD,20MWD,Call Sign,Amateur Intermediate Radio Licence,Available
2,0,MWF,20MWF,Call Sign,Amateur Intermediate Radio Licence,Available
2,0,MWK,20MWK,Call Sign,Amateur Intermediate Radio Licence,Available
2,0,MWN,20MWN,Call Sign,Amateur Intermediate Radio Licence,Available
2,0,MWO,20MWO,Call Sign,Amateur Intermediate Radio Licence,Available
2,0,MWQ,20MWQ,Call Sign,Amateur Intermediate Radio Licence,Available
2,0,MWT,20MWT,Call Sign,Amateur Intermediate Radio Licence,Available
2,0,MWU,20MWU,Call Sign,Amateur Intermediate Radio Licence,Available
2,0,MWV,20MWV,Call Sign,Amateur Intermediate Radio Licence,Available
2,0,MWX,20MWX,Call Sign,Amateur Intermediate Radio Licence,Available
2,0,MWY,20MWY,Call Sign,Amateur Intermediate Radio Licence,Available
2,0,MXA,20MXA,Call Sign,Amateur Intermediate Radio Licence,Available
2,0,MXD,20MXD,Call Sign,Amateur Intermediate Radio Licence,Available
2,0,MXE,20MXE,Call Sign,Amateur Intermediate Radio Licence,Available
2,0,MXF,20MXF,Call Sign,Amateur Intermediate Radio Licence,Available
2,0,MXG,20MXG,Call Sign,Amateur Intermediate Radio Licence,Available
2,0,MXH,20MXH,Call Sign,Amateur Intermediate Radio Licence,Available
2,0,MXJ,20MXJ,Call Sign,Amateur Intermediate Radio Licence,Available
2,0,MXK,20MXK,Call Sign,Amateur Intermediate Radio Licence,Available
2,0,MXL,20MXL,Call Sign,Amateur Intermediate Radio Licence,Available
2,0,MXN,20MXN,Call Sign,Amateur Intermediate Radio Licence,Available
2,0,MXO,20MXO,Call Sign,Amateur Intermediate Radio Licence,Available
2,0,MXQ,20MXQ,Call Sign,Amateur Intermediate Radio Licence,Available
2,0,MXR,20MXR,Call Sign,Amateur Intermediate Radio Licence,Available
2,0,MXU,20MXU,Call Sign,Amateur Intermediate Radio Licence,Available
2,0,MXY,20MXY,Call Sign,Amateur Intermediate Radio Licence,Available
2,0,MYA,20MYA,Call Sign,Amateur Intermediate Radio Licence,Available
2,0,MYD,20MYD,Call Sign,Amateur Intermediate Radio Licence,Available
2,0,MYF,20MYF,Call Sign,Amateur Intermediate Radio Licence,Available
2,0,MYG,20MYG,Call Sign,Amateur Intermediate Radio Licence,Available
2,0,MYI,20MYI,Call Sign,Amateur Intermediate Radio Licence,Available
2,0,MYL,20MYL,Call Sign,Amateur Intermediate Radio Licence,Available
2,0,MYM,20MYM,Call Sign,Amateur Intermediate Radio Licence,Available
2,0,MYQ,20MYQ,Call Sign,Amateur Intermediate Radio Licence,Available
2,0,MYS,20MYS,Call Sign,Amateur Intermediate Radio Licence,Available
2,0,MYU,20MYU,Call Sign,Amateur Intermediate Radio Licence,Available
2,0,MYV,20MYV,Call Sign,Amateur Intermediate Radio Licence,Available
2,0,MYW,20MYW,Call Sign,Amateur Intermediate Radio Licence,Available
2,0,MYX,20MYX,Call Sign,Amateur Intermediate Radio Licence,Available
2,0,MYY,20MYY,Call Sign,Amateur Intermediate Radio Licence,Available
2,0,MYZ,20MYZ,Call Sign,Amateur Intermediate Radio Licence,Available
2,0,MZA,20MZA,Call Sign,Amateur Intermediate Radio Licence,Available
2,0,MZC,20MZC,Call Sign,Amateur Intermediate Radio Licence,Available
2,0,MZD,20MZD,Call Sign,Amateur Intermediate Radio Licence,Available
2,0,MZE,20MZE,Call Sign,Amateur Intermediate Radio Licence,Available
2,0,MZF,20MZF,Call Sign,Amateur Intermediate Radio Licence,Available
2,0,MZG,20MZG,Call Sign,Amateur Intermediate Radio Licence,Available
2,0,MZJ,20MZJ,Call Sign,Amateur Intermediate Radio Licence,Available
2,0,MZK,20MZK,Call Sign,Amateur Intermediate Radio Licence,Available
2,0,MZN,20MZN,Call Sign,Amateur Intermediate Radio Licence,Available
2,0,MZP,20MZP,Call Sign,Amateur Intermediate Radio Licence,Available
2,0,MZQ,20MZQ,Call Sign,Amateur Intermediate Radio Licence,Available
2,0,MZR,20MZR,Call Sign,Amateur Intermediate Radio Licence,Available
2,0,MZS,20MZS,Call Sign,Amateur Intermediate Radio Licence,Available
2,0,MZT,20MZT,Call Sign,Amateur Intermediate Radio Licence,Available
2,0,MZV,20MZV,Call Sign,Amateur Intermediate Radio Licence,Available
2,0,MZY,20MZY,Call Sign,Amateur Intermediate Radio Licence,Available
2,0,NAU,20NAU,Call Sign,Amateur Intermediate Radio Licence,Available
2,0,NAX,20NAX,Call Sign,Amateur Intermediate Radio Licence,Available
2,0,NBB,20NBB,Call Sign,Amateur Intermediate Radio Licence,Available
2,0,NBE,20NBE,Call Sign,Amateur Intermediate Radio Licence,Available
2,0,NBF,20NBF,Call Sign,Amateur Intermediate Radio Licence,Available
2,0,NBG,20NBG,Call Sign,Amateur Intermediate Radio Licence,Available
2,0,NBI,20NBI,Call Sign,Amateur Intermediate Radio Licence,Available
2,0,NBJ,20NBJ,Call Sign,Amateur Intermediate Radio Licence,Available
2,0,NBK,20NBK,Call Sign,Amateur Intermediate Radio Licence,Available
2,0,NBL,20NBL,Call Sign,Amateur Intermediate Radio Licence,Available
2,0,NBN,20NBN,Call Sign,Amateur Intermediate Radio Licence,Available
2,0,NBO,20NBO,Call Sign,Amateur Intermediate Radio Licence,Available
2,0,NBP,20NBP,Call Sign,Amateur Intermediate Radio Licence,Available
2,0,NBQ,20NBQ,Call Sign,Amateur Intermediate Radio Licence,Available
2,0,NBS,20NBS,Call Sign,Amateur Intermediate Radio Licence,Available
2,0,NBU,20NBU,Call Sign,Amateur Intermediate Radio Licence,Available
2,0,NBV,20NBV,Call Sign,Amateur Intermediate Radio Licence,Available
2,0,NBW,20NBW,Call Sign,Amateur Intermediate Radio Licence,Available
2,0,NBX,20NBX,Call Sign,Amateur Intermediate Radio Licence,Available
2,0,NBY,20NBY,Call Sign,Amateur Intermediate Radio Licence,Available
2,0,NCD,20NCD,Call Sign,Amateur Intermediate Radio Licence,Available
2,0,NCI,20NCI,Call Sign,Amateur Intermediate Radio Licence,Available
2,0,NCJ,20NCJ,Call Sign,Amateur Intermediate Radio Licence,Available
2,0,NCN,20NCN,Call Sign,Amateur Intermediate Radio Licence,Available
2,0,NCQ,20NCQ,Call Sign,Amateur Intermediate Radio Licence,Available
2,0,NCR,20NCR,Call Sign,Amateur Intermediate Radio Licence,Available
2,0,NCT,20NCT,Call Sign,Amateur Intermediate Radio Licence,Available
2,0,NCU,20NCU,Call Sign,Amateur Intermediate Radio Licence,Available
2,0,NCV,20NCV,Call Sign,Amateur Intermediate Radio Licence,Available
2,0,NCX,20NCX,Call Sign,Amateur Intermediate Radio Licence,Available
2,0,NDA,20NDA,Call Sign,Amateur Intermediate Radio Licence,Available
2,0,NDC,20NDC,Call Sign,Amateur Intermediate Radio Licence,Available
2,0,NDD,20NDD,Call Sign,Amateur Intermediate Radio Licence,Available
2,0,NDF,20NDF,Call Sign,Amateur Intermediate Radio Licence,Available
2,0,NDK,20NDK,Call Sign,Amateur Intermediate Radio Licence,Available
2,0,NDL,20NDL,Call Sign,Amateur Intermediate Radio Licence,Available
2,0,NDN,20NDN,Call Sign,Amateur Intermediate Radio Licence,Available
2,0,NDO,20NDO,Call Sign,Amateur Intermediate Radio Licence,Available
2,0,NDQ,20NDQ,Call Sign,Amateur Intermediate Radio Licence,Available
2,0,NDS,20NDS,Call Sign,Amateur Intermediate Radio Licence,Available
2,0,NDU,20NDU,Call Sign,Amateur Intermediate Radio Licence,Available
2,0,NDV,20NDV,Call Sign,Amateur Intermediate Radio Licence,Available
2,0,NDW,20NDW,Call Sign,Amateur Intermediate Radio Licence,Available
2,0,NDZ,20NDZ,Call Sign,Amateur Intermediate Radio Licence,Available
2,0,NEB,20NEB,Call Sign,Amateur Intermediate Radio Licence,Available
2,0,NEC,20NEC,Call Sign,Amateur Intermediate Radio Licence,Available
2,0,NED,20NED,Call Sign,Amateur Intermediate Radio Licence,Available
2,0,NEE,20NEE,Call Sign,Amateur Intermediate Radio Licence,Available
2,0,NEF,20NEF,Call Sign,Amateur Intermediate Radio Licence,Available
2,0,NEG,20NEG,Call Sign,Amateur Intermediate Radio Licence,Available
2,0,NEH,20NEH,Call Sign,Amateur Intermediate Radio Licence,Available
2,0,NEJ,20NEJ,Call Sign,Amateur Intermediate Radio Licence,Available
2,0,NEK,20NEK,Call Sign,Amateur Intermediate Radio Licence,Available
2,0,NEM,20NEM,Call Sign,Amateur Intermediate Radio Licence,Available
2,0,NEN,20NEN,Call Sign,Amateur Intermediate Radio Licence,Available
2,0,NEP,20NEP,Call Sign,Amateur Intermediate Radio Licence,Available
2,0,NEQ,20NEQ,Call Sign,Amateur Intermediate Radio Licence,Available
2,0,NES,20NES,Call Sign,Amateur Intermediate Radio Licence,Available
2,0,NEU,20NEU,Call Sign,Amateur Intermediate Radio Licence,Available
2,0,NEX,20NEX,Call Sign,Amateur Intermediate Radio Licence,Available
2,0,NEZ,20NEZ,Call Sign,Amateur Intermediate Radio Licence,Available
2,0,NFA,20NFA,Call Sign,Amateur Intermediate Radio Licence,Available
2,0,NFD,20NFD,Call Sign,Amateur Intermediate Radio Licence,Available
2,0,NFE,20NFE,Call Sign,Amateur Intermediate Radio Licence,Available
2,0,NFF,20NFF,Call Sign,Amateur Intermediate Radio Licence,Available
2,0,NFG,20NFG,Call Sign,Amateur Intermediate Radio Licence,Available
2,0,NFH,20NFH,Call Sign,Amateur Intermediate Radio Licence,Available
2,0,NFJ,20NFJ,Call Sign,Amateur Intermediate Radio Licence,Available
2,0,NFL,20NFL,Call Sign,Amateur Intermediate Radio Licence,Available
2,0,NFM,20NFM,Call Sign,Amateur Intermediate Radio Licence,Available
2,0,NFN,20NFN,Call Sign,Amateur Intermediate Radio Licence,Available
2,0,NFO,20NFO,Call Sign,Amateur Intermediate Radio Licence,Available
2,0,NFP,20NFP,Call Sign,Amateur Intermediate Radio Licence,Available
2,0,NFQ,20NFQ,Call Sign,Amateur Intermediate Radio Licence,Available
2,0,NFT,20NFT,Call Sign,Amateur Intermediate Radio Licence,Available
2,0,NFU,20NFU,Call Sign,Amateur Intermediate Radio Licence,Available
2,0,NFV,20NFV,Call Sign,Amateur Intermediate Radio Licence,Available
2,0,NFW,20NFW,Call Sign,Amateur Intermediate Radio Licence,Available
2,0,NFX,20NFX,Call Sign,Amateur Intermediate Radio Licence,Available
2,0,NFZ,20NFZ,Call Sign,Amateur Intermediate Radio Licence,Available
2,0,NGA,20NGA,Call Sign,Amateur Intermediate Radio Licence,Available
2,0,NGD,20NGD,Call Sign,Amateur Intermediate Radio Licence,Available
2,0,NGE,20NGE,Call Sign,Amateur Intermediate Radio Licence,Available
2,0,NGF,20NGF,Call Sign,Amateur Intermediate Radio Licence,Available
2,0,NGH,20NGH,Call Sign,Amateur Intermediate Radio Licence,Available
2,0,NGJ,20NGJ,Call Sign,Amateur Intermediate Radio Licence,Available
2,0,NGL,20NGL,Call Sign,Amateur Intermediate Radio Licence,Available
2,0,NGM,20NGM,Call Sign,Amateur Intermediate Radio Licence,Available
2,0,NGN,20NGN,Call Sign,Amateur Intermediate Radio Licence,Available
2,0,NGP,20NGP,Call Sign,Amateur Intermediate Radio Licence,Available
2,0,NGS,20NGS,Call Sign,Amateur Intermediate Radio Licence,Available
2,0,NGV,20NGV,Call Sign,Amateur Intermediate Radio Licence,Available
2,0,NGW,20NGW,Call Sign,Amateur Intermediate Radio Licence,Available
2,0,NGX,20NGX,Call Sign,Amateur Intermediate Radio Licence,Available
2,0,NGZ,20NGZ,Call Sign,Amateur Intermediate Radio Licence,Available
2,0,NHA,20NHA,Call Sign,Amateur Intermediate Radio Licence,Available
2,0,NHB,20NHB,Call Sign,Amateur Intermediate Radio Licence,Available
2,0,NHC,20NHC,Call Sign,Amateur Intermediate Radio Licence,Available
2,0,NHD,20NHD,Call Sign,Amateur Intermediate Radio Licence,Available
2,0,NHE,20NHE,Call Sign,Amateur Intermediate Radio Licence,Available
2,0,NHF,20NHF,Call Sign,Amateur Intermediate Radio Licence,Available
2,0,NHH,20NHH,Call Sign,Amateur Intermediate Radio Licence,Available
2,0,NHI,20NHI,Call Sign,Amateur Intermediate Radio Licence,Available
2,0,NHJ,20NHJ,Call Sign,Amateur Intermediate Radio Licence,Available
2,0,NHK,20NHK,Call Sign,Amateur Intermediate Radio Licence,Available
2,0,NHL,20NHL,Call Sign,Amateur Intermediate Radio Licence,Available
2,0,NHN,20NHN,Call Sign,Amateur Intermediate Radio Licence,Available
2,0,NHO,20NHO,Call Sign,Amateur Intermediate Radio Licence,Available
2,0,NHP,20NHP,Call Sign,Amateur Intermediate Radio Licence,Available
2,0,NHQ,20NHQ,Call Sign,Amateur Intermediate Radio Licence,Available
2,0,NHU,20NHU,Call Sign,Amateur Intermediate Radio Licence,Available
2,0,NHV,20NHV,Call Sign,Amateur Intermediate Radio Licence,Available
2,0,NHW,20NHW,Call Sign,Amateur Intermediate Radio Licence,Available
2,0,NHY,20NHY,Call Sign,Amateur Intermediate Radio Licence,Available
2,0,NHZ,20NHZ,Call Sign,Amateur Intermediate Radio Licence,Available
2,0,NID,20NID,Call Sign,Amateur Intermediate Radio Licence,Available
2,0,NII,20NII,Call Sign,Amateur Intermediate Radio Licence,Available
2,0,NIL,20NIL,Call Sign,Amateur Intermediate Radio Licence,Available
2,0,NIO,20NIO,Call Sign,Amateur Intermediate Radio Licence,Available
2,0,NIQ,20NIQ,Call Sign,Amateur Intermediate Radio Licence,Available
2,0,NIS,20NIS,Call Sign,Amateur Intermediate Radio Licence,Available
2,0,NIU,20NIU,Call Sign,Amateur Intermediate Radio Licence,Available
2,0,NIW,20NIW,Call Sign,Amateur Intermediate Radio Licence,Available
2,0,NIY,20NIY,Call Sign,Amateur Intermediate Radio Licence,Available
2,0,NIZ,20NIZ,Call Sign,Amateur Intermediate Radio Licence,Available
2,0,NJD,20NJD,Call Sign,Amateur Intermediate Radio Licence,Available
2,0,NJF,20NJF,Call Sign,Amateur Intermediate Radio Licence,Available
2,0,NJG,20NJG,Call Sign,Amateur Intermediate Radio Licence,Available
2,0,NJH,20NJH,Call Sign,Amateur Intermediate Radio Licence,Available
2,0,NJI,20NJI,Call Sign,Amateur Intermediate Radio Licence,Available
2,0,NJL,20NJL,Call Sign,Amateur Intermediate Radio Licence,Available
2,0,NJM,20NJM,Call Sign,Amateur Intermediate Radio Licence,Available
2,0,NJN,20NJN,Call Sign,Amateur Intermediate Radio Licence,Available
2,0,NJQ,20NJQ,Call Sign,Amateur Intermediate Radio Licence,Available
2,0,NJU,20NJU,Call Sign,Amateur Intermediate Radio Licence,Available
2,0,NJV,20NJV,Call Sign,Amateur Intermediate Radio Licence,Available
2,0,NJX,20NJX,Call Sign,Amateur Intermediate Radio Licence,Available
2,0,NJY,20NJY,Call Sign,Amateur Intermediate Radio Licence,Available
2,0,NKB,20NKB,Call Sign,Amateur Intermediate Radio Licence,Available
2,0,NKG,20NKG,Call Sign,Amateur Intermediate Radio Licence,Available
2,0,NKH,20NKH,Call Sign,Amateur Intermediate Radio Licence,Available
2,0,NKJ,20NKJ,Call Sign,Amateur Intermediate Radio Licence,Available
2,0,NKK,20NKK,Call Sign,Amateur Intermediate Radio Licence,Available
2,0,NKL,20NKL,Call Sign,Amateur Intermediate Radio Licence,Available
2,0,NKN,20NKN,Call Sign,Amateur Intermediate Radio Licence,Available
2,0,NKO,20NKO,Call Sign,Amateur Intermediate Radio Licence,Available
2,0,NKS,20NKS,Call Sign,Amateur Intermediate Radio Licence,Available
2,0,NKU,20NKU,Call Sign,Amateur Intermediate Radio Licence,Available
2,0,NKW,20NKW,Call Sign,Amateur Intermediate Radio Licence,Available
2,0,NKX,20NKX,Call Sign,Amateur Intermediate Radio Licence,Available
2,0,NKZ,20NKZ,Call Sign,Amateur Intermediate Radio Licence,Available
2,0,NLE,20NLE,Call Sign,Amateur Intermediate Radio Licence,Available
2,0,NLH,20NLH,Call Sign,Amateur Intermediate Radio Licence,Available
2,0,NLI,20NLI,Call Sign,Amateur Intermediate Radio Licence,Available
2,0,NLJ,20NLJ,Call Sign,Amateur Intermediate Radio Licence,Available
2,0,NLL,20NLL,Call Sign,Amateur Intermediate Radio Licence,Available
2,0,NLN,20NLN,Call Sign,Amateur Intermediate Radio Licence,Available
2,0,NLQ,20NLQ,Call Sign,Amateur Intermediate Radio Licence,Available
2,0,NLR,20NLR,Call Sign,Amateur Intermediate Radio Licence,Available
2,0,NLS,20NLS,Call Sign,Amateur Intermediate Radio Licence,Available
2,0,NLT,20NLT,Call Sign,Amateur Intermediate Radio Licence,Available
2,0,NLU,20NLU,Call Sign,Amateur Intermediate Radio Licence,Available
2,0,NLV,20NLV,Call Sign,Amateur Intermediate Radio Licence,Available
2,0,NLX,20NLX,Call Sign,Amateur Intermediate Radio Licence,Available
2,0,NLZ,20NLZ,Call Sign,Amateur Intermediate Radio Licence,Available
2,0,NMA,20NMA,Call Sign,Amateur Intermediate Radio Licence,Available
2,0,NMB,20NMB,Call Sign,Amateur Intermediate Radio Licence,Available
2,0,NME,20NME,Call Sign,Amateur Intermediate Radio Licence,Available
2,0,NMF,20NMF,Call Sign,Amateur Intermediate Radio Licence,Available
2,0,NMG,20NMG,Call Sign,Amateur Intermediate Radio Licence,Available
2,0,NMI,20NMI,Call Sign,Amateur Intermediate Radio Licence,Available
2,0,NMJ,20NMJ,Call Sign,Amateur Intermediate Radio Licence,Available
2,0,NMK,20NMK,Call Sign,Amateur Intermediate Radio Licence,Available
2,0,NML,20NML,Call Sign,Amateur Intermediate Radio Licence,Available
2,0,NMM,20NMM,Call Sign,Amateur Intermediate Radio Licence,Available
2,0,NMN,20NMN,Call Sign,Amateur Intermediate Radio Licence,Available
2,0,NMO,20NMO,Call Sign,Amateur Intermediate Radio Licence,Available
2,0,NMQ,20NMQ,Call Sign,Amateur Intermediate Radio Licence,Available
2,0,NMR,20NMR,Call Sign,Amateur Intermediate Radio Licence,Available
2,0,NMS,20NMS,Call Sign,Amateur Intermediate Radio Licence,Available
2,0,NMT,20NMT,Call Sign,Amateur Intermediate Radio Licence,Available
2,0,NMU,20NMU,Call Sign,Amateur Intermediate Radio Licence,Available
2,0,NMV,20NMV,Call Sign,Amateur Intermediate Radio Licence,Available
2,0,NMW,20NMW,Call Sign,Amateur Intermediate Radio Licence,Available
2,0,NMX,20NMX,Call Sign,Amateur Intermediate Radio Licence,Available
2,0,NMY,20NMY,Call Sign,Amateur Intermediate Radio Licence,Available
2,0,NMZ,20NMZ,Call Sign,Amateur Intermediate Radio Licence,Available
2,0,NNB,20NNB,Call Sign,Amateur Intermediate Radio Licence,Available
2,0,NNC,20NNC,Call Sign,Amateur Intermediate Radio Licence,Available
2,0,NNE,20NNE,Call Sign,Amateur Intermediate Radio Licence,Available
2,0,NNF,20NNF,Call Sign,Amateur Intermediate Radio Licence,Available
2,0,NNG,20NNG,Call Sign,Amateur Intermediate Radio Licence,Available
2,0,NNI,20NNI,Call Sign,Amateur Intermediate Radio Licence,Available
2,0,NNJ,20NNJ,Call Sign,Amateur Intermediate Radio Licence,Available
2,0,NNK,20NNK,Call Sign,Amateur Intermediate Radio Licence,Available
2,0,NNL,20NNL,Call Sign,Amateur Intermediate Radio Licence,Available
2,0,NNM,20NNM,Call Sign,Amateur Intermediate Radio Licence,Available
2,0,NNO,20NNO,Call Sign,Amateur Intermediate Radio Licence,Available
2,0,NNP,20NNP,Call Sign,Amateur Intermediate Radio Licence,Available
2,0,NNR,20NNR,Call Sign,Amateur Intermediate Radio Licence,Available
2,0,NNU,20NNU,Call Sign,Amateur Intermediate Radio Licence,Available
2,0,NNV,20NNV,Call Sign,Amateur Intermediate Radio Licence,Available
2,0,NNW,20NNW,Call Sign,Amateur Intermediate Radio Licence,Available
2,0,NNY,20NNY,Call Sign,Amateur Intermediate Radio Licence,Available
2,0,NNZ,20NNZ,Call Sign,Amateur Intermediate Radio Licence,Available
2,0,NOE,20NOE,Call Sign,Amateur Intermediate Radio Licence,Available
2,0,NOF,20NOF,Call Sign,Amateur Intermediate Radio Licence,Available
2,0,NOG,20NOG,Call Sign,Amateur Intermediate Radio Licence,Available
2,0,NOH,20NOH,Call Sign,Amateur Intermediate Radio Licence,Available
2,0,NOI,20NOI,Call Sign,Amateur Intermediate Radio Licence,Available
2,0,NOM,20NOM,Call Sign,Amateur Intermediate Radio Licence,Available
2,0,NOO,20NOO,Call Sign,Amateur Intermediate Radio Licence,Available
2,0,NOQ,20NOQ,Call Sign,Amateur Intermediate Radio Licence,Available
2,0,NOU,20NOU,Call Sign,Amateur Intermediate Radio Licence,Available
2,0,NOV,2015-11-20,Call Sign,Amateur Intermediate Radio Licence,Available
2,0,NOY,20NOY,Call Sign,Amateur Intermediate Radio Licence,Available
2,0,NPA,20NPA,Call Sign,Amateur Intermediate Radio Licence,Available
2,0,NPC,20NPC,Call Sign,Amateur Intermediate Radio Licence,Available
2,0,NPE,20NPE,Call Sign,Amateur Intermediate Radio Licence,Available
2,0,NPF,20NPF,Call Sign,Amateur Intermediate Radio Licence,Available
2,0,NPG,20NPG,Call Sign,Amateur Intermediate Radio Licence,Available
2,0,NPH,20NPH,Call Sign,Amateur Intermediate Radio Licence,Available
2,0,NPI,20NPI,Call Sign,Amateur Intermediate Radio Licence,Available
2,0,NPJ,20NPJ,Call Sign,Amateur Intermediate Radio Licence,Available
2,0,NPL,20NPL,Call Sign,Amateur Intermediate Radio Licence,Available
2,0,NPM,20NPM,Call Sign,Amateur Intermediate Radio Licence,Available
2,0,NPO,20NPO,Call Sign,Amateur Intermediate Radio Licence,Available
2,0,NPQ,20NPQ,Call Sign,Amateur Intermediate Radio Licence,Available
2,0,NPR,20NPR,Call Sign,Amateur Intermediate Radio Licence,Available
2,0,NPU,20NPU,Call Sign,Amateur Intermediate Radio Licence,Available
2,0,NPV,20NPV,Call Sign,Amateur Intermediate Radio Licence,Available
2,0,NPW,20NPW,Call Sign,Amateur Intermediate Radio Licence,Available
2,0,NPY,20NPY,Call Sign,Amateur Intermediate Radio Licence,Available
2,0,NPZ,20NPZ,Call Sign,Amateur Intermediate Radio Licence,Available
2,0,NQA,20NQA,Call Sign,Amateur Intermediate Radio Licence,Available
2,0,NQC,20NQC,Call Sign,Amateur Intermediate Radio Licence,Available
2,0,NQD,20NQD,Call Sign,Amateur Intermediate Radio Licence,Available
2,0,NQF,20NQF,Call Sign,Amateur Intermediate Radio Licence,Available
2,0,NQG,20NQG,Call Sign,Amateur Intermediate Radio Licence,Available
2,0,NQH,20NQH,Call Sign,Amateur Intermediate Radio Licence,Available
2,0,NQI,20NQI,Call Sign,Amateur Intermediate Radio Licence,Available
2,0,NQJ,20NQJ,Call Sign,Amateur Intermediate Radio Licence,Available
2,0,NQK,20NQK,Call Sign,Amateur Intermediate Radio Licence,Available
2,0,NQL,20NQL,Call Sign,Amateur Intermediate Radio Licence,Available
2,0,NQM,20NQM,Call Sign,Amateur Intermediate Radio Licence,Available
2,0,NQN,20NQN,Call Sign,Amateur Intermediate Radio Licence,Available
2,0,NQO,20NQO,Call Sign,Amateur Intermediate Radio Licence,Available
2,0,NQP,20NQP,Call Sign,Amateur Intermediate Radio Licence,Available
2,0,NQQ,20NQQ,Call Sign,Amateur Intermediate Radio Licence,Available
2,0,NQR,20NQR,Call Sign,Amateur Intermediate Radio Licence,Available
2,0,NQS,20NQS,Call Sign,Amateur Intermediate Radio Licence,Available
2,0,NQT,20NQT,Call Sign,Amateur Intermediate Radio Licence,Available
2,0,NQV,20NQV,Call Sign,Amateur Intermediate Radio Licence,Available
2,0,NQW,20NQW,Call Sign,Amateur Intermediate Radio Licence,Available
2,0,NQX,20NQX,Call Sign,Amateur Intermediate Radio Licence,Available
2,0,NQY,20NQY,Call Sign,Amateur Intermediate Radio Licence,Available
2,0,NQZ,20NQZ,Call Sign,Amateur Intermediate Radio Licence,Available
2,0,NRE,20NRE,Call Sign,Amateur Intermediate Radio Licence,Available
2,0,NRF,20NRF,Call Sign,Amateur Intermediate Radio Licence,Available
2,0,NRI,20NRI,Call Sign,Amateur Intermediate Radio Licence,Available
2,0,NRK,20NRK,Call Sign,Amateur Intermediate Radio Licence,Available
2,0,NRL,20NRL,Call Sign,Amateur Intermediate Radio Licence,Available
2,0,NRN,20NRN,Call Sign,Amateur Intermediate Radio Licence,Available
2,0,NRQ,20NRQ,Call Sign,Amateur Intermediate Radio Licence,Available
2,0,NRR,20NRR,Call Sign,Amateur Intermediate Radio Licence,Available
2,0,NRS,20NRS,Call Sign,Amateur Intermediate Radio Licence,Available
2,0,NRT,20NRT,Call Sign,Amateur Intermediate Radio Licence,Available
2,0,NRU,20NRU,Call Sign,Amateur Intermediate Radio Licence,Available
2,0,NRV,20NRV,Call Sign,Amateur Intermediate Radio Licence,Available
2,0,NRW,20NRW,Call Sign,Amateur Intermediate Radio Licence,Available
2,0,NRX,20NRX,Call Sign,Amateur Intermediate Radio Licence,Available
2,0,NRY,20NRY,Call Sign,Amateur Intermediate Radio Licence,Available
2,0,NRZ,20NRZ,Call Sign,Amateur Intermediate Radio Licence,Available
2,0,NSA,20NSA,Call Sign,Amateur Intermediate Radio Licence,Available
2,0,NSB,20NSB,Call Sign,Amateur Intermediate Radio Licence,Available
2,0,NSE,20NSE,Call Sign,Amateur Intermediate Radio Licence,Available
2,0,NSF,20NSF,Call Sign,Amateur Intermediate Radio Licence,Available
2,0,NSH,20NSH,Call Sign,Amateur Intermediate Radio Licence,Available
2,0,NSI,20NSI,Call Sign,Amateur Intermediate Radio Licence,Available
2,0,NSJ,20NSJ,Call Sign,Amateur Intermediate Radio Licence,Available
2,0,NSK,20NSK,Call Sign,Amateur Intermediate Radio Licence,Available
2,0,NSL,20NSL,Call Sign,Amateur Intermediate Radio Licence,Available
2,0,NSN,20NSN,Call Sign,Amateur Intermediate Radio Licence,Available
2,0,NSO,20NSO,Call Sign,Amateur Intermediate Radio Licence,Available
2,0,NSV,20NSV,Call Sign,Amateur Intermediate Radio Licence,Available
2,0,NSX,20NSX,Call Sign,Amateur Intermediate Radio Licence,Available
2,0,NSZ,20NSZ,Call Sign,Amateur Intermediate Radio Licence,Available
2,0,NTB,20NTB,Call Sign,Amateur Intermediate Radio Licence,Available
2,0,NTD,20NTD,Call Sign,Amateur Intermediate Radio Licence,Available
2,0,NTE,20NTE,Call Sign,Amateur Intermediate Radio Licence,Available
2,0,NTF,20NTF,Call Sign,Amateur Intermediate Radio Licence,Available
2,0,NTG,20NTG,Call Sign,Amateur Intermediate Radio Licence,Available
2,0,NTH,20NTH,Call Sign,Amateur Intermediate Radio Licence,Available
2,0,NTK,20NTK,Call Sign,Amateur Intermediate Radio Licence,Available
2,0,NTL,20NTL,Call Sign,Amateur Intermediate Radio Licence,Available
2,0,NTM,20NTM,Call Sign,Amateur Intermediate Radio Licence,Available
2,0,NTN,20NTN,Call Sign,Amateur Intermediate Radio Licence,Available
2,0,NTO,20NTO,Call Sign,Amateur Intermediate Radio Licence,Available
2,0,NTP,20NTP,Call Sign,Amateur Intermediate Radio Licence,Available
2,0,NTQ,20NTQ,Call Sign,Amateur Intermediate Radio Licence,Available
2,0,NTR,20NTR,Call Sign,Amateur Intermediate Radio Licence,Available
2,0,NTS,20NTS,Call Sign,Amateur Intermediate Radio Licence,Available
2,0,NTU,20NTU,Call Sign,Amateur Intermediate Radio Licence,Available
2,0,NTV,20NTV,Call Sign,Amateur Intermediate Radio Licence,Available
2,0,NTX,20NTX,Call Sign,Amateur Intermediate Radio Licence,Available
2,0,NTZ,20NTZ,Call Sign,Amateur Intermediate Radio Licence,Available
2,0,NUA,20NUA,Call Sign,Amateur Intermediate Radio Licence,Available
2,0,NUB,20NUB,Call Sign,Amateur Intermediate Radio Licence,Available
2,0,NUD,20NUD,Call Sign,Amateur Intermediate Radio Licence,Available
2,0,NUF,20NUF,Call Sign,Amateur Intermediate Radio Licence,Available
2,0,NUH,20NUH,Call Sign,Amateur Intermediate Radio Licence,Available
2,0,NUI,20NUI,Call Sign,Amateur Intermediate Radio Licence,Available
2,0,NUJ,20NUJ,Call Sign,Amateur Intermediate Radio Licence,Available
2,0,NUK,20NUK,Call Sign,Amateur Intermediate Radio Licence,Available
2,0,NUL,20NUL,Call Sign,Amateur Intermediate Radio Licence,Available
2,0,NUN,20NUN,Call Sign,Amateur Intermediate Radio Licence,Available
2,0,NUO,20NUO,Call Sign,Amateur Intermediate Radio Licence,Available
2,0,NUP,20NUP,Call Sign,Amateur Intermediate Radio Licence,Available
2,0,NUR,20NUR,Call Sign,Amateur Intermediate Radio Licence,Available
2,0,NUS,20NUS,Call Sign,Amateur Intermediate Radio Licence,Available
2,0,NUU,20NUU,Call Sign,Amateur Intermediate Radio Licence,Available
2,0,NUV,20NUV,Call Sign,Amateur Intermediate Radio Licence,Available
2,0,NUW,20NUW,Call Sign,Amateur Intermediate Radio Licence,Available
2,0,NUX,20NUX,Call Sign,Amateur Intermediate Radio Licence,Available
2,0,NUY,20NUY,Call Sign,Amateur Intermediate Radio Licence,Available
2,0,NUZ,20NUZ,Call Sign,Amateur Intermediate Radio Licence,Available
2,0,NVA,20NVA,Call Sign,Amateur Intermediate Radio Licence,Available
2,0,NVC,20NVC,Call Sign,Amateur Intermediate Radio Licence,Available
2,0,NVD,20NVD,Call Sign,Amateur Intermediate Radio Licence,Available
2,0,NVE,20NVE,Call Sign,Amateur Intermediate Radio Licence,Available
2,0,NVF,20NVF,Call Sign,Amateur Intermediate Radio Licence,Available
2,0,NVG,20NVG,Call Sign,Amateur Intermediate Radio Licence,Available
2,0,NVH,20NVH,Call Sign,Amateur Intermediate Radio Licence,Available
2,0,NVI,20NVI,Call Sign,Amateur Intermediate Radio Licence,Available
2,0,NVL,20NVL,Call Sign,Amateur Intermediate Radio Licence,Available
2,0,NVM,20NVM,Call Sign,Amateur Intermediate Radio Licence,Available
2,0,NVN,20NVN,Call Sign,Amateur Intermediate Radio Licence,Available
2,0,NVO,20NVO,Call Sign,Amateur Intermediate Radio Licence,Available
2,0,NVQ,20NVQ,Call Sign,Amateur Intermediate Radio Licence,Available
2,0,NVT,20NVT,Call Sign,Amateur Intermediate Radio Licence,Available
2,0,NVU,20NVU,Call Sign,Amateur Intermediate Radio Licence,Available
2,0,NVV,20NVV,Call Sign,Amateur Intermediate Radio Licence,Available
2,0,NVW,20NVW,Call Sign,Amateur Intermediate Radio Licence,Available
2,0,NVX,20NVX,Call Sign,Amateur Intermediate Radio Licence,Available
2,0,NVY,20NVY,Call Sign,Amateur Intermediate Radio Licence,Available
2,0,NVZ,20NVZ,Call Sign,Amateur Intermediate Radio Licence,Available
2,0,NWC,20NWC,Call Sign,Amateur Intermediate Radio Licence,Available
2,0,NWD,20NWD,Call Sign,Amateur Intermediate Radio Licence,Available
2,0,NWE,20NWE,Call Sign,Amateur Intermediate Radio Licence,Available
2,0,NWF,20NWF,Call Sign,Amateur Intermediate Radio Licence,Available
2,0,NWH,20NWH,Call Sign,Amateur Intermediate Radio Licence,Available
2,0,NWI,20NWI,Call Sign,Amateur Intermediate Radio Licence,Available
2,0,NWJ,20NWJ,Call Sign,Amateur Intermediate Radio Licence,Available
2,0,NWK,20NWK,Call Sign,Amateur Intermediate Radio Licence,Available
2,0,NWL,20NWL,Call Sign,Amateur Intermediate Radio Licence,Available
2,0,NWN,20NWN,Call Sign,Amateur Intermediate Radio Licence,Available
2,0,NWQ,20NWQ,Call Sign,Amateur Intermediate Radio Licence,Available
2,0,NWS,20NWS,Call Sign,Amateur Intermediate Radio Licence,Available
2,0,NWU,20NWU,Call Sign,Amateur Intermediate Radio Licence,Available
2,0,NWV,20NWV,Call Sign,Amateur Intermediate Radio Licence,Available
2,0,NWX,20NWX,Call Sign,Amateur Intermediate Radio Licence,Available
2,0,NWZ,20NWZ,Call Sign,Amateur Intermediate Radio Licence,Available
2,0,NXA,20NXA,Call Sign,Amateur Intermediate Radio Licence,Available
2,0,NXB,20NXB,Call Sign,Amateur Intermediate Radio Licence,Available
2,0,NXC,20NXC,Call Sign,Amateur Intermediate Radio Licence,Available
2,0,NXD,20NXD,Call Sign,Amateur Intermediate Radio Licence,Available
2,0,NXE,20NXE,Call Sign,Amateur Intermediate Radio Licence,Available
2,0,NXF,20NXF,Call Sign,Amateur Intermediate Radio Licence,Available
2,0,NXG,20NXG,Call Sign,Amateur Intermediate Radio Licence,Available
2,0,NXH,20NXH,Call Sign,Amateur Intermediate Radio Licence,Available
2,0,NXI,20NXI,Call Sign,Amateur Intermediate Radio Licence,Available
2,0,NXJ,20NXJ,Call Sign,Amateur Intermediate Radio Licence,Available
2,0,NXK,20NXK,Call Sign,Amateur Intermediate Radio Licence,Available
2,0,NXL,20NXL,Call Sign,Amateur Intermediate Radio Licence,Available
2,0,NXM,20NXM,Call Sign,Amateur Intermediate Radio Licence,Available
2,0,NXN,20NXN,Call Sign,Amateur Intermediate Radio Licence,Available
2,0,NXO,20NXO,Call Sign,Amateur Intermediate Radio Licence,Available
2,0,NXP,20NXP,Call Sign,Amateur Intermediate Radio Licence,Available
2,0,NXQ,20NXQ,Call Sign,Amateur Intermediate Radio Licence,Available
2,0,NXT,20NXT,Call Sign,Amateur Intermediate Radio Licence,Available
2,0,NXU,20NXU,Call Sign,Amateur Intermediate Radio Licence,Available
2,0,NXV,20NXV,Call Sign,Amateur Intermediate Radio Licence,Available
2,0,NXW,20NXW,Call Sign,Amateur Intermediate Radio Licence,Available
2,0,NXX,20NXX,Call Sign,Amateur Intermediate Radio Licence,Available
2,0,NXY,20NXY,Call Sign,Amateur Intermediate Radio Licence,Available
2,0,NXZ,20NXZ,Call Sign,Amateur Intermediate Radio Licence,Available
2,0,NYA,20NYA,Call Sign,Amateur Intermediate Radio Licence,Available
2,0,NYB,20NYB,Call Sign,Amateur Intermediate Radio Licence,Available
2,0,NYD,20NYD,Call Sign,Amateur Intermediate Radio Licence,Available
2,0,NYF,20NYF,Call Sign,Amateur Intermediate Radio Licence,Available
2,0,NYG,20NYG,Call Sign,Amateur Intermediate Radio Licence,Available
2,0,NYH,20NYH,Call Sign,Amateur Intermediate Radio Licence,Available
2,0,NYI,20NYI,Call Sign,Amateur Intermediate Radio Licence,Available
2,0,NYJ,20NYJ,Call Sign,Amateur Intermediate Radio Licence,Available
2,0,NYK,20NYK,Call Sign,Amateur Intermediate Radio Licence,Available
2,0,NYL,20NYL,Call Sign,Amateur Intermediate Radio Licence,Available
2,0,NYN,20NYN,Call Sign,Amateur Intermediate Radio Licence,Available
2,0,NYO,20NYO,Call Sign,Amateur Intermediate Radio Licence,Available
2,0,NYP,20NYP,Call Sign,Amateur Intermediate Radio Licence,Available
2,0,NYQ,20NYQ,Call Sign,Amateur Intermediate Radio Licence,Available
2,0,NYR,20NYR,Call Sign,Amateur Intermediate Radio Licence,Available
2,0,NYS,20NYS,Call Sign,Amateur Intermediate Radio Licence,Available
2,0,NYT,20NYT,Call Sign,Amateur Intermediate Radio Licence,Available
2,0,NYU,20NYU,Call Sign,Amateur Intermediate Radio Licence,Available
2,0,NYV,20NYV,Call Sign,Amateur Intermediate Radio Licence,Available
2,0,NYW,20NYW,Call Sign,Amateur Intermediate Radio Licence,Available
2,0,NYY,20NYY,Call Sign,Amateur Intermediate Radio Licence,Available
2,0,NYZ,20NYZ,Call Sign,Amateur Intermediate Radio Licence,Available
2,0,NZA,20NZA,Call Sign,Amateur Intermediate Radio Licence,Available
2,0,NZB,20NZB,Call Sign,Amateur Intermediate Radio Licence,Available
2,0,NZC,20NZC,Call Sign,Amateur Intermediate Radio Licence,Available
2,0,NZE,20NZE,Call Sign,Amateur Intermediate Radio Licence,Available
2,0,NZF,20NZF,Call Sign,Amateur Intermediate Radio Licence,Available
2,0,NZG,20NZG,Call Sign,Amateur Intermediate Radio Licence,Available
2,0,NZH,20NZH,Call Sign,Amateur Intermediate Radio Licence,Available
2,0,NZI,20NZI,Call Sign,Amateur Intermediate Radio Licence,Available
2,0,NZJ,20NZJ,Call Sign,Amateur Intermediate Radio Licence,Available
2,0,NZK,20NZK,Call Sign,Amateur Intermediate Radio Licence,Available
2,0,NZM,20NZM,Call Sign,Amateur Intermediate Radio Licence,Available
2,0,NZN,20NZN,Call Sign,Amateur Intermediate Radio Licence,Available
2,0,NZO,20NZO,Call Sign,Amateur Intermediate Radio Licence,Available
2,0,NZP,20NZP,Call Sign,Amateur Intermediate Radio Licence,Available
2,0,NZQ,20NZQ,Call Sign,Amateur Intermediate Radio Licence,Available
2,0,NZR,20NZR,Call Sign,Amateur Intermediate Radio Licence,Available
2,0,NZS,20NZS,Call Sign,Amateur Intermediate Radio Licence,Available
2,0,NZT,20NZT,Call Sign,Amateur Intermediate Radio Licence,Available
2,0,NZU,20NZU,Call Sign,Amateur Intermediate Radio Licence,Available
2,0,NZV,20NZV,Call Sign,Amateur Intermediate Radio Licence,Available
2,0,NZW,20NZW,Call Sign,Amateur Intermediate Radio Licence,Available
2,0,NZX,20NZX,Call Sign,Amateur Intermediate Radio Licence,Available
2,0,NZY,20NZY,Call Sign,Amateur Intermediate Radio Licence,Available
2,0,NZZ,20NZZ,Call Sign,Amateur Intermediate Radio Licence,Available
2,0,OAJ,20OAJ,Call Sign,Amateur Intermediate Radio Licence,Available
2,0,OAM,20OAM,Call Sign,Amateur Intermediate Radio Licence,Available
2,0,OAQ,20OAQ,Call Sign,Amateur Intermediate Radio Licence,Available
2,0,OAR,20OAR,Call Sign,Amateur Intermediate Radio Licence,Available
2,0,OAS,20OAS,Call Sign,Amateur Intermediate Radio Licence,Available
2,0,OAU,20OAU,Call Sign,Amateur Intermediate Radio Licence,Available
2,0,OAW,20OAW,Call Sign,Amateur Intermediate Radio Licence,Available
2,0,OAX,20OAX,Call Sign,Amateur Intermediate Radio Licence,Available
2,0,OAY,20OAY,Call Sign,Amateur Intermediate Radio Licence,Available
2,0,OBA,20OBA,Call Sign,Amateur Intermediate Radio Licence,Available
2,0,OBD,20OBD,Call Sign,Amateur Intermediate Radio Licence,Available
2,0,OBF,20OBF,Call Sign,Amateur Intermediate Radio Licence,Available
2,0,OBG,20OBG,Call Sign,Amateur Intermediate Radio Licence,Available
2,0,OBH,20OBH,Call Sign,Amateur Intermediate Radio Licence,Available
2,0,OBK,20OBK,Call Sign,Amateur Intermediate Radio Licence,Available
2,0,OBM,20OBM,Call Sign,Amateur Intermediate Radio Licence,Available
2,0,OBN,20OBN,Call Sign,Amateur Intermediate Radio Licence,Available
2,0,OBO,20OBO,Call Sign,Amateur Intermediate Radio Licence,Available
2,0,OBP,20OBP,Call Sign,Amateur Intermediate Radio Licence,Available
2,0,OBQ,20OBQ,Call Sign,Amateur Intermediate Radio Licence,Available
2,0,OBR,20OBR,Call Sign,Amateur Intermediate Radio Licence,Available
2,0,OBT,20OBT,Call Sign,Amateur Intermediate Radio Licence,Available
2,0,OBU,20OBU,Call Sign,Amateur Intermediate Radio Licence,Available
2,0,OBV,20OBV,Call Sign,Amateur Intermediate Radio Licence,Available
2,0,OBW,20OBW,Call Sign,Amateur Intermediate Radio Licence,Available
2,0,OBX,20OBX,Call Sign,Amateur Intermediate Radio Licence,Available
2,0,OBY,20OBY,Call Sign,Amateur Intermediate Radio Licence,Available
2,0,OCA,20OCA,Call Sign,Amateur Intermediate Radio Licence,Available
2,0,OCF,20OCF,Call Sign,Amateur Intermediate Radio Licence,Available
2,0,OCI,20OCI,Call Sign,Amateur Intermediate Radio Licence,Available
2,0,OCJ,20OCJ,Call Sign,Amateur Intermediate Radio Licence,Available
2,0,OCN,20OCN,Call Sign,Amateur Intermediate Radio Licence,Available
2,0,OCO,20OCO,Call Sign,Amateur Intermediate Radio Licence,Available
2,0,OCP,20OCP,Call Sign,Amateur Intermediate Radio Licence,Available
2,0,OCQ,20OCQ,Call Sign,Amateur Intermediate Radio Licence,Available
2,0,OCR,20OCR,Call Sign,Amateur Intermediate Radio Licence,Available
2,0,OCS,20OCS,Call Sign,Amateur Intermediate Radio Licence,Available
2,0,OCT,2015-10-20,Call Sign,Amateur Intermediate Radio Licence,Available
2,0,OCU,20OCU,Call Sign,Amateur Intermediate Radio Licence,Available
2,0,OCV,20OCV,Call Sign,Amateur Intermediate Radio Licence,Available
2,0,OCW,20OCW,Call Sign,Amateur Intermediate Radio Licence,Available
2,0,OCX,20OCX,Call Sign,Amateur Intermediate Radio Licence,Available
2,0,OCY,20OCY,Call Sign,Amateur Intermediate Radio Licence,Available
2,0,OCZ,20OCZ,Call Sign,Amateur Intermediate Radio Licence,Available
2,0,ODA,20ODA,Call Sign,Amateur Intermediate Radio Licence,Available
2,0,ODB,20ODB,Call Sign,Amateur Intermediate Radio Licence,Available
2,0,ODC,20ODC,Call Sign,Amateur Intermediate Radio Licence,Available
2,0,ODD,20ODD,Call Sign,Amateur Intermediate Radio Licence,Available
2,0,ODE,20ODE,Call Sign,Amateur Intermediate Radio Licence,Available
2,0,ODG,20ODG,Call Sign,Amateur Intermediate Radio Licence,Available
2,0,ODH,20ODH,Call Sign,Amateur Intermediate Radio Licence,Available
2,0,ODJ,20ODJ,Call Sign,Amateur Intermediate Radio Licence,Available
2,0,ODK,20ODK,Call Sign,Amateur Intermediate Radio Licence,Available
2,0,ODM,20ODM,Call Sign,Amateur Intermediate Radio Licence,Available
2,0,ODN,20ODN,Call Sign,Amateur Intermediate Radio Licence,Available
2,0,ODP,20ODP,Call Sign,Amateur Intermediate Radio Licence,Available
2,0,ODQ,20ODQ,Call Sign,Amateur Intermediate Radio Licence,Available
2,0,ODR,20ODR,Call Sign,Amateur Intermediate Radio Licence,Available
2,0,ODS,20ODS,Call Sign,Amateur Intermediate Radio Licence,Available
2,0,ODU,20ODU,Call Sign,Amateur Intermediate Radio Licence,Available
2,0,ODV,20ODV,Call Sign,Amateur Intermediate Radio Licence,Available
2,0,ODW,20ODW,Call Sign,Amateur Intermediate Radio Licence,Available
2,0,ODZ,20ODZ,Call Sign,Amateur Intermediate Radio Licence,Available
2,0,OEA,20OEA,Call Sign,Amateur Intermediate Radio Licence,Available
2,0,OEB,20OEB,Call Sign,Amateur Intermediate Radio Licence,Available
2,0,OEC,20OEC,Call Sign,Amateur Intermediate Radio Licence,Available
2,0,OED,20OED,Call Sign,Amateur Intermediate Radio Licence,Available
2,0,OEF,20OEF,Call Sign,Amateur Intermediate Radio Licence,Available
2,0,OEG,20OEG,Call Sign,Amateur Intermediate Radio Licence,Available
2,0,OEH,20OEH,Call Sign,Amateur Intermediate Radio Licence,Available
2,0,OEI,20OEI,Call Sign,Amateur Intermediate Radio Licence,Available
2,0,OEJ,20OEJ,Call Sign,Amateur Intermediate Radio Licence,Available
2,0,OEK,20OEK,Call Sign,Amateur Intermediate Radio Licence,Available
2,0,OEL,20OEL,Call Sign,Amateur Intermediate Radio Licence,Available
2,0,OEN,20OEN,Call Sign,Amateur Intermediate Radio Licence,Available
2,0,OEO,20OEO,Call Sign,Amateur Intermediate Radio Licence,Available
2,0,OEP,20OEP,Call Sign,Amateur Intermediate Radio Licence,Available
2,0,OEQ,20OEQ,Call Sign,Amateur Intermediate Radio Licence,Available
2,0,OER,20OER,Call Sign,Amateur Intermediate Radio Licence,Available
2,0,OES,20OES,Call Sign,Amateur Intermediate Radio Licence,Available
2,0,OET,20OET,Call Sign,Amateur Intermediate Radio Licence,Available
2,0,OEU,20OEU,Call Sign,Amateur Intermediate Radio Licence,Available
2,0,OEW,20OEW,Call Sign,Amateur Intermediate Radio Licence,Available
2,0,OEX,20OEX,Call Sign,Amateur Intermediate Radio Licence,Available
2,0,OEY,20OEY,Call Sign,Amateur Intermediate Radio Licence,Available
2,0,OFA,20OFA,Call Sign,Amateur Intermediate Radio Licence,Available
2,0,OFB,20OFB,Call Sign,Amateur Intermediate Radio Licence,Available
2,0,OFD,20OFD,Call Sign,Amateur Intermediate Radio Licence,Available
2,0,OFE,20OFE,Call Sign,Amateur Intermediate Radio Licence,Available
2,0,OFG,20OFG,Call Sign,Amateur Intermediate Radio Licence,Available
2,0,OFH,20OFH,Call Sign,Amateur Intermediate Radio Licence,Available
2,0,OFI,20OFI,Call Sign,Amateur Intermediate Radio Licence,Available
2,0,OFJ,20OFJ,Call Sign,Amateur Intermediate Radio Licence,Available
2,0,OFL,20OFL,Call Sign,Amateur Intermediate Radio Licence,Available
2,0,OFO,20OFO,Call Sign,Amateur Intermediate Radio Licence,Available
2,0,OFP,20OFP,Call Sign,Amateur Intermediate Radio Licence,Available
2,0,OFQ,20OFQ,Call Sign,Amateur Intermediate Radio Licence,Available
2,0,OFS,20OFS,Call Sign,Amateur Intermediate Radio Licence,Available
2,0,OFT,20OFT,Call Sign,Amateur Intermediate Radio Licence,Available
2,0,OFU,20OFU,Call Sign,Amateur Intermediate Radio Licence,Available
2,0,OFV,20OFV,Call Sign,Amateur Intermediate Radio Licence,Available
2,0,OFW,20OFW,Call Sign,Amateur Intermediate Radio Licence,Available
2,0,OFY,20OFY,Call Sign,Amateur Intermediate Radio Licence,Available
2,0,OFZ,20OFZ,Call Sign,Amateur Intermediate Radio Licence,Available
2,0,OGA,20OGA,Call Sign,Amateur Intermediate Radio Licence,Available
2,0,OGB,20OGB,Call Sign,Amateur Intermediate Radio Licence,Available
2,0,OGD,20OGD,Call Sign,Amateur Intermediate Radio Licence,Available
2,0,OGE,20OGE,Call Sign,Amateur Intermediate Radio Licence,Available
2,0,OGF,20OGF,Call Sign,Amateur Intermediate Radio Licence,Available
2,0,OGG,20OGG,Call Sign,Amateur Intermediate Radio Licence,Available
2,0,OGH,20OGH,Call Sign,Amateur Intermediate Radio Licence,Available
2,0,OGI,20OGI,Call Sign,Amateur Intermediate Radio Licence,Available
2,0,OGJ,20OGJ,Call Sign,Amateur Intermediate Radio Licence,Available
2,0,OGK,20OGK,Call Sign,Amateur Intermediate Radio Licence,Available
2,0,OGL,20OGL,Call Sign,Amateur Intermediate Radio Licence,Available
2,0,OGM,20OGM,Call Sign,Amateur Intermediate Radio Licence,Available
2,0,OGN,20OGN,Call Sign,Amateur Intermediate Radio Licence,Available
2,0,OGO,20OGO,Call Sign,Amateur Intermediate Radio Licence,Available
2,0,OGQ,20OGQ,Call Sign,Amateur Intermediate Radio Licence,Available
2,0,OGR,20OGR,Call Sign,Amateur Intermediate Radio Licence,Available
2,0,OGS,20OGS,Call Sign,Amateur Intermediate Radio Licence,Available
2,0,OGT,20OGT,Call Sign,Amateur Intermediate Radio Licence,Available
2,0,OGU,20OGU,Call Sign,Amateur Intermediate Radio Licence,Available
2,0,OGV,20OGV,Call Sign,Amateur Intermediate Radio Licence,Available
2,0,OGW,20OGW,Call Sign,Amateur Intermediate Radio Licence,Available
2,0,OGX,20OGX,Call Sign,Amateur Intermediate Radio Licence,Available
2,0,OHA,20OHA,Call Sign,Amateur Intermediate Radio Licence,Available
2,0,OHB,20OHB,Call Sign,Amateur Intermediate Radio Licence,Available
2,0,OHC,20OHC,Call Sign,Amateur Intermediate Radio Licence,Available
2,0,OHD,20OHD,Call Sign,Amateur Intermediate Radio Licence,Available
2,0,OHF,20OHF,Call Sign,Amateur Intermediate Radio Licence,Available
2,0,OHG,20OHG,Call Sign,Amateur Intermediate Radio Licence,Available
2,0,OHH,20OHH,Call Sign,Amateur Intermediate Radio Licence,Available
2,0,OHI,20OHI,Call Sign,Amateur Intermediate Radio Licence,Available
2,0,OHJ,20OHJ,Call Sign,Amateur Intermediate Radio Licence,Available
2,0,OHK,20OHK,Call Sign,Amateur Intermediate Radio Licence,Available
2,0,OHL,20OHL,Call Sign,Amateur Intermediate Radio Licence,Available
2,0,OHN,20OHN,Call Sign,Amateur Intermediate Radio Licence,Available
2,0,OHO,20OHO,Call Sign,Amateur Intermediate Radio Licence,Available
2,0,OHP,20OHP,Call Sign,Amateur Intermediate Radio Licence,Available
2,0,OHQ,20OHQ,Call Sign,Amateur Intermediate Radio Licence,Available
2,0,OHR,20OHR,Call Sign,Amateur Intermediate Radio Licence,Available
2,0,OHT,20OHT,Call Sign,Amateur Intermediate Radio Licence,Available
2,0,OHU,20OHU,Call Sign,Amateur Intermediate Radio Licence,Available
2,0,OHV,20OHV,Call Sign,Amateur Intermediate Radio Licence,Available
2,0,OHW,20OHW,Call Sign,Amateur Intermediate Radio Licence,Available
2,0,OHX,20OHX,Call Sign,Amateur Intermediate Radio Licence,Available
2,0,OHY,20OHY,Call Sign,Amateur Intermediate Radio Licence,Available
2,0,OHZ,20OHZ,Call Sign,Amateur Intermediate Radio Licence,Available
2,0,OIA,20OIA,Call Sign,Amateur Intermediate Radio Licence,Available
2,0,OIB,20OIB,Call Sign,Amateur Intermediate Radio Licence,Available
2,0,OIE,20OIE,Call Sign,Amateur Intermediate Radio Licence,Available
2,0,OIF,20OIF,Call Sign,Amateur Intermediate Radio Licence,Available
2,0,OIG,20OIG,Call Sign,Amateur Intermediate Radio Licence,Available
2,0,OIH,20OIH,Call Sign,Amateur Intermediate Radio Licence,Available
2,0,OII,20OII,Call Sign,Amateur Intermediate Radio Licence,Available
2,0,OIJ,20OIJ,Call Sign,Amateur Intermediate Radio Licence,Available
2,0,OIK,20OIK,Call Sign,Amateur Intermediate Radio Licence,Available
2,0,OIO,20OIO,Call Sign,Amateur Intermediate Radio Licence,Available
2,0,OIP,20OIP,Call Sign,Amateur Intermediate Radio Licence,Available
2,0,OIQ,20OIQ,Call Sign,Amateur Intermediate Radio Licence,Available
2,0,OIR,20OIR,Call Sign,Amateur Intermediate Radio Licence,Available
2,0,OIS,20OIS,Call Sign,Amateur Intermediate Radio Licence,Available
2,0,OIT,20OIT,Call Sign,Amateur Intermediate Radio Licence,Available
2,0,OIU,20OIU,Call Sign,Amateur Intermediate Radio Licence,Available
2,0,OIV,20OIV,Call Sign,Amateur Intermediate Radio Licence,Available
2,0,OIW,20OIW,Call Sign,Amateur Intermediate Radio Licence,Available
2,0,OIX,20OIX,Call Sign,Amateur Intermediate Radio Licence,Available
2,0,OIY,20OIY,Call Sign,Amateur Intermediate Radio Licence,Available
2,0,OIZ,20OIZ,Call Sign,Amateur Intermediate Radio Licence,Available
2,0,OJD,20OJD,Call Sign,Amateur Intermediate Radio Licence,Available
2,0,OJF,20OJF,Call Sign,Amateur Intermediate Radio Licence,Available
2,0,OJG,20OJG,Call Sign,Amateur Intermediate Radio Licence,Available
2,0,OJH,20OJH,Call Sign,Amateur Intermediate Radio Licence,Available
2,0,OJI,20OJI,Call Sign,Amateur Intermediate Radio Licence,Available
2,0,OJJ,20OJJ,Call Sign,Amateur Intermediate Radio Licence,Available
2,0,OJL,20OJL,Call Sign,Amateur Intermediate Radio Licence,Available
2,0,OJM,20OJM,Call Sign,Amateur Intermediate Radio Licence,Available
2,0,OJN,20OJN,Call Sign,Amateur Intermediate Radio Licence,Available
2,0,OJO,20OJO,Call Sign,Amateur Intermediate Radio Licence,Available
2,0,OJP,20OJP,Call Sign,Amateur Intermediate Radio Licence,Available
2,0,OJQ,20OJQ,Call Sign,Amateur Intermediate Radio Licence,Available
2,0,OJR,20OJR,Call Sign,Amateur Intermediate Radio Licence,Available
2,0,OJT,20OJT,Call Sign,Amateur Intermediate Radio Licence,Available
2,0,OJU,20OJU,Call Sign,Amateur Intermediate Radio Licence,Available
2,0,OJV,20OJV,Call Sign,Amateur Intermediate Radio Licence,Available
2,0,OJW,20OJW,Call Sign,Amateur Intermediate Radio Licence,Available
2,0,OJX,20OJX,Call Sign,Amateur Intermediate Radio Licence,Available
2,0,OJY,20OJY,Call Sign,Amateur Intermediate Radio Licence,Available
2,0,OJZ,20OJZ,Call Sign,Amateur Intermediate Radio Licence,Available
2,0,OKA,20OKA,Call Sign,Amateur Intermediate Radio Licence,Available
2,0,OKB,20OKB,Call Sign,Amateur Intermediate Radio Licence,Available
2,0,OKD,20OKD,Call Sign,Amateur Intermediate Radio Licence,Available
2,0,OKF,20OKF,Call Sign,Amateur Intermediate Radio Licence,Available
2,0,OKG,20OKG,Call Sign,Amateur Intermediate Radio Licence,Available
2,0,OKH,20OKH,Call Sign,Amateur Intermediate Radio Licence,Available
2,0,OKI,20OKI,Call Sign,Amateur Intermediate Radio Licence,Available
2,0,OKJ,20OKJ,Call Sign,Amateur Intermediate Radio Licence,Available
2,0,OKL,20OKL,Call Sign,Amateur Intermediate Radio Licence,Available
2,0,OKM,20OKM,Call Sign,Amateur Intermediate Radio Licence,Available
2,0,OKN,20OKN,Call Sign,Amateur Intermediate Radio Licence,Available
2,0,OKO,20OKO,Call Sign,Amateur Intermediate Radio Licence,Available
2,0,OKQ,20OKQ,Call Sign,Amateur Intermediate Radio Licence,Available
2,0,OKR,20OKR,Call Sign,Amateur Intermediate Radio Licence,Available
2,0,OKT,20OKT,Call Sign,Amateur Intermediate Radio Licence,Available
2,0,OKU,20OKU,Call Sign,Amateur Intermediate Radio Licence,Available
2,0,OKV,20OKV,Call Sign,Amateur Intermediate Radio Licence,Available
2,0,OKW,20OKW,Call Sign,Amateur Intermediate Radio Licence,Available
2,0,OKX,20OKX,Call Sign,Amateur Intermediate Radio Licence,Available
2,0,OLA,20OLA,Call Sign,Amateur Intermediate Radio Licence,Available
2,0,OLC,20OLC,Call Sign,Amateur Intermediate Radio Licence,Available
2,0,OLF,20OLF,Call Sign,Amateur Intermediate Radio Licence,Available
2,0,OLG,20OLG,Call Sign,Amateur Intermediate Radio Licence,Available
2,0,OLH,20OLH,Call Sign,Amateur Intermediate Radio Licence,Available
2,0,OLJ,20OLJ,Call Sign,Amateur Intermediate Radio Licence,Available
2,0,OLM,20OLM,Call Sign,Amateur Intermediate Radio Licence,Available
2,0,OLN,20OLN,Call Sign,Amateur Intermediate Radio Licence,Available
2,0,OLP,20OLP,Call Sign,Amateur Intermediate Radio Licence,Available
2,0,OLQ,20OLQ,Call Sign,Amateur Intermediate Radio Licence,Available
2,0,OLR,20OLR,Call Sign,Amateur Intermediate Radio Licence,Available
2,0,OLS,20OLS,Call Sign,Amateur Intermediate Radio Licence,Available
2,0,OLU,20OLU,Call Sign,Amateur Intermediate Radio Licence,Available
2,0,OLV,20OLV,Call Sign,Amateur Intermediate Radio Licence,Available
2,0,OLW,20OLW,Call Sign,Amateur Intermediate Radio Licence,Available
2,0,OLZ,20OLZ,Call Sign,Amateur Intermediate Radio Licence,Available
2,0,OMB,20OMB,Call Sign,Amateur Intermediate Radio Licence,Available
2,0,OMC,20OMC,Call Sign,Amateur Intermediate Radio Licence,Available
2,0,OME,20OME,Call Sign,Amateur Intermediate Radio Licence,Available
2,0,OMF,20OMF,Call Sign,Amateur Intermediate Radio Licence,Available
2,0,OMH,20OMH,Call Sign,Amateur Intermediate Radio Licence,Available
2,0,OMJ,20OMJ,Call Sign,Amateur Intermediate Radio Licence,Available
2,0,OMK,20OMK,Call Sign,Amateur Intermediate Radio Licence,Available
2,0,OMM,20OMM,Call Sign,Amateur Intermediate Radio Licence,Available
2,0,OMN,20OMN,Call Sign,Amateur Intermediate Radio Licence,Available
2,0,OMO,20OMO,Call Sign,Amateur Intermediate Radio Licence,Available
2,0,OMP,20OMP,Call Sign,Amateur Intermediate Radio Licence,Available
2,0,OMQ,20OMQ,Call Sign,Amateur Intermediate Radio Licence,Available
2,0,OMR,20OMR,Call Sign,Amateur Intermediate Radio Licence,Available
2,0,OMU,20OMU,Call Sign,Amateur Intermediate Radio Licence,Available
2,0,OMW,20OMW,Call Sign,Amateur Intermediate Radio Licence,Available
2,0,OMX,20OMX,Call Sign,Amateur Intermediate Radio Licence,Available
2,0,OMY,20OMY,Call Sign,Amateur Intermediate Radio Licence,Available
2,0,ONA,20ONA,Call Sign,Amateur Intermediate Radio Licence,Available
2,0,ONB,20ONB,Call Sign,Amateur Intermediate Radio Licence,Available
2,0,ONC,20ONC,Call Sign,Amateur Intermediate Radio Licence,Available
2,0,OND,20OND,Call Sign,Amateur Intermediate Radio Licence,Available
2,0,ONF,20ONF,Call Sign,Amateur Intermediate Radio Licence,Available
2,0,ONG,20ONG,Call Sign,Amateur Intermediate Radio Licence,Available
2,0,ONH,20ONH,Call Sign,Amateur Intermediate Radio Licence,Available
2,0,ONI,20ONI,Call Sign,Amateur Intermediate Radio Licence,Available
2,0,ONJ,20ONJ,Call Sign,Amateur Intermediate Radio Licence,Available
2,0,ONK,20ONK,Call Sign,Amateur Intermediate Radio Licence,Available
2,0,ONL,20ONL,Call Sign,Amateur Intermediate Radio Licence,Available
2,0,ONM,20ONM,Call Sign,Amateur Intermediate Radio Licence,Available
2,0,ONN,20ONN,Call Sign,Amateur Intermediate Radio Licence,Available
2,0,ONP,20ONP,Call Sign,Amateur Intermediate Radio Licence,Available
2,0,ONR,20ONR,Call Sign,Amateur Intermediate Radio Licence,Available
2,0,ONT,20ONT,Call Sign,Amateur Intermediate Radio Licence,Available
2,0,ONU,20ONU,Call Sign,Amateur Intermediate Radio Licence,Available
2,0,ONX,20ONX,Call Sign,Amateur Intermediate Radio Licence,Available
2,0,ONY,20ONY,Call Sign,Amateur Intermediate Radio Licence,Available
2,0,ONZ,20ONZ,Call Sign,Amateur Intermediate Radio Licence,Available
2,0,OOA,20OOA,Call Sign,Amateur Intermediate Radio Licence,Available
2,0,OOE,20OOE,Call Sign,Amateur Intermediate Radio Licence,Available
2,0,OOF,20OOF,Call Sign,Amateur Intermediate Radio Licence,Available
2,0,OOH,20OOH,Call Sign,Amateur Intermediate Radio Licence,Available
2,0,OOI,20OOI,Call Sign,Amateur Intermediate Radio Licence,Available
2,0,OOJ,20OOJ,Call Sign,Amateur Intermediate Radio Licence,Available
2,0,OOL,20OOL,Call Sign,Amateur Intermediate Radio Licence,Available
2,0,OON,20OON,Call Sign,Amateur Intermediate Radio Licence,Available
2,0,OOQ,20OOQ,Call Sign,Amateur Intermediate Radio Licence,Available
2,0,OOR,20OOR,Call Sign,Amateur Intermediate Radio Licence,Available
2,0,OOS,20OOS,Call Sign,Amateur Intermediate Radio Licence,Available
2,0,OOU,20OOU,Call Sign,Amateur Intermediate Radio Licence,Available
2,0,OOV,20OOV,Call Sign,Amateur Intermediate Radio Licence,Available
2,0,OOW,20OOW,Call Sign,Amateur Intermediate Radio Licence,Available
2,0,OOX,20OOX,Call Sign,Amateur Intermediate Radio Licence,Available
2,0,OOY,20OOY,Call Sign,Amateur Intermediate Radio Licence,Available
2,0,OOZ,20OOZ,Call Sign,Amateur Intermediate Radio Licence,Available
2,0,OPD,20OPD,Call Sign,Amateur Intermediate Radio Licence,Available
2,0,OPE,20OPE,Call Sign,Amateur Intermediate Radio Licence,Available
2,0,OPF,20OPF,Call Sign,Amateur Intermediate Radio Licence,Available
2,0,OPG,20OPG,Call Sign,Amateur Intermediate Radio Licence,Available
2,0,OPH,20OPH,Call Sign,Amateur Intermediate Radio Licence,Available
2,0,OPI,20OPI,Call Sign,Amateur Intermediate Radio Licence,Available
2,0,OPJ,20OPJ,Call Sign,Amateur Intermediate Radio Licence,Available
2,0,OPK,20OPK,Call Sign,Amateur Intermediate Radio Licence,Available
2,0,OPL,20OPL,Call Sign,Amateur Intermediate Radio Licence,Available
2,0,OPN,20OPN,Call Sign,Amateur Intermediate Radio Licence,Available
2,0,OPP,20OPP,Call Sign,Amateur Intermediate Radio Licence,Available
2,0,OPQ,20OPQ,Call Sign,Amateur Intermediate Radio Licence,Available
2,0,OPT,20OPT,Call Sign,Amateur Intermediate Radio Licence,Available
2,0,OPV,20OPV,Call Sign,Amateur Intermediate Radio Licence,Available
2,0,OPW,20OPW,Call Sign,Amateur Intermediate Radio Licence,Available
2,0,OPZ,20OPZ,Call Sign,Amateur Intermediate Radio Licence,Available
2,0,OQA,20OQA,Call Sign,Amateur Intermediate Radio Licence,Available
2,0,OQB,20OQB,Call Sign,Amateur Intermediate Radio Licence,Available
2,0,OQC,20OQC,Call Sign,Amateur Intermediate Radio Licence,Available
2,0,OQD,20OQD,Call Sign,Amateur Intermediate Radio Licence,Available
2,0,OQE,20OQE,Call Sign,Amateur Intermediate Radio Licence,Available
2,0,OQF,20OQF,Call Sign,Amateur Intermediate Radio Licence,Available
2,0,OQG,20OQG,Call Sign,Amateur Intermediate Radio Licence,Available
2,0,OQI,20OQI,Call Sign,Amateur Intermediate Radio Licence,Available
2,0,OQJ,20OQJ,Call Sign,Amateur Intermediate Radio Licence,Available
2,0,OQK,20OQK,Call Sign,Amateur Intermediate Radio Licence,Available
2,0,OQL,20OQL,Call Sign,Amateur Intermediate Radio Licence,Available
2,0,OQM,20OQM,Call Sign,Amateur Intermediate Radio Licence,Available
2,0,OQO,20OQO,Call Sign,Amateur Intermediate Radio Licence,Available
2,0,OQP,20OQP,Call Sign,Amateur Intermediate Radio Licence,Available
2,0,OQQ,20OQQ,Call Sign,Amateur Intermediate Radio Licence,Available
2,0,OQR,20OQR,Call Sign,Amateur Intermediate Radio Licence,Available
2,0,OQS,20OQS,Call Sign,Amateur Intermediate Radio Licence,Available
2,0,OQT,20OQT,Call Sign,Amateur Intermediate Radio Licence,Available
2,0,OQU,20OQU,Call Sign,Amateur Intermediate Radio Licence,Available
2,0,OQV,20OQV,Call Sign,Amateur Intermediate Radio Licence,Available
2,0,OQW,20OQW,Call Sign,Amateur Intermediate Radio Licence,Available
2,0,OQX,20OQX,Call Sign,Amateur Intermediate Radio Licence,Available
2,0,OQY,20OQY,Call Sign,Amateur Intermediate Radio Licence,Available
2,0,ORA,20ORA,Call Sign,Amateur Intermediate Radio Licence,Available
2,0,ORD,20ORD,Call Sign,Amateur Intermediate Radio Licence,Available
2,0,ORE,20ORE,Call Sign,Amateur Intermediate Radio Licence,Available
2,0,ORF,20ORF,Call Sign,Amateur Intermediate Radio Licence,Available
2,0,ORG,20ORG,Call Sign,Amateur Intermediate Radio Licence,Available
2,0,ORH,20ORH,Call Sign,Amateur Intermediate Radio Licence,Available
2,0,ORJ,20ORJ,Call Sign,Amateur Intermediate Radio Licence,Available
2,0,ORL,20ORL,Call Sign,Amateur Intermediate Radio Licence,Available
2,0,ORM,20ORM,Call Sign,Amateur Intermediate Radio Licence,Available
2,0,ORO,20ORO,Call Sign,Amateur Intermediate Radio Licence,Available
2,0,ORQ,20ORQ,Call Sign,Amateur Intermediate Radio Licence,Available
2,0,ORS,20ORS,Call Sign,Amateur Intermediate Radio Licence,Available
2,0,ORV,20ORV,Call Sign,Amateur Intermediate Radio Licence,Available
2,0,ORW,20ORW,Call Sign,Amateur Intermediate Radio Licence,Available
2,0,ORX,20ORX,Call Sign,Amateur Intermediate Radio Licence,Available
2,0,ORY,20ORY,Call Sign,Amateur Intermediate Radio Licence,Available
2,0,ORZ,20ORZ,Call Sign,Amateur Intermediate Radio Licence,Available
2,0,OSA,20OSA,Call Sign,Amateur Intermediate Radio Licence,Available
2,0,OSB,20OSB,Call Sign,Amateur Intermediate Radio Licence,Available
2,0,OSD,20OSD,Call Sign,Amateur Intermediate Radio Licence,Available
2,0,OSF,20OSF,Call Sign,Amateur Intermediate Radio Licence,Available
2,0,OSI,20OSI,Call Sign,Amateur Intermediate Radio Licence,Available
2,0,OSJ,20OSJ,Call Sign,Amateur Intermediate Radio Licence,Available
2,0,OSM,20OSM,Call Sign,Amateur Intermediate Radio Licence,Available
2,0,OSN,20OSN,Call Sign,Amateur Intermediate Radio Licence,Available
2,0,OSP,20OSP,Call Sign,Amateur Intermediate Radio Licence,Available
2,0,OSQ,20OSQ,Call Sign,Amateur Intermediate Radio Licence,Available
2,0,OSR,20OSR,Call Sign,Amateur Intermediate Radio Licence,Available
2,0,OSS,20OSS,Call Sign,Amateur Intermediate Radio Licence,Available
2,0,OST,20OST,Call Sign,Amateur Intermediate Radio Licence,Available
2,0,OSU,20OSU,Call Sign,Amateur Intermediate Radio Licence,Available
2,0,OSV,20OSV,Call Sign,Amateur Intermediate Radio Licence,Available
2,0,OSW,20OSW,Call Sign,Amateur Intermediate Radio Licence,Available
2,0,OSZ,20OSZ,Call Sign,Amateur Intermediate Radio Licence,Available
2,0,OTA,20OTA,Call Sign,Amateur Intermediate Radio Licence,Available
2,0,OTD,20OTD,Call Sign,Amateur Intermediate Radio Licence,Available
2,0,OTG,20OTG,Call Sign,Amateur Intermediate Radio Licence,Available
2,0,OTH,20OTH,Call Sign,Amateur Intermediate Radio Licence,Available
2,0,OTJ,20OTJ,Call Sign,Amateur Intermediate Radio Licence,Available
2,0,OTM,20OTM,Call Sign,Amateur Intermediate Radio Licence,Available
2,0,OTN,20OTN,Call Sign,Amateur Intermediate Radio Licence,Available
2,0,OTP,20OTP,Call Sign,Amateur Intermediate Radio Licence,Available
2,0,OTQ,20OTQ,Call Sign,Amateur Intermediate Radio Licence,Available
2,0,OTR,20OTR,Call Sign,Amateur Intermediate Radio Licence,Available
2,0,OTS,20OTS,Call Sign,Amateur Intermediate Radio Licence,Available
2,0,OTU,20OTU,Call Sign,Amateur Intermediate Radio Licence,Available
2,0,OTV,20OTV,Call Sign,Amateur Intermediate Radio Licence,Available
2,0,OTX,20OTX,Call Sign,Amateur Intermediate Radio Licence,Available
2,0,OUA,20OUA,Call Sign,Amateur Intermediate Radio Licence,Available
2,0,OUB,20OUB,Call Sign,Amateur Intermediate Radio Licence,Available
2,0,OUD,20OUD,Call Sign,Amateur Intermediate Radio Licence,Available
2,0,OUE,20OUE,Call Sign,Amateur Intermediate Radio Licence,Available
2,0,OUF,20OUF,Call Sign,Amateur Intermediate Radio Licence,Available
2,0,OUG,20OUG,Call Sign,Amateur Intermediate Radio Licence,Available
2,0,OUH,20OUH,Call Sign,Amateur Intermediate Radio Licence,Available
2,0,OUI,20OUI,Call Sign,Amateur Intermediate Radio Licence,Available
2,0,OUJ,20OUJ,Call Sign,Amateur Intermediate Radio Licence,Available
2,0,OUL,20OUL,Call Sign,Amateur Intermediate Radio Licence,Available
2,0,OUM,20OUM,Call Sign,Amateur Intermediate Radio Licence,Available
2,0,OUO,20OUO,Call Sign,Amateur Intermediate Radio Licence,Available
2,0,OUP,20OUP,Call Sign,Amateur Intermediate Radio Licence,Available
2,0,OUQ,20OUQ,Call Sign,Amateur Intermediate Radio Licence,Available
2,0,OUR,20OUR,Call Sign,Amateur Intermediate Radio Licence,Available
2,0,OUS,20OUS,Call Sign,Amateur Intermediate Radio Licence,Available
2,0,OUU,20OUU,Call Sign,Amateur Intermediate Radio Licence,Available
2,0,OUV,20OUV,Call Sign,Amateur Intermediate Radio Licence,Available
2,0,OUW,20OUW,Call Sign,Amateur Intermediate Radio Licence,Available
2,0,OUX,20OUX,Call Sign,Amateur Intermediate Radio Licence,Available
2,0,OUY,20OUY,Call Sign,Amateur Intermediate Radio Licence,Available
2,0,OVC,20OVC,Call Sign,Amateur Intermediate Radio Licence,Available
2,0,OVG,20OVG,Call Sign,Amateur Intermediate Radio Licence,Available
2,0,OVH,20OVH,Call Sign,Amateur Intermediate Radio Licence,Available
2,0,OVJ,20OVJ,Call Sign,Amateur Intermediate Radio Licence,Available
2,0,OVK,20OVK,Call Sign,Amateur Intermediate Radio Licence,Available
2,0,OVM,20OVM,Call Sign,Amateur Intermediate Radio Licence,Available
2,0,OVN,20OVN,Call Sign,Amateur Intermediate Radio Licence,Available
2,0,OVO,20OVO,Call Sign,Amateur Intermediate Radio Licence,Available
2,0,OVP,20OVP,Call Sign,Amateur Intermediate Radio Licence,Available
2,0,OVQ,20OVQ,Call Sign,Amateur Intermediate Radio Licence,Available
2,0,OVS,20OVS,Call Sign,Amateur Intermediate Radio Licence,Available
2,0,OVU,20OVU,Call Sign,Amateur Intermediate Radio Licence,Available
2,0,OVW,20OVW,Call Sign,Amateur Intermediate Radio Licence,Available
2,0,OVX,20OVX,Call Sign,Amateur Intermediate Radio Licence,Available
2,0,OVY,20OVY,Call Sign,Amateur Intermediate Radio Licence,Available
2,0,OVZ,20OVZ,Call Sign,Amateur Intermediate Radio Licence,Available
2,0,OWA,20OWA,Call Sign,Amateur Intermediate Radio Licence,Available
2,0,OWB,20OWB,Call Sign,Amateur Intermediate Radio Licence,Available
2,0,OWC,20OWC,Call Sign,Amateur Intermediate Radio Licence,Available
2,0,OWD,20OWD,Call Sign,Amateur Intermediate Radio Licence,Available
2,0,OWE,20OWE,Call Sign,Amateur Intermediate Radio Licence,Available
2,0,OWF,20OWF,Call Sign,Amateur Intermediate Radio Licence,Available
2,0,OWG,20OWG,Call Sign,Amateur Intermediate Radio Licence,Available
2,0,OWI,20OWI,Call Sign,Amateur Intermediate Radio Licence,Available
2,0,OWJ,20OWJ,Call Sign,Amateur Intermediate Radio Licence,Available
2,0,OWK,20OWK,Call Sign,Amateur Intermediate Radio Licence,Available
2,0,OWM,20OWM,Call Sign,Amateur Intermediate Radio Licence,Available
2,0,OWN,20OWN,Call Sign,Amateur Intermediate Radio Licence,Available
2,0,OWP,20OWP,Call Sign,Amateur Intermediate Radio Licence,Available
2,0,OWQ,20OWQ,Call Sign,Amateur Intermediate Radio Licence,Available
2,0,OWR,20OWR,Call Sign,Amateur Intermediate Radio Licence,Available
2,0,OWS,20OWS,Call Sign,Amateur Intermediate Radio Licence,Available
2,0,OWT,20OWT,Call Sign,Amateur Intermediate Radio Licence,Available
2,0,OWU,20OWU,Call Sign,Amateur Intermediate Radio Licence,Available
2,0,OWV,20OWV,Call Sign,Amateur Intermediate Radio Licence,Available
2,0,OWW,20OWW,Call Sign,Amateur Intermediate Radio Licence,Available
2,0,OWY,20OWY,Call Sign,Amateur Intermediate Radio Licence,Available
2,0,OWZ,20OWZ,Call Sign,Amateur Intermediate Radio Licence,Available
2,0,OXA,20OXA,Call Sign,Amateur Intermediate Radio Licence,Available
2,0,OXB,20OXB,Call Sign,Amateur Intermediate Radio Licence,Available
2,0,OXC,20OXC,Call Sign,Amateur Intermediate Radio Licence,Available
2,0,OXD,20OXD,Call Sign,Amateur Intermediate Radio Licence,Available
2,0,OXE,20OXE,Call Sign,Amateur Intermediate Radio Licence,Available
2,0,OXG,20OXG,Call Sign,Amateur Intermediate Radio Licence,Available
2,0,OXH,20OXH,Call Sign,Amateur Intermediate Radio Licence,Available
2,0,OXJ,20OXJ,Call Sign,Amateur Intermediate Radio Licence,Available
2,0,OXK,20OXK,Call Sign,Amateur Intermediate Radio Licence,Available
2,0,OXL,20OXL,Call Sign,Amateur Intermediate Radio Licence,Available
2,0,OXM,20OXM,Call Sign,Amateur Intermediate Radio Licence,Available
2,0,OXN,20OXN,Call Sign,Amateur Intermediate Radio Licence,Available
2,0,OXP,20OXP,Call Sign,Amateur Intermediate Radio Licence,Available
2,0,OXR,20OXR,Call Sign,Amateur Intermediate Radio Licence,Available
2,0,OXS,20OXS,Call Sign,Amateur Intermediate Radio Licence,Available
2,0,OXT,20OXT,Call Sign,Amateur Intermediate Radio Licence,Available
2,0,OXU,20OXU,Call Sign,Amateur Intermediate Radio Licence,Available
2,0,OXV,20OXV,Call Sign,Amateur Intermediate Radio Licence,Available
2,0,OXW,20OXW,Call Sign,Amateur Intermediate Radio Licence,Available
2,0,OXY,20OXY,Call Sign,Amateur Intermediate Radio Licence,Available
2,0,OYA,20OYA,Call Sign,Amateur Intermediate Radio Licence,Available
2,0,OYB,20OYB,Call Sign,Amateur Intermediate Radio Licence,Available
2,0,OYC,20OYC,Call Sign,Amateur Intermediate Radio Licence,Available
2,0,OYD,20OYD,Call Sign,Amateur Intermediate Radio Licence,Available
2,0,OYE,20OYE,Call Sign,Amateur Intermediate Radio Licence,Available
2,0,OYF,20OYF,Call Sign,Amateur Intermediate Radio Licence,Available
2,0,OYH,20OYH,Call Sign,Amateur Intermediate Radio Licence,Available
2,0,OYI,20OYI,Call Sign,Amateur Intermediate Radio Licence,Available
2,0,OYJ,20OYJ,Call Sign,Amateur Intermediate Radio Licence,Available
2,0,OYK,20OYK,Call Sign,Amateur Intermediate Radio Licence,Available
2,0,OYL,20OYL,Call Sign,Amateur Intermediate Radio Licence,Available
2,0,OYM,20OYM,Call Sign,Amateur Intermediate Radio Licence,Available
2,0,OYO,20OYO,Call Sign,Amateur Intermediate Radio Licence,Available
2,0,OYP,20OYP,Call Sign,Amateur Intermediate Radio Licence,Available
2,0,OYQ,20OYQ,Call Sign,Amateur Intermediate Radio Licence,Available
2,0,OYR,20OYR,Call Sign,Amateur Intermediate Radio Licence,Available
2,0,OYS,20OYS,Call Sign,Amateur Intermediate Radio Licence,Available
2,0,OYT,20OYT,Call Sign,Amateur Intermediate Radio Licence,Available
2,0,OYU,20OYU,Call Sign,Amateur Intermediate Radio Licence,Available
2,0,OYV,20OYV,Call Sign,Amateur Intermediate Radio Licence,Available
2,0,OYW,20OYW,Call Sign,Amateur Intermediate Radio Licence,Available
2,0,OYX,20OYX,Call Sign,Amateur Intermediate Radio Licence,Available
2,0,OYY,20OYY,Call Sign,Amateur Intermediate Radio Licence,Available
2,0,OYZ,20OYZ,Call Sign,Amateur Intermediate Radio Licence,Available
2,0,OZA,20OZA,Call Sign,Amateur Intermediate Radio Licence,Available
2,0,OZB,20OZB,Call Sign,Amateur Intermediate Radio Licence,Available
2,0,OZC,20OZC,Call Sign,Amateur Intermediate Radio Licence,Available
2,0,OZF,20OZF,Call Sign,Amateur Intermediate Radio Licence,Available
2,0,OZG,20OZG,Call Sign,Amateur Intermediate Radio Licence,Available
2,0,OZK,20OZK,Call Sign,Amateur Intermediate Radio Licence,Available
2,0,OZL,20OZL,Call Sign,Amateur Intermediate Radio Licence,Available
2,0,OZM,20OZM,Call Sign,Amateur Intermediate Radio Licence,Available
2,0,OZN,20OZN,Call Sign,Amateur Intermediate Radio Licence,Available
2,0,OZO,20OZO,Call Sign,Amateur Intermediate Radio Licence,Available
2,0,OZP,20OZP,Call Sign,Amateur Intermediate Radio Licence,Available
2,0,OZR,20OZR,Call Sign,Amateur Intermediate Radio Licence,Available
2,0,OZS,20OZS,Call Sign,Amateur Intermediate Radio Licence,Available
2,0,OZT,20OZT,Call Sign,Amateur Intermediate Radio Licence,Available
2,0,OZU,20OZU,Call Sign,Amateur Intermediate Radio Licence,Available
2,0,OZX,20OZX,Call Sign,Amateur Intermediate Radio Licence,Available
2,0,PBV,20PBV,Call Sign,Amateur Intermediate Radio Licence,Available
2,0,PCE,20PCE,Call Sign,Amateur Intermediate Radio Licence,Available
2,0,PCP,20PCP,Call Sign,Amateur Intermediate Radio Licence,Available
2,0,PCU,20PCU,Call Sign,Amateur Intermediate Radio Licence,Available
2,0,PCW,20PCW,Call Sign,Amateur Intermediate Radio Licence,Available
2,0,PCX,20PCX,Call Sign,Amateur Intermediate Radio Licence,Available
2,0,PCY,20PCY,Call Sign,Amateur Intermediate Radio Licence,Available
2,0,PDB,20PDB,Call Sign,Amateur Intermediate Radio Licence,Available
2,0,PDD,20PDD,Call Sign,Amateur Intermediate Radio Licence,Available
2,0,PDJ,20PDJ,Call Sign,Amateur Intermediate Radio Licence,Available
2,0,PDK,20PDK,Call Sign,Amateur Intermediate Radio Licence,Available
2,0,PDN,20PDN,Call Sign,Amateur Intermediate Radio Licence,Available
2,0,PDV,20PDV,Call Sign,Amateur Intermediate Radio Licence,Available
2,0,PEG,20PEG,Call Sign,Amateur Intermediate Radio Licence,Available
2,0,PEI,20PEI,Call Sign,Amateur Intermediate Radio Licence,Available
2,0,PEJ,20PEJ,Call Sign,Amateur Intermediate Radio Licence,Available
2,0,PEQ,20PEQ,Call Sign,Amateur Intermediate Radio Licence,Available
2,0,PEU,20PEU,Call Sign,Amateur Intermediate Radio Licence,Available
2,0,PEV,20PEV,Call Sign,Amateur Intermediate Radio Licence,Available
2,0,PEX,20PEX,Call Sign,Amateur Intermediate Radio Licence,Available
2,0,PEY,20PEY,Call Sign,Amateur Intermediate Radio Licence,Available
2,0,PFE,20PFE,Call Sign,Amateur Intermediate Radio Licence,Available
2,0,PFF,20PFF,Call Sign,Amateur Intermediate Radio Licence,Available
2,0,PFI,20PFI,Call Sign,Amateur Intermediate Radio Licence,Available
2,0,PFJ,20PFJ,Call Sign,Amateur Intermediate Radio Licence,Available
2,0,PFK,20PFK,Call Sign,Amateur Intermediate Radio Licence,Available
2,0,PFN,20PFN,Call Sign,Amateur Intermediate Radio Licence,Available
2,0,PFO,20PFO,Call Sign,Amateur Intermediate Radio Licence,Available
2,0,PFP,20PFP,Call Sign,Amateur Intermediate Radio Licence,Available
2,0,PFQ,20PFQ,Call Sign,Amateur Intermediate Radio Licence,Available
2,0,PFS,20PFS,Call Sign,Amateur Intermediate Radio Licence,Available
2,0,PFT,20PFT,Call Sign,Amateur Intermediate Radio Licence,Available
2,0,PFU,20PFU,Call Sign,Amateur Intermediate Radio Licence,Available
2,0,PFV,20PFV,Call Sign,Amateur Intermediate Radio Licence,Available
2,0,PFY,20PFY,Call Sign,Amateur Intermediate Radio Licence,Available
2,0,PFZ,20PFZ,Call Sign,Amateur Intermediate Radio Licence,Available
2,0,PGC,20PGC,Call Sign,Amateur Intermediate Radio Licence,Available
2,0,PGD,20PGD,Call Sign,Amateur Intermediate Radio Licence,Available
2,0,PGE,20PGE,Call Sign,Amateur Intermediate Radio Licence,Available
2,0,PGF,20PGF,Call Sign,Amateur Intermediate Radio Licence,Available
2,0,PGJ,20PGJ,Call Sign,Amateur Intermediate Radio Licence,Available
2,0,PGK,20PGK,Call Sign,Amateur Intermediate Radio Licence,Available
2,0,PGN,20PGN,Call Sign,Amateur Intermediate Radio Licence,Available
2,0,PGO,20PGO,Call Sign,Amateur Intermediate Radio Licence,Available
2,0,PGQ,20PGQ,Call Sign,Amateur Intermediate Radio Licence,Available
2,0,PGU,20PGU,Call Sign,Amateur Intermediate Radio Licence,Available
2,0,PGV,20PGV,Call Sign,Amateur Intermediate Radio Licence,Available
2,0,PGX,20PGX,Call Sign,Amateur Intermediate Radio Licence,Available
2,0,PGY,20PGY,Call Sign,Amateur Intermediate Radio Licence,Available
2,0,PGZ,20PGZ,Call Sign,Amateur Intermediate Radio Licence,Available
2,0,PHA,20PHA,Call Sign,Amateur Intermediate Radio Licence,Available
2,0,PHC,20PHC,Call Sign,Amateur Intermediate Radio Licence,Available
2,0,PHE,20PHE,Call Sign,Amateur Intermediate Radio Licence,Available
2,0,PHF,20PHF,Call Sign,Amateur Intermediate Radio Licence,Available
2,0,PHG,20PHG,Call Sign,Amateur Intermediate Radio Licence,Available
2,0,PHK,20PHK,Call Sign,Amateur Intermediate Radio Licence,Available
2,0,PHN,20PHN,Call Sign,Amateur Intermediate Radio Licence,Available
2,0,PHO,20PHO,Call Sign,Amateur Intermediate Radio Licence,Available
2,0,PHQ,20PHQ,Call Sign,Amateur Intermediate Radio Licence,Available
2,0,PHR,20PHR,Call Sign,Amateur Intermediate Radio Licence,Available
2,0,PHT,20PHT,Call Sign,Amateur Intermediate Radio Licence,Available
2,0,PHV,20PHV,Call Sign,Amateur Intermediate Radio Licence,Available
2,0,PHX,20PHX,Call Sign,Amateur Intermediate Radio Licence,Available
2,0,PHZ,20PHZ,Call Sign,Amateur Intermediate Radio Licence,Available
2,0,PIB,20PIB,Call Sign,Amateur Intermediate Radio Licence,Available
2,0,PIF,20PIF,Call Sign,Amateur Intermediate Radio Licence,Available
2,0,PIH,20PIH,Call Sign,Amateur Intermediate Radio Licence,Available
2,0,PII,20PII,Call Sign,Amateur Intermediate Radio Licence,Available
2,0,PIJ,20PIJ,Call Sign,Amateur Intermediate Radio Licence,Available
2,0,PIQ,20PIQ,Call Sign,Amateur Intermediate Radio Licence,Available
2,0,PIR,20PIR,Call Sign,Amateur Intermediate Radio Licence,Available
2,0,PIT,20PIT,Call Sign,Amateur Intermediate Radio Licence,Available
2,0,PIU,20PIU,Call Sign,Amateur Intermediate Radio Licence,Available
2,0,PIX,20PIX,Call Sign,Amateur Intermediate Radio Licence,Available
2,0,PIY,20PIY,Call Sign,Amateur Intermediate Radio Licence,Available
2,0,PIZ,20PIZ,Call Sign,Amateur Intermediate Radio Licence,Available
2,0,PJC,20PJC,Call Sign,Amateur Intermediate Radio Licence,Available
2,0,PJF,20PJF,Call Sign,Amateur Intermediate Radio Licence,Available
2,0,PJG,20PJG,Call Sign,Amateur Intermediate Radio Licence,Available
2,0,PJI,20PJI,Call Sign,Amateur Intermediate Radio Licence,Available
2,0,PJL,20PJL,Call Sign,Amateur Intermediate Radio Licence,Available
2,0,PJQ,20PJQ,Call Sign,Amateur Intermediate Radio Licence,Available
2,0,PJU,20PJU,Call Sign,Amateur Intermediate Radio Licence,Available
2,0,PJV,20PJV,Call Sign,Amateur Intermediate Radio Licence,Available
2,0,PJX,20PJX,Call Sign,Amateur Intermediate Radio Licence,Available
2,0,PJZ,20PJZ,Call Sign,Amateur Intermediate Radio Licence,Available
2,0,PKC,20PKC,Call Sign,Amateur Intermediate Radio Licence,Available
2,0,PKD,20PKD,Call Sign,Amateur Intermediate Radio Licence,Available
2,0,PKF,20PKF,Call Sign,Amateur Intermediate Radio Licence,Available
2,0,PKH,20PKH,Call Sign,Amateur Intermediate Radio Licence,Available
2,0,PKJ,20PKJ,Call Sign,Amateur Intermediate Radio Licence,Available
2,0,PKM,20PKM,Call Sign,Amateur Intermediate Radio Licence,Available
2,0,PKN,20PKN,Call Sign,Amateur Intermediate Radio Licence,Available
2,0,PKO,20PKO,Call Sign,Amateur Intermediate Radio Licence,Available
2,0,PKQ,20PKQ,Call Sign,Amateur Intermediate Radio Licence,Available
2,0,PKS,20PKS,Call Sign,Amateur Intermediate Radio Licence,Available
2,0,PKV,20PKV,Call Sign,Amateur Intermediate Radio Licence,Available
2,0,PKW,20PKW,Call Sign,Amateur Intermediate Radio Licence,Available
2,0,PKX,20PKX,Call Sign,Amateur Intermediate Radio Licence,Available
2,0,PKZ,20PKZ,Call Sign,Amateur Intermediate Radio Licence,Available
2,0,PLB,20PLB,Call Sign,Amateur Intermediate Radio Licence,Available
2,0,PLI,20PLI,Call Sign,Amateur Intermediate Radio Licence,Available
2,0,PLJ,20PLJ,Call Sign,Amateur Intermediate Radio Licence,Available
2,0,PLO,20PLO,Call Sign,Amateur Intermediate Radio Licence,Available
2,0,PLP,20PLP,Call Sign,Amateur Intermediate Radio Licence,Available
2,0,PLQ,20PLQ,Call Sign,Amateur Intermediate Radio Licence,Available
2,0,PLU,20PLU,Call Sign,Amateur Intermediate Radio Licence,Available
2,0,PLZ,20PLZ,Call Sign,Amateur Intermediate Radio Licence,Available
2,0,PMF,20PMF,Call Sign,Amateur Intermediate Radio Licence,Available
2,0,PMI,20PMI,Call Sign,Amateur Intermediate Radio Licence,Available
2,0,PMJ,20PMJ,Call Sign,Amateur Intermediate Radio Licence,Available
2,0,PMK,20PMK,Call Sign,Amateur Intermediate Radio Licence,Available
2,0,PMN,20PMN,Call Sign,Amateur Intermediate Radio Licence,Available
2,0,PMO,20PMO,Call Sign,Amateur Intermediate Radio Licence,Available
2,0,PMQ,20PMQ,Call Sign,Amateur Intermediate Radio Licence,Available
2,0,PMU,20PMU,Call Sign,Amateur Intermediate Radio Licence,Available
2,0,PMY,20PMY,Call Sign,Amateur Intermediate Radio Licence,Available
2,0,PND,20PND,Call Sign,Amateur Intermediate Radio Licence,Available
2,0,PNE,20PNE,Call Sign,Amateur Intermediate Radio Licence,Available
2,0,PNF,20PNF,Call Sign,Amateur Intermediate Radio Licence,Available
2,0,PNH,20PNH,Call Sign,Amateur Intermediate Radio Licence,Available
2,0,PNI,20PNI,Call Sign,Amateur Intermediate Radio Licence,Available
2,0,PNJ,20PNJ,Call Sign,Amateur Intermediate Radio Licence,Available
2,0,PNL,20PNL,Call Sign,Amateur Intermediate Radio Licence,Available
2,0,PNM,20PNM,Call Sign,Amateur Intermediate Radio Licence,Available
2,0,PNO,20PNO,Call Sign,Amateur Intermediate Radio Licence,Available
2,0,PNQ,20PNQ,Call Sign,Amateur Intermediate Radio Licence,Available
2,0,PNS,20PNS,Call Sign,Amateur Intermediate Radio Licence,Available
2,0,PNU,20PNU,Call Sign,Amateur Intermediate Radio Licence,Available
2,0,PNV,20PNV,Call Sign,Amateur Intermediate Radio Licence,Available
2,0,PNW,20PNW,Call Sign,Amateur Intermediate Radio Licence,Available
2,0,PNY,20PNY,Call Sign,Amateur Intermediate Radio Licence,Available
2,0,PNZ,20PNZ,Call Sign,Amateur Intermediate Radio Licence,Available
2,0,POC,20POC,Call Sign,Amateur Intermediate Radio Licence,Available
2,0,POD,20POD,Call Sign,Amateur Intermediate Radio Licence,Available
2,0,POE,20POE,Call Sign,Amateur Intermediate Radio Licence,Available
2,0,POF,20POF,Call Sign,Amateur Intermediate Radio Licence,Available
2,0,POG,20POG,Call Sign,Amateur Intermediate Radio Licence,Available
2,0,POH,20POH,Call Sign,Amateur Intermediate Radio Licence,Available
2,0,POJ,20POJ,Call Sign,Amateur Intermediate Radio Licence,Available
2,0,POM,20POM,Call Sign,Amateur Intermediate Radio Licence,Available
2,0,POV,20POV,Call Sign,Amateur Intermediate Radio Licence,Available
2,0,PPB,20PPB,Call Sign,Amateur Intermediate Radio Licence,Available
2,0,PPE,20PPE,Call Sign,Amateur Intermediate Radio Licence,Available
2,0,PPF,20PPF,Call Sign,Amateur Intermediate Radio Licence,Available
2,0,PPI,20PPI,Call Sign,Amateur Intermediate Radio Licence,Available
2,0,PPM,20PPM,Call Sign,Amateur Intermediate Radio Licence,Available
2,0,PPO,20PPO,Call Sign,Amateur Intermediate Radio Licence,Available
2,0,PPQ,20PPQ,Call Sign,Amateur Intermediate Radio Licence,Available
2,0,PPT,20PPT,Call Sign,Amateur Intermediate Radio Licence,Available
2,0,PPU,20PPU,Call Sign,Amateur Intermediate Radio Licence,Available
2,0,PPV,20PPV,Call Sign,Amateur Intermediate Radio Licence,Available
2,0,PPX,20PPX,Call Sign,Amateur Intermediate Radio Licence,Available
2,0,PQA,20PQA,Call Sign,Amateur Intermediate Radio Licence,Available
2,0,PQB,20PQB,Call Sign,Amateur Intermediate Radio Licence,Available
2,0,PQC,20PQC,Call Sign,Amateur Intermediate Radio Licence,Available
2,0,PQD,20PQD,Call Sign,Amateur Intermediate Radio Licence,Available
2,0,PQE,20PQE,Call Sign,Amateur Intermediate Radio Licence,Available
2,0,PQF,20PQF,Call Sign,Amateur Intermediate Radio Licence,Available
2,0,PQG,20PQG,Call Sign,Amateur Intermediate Radio Licence,Available
2,0,PQH,20PQH,Call Sign,Amateur Intermediate Radio Licence,Available
2,0,PQI,20PQI,Call Sign,Amateur Intermediate Radio Licence,Available
2,0,PQJ,20PQJ,Call Sign,Amateur Intermediate Radio Licence,Available
2,0,PQK,20PQK,Call Sign,Amateur Intermediate Radio Licence,Available
2,0,PQL,20PQL,Call Sign,Amateur Intermediate Radio Licence,Available
2,0,PQM,20PQM,Call Sign,Amateur Intermediate Radio Licence,Available
2,0,PQN,20PQN,Call Sign,Amateur Intermediate Radio Licence,Available
2,0,PQO,20PQO,Call Sign,Amateur Intermediate Radio Licence,Available
2,0,PQP,20PQP,Call Sign,Amateur Intermediate Radio Licence,Available
2,0,PQQ,20PQQ,Call Sign,Amateur Intermediate Radio Licence,Available
2,0,PQS,20PQS,Call Sign,Amateur Intermediate Radio Licence,Available
2,0,PQT,20PQT,Call Sign,Amateur Intermediate Radio Licence,Available
2,0,PQU,20PQU,Call Sign,Amateur Intermediate Radio Licence,Available
2,0,PQV,20PQV,Call Sign,Amateur Intermediate Radio Licence,Available
2,0,PQW,20PQW,Call Sign,Amateur Intermediate Radio Licence,Available
2,0,PQX,20PQX,Call Sign,Amateur Intermediate Radio Licence,Available
2,0,PQY,20PQY,Call Sign,Amateur Intermediate Radio Licence,Available
2,0,PQZ,20PQZ,Call Sign,Amateur Intermediate Radio Licence,Available
2,0,PRA,20PRA,Call Sign,Amateur Intermediate Radio Licence,Available
2,0,PRE,20PRE,Call Sign,Amateur Intermediate Radio Licence,Available
2,0,PRG,20PRG,Call Sign,Amateur Intermediate Radio Licence,Available
2,0,PRK,20PRK,Call Sign,Amateur Intermediate Radio Licence,Available
2,0,PRL,20PRL,Call Sign,Amateur Intermediate Radio Licence,Available
2,0,PRN,20PRN,Call Sign,Amateur Intermediate Radio Licence,Available
2,0,PRQ,20PRQ,Call Sign,Amateur Intermediate Radio Licence,Available
2,0,PRR,20PRR,Call Sign,Amateur Intermediate Radio Licence,Available
2,0,PRU,20PRU,Call Sign,Amateur Intermediate Radio Licence,Available
2,0,PRV,20PRV,Call Sign,Amateur Intermediate Radio Licence,Available
2,0,PRY,20PRY,Call Sign,Amateur Intermediate Radio Licence,Available
2,0,PRZ,20PRZ,Call Sign,Amateur Intermediate Radio Licence,Available
2,0,PSE,20PSE,Call Sign,Amateur Intermediate Radio Licence,Available
2,0,PSF,20PSF,Call Sign,Amateur Intermediate Radio Licence,Available
2,0,PSQ,20PSQ,Call Sign,Amateur Intermediate Radio Licence,Available
2,0,PSS,20PSS,Call Sign,Amateur Intermediate Radio Licence,Available
2,0,PSY,20PSY,Call Sign,Amateur Intermediate Radio Licence,Available
2,0,PTB,20PTB,Call Sign,Amateur Intermediate Radio Licence,Available
2,0,PTD,20PTD,Call Sign,Amateur Intermediate Radio Licence,Available
2,0,PTF,20PTF,Call Sign,Amateur Intermediate Radio Licence,Available
2,0,PTH,20PTH,Call Sign,Amateur Intermediate Radio Licence,Available
2,0,PTJ,20PTJ,Call Sign,Amateur Intermediate Radio Licence,Available
2,0,PTK,20PTK,Call Sign,Amateur Intermediate Radio Licence,Available
2,0,PTL,20PTL,Call Sign,Amateur Intermediate Radio Licence,Available
2,0,PTQ,20PTQ,Call Sign,Amateur Intermediate Radio Licence,Available
2,0,PTV,20PTV,Call Sign,Amateur Intermediate Radio Licence,Available
2,0,PTY,20PTY,Call Sign,Amateur Intermediate Radio Licence,Available
2,0,PTZ,20PTZ,Call Sign,Amateur Intermediate Radio Licence,Available
2,0,PUA,20PUA,Call Sign,Amateur Intermediate Radio Licence,Available
2,0,PUC,20PUC,Call Sign,Amateur Intermediate Radio Licence,Available
2,0,PUD,20PUD,Call Sign,Amateur Intermediate Radio Licence,Available
2,0,PUF,20PUF,Call Sign,Amateur Intermediate Radio Licence,Available
2,0,PUH,20PUH,Call Sign,Amateur Intermediate Radio Licence,Available
2,0,PUI,20PUI,Call Sign,Amateur Intermediate Radio Licence,Available
2,0,PUJ,20PUJ,Call Sign,Amateur Intermediate Radio Licence,Available
2,0,PUK,20PUK,Call Sign,Amateur Intermediate Radio Licence,Available
2,0,PUM,20PUM,Call Sign,Amateur Intermediate Radio Licence,Available
2,0,PUO,20PUO,Call Sign,Amateur Intermediate Radio Licence,Available
2,0,PUQ,20PUQ,Call Sign,Amateur Intermediate Radio Licence,Available
2,0,PUR,20PUR,Call Sign,Amateur Intermediate Radio Licence,Available
2,0,PUT,20PUT,Call Sign,Amateur Intermediate Radio Licence,Available
2,0,PUU,20PUU,Call Sign,Amateur Intermediate Radio Licence,Available
2,0,PUV,20PUV,Call Sign,Amateur Intermediate Radio Licence,Available
2,0,PUW,20PUW,Call Sign,Amateur Intermediate Radio Licence,Available
2,0,PUY,20PUY,Call Sign,Amateur Intermediate Radio Licence,Available
2,0,PUZ,20PUZ,Call Sign,Amateur Intermediate Radio Licence,Available
2,0,PVA,20PVA,Call Sign,Amateur Intermediate Radio Licence,Available
2,0,PVB,20PVB,Call Sign,Amateur Intermediate Radio Licence,Available
2,0,PVD,20PVD,Call Sign,Amateur Intermediate Radio Licence,Available
2,0,PVE,20PVE,Call Sign,Amateur Intermediate Radio Licence,Available
2,0,PVF,20PVF,Call Sign,Amateur Intermediate Radio Licence,Available
2,0,PVG,20PVG,Call Sign,Amateur Intermediate Radio Licence,Available
2,0,PVH,20PVH,Call Sign,Amateur Intermediate Radio Licence,Available
2,0,PVI,20PVI,Call Sign,Amateur Intermediate Radio Licence,Available
2,0,PVJ,20PVJ,Call Sign,Amateur Intermediate Radio Licence,Available
2,0,PVK,20PVK,Call Sign,Amateur Intermediate Radio Licence,Available
2,0,PVL,20PVL,Call Sign,Amateur Intermediate Radio Licence,Available
2,0,PVM,20PVM,Call Sign,Amateur Intermediate Radio Licence,Available
2,0,PVP,20PVP,Call Sign,Amateur Intermediate Radio Licence,Available
2,0,PVR,20PVR,Call Sign,Amateur Intermediate Radio Licence,Available
2,0,PVS,20PVS,Call Sign,Amateur Intermediate Radio Licence,Available
2,0,PVT,20PVT,Call Sign,Amateur Intermediate Radio Licence,Available
2,0,PVU,20PVU,Call Sign,Amateur Intermediate Radio Licence,Available
2,0,PVV,20PVV,Call Sign,Amateur Intermediate Radio Licence,Available
2,0,PVW,20PVW,Call Sign,Amateur Intermediate Radio Licence,Available
2,0,PVY,20PVY,Call Sign,Amateur Intermediate Radio Licence,Available
2,0,PVZ,20PVZ,Call Sign,Amateur Intermediate Radio Licence,Available
2,0,PWH,20PWH,Call Sign,Amateur Intermediate Radio Licence,Available
2,0,PWJ,20PWJ,Call Sign,Amateur Intermediate Radio Licence,Available
2,0,PWQ,20PWQ,Call Sign,Amateur Intermediate Radio Licence,Available
2,0,PWS,20PWS,Call Sign,Amateur Intermediate Radio Licence,Available
2,0,PWU,20PWU,Call Sign,Amateur Intermediate Radio Licence,Available
2,0,PWV,20PWV,Call Sign,Amateur Intermediate Radio Licence,Available
2,0,PWX,20PWX,Call Sign,Amateur Intermediate Radio Licence,Available
2,0,PWY,20PWY,Call Sign,Amateur Intermediate Radio Licence,Available
2,0,PWZ,20PWZ,Call Sign,Amateur Intermediate Radio Licence,Available
2,0,PXA,20PXA,Call Sign,Amateur Intermediate Radio Licence,Available
2,0,PXB,20PXB,Call Sign,Amateur Intermediate Radio Licence,Available
2,0,PXE,20PXE,Call Sign,Amateur Intermediate Radio Licence,Available
2,0,PXF,20PXF,Call Sign,Amateur Intermediate Radio Licence,Available
2,0,PXG,20PXG,Call Sign,Amateur Intermediate Radio Licence,Available
2,0,PXI,20PXI,Call Sign,Amateur Intermediate Radio Licence,Available
2,0,PXJ,20PXJ,Call Sign,Amateur Intermediate Radio Licence,Available
2,0,PXK,20PXK,Call Sign,Amateur Intermediate Radio Licence,Available
2,0,PXL,20PXL,Call Sign,Amateur Intermediate Radio Licence,Available
2,0,PXM,20PXM,Call Sign,Amateur Intermediate Radio Licence,Available
2,0,PXN,20PXN,Call Sign,Amateur Intermediate Radio Licence,Available
2,0,PXO,20PXO,Call Sign,Amateur Intermediate Radio Licence,Available
2,0,PXQ,20PXQ,Call Sign,Amateur Intermediate Radio Licence,Available
2,0,PXS,20PXS,Call Sign,Amateur Intermediate Radio Licence,Available
2,0,PXT,20PXT,Call Sign,Amateur Intermediate Radio Licence,Available
2,0,PXU,20PXU,Call Sign,Amateur Intermediate Radio Licence,Available
2,0,PXX,20PXX,Call Sign,Amateur Intermediate Radio Licence,Available
2,0,PYB,20PYB,Call Sign,Amateur Intermediate Radio Licence,Available
2,0,PYD,20PYD,Call Sign,Amateur Intermediate Radio Licence,Available
2,0,PYF,20PYF,Call Sign,Amateur Intermediate Radio Licence,Available
2,0,PYH,20PYH,Call Sign,Amateur Intermediate Radio Licence,Available
2,0,PYI,20PYI,Call Sign,Amateur Intermediate Radio Licence,Available
2,0,PYJ,20PYJ,Call Sign,Amateur Intermediate Radio Licence,Available
2,0,PYL,20PYL,Call Sign,Amateur Intermediate Radio Licence,Available
2,0,PYO,20PYO,Call Sign,Amateur Intermediate Radio Licence,Available
2,0,PYP,20PYP,Call Sign,Amateur Intermediate Radio Licence,Available
2,0,PYQ,20PYQ,Call Sign,Amateur Intermediate Radio Licence,Available
2,0,PYS,20PYS,Call Sign,Amateur Intermediate Radio Licence,Available
2,0,PYT,20PYT,Call Sign,Amateur Intermediate Radio Licence,Available
2,0,PYV,20PYV,Call Sign,Amateur Intermediate Radio Licence,Available
2,0,PYW,20PYW,Call Sign,Amateur Intermediate Radio Licence,Available
2,0,PYX,20PYX,Call Sign,Amateur Intermediate Radio Licence,Available
2,0,PYY,20PYY,Call Sign,Amateur Intermediate Radio Licence,Available
2,0,PYZ,20PYZ,Call Sign,Amateur Intermediate Radio Licence,Available
2,0,PZA,20PZA,Call Sign,Amateur Intermediate Radio Licence,Available
2,0,PZB,20PZB,Call Sign,Amateur Intermediate Radio Licence,Available
2,0,PZC,20PZC,Call Sign,Amateur Intermediate Radio Licence,Available
2,0,PZD,20PZD,Call Sign,Amateur Intermediate Radio Licence,Available
2,0,PZE,20PZE,Call Sign,Amateur Intermediate Radio Licence,Available
2,0,PZF,20PZF,Call Sign,Amateur Intermediate Radio Licence,Available
2,0,PZG,20PZG,Call Sign,Amateur Intermediate Radio Licence,Available
2,0,PZH,20PZH,Call Sign,Amateur Intermediate Radio Licence,Available
2,0,PZI,20PZI,Call Sign,Amateur Intermediate Radio Licence,Available
2,0,PZJ,20PZJ,Call Sign,Amateur Intermediate Radio Licence,Available
2,0,PZL,20PZL,Call Sign,Amateur Intermediate Radio Licence,Available
2,0,PZM,20PZM,Call Sign,Amateur Intermediate Radio Licence,Available
2,0,PZN,20PZN,Call Sign,Amateur Intermediate Radio Licence,Available
2,0,PZO,20PZO,Call Sign,Amateur Intermediate Radio Licence,Available
2,0,PZQ,20PZQ,Call Sign,Amateur Intermediate Radio Licence,Available
2,0,PZR,20PZR,Call Sign,Amateur Intermediate Radio Licence,Available
2,0,PZS,20PZS,Call Sign,Amateur Intermediate Radio Licence,Available
2,0,PZU,20PZU,Call Sign,Amateur Intermediate Radio Licence,Available
2,0,PZV,20PZV,Call Sign,Amateur Intermediate Radio Licence,Available
2,0,PZX,20PZX,Call Sign,Amateur Intermediate Radio Licence,Available
2,0,PZZ,20PZZ,Call Sign,Amateur Intermediate Radio Licence,Available
2,0,REI,20REI,Call Sign,Amateur Intermediate Radio Licence,Available
2,0,REN,20REN,Call Sign,Amateur Intermediate Radio Licence,Available
2,0,REQ,20REQ,Call Sign,Amateur Intermediate Radio Licence,Available
2,0,REU,20REU,Call Sign,Amateur Intermediate Radio Licence,Available
2,0,REZ,20REZ,Call Sign,Amateur Intermediate Radio Licence,Available
2,0,RFF,20RFF,Call Sign,Amateur Intermediate Radio Licence,Available
2,0,RFJ,20RFJ,Call Sign,Amateur Intermediate Radio Licence,Available
2,0,RFL,20RFL,Call Sign,Amateur Intermediate Radio Licence,Available
2,0,RFN,20RFN,Call Sign,Amateur Intermediate Radio Licence,Available
2,0,RFO,20RFO,Call Sign,Amateur Intermediate Radio Licence,Available
2,0,RFP,20RFP,Call Sign,Amateur Intermediate Radio Licence,Available
2,0,RFR,20RFR,Call Sign,Amateur Intermediate Radio Licence,Available
2,0,RFW,20RFW,Call Sign,Amateur Intermediate Radio Licence,Available
2,0,RFY,20RFY,Call Sign,Amateur Intermediate Radio Licence,Available
2,0,RGF,20RGF,Call Sign,Amateur Intermediate Radio Licence,Available
2,0,RGI,20RGI,Call Sign,Amateur Intermediate Radio Licence,Available
2,0,RGQ,20RGQ,Call Sign,Amateur Intermediate Radio Licence,Available
2,0,RGU,20RGU,Call Sign,Amateur Intermediate Radio Licence,Available
2,0,RGV,20RGV,Call Sign,Amateur Intermediate Radio Licence,Available
2,0,RGX,20RGX,Call Sign,Amateur Intermediate Radio Licence,Available
2,0,RGZ,20RGZ,Call Sign,Amateur Intermediate Radio Licence,Available
2,0,RHA,20RHA,Call Sign,Amateur Intermediate Radio Licence,Available
2,0,RHG,20RHG,Call Sign,Amateur Intermediate Radio Licence,Available
2,0,RHJ,20RHJ,Call Sign,Amateur Intermediate Radio Licence,Available
2,0,RHK,20RHK,Call Sign,Amateur Intermediate Radio Licence,Available
2,0,RHO,20RHO,Call Sign,Amateur Intermediate Radio Licence,Available
2,0,RHP,20RHP,Call Sign,Amateur Intermediate Radio Licence,Available
2,0,RHU,20RHU,Call Sign,Amateur Intermediate Radio Licence,Available
2,0,RHW,20RHW,Call Sign,Amateur Intermediate Radio Licence,Available
2,0,RHY,20RHY,Call Sign,Amateur Intermediate Radio Licence,Available
2,0,RIE,20RIE,Call Sign,Amateur Intermediate Radio Licence,Available
2,0,RIF,20RIF,Call Sign,Amateur Intermediate Radio Licence,Available
2,0,RII,20RII,Call Sign,Amateur Intermediate Radio Licence,Available
2,0,RIJ,20RIJ,Call Sign,Amateur Intermediate Radio Licence,Available
2,0,RIL,20RIL,Call Sign,Amateur Intermediate Radio Licence,Available
2,0,RIQ,20RIQ,Call Sign,Amateur Intermediate Radio Licence,Available
2,0,RIT,20RIT,Call Sign,Amateur Intermediate Radio Licence,Available
2,0,RIU,20RIU,Call Sign,Amateur Intermediate Radio Licence,Available
2,0,RIV,20RIV,Call Sign,Amateur Intermediate Radio Licence,Available
2,0,RIY,20RIY,Call Sign,Amateur Intermediate Radio Licence,Available
2,0,RJJ,20RJJ,Call Sign,Amateur Intermediate Radio Licence,Available
2,0,RJK,20RJK,Call Sign,Amateur Intermediate Radio Licence,Available
2,0,RJQ,20RJQ,Call Sign,Amateur Intermediate Radio Licence,Available
2,0,RJY,20RJY,Call Sign,Amateur Intermediate Radio Licence,Available
2,0,RKC,20RKC,Call Sign,Amateur Intermediate Radio Licence,Available
2,0,RKD,20RKD,Call Sign,Amateur Intermediate Radio Licence,Available
2,0,RKE,20RKE,Call Sign,Amateur Intermediate Radio Licence,Available
2,0,RKF,20RKF,Call Sign,Amateur Intermediate Radio Licence,Available
2,0,RKG,20RKG,Call Sign,Amateur Intermediate Radio Licence,Available
2,0,RKH,20RKH,Call Sign,Amateur Intermediate Radio Licence,Available
2,0,RKI,20RKI,Call Sign,Amateur Intermediate Radio Licence,Available
2,0,RKJ,20RKJ,Call Sign,Amateur Intermediate Radio Licence,Available
2,0,RKM,20RKM,Call Sign,Amateur Intermediate Radio Licence,Available
2,0,RKN,20RKN,Call Sign,Amateur Intermediate Radio Licence,Available
2,0,RKP,20RKP,Call Sign,Amateur Intermediate Radio Licence,Available
2,0,RKQ,20RKQ,Call Sign,Amateur Intermediate Radio Licence,Available
2,0,RKT,20RKT,Call Sign,Amateur Intermediate Radio Licence,Available
2,0,RKU,20RKU,Call Sign,Amateur Intermediate Radio Licence,Available
2,0,RKV,20RKV,Call Sign,Amateur Intermediate Radio Licence,Available
2,0,RKW,20RKW,Call Sign,Amateur Intermediate Radio Licence,Available
2,0,RKZ,20RKZ,Call Sign,Amateur Intermediate Radio Licence,Available
2,0,RLB,20RLB,Call Sign,Amateur Intermediate Radio Licence,Available
2,0,RLE,20RLE,Call Sign,Amateur Intermediate Radio Licence,Available
2,0,RLF,20RLF,Call Sign,Amateur Intermediate Radio Licence,Available
2,0,RLH,20RLH,Call Sign,Amateur Intermediate Radio Licence,Available
2,0,RLN,20RLN,Call Sign,Amateur Intermediate Radio Licence,Available
2,0,RLP,20RLP,Call Sign,Amateur Intermediate Radio Licence,Available
2,0,RLQ,20RLQ,Call Sign,Amateur Intermediate Radio Licence,Available
2,0,RLR,20RLR,Call Sign,Amateur Intermediate Radio Licence,Available
2,0,RLT,20RLT,Call Sign,Amateur Intermediate Radio Licence,Available
2,0,RLU,20RLU,Call Sign,Amateur Intermediate Radio Licence,Available
2,0,RLV,20RLV,Call Sign,Amateur Intermediate Radio Licence,Available
2,0,RLX,20RLX,Call Sign,Amateur Intermediate Radio Licence,Available
2,0,RLZ,20RLZ,Call Sign,Amateur Intermediate Radio Licence,Available
2,0,RME,20RME,Call Sign,Amateur Intermediate Radio Licence,Available
2,0,RMF,20RMF,Call Sign,Amateur Intermediate Radio Licence,Available
2,0,RMQ,20RMQ,Call Sign,Amateur Intermediate Radio Licence,Available
2,0,RMU,20RMU,Call Sign,Amateur Intermediate Radio Licence,Available
2,0,RMV,20RMV,Call Sign,Amateur Intermediate Radio Licence,Available
2,0,RMW,20RMW,Call Sign,Amateur Intermediate Radio Licence,Available
2,0,RMX,20RMX,Call Sign,Amateur Intermediate Radio Licence,Available
2,0,RMY,20RMY,Call Sign,Amateur Intermediate Radio Licence,Available
2,0,RNB,20RNB,Call Sign,Amateur Intermediate Radio Licence,Available
2,0,RNC,20RNC,Call Sign,Amateur Intermediate Radio Licence,Available
2,0,RNF,20RNF,Call Sign,Amateur Intermediate Radio Licence,Available
2,0,RNG,20RNG,Call Sign,Amateur Intermediate Radio Licence,Available
2,0,RNH,20RNH,Call Sign,Amateur Intermediate Radio Licence,Available
2,0,RNL,20RNL,Call Sign,Amateur Intermediate Radio Licence,Available
2,0,RNN,20RNN,Call Sign,Amateur Intermediate Radio Licence,Available
2,0,RNQ,20RNQ,Call Sign,Amateur Intermediate Radio Licence,Available
2,0,RNV,20RNV,Call Sign,Amateur Intermediate Radio Licence,Available
2,0,RNW,20RNW,Call Sign,Amateur Intermediate Radio Licence,Available
2,0,RNX,20RNX,Call Sign,Amateur Intermediate Radio Licence,Available
2,0,ROA,20ROA,Call Sign,Amateur Intermediate Radio Licence,Available
2,0,ROE,20ROE,Call Sign,Amateur Intermediate Radio Licence,Available
2,0,ROF,20ROF,Call Sign,Amateur Intermediate Radio Licence,Available
2,0,ROH,20ROH,Call Sign,Amateur Intermediate Radio Licence,Available
2,0,ROJ,20ROJ,Call Sign,Amateur Intermediate Radio Licence,Available
2,0,ROO,20ROO,Call Sign,Amateur Intermediate Radio Licence,Available
2,0,ROQ,20ROQ,Call Sign,Amateur Intermediate Radio Licence,Available
2,0,ROR,20ROR,Call Sign,Amateur Intermediate Radio Licence,Available
2,0,ROU,20ROU,Call Sign,Amateur Intermediate Radio Licence,Available
2,0,ROX,20ROX,Call Sign,Amateur Intermediate Radio Licence,Available
2,0,ROZ,20ROZ,Call Sign,Amateur Intermediate Radio Licence,Available
2,0,RPE,20RPE,Call Sign,Amateur Intermediate Radio Licence,Available
2,0,RPJ,20RPJ,Call Sign,Amateur Intermediate Radio Licence,Available
2,0,RPK,20RPK,Call Sign,Amateur Intermediate Radio Licence,Available
2,0,RPL,20RPL,Call Sign,Amateur Intermediate Radio Licence,Available
2,0,RPN,20RPN,Call Sign,Amateur Intermediate Radio Licence,Available
2,0,RPP,20RPP,Call Sign,Amateur Intermediate Radio Licence,Available
2,0,RPQ,20RPQ,Call Sign,Amateur Intermediate Radio Licence,Available
2,0,RPU,20RPU,Call Sign,Amateur Intermediate Radio Licence,Available
2,0,RPW,20RPW,Call Sign,Amateur Intermediate Radio Licence,Available
2,0,RPX,20RPX,Call Sign,Amateur Intermediate Radio Licence,Available
2,0,RPZ,20RPZ,Call Sign,Amateur Intermediate Radio Licence,Available
2,0,RQA,20RQA,Call Sign,Amateur Intermediate Radio Licence,Available
2,0,RQB,20RQB,Call Sign,Amateur Intermediate Radio Licence,Available
2,0,RQC,20RQC,Call Sign,Amateur Intermediate Radio Licence,Available
2,0,RQD,20RQD,Call Sign,Amateur Intermediate Radio Licence,Available
2,0,RQE,20RQE,Call Sign,Amateur Intermediate Radio Licence,Available
2,0,RQG,20RQG,Call Sign,Amateur Intermediate Radio Licence,Available
2,0,RQH,20RQH,Call Sign,Amateur Intermediate Radio Licence,Available
2,0,RQI,20RQI,Call Sign,Amateur Intermediate Radio Licence,Available
2,0,RQJ,20RQJ,Call Sign,Amateur Intermediate Radio Licence,Available
2,0,RQL,20RQL,Call Sign,Amateur Intermediate Radio Licence,Available
2,0,RQM,20RQM,Call Sign,Amateur Intermediate Radio Licence,Available
2,0,RQO,20RQO,Call Sign,Amateur Intermediate Radio Licence,Available
2,0,RQP,20RQP,Call Sign,Amateur Intermediate Radio Licence,Available
2,0,RQQ,20RQQ,Call Sign,Amateur Intermediate Radio Licence,Available
2,0,RQR,20RQR,Call Sign,Amateur Intermediate Radio Licence,Available
2,0,RQS,20RQS,Call Sign,Amateur Intermediate Radio Licence,Available
2,0,RQT,20RQT,Call Sign,Amateur Intermediate Radio Licence,Available
2,0,RQU,20RQU,Call Sign,Amateur Intermediate Radio Licence,Available
2,0,RQV,20RQV,Call Sign,Amateur Intermediate Radio Licence,Available
2,0,RQW,20RQW,Call Sign,Amateur Intermediate Radio Licence,Available
2,0,RQX,20RQX,Call Sign,Amateur Intermediate Radio Licence,Available
2,0,RQY,20RQY,Call Sign,Amateur Intermediate Radio Licence,Available
2,0,RQZ,20RQZ,Call Sign,Amateur Intermediate Radio Licence,Available
2,0,RRA,20RRA,Call Sign,Amateur Intermediate Radio Licence,Available
2,0,RRB,20RRB,Call Sign,Amateur Intermediate Radio Licence,Available
2,0,RRD,20RRD,Call Sign,Amateur Intermediate Radio Licence,Available
2,0,RRF,20RRF,Call Sign,Amateur Intermediate Radio Licence,Available
2,0,RRI,20RRI,Call Sign,Amateur Intermediate Radio Licence,Available
2,0,RRJ,20RRJ,Call Sign,Amateur Intermediate Radio Licence,Available
2,0,RRL,20RRL,Call Sign,Amateur Intermediate Radio Licence,Available
2,0,RRM,20RRM,Call Sign,Amateur Intermediate Radio Licence,Available
2,0,RRN,20RRN,Call Sign,Amateur Intermediate Radio Licence,Available
2,0,RRP,20RRP,Call Sign,Amateur Intermediate Radio Licence,Available
2,0,RRQ,20RRQ,Call Sign,Amateur Intermediate Radio Licence,Available
2,0,RRT,20RRT,Call Sign,Amateur Intermediate Radio Licence,Available
2,0,RRU,20RRU,Call Sign,Amateur Intermediate Radio Licence,Available
2,0,RRW,20RRW,Call Sign,Amateur Intermediate Radio Licence,Available
2,0,RRX,20RRX,Call Sign,Amateur Intermediate Radio Licence,Available
2,0,RRZ,20RRZ,Call Sign,Amateur Intermediate Radio Licence,Available
2,0,RSC,20RSC,Call Sign,Amateur Intermediate Radio Licence,Available
2,0,RSK,20RSK,Call Sign,Amateur Intermediate Radio Licence,Available
2,0,RSL,20RSL,Call Sign,Amateur Intermediate Radio Licence,Available
2,0,RSP,20RSP,Call Sign,Amateur Intermediate Radio Licence,Available
2,0,RSR,20RSR,Call Sign,Amateur Intermediate Radio Licence,Available
2,0,RSU,20RSU,Call Sign,Amateur Intermediate Radio Licence,Available
2,0,RSX,20RSX,Call Sign,Amateur Intermediate Radio Licence,Available
2,0,RSY,20RSY,Call Sign,Amateur Intermediate Radio Licence,Available
2,0,RSZ,20RSZ,Call Sign,Amateur Intermediate Radio Licence,Available
2,0,RTA,20RTA,Call Sign,Amateur Intermediate Radio Licence,Available
2,0,RTG,20RTG,Call Sign,Amateur Intermediate Radio Licence,Available
2,0,RTH,20RTH,Call Sign,Amateur Intermediate Radio Licence,Available
2,0,RTI,20RTI,Call Sign,Amateur Intermediate Radio Licence,Available
2,0,RTK,20RTK,Call Sign,Amateur Intermediate Radio Licence,Available
2,0,RTU,20RTU,Call Sign,Amateur Intermediate Radio Licence,Available
2,0,RTV,20RTV,Call Sign,Amateur Intermediate Radio Licence,Available
2,0,RTX,20RTX,Call Sign,Amateur Intermediate Radio Licence,Available
2,0,RUA,20RUA,Call Sign,Amateur Intermediate Radio Licence,Available
2,0,RUB,20RUB,Call Sign,Amateur Intermediate Radio Licence,Available
2,0,RUE,20RUE,Call Sign,Amateur Intermediate Radio Licence,Available
2,0,RUF,20RUF,Call Sign,Amateur Intermediate Radio Licence,Available
2,0,RUG,20RUG,Call Sign,Amateur Intermediate Radio Licence,Available
2,0,RUJ,20RUJ,Call Sign,Amateur Intermediate Radio Licence,Available
2,0,RUL,20RUL,Call Sign,Amateur Intermediate Radio Licence,Available
2,0,RUO,20RUO,Call Sign,Amateur Intermediate Radio Licence,Available
2,0,RUQ,20RUQ,Call Sign,Amateur Intermediate Radio Licence,Available
2,0,RUR,20RUR,Call Sign,Amateur Intermediate Radio Licence,Available
2,0,RUT,20RUT,Call Sign,Amateur Intermediate Radio Licence,Available
2,0,RUU,20RUU,Call Sign,Amateur Intermediate Radio Licence,Available
2,0,RUV,20RUV,Call Sign,Amateur Intermediate Radio Licence,Available
2,0,RUW,20RUW,Call Sign,Amateur Intermediate Radio Licence,Available
2,0,RUX,20RUX,Call Sign,Amateur Intermediate Radio Licence,Available
2,0,RUY,20RUY,Call Sign,Amateur Intermediate Radio Licence,Available
2,0,RVA,20RVA,Call Sign,Amateur Intermediate Radio Licence,Available
2,0,RVB,20RVB,Call Sign,Amateur Intermediate Radio Licence,Available
2,0,RVC,20RVC,Call Sign,Amateur Intermediate Radio Licence,Available
2,0,RVD,20RVD,Call Sign,Amateur Intermediate Radio Licence,Available
2,0,RVE,20RVE,Call Sign,Amateur Intermediate Radio Licence,Available
2,0,RVG,20RVG,Call Sign,Amateur Intermediate Radio Licence,Available
2,0,RVJ,20RVJ,Call Sign,Amateur Intermediate Radio Licence,Available
2,0,RVK,20RVK,Call Sign,Amateur Intermediate Radio Licence,Available
2,0,RVL,20RVL,Call Sign,Amateur Intermediate Radio Licence,Available
2,0,RVM,20RVM,Call Sign,Amateur Intermediate Radio Licence,Available
2,0,RVN,20RVN,Call Sign,Amateur Intermediate Radio Licence,Available
2,0,RVP,20RVP,Call Sign,Amateur Intermediate Radio Licence,Available
2,0,RVQ,20RVQ,Call Sign,Amateur Intermediate Radio Licence,Available
2,0,RVS,20RVS,Call Sign,Amateur Intermediate Radio Licence,Available
2,0,RVU,20RVU,Call Sign,Amateur Intermediate Radio Licence,Available
2,0,RVW,20RVW,Call Sign,Amateur Intermediate Radio Licence,Available
2,0,RVX,20RVX,Call Sign,Amateur Intermediate Radio Licence,Available
2,0,RVZ,20RVZ,Call Sign,Amateur Intermediate Radio Licence,Available
2,0,RWC,20RWC,Call Sign,Amateur Intermediate Radio Licence,Available
2,0,RWE,20RWE,Call Sign,Amateur Intermediate Radio Licence,Available
2,0,RWI,20RWI,Call Sign,Amateur Intermediate Radio Licence,Available
2,0,RWJ,20RWJ,Call Sign,Amateur Intermediate Radio Licence,Available
2,0,RWK,20RWK,Call Sign,Amateur Intermediate Radio Licence,Available
2,0,RWO,20RWO,Call Sign,Amateur Intermediate Radio Licence,Available
2,0,RWQ,20RWQ,Call Sign,Amateur Intermediate Radio Licence,Available
2,0,RWR,20RWR,Call Sign,Amateur Intermediate Radio Licence,Available
2,0,RWU,20RWU,Call Sign,Amateur Intermediate Radio Licence,Available
2,0,RWV,20RWV,Call Sign,Amateur Intermediate Radio Licence,Available
2,0,RWW,20RWW,Call Sign,Amateur Intermediate Radio Licence,Available
2,0,RWY,20RWY,Call Sign,Amateur Intermediate Radio Licence,Available
2,0,RWZ,20RWZ,Call Sign,Amateur Intermediate Radio Licence,Available
2,0,RXA,20RXA,Call Sign,Amateur Intermediate Radio Licence,Available
2,0,RXC,20RXC,Call Sign,Amateur Intermediate Radio Licence,Available
2,0,RXD,20RXD,Call Sign,Amateur Intermediate Radio Licence,Available
2,0,RXE,20RXE,Call Sign,Amateur Intermediate Radio Licence,Available
2,0,RXF,20RXF,Call Sign,Amateur Intermediate Radio Licence,Available
2,0,RXG,20RXG,Call Sign,Amateur Intermediate Radio Licence,Available
2,0,RXH,20RXH,Call Sign,Amateur Intermediate Radio Licence,Available
2,0,RXI,20RXI,Call Sign,Amateur Intermediate Radio Licence,Available
2,0,RXJ,20RXJ,Call Sign,Amateur Intermediate Radio Licence,Available
2,0,RXK,20RXK,Call Sign,Amateur Intermediate Radio Licence,Available
2,0,RXL,20RXL,Call Sign,Amateur Intermediate Radio Licence,Available
2,0,RXO,20RXO,Call Sign,Amateur Intermediate Radio Licence,Available
2,0,RXP,20RXP,Call Sign,Amateur Intermediate Radio Licence,Available
2,0,RXQ,20RXQ,Call Sign,Amateur Intermediate Radio Licence,Available
2,0,RXT,20RXT,Call Sign,Amateur Intermediate Radio Licence,Available
2,0,RXU,20RXU,Call Sign,Amateur Intermediate Radio Licence,Available
2,0,RXV,20RXV,Call Sign,Amateur Intermediate Radio Licence,Available
2,0,RYA,20RYA,Call Sign,Amateur Intermediate Radio Licence,Available
2,0,RYC,20RYC,Call Sign,Amateur Intermediate Radio Licence,Available
2,0,RYD,20RYD,Call Sign,Amateur Intermediate Radio Licence,Available
2,0,RYE,20RYE,Call Sign,Amateur Intermediate Radio Licence,Available
2,0,RYF,20RYF,Call Sign,Amateur Intermediate Radio Licence,Available
2,0,RYG,20RYG,Call Sign,Amateur Intermediate Radio Licence,Available
2,0,RYH,20RYH,Call Sign,Amateur Intermediate Radio Licence,Available
2,0,RYI,20RYI,Call Sign,Amateur Intermediate Radio Licence,Available
2,0,RYJ,20RYJ,Call Sign,Amateur Intermediate Radio Licence,Available
2,0,RYK,20RYK,Call Sign,Amateur Intermediate Radio Licence,Available
2,0,RYM,20RYM,Call Sign,Amateur Intermediate Radio Licence,Available
2,0,RYO,20RYO,Call Sign,Amateur Intermediate Radio Licence,Available
2,0,RYQ,20RYQ,Call Sign,Amateur Intermediate Radio Licence,Available
2,0,RYR,20RYR,Call Sign,Amateur Intermediate Radio Licence,Available
2,0,RYT,20RYT,Call Sign,Amateur Intermediate Radio Licence,Available
2,0,RYU,20RYU,Call Sign,Amateur Intermediate Radio Licence,Available
2,0,RYV,20RYV,Call Sign,Amateur Intermediate Radio Licence,Available
2,0,RYY,20RYY,Call Sign,Amateur Intermediate Radio Licence,Available
2,0,RZA,20RZA,Call Sign,Amateur Intermediate Radio Licence,Available
2,0,RZB,20RZB,Call Sign,Amateur Intermediate Radio Licence,Available
2,0,RZC,20RZC,Call Sign,Amateur Intermediate Radio Licence,Available
2,0,RZF,20RZF,Call Sign,Amateur Intermediate Radio Licence,Available
2,0,RZG,20RZG,Call Sign,Amateur Intermediate Radio Licence,Available
2,0,RZI,20RZI,Call Sign,Amateur Intermediate Radio Licence,Available
2,0,RZJ,20RZJ,Call Sign,Amateur Intermediate Radio Licence,Available
2,0,RZN,20RZN,Call Sign,Amateur Intermediate Radio Licence,Available
2,0,RZO,20RZO,Call Sign,Amateur Intermediate Radio Licence,Available
2,0,RZP,20RZP,Call Sign,Amateur Intermediate Radio Licence,Available
2,0,RZQ,20RZQ,Call Sign,Amateur Intermediate Radio Licence,Available
2,0,RZS,20RZS,Call Sign,Amateur Intermediate Radio Licence,Available
2,0,RZU,20RZU,Call Sign,Amateur Intermediate Radio Licence,Available
2,0,RZV,20RZV,Call Sign,Amateur Intermediate Radio Licence,Available
2,0,RZW,20RZW,Call Sign,Amateur Intermediate Radio Licence,Available
2,0,RZY,20RZY,Call Sign,Amateur Intermediate Radio Licence,Available
2,0,SEO,20SEO,Call Sign,Amateur Intermediate Radio Licence,Available
2,0,SEP,2015-09-20,Call Sign,Amateur Intermediate Radio Licence,Available
2,0,SER,20SER,Call Sign,Amateur Intermediate Radio Licence,Available
2,0,SES,20SES,Call Sign,Amateur Intermediate Radio Licence,Available
2,0,SET,20SET,Call Sign,Amateur Intermediate Radio Licence,Available
2,0,SEU,20SEU,Call Sign,Amateur Intermediate Radio Licence,Available
2,0,SEV,20SEV,Call Sign,Amateur Intermediate Radio Licence,Available
2,0,SFE,20SFE,Call Sign,Amateur Intermediate Radio Licence,Available
2,0,SFF,20SFF,Call Sign,Amateur Intermediate Radio Licence,Available
2,0,SFH,20SFH,Call Sign,Amateur Intermediate Radio Licence,Available
2,0,SFI,20SFI,Call Sign,Amateur Intermediate Radio Licence,Available
2,0,SFJ,20SFJ,Call Sign,Amateur Intermediate Radio Licence,Available
2,0,SFK,20SFK,Call Sign,Amateur Intermediate Radio Licence,Available
2,0,SFL,20SFL,Call Sign,Amateur Intermediate Radio Licence,Available
2,0,SFN,20SFN,Call Sign,Amateur Intermediate Radio Licence,Available
2,0,SFP,20SFP,Call Sign,Amateur Intermediate Radio Licence,Available
2,0,SFQ,20SFQ,Call Sign,Amateur Intermediate Radio Licence,Available
2,0,SFR,20SFR,Call Sign,Amateur Intermediate Radio Licence,Available
2,0,SFS,20SFS,Call Sign,Amateur Intermediate Radio Licence,Available
2,0,SFV,20SFV,Call Sign,Amateur Intermediate Radio Licence,Available
2,0,SFW,20SFW,Call Sign,Amateur Intermediate Radio Licence,Available
2,0,SFY,20SFY,Call Sign,Amateur Intermediate Radio Licence,Available
2,0,SFZ,20SFZ,Call Sign,Amateur Intermediate Radio Licence,Available
2,0,SGA,20SGA,Call Sign,Amateur Intermediate Radio Licence,Available
2,0,SGJ,20SGJ,Call Sign,Amateur Intermediate Radio Licence,Available
2,0,SGK,20SGK,Call Sign,Amateur Intermediate Radio Licence,Available
2,0,SGL,20SGL,Call Sign,Amateur Intermediate Radio Licence,Available
2,0,SGN,20SGN,Call Sign,Amateur Intermediate Radio Licence,Available
2,0,SGO,20SGO,Call Sign,Amateur Intermediate Radio Licence,Available
2,0,SGS,20SGS,Call Sign,Amateur Intermediate Radio Licence,Available
2,0,SGV,20SGV,Call Sign,Amateur Intermediate Radio Licence,Available
2,0,SGW,20SGW,Call Sign,Amateur Intermediate Radio Licence,Available
2,0,SHC,20SHC,Call Sign,Amateur Intermediate Radio Licence,Available
2,0,SHD,20SHD,Call Sign,Amateur Intermediate Radio Licence,Available
2,0,SHH,20SHH,Call Sign,Amateur Intermediate Radio Licence,Available
2,0,SHJ,20SHJ,Call Sign,Amateur Intermediate Radio Licence,Available
2,0,SHK,20SHK,Call Sign,Amateur Intermediate Radio Licence,Available
2,0,SHN,20SHN,Call Sign,Amateur Intermediate Radio Licence,Available
2,0,SHO,20SHO,Call Sign,Amateur Intermediate Radio Licence,Available
2,0,SHQ,20SHQ,Call Sign,Amateur Intermediate Radio Licence,Available
2,0,SHR,20SHR,Call Sign,Amateur Intermediate Radio Licence,Available
2,0,SHS,20SHS,Call Sign,Amateur Intermediate Radio Licence,Available
2,0,SHT,20SHT,Call Sign,Amateur Intermediate Radio Licence,Available
2,0,SHU,20SHU,Call Sign,Amateur Intermediate Radio Licence,Available
2,0,SHX,20SHX,Call Sign,Amateur Intermediate Radio Licence,Available
2,0,SHZ,20SHZ,Call Sign,Amateur Intermediate Radio Licence,Available
2,0,SIF,20SIF,Call Sign,Amateur Intermediate Radio Licence,Available
2,0,SIH,20SIH,Call Sign,Amateur Intermediate Radio Licence,Available
2,0,SII,20SII,Call Sign,Amateur Intermediate Radio Licence,Available
2,0,SIJ,20SIJ,Call Sign,Amateur Intermediate Radio Licence,Available
2,0,SIK,20SIK,Call Sign,Amateur Intermediate Radio Licence,Available
2,0,SIO,20SIO,Call Sign,Amateur Intermediate Radio Licence,Available
2,0,SIP,20SIP,Call Sign,Amateur Intermediate Radio Licence,Available
2,0,SIQ,20SIQ,Call Sign,Amateur Intermediate Radio Licence,Available
2,0,SIU,20SIU,Call Sign,Amateur Intermediate Radio Licence,Available
2,0,SIV,20SIV,Call Sign,Amateur Intermediate Radio Licence,Available
2,0,SIW,20SIW,Call Sign,Amateur Intermediate Radio Licence,Available
2,0,SIZ,20SIZ,Call Sign,Amateur Intermediate Radio Licence,Available
2,0,SJE,20SJE,Call Sign,Amateur Intermediate Radio Licence,Available
2,0,SJJ,20SJJ,Call Sign,Amateur Intermediate Radio Licence,Available
2,0,SJO,20SJO,Call Sign,Amateur Intermediate Radio Licence,Available
2,0,SJU,20SJU,Call Sign,Amateur Intermediate Radio Licence,Available
2,0,SJV,20SJV,Call Sign,Amateur Intermediate Radio Licence,Available
2,0,SJX,20SJX,Call Sign,Amateur Intermediate Radio Licence,Available
2,0,SJZ,20SJZ,Call Sign,Amateur Intermediate Radio Licence,Available
2,0,SKE,20SKE,Call Sign,Amateur Intermediate Radio Licence,Available
2,0,SKH,20SKH,Call Sign,Amateur Intermediate Radio Licence,Available
2,0,SKN,20SKN,Call Sign,Amateur Intermediate Radio Licence,Available
2,0,SKO,20SKO,Call Sign,Amateur Intermediate Radio Licence,Available
2,0,SKP,20SKP,Call Sign,Amateur Intermediate Radio Licence,Available
2,0,SKQ,20SKQ,Call Sign,Amateur Intermediate Radio Licence,Available
2,0,SKR,20SKR,Call Sign,Amateur Intermediate Radio Licence,Available
2,0,SKU,20SKU,Call Sign,Amateur Intermediate Radio Licence,Available
2,0,SKV,20SKV,Call Sign,Amateur Intermediate Radio Licence,Available
2,0,SLG,20SLG,Call Sign,Amateur Intermediate Radio Licence,Available
2,0,SLI,20SLI,Call Sign,Amateur Intermediate Radio Licence,Available
2,0,SLL,20SLL,Call Sign,Amateur Intermediate Radio Licence,Available
2,0,SLO,20SLO,Call Sign,Amateur Intermediate Radio Licence,Available
2,0,SLQ,20SLQ,Call Sign,Amateur Intermediate Radio Licence,Available
2,0,SLU,20SLU,Call Sign,Amateur Intermediate Radio Licence,Available
2,0,SLV,20SLV,Call Sign,Amateur Intermediate Radio Licence,Available
2,0,SLX,20SLX,Call Sign,Amateur Intermediate Radio Licence,Available
2,0,SLZ,20SLZ,Call Sign,Amateur Intermediate Radio Licence,Available
2,0,SMQ,20SMQ,Call Sign,Amateur Intermediate Radio Licence,Available
2,0,SMR,20SMR,Call Sign,Amateur Intermediate Radio Licence,Available
2,0,SMV,20SMV,Call Sign,Amateur Intermediate Radio Licence,Available
2,0,SNB,20SNB,Call Sign,Amateur Intermediate Radio Licence,Available
2,0,SNC,20SNC,Call Sign,Amateur Intermediate Radio Licence,Available
2,0,SNF,20SNF,Call Sign,Amateur Intermediate Radio Licence,Available
2,0,SNI,20SNI,Call Sign,Amateur Intermediate Radio Licence,Available
2,0,SNK,20SNK,Call Sign,Amateur Intermediate Radio Licence,Available
2,0,SNL,20SNL,Call Sign,Amateur Intermediate Radio Licence,Available
2,0,SNN,20SNN,Call Sign,Amateur Intermediate Radio Licence,Available
2,0,SNQ,20SNQ,Call Sign,Amateur Intermediate Radio Licence,Available
2,0,SNS,20SNS,Call Sign,Amateur Intermediate Radio Licence,Available
2,0,SNT,20SNT,Call Sign,Amateur Intermediate Radio Licence,Available
2,0,SNV,20SNV,Call Sign,Amateur Intermediate Radio Licence,Available
2,0,SNY,20SNY,Call Sign,Amateur Intermediate Radio Licence,Available
2,0,SNZ,20SNZ,Call Sign,Amateur Intermediate Radio Licence,Available
2,0,SOC,20SOC,Call Sign,Amateur Intermediate Radio Licence,Available
2,0,SOG,20SOG,Call Sign,Amateur Intermediate Radio Licence,Available
2,0,SOH,20SOH,Call Sign,Amateur Intermediate Radio Licence,Available
2,0,SOJ,20SOJ,Call Sign,Amateur Intermediate Radio Licence,Available
2,0,SOK,20SOK,Call Sign,Amateur Intermediate Radio Licence,Available
2,0,SOM,20SOM,Call Sign,Amateur Intermediate Radio Licence,Available
2,0,SOO,20SOO,Call Sign,Amateur Intermediate Radio Licence,Available
2,0,SOQ,20SOQ,Call Sign,Amateur Intermediate Radio Licence,Available
2,0,SOR,20SOR,Call Sign,Amateur Intermediate Radio Licence,Available
2,0,SOU,20SOU,Call Sign,Amateur Intermediate Radio Licence,Available
2,0,SOV,20SOV,Call Sign,Amateur Intermediate Radio Licence,Available
2,0,SOY,20SOY,Call Sign,Amateur Intermediate Radio Licence,Available
2,0,SPE,20SPE,Call Sign,Amateur Intermediate Radio Licence,Available
2,0,SPJ,20SPJ,Call Sign,Amateur Intermediate Radio Licence,Available
2,0,SPO,20SPO,Call Sign,Amateur Intermediate Radio Licence,Available
2,0,SPP,20SPP,Call Sign,Amateur Intermediate Radio Licence,Available
2,0,SPQ,20SPQ,Call Sign,Amateur Intermediate Radio Licence,Available
2,0,SPS,20SPS,Call Sign,Amateur Intermediate Radio Licence,Available
2,0,SPV,20SPV,Call Sign,Amateur Intermediate Radio Licence,Available
2,0,SQA,20SQA,Call Sign,Amateur Intermediate Radio Licence,Available
2,0,SQB,20SQB,Call Sign,Amateur Intermediate Radio Licence,Available
2,0,SQC,20SQC,Call Sign,Amateur Intermediate Radio Licence,Available
2,0,SQD,20SQD,Call Sign,Amateur Intermediate Radio Licence,Available
2,0,SQE,20SQE,Call Sign,Amateur Intermediate Radio Licence,Available
2,0,SQF,20SQF,Call Sign,Amateur Intermediate Radio Licence,Available
2,0,SQG,20SQG,Call Sign,Amateur Intermediate Radio Licence,Available
2,0,SQH,20SQH,Call Sign,Amateur Intermediate Radio Licence,Available
2,0,SQI,20SQI,Call Sign,Amateur Intermediate Radio Licence,Available
2,0,SQJ,20SQJ,Call Sign,Amateur Intermediate Radio Licence,Available
2,0,SQN,20SQN,Call Sign,Amateur Intermediate Radio Licence,Available
2,0,SQO,20SQO,Call Sign,Amateur Intermediate Radio Licence,Available
2,0,SQP,20SQP,Call Sign,Amateur Intermediate Radio Licence,Available
2,0,SQQ,20SQQ,Call Sign,Amateur Intermediate Radio Licence,Available
2,0,SQR,20SQR,Call Sign,Amateur Intermediate Radio Licence,Available
2,0,SQS,20SQS,Call Sign,Amateur Intermediate Radio Licence,Available
2,0,SQT,20SQT,Call Sign,Amateur Intermediate Radio Licence,Available
2,0,SQU,20SQU,Call Sign,Amateur Intermediate Radio Licence,Available
2,0,SQV,20SQV,Call Sign,Amateur Intermediate Radio Licence,Available
2,0,SQW,20SQW,Call Sign,Amateur Intermediate Radio Licence,Available
2,0,SQX,20SQX,Call Sign,Amateur Intermediate Radio Licence,Available
2,0,SQY,20SQY,Call Sign,Amateur Intermediate Radio Licence,Available
2,0,SQZ,20SQZ,Call Sign,Amateur Intermediate Radio Licence,Available
2,0,SRD,20SRD,Call Sign,Amateur Intermediate Radio Licence,Available
2,0,SRH,20SRH,Call Sign,Amateur Intermediate Radio Licence,Available
2,0,SRN,20SRN,Call Sign,Amateur Intermediate Radio Licence,Available
2,0,SRO,20SRO,Call Sign,Amateur Intermediate Radio Licence,Available
2,0,SRQ,20SRQ,Call Sign,Amateur Intermediate Radio Licence,Available
2,0,SRT,20SRT,Call Sign,Amateur Intermediate Radio Licence,Available
2,0,SRU,20SRU,Call Sign,Amateur Intermediate Radio Licence,Available
2,0,SRZ,20SRZ,Call Sign,Amateur Intermediate Radio Licence,Available
2,0,SSE,20SSE,Call Sign,Amateur Intermediate Radio Licence,Available
2,0,SSF,20SSF,Call Sign,Amateur Intermediate Radio Licence,Available
2,0,SSI,20SSI,Call Sign,Amateur Intermediate Radio Licence,Available
2,0,SSM,20SSM,Call Sign,Amateur Intermediate Radio Licence,Available
2,0,SSP,20SSP,Call Sign,Amateur Intermediate Radio Licence,Available
2,0,SSR,20SSR,Call Sign,Amateur Intermediate Radio Licence,Available
2,0,SSU,20SSU,Call Sign,Amateur Intermediate Radio Licence,Available
2,0,SSV,20SSV,Call Sign,Amateur Intermediate Radio Licence,Available
2,0,SSZ,20SSZ,Call Sign,Amateur Intermediate Radio Licence,Available
2,0,STD,20STD,Call Sign,Amateur Intermediate Radio Licence,Available
2,0,STH,20STH,Call Sign,Amateur Intermediate Radio Licence,Available
2,0,STK,20STK,Call Sign,Amateur Intermediate Radio Licence,Available
2,0,STO,20STO,Call Sign,Amateur Intermediate Radio Licence,Available
2,0,SUA,20SUA,Call Sign,Amateur Intermediate Radio Licence,Available
2,0,SUC,20SUC,Call Sign,Amateur Intermediate Radio Licence,Available
2,0,SUG,20SUG,Call Sign,Amateur Intermediate Radio Licence,Available
2,0,SUH,20SUH,Call Sign,Amateur Intermediate Radio Licence,Available
2,0,SUI,20SUI,Call Sign,Amateur Intermediate Radio Licence,Available
2,0,SUK,20SUK,Call Sign,Amateur Intermediate Radio Licence,Available
2,0,SUO,20SUO,Call Sign,Amateur Intermediate Radio Licence,Available
2,0,SUP,20SUP,Call Sign,Amateur Intermediate Radio Licence,Available
2,0,SUQ,20SUQ,Call Sign,Amateur Intermediate Radio Licence,Available
2,0,SUV,20SUV,Call Sign,Amateur Intermediate Radio Licence,Available
2,0,SUW,20SUW,Call Sign,Amateur Intermediate Radio Licence,Available
2,0,SUY,20SUY,Call Sign,Amateur Intermediate Radio Licence,Available
2,0,SVA,20SVA,Call Sign,Amateur Intermediate Radio Licence,Available
2,0,SVB,20SVB,Call Sign,Amateur Intermediate Radio Licence,Available
2,0,SVC,20SVC,Call Sign,Amateur Intermediate Radio Licence,Available
2,0,SVE,20SVE,Call Sign,Amateur Intermediate Radio Licence,Available
2,0,SVF,20SVF,Call Sign,Amateur Intermediate Radio Licence,Available
2,0,SVH,20SVH,Call Sign,Amateur Intermediate Radio Licence,Available
2,0,SVI,20SVI,Call Sign,Amateur Intermediate Radio Licence,Available
2,0,SVJ,20SVJ,Call Sign,Amateur Intermediate Radio Licence,Available
2,0,SVL,20SVL,Call Sign,Amateur Intermediate Radio Licence,Available
2,0,SVM,20SVM,Call Sign,Amateur Intermediate Radio Licence,Available
2,0,SVN,20SVN,Call Sign,Amateur Intermediate Radio Licence,Available
2,0,SVO,20SVO,Call Sign,Amateur Intermediate Radio Licence,Available
2,0,SVP,20SVP,Call Sign,Amateur Intermediate Radio Licence,Available
2,0,SVQ,20SVQ,Call Sign,Amateur Intermediate Radio Licence,Available
2,0,SVU,20SVU,Call Sign,Amateur Intermediate Radio Licence,Available
2,0,SVX,20SVX,Call Sign,Amateur Intermediate Radio Licence,Available
2,0,SWC,20SWC,Call Sign,Amateur Intermediate Radio Licence,Available
2,0,SWD,20SWD,Call Sign,Amateur Intermediate Radio Licence,Available
2,0,SWH,20SWH,Call Sign,Amateur Intermediate Radio Licence,Available
2,0,SWI,20SWI,Call Sign,Amateur Intermediate Radio Licence,Available
2,0,SWJ,20SWJ,Call Sign,Amateur Intermediate Radio Licence,Available
2,0,SWK,20SWK,Call Sign,Amateur Intermediate Radio Licence,Available
2,0,SWN,20SWN,Call Sign,Amateur Intermediate Radio Licence,Available
2,0,SWP,20SWP,Call Sign,Amateur Intermediate Radio Licence,Available
2,0,SWQ,20SWQ,Call Sign,Amateur Intermediate Radio Licence,Available
2,0,SWU,20SWU,Call Sign,Amateur Intermediate Radio Licence,Available
2,0,SWV,20SWV,Call Sign,Amateur Intermediate Radio Licence,Available
2,0,SWY,20SWY,Call Sign,Amateur Intermediate Radio Licence,Available
2,0,SXA,20SXA,Call Sign,Amateur Intermediate Radio Licence,Available
2,0,SXE,20SXE,Call Sign,Amateur Intermediate Radio Licence,Available
2,0,SXH,20SXH,Call Sign,Amateur Intermediate Radio Licence,Available
2,0,SXI,20SXI,Call Sign,Amateur Intermediate Radio Licence,Available
2,0,SXK,20SXK,Call Sign,Amateur Intermediate Radio Licence,Available
2,0,SXQ,20SXQ,Call Sign,Amateur Intermediate Radio Licence,Available
2,0,SXS,20SXS,Call Sign,Amateur Intermediate Radio Licence,Available
2,0,SXU,20SXU,Call Sign,Amateur Intermediate Radio Licence,Available
2,0,SXV,20SXV,Call Sign,Amateur Intermediate Radio Licence,Available
2,0,SXW,20SXW,Call Sign,Amateur Intermediate Radio Licence,Available
2,0,SXX,20SXX,Call Sign,Amateur Intermediate Radio Licence,Available
2,0,SXZ,20SXZ,Call Sign,Amateur Intermediate Radio Licence,Available
2,0,SYA,20SYA,Call Sign,Amateur Intermediate Radio Licence,Available
2,0,SYB,20SYB,Call Sign,Amateur Intermediate Radio Licence,Available
2,0,SYC,20SYC,Call Sign,Amateur Intermediate Radio Licence,Available
2,0,SYF,20SYF,Call Sign,Amateur Intermediate Radio Licence,Available
2,0,SYG,20SYG,Call Sign,Amateur Intermediate Radio Licence,Available
2,0,SYH,20SYH,Call Sign,Amateur Intermediate Radio Licence,Available
2,0,SYI,20SYI,Call Sign,Amateur Intermediate Radio Licence,Available
2,0,SYJ,20SYJ,Call Sign,Amateur Intermediate Radio Licence,Available
2,0,SYK,20SYK,Call Sign,Amateur Intermediate Radio Licence,Available
2,0,SYO,20SYO,Call Sign,Amateur Intermediate Radio Licence,Available
2,0,SYP,20SYP,Call Sign,Amateur Intermediate Radio Licence,Available
2,0,SYQ,20SYQ,Call Sign,Amateur Intermediate Radio Licence,Available
2,0,SYT,20SYT,Call Sign,Amateur Intermediate Radio Licence,Available
2,0,SYU,20SYU,Call Sign,Amateur Intermediate Radio Licence,Available
2,0,SYV,20SYV,Call Sign,Amateur Intermediate Radio Licence,Available
2,0,SYX,20SYX,Call Sign,Amateur Intermediate Radio Licence,Available
2,0,SYZ,20SYZ,Call Sign,Amateur Intermediate Radio Licence,Available
2,0,SZA,20SZA,Call Sign,Amateur Intermediate Radio Licence,Available
2,0,SZB,20SZB,Call Sign,Amateur Intermediate Radio Licence,Available
2,0,SZC,20SZC,Call Sign,Amateur Intermediate Radio Licence,Available
2,0,SZD,20SZD,Call Sign,Amateur Intermediate Radio Licence,Available
2,0,SZF,20SZF,Call Sign,Amateur Intermediate Radio Licence,Available
2,0,SZG,20SZG,Call Sign,Amateur Intermediate Radio Licence,Available
2,0,SZJ,20SZJ,Call Sign,Amateur Intermediate Radio Licence,Available
2,0,SZK,20SZK,Call Sign,Amateur Intermediate Radio Licence,Available
2,0,SZL,20SZL,Call Sign,Amateur Intermediate Radio Licence,Available
2,0,SZM,20SZM,Call Sign,Amateur Intermediate Radio Licence,Available
2,0,SZO,20SZO,Call Sign,Amateur Intermediate Radio Licence,Available
2,0,SZP,20SZP,Call Sign,Amateur Intermediate Radio Licence,Available
2,0,SZQ,20SZQ,Call Sign,Amateur Intermediate Radio Licence,Available
2,0,SZR,20SZR,Call Sign,Amateur Intermediate Radio Licence,Available
2,0,SZS,20SZS,Call Sign,Amateur Intermediate Radio Licence,Available
2,0,SZT,20SZT,Call Sign,Amateur Intermediate Radio Licence,Available
2,0,SZU,20SZU,Call Sign,Amateur Intermediate Radio Licence,Available
2,0,SZV,20SZV,Call Sign,Amateur Intermediate Radio Licence,Available
2,0,SZW,20SZW,Call Sign,Amateur Intermediate Radio Licence,Available
2,0,SZX,20SZX,Call Sign,Amateur Intermediate Radio Licence,Available
2,0,SZZ,20SZZ,Call Sign,Amateur Intermediate Radio Licence,Available
2,0,TDJ,20TDJ,Call Sign,Amateur Intermediate Radio Licence,Available
2,0,TDK,20TDK,Call Sign,Amateur Intermediate Radio Licence,Available
2,0,TDN,20TDN,Call Sign,Amateur Intermediate Radio Licence,Available
2,0,TDR,20TDR,Call Sign,Amateur Intermediate Radio Licence,Available
2,0,TDT,20TDT,Call Sign,Amateur Intermediate Radio Licence,Available
2,0,TDV,20TDV,Call Sign,Amateur Intermediate Radio Licence,Available
2,0,TDW,20TDW,Call Sign,Amateur Intermediate Radio Licence,Available
2,0,TEJ,20TEJ,Call Sign,Amateur Intermediate Radio Licence,Available
2,0,TEO,20TEO,Call Sign,Amateur Intermediate Radio Licence,Available
2,0,TEP,20TEP,Call Sign,Amateur Intermediate Radio Licence,Available
2,0,TER,20TER,Call Sign,Amateur Intermediate Radio Licence,Available
2,0,TES,20TES,Call Sign,Amateur Intermediate Radio Licence,Available
2,0,TEU,20TEU,Call Sign,Amateur Intermediate Radio Licence,Available
2,0,TEX,20TEX,Call Sign,Amateur Intermediate Radio Licence,Available
2,0,TFA,20TFA,Call Sign,Amateur Intermediate Radio Licence,Available
2,0,TFB,20TFB,Call Sign,Amateur Intermediate Radio Licence,Available
2,0,TFD,20TFD,Call Sign,Amateur Intermediate Radio Licence,Available
2,0,TFF,20TFF,Call Sign,Amateur Intermediate Radio Licence,Available
2,0,TFG,20TFG,Call Sign,Amateur Intermediate Radio Licence,Available
2,0,TFJ,20TFJ,Call Sign,Amateur Intermediate Radio Licence,Available
2,0,TFK,20TFK,Call Sign,Amateur Intermediate Radio Licence,Available
2,0,TFM,20TFM,Call Sign,Amateur Intermediate Radio Licence,Available
2,0,TFN,20TFN,Call Sign,Amateur Intermediate Radio Licence,Available
2,0,TFP,20TFP,Call Sign,Amateur Intermediate Radio Licence,Available
2,0,TFS,20TFS,Call Sign,Amateur Intermediate Radio Licence,Available
2,0,TFV,20TFV,Call Sign,Amateur Intermediate Radio Licence,Available
2,0,TFW,20TFW,Call Sign,Amateur Intermediate Radio Licence,Available
2,0,TFY,20TFY,Call Sign,Amateur Intermediate Radio Licence,Available
2,0,TGA,20TGA,Call Sign,Amateur Intermediate Radio Licence,Available
2,0,TGI,20TGI,Call Sign,Amateur Intermediate Radio Licence,Available
2,0,TGJ,20TGJ,Call Sign,Amateur Intermediate Radio Licence,Available
2,0,TGK,20TGK,Call Sign,Amateur Intermediate Radio Licence,Available
2,0,TGM,20TGM,Call Sign,Amateur Intermediate Radio Licence,Available
2,0,TGN,20TGN,Call Sign,Amateur Intermediate Radio Licence,Available
2,0,TGO,20TGO,Call Sign,Amateur Intermediate Radio Licence,Available
2,0,TGP,20TGP,Call Sign,Amateur Intermediate Radio Licence,Available
2,0,TGR,20TGR,Call Sign,Amateur Intermediate Radio Licence,Available
2,0,TGU,20TGU,Call Sign,Amateur Intermediate Radio Licence,Available
2,0,TGX,20TGX,Call Sign,Amateur Intermediate Radio Licence,Available
2,0,TGY,20TGY,Call Sign,Amateur Intermediate Radio Licence,Available
2,0,TGZ,20TGZ,Call Sign,Amateur Intermediate Radio Licence,Available
2,0,THA,20THA,Call Sign,Amateur Intermediate Radio Licence,Available
2,0,THD,20THD,Call Sign,Amateur Intermediate Radio Licence,Available
2,0,THE,20THE,Call Sign,Amateur Intermediate Radio Licence,Available
2,0,THF,20THF,Call Sign,Amateur Intermediate Radio Licence,Available
2,0,THG,20THG,Call Sign,Amateur Intermediate Radio Licence,Available
2,0,THH,20THH,Call Sign,Amateur Intermediate Radio Licence,Available
2,0,THI,20THI,Call Sign,Amateur Intermediate Radio Licence,Available
2,0,THJ,20THJ,Call Sign,Amateur Intermediate Radio Licence,Available
2,0,THK,20THK,Call Sign,Amateur Intermediate Radio Licence,Available
2,0,THN,20THN,Call Sign,Amateur Intermediate Radio Licence,Available
2,0,THP,20THP,Call Sign,Amateur Intermediate Radio Licence,Available
2,0,THQ,20THQ,Call Sign,Amateur Intermediate Radio Licence,Available
2,0,THR,20THR,Call Sign,Amateur Intermediate Radio Licence,Available
2,0,THU,20THU,Call Sign,Amateur Intermediate Radio Licence,Available
2,0,THV,20THV,Call Sign,Amateur Intermediate Radio Licence,Available
2,0,THX,20THX,Call Sign,Amateur Intermediate Radio Licence,Available
2,0,TIB,20TIB,Call Sign,Amateur Intermediate Radio Licence,Available
2,0,TIC,20TIC,Call Sign,Amateur Intermediate Radio Licence,Available
2,0,TIE,20TIE,Call Sign,Amateur Intermediate Radio Licence,Available
2,0,TIH,20TIH,Call Sign,Amateur Intermediate Radio Licence,Available
2,0,TII,20TII,Call Sign,Amateur Intermediate Radio Licence,Available
2,0,TIJ,20TIJ,Call Sign,Amateur Intermediate Radio Licence,Available
2,0,TIK,20TIK,Call Sign,Amateur Intermediate Radio Licence,Available
2,0,TIL,20TIL,Call Sign,Amateur Intermediate Radio Licence,Available
2,0,TIO,20TIO,Call Sign,Amateur Intermediate Radio Licence,Available
2,0,TIQ,20TIQ,Call Sign,Amateur Intermediate Radio Licence,Available
2,0,TIR,20TIR,Call Sign,Amateur Intermediate Radio Licence,Available
2,0,TIS,20TIS,Call Sign,Amateur Intermediate Radio Licence,Available
2,0,TIW,20TIW,Call Sign,Amateur Intermediate Radio Licence,Available
2,0,TIY,20TIY,Call Sign,Amateur Intermediate Radio Licence,Available
2,0,TIZ,20TIZ,Call Sign,Amateur Intermediate Radio Licence,Available
2,0,TJD,20TJD,Call Sign,Amateur Intermediate Radio Licence,Available
2,0,TJJ,20TJJ,Call Sign,Amateur Intermediate Radio Licence,Available
2,0,TJL,20TJL,Call Sign,Amateur Intermediate Radio Licence,Available
2,0,TJN,20TJN,Call Sign,Amateur Intermediate Radio Licence,Available
2,0,TJO,20TJO,Call Sign,Amateur Intermediate Radio Licence,Available
2,0,TJQ,20TJQ,Call Sign,Amateur Intermediate Radio Licence,Available
2,0,TJV,20TJV,Call Sign,Amateur Intermediate Radio Licence,Available
2,0,TJY,20TJY,Call Sign,Amateur Intermediate Radio Licence,Available
2,0,TJZ,20TJZ,Call Sign,Amateur Intermediate Radio Licence,Available
2,0,TKD,20TKD,Call Sign,Amateur Intermediate Radio Licence,Available
2,0,TKG,20TKG,Call Sign,Amateur Intermediate Radio Licence,Available
2,0,TKH,20TKH,Call Sign,Amateur Intermediate Radio Licence,Available
2,0,TKJ,20TKJ,Call Sign,Amateur Intermediate Radio Licence,Available
2,0,TKK,20TKK,Call Sign,Amateur Intermediate Radio Licence,Available
2,0,TKL,20TKL,Call Sign,Amateur Intermediate Radio Licence,Available
2,0,TKM,20TKM,Call Sign,Amateur Intermediate Radio Licence,Available
2,0,TKO,20TKO,Call Sign,Amateur Intermediate Radio Licence,Available
2,0,TKP,20TKP,Call Sign,Amateur Intermediate Radio Licence,Available
2,0,TKQ,20TKQ,Call Sign,Amateur Intermediate Radio Licence,Available
2,0,TKT,20TKT,Call Sign,Amateur Intermediate Radio Licence,Available
2,0,TKU,20TKU,Call Sign,Amateur Intermediate Radio Licence,Available
2,0,TLD,20TLD,Call Sign,Amateur Intermediate Radio Licence,Available
2,0,TLF,20TLF,Call Sign,Amateur Intermediate Radio Licence,Available
2,0,TLH,20TLH,Call Sign,Amateur Intermediate Radio Licence,Available
2,0,TLI,20TLI,Call Sign,Amateur Intermediate Radio Licence,Available
2,0,TLJ,20TLJ,Call Sign,Amateur Intermediate Radio Licence,Available
2,0,TLL,20TLL,Call Sign,Amateur Intermediate Radio Licence,Available
2,0,TLN,20TLN,Call Sign,Amateur Intermediate Radio Licence,Available
2,0,TLO,20TLO,Call Sign,Amateur Intermediate Radio Licence,Available
2,0,TLP,20TLP,Call Sign,Amateur Intermediate Radio Licence,Available
2,0,TLQ,20TLQ,Call Sign,Amateur Intermediate Radio Licence,Available
2,0,TLS,20TLS,Call Sign,Amateur Intermediate Radio Licence,Available
2,0,TLU,20TLU,Call Sign,Amateur Intermediate Radio Licence,Available
2,0,TLV,20TLV,Call Sign,Amateur Intermediate Radio Licence,Available
2,0,TLW,20TLW,Call Sign,Amateur Intermediate Radio Licence,Available
2,0,TLZ,20TLZ,Call Sign,Amateur Intermediate Radio Licence,Available
2,0,TMQ,20TMQ,Call Sign,Amateur Intermediate Radio Licence,Available
2,0,TMR,20TMR,Call Sign,Amateur Intermediate Radio Licence,Available
2,0,TMS,20TMS,Call Sign,Amateur Intermediate Radio Licence,Available
2,0,TMT,20TMT,Call Sign,Amateur Intermediate Radio Licence,Available
2,0,TMU,20TMU,Call Sign,Amateur Intermediate Radio Licence,Available
2,0,TND,20TND,Call Sign,Amateur Intermediate Radio Licence,Available
2,0,TNF,20TNF,Call Sign,Amateur Intermediate Radio Licence,Available
2,0,TNH,20TNH,Call Sign,Amateur Intermediate Radio Licence,Available
2,0,TNI,20TNI,Call Sign,Amateur Intermediate Radio Licence,Available
2,0,TNJ,20TNJ,Call Sign,Amateur Intermediate Radio Licence,Available
2,0,TNL,20TNL,Call Sign,Amateur Intermediate Radio Licence,Available
2,0,TNM,20TNM,Call Sign,Amateur Intermediate Radio Licence,Available
2,0,TNN,20TNN,Call Sign,Amateur Intermediate Radio Licence,Available
2,0,TNO,20TNO,Call Sign,Amateur Intermediate Radio Licence,Available
2,0,TNP,20TNP,Call Sign,Amateur Intermediate Radio Licence,Available
2,0,TNQ,20TNQ,Call Sign,Amateur Intermediate Radio Licence,Available
2,0,TNS,20TNS,Call Sign,Amateur Intermediate Radio Licence,Available
2,0,TNU,20TNU,Call Sign,Amateur Intermediate Radio Licence,Available
2,0,TNW,20TNW,Call Sign,Amateur Intermediate Radio Licence,Available
2,0,TNX,20TNX,Call Sign,Amateur Intermediate Radio Licence,Available
2,0,TNZ,20TNZ,Call Sign,Amateur Intermediate Radio Licence,Available
2,0,TOC,20TOC,Call Sign,Amateur Intermediate Radio Licence,Available
2,0,TOI,20TOI,Call Sign,Amateur Intermediate Radio Licence,Available
2,0,TOJ,20TOJ,Call Sign,Amateur Intermediate Radio Licence,Available
2,0,TOQ,20TOQ,Call Sign,Amateur Intermediate Radio Licence,Available
2,0,TOU,20TOU,Call Sign,Amateur Intermediate Radio Licence,Available
2,0,TOV,20TOV,Call Sign,Amateur Intermediate Radio Licence,Available
2,0,TOZ,20TOZ,Call Sign,Amateur Intermediate Radio Licence,Available
2,0,TPB,20TPB,Call Sign,Amateur Intermediate Radio Licence,Available
2,0,TPE,20TPE,Call Sign,Amateur Intermediate Radio Licence,Available
2,0,TPF,20TPF,Call Sign,Amateur Intermediate Radio Licence,Available
2,0,TPI,20TPI,Call Sign,Amateur Intermediate Radio Licence,Available
2,0,TPK,20TPK,Call Sign,Amateur Intermediate Radio Licence,Available
2,0,TPL,20TPL,Call Sign,Amateur Intermediate Radio Licence,Available
2,0,TPQ,20TPQ,Call Sign,Amateur Intermediate Radio Licence,Available
2,0,TPR,20TPR,Call Sign,Amateur Intermediate Radio Licence,Available
2,0,TPT,20TPT,Call Sign,Amateur Intermediate Radio Licence,Available
2,0,TPU,20TPU,Call Sign,Amateur Intermediate Radio Licence,Available
2,0,TPV,20TPV,Call Sign,Amateur Intermediate Radio Licence,Available
2,0,TPY,20TPY,Call Sign,Amateur Intermediate Radio Licence,Available
2,0,TQA,20TQA,Call Sign,Amateur Intermediate Radio Licence,Available
2,0,TQC,20TQC,Call Sign,Amateur Intermediate Radio Licence,Available
2,0,TQD,20TQD,Call Sign,Amateur Intermediate Radio Licence,Available
2,0,TQE,20TQE,Call Sign,Amateur Intermediate Radio Licence,Available
2,0,TQG,20TQG,Call Sign,Amateur Intermediate Radio Licence,Available
2,0,TQH,20TQH,Call Sign,Amateur Intermediate Radio Licence,Available
2,0,TQI,20TQI,Call Sign,Amateur Intermediate Radio Licence,Available
2,0,TQJ,20TQJ,Call Sign,Amateur Intermediate Radio Licence,Available
2,0,TQK,20TQK,Call Sign,Amateur Intermediate Radio Licence,Available
2,0,TQL,20TQL,Call Sign,Amateur Intermediate Radio Licence,Available
2,0,TQM,20TQM,Call Sign,Amateur Intermediate Radio Licence,Available
2,0,TQN,20TQN,Call Sign,Amateur Intermediate Radio Licence,Available
2,0,TQO,20TQO,Call Sign,Amateur Intermediate Radio Licence,Available
2,0,TQP,20TQP,Call Sign,Amateur Intermediate Radio Licence,Available
2,0,TQQ,20TQQ,Call Sign,Amateur Intermediate Radio Licence,Available
2,0,TQT,20TQT,Call Sign,Amateur Intermediate Radio Licence,Available
2,0,TQU,20TQU,Call Sign,Amateur Intermediate Radio Licence,Available
2,0,TQV,20TQV,Call Sign,Amateur Intermediate Radio Licence,Available
2,0,TQW,20TQW,Call Sign,Amateur Intermediate Radio Licence,Available
2,0,TQX,20TQX,Call Sign,Amateur Intermediate Radio Licence,Available
2,0,TQY,20TQY,Call Sign,Amateur Intermediate Radio Licence,Available
2,0,TQZ,20TQZ,Call Sign,Amateur Intermediate Radio Licence,Available
2,0,TRI,20TRI,Call Sign,Amateur Intermediate Radio Licence,Available
2,0,TRJ,20TRJ,Call Sign,Amateur Intermediate Radio Licence,Available
2,0,TRS,20TRS,Call Sign,Amateur Intermediate Radio Licence,Available
2,0,TRZ,20TRZ,Call Sign,Amateur Intermediate Radio Licence,Available
2,0,TSE,20TSE,Call Sign,Amateur Intermediate Radio Licence,Available
2,0,TSH,20TSH,Call Sign,Amateur Intermediate Radio Licence,Available
2,0,TSN,20TSN,Call Sign,Amateur Intermediate Radio Licence,Available
2,0,TSP,20TSP,Call Sign,Amateur Intermediate Radio Licence,Available
2,0,TSQ,20TSQ,Call Sign,Amateur Intermediate Radio Licence,Available
2,0,TSS,20TSS,Call Sign,Amateur Intermediate Radio Licence,Available
2,0,TSV,20TSV,Call Sign,Amateur Intermediate Radio Licence,Available
2,0,TSY,20TSY,Call Sign,Amateur Intermediate Radio Licence,Available
2,0,TSZ,20TSZ,Call Sign,Amateur Intermediate Radio Licence,Available
2,0,TTE,20TTE,Call Sign,Amateur Intermediate Radio Licence,Available
2,0,TTN,20TTN,Call Sign,Amateur Intermediate Radio Licence,Available
2,0,TTP,20TTP,Call Sign,Amateur Intermediate Radio Licence,Available
2,0,TTQ,20TTQ,Call Sign,Amateur Intermediate Radio Licence,Available
2,0,TTU,20TTU,Call Sign,Amateur Intermediate Radio Licence,Available
2,0,TTZ,20TTZ,Call Sign,Amateur Intermediate Radio Licence,Available
2,0,TUB,20TUB,Call Sign,Amateur Intermediate Radio Licence,Available
2,0,TUD,20TUD,Call Sign,Amateur Intermediate Radio Licence,Available
2,0,TUE,20TUE,Call Sign,Amateur Intermediate Radio Licence,Available
2,0,TUG,20TUG,Call Sign,Amateur Intermediate Radio Licence,Available
2,0,TUJ,20TUJ,Call Sign,Amateur Intermediate Radio Licence,Available
2,0,TUL,20TUL,Call Sign,Amateur Intermediate Radio Licence,Available
2,0,TUM,20TUM,Call Sign,Amateur Intermediate Radio Licence,Available
2,0,TUO,20TUO,Call Sign,Amateur Intermediate Radio Licence,Available
2,0,TUQ,20TUQ,Call Sign,Amateur Intermediate Radio Licence,Available
2,0,TUS,20TUS,Call Sign,Amateur Intermediate Radio Licence,Available
2,0,TUT,20TUT,Call Sign,Amateur Intermediate Radio Licence,Available
2,0,TUU,20TUU,Call Sign,Amateur Intermediate Radio Licence,Available
2,0,TUY,20TUY,Call Sign,Amateur Intermediate Radio Licence,Available
2,0,TUZ,20TUZ,Call Sign,Amateur Intermediate Radio Licence,Available
2,0,TVA,20TVA,Call Sign,Amateur Intermediate Radio Licence,Available
2,0,TVB,20TVB,Call Sign,Amateur Intermediate Radio Licence,Available
2,0,TVF,20TVF,Call Sign,Amateur Intermediate Radio Licence,Available
2,0,TVG,20TVG,Call Sign,Amateur Intermediate Radio Licence,Available
2,0,TVH,20TVH,Call Sign,Amateur Intermediate Radio Licence,Available
2,0,TVJ,20TVJ,Call Sign,Amateur Intermediate Radio Licence,Available
2,0,TVK,20TVK,Call Sign,Amateur Intermediate Radio Licence,Available
2,0,TVN,20TVN,Call Sign,Amateur Intermediate Radio Licence,Available
2,0,TVO,20TVO,Call Sign,Amateur Intermediate Radio Licence,Available
2,0,TVQ,20TVQ,Call Sign,Amateur Intermediate Radio Licence,Available
2,0,TVU,20TVU,Call Sign,Amateur Intermediate Radio Licence,Available
2,0,TVY,20TVY,Call Sign,Amateur Intermediate Radio Licence,Available
2,0,TWB,20TWB,Call Sign,Amateur Intermediate Radio Licence,Available
2,0,TWD,20TWD,Call Sign,Amateur Intermediate Radio Licence,Available
2,0,TWE,20TWE,Call Sign,Amateur Intermediate Radio Licence,Available
2,0,TWF,20TWF,Call Sign,Amateur Intermediate Radio Licence,Available
2,0,TWG,20TWG,Call Sign,Amateur Intermediate Radio Licence,Available
2,0,TWH,20TWH,Call Sign,Amateur Intermediate Radio Licence,Available
2,0,TWJ,20TWJ,Call Sign,Amateur Intermediate Radio Licence,Available
2,0,TWN,20TWN,Call Sign,Amateur Intermediate Radio Licence,Available
2,0,TWR,20TWR,Call Sign,Amateur Intermediate Radio Licence,Available
2,0,TWU,20TWU,Call Sign,Amateur Intermediate Radio Licence,Available
2,0,TWV,20TWV,Call Sign,Amateur Intermediate Radio Licence,Available
2,0,TWX,20TWX,Call Sign,Amateur Intermediate Radio Licence,Available
2,0,TWY,20TWY,Call Sign,Amateur Intermediate Radio Licence,Available
2,0,TXE,20TXE,Call Sign,Amateur Intermediate Radio Licence,Available
2,0,TXH,20TXH,Call Sign,Amateur Intermediate Radio Licence,Available
2,0,TXI,20TXI,Call Sign,Amateur Intermediate Radio Licence,Available
2,0,TXN,20TXN,Call Sign,Amateur Intermediate Radio Licence,Available
2,0,TXO,20TXO,Call Sign,Amateur Intermediate Radio Licence,Available
2,0,TXQ,20TXQ,Call Sign,Amateur Intermediate Radio Licence,Available
2,0,TXS,20TXS,Call Sign,Amateur Intermediate Radio Licence,Available
2,0,TXU,20TXU,Call Sign,Amateur Intermediate Radio Licence,Available
2,0,TXV,20TXV,Call Sign,Amateur Intermediate Radio Licence,Available
2,0,TXW,20TXW,Call Sign,Amateur Intermediate Radio Licence,Available
2,0,TXX,20TXX,Call Sign,Amateur Intermediate Radio Licence,Available
2,0,TXZ,20TXZ,Call Sign,Amateur Intermediate Radio Licence,Available
2,0,TYA,20TYA,Call Sign,Amateur Intermediate Radio Licence,Available
2,0,TYB,20TYB,Call Sign,Amateur Intermediate Radio Licence,Available
2,0,TYD,20TYD,Call Sign,Amateur Intermediate Radio Licence,Available
2,0,TYH,20TYH,Call Sign,Amateur Intermediate Radio Licence,Available
2,0,TYI,20TYI,Call Sign,Amateur Intermediate Radio Licence,Available
2,0,TYJ,20TYJ,Call Sign,Amateur Intermediate Radio Licence,Available
2,0,TYM,20TYM,Call Sign,Amateur Intermediate Radio Licence,Available
2,0,TYQ,20TYQ,Call Sign,Amateur Intermediate Radio Licence,Available
2,0,TYS,20TYS,Call Sign,Amateur Intermediate Radio Licence,Available
2,0,TYV,20TYV,Call Sign,Amateur Intermediate Radio Licence,Available
2,0,TYW,20TYW,Call Sign,Amateur Intermediate Radio Licence,Available
2,0,TYX,20TYX,Call Sign,Amateur Intermediate Radio Licence,Available
2,0,TYY,20TYY,Call Sign,Amateur Intermediate Radio Licence,Available
2,0,TYZ,20TYZ,Call Sign,Amateur Intermediate Radio Licence,Available
2,0,TZC,20TZC,Call Sign,Amateur Intermediate Radio Licence,Available
2,0,TZD,20TZD,Call Sign,Amateur Intermediate Radio Licence,Available
2,0,TZE,20TZE,Call Sign,Amateur Intermediate Radio Licence,Available
2,0,TZF,20TZF,Call Sign,Amateur Intermediate Radio Licence,Available
2,0,TZG,20TZG,Call Sign,Amateur Intermediate Radio Licence,Available
2,0,TZH,20TZH,Call Sign,Amateur Intermediate Radio Licence,Available
2,0,TZI,20TZI,Call Sign,Amateur Intermediate Radio Licence,Available
2,0,TZJ,20TZJ,Call Sign,Amateur Intermediate Radio Licence,Available
2,0,TZK,20TZK,Call Sign,Amateur Intermediate Radio Licence,Available
2,0,TZL,20TZL,Call Sign,Amateur Intermediate Radio Licence,Available
2,0,TZN,20TZN,Call Sign,Amateur Intermediate Radio Licence,Available
2,0,TZP,20TZP,Call Sign,Amateur Intermediate Radio Licence,Available
2,0,TZQ,20TZQ,Call Sign,Amateur Intermediate Radio Licence,Available
2,0,TZS,20TZS,Call Sign,Amateur Intermediate Radio Licence,Available
2,0,TZT,20TZT,Call Sign,Amateur Intermediate Radio Licence,Available
2,0,TZU,20TZU,Call Sign,Amateur Intermediate Radio Licence,Available
2,0,TZV,20TZV,Call Sign,Amateur Intermediate Radio Licence,Available
2,0,TZW,20TZW,Call Sign,Amateur Intermediate Radio Licence,Available
2,0,TZX,20TZX,Call Sign,Amateur Intermediate Radio Licence,Available
2,0,UAH,20UAH,Call Sign,Amateur Intermediate Radio Licence,Available
2,0,UAI,20UAI,Call Sign,Amateur Intermediate Radio Licence,Available
2,0,UAJ,20UAJ,Call Sign,Amateur Intermediate Radio Licence,Available
2,0,UAK,20UAK,Call Sign,Amateur Intermediate Radio Licence,Available
2,0,UAL,20UAL,Call Sign,Amateur Intermediate Radio Licence,Available
2,0,UAN,20UAN,Call Sign,Amateur Intermediate Radio Licence,Available
2,0,UAP,20UAP,Call Sign,Amateur Intermediate Radio Licence,Available
2,0,UAQ,20UAQ,Call Sign,Amateur Intermediate Radio Licence,Available
2,0,UAR,20UAR,Call Sign,Amateur Intermediate Radio Licence,Available
2,0,UAS,20UAS,Call Sign,Amateur Intermediate Radio Licence,Available
2,0,UAT,20UAT,Call Sign,Amateur Intermediate Radio Licence,Available
2,0,UAU,20UAU,Call Sign,Amateur Intermediate Radio Licence,Available
2,0,UAW,20UAW,Call Sign,Amateur Intermediate Radio Licence,Available
2,0,UAX,20UAX,Call Sign,Amateur Intermediate Radio Licence,Available
2,0,UAZ,20UAZ,Call Sign,Amateur Intermediate Radio Licence,Available
2,0,UBA,20UBA,Call Sign,Amateur Intermediate Radio Licence,Available
2,0,UBB,20UBB,Call Sign,Amateur Intermediate Radio Licence,Available
2,0,UBC,20UBC,Call Sign,Amateur Intermediate Radio Licence,Available
2,0,UBE,20UBE,Call Sign,Amateur Intermediate Radio Licence,Available
2,0,UBF,20UBF,Call Sign,Amateur Intermediate Radio Licence,Available
2,0,UBG,20UBG,Call Sign,Amateur Intermediate Radio Licence,Available
2,0,UBH,20UBH,Call Sign,Amateur Intermediate Radio Licence,Available
2,0,UBI,20UBI,Call Sign,Amateur Intermediate Radio Licence,Available
2,0,UBJ,20UBJ,Call Sign,Amateur Intermediate Radio Licence,Available
2,0,UBK,20UBK,Call Sign,Amateur Intermediate Radio Licence,Available
2,0,UBL,20UBL,Call Sign,Amateur Intermediate Radio Licence,Available
2,0,UBM,20UBM,Call Sign,Amateur Intermediate Radio Licence,Available
2,0,UBN,20UBN,Call Sign,Amateur Intermediate Radio Licence,Available
2,0,UBO,20UBO,Call Sign,Amateur Intermediate Radio Licence,Available
2,0,UBP,20UBP,Call Sign,Amateur Intermediate Radio Licence,Available
2,0,UBQ,20UBQ,Call Sign,Amateur Intermediate Radio Licence,Available
2,0,UBR,20UBR,Call Sign,Amateur Intermediate Radio Licence,Available
2,0,UBS,20UBS,Call Sign,Amateur Intermediate Radio Licence,Available
2,0,UBV,20UBV,Call Sign,Amateur Intermediate Radio Licence,Available
2,0,UBX,20UBX,Call Sign,Amateur Intermediate Radio Licence,Available
2,0,UBY,20UBY,Call Sign,Amateur Intermediate Radio Licence,Available
2,0,UBZ,20UBZ,Call Sign,Amateur Intermediate Radio Licence,Available
2,0,UCA,20UCA,Call Sign,Amateur Intermediate Radio Licence,Available
2,0,UCB,20UCB,Call Sign,Amateur Intermediate Radio Licence,Available
2,0,UCC,20UCC,Call Sign,Amateur Intermediate Radio Licence,Available
2,0,UCD,20UCD,Call Sign,Amateur Intermediate Radio Licence,Available
2,0,UCE,20UCE,Call Sign,Amateur Intermediate Radio Licence,Available
2,0,UCF,20UCF,Call Sign,Amateur Intermediate Radio Licence,Available
2,0,UCG,20UCG,Call Sign,Amateur Intermediate Radio Licence,Available
2,0,UCI,20UCI,Call Sign,Amateur Intermediate Radio Licence,Available
2,0,UCJ,20UCJ,Call Sign,Amateur Intermediate Radio Licence,Available
2,0,UCL,20UCL,Call Sign,Amateur Intermediate Radio Licence,Available
2,0,UCM,20UCM,Call Sign,Amateur Intermediate Radio Licence,Available
2,0,UCN,20UCN,Call Sign,Amateur Intermediate Radio Licence,Available
2,0,UCO,20UCO,Call Sign,Amateur Intermediate Radio Licence,Available
2,0,UCP,20UCP,Call Sign,Amateur Intermediate Radio Licence,Available
2,0,UCQ,20UCQ,Call Sign,Amateur Intermediate Radio Licence,Available
2,0,UCR,20UCR,Call Sign,Amateur Intermediate Radio Licence,Available
2,0,UCT,20UCT,Call Sign,Amateur Intermediate Radio Licence,Available
2,0,UCU,20UCU,Call Sign,Amateur Intermediate Radio Licence,Available
2,0,UCX,20UCX,Call Sign,Amateur Intermediate Radio Licence,Available
2,0,UCY,20UCY,Call Sign,Amateur Intermediate Radio Licence,Available
2,0,UCZ,20UCZ,Call Sign,Amateur Intermediate Radio Licence,Available
2,0,UDB,20UDB,Call Sign,Amateur Intermediate Radio Licence,Available
2,0,UDC,20UDC,Call Sign,Amateur Intermediate Radio Licence,Available
2,0,UDD,20UDD,Call Sign,Amateur Intermediate Radio Licence,Available
2,0,UDF,20UDF,Call Sign,Amateur Intermediate Radio Licence,Available
2,0,UDH,20UDH,Call Sign,Amateur Intermediate Radio Licence,Available
2,0,UDI,20UDI,Call Sign,Amateur Intermediate Radio Licence,Available
2,0,UDJ,20UDJ,Call Sign,Amateur Intermediate Radio Licence,Available
2,0,UDK,20UDK,Call Sign,Amateur Intermediate Radio Licence,Available
2,0,UDN,20UDN,Call Sign,Amateur Intermediate Radio Licence,Available
2,0,UDO,20UDO,Call Sign,Amateur Intermediate Radio Licence,Available
2,0,UDP,20UDP,Call Sign,Amateur Intermediate Radio Licence,Available
2,0,UDQ,20UDQ,Call Sign,Amateur Intermediate Radio Licence,Available
2,0,UDR,20UDR,Call Sign,Amateur Intermediate Radio Licence,Available
2,0,UDS,20UDS,Call Sign,Amateur Intermediate Radio Licence,Available
2,0,UDT,20UDT,Call Sign,Amateur Intermediate Radio Licence,Available
2,0,UDU,20UDU,Call Sign,Amateur Intermediate Radio Licence,Available
2,0,UDV,20UDV,Call Sign,Amateur Intermediate Radio Licence,Available
2,0,UDW,20UDW,Call Sign,Amateur Intermediate Radio Licence,Available
2,0,UDY,20UDY,Call Sign,Amateur Intermediate Radio Licence,Available
2,0,UDZ,20UDZ,Call Sign,Amateur Intermediate Radio Licence,Available
2,0,UEB,20UEB,Call Sign,Amateur Intermediate Radio Licence,Available
2,0,UEC,20UEC,Call Sign,Amateur Intermediate Radio Licence,Available
2,0,UED,20UED,Call Sign,Amateur Intermediate Radio Licence,Available
2,0,UEE,20UEE,Call Sign,Amateur Intermediate Radio Licence,Available
2,0,UEF,20UEF,Call Sign,Amateur Intermediate Radio Licence,Available
2,0,UEG,20UEG,Call Sign,Amateur Intermediate Radio Licence,Available
2,0,UEI,20UEI,Call Sign,Amateur Intermediate Radio Licence,Available
2,0,UEJ,20UEJ,Call Sign,Amateur Intermediate Radio Licence,Available
2,0,UEK,20UEK,Call Sign,Amateur Intermediate Radio Licence,Available
2,0,UEM,20UEM,Call Sign,Amateur Intermediate Radio Licence,Available
2,0,UEN,20UEN,Call Sign,Amateur Intermediate Radio Licence,Available
2,0,UEO,20UEO,Call Sign,Amateur Intermediate Radio Licence,Available
2,0,UEP,20UEP,Call Sign,Amateur Intermediate Radio Licence,Available
2,0,UEQ,20UEQ,Call Sign,Amateur Intermediate Radio Licence,Available
2,0,UER,20UER,Call Sign,Amateur Intermediate Radio Licence,Available
2,0,UES,20UES,Call Sign,Amateur Intermediate Radio Licence,Available
2,0,UET,20UET,Call Sign,Amateur Intermediate Radio Licence,Available
2,0,UEU,20UEU,Call Sign,Amateur Intermediate Radio Licence,Available
2,0,UEV,20UEV,Call Sign,Amateur Intermediate Radio Licence,Available
2,0,UEW,20UEW,Call Sign,Amateur Intermediate Radio Licence,Available
2,0,UEX,20UEX,Call Sign,Amateur Intermediate Radio Licence,Available
2,0,UEY,20UEY,Call Sign,Amateur Intermediate Radio Licence,Available
2,0,UEZ,20UEZ,Call Sign,Amateur Intermediate Radio Licence,Available
2,0,UFA,20UFA,Call Sign,Amateur Intermediate Radio Licence,Available
2,0,UFB,20UFB,Call Sign,Amateur Intermediate Radio Licence,Available
2,0,UFC,20UFC,Call Sign,Amateur Intermediate Radio Licence,Available
2,0,UFD,20UFD,Call Sign,Amateur Intermediate Radio Licence,Available
2,0,UFE,20UFE,Call Sign,Amateur Intermediate Radio Licence,Available
2,0,UFF,20UFF,Call Sign,Amateur Intermediate Radio Licence,Available
2,0,UFG,20UFG,Call Sign,Amateur Intermediate Radio Licence,Available
2,0,UFH,20UFH,Call Sign,Amateur Intermediate Radio Licence,Available
2,0,UFI,20UFI,Call Sign,Amateur Intermediate Radio Licence,Available
2,0,UFJ,20UFJ,Call Sign,Amateur Intermediate Radio Licence,Available
2,0,UFK,20UFK,Call Sign,Amateur Intermediate Radio Licence,Available
2,0,UFL,20UFL,Call Sign,Amateur Intermediate Radio Licence,Available
2,0,UFN,20UFN,Call Sign,Amateur Intermediate Radio Licence,Available
2,0,UFP,20UFP,Call Sign,Amateur Intermediate Radio Licence,Available
2,0,UFQ,20UFQ,Call Sign,Amateur Intermediate Radio Licence,Available
2,0,UFR,20UFR,Call Sign,Amateur Intermediate Radio Licence,Available
2,0,UFS,20UFS,Call Sign,Amateur Intermediate Radio Licence,Available
2,0,UFT,20UFT,Call Sign,Amateur Intermediate Radio Licence,Available
2,0,UFU,20UFU,Call Sign,Amateur Intermediate Radio Licence,Available
2,0,UFV,20UFV,Call Sign,Amateur Intermediate Radio Licence,Available
2,0,UFW,20UFW,Call Sign,Amateur Intermediate Radio Licence,Available
2,0,UFX,20UFX,Call Sign,Amateur Intermediate Radio Licence,Available
2,0,UFY,20UFY,Call Sign,Amateur Intermediate Radio Licence,Available
2,0,UFZ,20UFZ,Call Sign,Amateur Intermediate Radio Licence,Available
2,0,UGA,20UGA,Call Sign,Amateur Intermediate Radio Licence,Available
2,0,UGB,20UGB,Call Sign,Amateur Intermediate Radio Licence,Available
2,0,UGC,20UGC,Call Sign,Amateur Intermediate Radio Licence,Available
2,0,UGE,20UGE,Call Sign,Amateur Intermediate Radio Licence,Available
2,0,UGG,20UGG,Call Sign,Amateur Intermediate Radio Licence,Available
2,0,UGI,20UGI,Call Sign,Amateur Intermediate Radio Licence,Available
2,0,UGJ,20UGJ,Call Sign,Amateur Intermediate Radio Licence,Available
2,0,UGK,20UGK,Call Sign,Amateur Intermediate Radio Licence,Available
2,0,UGM,20UGM,Call Sign,Amateur Intermediate Radio Licence,Available
2,0,UGN,20UGN,Call Sign,Amateur Intermediate Radio Licence,Available
2,0,UGP,20UGP,Call Sign,Amateur Intermediate Radio Licence,Available
2,0,UGQ,20UGQ,Call Sign,Amateur Intermediate Radio Licence,Available
2,0,UGR,20UGR,Call Sign,Amateur Intermediate Radio Licence,Available
2,0,UGS,20UGS,Call Sign,Amateur Intermediate Radio Licence,Available
2,0,UGT,20UGT,Call Sign,Amateur Intermediate Radio Licence,Available
2,0,UGU,20UGU,Call Sign,Amateur Intermediate Radio Licence,Available
2,0,UGV,20UGV,Call Sign,Amateur Intermediate Radio Licence,Available
2,0,UGW,20UGW,Call Sign,Amateur Intermediate Radio Licence,Available
2,0,UGY,20UGY,Call Sign,Amateur Intermediate Radio Licence,Available
2,0,UGZ,20UGZ,Call Sign,Amateur Intermediate Radio Licence,Available
2,0,UHA,20UHA,Call Sign,Amateur Intermediate Radio Licence,Available
2,0,UHB,20UHB,Call Sign,Amateur Intermediate Radio Licence,Available
2,0,UHC,20UHC,Call Sign,Amateur Intermediate Radio Licence,Available
2,0,UHD,20UHD,Call Sign,Amateur Intermediate Radio Licence,Available
2,0,UHE,20UHE,Call Sign,Amateur Intermediate Radio Licence,Available
2,0,UHG,20UHG,Call Sign,Amateur Intermediate Radio Licence,Available
2,0,UHH,20UHH,Call Sign,Amateur Intermediate Radio Licence,Available
2,0,UHI,20UHI,Call Sign,Amateur Intermediate Radio Licence,Available
2,0,UHK,20UHK,Call Sign,Amateur Intermediate Radio Licence,Available
2,0,UHM,20UHM,Call Sign,Amateur Intermediate Radio Licence,Available
2,0,UHN,20UHN,Call Sign,Amateur Intermediate Radio Licence,Available
2,0,UHO,20UHO,Call Sign,Amateur Intermediate Radio Licence,Available
2,0,UHP,20UHP,Call Sign,Amateur Intermediate Radio Licence,Available
2,0,UHQ,20UHQ,Call Sign,Amateur Intermediate Radio Licence,Available
2,0,UHR,20UHR,Call Sign,Amateur Intermediate Radio Licence,Available
2,0,UHT,20UHT,Call Sign,Amateur Intermediate Radio Licence,Available
2,0,UHU,20UHU,Call Sign,Amateur Intermediate Radio Licence,Available
2,0,UHV,20UHV,Call Sign,Amateur Intermediate Radio Licence,Available
2,0,UHW,20UHW,Call Sign,Amateur Intermediate Radio Licence,Available
2,0,UHX,20UHX,Call Sign,Amateur Intermediate Radio Licence,Available
2,0,UHY,20UHY,Call Sign,Amateur Intermediate Radio Licence,Available
2,0,UHZ,20UHZ,Call Sign,Amateur Intermediate Radio Licence,Available
2,0,UIA,20UIA,Call Sign,Amateur Intermediate Radio Licence,Available
2,0,UIB,20UIB,Call Sign,Amateur Intermediate Radio Licence,Available
2,0,UIC,20UIC,Call Sign,Amateur Intermediate Radio Licence,Available
2,0,UID,20UID,Call Sign,Amateur Intermediate Radio Licence,Available
2,0,UIE,20UIE,Call Sign,Amateur Intermediate Radio Licence,Available
2,0,UIF,20UIF,Call Sign,Amateur Intermediate Radio Licence,Available
2,0,UIG,20UIG,Call Sign,Amateur Intermediate Radio Licence,Available
2,0,UIH,20UIH,Call Sign,Amateur Intermediate Radio Licence,Available
2,0,UII,20UII,Call Sign,Amateur Intermediate Radio Licence,Available
2,0,UIJ,20UIJ,Call Sign,Amateur Intermediate Radio Licence,Available
2,0,UIK,20UIK,Call Sign,Amateur Intermediate Radio Licence,Available
2,0,UIL,20UIL,Call Sign,Amateur Intermediate Radio Licence,Available
2,0,UIM,20UIM,Call Sign,Amateur Intermediate Radio Licence,Available
2,0,UIN,20UIN,Call Sign,Amateur Intermediate Radio Licence,Available
2,0,UIO,20UIO,Call Sign,Amateur Intermediate Radio Licence,Available
2,0,UIR,20UIR,Call Sign,Amateur Intermediate Radio Licence,Available
2,0,UIS,20UIS,Call Sign,Amateur Intermediate Radio Licence,Available
2,0,UIT,20UIT,Call Sign,Amateur Intermediate Radio Licence,Available
2,0,UIU,20UIU,Call Sign,Amateur Intermediate Radio Licence,Available
2,0,UIV,20UIV,Call Sign,Amateur Intermediate Radio Licence,Available
2,0,UIW,20UIW,Call Sign,Amateur Intermediate Radio Licence,Available
2,0,UIX,20UIX,Call Sign,Amateur Intermediate Radio Licence,Available
2,0,UIY,20UIY,Call Sign,Amateur Intermediate Radio Licence,Available
2,0,UIZ,20UIZ,Call Sign,Amateur Intermediate Radio Licence,Available
2,0,UJA,20UJA,Call Sign,Amateur Intermediate Radio Licence,Available
2,0,UJB,20UJB,Call Sign,Amateur Intermediate Radio Licence,Available
2,0,UJE,20UJE,Call Sign,Amateur Intermediate Radio Licence,Available
2,0,UJF,20UJF,Call Sign,Amateur Intermediate Radio Licence,Available
2,0,UJG,20UJG,Call Sign,Amateur Intermediate Radio Licence,Available
2,0,UJH,20UJH,Call Sign,Amateur Intermediate Radio Licence,Available
2,0,UJI,20UJI,Call Sign,Amateur Intermediate Radio Licence,Available
2,0,UJJ,20UJJ,Call Sign,Amateur Intermediate Radio Licence,Available
2,0,UJK,20UJK,Call Sign,Amateur Intermediate Radio Licence,Available
2,0,UJL,20UJL,Call Sign,Amateur Intermediate Radio Licence,Available
2,0,UJM,20UJM,Call Sign,Amateur Intermediate Radio Licence,Available
2,0,UJN,20UJN,Call Sign,Amateur Intermediate Radio Licence,Available
2,0,UJO,20UJO,Call Sign,Amateur Intermediate Radio Licence,Available
2,0,UJP,20UJP,Call Sign,Amateur Intermediate Radio Licence,Available
2,0,UJQ,20UJQ,Call Sign,Amateur Intermediate Radio Licence,Available
2,0,UJR,20UJR,Call Sign,Amateur Intermediate Radio Licence,Available
2,0,UJS,20UJS,Call Sign,Amateur Intermediate Radio Licence,Available
2,0,UJT,20UJT,Call Sign,Amateur Intermediate Radio Licence,Available
2,0,UJU,20UJU,Call Sign,Amateur Intermediate Radio Licence,Available
2,0,UJV,20UJV,Call Sign,Amateur Intermediate Radio Licence,Available
2,0,UJW,20UJW,Call Sign,Amateur Intermediate Radio Licence,Available
2,0,UJX,20UJX,Call Sign,Amateur Intermediate Radio Licence,Available
2,0,UJY,20UJY,Call Sign,Amateur Intermediate Radio Licence,Available
2,0,UJZ,20UJZ,Call Sign,Amateur Intermediate Radio Licence,Available
2,0,UKB,20UKB,Call Sign,Amateur Intermediate Radio Licence,Available
2,0,UKC,20UKC,Call Sign,Amateur Intermediate Radio Licence,Available
2,0,UKE,20UKE,Call Sign,Amateur Intermediate Radio Licence,Available
2,0,UKF,20UKF,Call Sign,Amateur Intermediate Radio Licence,Available
2,0,UKI,20UKI,Call Sign,Amateur Intermediate Radio Licence,Available
2,0,UKJ,20UKJ,Call Sign,Amateur Intermediate Radio Licence,Available
2,0,UKK,20UKK,Call Sign,Amateur Intermediate Radio Licence,Available
2,0,UKN,20UKN,Call Sign,Amateur Intermediate Radio Licence,Available
2,0,UKS,20UKS,Call Sign,Amateur Intermediate Radio Licence,Available
2,0,UKT,20UKT,Call Sign,Amateur Intermediate Radio Licence,Available
2,0,UKU,20UKU,Call Sign,Amateur Intermediate Radio Licence,Available
2,0,UKW,20UKW,Call Sign,Amateur Intermediate Radio Licence,Available
2,0,UKY,20UKY,Call Sign,Amateur Intermediate Radio Licence,Available
2,0,UKZ,20UKZ,Call Sign,Amateur Intermediate Radio Licence,Available
2,0,ULB,20ULB,Call Sign,Amateur Intermediate Radio Licence,Available
2,0,ULD,20ULD,Call Sign,Amateur Intermediate Radio Licence,Available
2,0,ULE,20ULE,Call Sign,Amateur Intermediate Radio Licence,Available
2,0,ULG,20ULG,Call Sign,Amateur Intermediate Radio Licence,Available
2,0,ULI,20ULI,Call Sign,Amateur Intermediate Radio Licence,Available
2,0,ULJ,20ULJ,Call Sign,Amateur Intermediate Radio Licence,Available
2,0,ULK,20ULK,Call Sign,Amateur Intermediate Radio Licence,Available
2,0,ULM,20ULM,Call Sign,Amateur Intermediate Radio Licence,Available
2,0,ULN,20ULN,Call Sign,Amateur Intermediate Radio Licence,Available
2,0,ULO,20ULO,Call Sign,Amateur Intermediate Radio Licence,Available
2,0,ULP,20ULP,Call Sign,Amateur Intermediate Radio Licence,Available
2,0,ULQ,20ULQ,Call Sign,Amateur Intermediate Radio Licence,Available
2,0,ULR,20ULR,Call Sign,Amateur Intermediate Radio Licence,Available
2,0,ULS,20ULS,Call Sign,Amateur Intermediate Radio Licence,Available
2,0,ULT,20ULT,Call Sign,Amateur Intermediate Radio Licence,Available
2,0,ULU,20ULU,Call Sign,Amateur Intermediate Radio Licence,Available
2,0,ULV,20ULV,Call Sign,Amateur Intermediate Radio Licence,Available
2,0,ULW,20ULW,Call Sign,Amateur Intermediate Radio Licence,Available
2,0,ULX,20ULX,Call Sign,Amateur Intermediate Radio Licence,Available
2,0,ULZ,20ULZ,Call Sign,Amateur Intermediate Radio Licence,Available
2,0,UMA,20UMA,Call Sign,Amateur Intermediate Radio Licence,Available
2,0,UMC,20UMC,Call Sign,Amateur Intermediate Radio Licence,Available
2,0,UMD,20UMD,Call Sign,Amateur Intermediate Radio Licence,Available
2,0,UME,20UME,Call Sign,Amateur Intermediate Radio Licence,Available
2,0,UMG,20UMG,Call Sign,Amateur Intermediate Radio Licence,Available
2,0,UMJ,20UMJ,Call Sign,Amateur Intermediate Radio Licence,Available
2,0,UMK,20UMK,Call Sign,Amateur Intermediate Radio Licence,Available
2,0,UML,20UML,Call Sign,Amateur Intermediate Radio Licence,Available
2,0,UMM,20UMM,Call Sign,Amateur Intermediate Radio Licence,Available
2,0,UMN,20UMN,Call Sign,Amateur Intermediate Radio Licence,Available
2,0,UMO,20UMO,Call Sign,Amateur Intermediate Radio Licence,Available
2,0,UMP,20UMP,Call Sign,Amateur Intermediate Radio Licence,Available
2,0,UMQ,20UMQ,Call Sign,Amateur Intermediate Radio Licence,Available
2,0,UMR,20UMR,Call Sign,Amateur Intermediate Radio Licence,Available
2,0,UMS,20UMS,Call Sign,Amateur Intermediate Radio Licence,Available
2,0,UMT,20UMT,Call Sign,Amateur Intermediate Radio Licence,Available
2,0,UMU,20UMU,Call Sign,Amateur Intermediate Radio Licence,Available
2,0,UMV,20UMV,Call Sign,Amateur Intermediate Radio Licence,Available
2,0,UMW,20UMW,Call Sign,Amateur Intermediate Radio Licence,Available
2,0,UMX,20UMX,Call Sign,Amateur Intermediate Radio Licence,Available
2,0,UMY,20UMY,Call Sign,Amateur Intermediate Radio Licence,Available
2,0,UMZ,20UMZ,Call Sign,Amateur Intermediate Radio Licence,Available
2,0,UNA,20UNA,Call Sign,Amateur Intermediate Radio Licence,Available
2,0,UNB,20UNB,Call Sign,Amateur Intermediate Radio Licence,Available
2,0,UNC,20UNC,Call Sign,Amateur Intermediate Radio Licence,Available
2,0,UNF,20UNF,Call Sign,Amateur Intermediate Radio Licence,Available
2,0,UNG,20UNG,Call Sign,Amateur Intermediate Radio Licence,Available
2,0,UNH,20UNH,Call Sign,Amateur Intermediate Radio Licence,Available
2,0,UNJ,20UNJ,Call Sign,Amateur Intermediate Radio Licence,Available
2,0,UNK,20UNK,Call Sign,Amateur Intermediate Radio Licence,Available
2,0,UNL,20UNL,Call Sign,Amateur Intermediate Radio Licence,Available
2,0,UNM,20UNM,Call Sign,Amateur Intermediate Radio Licence,Available
2,0,UNO,20UNO,Call Sign,Amateur Intermediate Radio Licence,Available
2,0,UNP,20UNP,Call Sign,Amateur Intermediate Radio Licence,Available
2,0,UNQ,20UNQ,Call Sign,Amateur Intermediate Radio Licence,Available
2,0,UNR,20UNR,Call Sign,Amateur Intermediate Radio Licence,Available
2,0,UNS,20UNS,Call Sign,Amateur Intermediate Radio Licence,Available
2,0,UNT,20UNT,Call Sign,Amateur Intermediate Radio Licence,Available
2,0,UNU,20UNU,Call Sign,Amateur Intermediate Radio Licence,Available
2,0,UNV,20UNV,Call Sign,Amateur Intermediate Radio Licence,Available
2,0,UNW,20UNW,Call Sign,Amateur Intermediate Radio Licence,Available
2,0,UNX,20UNX,Call Sign,Amateur Intermediate Radio Licence,Available
2,0,UNY,20UNY,Call Sign,Amateur Intermediate Radio Licence,Available
2,0,UNZ,20UNZ,Call Sign,Amateur Intermediate Radio Licence,Available
2,0,UOA,20UOA,Call Sign,Amateur Intermediate Radio Licence,Available
2,0,UOB,20UOB,Call Sign,Amateur Intermediate Radio Licence,Available
2,0,UOC,20UOC,Call Sign,Amateur Intermediate Radio Licence,Available
2,0,UOD,20UOD,Call Sign,Amateur Intermediate Radio Licence,Available
2,0,UOE,20UOE,Call Sign,Amateur Intermediate Radio Licence,Available
2,0,UOF,20UOF,Call Sign,Amateur Intermediate Radio Licence,Available
2,0,UOH,20UOH,Call Sign,Amateur Intermediate Radio Licence,Available
2,0,UOI,20UOI,Call Sign,Amateur Intermediate Radio Licence,Available
2,0,UOL,20UOL,Call Sign,Amateur Intermediate Radio Licence,Available
2,0,UOM,20UOM,Call Sign,Amateur Intermediate Radio Licence,Available
2,0,UON,20UON,Call Sign,Amateur Intermediate Radio Licence,Available
2,0,UOP,20UOP,Call Sign,Amateur Intermediate Radio Licence,Available
2,0,UOQ,20UOQ,Call Sign,Amateur Intermediate Radio Licence,Available
2,0,UOR,20UOR,Call Sign,Amateur Intermediate Radio Licence,Available
2,0,UOT,20UOT,Call Sign,Amateur Intermediate Radio Licence,Available
2,0,UOU,20UOU,Call Sign,Amateur Intermediate Radio Licence,Available
2,0,UOV,20UOV,Call Sign,Amateur Intermediate Radio Licence,Available
2,0,UOW,20UOW,Call Sign,Amateur Intermediate Radio Licence,Available
2,0,UOX,20UOX,Call Sign,Amateur Intermediate Radio Licence,Available
2,0,UOY,20UOY,Call Sign,Amateur Intermediate Radio Licence,Available
2,0,UOZ,20UOZ,Call Sign,Amateur Intermediate Radio Licence,Available
2,0,UPB,20UPB,Call Sign,Amateur Intermediate Radio Licence,Available
2,0,UPC,20UPC,Call Sign,Amateur Intermediate Radio Licence,Available
2,0,UPD,20UPD,Call Sign,Amateur Intermediate Radio Licence,Available
2,0,UPE,20UPE,Call Sign,Amateur Intermediate Radio Licence,Available
2,0,UPF,20UPF,Call Sign,Amateur Intermediate Radio Licence,Available
2,0,UPI,20UPI,Call Sign,Amateur Intermediate Radio Licence,Available
2,0,UPJ,20UPJ,Call Sign,Amateur Intermediate Radio Licence,Available
2,0,UPK,20UPK,Call Sign,Amateur Intermediate Radio Licence,Available
2,0,UPL,20UPL,Call Sign,Amateur Intermediate Radio Licence,Available
2,0,UPM,20UPM,Call Sign,Amateur Intermediate Radio Licence,Available
2,0,UPN,20UPN,Call Sign,Amateur Intermediate Radio Licence,Available
2,0,UPO,20UPO,Call Sign,Amateur Intermediate Radio Licence,Available
2,0,UPP,20UPP,Call Sign,Amateur Intermediate Radio Licence,Available
2,0,UPQ,20UPQ,Call Sign,Amateur Intermediate Radio Licence,Available
2,0,UPR,20UPR,Call Sign,Amateur Intermediate Radio Licence,Available
2,0,UPS,20UPS,Call Sign,Amateur Intermediate Radio Licence,Available
2,0,UPV,20UPV,Call Sign,Amateur Intermediate Radio Licence,Available
2,0,UPW,20UPW,Call Sign,Amateur Intermediate Radio Licence,Available
2,0,UPX,20UPX,Call Sign,Amateur Intermediate Radio Licence,Available
2,0,UPY,20UPY,Call Sign,Amateur Intermediate Radio Licence,Available
2,0,UPZ,20UPZ,Call Sign,Amateur Intermediate Radio Licence,Available
2,0,UQA,20UQA,Call Sign,Amateur Intermediate Radio Licence,Available
2,0,UQB,20UQB,Call Sign,Amateur Intermediate Radio Licence,Available
2,0,UQC,20UQC,Call Sign,Amateur Intermediate Radio Licence,Available
2,0,UQD,20UQD,Call Sign,Amateur Intermediate Radio Licence,Available
2,0,UQE,20UQE,Call Sign,Amateur Intermediate Radio Licence,Available
2,0,UQF,20UQF,Call Sign,Amateur Intermediate Radio Licence,Available
2,0,UQG,20UQG,Call Sign,Amateur Intermediate Radio Licence,Available
2,0,UQH,20UQH,Call Sign,Amateur Intermediate Radio Licence,Available
2,0,UQI,20UQI,Call Sign,Amateur Intermediate Radio Licence,Available
2,0,UQJ,20UQJ,Call Sign,Amateur Intermediate Radio Licence,Available
2,0,UQK,20UQK,Call Sign,Amateur Intermediate Radio Licence,Available
2,0,UQL,20UQL,Call Sign,Amateur Intermediate Radio Licence,Available
2,0,UQM,20UQM,Call Sign,Amateur Intermediate Radio Licence,Available
2,0,UQN,20UQN,Call Sign,Amateur Intermediate Radio Licence,Available
2,0,UQO,20UQO,Call Sign,Amateur Intermediate Radio Licence,Available
2,0,UQP,20UQP,Call Sign,Amateur Intermediate Radio Licence,Available
2,0,UQQ,20UQQ,Call Sign,Amateur Intermediate Radio Licence,Available
2,0,UQR,20UQR,Call Sign,Amateur Intermediate Radio Licence,Available
2,0,UQS,20UQS,Call Sign,Amateur Intermediate Radio Licence,Available
2,0,UQT,20UQT,Call Sign,Amateur Intermediate Radio Licence,Available
2,0,UQU,20UQU,Call Sign,Amateur Intermediate Radio Licence,Available
2,0,UQV,20UQV,Call Sign,Amateur Intermediate Radio Licence,Available
2,0,UQW,20UQW,Call Sign,Amateur Intermediate Radio Licence,Available
2,0,UQX,20UQX,Call Sign,Amateur Intermediate Radio Licence,Available
2,0,UQY,20UQY,Call Sign,Amateur Intermediate Radio Licence,Available
2,0,UQZ,20UQZ,Call Sign,Amateur Intermediate Radio Licence,Available
2,0,URA,20URA,Call Sign,Amateur Intermediate Radio Licence,Available
2,0,URB,20URB,Call Sign,Amateur Intermediate Radio Licence,Available
2,0,URC,20URC,Call Sign,Amateur Intermediate Radio Licence,Available
2,0,URD,20URD,Call Sign,Amateur Intermediate Radio Licence,Available
2,0,URE,20URE,Call Sign,Amateur Intermediate Radio Licence,Available
2,0,URG,20URG,Call Sign,Amateur Intermediate Radio Licence,Available
2,0,URH,20URH,Call Sign,Amateur Intermediate Radio Licence,Available
2,0,URI,20URI,Call Sign,Amateur Intermediate Radio Licence,Available
2,0,URK,20URK,Call Sign,Amateur Intermediate Radio Licence,Available
2,0,URM,20URM,Call Sign,Amateur Intermediate Radio Licence,Available
2,0,URO,20URO,Call Sign,Amateur Intermediate Radio Licence,Available
2,0,URP,20URP,Call Sign,Amateur Intermediate Radio Licence,Available
2,0,URQ,20URQ,Call Sign,Amateur Intermediate Radio Licence,Available
2,0,URR,20URR,Call Sign,Amateur Intermediate Radio Licence,Available
2,0,URS,20URS,Call Sign,Amateur Intermediate Radio Licence,Available
2,0,URT,20URT,Call Sign,Amateur Intermediate Radio Licence,Available
2,0,URU,20URU,Call Sign,Amateur Intermediate Radio Licence,Available
2,0,URV,20URV,Call Sign,Amateur Intermediate Radio Licence,Available
2,0,URW,20URW,Call Sign,Amateur Intermediate Radio Licence,Available
2,0,URX,20URX,Call Sign,Amateur Intermediate Radio Licence,Available
2,0,URY,20URY,Call Sign,Amateur Intermediate Radio Licence,Available
2,0,URZ,20URZ,Call Sign,Amateur Intermediate Radio Licence,Available
2,0,USD,20USD,Call Sign,Amateur Intermediate Radio Licence,Available
2,0,USF,20USF,Call Sign,Amateur Intermediate Radio Licence,Available
2,0,USG,20USG,Call Sign,Amateur Intermediate Radio Licence,Available
2,0,USH,20USH,Call Sign,Amateur Intermediate Radio Licence,Available
2,0,USI,20USI,Call Sign,Amateur Intermediate Radio Licence,Available
2,0,USJ,20USJ,Call Sign,Amateur Intermediate Radio Licence,Available
2,0,USK,20USK,Call Sign,Amateur Intermediate Radio Licence,Available
2,0,USL,20USL,Call Sign,Amateur Intermediate Radio Licence,Available
2,0,USM,20USM,Call Sign,Amateur Intermediate Radio Licence,Available
2,0,USO,20USO,Call Sign,Amateur Intermediate Radio Licence,Available
2,0,USP,20USP,Call Sign,Amateur Intermediate Radio Licence,Available
2,0,USS,20USS,Call Sign,Amateur Intermediate Radio Licence,Available
2,0,UST,20UST,Call Sign,Amateur Intermediate Radio Licence,Available
2,0,USW,20USW,Call Sign,Amateur Intermediate Radio Licence,Available
2,0,USX,20USX,Call Sign,Amateur Intermediate Radio Licence,Available
2,0,USY,20USY,Call Sign,Amateur Intermediate Radio Licence,Available
2,0,USZ,20USZ,Call Sign,Amateur Intermediate Radio Licence,Available
2,0,UTA,20UTA,Call Sign,Amateur Intermediate Radio Licence,Available
2,0,UTB,20UTB,Call Sign,Amateur Intermediate Radio Licence,Available
2,0,UTE,20UTE,Call Sign,Amateur Intermediate Radio Licence,Available
2,0,UTF,20UTF,Call Sign,Amateur Intermediate Radio Licence,Available
2,0,UTG,20UTG,Call Sign,Amateur Intermediate Radio Licence,Available
2,0,UTI,20UTI,Call Sign,Amateur Intermediate Radio Licence,Available
2,0,UTJ,20UTJ,Call Sign,Amateur Intermediate Radio Licence,Available
2,0,UTK,20UTK,Call Sign,Amateur Intermediate Radio Licence,Available
2,0,UTN,20UTN,Call Sign,Amateur Intermediate Radio Licence,Available
2,0,UTP,20UTP,Call Sign,Amateur Intermediate Radio Licence,Available
2,0,UTQ,20UTQ,Call Sign,Amateur Intermediate Radio Licence,Available
2,0,UTR,20UTR,Call Sign,Amateur Intermediate Radio Licence,Available
2,0,UTS,20UTS,Call Sign,Amateur Intermediate Radio Licence,Available
2,0,UTU,20UTU,Call Sign,Amateur Intermediate Radio Licence,Available
2,0,UTV,20UTV,Call Sign,Amateur Intermediate Radio Licence,Available
2,0,UTW,20UTW,Call Sign,Amateur Intermediate Radio Licence,Available
2,0,UTY,20UTY,Call Sign,Amateur Intermediate Radio Licence,Available
2,0,UTZ,20UTZ,Call Sign,Amateur Intermediate Radio Licence,Available
2,0,UUB,20UUB,Call Sign,Amateur Intermediate Radio Licence,Available
2,0,UUD,20UUD,Call Sign,Amateur Intermediate Radio Licence,Available
2,0,UUE,20UUE,Call Sign,Amateur Intermediate Radio Licence,Available
2,0,UUF,20UUF,Call Sign,Amateur Intermediate Radio Licence,Available
2,0,UUG,20UUG,Call Sign,Amateur Intermediate Radio Licence,Available
2,0,UUH,20UUH,Call Sign,Amateur Intermediate Radio Licence,Available
2,0,UUI,20UUI,Call Sign,Amateur Intermediate Radio Licence,Available
2,0,UUJ,20UUJ,Call Sign,Amateur Intermediate Radio Licence,Available
2,0,UUK,20UUK,Call Sign,Amateur Intermediate Radio Licence,Available
2,0,UUL,20UUL,Call Sign,Amateur Intermediate Radio Licence,Available
2,0,UUM,20UUM,Call Sign,Amateur Intermediate Radio Licence,Available
2,0,UUN,20UUN,Call Sign,Amateur Intermediate Radio Licence,Available
2,0,UUO,20UUO,Call Sign,Amateur Intermediate Radio Licence,Available
2,0,UUP,20UUP,Call Sign,Amateur Intermediate Radio Licence,Available
2,0,UUQ,20UUQ,Call Sign,Amateur Intermediate Radio Licence,Available
2,0,UUR,20UUR,Call Sign,Amateur Intermediate Radio Licence,Available
2,0,UUS,20UUS,Call Sign,Amateur Intermediate Radio Licence,Available
2,0,UUT,20UUT,Call Sign,Amateur Intermediate Radio Licence,Available
2,0,UUV,20UUV,Call Sign,Amateur Intermediate Radio Licence,Available
2,0,UUX,20UUX,Call Sign,Amateur Intermediate Radio Licence,Available
2,0,UUY,20UUY,Call Sign,Amateur Intermediate Radio Licence,Available
2,0,UUZ,20UUZ,Call Sign,Amateur Intermediate Radio Licence,Available
2,0,UVA,20UVA,Call Sign,Amateur Intermediate Radio Licence,Available
2,0,UVB,20UVB,Call Sign,Amateur Intermediate Radio Licence,Available
2,0,UVC,20UVC,Call Sign,Amateur Intermediate Radio Licence,Available
2,0,UVD,20UVD,Call Sign,Amateur Intermediate Radio Licence,Available
2,0,UVE,20UVE,Call Sign,Amateur Intermediate Radio Licence,Available
2,0,UVF,20UVF,Call Sign,Amateur Intermediate Radio Licence,Available
2,0,UVG,20UVG,Call Sign,Amateur Intermediate Radio Licence,Available
2,0,UVH,20UVH,Call Sign,Amateur Intermediate Radio Licence,Available
2,0,UVI,20UVI,Call Sign,Amateur Intermediate Radio Licence,Available
2,0,UVJ,20UVJ,Call Sign,Amateur Intermediate Radio Licence,Available
2,0,UVK,20UVK,Call Sign,Amateur Intermediate Radio Licence,Available
2,0,UVL,20UVL,Call Sign,Amateur Intermediate Radio Licence,Available
2,0,UVM,20UVM,Call Sign,Amateur Intermediate Radio Licence,Available
2,0,UVN,20UVN,Call Sign,Amateur Intermediate Radio Licence,Available
2,0,UVQ,20UVQ,Call Sign,Amateur Intermediate Radio Licence,Available
2,0,UVR,20UVR,Call Sign,Amateur Intermediate Radio Licence,Available
2,0,UVS,20UVS,Call Sign,Amateur Intermediate Radio Licence,Available
2,0,UVT,20UVT,Call Sign,Amateur Intermediate Radio Licence,Available
2,0,UVU,20UVU,Call Sign,Amateur Intermediate Radio Licence,Available
2,0,UVW,20UVW,Call Sign,Amateur Intermediate Radio Licence,Available
2,0,UVX,20UVX,Call Sign,Amateur Intermediate Radio Licence,Available
2,0,UVY,20UVY,Call Sign,Amateur Intermediate Radio Licence,Available
2,0,UWA,20UWA,Call Sign,Amateur Intermediate Radio Licence,Available
2,0,UWB,20UWB,Call Sign,Amateur Intermediate Radio Licence,Available
2,0,UWD,20UWD,Call Sign,Amateur Intermediate Radio Licence,Available
2,0,UWE,20UWE,Call Sign,Amateur Intermediate Radio Licence,Available
2,0,UWF,20UWF,Call Sign,Amateur Intermediate Radio Licence,Available
2,0,UWG,20UWG,Call Sign,Amateur Intermediate Radio Licence,Available
2,0,UWH,20UWH,Call Sign,Amateur Intermediate Radio Licence,Available
2,0,UWJ,20UWJ,Call Sign,Amateur Intermediate Radio Licence,Available
2,0,UWL,20UWL,Call Sign,Amateur Intermediate Radio Licence,Available
2,0,UWM,20UWM,Call Sign,Amateur Intermediate Radio Licence,Available
2,0,UWN,20UWN,Call Sign,Amateur Intermediate Radio Licence,Available
2,0,UWO,20UWO,Call Sign,Amateur Intermediate Radio Licence,Available
2,0,UWP,20UWP,Call Sign,Amateur Intermediate Radio Licence,Available
2,0,UWQ,20UWQ,Call Sign,Amateur Intermediate Radio Licence,Available
2,0,UWR,20UWR,Call Sign,Amateur Intermediate Radio Licence,Available
2,0,UWS,20UWS,Call Sign,Amateur Intermediate Radio Licence,Available
2,0,UWU,20UWU,Call Sign,Amateur Intermediate Radio Licence,Available
2,0,UWV,20UWV,Call Sign,Amateur Intermediate Radio Licence,Available
2,0,UWW,20UWW,Call Sign,Amateur Intermediate Radio Licence,Available
2,0,UWX,20UWX,Call Sign,Amateur Intermediate Radio Licence,Available
2,0,UWY,20UWY,Call Sign,Amateur Intermediate Radio Licence,Available
2,0,UWZ,20UWZ,Call Sign,Amateur Intermediate Radio Licence,Available
2,0,UXC,20UXC,Call Sign,Amateur Intermediate Radio Licence,Available
2,0,UXD,20UXD,Call Sign,Amateur Intermediate Radio Licence,Available
2,0,UXE,20UXE,Call Sign,Amateur Intermediate Radio Licence,Available
2,0,UXF,20UXF,Call Sign,Amateur Intermediate Radio Licence,Available
2,0,UXG,20UXG,Call Sign,Amateur Intermediate Radio Licence,Available
2,0,UXH,20UXH,Call Sign,Amateur Intermediate Radio Licence,Available
2,0,UXI,20UXI,Call Sign,Amateur Intermediate Radio Licence,Available
2,0,UXJ,20UXJ,Call Sign,Amateur Intermediate Radio Licence,Available
2,0,UXK,20UXK,Call Sign,Amateur Intermediate Radio Licence,Available
2,0,UXL,20UXL,Call Sign,Amateur Intermediate Radio Licence,Available
2,0,UXM,20UXM,Call Sign,Amateur Intermediate Radio Licence,Available
2,0,UXN,20UXN,Call Sign,Amateur Intermediate Radio Licence,Available
2,0,UXP,20UXP,Call Sign,Amateur Intermediate Radio Licence,Available
2,0,UXQ,20UXQ,Call Sign,Amateur Intermediate Radio Licence,Available
2,0,UXR,20UXR,Call Sign,Amateur Intermediate Radio Licence,Available
2,0,UXT,20UXT,Call Sign,Amateur Intermediate Radio Licence,Available
2,0,UXU,20UXU,Call Sign,Amateur Intermediate Radio Licence,Available
2,0,UXV,20UXV,Call Sign,Amateur Intermediate Radio Licence,Available
2,0,UXX,20UXX,Call Sign,Amateur Intermediate Radio Licence,Available
2,0,UXY,20UXY,Call Sign,Amateur Intermediate Radio Licence,Available
2,0,UXZ,20UXZ,Call Sign,Amateur Intermediate Radio Licence,Available
2,0,UYA,20UYA,Call Sign,Amateur Intermediate Radio Licence,Available
2,0,UYB,20UYB,Call Sign,Amateur Intermediate Radio Licence,Available
2,0,UYC,20UYC,Call Sign,Amateur Intermediate Radio Licence,Available
2,0,UYE,20UYE,Call Sign,Amateur Intermediate Radio Licence,Available
2,0,UYF,20UYF,Call Sign,Amateur Intermediate Radio Licence,Available
2,0,UYG,20UYG,Call Sign,Amateur Intermediate Radio Licence,Available
2,0,UYH,20UYH,Call Sign,Amateur Intermediate Radio Licence,Available
2,0,UYI,20UYI,Call Sign,Amateur Intermediate Radio Licence,Available
2,0,UYJ,20UYJ,Call Sign,Amateur Intermediate Radio Licence,Available
2,0,UYK,20UYK,Call Sign,Amateur Intermediate Radio Licence,Available
2,0,UYL,20UYL,Call Sign,Amateur Intermediate Radio Licence,Available
2,0,UYM,20UYM,Call Sign,Amateur Intermediate Radio Licence,Available
2,0,UYN,20UYN,Call Sign,Amateur Intermediate Radio Licence,Available
2,0,UYO,20UYO,Call Sign,Amateur Intermediate Radio Licence,Available
2,0,UYQ,20UYQ,Call Sign,Amateur Intermediate Radio Licence,Available
2,0,UYR,20UYR,Call Sign,Amateur Intermediate Radio Licence,Available
2,0,UYS,20UYS,Call Sign,Amateur Intermediate Radio Licence,Available
2,0,UYT,20UYT,Call Sign,Amateur Intermediate Radio Licence,Available
2,0,UYU,20UYU,Call Sign,Amateur Intermediate Radio Licence,Available
2,0,UYV,20UYV,Call Sign,Amateur Intermediate Radio Licence,Available
2,0,UYW,20UYW,Call Sign,Amateur Intermediate Radio Licence,Available
2,0,UYX,20UYX,Call Sign,Amateur Intermediate Radio Licence,Available
2,0,UYY,20UYY,Call Sign,Amateur Intermediate Radio Licence,Available
2,0,UYZ,20UYZ,Call Sign,Amateur Intermediate Radio Licence,Available
2,0,UZA,20UZA,Call Sign,Amateur Intermediate Radio Licence,Available
2,0,UZB,20UZB,Call Sign,Amateur Intermediate Radio Licence,Available
2,0,UZC,20UZC,Call Sign,Amateur Intermediate Radio Licence,Available
2,0,UZD,20UZD,Call Sign,Amateur Intermediate Radio Licence,Available
2,0,UZE,20UZE,Call Sign,Amateur Intermediate Radio Licence,Available
2,0,UZG,20UZG,Call Sign,Amateur Intermediate Radio Licence,Available
2,0,UZH,20UZH,Call Sign,Amateur Intermediate Radio Licence,Available
2,0,UZI,20UZI,Call Sign,Amateur Intermediate Radio Licence,Available
2,0,UZJ,20UZJ,Call Sign,Amateur Intermediate Radio Licence,Available
2,0,UZL,20UZL,Call Sign,Amateur Intermediate Radio Licence,Available
2,0,UZM,20UZM,Call Sign,Amateur Intermediate Radio Licence,Available
2,0,UZN,20UZN,Call Sign,Amateur Intermediate Radio Licence,Available
2,0,UZP,20UZP,Call Sign,Amateur Intermediate Radio Licence,Available
2,0,UZQ,20UZQ,Call Sign,Amateur Intermediate Radio Licence,Available
2,0,UZR,20UZR,Call Sign,Amateur Intermediate Radio Licence,Available
2,0,UZS,20UZS,Call Sign,Amateur Intermediate Radio Licence,Available
2,0,UZT,20UZT,Call Sign,Amateur Intermediate Radio Licence,Available
2,0,UZU,20UZU,Call Sign,Amateur Intermediate Radio Licence,Available
2,0,UZV,20UZV,Call Sign,Amateur Intermediate Radio Licence,Available
2,0,UZW,20UZW,Call Sign,Amateur Intermediate Radio Licence,Available
2,0,UZX,20UZX,Call Sign,Amateur Intermediate Radio Licence,Available
2,0,UZY,20UZY,Call Sign,Amateur Intermediate Radio Licence,Available
2,0,UZZ,20UZZ,Call Sign,Amateur Intermediate Radio Licence,Available
2,0,VAO,20VAO,Call Sign,Amateur Intermediate Radio Licence,Available
2,0,VAQ,20VAQ,Call Sign,Amateur Intermediate Radio Licence,Available
2,0,VBF,20VBF,Call Sign,Amateur Intermediate Radio Licence,Available
2,0,VBG,20VBG,Call Sign,Amateur Intermediate Radio Licence,Available
2,0,VBH,20VBH,Call Sign,Amateur Intermediate Radio Licence,Available
2,0,VBI,20VBI,Call Sign,Amateur Intermediate Radio Licence,Available
2,0,VBJ,20VBJ,Call Sign,Amateur Intermediate Radio Licence,Available
2,0,VBL,20VBL,Call Sign,Amateur Intermediate Radio Licence,Available
2,0,VBO,20VBO,Call Sign,Amateur Intermediate Radio Licence,Available
2,0,VBP,20VBP,Call Sign,Amateur Intermediate Radio Licence,Available
2,0,VBS,20VBS,Call Sign,Amateur Intermediate Radio Licence,Available
2,0,VBT,20VBT,Call Sign,Amateur Intermediate Radio Licence,Available
2,0,VBU,20VBU,Call Sign,Amateur Intermediate Radio Licence,Available
2,0,VBV,20VBV,Call Sign,Amateur Intermediate Radio Licence,Available
2,0,VBZ,20VBZ,Call Sign,Amateur Intermediate Radio Licence,Available
2,0,VCA,20VCA,Call Sign,Amateur Intermediate Radio Licence,Available
2,0,VCG,20VCG,Call Sign,Amateur Intermediate Radio Licence,Available
2,0,VCI,20VCI,Call Sign,Amateur Intermediate Radio Licence,Available
2,0,VCJ,20VCJ,Call Sign,Amateur Intermediate Radio Licence,Available
2,0,VCK,20VCK,Call Sign,Amateur Intermediate Radio Licence,Available
2,0,VCL,20VCL,Call Sign,Amateur Intermediate Radio Licence,Available
2,0,VCN,20VCN,Call Sign,Amateur Intermediate Radio Licence,Available
2,0,VCQ,20VCQ,Call Sign,Amateur Intermediate Radio Licence,Available
2,0,VCV,20VCV,Call Sign,Amateur Intermediate Radio Licence,Available
2,0,VCW,20VCW,Call Sign,Amateur Intermediate Radio Licence,Available
2,0,VCX,20VCX,Call Sign,Amateur Intermediate Radio Licence,Available
2,0,VCZ,20VCZ,Call Sign,Amateur Intermediate Radio Licence,Available
2,0,VDA,20VDA,Call Sign,Amateur Intermediate Radio Licence,Available
2,0,VDF,20VDF,Call Sign,Amateur Intermediate Radio Licence,Available
2,0,VDG,20VDG,Call Sign,Amateur Intermediate Radio Licence,Available
2,0,VDH,20VDH,Call Sign,Amateur Intermediate Radio Licence,Available
2,0,VDI,20VDI,Call Sign,Amateur Intermediate Radio Licence,Available
2,0,VDJ,20VDJ,Call Sign,Amateur Intermediate Radio Licence,Available
2,0,VDK,20VDK,Call Sign,Amateur Intermediate Radio Licence,Available
2,0,VDL,20VDL,Call Sign,Amateur Intermediate Radio Licence,Available
2,0,VDN,20VDN,Call Sign,Amateur Intermediate Radio Licence,Available
2,0,VDO,20VDO,Call Sign,Amateur Intermediate Radio Licence,Available
2,0,VDQ,20VDQ,Call Sign,Amateur Intermediate Radio Licence,Available
2,0,VDR,20VDR,Call Sign,Amateur Intermediate Radio Licence,Available
2,0,VDT,20VDT,Call Sign,Amateur Intermediate Radio Licence,Available
2,0,VDU,20VDU,Call Sign,Amateur Intermediate Radio Licence,Available
2,0,VDV,20VDV,Call Sign,Amateur Intermediate Radio Licence,Available
2,0,VDY,20VDY,Call Sign,Amateur Intermediate Radio Licence,Available
2,0,VDZ,20VDZ,Call Sign,Amateur Intermediate Radio Licence,Available
2,0,VEA,20VEA,Call Sign,Amateur Intermediate Radio Licence,Available
2,0,VEB,20VEB,Call Sign,Amateur Intermediate Radio Licence,Available
2,0,VED,20VED,Call Sign,Amateur Intermediate Radio Licence,Available
2,0,VEE,20VEE,Call Sign,Amateur Intermediate Radio Licence,Available
2,0,VEI,20VEI,Call Sign,Amateur Intermediate Radio Licence,Available
2,0,VEJ,20VEJ,Call Sign,Amateur Intermediate Radio Licence,Available
2,0,VEL,20VEL,Call Sign,Amateur Intermediate Radio Licence,Available
2,0,VEM,20VEM,Call Sign,Amateur Intermediate Radio Licence,Available
2,0,VEN,20VEN,Call Sign,Amateur Intermediate Radio Licence,Available
2,0,VEO,20VEO,Call Sign,Amateur Intermediate Radio Licence,Available
2,0,VEQ,20VEQ,Call Sign,Amateur Intermediate Radio Licence,Available
2,0,VES,20VES,Call Sign,Amateur Intermediate Radio Licence,Available
2,0,VEU,20VEU,Call Sign,Amateur Intermediate Radio Licence,Available
2,0,VEW,20VEW,Call Sign,Amateur Intermediate Radio Licence,Available
2,0,VEY,20VEY,Call Sign,Amateur Intermediate Radio Licence,Available
2,0,VEZ,20VEZ,Call Sign,Amateur Intermediate Radio Licence,Available
2,0,VFB,20VFB,Call Sign,Amateur Intermediate Radio Licence,Available
2,0,VFC,20VFC,Call Sign,Amateur Intermediate Radio Licence,Available
2,0,VFD,20VFD,Call Sign,Amateur Intermediate Radio Licence,Available
2,0,VFE,20VFE,Call Sign,Amateur Intermediate Radio Licence,Available
2,0,VFF,20VFF,Call Sign,Amateur Intermediate Radio Licence,Available
2,0,VFG,20VFG,Call Sign,Amateur Intermediate Radio Licence,Available
2,0,VFH,20VFH,Call Sign,Amateur Intermediate Radio Licence,Available
2,0,VFI,20VFI,Call Sign,Amateur Intermediate Radio Licence,Available
2,0,VFJ,20VFJ,Call Sign,Amateur Intermediate Radio Licence,Available
2,0,VFK,20VFK,Call Sign,Amateur Intermediate Radio Licence,Available
2,0,VFL,20VFL,Call Sign,Amateur Intermediate Radio Licence,Available
2,0,VFM,20VFM,Call Sign,Amateur Intermediate Radio Licence,Available
2,0,VFN,20VFN,Call Sign,Amateur Intermediate Radio Licence,Available
2,0,VFP,20VFP,Call Sign,Amateur Intermediate Radio Licence,Available
2,0,VFQ,20VFQ,Call Sign,Amateur Intermediate Radio Licence,Available
2,0,VFS,20VFS,Call Sign,Amateur Intermediate Radio Licence,Available
2,0,VFT,20VFT,Call Sign,Amateur Intermediate Radio Licence,Available
2,0,VFU,20VFU,Call Sign,Amateur Intermediate Radio Licence,Available
2,0,VFW,20VFW,Call Sign,Amateur Intermediate Radio Licence,Available
2,0,VFX,20VFX,Call Sign,Amateur Intermediate Radio Licence,Available
2,0,VFY,20VFY,Call Sign,Amateur Intermediate Radio Licence,Available
2,0,VFZ,20VFZ,Call Sign,Amateur Intermediate Radio Licence,Available
2,0,VGA,20VGA,Call Sign,Amateur Intermediate Radio Licence,Available
2,0,VGD,20VGD,Call Sign,Amateur Intermediate Radio Licence,Available
2,0,VGE,20VGE,Call Sign,Amateur Intermediate Radio Licence,Available
2,0,VGF,20VGF,Call Sign,Amateur Intermediate Radio Licence,Available
2,0,VGG,20VGG,Call Sign,Amateur Intermediate Radio Licence,Available
2,0,VGH,20VGH,Call Sign,Amateur Intermediate Radio Licence,Available
2,0,VGI,20VGI,Call Sign,Amateur Intermediate Radio Licence,Available
2,0,VGJ,20VGJ,Call Sign,Amateur Intermediate Radio Licence,Available
2,0,VGL,20VGL,Call Sign,Amateur Intermediate Radio Licence,Available
2,0,VGM,20VGM,Call Sign,Amateur Intermediate Radio Licence,Available
2,0,VGN,20VGN,Call Sign,Amateur Intermediate Radio Licence,Available
2,0,VGO,20VGO,Call Sign,Amateur Intermediate Radio Licence,Available
2,0,VGP,20VGP,Call Sign,Amateur Intermediate Radio Licence,Available
2,0,VGQ,20VGQ,Call Sign,Amateur Intermediate Radio Licence,Available
2,0,VGR,20VGR,Call Sign,Amateur Intermediate Radio Licence,Available
2,0,VGT,20VGT,Call Sign,Amateur Intermediate Radio Licence,Available
2,0,VGU,20VGU,Call Sign,Amateur Intermediate Radio Licence,Available
2,0,VGX,20VGX,Call Sign,Amateur Intermediate Radio Licence,Available
2,0,VGY,20VGY,Call Sign,Amateur Intermediate Radio Licence,Available
2,0,VGZ,20VGZ,Call Sign,Amateur Intermediate Radio Licence,Available
2,0,VHB,20VHB,Call Sign,Amateur Intermediate Radio Licence,Available
2,0,VHD,20VHD,Call Sign,Amateur Intermediate Radio Licence,Available
2,0,VHE,20VHE,Call Sign,Amateur Intermediate Radio Licence,Available
2,0,VHG,20VHG,Call Sign,Amateur Intermediate Radio Licence,Available
2,0,VHH,20VHH,Call Sign,Amateur Intermediate Radio Licence,Available
2,0,VHI,20VHI,Call Sign,Amateur Intermediate Radio Licence,Available
2,0,VHJ,20VHJ,Call Sign,Amateur Intermediate Radio Licence,Available
2,0,VHK,20VHK,Call Sign,Amateur Intermediate Radio Licence,Available
2,0,VHL,20VHL,Call Sign,Amateur Intermediate Radio Licence,Available
2,0,VHM,20VHM,Call Sign,Amateur Intermediate Radio Licence,Available
2,0,VHN,20VHN,Call Sign,Amateur Intermediate Radio Licence,Available
2,0,VHO,20VHO,Call Sign,Amateur Intermediate Radio Licence,Available
2,0,VHP,20VHP,Call Sign,Amateur Intermediate Radio Licence,Available
2,0,VHQ,20VHQ,Call Sign,Amateur Intermediate Radio Licence,Available
2,0,VHT,20VHT,Call Sign,Amateur Intermediate Radio Licence,Available
2,0,VHU,20VHU,Call Sign,Amateur Intermediate Radio Licence,Available
2,0,VHW,20VHW,Call Sign,Amateur Intermediate Radio Licence,Available
2,0,VHX,20VHX,Call Sign,Amateur Intermediate Radio Licence,Available
2,0,VHY,20VHY,Call Sign,Amateur Intermediate Radio Licence,Available
2,0,VIA,20VIA,Call Sign,Amateur Intermediate Radio Licence,Available
2,0,VIB,20VIB,Call Sign,Amateur Intermediate Radio Licence,Available
2,0,VID,20VID,Call Sign,Amateur Intermediate Radio Licence,Available
2,0,VIE,20VIE,Call Sign,Amateur Intermediate Radio Licence,Available
2,0,VIF,20VIF,Call Sign,Amateur Intermediate Radio Licence,Available
2,0,VIG,20VIG,Call Sign,Amateur Intermediate Radio Licence,Available
2,0,VIJ,20VIJ,Call Sign,Amateur Intermediate Radio Licence,Available
2,0,VIK,20VIK,Call Sign,Amateur Intermediate Radio Licence,Available
2,0,VIO,20VIO,Call Sign,Amateur Intermediate Radio Licence,Available
2,0,VIQ,20VIQ,Call Sign,Amateur Intermediate Radio Licence,Available
2,0,VIT,20VIT,Call Sign,Amateur Intermediate Radio Licence,Available
2,0,VIU,20VIU,Call Sign,Amateur Intermediate Radio Licence,Available
2,0,VIW,20VIW,Call Sign,Amateur Intermediate Radio Licence,Available
2,0,VIX,20VIX,Call Sign,Amateur Intermediate Radio Licence,Available
2,0,VIY,20VIY,Call Sign,Amateur Intermediate Radio Licence,Available
2,0,VJA,20VJA,Call Sign,Amateur Intermediate Radio Licence,Available
2,0,VJC,20VJC,Call Sign,Amateur Intermediate Radio Licence,Available
2,0,VJD,20VJD,Call Sign,Amateur Intermediate Radio Licence,Available
2,0,VJE,20VJE,Call Sign,Amateur Intermediate Radio Licence,Available
2,0,VJG,20VJG,Call Sign,Amateur Intermediate Radio Licence,Available
2,0,VJI,20VJI,Call Sign,Amateur Intermediate Radio Licence,Available
2,0,VJJ,20VJJ,Call Sign,Amateur Intermediate Radio Licence,Available
2,0,VJM,20VJM,Call Sign,Amateur Intermediate Radio Licence,Available
2,0,VJN,20VJN,Call Sign,Amateur Intermediate Radio Licence,Available
2,0,VJP,20VJP,Call Sign,Amateur Intermediate Radio Licence,Available
2,0,VJQ,20VJQ,Call Sign,Amateur Intermediate Radio Licence,Available
2,0,VJR,20VJR,Call Sign,Amateur Intermediate Radio Licence,Available
2,0,VJS,20VJS,Call Sign,Amateur Intermediate Radio Licence,Available
2,0,VJT,20VJT,Call Sign,Amateur Intermediate Radio Licence,Available
2,0,VJU,20VJU,Call Sign,Amateur Intermediate Radio Licence,Available
2,0,VJV,20VJV,Call Sign,Amateur Intermediate Radio Licence,Available
2,0,VJW,20VJW,Call Sign,Amateur Intermediate Radio Licence,Available
2,0,VJY,20VJY,Call Sign,Amateur Intermediate Radio Licence,Available
2,0,VJZ,20VJZ,Call Sign,Amateur Intermediate Radio Licence,Available
2,0,VKB,20VKB,Call Sign,Amateur Intermediate Radio Licence,Available
2,0,VKC,20VKC,Call Sign,Amateur Intermediate Radio Licence,Available
2,0,VKD,20VKD,Call Sign,Amateur Intermediate Radio Licence,Available
2,0,VKE,20VKE,Call Sign,Amateur Intermediate Radio Licence,Available
2,0,VKF,20VKF,Call Sign,Amateur Intermediate Radio Licence,Available
2,0,VKI,20VKI,Call Sign,Amateur Intermediate Radio Licence,Available
2,0,VKJ,20VKJ,Call Sign,Amateur Intermediate Radio Licence,Available
2,0,VKL,20VKL,Call Sign,Amateur Intermediate Radio Licence,Available
2,0,VKM,20VKM,Call Sign,Amateur Intermediate Radio Licence,Available
2,0,VKP,20VKP,Call Sign,Amateur Intermediate Radio Licence,Available
2,0,VKR,20VKR,Call Sign,Amateur Intermediate Radio Licence,Available
2,0,VKT,20VKT,Call Sign,Amateur Intermediate Radio Licence,Available
2,0,VKU,20VKU,Call Sign,Amateur Intermediate Radio Licence,Available
2,0,VKX,20VKX,Call Sign,Amateur Intermediate Radio Licence,Available
2,0,VKZ,20VKZ,Call Sign,Amateur Intermediate Radio Licence,Available
2,0,VLC,20VLC,Call Sign,Amateur Intermediate Radio Licence,Available
2,0,VLD,20VLD,Call Sign,Amateur Intermediate Radio Licence,Available
2,0,VLE,20VLE,Call Sign,Amateur Intermediate Radio Licence,Available
2,0,VLG,20VLG,Call Sign,Amateur Intermediate Radio Licence,Available
2,0,VLH,20VLH,Call Sign,Amateur Intermediate Radio Licence,Available
2,0,VLI,20VLI,Call Sign,Amateur Intermediate Radio Licence,Available
2,0,VLJ,20VLJ,Call Sign,Amateur Intermediate Radio Licence,Available
2,0,VLK,20VLK,Call Sign,Amateur Intermediate Radio Licence,Available
2,0,VLM,20VLM,Call Sign,Amateur Intermediate Radio Licence,Available
2,0,VLN,20VLN,Call Sign,Amateur Intermediate Radio Licence,Available
2,0,VLO,20VLO,Call Sign,Amateur Intermediate Radio Licence,Available
2,0,VLP,20VLP,Call Sign,Amateur Intermediate Radio Licence,Available
2,0,VLQ,20VLQ,Call Sign,Amateur Intermediate Radio Licence,Available
2,0,VLR,20VLR,Call Sign,Amateur Intermediate Radio Licence,Available
2,0,VLW,20VLW,Call Sign,Amateur Intermediate Radio Licence,Available
2,0,VLX,20VLX,Call Sign,Amateur Intermediate Radio Licence,Available
2,0,VLY,20VLY,Call Sign,Amateur Intermediate Radio Licence,Available
2,0,VLZ,20VLZ,Call Sign,Amateur Intermediate Radio Licence,Available
2,0,VMB,20VMB,Call Sign,Amateur Intermediate Radio Licence,Available
2,0,VMD,20VMD,Call Sign,Amateur Intermediate Radio Licence,Available
2,0,VME,20VME,Call Sign,Amateur Intermediate Radio Licence,Available
2,0,VMG,20VMG,Call Sign,Amateur Intermediate Radio Licence,Available
2,0,VMH,20VMH,Call Sign,Amateur Intermediate Radio Licence,Available
2,0,VMI,20VMI,Call Sign,Amateur Intermediate Radio Licence,Available
2,0,VMJ,20VMJ,Call Sign,Amateur Intermediate Radio Licence,Available
2,0,VMK,20VMK,Call Sign,Amateur Intermediate Radio Licence,Available
2,0,VML,20VML,Call Sign,Amateur Intermediate Radio Licence,Available
2,0,VMO,20VMO,Call Sign,Amateur Intermediate Radio Licence,Available
2,0,VMP,20VMP,Call Sign,Amateur Intermediate Radio Licence,Available
2,0,VMQ,20VMQ,Call Sign,Amateur Intermediate Radio Licence,Available
2,0,VMU,20VMU,Call Sign,Amateur Intermediate Radio Licence,Available
2,0,VMW,20VMW,Call Sign,Amateur Intermediate Radio Licence,Available
2,0,VMX,20VMX,Call Sign,Amateur Intermediate Radio Licence,Available
2,0,VMY,20VMY,Call Sign,Amateur Intermediate Radio Licence,Available
2,0,VNA,20VNA,Call Sign,Amateur Intermediate Radio Licence,Available
2,0,VNC,20VNC,Call Sign,Amateur Intermediate Radio Licence,Available
2,0,VND,20VND,Call Sign,Amateur Intermediate Radio Licence,Available
2,0,VNE,20VNE,Call Sign,Amateur Intermediate Radio Licence,Available
2,0,VNF,20VNF,Call Sign,Amateur Intermediate Radio Licence,Available
2,0,VNG,20VNG,Call Sign,Amateur Intermediate Radio Licence,Available
2,0,VNH,20VNH,Call Sign,Amateur Intermediate Radio Licence,Available
2,0,VNI,20VNI,Call Sign,Amateur Intermediate Radio Licence,Available
2,0,VNJ,20VNJ,Call Sign,Amateur Intermediate Radio Licence,Available
2,0,VNM,20VNM,Call Sign,Amateur Intermediate Radio Licence,Available
2,0,VNP,20VNP,Call Sign,Amateur Intermediate Radio Licence,Available
2,0,VNQ,20VNQ,Call Sign,Amateur Intermediate Radio Licence,Available
2,0,VNR,20VNR,Call Sign,Amateur Intermediate Radio Licence,Available
2,0,VNS,20VNS,Call Sign,Amateur Intermediate Radio Licence,Available
2,0,VNT,20VNT,Call Sign,Amateur Intermediate Radio Licence,Available
2,0,VNU,20VNU,Call Sign,Amateur Intermediate Radio Licence,Available
2,0,VNV,20VNV,Call Sign,Amateur Intermediate Radio Licence,Available
2,0,VNX,20VNX,Call Sign,Amateur Intermediate Radio Licence,Available
2,0,VNY,20VNY,Call Sign,Amateur Intermediate Radio Licence,Available
2,0,VNZ,20VNZ,Call Sign,Amateur Intermediate Radio Licence,Available
2,0,VOA,20VOA,Call Sign,Amateur Intermediate Radio Licence,Available
2,0,VOB,20VOB,Call Sign,Amateur Intermediate Radio Licence,Available
2,0,VOE,20VOE,Call Sign,Amateur Intermediate Radio Licence,Available
2,0,VOF,20VOF,Call Sign,Amateur Intermediate Radio Licence,Available
2,0,VOG,20VOG,Call Sign,Amateur Intermediate Radio Licence,Available
2,0,VOH,20VOH,Call Sign,Amateur Intermediate Radio Licence,Available
2,0,VOI,20VOI,Call Sign,Amateur Intermediate Radio Licence,Available
2,0,VOJ,20VOJ,Call Sign,Amateur Intermediate Radio Licence,Available
2,0,VON,20VON,Call Sign,Amateur Intermediate Radio Licence,Available
2,0,VOO,20VOO,Call Sign,Amateur Intermediate Radio Licence,Available
2,0,VOP,20VOP,Call Sign,Amateur Intermediate Radio Licence,Available
2,0,VOT,20VOT,Call Sign,Amateur Intermediate Radio Licence,Available
2,0,VOU,20VOU,Call Sign,Amateur Intermediate Radio Licence,Available
2,0,VOY,20VOY,Call Sign,Amateur Intermediate Radio Licence,Available
2,0,VOZ,20VOZ,Call Sign,Amateur Intermediate Radio Licence,Available
2,0,VPA,20VPA,Call Sign,Amateur Intermediate Radio Licence,Available
2,0,VPB,20VPB,Call Sign,Amateur Intermediate Radio Licence,Available
2,0,VPD,20VPD,Call Sign,Amateur Intermediate Radio Licence,Available
2,0,VPF,20VPF,Call Sign,Amateur Intermediate Radio Licence,Available
2,0,VPG,20VPG,Call Sign,Amateur Intermediate Radio Licence,Available
2,0,VPH,20VPH,Call Sign,Amateur Intermediate Radio Licence,Available
2,0,VPI,20VPI,Call Sign,Amateur Intermediate Radio Licence,Available
2,0,VPJ,20VPJ,Call Sign,Amateur Intermediate Radio Licence,Available
2,0,VPL,20VPL,Call Sign,Amateur Intermediate Radio Licence,Available
2,0,VPM,20VPM,Call Sign,Amateur Intermediate Radio Licence,Available
2,0,VPN,20VPN,Call Sign,Amateur Intermediate Radio Licence,Available
2,0,VPP,20VPP,Call Sign,Amateur Intermediate Radio Licence,Available
2,0,VPQ,20VPQ,Call Sign,Amateur Intermediate Radio Licence,Available
2,0,VPS,20VPS,Call Sign,Amateur Intermediate Radio Licence,Available
2,0,VPV,20VPV,Call Sign,Amateur Intermediate Radio Licence,Available
2,0,VPW,20VPW,Call Sign,Amateur Intermediate Radio Licence,Available
2,0,VPY,20VPY,Call Sign,Amateur Intermediate Radio Licence,Available
2,0,VQA,20VQA,Call Sign,Amateur Intermediate Radio Licence,Available
2,0,VQB,20VQB,Call Sign,Amateur Intermediate Radio Licence,Available
2,0,VQC,20VQC,Call Sign,Amateur Intermediate Radio Licence,Available
2,0,VQD,20VQD,Call Sign,Amateur Intermediate Radio Licence,Available
2,0,VQE,20VQE,Call Sign,Amateur Intermediate Radio Licence,Available
2,0,VQF,20VQF,Call Sign,Amateur Intermediate Radio Licence,Available
2,0,VQG,20VQG,Call Sign,Amateur Intermediate Radio Licence,Available
2,0,VQH,20VQH,Call Sign,Amateur Intermediate Radio Licence,Available
2,0,VQI,20VQI,Call Sign,Amateur Intermediate Radio Licence,Available
2,0,VQJ,20VQJ,Call Sign,Amateur Intermediate Radio Licence,Available
2,0,VQK,20VQK,Call Sign,Amateur Intermediate Radio Licence,Available
2,0,VQL,20VQL,Call Sign,Amateur Intermediate Radio Licence,Available
2,0,VQN,20VQN,Call Sign,Amateur Intermediate Radio Licence,Available
2,0,VQO,20VQO,Call Sign,Amateur Intermediate Radio Licence,Available
2,0,VQP,20VQP,Call Sign,Amateur Intermediate Radio Licence,Available
2,0,VQQ,20VQQ,Call Sign,Amateur Intermediate Radio Licence,Available
2,0,VQR,20VQR,Call Sign,Amateur Intermediate Radio Licence,Available
2,0,VQS,20VQS,Call Sign,Amateur Intermediate Radio Licence,Available
2,0,VQT,20VQT,Call Sign,Amateur Intermediate Radio Licence,Available
2,0,VQU,20VQU,Call Sign,Amateur Intermediate Radio Licence,Available
2,0,VQV,20VQV,Call Sign,Amateur Intermediate Radio Licence,Available
2,0,VQW,20VQW,Call Sign,Amateur Intermediate Radio Licence,Available
2,0,VQX,20VQX,Call Sign,Amateur Intermediate Radio Licence,Available
2,0,VQY,20VQY,Call Sign,Amateur Intermediate Radio Licence,Available
2,0,VQZ,20VQZ,Call Sign,Amateur Intermediate Radio Licence,Available
2,0,VRA,20VRA,Call Sign,Amateur Intermediate Radio Licence,Available
2,0,VRB,20VRB,Call Sign,Amateur Intermediate Radio Licence,Available
2,0,VRC,20VRC,Call Sign,Amateur Intermediate Radio Licence,Available
2,0,VRF,20VRF,Call Sign,Amateur Intermediate Radio Licence,Available
2,0,VRI,20VRI,Call Sign,Amateur Intermediate Radio Licence,Available
2,0,VRJ,20VRJ,Call Sign,Amateur Intermediate Radio Licence,Available
2,0,VRK,20VRK,Call Sign,Amateur Intermediate Radio Licence,Available
2,0,VRL,20VRL,Call Sign,Amateur Intermediate Radio Licence,Available
2,0,VRO,20VRO,Call Sign,Amateur Intermediate Radio Licence,Available
2,0,VRP,20VRP,Call Sign,Amateur Intermediate Radio Licence,Available
2,0,VRQ,20VRQ,Call Sign,Amateur Intermediate Radio Licence,Available
2,0,VRU,20VRU,Call Sign,Amateur Intermediate Radio Licence,Available
2,0,VRV,20VRV,Call Sign,Amateur Intermediate Radio Licence,Available
2,0,VRW,20VRW,Call Sign,Amateur Intermediate Radio Licence,Available
2,0,VRY,20VRY,Call Sign,Amateur Intermediate Radio Licence,Available
2,0,VRZ,20VRZ,Call Sign,Amateur Intermediate Radio Licence,Available
2,0,VSA,20VSA,Call Sign,Amateur Intermediate Radio Licence,Available
2,0,VSB,20VSB,Call Sign,Amateur Intermediate Radio Licence,Available
2,0,VSC,20VSC,Call Sign,Amateur Intermediate Radio Licence,Available
2,0,VSD,20VSD,Call Sign,Amateur Intermediate Radio Licence,Available
2,0,VSE,20VSE,Call Sign,Amateur Intermediate Radio Licence,Available
2,0,VSF,20VSF,Call Sign,Amateur Intermediate Radio Licence,Available
2,0,VSG,20VSG,Call Sign,Amateur Intermediate Radio Licence,Available
2,0,VSH,20VSH,Call Sign,Amateur Intermediate Radio Licence,Available
2,0,VSI,20VSI,Call Sign,Amateur Intermediate Radio Licence,Available
2,0,VSJ,20VSJ,Call Sign,Amateur Intermediate Radio Licence,Available
2,0,VSK,20VSK,Call Sign,Amateur Intermediate Radio Licence,Available
2,0,VSL,20VSL,Call Sign,Amateur Intermediate Radio Licence,Available
2,0,VSM,20VSM,Call Sign,Amateur Intermediate Radio Licence,Available
2,0,VSN,20VSN,Call Sign,Amateur Intermediate Radio Licence,Available
2,0,VSO,20VSO,Call Sign,Amateur Intermediate Radio Licence,Available
2,0,VSP,20VSP,Call Sign,Amateur Intermediate Radio Licence,Available
2,0,VSQ,20VSQ,Call Sign,Amateur Intermediate Radio Licence,Available
2,0,VSR,20VSR,Call Sign,Amateur Intermediate Radio Licence,Available
2,0,VSS,20VSS,Call Sign,Amateur Intermediate Radio Licence,Available
2,0,VST,20VST,Call Sign,Amateur Intermediate Radio Licence,Available
2,0,VSY,20VSY,Call Sign,Amateur Intermediate Radio Licence,Available
2,0,VSZ,20VSZ,Call Sign,Amateur Intermediate Radio Licence,Available
2,0,VTA,20VTA,Call Sign,Amateur Intermediate Radio Licence,Available
2,0,VTC,20VTC,Call Sign,Amateur Intermediate Radio Licence,Available
2,0,VTD,20VTD,Call Sign,Amateur Intermediate Radio Licence,Available
2,0,VTE,20VTE,Call Sign,Amateur Intermediate Radio Licence,Available
2,0,VTF,20VTF,Call Sign,Amateur Intermediate Radio Licence,Available
2,0,VTH,20VTH,Call Sign,Amateur Intermediate Radio Licence,Available
2,0,VTI,20VTI,Call Sign,Amateur Intermediate Radio Licence,Available
2,0,VTJ,20VTJ,Call Sign,Amateur Intermediate Radio Licence,Available
2,0,VTN,20VTN,Call Sign,Amateur Intermediate Radio Licence,Available
2,0,VTO,20VTO,Call Sign,Amateur Intermediate Radio Licence,Available
2,0,VTP,20VTP,Call Sign,Amateur Intermediate Radio Licence,Available
2,0,VTQ,20VTQ,Call Sign,Amateur Intermediate Radio Licence,Available
2,0,VTT,20VTT,Call Sign,Amateur Intermediate Radio Licence,Available
2,0,VTU,20VTU,Call Sign,Amateur Intermediate Radio Licence,Available
2,0,VTV,20VTV,Call Sign,Amateur Intermediate Radio Licence,Available
2,0,VTW,20VTW,Call Sign,Amateur Intermediate Radio Licence,Available
2,0,VTY,20VTY,Call Sign,Amateur Intermediate Radio Licence,Available
2,0,VTZ,20VTZ,Call Sign,Amateur Intermediate Radio Licence,Available
2,0,VUA,20VUA,Call Sign,Amateur Intermediate Radio Licence,Available
2,0,VUB,20VUB,Call Sign,Amateur Intermediate Radio Licence,Available
2,0,VUC,20VUC,Call Sign,Amateur Intermediate Radio Licence,Available
2,0,VUD,20VUD,Call Sign,Amateur Intermediate Radio Licence,Available
2,0,VUE,20VUE,Call Sign,Amateur Intermediate Radio Licence,Available
2,0,VUF,20VUF,Call Sign,Amateur Intermediate Radio Licence,Available
2,0,VUG,20VUG,Call Sign,Amateur Intermediate Radio Licence,Available
2,0,VUH,20VUH,Call Sign,Amateur Intermediate Radio Licence,Available
2,0,VUI,20VUI,Call Sign,Amateur Intermediate Radio Licence,Available
2,0,VUJ,20VUJ,Call Sign,Amateur Intermediate Radio Licence,Available
2,0,VUL,20VUL,Call Sign,Amateur Intermediate Radio Licence,Available
2,0,VUM,20VUM,Call Sign,Amateur Intermediate Radio Licence,Available
2,0,VUN,20VUN,Call Sign,Amateur Intermediate Radio Licence,Available
2,0,VUO,20VUO,Call Sign,Amateur Intermediate Radio Licence,Available
2,0,VUP,20VUP,Call Sign,Amateur Intermediate Radio Licence,Available
2,0,VUQ,20VUQ,Call Sign,Amateur Intermediate Radio Licence,Available
2,0,VUR,20VUR,Call Sign,Amateur Intermediate Radio Licence,Available
2,0,VUS,20VUS,Call Sign,Amateur Intermediate Radio Licence,Available
2,0,VUT,20VUT,Call Sign,Amateur Intermediate Radio Licence,Available
2,0,VUU,20VUU,Call Sign,Amateur Intermediate Radio Licence,Available
2,0,VUX,20VUX,Call Sign,Amateur Intermediate Radio Licence,Available
2,0,VUY,20VUY,Call Sign,Amateur Intermediate Radio Licence,Available
2,0,VUZ,20VUZ,Call Sign,Amateur Intermediate Radio Licence,Available
2,0,VVA,20VVA,Call Sign,Amateur Intermediate Radio Licence,Available
2,0,VVB,20VVB,Call Sign,Amateur Intermediate Radio Licence,Available
2,0,VVD,20VVD,Call Sign,Amateur Intermediate Radio Licence,Available
2,0,VVF,20VVF,Call Sign,Amateur Intermediate Radio Licence,Available
2,0,VVG,20VVG,Call Sign,Amateur Intermediate Radio Licence,Available
2,0,VVH,20VVH,Call Sign,Amateur Intermediate Radio Licence,Available
2,0,VVI,20VVI,Call Sign,Amateur Intermediate Radio Licence,Available
2,0,VVK,20VVK,Call Sign,Amateur Intermediate Radio Licence,Available
2,0,VVM,20VVM,Call Sign,Amateur Intermediate Radio Licence,Available
2,0,VVN,20VVN,Call Sign,Amateur Intermediate Radio Licence,Available
2,0,VVP,20VVP,Call Sign,Amateur Intermediate Radio Licence,Available
2,0,VVR,20VVR,Call Sign,Amateur Intermediate Radio Licence,Available
2,0,VVU,20VVU,Call Sign,Amateur Intermediate Radio Licence,Available
2,0,VVW,20VVW,Call Sign,Amateur Intermediate Radio Licence,Available
2,0,VVX,20VVX,Call Sign,Amateur Intermediate Radio Licence,Available
2,0,VVY,20VVY,Call Sign,Amateur Intermediate Radio Licence,Available
2,0,VVZ,20VVZ,Call Sign,Amateur Intermediate Radio Licence,Available
2,0,VWA,20VWA,Call Sign,Amateur Intermediate Radio Licence,Available
2,0,VWC,20VWC,Call Sign,Amateur Intermediate Radio Licence,Available
2,0,VWD,20VWD,Call Sign,Amateur Intermediate Radio Licence,Available
2,0,VWE,20VWE,Call Sign,Amateur Intermediate Radio Licence,Available
2,0,VWF,20VWF,Call Sign,Amateur Intermediate Radio Licence,Available
2,0,VWH,20VWH,Call Sign,Amateur Intermediate Radio Licence,Available
2,0,VWJ,20VWJ,Call Sign,Amateur Intermediate Radio Licence,Available
2,0,VWL,20VWL,Call Sign,Amateur Intermediate Radio Licence,Available
2,0,VWM,20VWM,Call Sign,Amateur Intermediate Radio Licence,Available
2,0,VWN,20VWN,Call Sign,Amateur Intermediate Radio Licence,Available
2,0,VWO,20VWO,Call Sign,Amateur Intermediate Radio Licence,Available
2,0,VWP,20VWP,Call Sign,Amateur Intermediate Radio Licence,Available
2,0,VWQ,20VWQ,Call Sign,Amateur Intermediate Radio Licence,Available
2,0,VWR,20VWR,Call Sign,Amateur Intermediate Radio Licence,Available
2,0,VWS,20VWS,Call Sign,Amateur Intermediate Radio Licence,Available
2,0,VWT,20VWT,Call Sign,Amateur Intermediate Radio Licence,Available
2,0,VWU,20VWU,Call Sign,Amateur Intermediate Radio Licence,Available
2,0,VWV,20VWV,Call Sign,Amateur Intermediate Radio Licence,Available
2,0,VWY,20VWY,Call Sign,Amateur Intermediate Radio Licence,Available
2,0,VWZ,20VWZ,Call Sign,Amateur Intermediate Radio Licence,Available
2,0,VXA,20VXA,Call Sign,Amateur Intermediate Radio Licence,Available
2,0,VXC,20VXC,Call Sign,Amateur Intermediate Radio Licence,Available
2,0,VXD,20VXD,Call Sign,Amateur Intermediate Radio Licence,Available
2,0,VXE,20VXE,Call Sign,Amateur Intermediate Radio Licence,Available
2,0,VXF,20VXF,Call Sign,Amateur Intermediate Radio Licence,Available
2,0,VXG,20VXG,Call Sign,Amateur Intermediate Radio Licence,Available
2,0,VXH,20VXH,Call Sign,Amateur Intermediate Radio Licence,Available
2,0,VXJ,20VXJ,Call Sign,Amateur Intermediate Radio Licence,Available
2,0,VXK,20VXK,Call Sign,Amateur Intermediate Radio Licence,Available
2,0,VXM,20VXM,Call Sign,Amateur Intermediate Radio Licence,Available
2,0,VXO,20VXO,Call Sign,Amateur Intermediate Radio Licence,Available
2,0,VXP,20VXP,Call Sign,Amateur Intermediate Radio Licence,Available
2,0,VXQ,20VXQ,Call Sign,Amateur Intermediate Radio Licence,Available
2,0,VXS,20VXS,Call Sign,Amateur Intermediate Radio Licence,Available
2,0,VXU,20VXU,Call Sign,Amateur Intermediate Radio Licence,Available
2,0,VXV,20VXV,Call Sign,Amateur Intermediate Radio Licence,Available
2,0,VXW,20VXW,Call Sign,Amateur Intermediate Radio Licence,Available
2,0,VXY,20VXY,Call Sign,Amateur Intermediate Radio Licence,Available
2,0,VXZ,20VXZ,Call Sign,Amateur Intermediate Radio Licence,Available
2,0,VYA,20VYA,Call Sign,Amateur Intermediate Radio Licence,Available
2,0,VYB,20VYB,Call Sign,Amateur Intermediate Radio Licence,Available
2,0,VYC,20VYC,Call Sign,Amateur Intermediate Radio Licence,Available
2,0,VYD,20VYD,Call Sign,Amateur Intermediate Radio Licence,Available
2,0,VYE,20VYE,Call Sign,Amateur Intermediate Radio Licence,Available
2,0,VYF,20VYF,Call Sign,Amateur Intermediate Radio Licence,Available
2,0,VYG,20VYG,Call Sign,Amateur Intermediate Radio Licence,Available
2,0,VYH,20VYH,Call Sign,Amateur Intermediate Radio Licence,Available
2,0,VYI,20VYI,Call Sign,Amateur Intermediate Radio Licence,Available
2,0,VYJ,20VYJ,Call Sign,Amateur Intermediate Radio Licence,Available
2,0,VYK,20VYK,Call Sign,Amateur Intermediate Radio Licence,Available
2,0,VYL,20VYL,Call Sign,Amateur Intermediate Radio Licence,Available
2,0,VYM,20VYM,Call Sign,Amateur Intermediate Radio Licence,Available
2,0,VYN,20VYN,Call Sign,Amateur Intermediate Radio Licence,Available
2,0,VYO,20VYO,Call Sign,Amateur Intermediate Radio Licence,Available
2,0,VYP,20VYP,Call Sign,Amateur Intermediate Radio Licence,Available
2,0,VYQ,20VYQ,Call Sign,Amateur Intermediate Radio Licence,Available
2,0,VYR,20VYR,Call Sign,Amateur Intermediate Radio Licence,Available
2,0,VYS,20VYS,Call Sign,Amateur Intermediate Radio Licence,Available
2,0,VYT,20VYT,Call Sign,Amateur Intermediate Radio Licence,Available
2,0,VYU,20VYU,Call Sign,Amateur Intermediate Radio Licence,Available
2,0,VYX,20VYX,Call Sign,Amateur Intermediate Radio Licence,Available
2,0,VYY,20VYY,Call Sign,Amateur Intermediate Radio Licence,Available
2,0,VYZ,20VYZ,Call Sign,Amateur Intermediate Radio Licence,Available
2,0,VZA,20VZA,Call Sign,Amateur Intermediate Radio Licence,Available
2,0,VZB,20VZB,Call Sign,Amateur Intermediate Radio Licence,Available
2,0,VZC,20VZC,Call Sign,Amateur Intermediate Radio Licence,Available
2,0,VZD,20VZD,Call Sign,Amateur Intermediate Radio Licence,Available
2,0,VZE,20VZE,Call Sign,Amateur Intermediate Radio Licence,Available
2,0,VZF,20VZF,Call Sign,Amateur Intermediate Radio Licence,Available
2,0,VZG,20VZG,Call Sign,Amateur Intermediate Radio Licence,Available
2,0,VZH,20VZH,Call Sign,Amateur Intermediate Radio Licence,Available
2,0,VZI,20VZI,Call Sign,Amateur Intermediate Radio Licence,Available
2,0,VZM,20VZM,Call Sign,Amateur Intermediate Radio Licence,Available
2,0,VZN,20VZN,Call Sign,Amateur Intermediate Radio Licence,Available
2,0,VZO,20VZO,Call Sign,Amateur Intermediate Radio Licence,Available
2,0,VZP,20VZP,Call Sign,Amateur Intermediate Radio Licence,Available
2,0,VZQ,20VZQ,Call Sign,Amateur Intermediate Radio Licence,Available
2,0,VZR,20VZR,Call Sign,Amateur Intermediate Radio Licence,Available
2,0,VZS,20VZS,Call Sign,Amateur Intermediate Radio Licence,Available
2,0,VZT,20VZT,Call Sign,Amateur Intermediate Radio Licence,Available
2,0,VZU,20VZU,Call Sign,Amateur Intermediate Radio Licence,Available
2,0,VZV,20VZV,Call Sign,Amateur Intermediate Radio Licence,Available
2,0,VZW,20VZW,Call Sign,Amateur Intermediate Radio Licence,Available
2,0,VZX,20VZX,Call Sign,Amateur Intermediate Radio Licence,Available
2,0,VZY,20VZY,Call Sign,Amateur Intermediate Radio Licence,Available
2,0,VZZ,20VZZ,Call Sign,Amateur Intermediate Radio Licence,Available
2,0,WBS,20WBS,Call Sign,Amateur Intermediate Radio Licence,Available
2,0,WBV,20WBV,Call Sign,Amateur Intermediate Radio Licence,Available
2,0,WBX,20WBX,Call Sign,Amateur Intermediate Radio Licence,Available
2,0,WBZ,20WBZ,Call Sign,Amateur Intermediate Radio Licence,Available
2,0,WCC,20WCC,Call Sign,Amateur Intermediate Radio Licence,Available
2,0,WCF,20WCF,Call Sign,Amateur Intermediate Radio Licence,Available
2,0,WCG,20WCG,Call Sign,Amateur Intermediate Radio Licence,Available
2,0,WCI,20WCI,Call Sign,Amateur Intermediate Radio Licence,Available
2,0,WCJ,20WCJ,Call Sign,Amateur Intermediate Radio Licence,Available
2,0,WCL,20WCL,Call Sign,Amateur Intermediate Radio Licence,Available
2,0,WCN,20WCN,Call Sign,Amateur Intermediate Radio Licence,Available
2,0,WCP,20WCP,Call Sign,Amateur Intermediate Radio Licence,Available
2,0,WCQ,20WCQ,Call Sign,Amateur Intermediate Radio Licence,Available
2,0,WCR,20WCR,Call Sign,Amateur Intermediate Radio Licence,Available
2,0,WCS,20WCS,Call Sign,Amateur Intermediate Radio Licence,Available
2,0,WCU,20WCU,Call Sign,Amateur Intermediate Radio Licence,Available
2,0,WCV,20WCV,Call Sign,Amateur Intermediate Radio Licence,Available
2,0,WCY,20WCY,Call Sign,Amateur Intermediate Radio Licence,Available
2,0,WCZ,20WCZ,Call Sign,Amateur Intermediate Radio Licence,Available
2,0,WDA,20WDA,Call Sign,Amateur Intermediate Radio Licence,Available
2,0,WDC,20WDC,Call Sign,Amateur Intermediate Radio Licence,Available
2,0,WDG,20WDG,Call Sign,Amateur Intermediate Radio Licence,Available
2,0,WDK,20WDK,Call Sign,Amateur Intermediate Radio Licence,Available
2,0,WDL,20WDL,Call Sign,Amateur Intermediate Radio Licence,Available
2,0,WDN,20WDN,Call Sign,Amateur Intermediate Radio Licence,Available
2,0,WDO,20WDO,Call Sign,Amateur Intermediate Radio Licence,Available
2,0,WDP,20WDP,Call Sign,Amateur Intermediate Radio Licence,Available
2,0,WDQ,20WDQ,Call Sign,Amateur Intermediate Radio Licence,Available
2,0,WDR,20WDR,Call Sign,Amateur Intermediate Radio Licence,Available
2,0,WDT,20WDT,Call Sign,Amateur Intermediate Radio Licence,Available
2,0,WDU,20WDU,Call Sign,Amateur Intermediate Radio Licence,Available
2,0,WDV,20WDV,Call Sign,Amateur Intermediate Radio Licence,Available
2,0,WDW,20WDW,Call Sign,Amateur Intermediate Radio Licence,Available
2,0,WDZ,20WDZ,Call Sign,Amateur Intermediate Radio Licence,Available
2,0,WEA,20WEA,Call Sign,Amateur Intermediate Radio Licence,Available
2,0,WED,20WED,Call Sign,Amateur Intermediate Radio Licence,Available
2,0,WEH,20WEH,Call Sign,Amateur Intermediate Radio Licence,Available
2,0,WEI,20WEI,Call Sign,Amateur Intermediate Radio Licence,Available
2,0,WEK,20WEK,Call Sign,Amateur Intermediate Radio Licence,Available
2,0,WEM,20WEM,Call Sign,Amateur Intermediate Radio Licence,Available
2,0,WEO,20WEO,Call Sign,Amateur Intermediate Radio Licence,Available
2,0,WEQ,20WEQ,Call Sign,Amateur Intermediate Radio Licence,Available
2,0,WER,20WER,Call Sign,Amateur Intermediate Radio Licence,Available
2,0,WEU,20WEU,Call Sign,Amateur Intermediate Radio Licence,Available
2,0,WEW,20WEW,Call Sign,Amateur Intermediate Radio Licence,Available
2,0,WEY,20WEY,Call Sign,Amateur Intermediate Radio Licence,Available
2,0,WFA,20WFA,Call Sign,Amateur Intermediate Radio Licence,Available
2,0,WFD,20WFD,Call Sign,Amateur Intermediate Radio Licence,Available
2,0,WFE,20WFE,Call Sign,Amateur Intermediate Radio Licence,Available
2,0,WFF,20WFF,Call Sign,Amateur Intermediate Radio Licence,Available
2,0,WFH,20WFH,Call Sign,Amateur Intermediate Radio Licence,Available
2,0,WFI,20WFI,Call Sign,Amateur Intermediate Radio Licence,Available
2,0,WFJ,20WFJ,Call Sign,Amateur Intermediate Radio Licence,Available
2,0,WFK,20WFK,Call Sign,Amateur Intermediate Radio Licence,Available
2,0,WFL,20WFL,Call Sign,Amateur Intermediate Radio Licence,Available
2,0,WFP,20WFP,Call Sign,Amateur Intermediate Radio Licence,Available
2,0,WFQ,20WFQ,Call Sign,Amateur Intermediate Radio Licence,Available
2,0,WFR,20WFR,Call Sign,Amateur Intermediate Radio Licence,Available
2,0,WFS,20WFS,Call Sign,Amateur Intermediate Radio Licence,Available
2,0,WFT,20WFT,Call Sign,Amateur Intermediate Radio Licence,Available
2,0,WFU,20WFU,Call Sign,Amateur Intermediate Radio Licence,Available
2,0,WFV,20WFV,Call Sign,Amateur Intermediate Radio Licence,Available
2,0,WFW,20WFW,Call Sign,Amateur Intermediate Radio Licence,Available
2,0,WFY,20WFY,Call Sign,Amateur Intermediate Radio Licence,Available
2,0,WFZ,20WFZ,Call Sign,Amateur Intermediate Radio Licence,Available
2,0,WGD,20WGD,Call Sign,Amateur Intermediate Radio Licence,Available
2,0,WGF,20WGF,Call Sign,Amateur Intermediate Radio Licence,Available
2,0,WGG,20WGG,Call Sign,Amateur Intermediate Radio Licence,Available
2,0,WGJ,20WGJ,Call Sign,Amateur Intermediate Radio Licence,Available
2,0,WGK,20WGK,Call Sign,Amateur Intermediate Radio Licence,Available
2,0,WGN,20WGN,Call Sign,Amateur Intermediate Radio Licence,Available
2,0,WGQ,20WGQ,Call Sign,Amateur Intermediate Radio Licence,Available
2,0,WGR,20WGR,Call Sign,Amateur Intermediate Radio Licence,Available
2,0,WGT,20WGT,Call Sign,Amateur Intermediate Radio Licence,Available
2,0,WGU,20WGU,Call Sign,Amateur Intermediate Radio Licence,Available
2,0,WGV,20WGV,Call Sign,Amateur Intermediate Radio Licence,Available
2,0,WGW,20WGW,Call Sign,Amateur Intermediate Radio Licence,Available
2,0,WGX,20WGX,Call Sign,Amateur Intermediate Radio Licence,Available
2,0,WGY,20WGY,Call Sign,Amateur Intermediate Radio Licence,Available
2,0,WHB,20WHB,Call Sign,Amateur Intermediate Radio Licence,Available
2,0,WHC,20WHC,Call Sign,Amateur Intermediate Radio Licence,Available
2,0,WHE,20WHE,Call Sign,Amateur Intermediate Radio Licence,Available
2,0,WHF,20WHF,Call Sign,Amateur Intermediate Radio Licence,Available
2,0,WHI,20WHI,Call Sign,Amateur Intermediate Radio Licence,Available
2,0,WHJ,20WHJ,Call Sign,Amateur Intermediate Radio Licence,Available
2,0,WHK,20WHK,Call Sign,Amateur Intermediate Radio Licence,Available
2,0,WHL,20WHL,Call Sign,Amateur Intermediate Radio Licence,Available
2,0,WHM,20WHM,Call Sign,Amateur Intermediate Radio Licence,Available
2,0,WHP,20WHP,Call Sign,Amateur Intermediate Radio Licence,Available
2,0,WHQ,20WHQ,Call Sign,Amateur Intermediate Radio Licence,Available
2,0,WHS,20WHS,Call Sign,Amateur Intermediate Radio Licence,Available
2,0,WHT,20WHT,Call Sign,Amateur Intermediate Radio Licence,Available
2,0,WHV,20WHV,Call Sign,Amateur Intermediate Radio Licence,Available
2,0,WHX,20WHX,Call Sign,Amateur Intermediate Radio Licence,Available
2,0,WHZ,20WHZ,Call Sign,Amateur Intermediate Radio Licence,Available
2,0,WID,20WID,Call Sign,Amateur Intermediate Radio Licence,Available
2,0,WIF,20WIF,Call Sign,Amateur Intermediate Radio Licence,Available
2,0,WIH,20WIH,Call Sign,Amateur Intermediate Radio Licence,Available
2,0,WII,20WII,Call Sign,Amateur Intermediate Radio Licence,Available
2,0,WIJ,20WIJ,Call Sign,Amateur Intermediate Radio Licence,Available
2,0,WIK,20WIK,Call Sign,Amateur Intermediate Radio Licence,Available
2,0,WIM,20WIM,Call Sign,Amateur Intermediate Radio Licence,Available
2,0,WIO,20WIO,Call Sign,Amateur Intermediate Radio Licence,Available
2,0,WIQ,20WIQ,Call Sign,Amateur Intermediate Radio Licence,Available
2,0,WIR,20WIR,Call Sign,Amateur Intermediate Radio Licence,Available
2,0,WIT,20WIT,Call Sign,Amateur Intermediate Radio Licence,Available
2,0,WIU,20WIU,Call Sign,Amateur Intermediate Radio Licence,Available
2,0,WIV,20WIV,Call Sign,Amateur Intermediate Radio Licence,Available
2,0,WIX,20WIX,Call Sign,Amateur Intermediate Radio Licence,Available
2,0,WIY,20WIY,Call Sign,Amateur Intermediate Radio Licence,Available
2,0,WJD,20WJD,Call Sign,Amateur Intermediate Radio Licence,Available
2,0,WJF,20WJF,Call Sign,Amateur Intermediate Radio Licence,Available
2,0,WJG,20WJG,Call Sign,Amateur Intermediate Radio Licence,Available
2,0,WJH,20WJH,Call Sign,Amateur Intermediate Radio Licence,Available
2,0,WJJ,20WJJ,Call Sign,Amateur Intermediate Radio Licence,Available
2,0,WJK,20WJK,Call Sign,Amateur Intermediate Radio Licence,Available
2,0,WJM,20WJM,Call Sign,Amateur Intermediate Radio Licence,Available
2,0,WJN,20WJN,Call Sign,Amateur Intermediate Radio Licence,Available
2,0,WJO,20WJO,Call Sign,Amateur Intermediate Radio Licence,Available
2,0,WJP,20WJP,Call Sign,Amateur Intermediate Radio Licence,Available
2,0,WJQ,20WJQ,Call Sign,Amateur Intermediate Radio Licence,Available
2,0,WJU,20WJU,Call Sign,Amateur Intermediate Radio Licence,Available
2,0,WJW,20WJW,Call Sign,Amateur Intermediate Radio Licence,Available
2,0,WJX,20WJX,Call Sign,Amateur Intermediate Radio Licence,Available
2,0,WJY,20WJY,Call Sign,Amateur Intermediate Radio Licence,Available
2,0,WJZ,20WJZ,Call Sign,Amateur Intermediate Radio Licence,Available
2,0,WKB,20WKB,Call Sign,Amateur Intermediate Radio Licence,Available
2,0,WKC,20WKC,Call Sign,Amateur Intermediate Radio Licence,Available
2,0,WKF,20WKF,Call Sign,Amateur Intermediate Radio Licence,Available
2,0,WKI,20WKI,Call Sign,Amateur Intermediate Radio Licence,Available
2,0,WKJ,20WKJ,Call Sign,Amateur Intermediate Radio Licence,Available
2,0,WKK,20WKK,Call Sign,Amateur Intermediate Radio Licence,Available
2,0,WKL,20WKL,Call Sign,Amateur Intermediate Radio Licence,Available
2,0,WKM,20WKM,Call Sign,Amateur Intermediate Radio Licence,Available
2,0,WKN,20WKN,Call Sign,Amateur Intermediate Radio Licence,Available
2,0,WKO,20WKO,Call Sign,Amateur Intermediate Radio Licence,Available
2,0,WKP,20WKP,Call Sign,Amateur Intermediate Radio Licence,Available
2,0,WKQ,20WKQ,Call Sign,Amateur Intermediate Radio Licence,Available
2,0,WKS,20WKS,Call Sign,Amateur Intermediate Radio Licence,Available
2,0,WKU,20WKU,Call Sign,Amateur Intermediate Radio Licence,Available
2,0,WKW,20WKW,Call Sign,Amateur Intermediate Radio Licence,Available
2,0,WKX,20WKX,Call Sign,Amateur Intermediate Radio Licence,Available
2,0,WKY,20WKY,Call Sign,Amateur Intermediate Radio Licence,Available
2,0,WLB,20WLB,Call Sign,Amateur Intermediate Radio Licence,Available
2,0,WLE,20WLE,Call Sign,Amateur Intermediate Radio Licence,Available
2,0,WLF,20WLF,Call Sign,Amateur Intermediate Radio Licence,Available
2,0,WLG,20WLG,Call Sign,Amateur Intermediate Radio Licence,Available
2,0,WLI,20WLI,Call Sign,Amateur Intermediate Radio Licence,Available
2,0,WLJ,20WLJ,Call Sign,Amateur Intermediate Radio Licence,Available
2,0,WLO,20WLO,Call Sign,Amateur Intermediate Radio Licence,Available
2,0,WLP,20WLP,Call Sign,Amateur Intermediate Radio Licence,Available
2,0,WLQ,20WLQ,Call Sign,Amateur Intermediate Radio Licence,Available
2,0,WLU,20WLU,Call Sign,Amateur Intermediate Radio Licence,Available
2,0,WLV,20WLV,Call Sign,Amateur Intermediate Radio Licence,Available
2,0,WLW,20WLW,Call Sign,Amateur Intermediate Radio Licence,Available
2,0,WLZ,20WLZ,Call Sign,Amateur Intermediate Radio Licence,Available
2,0,WMA,20WMA,Call Sign,Amateur Intermediate Radio Licence,Available
2,0,WME,20WME,Call Sign,Amateur Intermediate Radio Licence,Available
2,0,WMF,20WMF,Call Sign,Amateur Intermediate Radio Licence,Available
2,0,WMI,20WMI,Call Sign,Amateur Intermediate Radio Licence,Available
2,0,WMK,20WMK,Call Sign,Amateur Intermediate Radio Licence,Available
2,0,WML,20WML,Call Sign,Amateur Intermediate Radio Licence,Available
2,0,WMM,20WMM,Call Sign,Amateur Intermediate Radio Licence,Available
2,0,WMN,20WMN,Call Sign,Amateur Intermediate Radio Licence,Available
2,0,WMO,20WMO,Call Sign,Amateur Intermediate Radio Licence,Available
2,0,WMQ,20WMQ,Call Sign,Amateur Intermediate Radio Licence,Available
2,0,WMT,20WMT,Call Sign,Amateur Intermediate Radio Licence,Available
2,0,WMV,20WMV,Call Sign,Amateur Intermediate Radio Licence,Available
2,0,WMW,20WMW,Call Sign,Amateur Intermediate Radio Licence,Available
2,0,WMX,20WMX,Call Sign,Amateur Intermediate Radio Licence,Available
2,0,WMZ,20WMZ,Call Sign,Amateur Intermediate Radio Licence,Available
2,0,WNA,20WNA,Call Sign,Amateur Intermediate Radio Licence,Available
2,0,WNC,20WNC,Call Sign,Amateur Intermediate Radio Licence,Available
2,0,WND,20WND,Call Sign,Amateur Intermediate Radio Licence,Available
2,0,WNE,20WNE,Call Sign,Amateur Intermediate Radio Licence,Available
2,0,WNH,20WNH,Call Sign,Amateur Intermediate Radio Licence,Available
2,0,WNL,20WNL,Call Sign,Amateur Intermediate Radio Licence,Available
2,0,WNN,20WNN,Call Sign,Amateur Intermediate Radio Licence,Available
2,0,WNO,20WNO,Call Sign,Amateur Intermediate Radio Licence,Available
2,0,WNP,20WNP,Call Sign,Amateur Intermediate Radio Licence,Available
2,0,WNQ,20WNQ,Call Sign,Amateur Intermediate Radio Licence,Available
2,0,WNR,20WNR,Call Sign,Amateur Intermediate Radio Licence,Available
2,0,WNS,20WNS,Call Sign,Amateur Intermediate Radio Licence,Available
2,0,WNU,20WNU,Call Sign,Amateur Intermediate Radio Licence,Available
2,0,WNV,20WNV,Call Sign,Amateur Intermediate Radio Licence,Available
2,0,WNX,20WNX,Call Sign,Amateur Intermediate Radio Licence,Available
2,0,WNY,20WNY,Call Sign,Amateur Intermediate Radio Licence,Available
2,0,WNZ,20WNZ,Call Sign,Amateur Intermediate Radio Licence,Available
2,0,WOC,20WOC,Call Sign,Amateur Intermediate Radio Licence,Available
2,0,WOF,20WOF,Call Sign,Amateur Intermediate Radio Licence,Available
2,0,WOH,20WOH,Call Sign,Amateur Intermediate Radio Licence,Available
2,0,WOI,20WOI,Call Sign,Amateur Intermediate Radio Licence,Available
2,0,WOK,20WOK,Call Sign,Amateur Intermediate Radio Licence,Available
2,0,WOQ,20WOQ,Call Sign,Amateur Intermediate Radio Licence,Available
2,0,WOU,20WOU,Call Sign,Amateur Intermediate Radio Licence,Available
2,0,WOV,20WOV,Call Sign,Amateur Intermediate Radio Licence,Available
2,0,WOX,20WOX,Call Sign,Amateur Intermediate Radio Licence,Available
2,0,WOY,20WOY,Call Sign,Amateur Intermediate Radio Licence,Available
2,0,WPB,20WPB,Call Sign,Amateur Intermediate Radio Licence,Available
2,0,WPD,20WPD,Call Sign,Amateur Intermediate Radio Licence,Available
2,0,WPF,20WPF,Call Sign,Amateur Intermediate Radio Licence,Available
2,0,WPG,20WPG,Call Sign,Amateur Intermediate Radio Licence,Available
2,0,WPI,20WPI,Call Sign,Amateur Intermediate Radio Licence,Available
2,0,WPL,20WPL,Call Sign,Amateur Intermediate Radio Licence,Available
2,0,WPM,20WPM,Call Sign,Amateur Intermediate Radio Licence,Available
2,0,WPN,20WPN,Call Sign,Amateur Intermediate Radio Licence,Available
2,0,WPO,20WPO,Call Sign,Amateur Intermediate Radio Licence,Available
2,0,WPP,20WPP,Call Sign,Amateur Intermediate Radio Licence,Available
2,0,WPQ,20WPQ,Call Sign,Amateur Intermediate Radio Licence,Available
2,0,WPR,20WPR,Call Sign,Amateur Intermediate Radio Licence,Available
2,0,WPS,20WPS,Call Sign,Amateur Intermediate Radio Licence,Available
2,0,WPU,20WPU,Call Sign,Amateur Intermediate Radio Licence,Available
2,0,WPV,20WPV,Call Sign,Amateur Intermediate Radio Licence,Available
2,0,WPW,20WPW,Call Sign,Amateur Intermediate Radio Licence,Available
2,0,WPY,20WPY,Call Sign,Amateur Intermediate Radio Licence,Available
2,0,WQA,20WQA,Call Sign,Amateur Intermediate Radio Licence,Available
2,0,WQB,20WQB,Call Sign,Amateur Intermediate Radio Licence,Available
2,0,WQC,20WQC,Call Sign,Amateur Intermediate Radio Licence,Available
2,0,WQD,20WQD,Call Sign,Amateur Intermediate Radio Licence,Available
2,0,WQE,20WQE,Call Sign,Amateur Intermediate Radio Licence,Available
2,0,WQF,20WQF,Call Sign,Amateur Intermediate Radio Licence,Available
2,0,WQG,20WQG,Call Sign,Amateur Intermediate Radio Licence,Available
2,0,WQH,20WQH,Call Sign,Amateur Intermediate Radio Licence,Available
2,0,WQI,20WQI,Call Sign,Amateur Intermediate Radio Licence,Available
2,0,WQJ,20WQJ,Call Sign,Amateur Intermediate Radio Licence,Available
2,0,WQL,20WQL,Call Sign,Amateur Intermediate Radio Licence,Available
2,0,WQM,20WQM,Call Sign,Amateur Intermediate Radio Licence,Available
2,0,WQN,20WQN,Call Sign,Amateur Intermediate Radio Licence,Available
2,0,WQO,20WQO,Call Sign,Amateur Intermediate Radio Licence,Available
2,0,WQP,20WQP,Call Sign,Amateur Intermediate Radio Licence,Available
2,0,WQQ,20WQQ,Call Sign,Amateur Intermediate Radio Licence,Available
2,0,WQS,20WQS,Call Sign,Amateur Intermediate Radio Licence,Available
2,0,WQT,20WQT,Call Sign,Amateur Intermediate Radio Licence,Available
2,0,WQU,20WQU,Call Sign,Amateur Intermediate Radio Licence,Available
2,0,WQV,20WQV,Call Sign,Amateur Intermediate Radio Licence,Available
2,0,WQW,20WQW,Call Sign,Amateur Intermediate Radio Licence,Available
2,0,WQX,20WQX,Call Sign,Amateur Intermediate Radio Licence,Available
2,0,WQY,20WQY,Call Sign,Amateur Intermediate Radio Licence,Available
2,0,WQZ,20WQZ,Call Sign,Amateur Intermediate Radio Licence,Available
2,0,WRB,20WRB,Call Sign,Amateur Intermediate Radio Licence,Available
2,0,WRD,20WRD,Call Sign,Amateur Intermediate Radio Licence,Available
2,0,WRE,20WRE,Call Sign,Amateur Intermediate Radio Licence,Available
2,0,WRG,20WRG,Call Sign,Amateur Intermediate Radio Licence,Available
2,0,WRI,20WRI,Call Sign,Amateur Intermediate Radio Licence,Available
2,0,WRJ,20WRJ,Call Sign,Amateur Intermediate Radio Licence,Available
2,0,WRK,20WRK,Call Sign,Amateur Intermediate Radio Licence,Available
2,0,WRL,20WRL,Call Sign,Amateur Intermediate Radio Licence,Available
2,0,WRN,20WRN,Call Sign,Amateur Intermediate Radio Licence,Available
2,0,WRO,20WRO,Call Sign,Amateur Intermediate Radio Licence,Available
2,0,WRQ,20WRQ,Call Sign,Amateur Intermediate Radio Licence,Available
2,0,WRT,20WRT,Call Sign,Amateur Intermediate Radio Licence,Available
2,0,WRU,20WRU,Call Sign,Amateur Intermediate Radio Licence,Available
2,0,WRV,20WRV,Call Sign,Amateur Intermediate Radio Licence,Available
2,0,WRW,20WRW,Call Sign,Amateur Intermediate Radio Licence,Available
2,0,WSC,20WSC,Call Sign,Amateur Intermediate Radio Licence,Available
2,0,WSE,20WSE,Call Sign,Amateur Intermediate Radio Licence,Available
2,0,WSG,20WSG,Call Sign,Amateur Intermediate Radio Licence,Available
2,0,WSI,20WSI,Call Sign,Amateur Intermediate Radio Licence,Available
2,0,WSN,20WSN,Call Sign,Amateur Intermediate Radio Licence,Available
2,0,WSO,20WSO,Call Sign,Amateur Intermediate Radio Licence,Available
2,0,WSP,20WSP,Call Sign,Amateur Intermediate Radio Licence,Available
2,0,WSQ,20WSQ,Call Sign,Amateur Intermediate Radio Licence,Available
2,0,WSU,20WSU,Call Sign,Amateur Intermediate Radio Licence,Available
2,0,WSV,20WSV,Call Sign,Amateur Intermediate Radio Licence,Available
2,0,WSY,20WSY,Call Sign,Amateur Intermediate Radio Licence,Available
2,0,WSZ,20WSZ,Call Sign,Amateur Intermediate Radio Licence,Available
2,0,WTI,20WTI,Call Sign,Amateur Intermediate Radio Licence,Available
2,0,WTJ,20WTJ,Call Sign,Amateur Intermediate Radio Licence,Available
2,0,WTK,20WTK,Call Sign,Amateur Intermediate Radio Licence,Available
2,0,WTL,20WTL,Call Sign,Amateur Intermediate Radio Licence,Available
2,0,WTM,20WTM,Call Sign,Amateur Intermediate Radio Licence,Available
2,0,WTO,20WTO,Call Sign,Amateur Intermediate Radio Licence,Available
2,0,WTP,20WTP,Call Sign,Amateur Intermediate Radio Licence,Available
2,0,WTR,20WTR,Call Sign,Amateur Intermediate Radio Licence,Available
2,0,WTS,20WTS,Call Sign,Amateur Intermediate Radio Licence,Available
2,0,WTU,20WTU,Call Sign,Amateur Intermediate Radio Licence,Available
2,0,WTV,20WTV,Call Sign,Amateur Intermediate Radio Licence,Available
2,0,WTW,20WTW,Call Sign,Amateur Intermediate Radio Licence,Available
2,0,WUA,20WUA,Call Sign,Amateur Intermediate Radio Licence,Available
2,0,WUB,20WUB,Call Sign,Amateur Intermediate Radio Licence,Available
2,0,WUC,20WUC,Call Sign,Amateur Intermediate Radio Licence,Available
2,0,WUD,20WUD,Call Sign,Amateur Intermediate Radio Licence,Available
2,0,WUE,20WUE,Call Sign,Amateur Intermediate Radio Licence,Available
2,0,WUG,20WUG,Call Sign,Amateur Intermediate Radio Licence,Available
2,0,WUH,20WUH,Call Sign,Amateur Intermediate Radio Licence,Available
2,0,WUI,20WUI,Call Sign,Amateur Intermediate Radio Licence,Available
2,0,WUJ,20WUJ,Call Sign,Amateur Intermediate Radio Licence,Available
2,0,WUK,20WUK,Call Sign,Amateur Intermediate Radio Licence,Available
2,0,WUM,20WUM,Call Sign,Amateur Intermediate Radio Licence,Available
2,0,WUO,20WUO,Call Sign,Amateur Intermediate Radio Licence,Available
2,0,WUP,20WUP,Call Sign,Amateur Intermediate Radio Licence,Available
2,0,WUQ,20WUQ,Call Sign,Amateur Intermediate Radio Licence,Available
2,0,WUR,20WUR,Call Sign,Amateur Intermediate Radio Licence,Available
2,0,WUS,20WUS,Call Sign,Amateur Intermediate Radio Licence,Available
2,0,WUU,20WUU,Call Sign,Amateur Intermediate Radio Licence,Available
2,0,WUV,20WUV,Call Sign,Amateur Intermediate Radio Licence,Available
2,0,WUW,20WUW,Call Sign,Amateur Intermediate Radio Licence,Available
2,0,WUX,20WUX,Call Sign,Amateur Intermediate Radio Licence,Available
2,0,WUY,20WUY,Call Sign,Amateur Intermediate Radio Licence,Available
2,0,WUZ,20WUZ,Call Sign,Amateur Intermediate Radio Licence,Available
2,0,WVA,20WVA,Call Sign,Amateur Intermediate Radio Licence,Available
2,0,WVC,20WVC,Call Sign,Amateur Intermediate Radio Licence,Available
2,0,WVF,20WVF,Call Sign,Amateur Intermediate Radio Licence,Available
2,0,WVG,20WVG,Call Sign,Amateur Intermediate Radio Licence,Available
2,0,WVH,20WVH,Call Sign,Amateur Intermediate Radio Licence,Available
2,0,WVI,20WVI,Call Sign,Amateur Intermediate Radio Licence,Available
2,0,WVJ,20WVJ,Call Sign,Amateur Intermediate Radio Licence,Available
2,0,WVL,20WVL,Call Sign,Amateur Intermediate Radio Licence,Available
2,0,WVN,20WVN,Call Sign,Amateur Intermediate Radio Licence,Available
2,0,WVO,20WVO,Call Sign,Amateur Intermediate Radio Licence,Available
2,0,WVP,20WVP,Call Sign,Amateur Intermediate Radio Licence,Available
2,0,WVQ,20WVQ,Call Sign,Amateur Intermediate Radio Licence,Available
2,0,WVT,20WVT,Call Sign,Amateur Intermediate Radio Licence,Available
2,0,WVU,20WVU,Call Sign,Amateur Intermediate Radio Licence,Available
2,0,WVV,20WVV,Call Sign,Amateur Intermediate Radio Licence,Available
2,0,WVW,20WVW,Call Sign,Amateur Intermediate Radio Licence,Available
2,0,WVX,20WVX,Call Sign,Amateur Intermediate Radio Licence,Available
2,0,WVY,20WVY,Call Sign,Amateur Intermediate Radio Licence,Available
2,0,WWA,20WWA,Call Sign,Amateur Intermediate Radio Licence,Available
2,0,WWB,20WWB,Call Sign,Amateur Intermediate Radio Licence,Available
2,0,WWC,20WWC,Call Sign,Amateur Intermediate Radio Licence,Available
2,0,WWD,20WWD,Call Sign,Amateur Intermediate Radio Licence,Available
2,0,WWE,20WWE,Call Sign,Amateur Intermediate Radio Licence,Available
2,0,WWF,20WWF,Call Sign,Amateur Intermediate Radio Licence,Available
2,0,WWG,20WWG,Call Sign,Amateur Intermediate Radio Licence,Available
2,0,WWH,20WWH,Call Sign,Amateur Intermediate Radio Licence,Available
2,0,WWI,20WWI,Call Sign,Amateur Intermediate Radio Licence,Available
2,0,WWJ,20WWJ,Call Sign,Amateur Intermediate Radio Licence,Available
2,0,WWK,20WWK,Call Sign,Amateur Intermediate Radio Licence,Available
2,0,WWL,20WWL,Call Sign,Amateur Intermediate Radio Licence,Available
2,0,WWO,20WWO,Call Sign,Amateur Intermediate Radio Licence,Available
2,0,WWP,20WWP,Call Sign,Amateur Intermediate Radio Licence,Available
2,0,WWQ,20WWQ,Call Sign,Amateur Intermediate Radio Licence,Available
2,0,WWU,20WWU,Call Sign,Amateur Intermediate Radio Licence,Available
2,0,WWV,20WWV,Call Sign,Amateur Intermediate Radio Licence,Available
2,0,WWY,20WWY,Call Sign,Amateur Intermediate Radio Licence,Available
2,0,WXA,20WXA,Call Sign,Amateur Intermediate Radio Licence,Available
2,0,WXB,20WXB,Call Sign,Amateur Intermediate Radio Licence,Available
2,0,WXC,20WXC,Call Sign,Amateur Intermediate Radio Licence,Available
2,0,WXF,20WXF,Call Sign,Amateur Intermediate Radio Licence,Available
2,0,WXG,20WXG,Call Sign,Amateur Intermediate Radio Licence,Available
2,0,WXH,20WXH,Call Sign,Amateur Intermediate Radio Licence,Available
2,0,WXI,20WXI,Call Sign,Amateur Intermediate Radio Licence,Available
2,0,WXJ,20WXJ,Call Sign,Amateur Intermediate Radio Licence,Available
2,0,WXK,20WXK,Call Sign,Amateur Intermediate Radio Licence,Available
2,0,WXN,20WXN,Call Sign,Amateur Intermediate Radio Licence,Available
2,0,WXO,20WXO,Call Sign,Amateur Intermediate Radio Licence,Available
2,0,WXP,20WXP,Call Sign,Amateur Intermediate Radio Licence,Available
2,0,WXQ,20WXQ,Call Sign,Amateur Intermediate Radio Licence,Available
2,0,WXR,20WXR,Call Sign,Amateur Intermediate Radio Licence,Available
2,0,WXU,20WXU,Call Sign,Amateur Intermediate Radio Licence,Available
2,0,WXW,20WXW,Call Sign,Amateur Intermediate Radio Licence,Available
2,0,WXX,20WXX,Call Sign,Amateur Intermediate Radio Licence,Available
2,0,WXY,20WXY,Call Sign,Amateur Intermediate Radio Licence,Available
2,0,WXZ,20WXZ,Call Sign,Amateur Intermediate Radio Licence,Available
2,0,WYA,20WYA,Call Sign,Amateur Intermediate Radio Licence,Available
2,0,WYC,20WYC,Call Sign,Amateur Intermediate Radio Licence,Available
2,0,WYD,20WYD,Call Sign,Amateur Intermediate Radio Licence,Available
2,0,WYF,20WYF,Call Sign,Amateur Intermediate Radio Licence,Available
2,0,WYG,20WYG,Call Sign,Amateur Intermediate Radio Licence,Available
2,0,WYH,20WYH,Call Sign,Amateur Intermediate Radio Licence,Available
2,0,WYI,20WYI,Call Sign,Amateur Intermediate Radio Licence,Available
2,0,WYJ,20WYJ,Call Sign,Amateur Intermediate Radio Licence,Available
2,0,WYK,20WYK,Call Sign,Amateur Intermediate Radio Licence,Available
2,0,WYL,20WYL,Call Sign,Amateur Intermediate Radio Licence,Available
2,0,WYO,20WYO,Call Sign,Amateur Intermediate Radio Licence,Available
2,0,WYQ,20WYQ,Call Sign,Amateur Intermediate Radio Licence,Available
2,0,WYR,20WYR,Call Sign,Amateur Intermediate Radio Licence,Available
2,0,WYS,20WYS,Call Sign,Amateur Intermediate Radio Licence,Available
2,0,WYU,20WYU,Call Sign,Amateur Intermediate Radio Licence,Available
2,0,WYV,20WYV,Call Sign,Amateur Intermediate Radio Licence,Available
2,0,WYW,20WYW,Call Sign,Amateur Intermediate Radio Licence,Available
2,0,WYX,20WYX,Call Sign,Amateur Intermediate Radio Licence,Available
2,0,WYY,20WYY,Call Sign,Amateur Intermediate Radio Licence,Available
2,0,WZA,20WZA,Call Sign,Amateur Intermediate Radio Licence,Available
2,0,WZC,20WZC,Call Sign,Amateur Intermediate Radio Licence,Available
2,0,WZE,20WZE,Call Sign,Amateur Intermediate Radio Licence,Available
2,0,WZF,20WZF,Call Sign,Amateur Intermediate Radio Licence,Available
2,0,WZG,20WZG,Call Sign,Amateur Intermediate Radio Licence,Available
2,0,WZH,20WZH,Call Sign,Amateur Intermediate Radio Licence,Available
2,0,WZI,20WZI,Call Sign,Amateur Intermediate Radio Licence,Available
2,0,WZJ,20WZJ,Call Sign,Amateur Intermediate Radio Licence,Available
2,0,WZK,20WZK,Call Sign,Amateur Intermediate Radio Licence,Available
2,0,WZL,20WZL,Call Sign,Amateur Intermediate Radio Licence,Available
2,0,WZM,20WZM,Call Sign,Amateur Intermediate Radio Licence,Available
2,0,WZN,20WZN,Call Sign,Amateur Intermediate Radio Licence,Available
2,0,WZP,20WZP,Call Sign,Amateur Intermediate Radio Licence,Available
2,0,WZQ,20WZQ,Call Sign,Amateur Intermediate Radio Licence,Available
2,0,WZR,20WZR,Call Sign,Amateur Intermediate Radio Licence,Available
2,0,WZS,20WZS,Call Sign,Amateur Intermediate Radio Licence,Available
2,0,WZU,20WZU,Call Sign,Amateur Intermediate Radio Licence,Available
2,0,WZV,20WZV,Call Sign,Amateur Intermediate Radio Licence,Available
2,0,WZW,20WZW,Call Sign,Amateur Intermediate Radio Licence,Available
2,0,WZX,20WZX,Call Sign,Amateur Intermediate Radio Licence,Available
2,0,WZY,20WZY,Call Sign,Amateur Intermediate Radio Licence,Available
2,0,XBA,20XBA,Call Sign,Amateur Intermediate Radio Licence,Available
2,0,XBB,20XBB,Call Sign,Amateur Intermediate Radio Licence,Available
2,0,XBG,20XBG,Call Sign,Amateur Intermediate Radio Licence,Available
2,0,XBJ,20XBJ,Call Sign,Amateur Intermediate Radio Licence,Available
2,0,XBL,20XBL,Call Sign,Amateur Intermediate Radio Licence,Available
2,0,XBO,20XBO,Call Sign,Amateur Intermediate Radio Licence,Available
2,0,XBP,20XBP,Call Sign,Amateur Intermediate Radio Licence,Available
2,0,XBQ,20XBQ,Call Sign,Amateur Intermediate Radio Licence,Available
2,0,XBS,20XBS,Call Sign,Amateur Intermediate Radio Licence,Available
2,0,XBU,20XBU,Call Sign,Amateur Intermediate Radio Licence,Available
2,0,XBV,20XBV,Call Sign,Amateur Intermediate Radio Licence,Available
2,0,XBW,20XBW,Call Sign,Amateur Intermediate Radio Licence,Available
2,0,XBY,20XBY,Call Sign,Amateur Intermediate Radio Licence,Available
2,0,XBZ,20XBZ,Call Sign,Amateur Intermediate Radio Licence,Available
2,0,XCA,20XCA,Call Sign,Amateur Intermediate Radio Licence,Available
2,0,XCC,20XCC,Call Sign,Amateur Intermediate Radio Licence,Available
2,0,XCD,20XCD,Call Sign,Amateur Intermediate Radio Licence,Available
2,0,XCE,20XCE,Call Sign,Amateur Intermediate Radio Licence,Available
2,0,XCF,20XCF,Call Sign,Amateur Intermediate Radio Licence,Available
2,0,XCG,20XCG,Call Sign,Amateur Intermediate Radio Licence,Available
2,0,XCI,20XCI,Call Sign,Amateur Intermediate Radio Licence,Available
2,0,XCJ,20XCJ,Call Sign,Amateur Intermediate Radio Licence,Available
2,0,XCK,20XCK,Call Sign,Amateur Intermediate Radio Licence,Available
2,0,XCL,20XCL,Call Sign,Amateur Intermediate Radio Licence,Available
2,0,XCN,20XCN,Call Sign,Amateur Intermediate Radio Licence,Available
2,0,XCQ,20XCQ,Call Sign,Amateur Intermediate Radio Licence,Available
2,0,XCR,20XCR,Call Sign,Amateur Intermediate Radio Licence,Available
2,0,XCS,20XCS,Call Sign,Amateur Intermediate Radio Licence,Available
2,0,XCU,20XCU,Call Sign,Amateur Intermediate Radio Licence,Available
2,0,XCW,20XCW,Call Sign,Amateur Intermediate Radio Licence,Available
2,0,XCX,20XCX,Call Sign,Amateur Intermediate Radio Licence,Available
2,0,XCY,20XCY,Call Sign,Amateur Intermediate Radio Licence,Available
2,0,XCZ,20XCZ,Call Sign,Amateur Intermediate Radio Licence,Available
2,0,XDA,20XDA,Call Sign,Amateur Intermediate Radio Licence,Available
2,0,XDE,20XDE,Call Sign,Amateur Intermediate Radio Licence,Available
2,0,XDH,20XDH,Call Sign,Amateur Intermediate Radio Licence,Available
2,0,XDM,20XDM,Call Sign,Amateur Intermediate Radio Licence,Available
2,0,XDN,20XDN,Call Sign,Amateur Intermediate Radio Licence,Available
2,0,XDO,20XDO,Call Sign,Amateur Intermediate Radio Licence,Available
2,0,XDP,20XDP,Call Sign,Amateur Intermediate Radio Licence,Available
2,0,XDQ,20XDQ,Call Sign,Amateur Intermediate Radio Licence,Available
2,0,XDU,20XDU,Call Sign,Amateur Intermediate Radio Licence,Available
2,0,XDV,20XDV,Call Sign,Amateur Intermediate Radio Licence,Available
2,0,XEB,20XEB,Call Sign,Amateur Intermediate Radio Licence,Available
2,0,XEC,20XEC,Call Sign,Amateur Intermediate Radio Licence,Available
2,0,XED,20XED,Call Sign,Amateur Intermediate Radio Licence,Available
2,0,XEF,20XEF,Call Sign,Amateur Intermediate Radio Licence,Available
2,0,XEG,20XEG,Call Sign,Amateur Intermediate Radio Licence,Available
2,0,XEH,20XEH,Call Sign,Amateur Intermediate Radio Licence,Available
2,0,XEI,20XEI,Call Sign,Amateur Intermediate Radio Licence,Available
2,0,XEJ,20XEJ,Call Sign,Amateur Intermediate Radio Licence,Available
2,0,XEK,20XEK,Call Sign,Amateur Intermediate Radio Licence,Available
2,0,XEL,20XEL,Call Sign,Amateur Intermediate Radio Licence,Available
2,0,XEM,20XEM,Call Sign,Amateur Intermediate Radio Licence,Available
2,0,XEO,20XEO,Call Sign,Amateur Intermediate Radio Licence,Available
2,0,XEP,20XEP,Call Sign,Amateur Intermediate Radio Licence,Available
2,0,XEQ,20XEQ,Call Sign,Amateur Intermediate Radio Licence,Available
2,0,XES,20XES,Call Sign,Amateur Intermediate Radio Licence,Available
2,0,XET,20XET,Call Sign,Amateur Intermediate Radio Licence,Available
2,0,XEU,20XEU,Call Sign,Amateur Intermediate Radio Licence,Available
2,0,XEV,20XEV,Call Sign,Amateur Intermediate Radio Licence,Available
2,0,XEW,20XEW,Call Sign,Amateur Intermediate Radio Licence,Available
2,0,XEX,20XEX,Call Sign,Amateur Intermediate Radio Licence,Available
2,0,XEY,20XEY,Call Sign,Amateur Intermediate Radio Licence,Available
2,0,XEZ,20XEZ,Call Sign,Amateur Intermediate Radio Licence,Available
2,0,XFA,20XFA,Call Sign,Amateur Intermediate Radio Licence,Available
2,0,XFB,20XFB,Call Sign,Amateur Intermediate Radio Licence,Available
2,0,XFC,20XFC,Call Sign,Amateur Intermediate Radio Licence,Available
2,0,XFD,20XFD,Call Sign,Amateur Intermediate Radio Licence,Available
2,0,XFE,20XFE,Call Sign,Amateur Intermediate Radio Licence,Available
2,0,XFG,20XFG,Call Sign,Amateur Intermediate Radio Licence,Available
2,0,XFI,20XFI,Call Sign,Amateur Intermediate Radio Licence,Available
2,0,XFJ,20XFJ,Call Sign,Amateur Intermediate Radio Licence,Available
2,0,XFK,20XFK,Call Sign,Amateur Intermediate Radio Licence,Available
2,0,XFL,20XFL,Call Sign,Amateur Intermediate Radio Licence,Available
2,0,XFN,20XFN,Call Sign,Amateur Intermediate Radio Licence,Available
2,0,XFO,20XFO,Call Sign,Amateur Intermediate Radio Licence,Available
2,0,XFP,20XFP,Call Sign,Amateur Intermediate Radio Licence,Available
2,0,XFQ,20XFQ,Call Sign,Amateur Intermediate Radio Licence,Available
2,0,XFT,20XFT,Call Sign,Amateur Intermediate Radio Licence,Available
2,0,XFV,20XFV,Call Sign,Amateur Intermediate Radio Licence,Available
2,0,XFW,20XFW,Call Sign,Amateur Intermediate Radio Licence,Available
2,0,XFX,20XFX,Call Sign,Amateur Intermediate Radio Licence,Available
2,0,XFY,20XFY,Call Sign,Amateur Intermediate Radio Licence,Available
2,0,XFZ,20XFZ,Call Sign,Amateur Intermediate Radio Licence,Available
2,0,XGB,20XGB,Call Sign,Amateur Intermediate Radio Licence,Available
2,0,XGC,20XGC,Call Sign,Amateur Intermediate Radio Licence,Available
2,0,XGD,20XGD,Call Sign,Amateur Intermediate Radio Licence,Available
2,0,XGE,20XGE,Call Sign,Amateur Intermediate Radio Licence,Available
2,0,XGF,20XGF,Call Sign,Amateur Intermediate Radio Licence,Available
2,0,XGH,20XGH,Call Sign,Amateur Intermediate Radio Licence,Available
2,0,XGI,20XGI,Call Sign,Amateur Intermediate Radio Licence,Available
2,0,XGK,20XGK,Call Sign,Amateur Intermediate Radio Licence,Available
2,0,XGL,20XGL,Call Sign,Amateur Intermediate Radio Licence,Available
2,0,XGM,20XGM,Call Sign,Amateur Intermediate Radio Licence,Available
2,0,XGN,20XGN,Call Sign,Amateur Intermediate Radio Licence,Available
2,0,XGO,20XGO,Call Sign,Amateur Intermediate Radio Licence,Available
2,0,XGQ,20XGQ,Call Sign,Amateur Intermediate Radio Licence,Available
2,0,XGR,20XGR,Call Sign,Amateur Intermediate Radio Licence,Available
2,0,XGS,20XGS,Call Sign,Amateur Intermediate Radio Licence,Available
2,0,XGT,20XGT,Call Sign,Amateur Intermediate Radio Licence,Available
2,0,XGU,20XGU,Call Sign,Amateur Intermediate Radio Licence,Available
2,0,XGV,20XGV,Call Sign,Amateur Intermediate Radio Licence,Available
2,0,XGX,20XGX,Call Sign,Amateur Intermediate Radio Licence,Available
2,0,XGY,20XGY,Call Sign,Amateur Intermediate Radio Licence,Available
2,0,XGZ,20XGZ,Call Sign,Amateur Intermediate Radio Licence,Available
2,0,XHA,20XHA,Call Sign,Amateur Intermediate Radio Licence,Available
2,0,XHB,20XHB,Call Sign,Amateur Intermediate Radio Licence,Available
2,0,XHC,20XHC,Call Sign,Amateur Intermediate Radio Licence,Available
2,0,XHE,20XHE,Call Sign,Amateur Intermediate Radio Licence,Available
2,0,XHH,20XHH,Call Sign,Amateur Intermediate Radio Licence,Available
2,0,XHI,20XHI,Call Sign,Amateur Intermediate Radio Licence,Available
2,0,XHJ,20XHJ,Call Sign,Amateur Intermediate Radio Licence,Available
2,0,XHK,20XHK,Call Sign,Amateur Intermediate Radio Licence,Available
2,0,XHM,20XHM,Call Sign,Amateur Intermediate Radio Licence,Available
2,0,XHN,20XHN,Call Sign,Amateur Intermediate Radio Licence,Available
2,0,XHO,20XHO,Call Sign,Amateur Intermediate Radio Licence,Available
2,0,XHQ,20XHQ,Call Sign,Amateur Intermediate Radio Licence,Available
2,0,XHR,20XHR,Call Sign,Amateur Intermediate Radio Licence,Available
2,0,XHS,20XHS,Call Sign,Amateur Intermediate Radio Licence,Available
2,0,XHU,20XHU,Call Sign,Amateur Intermediate Radio Licence,Available
2,0,XHV,20XHV,Call Sign,Amateur Intermediate Radio Licence,Available
2,0,XHW,20XHW,Call Sign,Amateur Intermediate Radio Licence,Available
2,0,XHX,20XHX,Call Sign,Amateur Intermediate Radio Licence,Available
2,0,XHY,20XHY,Call Sign,Amateur Intermediate Radio Licence,Available
2,0,XHZ,20XHZ,Call Sign,Amateur Intermediate Radio Licence,Available
2,0,XIA,20XIA,Call Sign,Amateur Intermediate Radio Licence,Available
2,0,XIB,20XIB,Call Sign,Amateur Intermediate Radio Licence,Available
2,0,XIC,20XIC,Call Sign,Amateur Intermediate Radio Licence,Available
2,0,XID,20XID,Call Sign,Amateur Intermediate Radio Licence,Available
2,0,XIF,20XIF,Call Sign,Amateur Intermediate Radio Licence,Available
2,0,XIG,20XIG,Call Sign,Amateur Intermediate Radio Licence,Available
2,0,XII,20XII,Call Sign,Amateur Intermediate Radio Licence,Available
2,0,XIJ,20XIJ,Call Sign,Amateur Intermediate Radio Licence,Available
2,0,XIL,20XIL,Call Sign,Amateur Intermediate Radio Licence,Available
2,0,XIN,20XIN,Call Sign,Amateur Intermediate Radio Licence,Available
2,0,XIO,20XIO,Call Sign,Amateur Intermediate Radio Licence,Available
2,0,XIP,20XIP,Call Sign,Amateur Intermediate Radio Licence,Available
2,0,XIQ,20XIQ,Call Sign,Amateur Intermediate Radio Licence,Available
2,0,XIR,20XIR,Call Sign,Amateur Intermediate Radio Licence,Available
2,0,XIT,20XIT,Call Sign,Amateur Intermediate Radio Licence,Available
2,0,XIU,20XIU,Call Sign,Amateur Intermediate Radio Licence,Available
2,0,XIV,20XIV,Call Sign,Amateur Intermediate Radio Licence,Available
2,0,XIW,20XIW,Call Sign,Amateur Intermediate Radio Licence,Available
2,0,XIX,20XIX,Call Sign,Amateur Intermediate Radio Licence,Available
2,0,XIY,20XIY,Call Sign,Amateur Intermediate Radio Licence,Available
2,0,XIZ,20XIZ,Call Sign,Amateur Intermediate Radio Licence,Available
2,0,XJA,20XJA,Call Sign,Amateur Intermediate Radio Licence,Available
2,0,XJB,20XJB,Call Sign,Amateur Intermediate Radio Licence,Available
2,0,XJD,20XJD,Call Sign,Amateur Intermediate Radio Licence,Available
2,0,XJE,20XJE,Call Sign,Amateur Intermediate Radio Licence,Available
2,0,XJF,20XJF,Call Sign,Amateur Intermediate Radio Licence,Available
2,0,XJG,20XJG,Call Sign,Amateur Intermediate Radio Licence,Available
2,0,XJH,20XJH,Call Sign,Amateur Intermediate Radio Licence,Available
2,0,XJI,20XJI,Call Sign,Amateur Intermediate Radio Licence,Available
2,0,XJK,20XJK,Call Sign,Amateur Intermediate Radio Licence,Available
2,0,XJM,20XJM,Call Sign,Amateur Intermediate Radio Licence,Available
2,0,XJN,20XJN,Call Sign,Amateur Intermediate Radio Licence,Available
2,0,XJO,20XJO,Call Sign,Amateur Intermediate Radio Licence,Available
2,0,XJQ,20XJQ,Call Sign,Amateur Intermediate Radio Licence,Available
2,0,XJU,20XJU,Call Sign,Amateur Intermediate Radio Licence,Available
2,0,XJV,20XJV,Call Sign,Amateur Intermediate Radio Licence,Available
2,0,XJW,20XJW,Call Sign,Amateur Intermediate Radio Licence,Available
2,0,XJX,20XJX,Call Sign,Amateur Intermediate Radio Licence,Available
2,0,XJY,20XJY,Call Sign,Amateur Intermediate Radio Licence,Available
2,0,XJZ,20XJZ,Call Sign,Amateur Intermediate Radio Licence,Available
2,0,XKA,20XKA,Call Sign,Amateur Intermediate Radio Licence,Available
2,0,XKB,20XKB,Call Sign,Amateur Intermediate Radio Licence,Available
2,0,XKC,20XKC,Call Sign,Amateur Intermediate Radio Licence,Available
2,0,XKE,20XKE,Call Sign,Amateur Intermediate Radio Licence,Available
2,0,XKF,20XKF,Call Sign,Amateur Intermediate Radio Licence,Available
2,0,XKG,20XKG,Call Sign,Amateur Intermediate Radio Licence,Available
2,0,XKI,20XKI,Call Sign,Amateur Intermediate Radio Licence,Available
2,0,XKJ,20XKJ,Call Sign,Amateur Intermediate Radio Licence,Available
2,0,XKK,20XKK,Call Sign,Amateur Intermediate Radio Licence,Available
2,0,XKM,20XKM,Call Sign,Amateur Intermediate Radio Licence,Available
2,0,XKN,20XKN,Call Sign,Amateur Intermediate Radio Licence,Available
2,0,XKP,20XKP,Call Sign,Amateur Intermediate Radio Licence,Available
2,0,XKQ,20XKQ,Call Sign,Amateur Intermediate Radio Licence,Available
2,0,XKS,20XKS,Call Sign,Amateur Intermediate Radio Licence,Available
2,0,XKU,20XKU,Call Sign,Amateur Intermediate Radio Licence,Available
2,0,XKV,20XKV,Call Sign,Amateur Intermediate Radio Licence,Available
2,0,XKW,20XKW,Call Sign,Amateur Intermediate Radio Licence,Available
2,0,XKX,20XKX,Call Sign,Amateur Intermediate Radio Licence,Available
2,0,XKY,20XKY,Call Sign,Amateur Intermediate Radio Licence,Available
2,0,XKZ,20XKZ,Call Sign,Amateur Intermediate Radio Licence,Available
2,0,XLA,20XLA,Call Sign,Amateur Intermediate Radio Licence,Available
2,0,XLB,20XLB,Call Sign,Amateur Intermediate Radio Licence,Available
2,0,XLC,20XLC,Call Sign,Amateur Intermediate Radio Licence,Available
2,0,XLF,20XLF,Call Sign,Amateur Intermediate Radio Licence,Available
2,0,XLH,20XLH,Call Sign,Amateur Intermediate Radio Licence,Available
2,0,XLI,20XLI,Call Sign,Amateur Intermediate Radio Licence,Available
2,0,XLK,20XLK,Call Sign,Amateur Intermediate Radio Licence,Available
2,0,XLN,20XLN,Call Sign,Amateur Intermediate Radio Licence,Available
2,0,XLO,20XLO,Call Sign,Amateur Intermediate Radio Licence,Available
2,0,XLP,20XLP,Call Sign,Amateur Intermediate Radio Licence,Available
2,0,XLQ,20XLQ,Call Sign,Amateur Intermediate Radio Licence,Available
2,0,XLR,20XLR,Call Sign,Amateur Intermediate Radio Licence,Available
2,0,XLS,20XLS,Call Sign,Amateur Intermediate Radio Licence,Available
2,0,XLT,20XLT,Call Sign,Amateur Intermediate Radio Licence,Available
2,0,XLU,20XLU,Call Sign,Amateur Intermediate Radio Licence,Available
2,0,XLV,20XLV,Call Sign,Amateur Intermediate Radio Licence,Available
2,0,XLW,20XLW,Call Sign,Amateur Intermediate Radio Licence,Available
2,0,XLZ,20XLZ,Call Sign,Amateur Intermediate Radio Licence,Available
2,0,XMA,20XMA,Call Sign,Amateur Intermediate Radio Licence,Available
2,0,XMB,20XMB,Call Sign,Amateur Intermediate Radio Licence,Available
2,0,XMD,20XMD,Call Sign,Amateur Intermediate Radio Licence,Available
2,0,XME,20XME,Call Sign,Amateur Intermediate Radio Licence,Available
2,0,XMF,20XMF,Call Sign,Amateur Intermediate Radio Licence,Available
2,0,XMH,20XMH,Call Sign,Amateur Intermediate Radio Licence,Available
2,0,XMM,20XMM,Call Sign,Amateur Intermediate Radio Licence,Available
2,0,XMN,20XMN,Call Sign,Amateur Intermediate Radio Licence,Available
2,0,XMO,20XMO,Call Sign,Amateur Intermediate Radio Licence,Available
2,0,XMQ,20XMQ,Call Sign,Amateur Intermediate Radio Licence,Available
2,0,XMR,20XMR,Call Sign,Amateur Intermediate Radio Licence,Available
2,0,XMU,20XMU,Call Sign,Amateur Intermediate Radio Licence,Available
2,0,XMV,20XMV,Call Sign,Amateur Intermediate Radio Licence,Available
2,0,XMW,20XMW,Call Sign,Amateur Intermediate Radio Licence,Available
2,0,XMX,20XMX,Call Sign,Amateur Intermediate Radio Licence,Available
2,0,XMY,20XMY,Call Sign,Amateur Intermediate Radio Licence,Available
2,0,XMZ,20XMZ,Call Sign,Amateur Intermediate Radio Licence,Available
2,0,XNB,20XNB,Call Sign,Amateur Intermediate Radio Licence,Available
2,0,XNC,20XNC,Call Sign,Amateur Intermediate Radio Licence,Available
2,0,XND,20XND,Call Sign,Amateur Intermediate Radio Licence,Available
2,0,XNE,20XNE,Call Sign,Amateur Intermediate Radio Licence,Available
2,0,XNG,20XNG,Call Sign,Amateur Intermediate Radio Licence,Available
2,0,XNH,20XNH,Call Sign,Amateur Intermediate Radio Licence,Available
2,0,XNI,20XNI,Call Sign,Amateur Intermediate Radio Licence,Available
2,0,XNJ,20XNJ,Call Sign,Amateur Intermediate Radio Licence,Available
2,0,XNK,20XNK,Call Sign,Amateur Intermediate Radio Licence,Available
2,0,XNM,20XNM,Call Sign,Amateur Intermediate Radio Licence,Available
2,0,XNN,20XNN,Call Sign,Amateur Intermediate Radio Licence,Available
2,0,XNO,20XNO,Call Sign,Amateur Intermediate Radio Licence,Available
2,0,XNP,20XNP,Call Sign,Amateur Intermediate Radio Licence,Available
2,0,XNQ,20XNQ,Call Sign,Amateur Intermediate Radio Licence,Available
2,0,XNS,20XNS,Call Sign,Amateur Intermediate Radio Licence,Available
2,0,XNT,20XNT,Call Sign,Amateur Intermediate Radio Licence,Available
2,0,XNU,20XNU,Call Sign,Amateur Intermediate Radio Licence,Available
2,0,XNV,20XNV,Call Sign,Amateur Intermediate Radio Licence,Available
2,0,XNW,20XNW,Call Sign,Amateur Intermediate Radio Licence,Available
2,0,XNX,20XNX,Call Sign,Amateur Intermediate Radio Licence,Available
2,0,XNY,20XNY,Call Sign,Amateur Intermediate Radio Licence,Available
2,0,XNZ,20XNZ,Call Sign,Amateur Intermediate Radio Licence,Available
2,0,XOA,20XOA,Call Sign,Amateur Intermediate Radio Licence,Available
2,0,XOC,20XOC,Call Sign,Amateur Intermediate Radio Licence,Available
2,0,XOE,20XOE,Call Sign,Amateur Intermediate Radio Licence,Available
2,0,XOF,20XOF,Call Sign,Amateur Intermediate Radio Licence,Available
2,0,XOG,20XOG,Call Sign,Amateur Intermediate Radio Licence,Available
2,0,XOH,20XOH,Call Sign,Amateur Intermediate Radio Licence,Available
2,0,XOI,20XOI,Call Sign,Amateur Intermediate Radio Licence,Available
2,0,XOK,20XOK,Call Sign,Amateur Intermediate Radio Licence,Available
2,0,XOL,20XOL,Call Sign,Amateur Intermediate Radio Licence,Available
2,0,XON,20XON,Call Sign,Amateur Intermediate Radio Licence,Available
2,0,XOP,20XOP,Call Sign,Amateur Intermediate Radio Licence,Available
2,0,XOQ,20XOQ,Call Sign,Amateur Intermediate Radio Licence,Available
2,0,XOU,20XOU,Call Sign,Amateur Intermediate Radio Licence,Available
2,0,XOV,20XOV,Call Sign,Amateur Intermediate Radio Licence,Available
2,0,XOW,20XOW,Call Sign,Amateur Intermediate Radio Licence,Available
2,0,XOY,20XOY,Call Sign,Amateur Intermediate Radio Licence,Available
2,0,XOZ,20XOZ,Call Sign,Amateur Intermediate Radio Licence,Available
2,0,XPC,20XPC,Call Sign,Amateur Intermediate Radio Licence,Available
2,0,XPD,20XPD,Call Sign,Amateur Intermediate Radio Licence,Available
2,0,XPE,20XPE,Call Sign,Amateur Intermediate Radio Licence,Available
2,0,XPF,20XPF,Call Sign,Amateur Intermediate Radio Licence,Available
2,0,XPH,20XPH,Call Sign,Amateur Intermediate Radio Licence,Available
2,0,XPI,20XPI,Call Sign,Amateur Intermediate Radio Licence,Available
2,0,XPO,20XPO,Call Sign,Amateur Intermediate Radio Licence,Available
2,0,XPQ,20XPQ,Call Sign,Amateur Intermediate Radio Licence,Available
2,0,XPS,20XPS,Call Sign,Amateur Intermediate Radio Licence,Available
2,0,XPU,20XPU,Call Sign,Amateur Intermediate Radio Licence,Available
2,0,XPV,20XPV,Call Sign,Amateur Intermediate Radio Licence,Available
2,0,XPW,20XPW,Call Sign,Amateur Intermediate Radio Licence,Available
2,0,XPX,20XPX,Call Sign,Amateur Intermediate Radio Licence,Available
2,0,XPY,20XPY,Call Sign,Amateur Intermediate Radio Licence,Available
2,0,XPZ,20XPZ,Call Sign,Amateur Intermediate Radio Licence,Available
2,0,XQA,20XQA,Call Sign,Amateur Intermediate Radio Licence,Available
2,0,XQB,20XQB,Call Sign,Amateur Intermediate Radio Licence,Available
2,0,XQC,20XQC,Call Sign,Amateur Intermediate Radio Licence,Available
2,0,XQD,20XQD,Call Sign,Amateur Intermediate Radio Licence,Available
2,0,XQE,20XQE,Call Sign,Amateur Intermediate Radio Licence,Available
2,0,XQF,20XQF,Call Sign,Amateur Intermediate Radio Licence,Available
2,0,XQG,20XQG,Call Sign,Amateur Intermediate Radio Licence,Available
2,0,XQH,20XQH,Call Sign,Amateur Intermediate Radio Licence,Available
2,0,XQI,20XQI,Call Sign,Amateur Intermediate Radio Licence,Available
2,0,XQJ,20XQJ,Call Sign,Amateur Intermediate Radio Licence,Available
2,0,XQL,20XQL,Call Sign,Amateur Intermediate Radio Licence,Available
2,0,XQM,20XQM,Call Sign,Amateur Intermediate Radio Licence,Available
2,0,XQN,20XQN,Call Sign,Amateur Intermediate Radio Licence,Available
2,0,XQO,20XQO,Call Sign,Amateur Intermediate Radio Licence,Available
2,0,XQP,20XQP,Call Sign,Amateur Intermediate Radio Licence,Available
2,0,XQQ,20XQQ,Call Sign,Amateur Intermediate Radio Licence,Available
2,0,XQR,20XQR,Call Sign,Amateur Intermediate Radio Licence,Available
2,0,XQS,20XQS,Call Sign,Amateur Intermediate Radio Licence,Available
2,0,XQT,20XQT,Call Sign,Amateur Intermediate Radio Licence,Available
2,0,XQV,20XQV,Call Sign,Amateur Intermediate Radio Licence,Available
2,0,XQW,20XQW,Call Sign,Amateur Intermediate Radio Licence,Available
2,0,XQX,20XQX,Call Sign,Amateur Intermediate Radio Licence,Available
2,0,XQY,20XQY,Call Sign,Amateur Intermediate Radio Licence,Available
2,0,XQZ,20XQZ,Call Sign,Amateur Intermediate Radio Licence,Available
2,0,XRA,20XRA,Call Sign,Amateur Intermediate Radio Licence,Available
2,0,XRB,20XRB,Call Sign,Amateur Intermediate Radio Licence,Available
2,0,XRD,20XRD,Call Sign,Amateur Intermediate Radio Licence,Available
2,0,XRE,20XRE,Call Sign,Amateur Intermediate Radio Licence,Available
2,0,XRH,20XRH,Call Sign,Amateur Intermediate Radio Licence,Available
2,0,XRJ,20XRJ,Call Sign,Amateur Intermediate Radio Licence,Available
2,0,XRL,20XRL,Call Sign,Amateur Intermediate Radio Licence,Available
2,0,XRO,20XRO,Call Sign,Amateur Intermediate Radio Licence,Available
2,0,XRP,20XRP,Call Sign,Amateur Intermediate Radio Licence,Available
2,0,XRQ,20XRQ,Call Sign,Amateur Intermediate Radio Licence,Available
2,0,XRR,20XRR,Call Sign,Amateur Intermediate Radio Licence,Available
2,0,XRT,20XRT,Call Sign,Amateur Intermediate Radio Licence,Available
2,0,XRU,20XRU,Call Sign,Amateur Intermediate Radio Licence,Available
2,0,XRV,20XRV,Call Sign,Amateur Intermediate Radio Licence,Available
2,0,XRW,20XRW,Call Sign,Amateur Intermediate Radio Licence,Available
2,0,XRY,20XRY,Call Sign,Amateur Intermediate Radio Licence,Available
2,0,XSA,20XSA,Call Sign,Amateur Intermediate Radio Licence,Available
2,0,XSB,20XSB,Call Sign,Amateur Intermediate Radio Licence,Available
2,0,XSE,20XSE,Call Sign,Amateur Intermediate Radio Licence,Available
2,0,XSF,20XSF,Call Sign,Amateur Intermediate Radio Licence,Available
2,0,XSG,20XSG,Call Sign,Amateur Intermediate Radio Licence,Available
2,0,XSH,20XSH,Call Sign,Amateur Intermediate Radio Licence,Available
2,0,XSI,20XSI,Call Sign,Amateur Intermediate Radio Licence,Available
2,0,XSJ,20XSJ,Call Sign,Amateur Intermediate Radio Licence,Available
2,0,XSK,20XSK,Call Sign,Amateur Intermediate Radio Licence,Available
2,0,XSM,20XSM,Call Sign,Amateur Intermediate Radio Licence,Available
2,0,XSN,20XSN,Call Sign,Amateur Intermediate Radio Licence,Available
2,0,XSO,20XSO,Call Sign,Amateur Intermediate Radio Licence,Available
2,0,XSP,20XSP,Call Sign,Amateur Intermediate Radio Licence,Available
2,0,XSQ,20XSQ,Call Sign,Amateur Intermediate Radio Licence,Available
2,0,XSS,20XSS,Call Sign,Amateur Intermediate Radio Licence,Available
2,0,XSU,20XSU,Call Sign,Amateur Intermediate Radio Licence,Available
2,0,XSV,20XSV,Call Sign,Amateur Intermediate Radio Licence,Available
2,0,XSX,20XSX,Call Sign,Amateur Intermediate Radio Licence,Available
2,0,XSY,20XSY,Call Sign,Amateur Intermediate Radio Licence,Available
2,0,XSZ,20XSZ,Call Sign,Amateur Intermediate Radio Licence,Available
2,0,XTA,20XTA,Call Sign,Amateur Intermediate Radio Licence,Available
2,0,XTB,20XTB,Call Sign,Amateur Intermediate Radio Licence,Available
2,0,XTE,20XTE,Call Sign,Amateur Intermediate Radio Licence,Available
2,0,XTF,20XTF,Call Sign,Amateur Intermediate Radio Licence,Available
2,0,XTG,20XTG,Call Sign,Amateur Intermediate Radio Licence,Available
2,0,XTH,20XTH,Call Sign,Amateur Intermediate Radio Licence,Available
2,0,XTI,20XTI,Call Sign,Amateur Intermediate Radio Licence,Available
2,0,XTJ,20XTJ,Call Sign,Amateur Intermediate Radio Licence,Available
2,0,XTK,20XTK,Call Sign,Amateur Intermediate Radio Licence,Available
2,0,XTM,20XTM,Call Sign,Amateur Intermediate Radio Licence,Available
2,0,XTN,20XTN,Call Sign,Amateur Intermediate Radio Licence,Available
2,0,XTO,20XTO,Call Sign,Amateur Intermediate Radio Licence,Available
2,0,XTQ,20XTQ,Call Sign,Amateur Intermediate Radio Licence,Available
2,0,XTS,20XTS,Call Sign,Amateur Intermediate Radio Licence,Available
2,0,XTU,20XTU,Call Sign,Amateur Intermediate Radio Licence,Available
2,0,XTW,20XTW,Call Sign,Amateur Intermediate Radio Licence,Available
2,0,XTX,20XTX,Call Sign,Amateur Intermediate Radio Licence,Available
2,0,XTY,20XTY,Call Sign,Amateur Intermediate Radio Licence,Available
2,0,XUA,20XUA,Call Sign,Amateur Intermediate Radio Licence,Available
2,0,XUC,20XUC,Call Sign,Amateur Intermediate Radio Licence,Available
2,0,XUD,20XUD,Call Sign,Amateur Intermediate Radio Licence,Available
2,0,XUE,20XUE,Call Sign,Amateur Intermediate Radio Licence,Available
2,0,XUF,20XUF,Call Sign,Amateur Intermediate Radio Licence,Available
2,0,XUG,20XUG,Call Sign,Amateur Intermediate Radio Licence,Available
2,0,XUI,20XUI,Call Sign,Amateur Intermediate Radio Licence,Available
2,0,XUJ,20XUJ,Call Sign,Amateur Intermediate Radio Licence,Available
2,0,XUK,20XUK,Call Sign,Amateur Intermediate Radio Licence,Available
2,0,XUL,20XUL,Call Sign,Amateur Intermediate Radio Licence,Available
2,0,XUM,20XUM,Call Sign,Amateur Intermediate Radio Licence,Available
2,0,XUN,20XUN,Call Sign,Amateur Intermediate Radio Licence,Available
2,0,XUO,20XUO,Call Sign,Amateur Intermediate Radio Licence,Available
2,0,XUP,20XUP,Call Sign,Amateur Intermediate Radio Licence,Available
2,0,XUQ,20XUQ,Call Sign,Amateur Intermediate Radio Licence,Available
2,0,XUR,20XUR,Call Sign,Amateur Intermediate Radio Licence,Available
2,0,XUS,20XUS,Call Sign,Amateur Intermediate Radio Licence,Available
2,0,XUT,20XUT,Call Sign,Amateur Intermediate Radio Licence,Available
2,0,XUV,20XUV,Call Sign,Amateur Intermediate Radio Licence,Available
2,0,XUW,20XUW,Call Sign,Amateur Intermediate Radio Licence,Available
2,0,XUX,20XUX,Call Sign,Amateur Intermediate Radio Licence,Available
2,0,XUY,20XUY,Call Sign,Amateur Intermediate Radio Licence,Available
2,0,XVA,20XVA,Call Sign,Amateur Intermediate Radio Licence,Available
2,0,XVB,20XVB,Call Sign,Amateur Intermediate Radio Licence,Available
2,0,XVC,20XVC,Call Sign,Amateur Intermediate Radio Licence,Available
2,0,XVD,20XVD,Call Sign,Amateur Intermediate Radio Licence,Available
2,0,XVE,20XVE,Call Sign,Amateur Intermediate Radio Licence,Available
2,0,XVG,20XVG,Call Sign,Amateur Intermediate Radio Licence,Available
2,0,XVH,20XVH,Call Sign,Amateur Intermediate Radio Licence,Available
2,0,XVJ,20XVJ,Call Sign,Amateur Intermediate Radio Licence,Available
2,0,XVK,20XVK,Call Sign,Amateur Intermediate Radio Licence,Available
2,0,XVL,20XVL,Call Sign,Amateur Intermediate Radio Licence,Available
2,0,XVM,20XVM,Call Sign,Amateur Intermediate Radio Licence,Available
2,0,XVN,20XVN,Call Sign,Amateur Intermediate Radio Licence,Available
2,0,XVO,20XVO,Call Sign,Amateur Intermediate Radio Licence,Available
2,0,XVP,20XVP,Call Sign,Amateur Intermediate Radio Licence,Available
2,0,XVQ,20XVQ,Call Sign,Amateur Intermediate Radio Licence,Available
2,0,XVR,20XVR,Call Sign,Amateur Intermediate Radio Licence,Available
2,0,XVS,20XVS,Call Sign,Amateur Intermediate Radio Licence,Available
2,0,XVU,20XVU,Call Sign,Amateur Intermediate Radio Licence,Available
2,0,XVV,20XVV,Call Sign,Amateur Intermediate Radio Licence,Available
2,0,XVW,20XVW,Call Sign,Amateur Intermediate Radio Licence,Available
2,0,XVX,20XVX,Call Sign,Amateur Intermediate Radio Licence,Available
2,0,XVY,20XVY,Call Sign,Amateur Intermediate Radio Licence,Available
2,0,XWA,20XWA,Call Sign,Amateur Intermediate Radio Licence,Available
2,0,XWB,20XWB,Call Sign,Amateur Intermediate Radio Licence,Available
2,0,XWC,20XWC,Call Sign,Amateur Intermediate Radio Licence,Available
2,0,XWE,20XWE,Call Sign,Amateur Intermediate Radio Licence,Available
2,0,XWF,20XWF,Call Sign,Amateur Intermediate Radio Licence,Available
2,0,XWG,20XWG,Call Sign,Amateur Intermediate Radio Licence,Available
2,0,XWH,20XWH,Call Sign,Amateur Intermediate Radio Licence,Available
2,0,XWI,20XWI,Call Sign,Amateur Intermediate Radio Licence,Available
2,0,XWK,20XWK,Call Sign,Amateur Intermediate Radio Licence,Available
2,0,XWL,20XWL,Call Sign,Amateur Intermediate Radio Licence,Available
2,0,XWM,20XWM,Call Sign,Amateur Intermediate Radio Licence,Available
2,0,XWN,20XWN,Call Sign,Amateur Intermediate Radio Licence,Available
2,0,XWO,20XWO,Call Sign,Amateur Intermediate Radio Licence,Available
2,0,XWP,20XWP,Call Sign,Amateur Intermediate Radio Licence,Available
2,0,XWQ,20XWQ,Call Sign,Amateur Intermediate Radio Licence,Available
2,0,XWR,20XWR,Call Sign,Amateur Intermediate Radio Licence,Available
2,0,XWS,20XWS,Call Sign,Amateur Intermediate Radio Licence,Available
2,0,XWU,20XWU,Call Sign,Amateur Intermediate Radio Licence,Available
2,0,XWV,20XWV,Call Sign,Amateur Intermediate Radio Licence,Available
2,0,XWW,20XWW,Call Sign,Amateur Intermediate Radio Licence,Available
2,0,XWX,20XWX,Call Sign,Amateur Intermediate Radio Licence,Available
2,0,XWY,20XWY,Call Sign,Amateur Intermediate Radio Licence,Available
2,0,XXA,20XXA,Call Sign,Amateur Intermediate Radio Licence,Available
2,0,XXC,20XXC,Call Sign,Amateur Intermediate Radio Licence,Available
2,0,XXD,20XXD,Call Sign,Amateur Intermediate Radio Licence,Available
2,0,XXE,20XXE,Call Sign,Amateur Intermediate Radio Licence,Available
2,0,XXF,20XXF,Call Sign,Amateur Intermediate Radio Licence,Available
2,0,XXG,20XXG,Call Sign,Amateur Intermediate Radio Licence,Available
2,0,XXH,20XXH,Call Sign,Amateur Intermediate Radio Licence,Available
2,0,XXI,20XXI,Call Sign,Amateur Intermediate Radio Licence,Available
2,0,XXJ,20XXJ,Call Sign,Amateur Intermediate Radio Licence,Available
2,0,XXM,20XXM,Call Sign,Amateur Intermediate Radio Licence,Available
2,0,XXN,20XXN,Call Sign,Amateur Intermediate Radio Licence,Available
2,0,XXO,20XXO,Call Sign,Amateur Intermediate Radio Licence,Available
2,0,XXQ,20XXQ,Call Sign,Amateur Intermediate Radio Licence,Available
2,0,XXR,20XXR,Call Sign,Amateur Intermediate Radio Licence,Available
2,0,XXS,20XXS,Call Sign,Amateur Intermediate Radio Licence,Available
2,0,XXU,20XXU,Call Sign,Amateur Intermediate Radio Licence,Available
2,0,XXV,20XXV,Call Sign,Amateur Intermediate Radio Licence,Available
2,0,XXY,20XXY,Call Sign,Amateur Intermediate Radio Licence,Available
2,0,XXZ,20XXZ,Call Sign,Amateur Intermediate Radio Licence,Available
2,0,XYA,20XYA,Call Sign,Amateur Intermediate Radio Licence,Available
2,0,XYB,20XYB,Call Sign,Amateur Intermediate Radio Licence,Available
2,0,XYC,20XYC,Call Sign,Amateur Intermediate Radio Licence,Available
2,0,XYD,20XYD,Call Sign,Amateur Intermediate Radio Licence,Available
2,0,XYE,20XYE,Call Sign,Amateur Intermediate Radio Licence,Available
2,0,XYF,20XYF,Call Sign,Amateur Intermediate Radio Licence,Available
2,0,XYG,20XYG,Call Sign,Amateur Intermediate Radio Licence,Available
2,0,XYH,20XYH,Call Sign,Amateur Intermediate Radio Licence,Available
2,0,XYI,20XYI,Call Sign,Amateur Intermediate Radio Licence,Available
2,0,XYJ,20XYJ,Call Sign,Amateur Intermediate Radio Licence,Available
2,0,XYK,20XYK,Call Sign,Amateur Intermediate Radio Licence,Available
2,0,XYN,20XYN,Call Sign,Amateur Intermediate Radio Licence,Available
2,0,XYO,20XYO,Call Sign,Amateur Intermediate Radio Licence,Available
2,0,XYP,20XYP,Call Sign,Amateur Intermediate Radio Licence,Available
2,0,XYQ,20XYQ,Call Sign,Amateur Intermediate Radio Licence,Available
2,0,XYR,20XYR,Call Sign,Amateur Intermediate Radio Licence,Available
2,0,XYS,20XYS,Call Sign,Amateur Intermediate Radio Licence,Available
2,0,XYU,20XYU,Call Sign,Amateur Intermediate Radio Licence,Available
2,0,XYV,20XYV,Call Sign,Amateur Intermediate Radio Licence,Available
2,0,XYW,20XYW,Call Sign,Amateur Intermediate Radio Licence,Available
2,0,XYY,20XYY,Call Sign,Amateur Intermediate Radio Licence,Available
2,0,XZA,20XZA,Call Sign,Amateur Intermediate Radio Licence,Available
2,0,XZB,20XZB,Call Sign,Amateur Intermediate Radio Licence,Available
2,0,XZC,20XZC,Call Sign,Amateur Intermediate Radio Licence,Available
2,0,XZD,20XZD,Call Sign,Amateur Intermediate Radio Licence,Available
2,0,XZE,20XZE,Call Sign,Amateur Intermediate Radio Licence,Available
2,0,XZF,20XZF,Call Sign,Amateur Intermediate Radio Licence,Available
2,0,XZG,20XZG,Call Sign,Amateur Intermediate Radio Licence,Available
2,0,XZH,20XZH,Call Sign,Amateur Intermediate Radio Licence,Available
2,0,XZJ,20XZJ,Call Sign,Amateur Intermediate Radio Licence,Available
2,0,XZK,20XZK,Call Sign,Amateur Intermediate Radio Licence,Available
2,0,XZM,20XZM,Call Sign,Amateur Intermediate Radio Licence,Available
2,0,XZN,20XZN,Call Sign,Amateur Intermediate Radio Licence,Available
2,0,XZO,20XZO,Call Sign,Amateur Intermediate Radio Licence,Available
2,0,XZP,20XZP,Call Sign,Amateur Intermediate Radio Licence,Available
2,0,XZQ,20XZQ,Call Sign,Amateur Intermediate Radio Licence,Available
2,0,XZR,20XZR,Call Sign,Amateur Intermediate Radio Licence,Available
2,0,XZS,20XZS,Call Sign,Amateur Intermediate Radio Licence,Available
2,0,XZT,20XZT,Call Sign,Amateur Intermediate Radio Licence,Available
2,0,XZU,20XZU,Call Sign,Amateur Intermediate Radio Licence,Available
2,0,XZV,20XZV,Call Sign,Amateur Intermediate Radio Licence,Available
2,0,XZW,20XZW,Call Sign,Amateur Intermediate Radio Licence,Available
2,0,XZY,20XZY,Call Sign,Amateur Intermediate Radio Licence,Available
2,0,YAI,20YAI,Call Sign,Amateur Intermediate Radio Licence,Available
2,0,YAQ,20YAQ,Call Sign,Amateur Intermediate Radio Licence,Available
2,0,YBB,20YBB,Call Sign,Amateur Intermediate Radio Licence,Available
2,0,YBC,20YBC,Call Sign,Amateur Intermediate Radio Licence,Available
2,0,YBD,20YBD,Call Sign,Amateur Intermediate Radio Licence,Available
2,0,YBE,20YBE,Call Sign,Amateur Intermediate Radio Licence,Available
2,0,YBF,20YBF,Call Sign,Amateur Intermediate Radio Licence,Available
2,0,YBG,20YBG,Call Sign,Amateur Intermediate Radio Licence,Available
2,0,YBH,20YBH,Call Sign,Amateur Intermediate Radio Licence,Available
2,0,YBI,20YBI,Call Sign,Amateur Intermediate Radio Licence,Available
2,0,YBJ,20YBJ,Call Sign,Amateur Intermediate Radio Licence,Available
2,0,YBK,20YBK,Call Sign,Amateur Intermediate Radio Licence,Available
2,0,YBL,20YBL,Call Sign,Amateur Intermediate Radio Licence,Available
2,0,YBM,20YBM,Call Sign,Amateur Intermediate Radio Licence,Available
2,0,YBN,20YBN,Call Sign,Amateur Intermediate Radio Licence,Available
2,0,YBP,20YBP,Call Sign,Amateur Intermediate Radio Licence,Available
2,0,YBQ,20YBQ,Call Sign,Amateur Intermediate Radio Licence,Available
2,0,YBU,20YBU,Call Sign,Amateur Intermediate Radio Licence,Available
2,0,YBW,20YBW,Call Sign,Amateur Intermediate Radio Licence,Available
2,0,YBX,20YBX,Call Sign,Amateur Intermediate Radio Licence,Available
2,0,YBY,20YBY,Call Sign,Amateur Intermediate Radio Licence,Available
2,0,YCA,20YCA,Call Sign,Amateur Intermediate Radio Licence,Available
2,0,YCB,20YCB,Call Sign,Amateur Intermediate Radio Licence,Available
2,0,YCC,20YCC,Call Sign,Amateur Intermediate Radio Licence,Available
2,0,YCE,20YCE,Call Sign,Amateur Intermediate Radio Licence,Available
2,0,YCF,20YCF,Call Sign,Amateur Intermediate Radio Licence,Available
2,0,YCH,20YCH,Call Sign,Amateur Intermediate Radio Licence,Available
2,0,YCI,20YCI,Call Sign,Amateur Intermediate Radio Licence,Available
2,0,YCK,20YCK,Call Sign,Amateur Intermediate Radio Licence,Available
2,0,YCL,20YCL,Call Sign,Amateur Intermediate Radio Licence,Available
2,0,YCM,20YCM,Call Sign,Amateur Intermediate Radio Licence,Available
2,0,YCN,20YCN,Call Sign,Amateur Intermediate Radio Licence,Available
2,0,YCO,20YCO,Call Sign,Amateur Intermediate Radio Licence,Available
2,0,YCP,20YCP,Call Sign,Amateur Intermediate Radio Licence,Available
2,0,YCQ,20YCQ,Call Sign,Amateur Intermediate Radio Licence,Available
2,0,YCR,20YCR,Call Sign,Amateur Intermediate Radio Licence,Available
2,0,YCS,20YCS,Call Sign,Amateur Intermediate Radio Licence,Available
2,0,YCT,20YCT,Call Sign,Amateur Intermediate Radio Licence,Available
2,0,YCV,20YCV,Call Sign,Amateur Intermediate Radio Licence,Available
2,0,YCW,20YCW,Call Sign,Amateur Intermediate Radio Licence,Available
2,0,YCX,20YCX,Call Sign,Amateur Intermediate Radio Licence,Available
2,0,YCY,20YCY,Call Sign,Amateur Intermediate Radio Licence,Available
2,0,YCZ,20YCZ,Call Sign,Amateur Intermediate Radio Licence,Available
2,0,YDE,20YDE,Call Sign,Amateur Intermediate Radio Licence,Available
2,0,YDG,20YDG,Call Sign,Amateur Intermediate Radio Licence,Available
2,0,YDH,20YDH,Call Sign,Amateur Intermediate Radio Licence,Available
2,0,YDI,20YDI,Call Sign,Amateur Intermediate Radio Licence,Available
2,0,YDN,20YDN,Call Sign,Amateur Intermediate Radio Licence,Available
2,0,YDO,20YDO,Call Sign,Amateur Intermediate Radio Licence,Available
2,0,YDP,20YDP,Call Sign,Amateur Intermediate Radio Licence,Available
2,0,YDQ,20YDQ,Call Sign,Amateur Intermediate Radio Licence,Available
2,0,YDR,20YDR,Call Sign,Amateur Intermediate Radio Licence,Available
2,0,YDS,20YDS,Call Sign,Amateur Intermediate Radio Licence,Available
2,0,YDU,20YDU,Call Sign,Amateur Intermediate Radio Licence,Available
2,0,YDV,20YDV,Call Sign,Amateur Intermediate Radio Licence,Available
2,0,YDY,20YDY,Call Sign,Amateur Intermediate Radio Licence,Available
2,0,YDZ,20YDZ,Call Sign,Amateur Intermediate Radio Licence,Available
2,0,YEA,20YEA,Call Sign,Amateur Intermediate Radio Licence,Available
2,0,YEB,20YEB,Call Sign,Amateur Intermediate Radio Licence,Available
2,0,YEC,20YEC,Call Sign,Amateur Intermediate Radio Licence,Available
2,0,YED,20YED,Call Sign,Amateur Intermediate Radio Licence,Available
2,0,YEE,20YEE,Call Sign,Amateur Intermediate Radio Licence,Available
2,0,YEF,20YEF,Call Sign,Amateur Intermediate Radio Licence,Available
2,0,YEG,20YEG,Call Sign,Amateur Intermediate Radio Licence,Available
2,0,YEH,20YEH,Call Sign,Amateur Intermediate Radio Licence,Available
2,0,YEI,20YEI,Call Sign,Amateur Intermediate Radio Licence,Available
2,0,YEJ,20YEJ,Call Sign,Amateur Intermediate Radio Licence,Available
2,0,YEK,20YEK,Call Sign,Amateur Intermediate Radio Licence,Available
2,0,YEL,20YEL,Call Sign,Amateur Intermediate Radio Licence,Available
2,0,YEM,20YEM,Call Sign,Amateur Intermediate Radio Licence,Available
2,0,YEO,20YEO,Call Sign,Amateur Intermediate Radio Licence,Available
2,0,YER,20YER,Call Sign,Amateur Intermediate Radio Licence,Available
2,0,YEU,20YEU,Call Sign,Amateur Intermediate Radio Licence,Available
2,0,YEV,20YEV,Call Sign,Amateur Intermediate Radio Licence,Available
2,0,YEX,20YEX,Call Sign,Amateur Intermediate Radio Licence,Available
2,0,YEY,20YEY,Call Sign,Amateur Intermediate Radio Licence,Available
2,0,YEZ,20YEZ,Call Sign,Amateur Intermediate Radio Licence,Available
2,0,YFA,20YFA,Call Sign,Amateur Intermediate Radio Licence,Available
2,0,YFB,20YFB,Call Sign,Amateur Intermediate Radio Licence,Available
2,0,YFD,20YFD,Call Sign,Amateur Intermediate Radio Licence,Available
2,0,YFE,20YFE,Call Sign,Amateur Intermediate Radio Licence,Available
2,0,YFF,20YFF,Call Sign,Amateur Intermediate Radio Licence,Available
2,0,YFG,20YFG,Call Sign,Amateur Intermediate Radio Licence,Available
2,0,YFH,20YFH,Call Sign,Amateur Intermediate Radio Licence,Available
2,0,YFI,20YFI,Call Sign,Amateur Intermediate Radio Licence,Available
2,0,YFJ,20YFJ,Call Sign,Amateur Intermediate Radio Licence,Available
2,0,YFK,20YFK,Call Sign,Amateur Intermediate Radio Licence,Available
2,0,YFL,20YFL,Call Sign,Amateur Intermediate Radio Licence,Available
2,0,YFM,20YFM,Call Sign,Amateur Intermediate Radio Licence,Available
2,0,YFN,20YFN,Call Sign,Amateur Intermediate Radio Licence,Available
2,0,YFP,20YFP,Call Sign,Amateur Intermediate Radio Licence,Available
2,0,YFQ,20YFQ,Call Sign,Amateur Intermediate Radio Licence,Available
2,0,YFU,20YFU,Call Sign,Amateur Intermediate Radio Licence,Available
2,0,YFV,20YFV,Call Sign,Amateur Intermediate Radio Licence,Available
2,0,YFW,20YFW,Call Sign,Amateur Intermediate Radio Licence,Available
2,0,YFX,20YFX,Call Sign,Amateur Intermediate Radio Licence,Available
2,0,YFY,20YFY,Call Sign,Amateur Intermediate Radio Licence,Available
2,0,YGA,20YGA,Call Sign,Amateur Intermediate Radio Licence,Available
2,0,YGC,20YGC,Call Sign,Amateur Intermediate Radio Licence,Available
2,0,YGD,20YGD,Call Sign,Amateur Intermediate Radio Licence,Available
2,0,YGE,20YGE,Call Sign,Amateur Intermediate Radio Licence,Available
2,0,YGF,20YGF,Call Sign,Amateur Intermediate Radio Licence,Available
2,0,YGH,20YGH,Call Sign,Amateur Intermediate Radio Licence,Available
2,0,YGI,20YGI,Call Sign,Amateur Intermediate Radio Licence,Available
2,0,YGJ,20YGJ,Call Sign,Amateur Intermediate Radio Licence,Available
2,0,YGK,20YGK,Call Sign,Amateur Intermediate Radio Licence,Available
2,0,YGL,20YGL,Call Sign,Amateur Intermediate Radio Licence,Available
2,0,YGM,20YGM,Call Sign,Amateur Intermediate Radio Licence,Available
2,0,YGN,20YGN,Call Sign,Amateur Intermediate Radio Licence,Available
2,0,YGO,20YGO,Call Sign,Amateur Intermediate Radio Licence,Available
2,0,YGP,20YGP,Call Sign,Amateur Intermediate Radio Licence,Available
2,0,YGQ,20YGQ,Call Sign,Amateur Intermediate Radio Licence,Available
2,0,YGR,20YGR,Call Sign,Amateur Intermediate Radio Licence,Available
2,0,YGS,20YGS,Call Sign,Amateur Intermediate Radio Licence,Available
2,0,YGT,20YGT,Call Sign,Amateur Intermediate Radio Licence,Available
2,0,YGU,20YGU,Call Sign,Amateur Intermediate Radio Licence,Available
2,0,YGV,20YGV,Call Sign,Amateur Intermediate Radio Licence,Available
2,0,YGW,20YGW,Call Sign,Amateur Intermediate Radio Licence,Available
2,0,YGX,20YGX,Call Sign,Amateur Intermediate Radio Licence,Available
2,0,YGY,20YGY,Call Sign,Amateur Intermediate Radio Licence,Available
2,0,YGZ,20YGZ,Call Sign,Amateur Intermediate Radio Licence,Available
2,0,YHA,20YHA,Call Sign,Amateur Intermediate Radio Licence,Available
2,0,YHC,20YHC,Call Sign,Amateur Intermediate Radio Licence,Available
2,0,YHD,20YHD,Call Sign,Amateur Intermediate Radio Licence,Available
2,0,YHE,20YHE,Call Sign,Amateur Intermediate Radio Licence,Available
2,0,YHF,20YHF,Call Sign,Amateur Intermediate Radio Licence,Available
2,0,YHG,20YHG,Call Sign,Amateur Intermediate Radio Licence,Available
2,0,YHH,20YHH,Call Sign,Amateur Intermediate Radio Licence,Available
2,0,YHI,20YHI,Call Sign,Amateur Intermediate Radio Licence,Available
2,0,YHJ,20YHJ,Call Sign,Amateur Intermediate Radio Licence,Available
2,0,YHK,20YHK,Call Sign,Amateur Intermediate Radio Licence,Available
2,0,YHL,20YHL,Call Sign,Amateur Intermediate Radio Licence,Available
2,0,YHM,20YHM,Call Sign,Amateur Intermediate Radio Licence,Available
2,0,YHN,20YHN,Call Sign,Amateur Intermediate Radio Licence,Available
2,0,YHO,20YHO,Call Sign,Amateur Intermediate Radio Licence,Available
2,0,YHP,20YHP,Call Sign,Amateur Intermediate Radio Licence,Available
2,0,YHQ,20YHQ,Call Sign,Amateur Intermediate Radio Licence,Available
2,0,YHR,20YHR,Call Sign,Amateur Intermediate Radio Licence,Available
2,0,YHS,20YHS,Call Sign,Amateur Intermediate Radio Licence,Available
2,0,YHT,20YHT,Call Sign,Amateur Intermediate Radio Licence,Available
2,0,YHU,20YHU,Call Sign,Amateur Intermediate Radio Licence,Available
2,0,YHV,20YHV,Call Sign,Amateur Intermediate Radio Licence,Available
2,0,YHW,20YHW,Call Sign,Amateur Intermediate Radio Licence,Available
2,0,YHX,20YHX,Call Sign,Amateur Intermediate Radio Licence,Available
2,0,YHY,20YHY,Call Sign,Amateur Intermediate Radio Licence,Available
2,0,YHZ,20YHZ,Call Sign,Amateur Intermediate Radio Licence,Available
2,0,YIA,20YIA,Call Sign,Amateur Intermediate Radio Licence,Available
2,0,YIB,20YIB,Call Sign,Amateur Intermediate Radio Licence,Available
2,0,YIE,20YIE,Call Sign,Amateur Intermediate Radio Licence,Available
2,0,YIF,20YIF,Call Sign,Amateur Intermediate Radio Licence,Available
2,0,YIG,20YIG,Call Sign,Amateur Intermediate Radio Licence,Available
2,0,YIH,20YIH,Call Sign,Amateur Intermediate Radio Licence,Available
2,0,YII,20YII,Call Sign,Amateur Intermediate Radio Licence,Available
2,0,YIK,20YIK,Call Sign,Amateur Intermediate Radio Licence,Available
2,0,YIL,20YIL,Call Sign,Amateur Intermediate Radio Licence,Available
2,0,YIM,20YIM,Call Sign,Amateur Intermediate Radio Licence,Available
2,0,YIN,20YIN,Call Sign,Amateur Intermediate Radio Licence,Available
2,0,YIQ,20YIQ,Call Sign,Amateur Intermediate Radio Licence,Available
2,0,YIR,20YIR,Call Sign,Amateur Intermediate Radio Licence,Available
2,0,YIS,20YIS,Call Sign,Amateur Intermediate Radio Licence,Available
2,0,YIT,20YIT,Call Sign,Amateur Intermediate Radio Licence,Available
2,0,YIU,20YIU,Call Sign,Amateur Intermediate Radio Licence,Available
2,0,YIV,20YIV,Call Sign,Amateur Intermediate Radio Licence,Available
2,0,YIW,20YIW,Call Sign,Amateur Intermediate Radio Licence,Available
2,0,YIX,20YIX,Call Sign,Amateur Intermediate Radio Licence,Available
2,0,YIY,20YIY,Call Sign,Amateur Intermediate Radio Licence,Available
2,0,YIZ,20YIZ,Call Sign,Amateur Intermediate Radio Licence,Available
2,0,YJA,20YJA,Call Sign,Amateur Intermediate Radio Licence,Available
2,0,YJB,20YJB,Call Sign,Amateur Intermediate Radio Licence,Available
2,0,YJC,20YJC,Call Sign,Amateur Intermediate Radio Licence,Available
2,0,YJD,20YJD,Call Sign,Amateur Intermediate Radio Licence,Available
2,0,YJE,20YJE,Call Sign,Amateur Intermediate Radio Licence,Available
2,0,YJG,20YJG,Call Sign,Amateur Intermediate Radio Licence,Available
2,0,YJH,20YJH,Call Sign,Amateur Intermediate Radio Licence,Available
2,0,YJI,20YJI,Call Sign,Amateur Intermediate Radio Licence,Available
2,0,YJJ,20YJJ,Call Sign,Amateur Intermediate Radio Licence,Available
2,0,YJK,20YJK,Call Sign,Amateur Intermediate Radio Licence,Available
2,0,YJN,20YJN,Call Sign,Amateur Intermediate Radio Licence,Available
2,0,YJO,20YJO,Call Sign,Amateur Intermediate Radio Licence,Available
2,0,YJP,20YJP,Call Sign,Amateur Intermediate Radio Licence,Available
2,0,YJQ,20YJQ,Call Sign,Amateur Intermediate Radio Licence,Available
2,0,YJR,20YJR,Call Sign,Amateur Intermediate Radio Licence,Available
2,0,YJS,20YJS,Call Sign,Amateur Intermediate Radio Licence,Available
2,0,YJT,20YJT,Call Sign,Amateur Intermediate Radio Licence,Available
2,0,YJU,20YJU,Call Sign,Amateur Intermediate Radio Licence,Available
2,0,YJV,20YJV,Call Sign,Amateur Intermediate Radio Licence,Available
2,0,YJX,20YJX,Call Sign,Amateur Intermediate Radio Licence,Available
2,0,YJZ,20YJZ,Call Sign,Amateur Intermediate Radio Licence,Available
2,0,YKA,20YKA,Call Sign,Amateur Intermediate Radio Licence,Available
2,0,YKB,20YKB,Call Sign,Amateur Intermediate Radio Licence,Available
2,0,YKC,20YKC,Call Sign,Amateur Intermediate Radio Licence,Available
2,0,YKD,20YKD,Call Sign,Amateur Intermediate Radio Licence,Available
2,0,YKE,20YKE,Call Sign,Amateur Intermediate Radio Licence,Available
2,0,YKG,20YKG,Call Sign,Amateur Intermediate Radio Licence,Available
2,0,YKH,20YKH,Call Sign,Amateur Intermediate Radio Licence,Available
2,0,YKI,20YKI,Call Sign,Amateur Intermediate Radio Licence,Available
2,0,YKJ,20YKJ,Call Sign,Amateur Intermediate Radio Licence,Available
2,0,YKL,20YKL,Call Sign,Amateur Intermediate Radio Licence,Available
2,0,YKM,20YKM,Call Sign,Amateur Intermediate Radio Licence,Available
2,0,YKN,20YKN,Call Sign,Amateur Intermediate Radio Licence,Available
2,0,YKO,20YKO,Call Sign,Amateur Intermediate Radio Licence,Available
2,0,YKP,20YKP,Call Sign,Amateur Intermediate Radio Licence,Available
2,0,YKQ,20YKQ,Call Sign,Amateur Intermediate Radio Licence,Available
2,0,YKR,20YKR,Call Sign,Amateur Intermediate Radio Licence,Available
2,0,YKT,20YKT,Call Sign,Amateur Intermediate Radio Licence,Available
2,0,YKU,20YKU,Call Sign,Amateur Intermediate Radio Licence,Available
2,0,YKV,20YKV,Call Sign,Amateur Intermediate Radio Licence,Available
2,0,YKW,20YKW,Call Sign,Amateur Intermediate Radio Licence,Available
2,0,YKX,20YKX,Call Sign,Amateur Intermediate Radio Licence,Available
2,0,YKY,20YKY,Call Sign,Amateur Intermediate Radio Licence,Available
2,0,YKZ,20YKZ,Call Sign,Amateur Intermediate Radio Licence,Available
2,0,YLA,20YLA,Call Sign,Amateur Intermediate Radio Licence,Available
2,0,YLB,20YLB,Call Sign,Amateur Intermediate Radio Licence,Available
2,0,YLC,20YLC,Call Sign,Amateur Intermediate Radio Licence,Available
2,0,YLD,20YLD,Call Sign,Amateur Intermediate Radio Licence,Available
2,0,YLF,20YLF,Call Sign,Amateur Intermediate Radio Licence,Available
2,0,YLI,20YLI,Call Sign,Amateur Intermediate Radio Licence,Available
2,0,YLK,20YLK,Call Sign,Amateur Intermediate Radio Licence,Available
2,0,YLM,20YLM,Call Sign,Amateur Intermediate Radio Licence,Available
2,0,YLN,20YLN,Call Sign,Amateur Intermediate Radio Licence,Available
2,0,YLP,20YLP,Call Sign,Amateur Intermediate Radio Licence,Available
2,0,YLQ,20YLQ,Call Sign,Amateur Intermediate Radio Licence,Available
2,0,YLR,20YLR,Call Sign,Amateur Intermediate Radio Licence,Available
2,0,YLU,20YLU,Call Sign,Amateur Intermediate Radio Licence,Available
2,0,YLV,20YLV,Call Sign,Amateur Intermediate Radio Licence,Available
2,0,YLW,20YLW,Call Sign,Amateur Intermediate Radio Licence,Available
2,0,YLZ,20YLZ,Call Sign,Amateur Intermediate Radio Licence,Available
2,0,YMA,20YMA,Call Sign,Amateur Intermediate Radio Licence,Available
2,0,YMB,20YMB,Call Sign,Amateur Intermediate Radio Licence,Available
2,0,YMC,20YMC,Call Sign,Amateur Intermediate Radio Licence,Available
2,0,YMD,20YMD,Call Sign,Amateur Intermediate Radio Licence,Available
2,0,YMG,20YMG,Call Sign,Amateur Intermediate Radio Licence,Available
2,0,YMH,20YMH,Call Sign,Amateur Intermediate Radio Licence,Available
2,0,YMI,20YMI,Call Sign,Amateur Intermediate Radio Licence,Available
2,0,YMJ,20YMJ,Call Sign,Amateur Intermediate Radio Licence,Available
2,0,YML,20YML,Call Sign,Amateur Intermediate Radio Licence,Available
2,0,YMM,20YMM,Call Sign,Amateur Intermediate Radio Licence,Available
2,0,YMN,20YMN,Call Sign,Amateur Intermediate Radio Licence,Available
2,0,YMO,20YMO,Call Sign,Amateur Intermediate Radio Licence,Available
2,0,YMP,20YMP,Call Sign,Amateur Intermediate Radio Licence,Available
2,0,YMQ,20YMQ,Call Sign,Amateur Intermediate Radio Licence,Available
2,0,YMS,20YMS,Call Sign,Amateur Intermediate Radio Licence,Available
2,0,YMU,20YMU,Call Sign,Amateur Intermediate Radio Licence,Available
2,0,YMV,20YMV,Call Sign,Amateur Intermediate Radio Licence,Available
2,0,YMW,20YMW,Call Sign,Amateur Intermediate Radio Licence,Available
2,0,YMX,20YMX,Call Sign,Amateur Intermediate Radio Licence,Available
2,0,YMY,20YMY,Call Sign,Amateur Intermediate Radio Licence,Available
2,0,YMZ,20YMZ,Call Sign,Amateur Intermediate Radio Licence,Available
2,0,YNA,20YNA,Call Sign,Amateur Intermediate Radio Licence,Available
2,0,YNB,20YNB,Call Sign,Amateur Intermediate Radio Licence,Available
2,0,YNC,20YNC,Call Sign,Amateur Intermediate Radio Licence,Available
2,0,YNF,20YNF,Call Sign,Amateur Intermediate Radio Licence,Available
2,0,YNH,20YNH,Call Sign,Amateur Intermediate Radio Licence,Available
2,0,YNJ,20YNJ,Call Sign,Amateur Intermediate Radio Licence,Available
2,0,YNK,20YNK,Call Sign,Amateur Intermediate Radio Licence,Available
2,0,YNL,20YNL,Call Sign,Amateur Intermediate Radio Licence,Available
2,0,YNM,20YNM,Call Sign,Amateur Intermediate Radio Licence,Available
2,0,YNN,20YNN,Call Sign,Amateur Intermediate Radio Licence,Available
2,0,YNO,20YNO,Call Sign,Amateur Intermediate Radio Licence,Available
2,0,YNP,20YNP,Call Sign,Amateur Intermediate Radio Licence,Available
2,0,YNQ,20YNQ,Call Sign,Amateur Intermediate Radio Licence,Available
2,0,YNR,20YNR,Call Sign,Amateur Intermediate Radio Licence,Available
2,0,YNS,20YNS,Call Sign,Amateur Intermediate Radio Licence,Available
2,0,YNU,20YNU,Call Sign,Amateur Intermediate Radio Licence,Available
2,0,YNW,20YNW,Call Sign,Amateur Intermediate Radio Licence,Available
2,0,YNX,20YNX,Call Sign,Amateur Intermediate Radio Licence,Available
2,0,YNY,20YNY,Call Sign,Amateur Intermediate Radio Licence,Available
2,0,YNZ,20YNZ,Call Sign,Amateur Intermediate Radio Licence,Available
2,0,YOA,20YOA,Call Sign,Amateur Intermediate Radio Licence,Available
2,0,YOD,20YOD,Call Sign,Amateur Intermediate Radio Licence,Available
2,0,YOE,20YOE,Call Sign,Amateur Intermediate Radio Licence,Available
2,0,YOF,20YOF,Call Sign,Amateur Intermediate Radio Licence,Available
2,0,YOG,20YOG,Call Sign,Amateur Intermediate Radio Licence,Available
2,0,YOH,20YOH,Call Sign,Amateur Intermediate Radio Licence,Available
2,0,YOI,20YOI,Call Sign,Amateur Intermediate Radio Licence,Available
2,0,YOJ,20YOJ,Call Sign,Amateur Intermediate Radio Licence,Available
2,0,YOK,20YOK,Call Sign,Amateur Intermediate Radio Licence,Available
2,0,YOL,20YOL,Call Sign,Amateur Intermediate Radio Licence,Available
2,0,YON,20YON,Call Sign,Amateur Intermediate Radio Licence,Available
2,0,YOO,20YOO,Call Sign,Amateur Intermediate Radio Licence,Available
2,0,YOQ,20YOQ,Call Sign,Amateur Intermediate Radio Licence,Available
2,0,YOS,20YOS,Call Sign,Amateur Intermediate Radio Licence,Available
2,0,YOV,20YOV,Call Sign,Amateur Intermediate Radio Licence,Available
2,0,YOW,20YOW,Call Sign,Amateur Intermediate Radio Licence,Available
2,0,YOX,20YOX,Call Sign,Amateur Intermediate Radio Licence,Available
2,0,YPA,20YPA,Call Sign,Amateur Intermediate Radio Licence,Available
2,0,YPB,20YPB,Call Sign,Amateur Intermediate Radio Licence,Available
2,0,YPC,20YPC,Call Sign,Amateur Intermediate Radio Licence,Available
2,0,YPD,20YPD,Call Sign,Amateur Intermediate Radio Licence,Available
2,0,YPE,20YPE,Call Sign,Amateur Intermediate Radio Licence,Available
2,0,YPF,20YPF,Call Sign,Amateur Intermediate Radio Licence,Available
2,0,YPH,20YPH,Call Sign,Amateur Intermediate Radio Licence,Available
2,0,YPI,20YPI,Call Sign,Amateur Intermediate Radio Licence,Available
2,0,YPL,20YPL,Call Sign,Amateur Intermediate Radio Licence,Available
2,0,YPN,20YPN,Call Sign,Amateur Intermediate Radio Licence,Available
2,0,YPO,20YPO,Call Sign,Amateur Intermediate Radio Licence,Available
2,0,YPP,20YPP,Call Sign,Amateur Intermediate Radio Licence,Available
2,0,YPQ,20YPQ,Call Sign,Amateur Intermediate Radio Licence,Available
2,0,YPR,20YPR,Call Sign,Amateur Intermediate Radio Licence,Available
2,0,YPS,20YPS,Call Sign,Amateur Intermediate Radio Licence,Available
2,0,YPT,20YPT,Call Sign,Amateur Intermediate Radio Licence,Available
2,0,YPU,20YPU,Call Sign,Amateur Intermediate Radio Licence,Available
2,0,YPV,20YPV,Call Sign,Amateur Intermediate Radio Licence,Available
2,0,YPW,20YPW,Call Sign,Amateur Intermediate Radio Licence,Available
2,0,YPY,20YPY,Call Sign,Amateur Intermediate Radio Licence,Available
2,0,YQA,20YQA,Call Sign,Amateur Intermediate Radio Licence,Available
2,0,YQB,20YQB,Call Sign,Amateur Intermediate Radio Licence,Available
2,0,YQD,20YQD,Call Sign,Amateur Intermediate Radio Licence,Available
2,0,YQE,20YQE,Call Sign,Amateur Intermediate Radio Licence,Available
2,0,YQG,20YQG,Call Sign,Amateur Intermediate Radio Licence,Available
2,0,YQH,20YQH,Call Sign,Amateur Intermediate Radio Licence,Available
2,0,YQI,20YQI,Call Sign,Amateur Intermediate Radio Licence,Available
2,0,YQJ,20YQJ,Call Sign,Amateur Intermediate Radio Licence,Available
2,0,YQK,20YQK,Call Sign,Amateur Intermediate Radio Licence,Available
2,0,YQL,20YQL,Call Sign,Amateur Intermediate Radio Licence,Available
2,0,YQM,20YQM,Call Sign,Amateur Intermediate Radio Licence,Available
2,0,YQO,20YQO,Call Sign,Amateur Intermediate Radio Licence,Available
2,0,YQP,20YQP,Call Sign,Amateur Intermediate Radio Licence,Available
2,0,YQQ,20YQQ,Call Sign,Amateur Intermediate Radio Licence,Available
2,0,YQR,20YQR,Call Sign,Amateur Intermediate Radio Licence,Available
2,0,YQS,20YQS,Call Sign,Amateur Intermediate Radio Licence,Available
2,0,YQU,20YQU,Call Sign,Amateur Intermediate Radio Licence,Available
2,0,YQV,20YQV,Call Sign,Amateur Intermediate Radio Licence,Available
2,0,YQW,20YQW,Call Sign,Amateur Intermediate Radio Licence,Available
2,0,YQX,20YQX,Call Sign,Amateur Intermediate Radio Licence,Available
2,0,YQY,20YQY,Call Sign,Amateur Intermediate Radio Licence,Available
2,0,YQZ,20YQZ,Call Sign,Amateur Intermediate Radio Licence,Available
2,0,YRA,20YRA,Call Sign,Amateur Intermediate Radio Licence,Available
2,0,YRB,20YRB,Call Sign,Amateur Intermediate Radio Licence,Available
2,0,YRC,20YRC,Call Sign,Amateur Intermediate Radio Licence,Available
2,0,YRE,20YRE,Call Sign,Amateur Intermediate Radio Licence,Available
2,0,YRF,20YRF,Call Sign,Amateur Intermediate Radio Licence,Available
2,0,YRG,20YRG,Call Sign,Amateur Intermediate Radio Licence,Available
2,0,YRI,20YRI,Call Sign,Amateur Intermediate Radio Licence,Available
2,0,YRJ,20YRJ,Call Sign,Amateur Intermediate Radio Licence,Available
2,0,YRK,20YRK,Call Sign,Amateur Intermediate Radio Licence,Available
2,0,YRL,20YRL,Call Sign,Amateur Intermediate Radio Licence,Available
2,0,YRM,20YRM,Call Sign,Amateur Intermediate Radio Licence,Available
2,0,YRP,20YRP,Call Sign,Amateur Intermediate Radio Licence,Available
2,0,YRQ,20YRQ,Call Sign,Amateur Intermediate Radio Licence,Available
2,0,YRR,20YRR,Call Sign,Amateur Intermediate Radio Licence,Available
2,0,YRT,20YRT,Call Sign,Amateur Intermediate Radio Licence,Available
2,0,YRU,20YRU,Call Sign,Amateur Intermediate Radio Licence,Available
2,0,YRV,20YRV,Call Sign,Amateur Intermediate Radio Licence,Available
2,0,YRX,20YRX,Call Sign,Amateur Intermediate Radio Licence,Available
2,0,YRY,20YRY,Call Sign,Amateur Intermediate Radio Licence,Available
2,0,YRZ,20YRZ,Call Sign,Amateur Intermediate Radio Licence,Available
2,0,YSA,20YSA,Call Sign,Amateur Intermediate Radio Licence,Available
2,0,YSB,20YSB,Call Sign,Amateur Intermediate Radio Licence,Available
2,0,YSC,20YSC,Call Sign,Amateur Intermediate Radio Licence,Available
2,0,YSD,20YSD,Call Sign,Amateur Intermediate Radio Licence,Available
2,0,YSG,20YSG,Call Sign,Amateur Intermediate Radio Licence,Available
2,0,YSI,20YSI,Call Sign,Amateur Intermediate Radio Licence,Available
2,0,YSJ,20YSJ,Call Sign,Amateur Intermediate Radio Licence,Available
2,0,YSK,20YSK,Call Sign,Amateur Intermediate Radio Licence,Available
2,0,YSM,20YSM,Call Sign,Amateur Intermediate Radio Licence,Available
2,0,YSN,20YSN,Call Sign,Amateur Intermediate Radio Licence,Available
2,0,YSO,20YSO,Call Sign,Amateur Intermediate Radio Licence,Available
2,0,YSQ,20YSQ,Call Sign,Amateur Intermediate Radio Licence,Available
2,0,YSS,20YSS,Call Sign,Amateur Intermediate Radio Licence,Available
2,0,YST,20YST,Call Sign,Amateur Intermediate Radio Licence,Available
2,0,YSV,20YSV,Call Sign,Amateur Intermediate Radio Licence,Available
2,0,YSW,20YSW,Call Sign,Amateur Intermediate Radio Licence,Available
2,0,YSX,20YSX,Call Sign,Amateur Intermediate Radio Licence,Available
2,0,YSY,20YSY,Call Sign,Amateur Intermediate Radio Licence,Available
2,0,YSZ,20YSZ,Call Sign,Amateur Intermediate Radio Licence,Available
2,0,YTA,20YTA,Call Sign,Amateur Intermediate Radio Licence,Available
2,0,YTB,20YTB,Call Sign,Amateur Intermediate Radio Licence,Available
2,0,YTC,20YTC,Call Sign,Amateur Intermediate Radio Licence,Available
2,0,YTD,20YTD,Call Sign,Amateur Intermediate Radio Licence,Available
2,0,YTE,20YTE,Call Sign,Amateur Intermediate Radio Licence,Available
2,0,YTG,20YTG,Call Sign,Amateur Intermediate Radio Licence,Available
2,0,YTH,20YTH,Call Sign,Amateur Intermediate Radio Licence,Available
2,0,YTI,20YTI,Call Sign,Amateur Intermediate Radio Licence,Available
2,0,YTJ,20YTJ,Call Sign,Amateur Intermediate Radio Licence,Available
2,0,YTK,20YTK,Call Sign,Amateur Intermediate Radio Licence,Available
2,0,YTL,20YTL,Call Sign,Amateur Intermediate Radio Licence,Available
2,0,YTM,20YTM,Call Sign,Amateur Intermediate Radio Licence,Available
2,0,YTN,20YTN,Call Sign,Amateur Intermediate Radio Licence,Available
2,0,YTO,20YTO,Call Sign,Amateur Intermediate Radio Licence,Available
2,0,YTP,20YTP,Call Sign,Amateur Intermediate Radio Licence,Available
2,0,YTQ,20YTQ,Call Sign,Amateur Intermediate Radio Licence,Available
2,0,YTR,20YTR,Call Sign,Amateur Intermediate Radio Licence,Available
2,0,YTU,20YTU,Call Sign,Amateur Intermediate Radio Licence,Available
2,0,YTV,20YTV,Call Sign,Amateur Intermediate Radio Licence,Available
2,0,YTW,20YTW,Call Sign,Amateur Intermediate Radio Licence,Available
2,0,YTX,20YTX,Call Sign,Amateur Intermediate Radio Licence,Available
2,0,YTY,20YTY,Call Sign,Amateur Intermediate Radio Licence,Available
2,0,YTZ,20YTZ,Call Sign,Amateur Intermediate Radio Licence,Available
2,0,YUA,20YUA,Call Sign,Amateur Intermediate Radio Licence,Available
2,0,YUC,20YUC,Call Sign,Amateur Intermediate Radio Licence,Available
2,0,YUE,20YUE,Call Sign,Amateur Intermediate Radio Licence,Available
2,0,YUF,20YUF,Call Sign,Amateur Intermediate Radio Licence,Available
2,0,YUG,20YUG,Call Sign,Amateur Intermediate Radio Licence,Available
2,0,YUH,20YUH,Call Sign,Amateur Intermediate Radio Licence,Available
2,0,YUJ,20YUJ,Call Sign,Amateur Intermediate Radio Licence,Available
2,0,YUK,20YUK,Call Sign,Amateur Intermediate Radio Licence,Available
2,0,YUL,20YUL,Call Sign,Amateur Intermediate Radio Licence,Available
2,0,YUM,20YUM,Call Sign,Amateur Intermediate Radio Licence,Available
2,0,YUO,20YUO,Call Sign,Amateur Intermediate Radio Licence,Available
2,0,YUP,20YUP,Call Sign,Amateur Intermediate Radio Licence,Available
2,0,YUQ,20YUQ,Call Sign,Amateur Intermediate Radio Licence,Available
2,0,YUR,20YUR,Call Sign,Amateur Intermediate Radio Licence,Available
2,0,YUS,20YUS,Call Sign,Amateur Intermediate Radio Licence,Available
2,0,YUT,20YUT,Call Sign,Amateur Intermediate Radio Licence,Available
2,0,YUU,20YUU,Call Sign,Amateur Intermediate Radio Licence,Available
2,0,YUX,20YUX,Call Sign,Amateur Intermediate Radio Licence,Available
2,0,YUY,20YUY,Call Sign,Amateur Intermediate Radio Licence,Available
2,0,YUZ,20YUZ,Call Sign,Amateur Intermediate Radio Licence,Available
2,0,YVA,20YVA,Call Sign,Amateur Intermediate Radio Licence,Available
2,0,YVB,20YVB,Call Sign,Amateur Intermediate Radio Licence,Available
2,0,YVC,20YVC,Call Sign,Amateur Intermediate Radio Licence,Available
2,0,YVD,20YVD,Call Sign,Amateur Intermediate Radio Licence,Available
2,0,YVE,20YVE,Call Sign,Amateur Intermediate Radio Licence,Available
2,0,YVF,20YVF,Call Sign,Amateur Intermediate Radio Licence,Available
2,0,YVG,20YVG,Call Sign,Amateur Intermediate Radio Licence,Available
2,0,YVH,20YVH,Call Sign,Amateur Intermediate Radio Licence,Available
2,0,YVI,20YVI,Call Sign,Amateur Intermediate Radio Licence,Available
2,0,YVJ,20YVJ,Call Sign,Amateur Intermediate Radio Licence,Available
2,0,YVK,20YVK,Call Sign,Amateur Intermediate Radio Licence,Available
2,0,YVL,20YVL,Call Sign,Amateur Intermediate Radio Licence,Available
2,0,YVM,20YVM,Call Sign,Amateur Intermediate Radio Licence,Available
2,0,YVP,20YVP,Call Sign,Amateur Intermediate Radio Licence,Available
2,0,YVQ,20YVQ,Call Sign,Amateur Intermediate Radio Licence,Available
2,0,YVT,20YVT,Call Sign,Amateur Intermediate Radio Licence,Available
2,0,YVU,20YVU,Call Sign,Amateur Intermediate Radio Licence,Available
2,0,YVV,20YVV,Call Sign,Amateur Intermediate Radio Licence,Available
2,0,YVW,20YVW,Call Sign,Amateur Intermediate Radio Licence,Available
2,0,YVY,20YVY,Call Sign,Amateur Intermediate Radio Licence,Available
2,0,YVZ,20YVZ,Call Sign,Amateur Intermediate Radio Licence,Available
2,0,YWA,20YWA,Call Sign,Amateur Intermediate Radio Licence,Available
2,0,YWB,20YWB,Call Sign,Amateur Intermediate Radio Licence,Available
2,0,YWC,20YWC,Call Sign,Amateur Intermediate Radio Licence,Available
2,0,YWD,20YWD,Call Sign,Amateur Intermediate Radio Licence,Available
2,0,YWE,20YWE,Call Sign,Amateur Intermediate Radio Licence,Available
2,0,YWF,20YWF,Call Sign,Amateur Intermediate Radio Licence,Available
2,0,YWG,20YWG,Call Sign,Amateur Intermediate Radio Licence,Available
2,0,YWH,20YWH,Call Sign,Amateur Intermediate Radio Licence,Available
2,0,YWI,20YWI,Call Sign,Amateur Intermediate Radio Licence,Available
2,0,YWJ,20YWJ,Call Sign,Amateur Intermediate Radio Licence,Available
2,0,YWK,20YWK,Call Sign,Amateur Intermediate Radio Licence,Available
2,0,YWL,20YWL,Call Sign,Amateur Intermediate Radio Licence,Available
2,0,YWM,20YWM,Call Sign,Amateur Intermediate Radio Licence,Available
2,0,YWO,20YWO,Call Sign,Amateur Intermediate Radio Licence,Available
2,0,YWQ,20YWQ,Call Sign,Amateur Intermediate Radio Licence,Available
2,0,YWR,20YWR,Call Sign,Amateur Intermediate Radio Licence,Available
2,0,YWS,20YWS,Call Sign,Amateur Intermediate Radio Licence,Available
2,0,YWT,20YWT,Call Sign,Amateur Intermediate Radio Licence,Available
2,0,YWU,20YWU,Call Sign,Amateur Intermediate Radio Licence,Available
2,0,YWV,20YWV,Call Sign,Amateur Intermediate Radio Licence,Available
2,0,YWW,20YWW,Call Sign,Amateur Intermediate Radio Licence,Available
2,0,YWX,20YWX,Call Sign,Amateur Intermediate Radio Licence,Available
2,0,YWY,20YWY,Call Sign,Amateur Intermediate Radio Licence,Available
2,0,YWZ,20YWZ,Call Sign,Amateur Intermediate Radio Licence,Available
2,0,YXA,20YXA,Call Sign,Amateur Intermediate Radio Licence,Available
2,0,YXC,20YXC,Call Sign,Amateur Intermediate Radio Licence,Available
2,0,YXD,20YXD,Call Sign,Amateur Intermediate Radio Licence,Available
2,0,YXE,20YXE,Call Sign,Amateur Intermediate Radio Licence,Available
2,0,YXF,20YXF,Call Sign,Amateur Intermediate Radio Licence,Available
2,0,YXG,20YXG,Call Sign,Amateur Intermediate Radio Licence,Available
2,0,YXH,20YXH,Call Sign,Amateur Intermediate Radio Licence,Available
2,0,YXI,20YXI,Call Sign,Amateur Intermediate Radio Licence,Available
2,0,YXJ,20YXJ,Call Sign,Amateur Intermediate Radio Licence,Available
2,0,YXK,20YXK,Call Sign,Amateur Intermediate Radio Licence,Available
2,0,YXL,20YXL,Call Sign,Amateur Intermediate Radio Licence,Available
2,0,YXM,20YXM,Call Sign,Amateur Intermediate Radio Licence,Available
2,0,YXN,20YXN,Call Sign,Amateur Intermediate Radio Licence,Available
2,0,YXP,20YXP,Call Sign,Amateur Intermediate Radio Licence,Available
2,0,YXQ,20YXQ,Call Sign,Amateur Intermediate Radio Licence,Available
2,0,YXR,20YXR,Call Sign,Amateur Intermediate Radio Licence,Available
2,0,YXS,20YXS,Call Sign,Amateur Intermediate Radio Licence,Available
2,0,YXT,20YXT,Call Sign,Amateur Intermediate Radio Licence,Available
2,0,YXU,20YXU,Call Sign,Amateur Intermediate Radio Licence,Available
2,0,YXV,20YXV,Call Sign,Amateur Intermediate Radio Licence,Available
2,0,YXW,20YXW,Call Sign,Amateur Intermediate Radio Licence,Available
2,0,YXX,20YXX,Call Sign,Amateur Intermediate Radio Licence,Available
2,0,YXY,20YXY,Call Sign,Amateur Intermediate Radio Licence,Available
2,0,YYA,20YYA,Call Sign,Amateur Intermediate Radio Licence,Available
2,0,YYB,20YYB,Call Sign,Amateur Intermediate Radio Licence,Available
2,0,YYC,20YYC,Call Sign,Amateur Intermediate Radio Licence,Available
2,0,YYE,20YYE,Call Sign,Amateur Intermediate Radio Licence,Available
2,0,YYG,20YYG,Call Sign,Amateur Intermediate Radio Licence,Available
2,0,YYH,20YYH,Call Sign,Amateur Intermediate Radio Licence,Available
2,0,YYI,20YYI,Call Sign,Amateur Intermediate Radio Licence,Available
2,0,YYJ,20YYJ,Call Sign,Amateur Intermediate Radio Licence,Available
2,0,YYK,20YYK,Call Sign,Amateur Intermediate Radio Licence,Available
2,0,YYL,20YYL,Call Sign,Amateur Intermediate Radio Licence,Available
2,0,YYM,20YYM,Call Sign,Amateur Intermediate Radio Licence,Available
2,0,YYN,20YYN,Call Sign,Amateur Intermediate Radio Licence,Available
2,0,YYO,20YYO,Call Sign,Amateur Intermediate Radio Licence,Available
2,0,YYQ,20YYQ,Call Sign,Amateur Intermediate Radio Licence,Available
2,0,YYR,20YYR,Call Sign,Amateur Intermediate Radio Licence,Available
2,0,YYS,20YYS,Call Sign,Amateur Intermediate Radio Licence,Available
2,0,YYV,20YYV,Call Sign,Amateur Intermediate Radio Licence,Available
2,0,YYW,20YYW,Call Sign,Amateur Intermediate Radio Licence,Available
2,0,YYX,20YYX,Call Sign,Amateur Intermediate Radio Licence,Available
2,0,YZB,20YZB,Call Sign,Amateur Intermediate Radio Licence,Available
2,0,YZD,20YZD,Call Sign,Amateur Intermediate Radio Licence,Available
2,0,YZE,20YZE,Call Sign,Amateur Intermediate Radio Licence,Available
2,0,YZG,20YZG,Call Sign,Amateur Intermediate Radio Licence,Available
2,0,YZH,20YZH,Call Sign,Amateur Intermediate Radio Licence,Available
2,0,YZI,20YZI,Call Sign,Amateur Intermediate Radio Licence,Available
2,0,YZJ,20YZJ,Call Sign,Amateur Intermediate Radio Licence,Available
2,0,YZK,20YZK,Call Sign,Amateur Intermediate Radio Licence,Available
2,0,YZL,20YZL,Call Sign,Amateur Intermediate Radio Licence,Available
2,0,YZM,20YZM,Call Sign,Amateur Intermediate Radio Licence,Available
2,0,YZN,20YZN,Call Sign,Amateur Intermediate Radio Licence,Available
2,0,YZO,20YZO,Call Sign,Amateur Intermediate Radio Licence,Available
2,0,YZP,20YZP,Call Sign,Amateur Intermediate Radio Licence,Available
2,0,YZT,20YZT,Call Sign,Amateur Intermediate Radio Licence,Available
2,0,YZU,20YZU,Call Sign,Amateur Intermediate Radio Licence,Available
2,0,YZV,20YZV,Call Sign,Amateur Intermediate Radio Licence,Available
2,0,YZW,20YZW,Call Sign,Amateur Intermediate Radio Licence,Available
2,0,YZY,20YZY,Call Sign,Amateur Intermediate Radio Licence,Available
2,0,ZAQ,20ZAQ,Call Sign,Amateur Intermediate Radio Licence,Available
2,0,ZBF,20ZBF,Call Sign,Amateur Intermediate Radio Licence,Available
2,0,ZBI,20ZBI,Call Sign,Amateur Intermediate Radio Licence,Available
2,0,ZBJ,20ZBJ,Call Sign,Amateur Intermediate Radio Licence,Available
2,0,ZBK,20ZBK,Call Sign,Amateur Intermediate Radio Licence,Available
2,0,ZBL,20ZBL,Call Sign,Amateur Intermediate Radio Licence,Available
2,0,ZBM,20ZBM,Call Sign,Amateur Intermediate Radio Licence,Available
2,0,ZBN,20ZBN,Call Sign,Amateur Intermediate Radio Licence,Available
2,0,ZBO,20ZBO,Call Sign,Amateur Intermediate Radio Licence,Available
2,0,ZBP,20ZBP,Call Sign,Amateur Intermediate Radio Licence,Available
2,0,ZBQ,20ZBQ,Call Sign,Amateur Intermediate Radio Licence,Available
2,0,ZBR,20ZBR,Call Sign,Amateur Intermediate Radio Licence,Available
2,0,ZBS,20ZBS,Call Sign,Amateur Intermediate Radio Licence,Available
2,0,ZBV,20ZBV,Call Sign,Amateur Intermediate Radio Licence,Available
2,0,ZBX,20ZBX,Call Sign,Amateur Intermediate Radio Licence,Available
2,0,ZBY,20ZBY,Call Sign,Amateur Intermediate Radio Licence,Available
2,0,ZCA,20ZCA,Call Sign,Amateur Intermediate Radio Licence,Available
2,0,ZCB,20ZCB,Call Sign,Amateur Intermediate Radio Licence,Available
2,0,ZCD,20ZCD,Call Sign,Amateur Intermediate Radio Licence,Available
2,0,ZCE,20ZCE,Call Sign,Amateur Intermediate Radio Licence,Available
2,0,ZCF,20ZCF,Call Sign,Amateur Intermediate Radio Licence,Available
2,0,ZCH,20ZCH,Call Sign,Amateur Intermediate Radio Licence,Available
2,0,ZCI,20ZCI,Call Sign,Amateur Intermediate Radio Licence,Available
2,0,ZCJ,20ZCJ,Call Sign,Amateur Intermediate Radio Licence,Available
2,0,ZCK,20ZCK,Call Sign,Amateur Intermediate Radio Licence,Available
2,0,ZCM,20ZCM,Call Sign,Amateur Intermediate Radio Licence,Available
2,0,ZCN,20ZCN,Call Sign,Amateur Intermediate Radio Licence,Available
2,0,ZCO,20ZCO,Call Sign,Amateur Intermediate Radio Licence,Available
2,0,ZCQ,20ZCQ,Call Sign,Amateur Intermediate Radio Licence,Available
2,0,ZCS,20ZCS,Call Sign,Amateur Intermediate Radio Licence,Available
2,0,ZCT,20ZCT,Call Sign,Amateur Intermediate Radio Licence,Available
2,0,ZCU,20ZCU,Call Sign,Amateur Intermediate Radio Licence,Available
2,0,ZCV,20ZCV,Call Sign,Amateur Intermediate Radio Licence,Available
2,0,ZCW,20ZCW,Call Sign,Amateur Intermediate Radio Licence,Available
2,0,ZCX,20ZCX,Call Sign,Amateur Intermediate Radio Licence,Available
2,0,ZCY,20ZCY,Call Sign,Amateur Intermediate Radio Licence,Available
2,0,ZCZ,20ZCZ,Call Sign,Amateur Intermediate Radio Licence,Available
2,0,ZDD,20ZDD,Call Sign,Amateur Intermediate Radio Licence,Available
2,0,ZDF,20ZDF,Call Sign,Amateur Intermediate Radio Licence,Available
2,0,ZDG,20ZDG,Call Sign,Amateur Intermediate Radio Licence,Available
2,0,ZDI,20ZDI,Call Sign,Amateur Intermediate Radio Licence,Available
2,0,ZDL,20ZDL,Call Sign,Amateur Intermediate Radio Licence,Available
2,0,ZDN,20ZDN,Call Sign,Amateur Intermediate Radio Licence,Available
2,0,ZDO,20ZDO,Call Sign,Amateur Intermediate Radio Licence,Available
2,0,ZDP,20ZDP,Call Sign,Amateur Intermediate Radio Licence,Available
2,0,ZDQ,20ZDQ,Call Sign,Amateur Intermediate Radio Licence,Available
2,0,ZDR,20ZDR,Call Sign,Amateur Intermediate Radio Licence,Available
2,0,ZDS,20ZDS,Call Sign,Amateur Intermediate Radio Licence,Available
2,0,ZDT,20ZDT,Call Sign,Amateur Intermediate Radio Licence,Available
2,0,ZDU,20ZDU,Call Sign,Amateur Intermediate Radio Licence,Available
2,0,ZDV,20ZDV,Call Sign,Amateur Intermediate Radio Licence,Available
2,0,ZDY,20ZDY,Call Sign,Amateur Intermediate Radio Licence,Available
2,0,ZDZ,20ZDZ,Call Sign,Amateur Intermediate Radio Licence,Available
2,0,ZEA,20ZEA,Call Sign,Amateur Intermediate Radio Licence,Available
2,0,ZEE,20ZEE,Call Sign,Amateur Intermediate Radio Licence,Available
2,0,ZEF,20ZEF,Call Sign,Amateur Intermediate Radio Licence,Available
2,0,ZEG,20ZEG,Call Sign,Amateur Intermediate Radio Licence,Available
2,0,ZEI,20ZEI,Call Sign,Amateur Intermediate Radio Licence,Available
2,0,ZEJ,20ZEJ,Call Sign,Amateur Intermediate Radio Licence,Available
2,0,ZEK,20ZEK,Call Sign,Amateur Intermediate Radio Licence,Available
2,0,ZEL,20ZEL,Call Sign,Amateur Intermediate Radio Licence,Available
2,0,ZEP,20ZEP,Call Sign,Amateur Intermediate Radio Licence,Available
2,0,ZER,20ZER,Call Sign,Amateur Intermediate Radio Licence,Available
2,0,ZES,20ZES,Call Sign,Amateur Intermediate Radio Licence,Available
2,0,ZEU,20ZEU,Call Sign,Amateur Intermediate Radio Licence,Available
2,0,ZEW,20ZEW,Call Sign,Amateur Intermediate Radio Licence,Available
2,0,ZEX,20ZEX,Call Sign,Amateur Intermediate Radio Licence,Available
2,0,ZEZ,20ZEZ,Call Sign,Amateur Intermediate Radio Licence,Available
2,0,ZFA,20ZFA,Call Sign,Amateur Intermediate Radio Licence,Available
2,0,ZFB,20ZFB,Call Sign,Amateur Intermediate Radio Licence,Available
2,0,ZFC,20ZFC,Call Sign,Amateur Intermediate Radio Licence,Available
2,0,ZFD,20ZFD,Call Sign,Amateur Intermediate Radio Licence,Available
2,0,ZFE,20ZFE,Call Sign,Amateur Intermediate Radio Licence,Available
2,0,ZFH,20ZFH,Call Sign,Amateur Intermediate Radio Licence,Available
2,0,ZFI,20ZFI,Call Sign,Amateur Intermediate Radio Licence,Available
2,0,ZFJ,20ZFJ,Call Sign,Amateur Intermediate Radio Licence,Available
2,0,ZFK,20ZFK,Call Sign,Amateur Intermediate Radio Licence,Available
2,0,ZFL,20ZFL,Call Sign,Amateur Intermediate Radio Licence,Available
2,0,ZFN,20ZFN,Call Sign,Amateur Intermediate Radio Licence,Available
2,0,ZFO,20ZFO,Call Sign,Amateur Intermediate Radio Licence,Available
2,0,ZFP,20ZFP,Call Sign,Amateur Intermediate Radio Licence,Available
2,0,ZFQ,20ZFQ,Call Sign,Amateur Intermediate Radio Licence,Available
2,0,ZFR,20ZFR,Call Sign,Amateur Intermediate Radio Licence,Available
2,0,ZFS,20ZFS,Call Sign,Amateur Intermediate Radio Licence,Available
2,0,ZFT,20ZFT,Call Sign,Amateur Intermediate Radio Licence,Available
2,0,ZFW,20ZFW,Call Sign,Amateur Intermediate Radio Licence,Available
2,0,ZFY,20ZFY,Call Sign,Amateur Intermediate Radio Licence,Available
2,0,ZFZ,20ZFZ,Call Sign,Amateur Intermediate Radio Licence,Available
2,0,ZGC,20ZGC,Call Sign,Amateur Intermediate Radio Licence,Available
2,0,ZGD,20ZGD,Call Sign,Amateur Intermediate Radio Licence,Available
2,0,ZGE,20ZGE,Call Sign,Amateur Intermediate Radio Licence,Available
2,0,ZGF,20ZGF,Call Sign,Amateur Intermediate Radio Licence,Available
2,0,ZGG,20ZGG,Call Sign,Amateur Intermediate Radio Licence,Available
2,0,ZGH,20ZGH,Call Sign,Amateur Intermediate Radio Licence,Available
2,0,ZGI,20ZGI,Call Sign,Amateur Intermediate Radio Licence,Available
2,0,ZGJ,20ZGJ,Call Sign,Amateur Intermediate Radio Licence,Available
2,0,ZGK,20ZGK,Call Sign,Amateur Intermediate Radio Licence,Available
2,0,ZGM,20ZGM,Call Sign,Amateur Intermediate Radio Licence,Available
2,0,ZGO,20ZGO,Call Sign,Amateur Intermediate Radio Licence,Available
2,0,ZGP,20ZGP,Call Sign,Amateur Intermediate Radio Licence,Available
2,0,ZGQ,20ZGQ,Call Sign,Amateur Intermediate Radio Licence,Available
2,0,ZGR,20ZGR,Call Sign,Amateur Intermediate Radio Licence,Available
2,0,ZGT,20ZGT,Call Sign,Amateur Intermediate Radio Licence,Available
2,0,ZGU,20ZGU,Call Sign,Amateur Intermediate Radio Licence,Available
2,0,ZGV,20ZGV,Call Sign,Amateur Intermediate Radio Licence,Available
2,0,ZGW,20ZGW,Call Sign,Amateur Intermediate Radio Licence,Available
2,0,ZGY,20ZGY,Call Sign,Amateur Intermediate Radio Licence,Available
2,0,ZGZ,20ZGZ,Call Sign,Amateur Intermediate Radio Licence,Available
2,0,ZHA,20ZHA,Call Sign,Amateur Intermediate Radio Licence,Available
2,0,ZHB,20ZHB,Call Sign,Amateur Intermediate Radio Licence,Available
2,0,ZHC,20ZHC,Call Sign,Amateur Intermediate Radio Licence,Available
2,0,ZHD,20ZHD,Call Sign,Amateur Intermediate Radio Licence,Available
2,0,ZHE,20ZHE,Call Sign,Amateur Intermediate Radio Licence,Available
2,0,ZHF,20ZHF,Call Sign,Amateur Intermediate Radio Licence,Available
2,0,ZHH,20ZHH,Call Sign,Amateur Intermediate Radio Licence,Available
2,0,ZHI,20ZHI,Call Sign,Amateur Intermediate Radio Licence,Available
2,0,ZHJ,20ZHJ,Call Sign,Amateur Intermediate Radio Licence,Available
2,0,ZHK,20ZHK,Call Sign,Amateur Intermediate Radio Licence,Available
2,0,ZHL,20ZHL,Call Sign,Amateur Intermediate Radio Licence,Available
2,0,ZHM,20ZHM,Call Sign,Amateur Intermediate Radio Licence,Available
2,0,ZHO,20ZHO,Call Sign,Amateur Intermediate Radio Licence,Available
2,0,ZHP,20ZHP,Call Sign,Amateur Intermediate Radio Licence,Available
2,0,ZHQ,20ZHQ,Call Sign,Amateur Intermediate Radio Licence,Available
2,0,ZHR,20ZHR,Call Sign,Amateur Intermediate Radio Licence,Available
2,0,ZHS,20ZHS,Call Sign,Amateur Intermediate Radio Licence,Available
2,0,ZHT,20ZHT,Call Sign,Amateur Intermediate Radio Licence,Available
2,0,ZHU,20ZHU,Call Sign,Amateur Intermediate Radio Licence,Available
2,0,ZHV,20ZHV,Call Sign,Amateur Intermediate Radio Licence,Available
2,0,ZHW,20ZHW,Call Sign,Amateur Intermediate Radio Licence,Available
2,0,ZHX,20ZHX,Call Sign,Amateur Intermediate Radio Licence,Available
2,0,ZHY,20ZHY,Call Sign,Amateur Intermediate Radio Licence,Available
2,0,ZHZ,20ZHZ,Call Sign,Amateur Intermediate Radio Licence,Available
2,0,ZIA,20ZIA,Call Sign,Amateur Intermediate Radio Licence,Available
2,0,ZIB,20ZIB,Call Sign,Amateur Intermediate Radio Licence,Available
2,0,ZIC,20ZIC,Call Sign,Amateur Intermediate Radio Licence,Available
2,0,ZID,20ZID,Call Sign,Amateur Intermediate Radio Licence,Available
2,0,ZIE,20ZIE,Call Sign,Amateur Intermediate Radio Licence,Available
2,0,ZIF,20ZIF,Call Sign,Amateur Intermediate Radio Licence,Available
2,0,ZIH,20ZIH,Call Sign,Amateur Intermediate Radio Licence,Available
2,0,ZII,20ZII,Call Sign,Amateur Intermediate Radio Licence,Available
2,0,ZIJ,20ZIJ,Call Sign,Amateur Intermediate Radio Licence,Available
2,0,ZIK,20ZIK,Call Sign,Amateur Intermediate Radio Licence,Available
2,0,ZIN,20ZIN,Call Sign,Amateur Intermediate Radio Licence,Available
2,0,ZIO,20ZIO,Call Sign,Amateur Intermediate Radio Licence,Available
2,0,ZIQ,20ZIQ,Call Sign,Amateur Intermediate Radio Licence,Available
2,0,ZIR,20ZIR,Call Sign,Amateur Intermediate Radio Licence,Available
2,0,ZIS,20ZIS,Call Sign,Amateur Intermediate Radio Licence,Available
2,0,ZIU,20ZIU,Call Sign,Amateur Intermediate Radio Licence,Available
2,0,ZIW,20ZIW,Call Sign,Amateur Intermediate Radio Licence,Available
2,0,ZIY,20ZIY,Call Sign,Amateur Intermediate Radio Licence,Available
2,0,ZJC,20ZJC,Call Sign,Amateur Intermediate Radio Licence,Available
2,0,ZJD,20ZJD,Call Sign,Amateur Intermediate Radio Licence,Available
2,0,ZJE,20ZJE,Call Sign,Amateur Intermediate Radio Licence,Available
2,0,ZJF,20ZJF,Call Sign,Amateur Intermediate Radio Licence,Available
2,0,ZJG,20ZJG,Call Sign,Amateur Intermediate Radio Licence,Available
2,0,ZJH,20ZJH,Call Sign,Amateur Intermediate Radio Licence,Available
2,0,ZJI,20ZJI,Call Sign,Amateur Intermediate Radio Licence,Available
2,0,ZJJ,20ZJJ,Call Sign,Amateur Intermediate Radio Licence,Available
2,0,ZJK,20ZJK,Call Sign,Amateur Intermediate Radio Licence,Available
2,0,ZJL,20ZJL,Call Sign,Amateur Intermediate Radio Licence,Available
2,0,ZJM,20ZJM,Call Sign,Amateur Intermediate Radio Licence,Available
2,0,ZJN,20ZJN,Call Sign,Amateur Intermediate Radio Licence,Available
2,0,ZJP,20ZJP,Call Sign,Amateur Intermediate Radio Licence,Available
2,0,ZJR,20ZJR,Call Sign,Amateur Intermediate Radio Licence,Available
2,0,ZJS,20ZJS,Call Sign,Amateur Intermediate Radio Licence,Available
2,0,ZJT,20ZJT,Call Sign,Amateur Intermediate Radio Licence,Available
2,0,ZJU,20ZJU,Call Sign,Amateur Intermediate Radio Licence,Available
2,0,ZJV,20ZJV,Call Sign,Amateur Intermediate Radio Licence,Available
2,0,ZJW,20ZJW,Call Sign,Amateur Intermediate Radio Licence,Available
2,0,ZJX,20ZJX,Call Sign,Amateur Intermediate Radio Licence,Available
2,0,ZJY,20ZJY,Call Sign,Amateur Intermediate Radio Licence,Available
2,0,ZJZ,20ZJZ,Call Sign,Amateur Intermediate Radio Licence,Available
2,0,ZKA,20ZKA,Call Sign,Amateur Intermediate Radio Licence,Available
2,0,ZKB,20ZKB,Call Sign,Amateur Intermediate Radio Licence,Available
2,0,ZKC,20ZKC,Call Sign,Amateur Intermediate Radio Licence,Available
2,0,ZKE,20ZKE,Call Sign,Amateur Intermediate Radio Licence,Available
2,0,ZKF,20ZKF,Call Sign,Amateur Intermediate Radio Licence,Available
2,0,ZKG,20ZKG,Call Sign,Amateur Intermediate Radio Licence,Available
2,0,ZKH,20ZKH,Call Sign,Amateur Intermediate Radio Licence,Available
2,0,ZKI,20ZKI,Call Sign,Amateur Intermediate Radio Licence,Available
2,0,ZKJ,20ZKJ,Call Sign,Amateur Intermediate Radio Licence,Available
2,0,ZKK,20ZKK,Call Sign,Amateur Intermediate Radio Licence,Available
2,0,ZKL,20ZKL,Call Sign,Amateur Intermediate Radio Licence,Available
2,0,ZKM,20ZKM,Call Sign,Amateur Intermediate Radio Licence,Available
2,0,ZKN,20ZKN,Call Sign,Amateur Intermediate Radio Licence,Available
2,0,ZKO,20ZKO,Call Sign,Amateur Intermediate Radio Licence,Available
2,0,ZKP,20ZKP,Call Sign,Amateur Intermediate Radio Licence,Available
2,0,ZKQ,20ZKQ,Call Sign,Amateur Intermediate Radio Licence,Available
2,0,ZKR,20ZKR,Call Sign,Amateur Intermediate Radio Licence,Available
2,0,ZKS,20ZKS,Call Sign,Amateur Intermediate Radio Licence,Available
2,0,ZKU,20ZKU,Call Sign,Amateur Intermediate Radio Licence,Available
2,0,ZKV,20ZKV,Call Sign,Amateur Intermediate Radio Licence,Available
2,0,ZKW,20ZKW,Call Sign,Amateur Intermediate Radio Licence,Available
2,0,ZKY,20ZKY,Call Sign,Amateur Intermediate Radio Licence,Available
2,0,ZKZ,20ZKZ,Call Sign,Amateur Intermediate Radio Licence,Available
2,0,ZLA,20ZLA,Call Sign,Amateur Intermediate Radio Licence,Available
2,0,ZLB,20ZLB,Call Sign,Amateur Intermediate Radio Licence,Available
2,0,ZLC,20ZLC,Call Sign,Amateur Intermediate Radio Licence,Available
2,0,ZLE,20ZLE,Call Sign,Amateur Intermediate Radio Licence,Available
2,0,ZLF,20ZLF,Call Sign,Amateur Intermediate Radio Licence,Available
2,0,ZLH,20ZLH,Call Sign,Amateur Intermediate Radio Licence,Available
2,0,ZLI,20ZLI,Call Sign,Amateur Intermediate Radio Licence,Available
2,0,ZLJ,20ZLJ,Call Sign,Amateur Intermediate Radio Licence,Available
2,0,ZLL,20ZLL,Call Sign,Amateur Intermediate Radio Licence,Available
2,0,ZLN,20ZLN,Call Sign,Amateur Intermediate Radio Licence,Available
2,0,ZLP,20ZLP,Call Sign,Amateur Intermediate Radio Licence,Available
2,0,ZLQ,20ZLQ,Call Sign,Amateur Intermediate Radio Licence,Available
2,0,ZLS,20ZLS,Call Sign,Amateur Intermediate Radio Licence,Available
2,0,ZLU,20ZLU,Call Sign,Amateur Intermediate Radio Licence,Available
2,0,ZLV,20ZLV,Call Sign,Amateur Intermediate Radio Licence,Available
2,0,ZLW,20ZLW,Call Sign,Amateur Intermediate Radio Licence,Available
2,0,ZLX,20ZLX,Call Sign,Amateur Intermediate Radio Licence,Available
2,0,ZLY,20ZLY,Call Sign,Amateur Intermediate Radio Licence,Available
2,0,ZLZ,20ZLZ,Call Sign,Amateur Intermediate Radio Licence,Available
2,0,ZMA,20ZMA,Call Sign,Amateur Intermediate Radio Licence,Available
2,0,ZMC,20ZMC,Call Sign,Amateur Intermediate Radio Licence,Available
2,0,ZMD,20ZMD,Call Sign,Amateur Intermediate Radio Licence,Available
2,0,ZME,20ZME,Call Sign,Amateur Intermediate Radio Licence,Available
2,0,ZMF,20ZMF,Call Sign,Amateur Intermediate Radio Licence,Available
2,0,ZMG,20ZMG,Call Sign,Amateur Intermediate Radio Licence,Available
2,0,ZMH,20ZMH,Call Sign,Amateur Intermediate Radio Licence,Available
2,0,ZMI,20ZMI,Call Sign,Amateur Intermediate Radio Licence,Available
2,0,ZMJ,20ZMJ,Call Sign,Amateur Intermediate Radio Licence,Available
2,0,ZMK,20ZMK,Call Sign,Amateur Intermediate Radio Licence,Available
2,0,ZMN,20ZMN,Call Sign,Amateur Intermediate Radio Licence,Available
2,0,ZMP,20ZMP,Call Sign,Amateur Intermediate Radio Licence,Available
2,0,ZMQ,20ZMQ,Call Sign,Amateur Intermediate Radio Licence,Available
2,0,ZMU,20ZMU,Call Sign,Amateur Intermediate Radio Licence,Available
2,0,ZMV,20ZMV,Call Sign,Amateur Intermediate Radio Licence,Available
2,0,ZMW,20ZMW,Call Sign,Amateur Intermediate Radio Licence,Available
2,0,ZMY,20ZMY,Call Sign,Amateur Intermediate Radio Licence,Available
2,0,ZNA,20ZNA,Call Sign,Amateur Intermediate Radio Licence,Available
2,0,ZNB,20ZNB,Call Sign,Amateur Intermediate Radio Licence,Available
2,0,ZNC,20ZNC,Call Sign,Amateur Intermediate Radio Licence,Available
2,0,ZND,20ZND,Call Sign,Amateur Intermediate Radio Licence,Available
2,0,ZNE,20ZNE,Call Sign,Amateur Intermediate Radio Licence,Available
2,0,ZNF,20ZNF,Call Sign,Amateur Intermediate Radio Licence,Available
2,0,ZNG,20ZNG,Call Sign,Amateur Intermediate Radio Licence,Available
2,0,ZNI,20ZNI,Call Sign,Amateur Intermediate Radio Licence,Available
2,0,ZNJ,20ZNJ,Call Sign,Amateur Intermediate Radio Licence,Available
2,0,ZNK,20ZNK,Call Sign,Amateur Intermediate Radio Licence,Available
2,0,ZNL,20ZNL,Call Sign,Amateur Intermediate Radio Licence,Available
2,0,ZNM,20ZNM,Call Sign,Amateur Intermediate Radio Licence,Available
2,0,ZNN,20ZNN,Call Sign,Amateur Intermediate Radio Licence,Available
2,0,ZNO,20ZNO,Call Sign,Amateur Intermediate Radio Licence,Available
2,0,ZNP,20ZNP,Call Sign,Amateur Intermediate Radio Licence,Available
2,0,ZNQ,20ZNQ,Call Sign,Amateur Intermediate Radio Licence,Available
2,0,ZNR,20ZNR,Call Sign,Amateur Intermediate Radio Licence,Available
2,0,ZNS,20ZNS,Call Sign,Amateur Intermediate Radio Licence,Available
2,0,ZNT,20ZNT,Call Sign,Amateur Intermediate Radio Licence,Available
2,0,ZNU,20ZNU,Call Sign,Amateur Intermediate Radio Licence,Available
2,0,ZNV,20ZNV,Call Sign,Amateur Intermediate Radio Licence,Available
2,0,ZNW,20ZNW,Call Sign,Amateur Intermediate Radio Licence,Available
2,0,ZNX,20ZNX,Call Sign,Amateur Intermediate Radio Licence,Available
2,0,ZNY,20ZNY,Call Sign,Amateur Intermediate Radio Licence,Available
2,0,ZOB,20ZOB,Call Sign,Amateur Intermediate Radio Licence,Available
2,0,ZOC,20ZOC,Call Sign,Amateur Intermediate Radio Licence,Available
2,0,ZOE,20ZOE,Call Sign,Amateur Intermediate Radio Licence,Available
2,0,ZOF,20ZOF,Call Sign,Amateur Intermediate Radio Licence,Available
2,0,ZOG,20ZOG,Call Sign,Amateur Intermediate Radio Licence,Available
2,0,ZOH,20ZOH,Call Sign,Amateur Intermediate Radio Licence,Available
2,0,ZOI,20ZOI,Call Sign,Amateur Intermediate Radio Licence,Available
2,0,ZOJ,20ZOJ,Call Sign,Amateur Intermediate Radio Licence,Available
2,0,ZOK,20ZOK,Call Sign,Amateur Intermediate Radio Licence,Available
2,0,ZOL,20ZOL,Call Sign,Amateur Intermediate Radio Licence,Available
2,0,ZOP,20ZOP,Call Sign,Amateur Intermediate Radio Licence,Available
2,0,ZOQ,20ZOQ,Call Sign,Amateur Intermediate Radio Licence,Available
2,0,ZOS,20ZOS,Call Sign,Amateur Intermediate Radio Licence,Available
2,0,ZOU,20ZOU,Call Sign,Amateur Intermediate Radio Licence,Available
2,0,ZOV,20ZOV,Call Sign,Amateur Intermediate Radio Licence,Available
2,0,ZOW,20ZOW,Call Sign,Amateur Intermediate Radio Licence,Available
2,0,ZOX,20ZOX,Call Sign,Amateur Intermediate Radio Licence,Available
2,0,ZOY,20ZOY,Call Sign,Amateur Intermediate Radio Licence,Available
2,0,ZPB,20ZPB,Call Sign,Amateur Intermediate Radio Licence,Available
2,0,ZPC,20ZPC,Call Sign,Amateur Intermediate Radio Licence,Available
2,0,ZPE,20ZPE,Call Sign,Amateur Intermediate Radio Licence,Available
2,0,ZPF,20ZPF,Call Sign,Amateur Intermediate Radio Licence,Available
2,0,ZPG,20ZPG,Call Sign,Amateur Intermediate Radio Licence,Available
2,0,ZPH,20ZPH,Call Sign,Amateur Intermediate Radio Licence,Available
2,0,ZPI,20ZPI,Call Sign,Amateur Intermediate Radio Licence,Available
2,0,ZPJ,20ZPJ,Call Sign,Amateur Intermediate Radio Licence,Available
2,0,ZPK,20ZPK,Call Sign,Amateur Intermediate Radio Licence,Available
2,0,ZPL,20ZPL,Call Sign,Amateur Intermediate Radio Licence,Available
2,0,ZPO,20ZPO,Call Sign,Amateur Intermediate Radio Licence,Available
2,0,ZPP,20ZPP,Call Sign,Amateur Intermediate Radio Licence,Available
2,0,ZPQ,20ZPQ,Call Sign,Amateur Intermediate Radio Licence,Available
2,0,ZPR,20ZPR,Call Sign,Amateur Intermediate Radio Licence,Available
2,0,ZPU,20ZPU,Call Sign,Amateur Intermediate Radio Licence,Available
2,0,ZPV,20ZPV,Call Sign,Amateur Intermediate Radio Licence,Available
2,0,ZPW,20ZPW,Call Sign,Amateur Intermediate Radio Licence,Available
2,0,ZPX,20ZPX,Call Sign,Amateur Intermediate Radio Licence,Available
2,0,ZPZ,20ZPZ,Call Sign,Amateur Intermediate Radio Licence,Available
2,0,ZQA,20ZQA,Call Sign,Amateur Intermediate Radio Licence,Available
2,0,ZQB,20ZQB,Call Sign,Amateur Intermediate Radio Licence,Available
2,0,ZQC,20ZQC,Call Sign,Amateur Intermediate Radio Licence,Available
2,0,ZQD,20ZQD,Call Sign,Amateur Intermediate Radio Licence,Available
2,0,ZQE,20ZQE,Call Sign,Amateur Intermediate Radio Licence,Available
2,0,ZQF,20ZQF,Call Sign,Amateur Intermediate Radio Licence,Available
2,0,ZQG,20ZQG,Call Sign,Amateur Intermediate Radio Licence,Available
2,0,ZQH,20ZQH,Call Sign,Amateur Intermediate Radio Licence,Available
2,0,ZQI,20ZQI,Call Sign,Amateur Intermediate Radio Licence,Available
2,0,ZQJ,20ZQJ,Call Sign,Amateur Intermediate Radio Licence,Available
2,0,ZQK,20ZQK,Call Sign,Amateur Intermediate Radio Licence,Available
2,0,ZQL,20ZQL,Call Sign,Amateur Intermediate Radio Licence,Available
2,0,ZQM,20ZQM,Call Sign,Amateur Intermediate Radio Licence,Available
2,0,ZQN,20ZQN,Call Sign,Amateur Intermediate Radio Licence,Available
2,0,ZQO,20ZQO,Call Sign,Amateur Intermediate Radio Licence,Available
2,0,ZQP,20ZQP,Call Sign,Amateur Intermediate Radio Licence,Available
2,0,ZQQ,20ZQQ,Call Sign,Amateur Intermediate Radio Licence,Available
2,0,ZQS,20ZQS,Call Sign,Amateur Intermediate Radio Licence,Available
2,0,ZQT,20ZQT,Call Sign,Amateur Intermediate Radio Licence,Available
2,0,ZQU,20ZQU,Call Sign,Amateur Intermediate Radio Licence,Available
2,0,ZQV,20ZQV,Call Sign,Amateur Intermediate Radio Licence,Available
2,0,ZQW,20ZQW,Call Sign,Amateur Intermediate Radio Licence,Available
2,0,ZQX,20ZQX,Call Sign,Amateur Intermediate Radio Licence,Available
2,0,ZQY,20ZQY,Call Sign,Amateur Intermediate Radio Licence,Available
2,0,ZQZ,20ZQZ,Call Sign,Amateur Intermediate Radio Licence,Available
2,0,ZRC,20ZRC,Call Sign,Amateur Intermediate Radio Licence,Available
2,0,ZRD,20ZRD,Call Sign,Amateur Intermediate Radio Licence,Available
2,0,ZRE,20ZRE,Call Sign,Amateur Intermediate Radio Licence,Available
2,0,ZRF,20ZRF,Call Sign,Amateur Intermediate Radio Licence,Available
2,0,ZRH,20ZRH,Call Sign,Amateur Intermediate Radio Licence,Available
2,0,ZRI,20ZRI,Call Sign,Amateur Intermediate Radio Licence,Available
2,0,ZRJ,20ZRJ,Call Sign,Amateur Intermediate Radio Licence,Available
2,0,ZRK,20ZRK,Call Sign,Amateur Intermediate Radio Licence,Available
2,0,ZRP,20ZRP,Call Sign,Amateur Intermediate Radio Licence,Available
2,0,ZRR,20ZRR,Call Sign,Amateur Intermediate Radio Licence,Available
2,0,ZRS,20ZRS,Call Sign,Amateur Intermediate Radio Licence,Available
2,0,ZRU,20ZRU,Call Sign,Amateur Intermediate Radio Licence,Available
2,0,ZRV,20ZRV,Call Sign,Amateur Intermediate Radio Licence,Available
2,0,ZRW,20ZRW,Call Sign,Amateur Intermediate Radio Licence,Available
2,0,ZRY,20ZRY,Call Sign,Amateur Intermediate Radio Licence,Available
2,0,ZRZ,20ZRZ,Call Sign,Amateur Intermediate Radio Licence,Available
2,0,ZSD,20ZSD,Call Sign,Amateur Intermediate Radio Licence,Available
2,0,ZSF,20ZSF,Call Sign,Amateur Intermediate Radio Licence,Available
2,0,ZSG,20ZSG,Call Sign,Amateur Intermediate Radio Licence,Available
2,0,ZSI,20ZSI,Call Sign,Amateur Intermediate Radio Licence,Available
2,0,ZSL,20ZSL,Call Sign,Amateur Intermediate Radio Licence,Available
2,0,ZSM,20ZSM,Call Sign,Amateur Intermediate Radio Licence,Available
2,0,ZSN,20ZSN,Call Sign,Amateur Intermediate Radio Licence,Available
2,0,ZSO,20ZSO,Call Sign,Amateur Intermediate Radio Licence,Available
2,0,ZSQ,20ZSQ,Call Sign,Amateur Intermediate Radio Licence,Available
2,0,ZSR,20ZSR,Call Sign,Amateur Intermediate Radio Licence,Available
2,0,ZSS,20ZSS,Call Sign,Amateur Intermediate Radio Licence,Available
2,0,ZSV,20ZSV,Call Sign,Amateur Intermediate Radio Licence,Available
2,0,ZSW,20ZSW,Call Sign,Amateur Intermediate Radio Licence,Available
2,0,ZSX,20ZSX,Call Sign,Amateur Intermediate Radio Licence,Available
2,0,ZSZ,20ZSZ,Call Sign,Amateur Intermediate Radio Licence,Available
2,0,ZTA,20ZTA,Call Sign,Amateur Intermediate Radio Licence,Available
2,0,ZTB,20ZTB,Call Sign,Amateur Intermediate Radio Licence,Available
2,0,ZTF,20ZTF,Call Sign,Amateur Intermediate Radio Licence,Available
2,0,ZTH,20ZTH,Call Sign,Amateur Intermediate Radio Licence,Available
2,0,ZTI,20ZTI,Call Sign,Amateur Intermediate Radio Licence,Available
2,0,ZTJ,20ZTJ,Call Sign,Amateur Intermediate Radio Licence,Available
2,0,ZTK,20ZTK,Call Sign,Amateur Intermediate Radio Licence,Available
2,0,ZTN,20ZTN,Call Sign,Amateur Intermediate Radio Licence,Available
2,0,ZTO,20ZTO,Call Sign,Amateur Intermediate Radio Licence,Available
2,0,ZTQ,20ZTQ,Call Sign,Amateur Intermediate Radio Licence,Available
2,0,ZTR,20ZTR,Call Sign,Amateur Intermediate Radio Licence,Available
2,0,ZTS,20ZTS,Call Sign,Amateur Intermediate Radio Licence,Available
2,0,ZTT,20ZTT,Call Sign,Amateur Intermediate Radio Licence,Available
2,0,ZTU,20ZTU,Call Sign,Amateur Intermediate Radio Licence,Available
2,0,ZTV,20ZTV,Call Sign,Amateur Intermediate Radio Licence,Available
2,0,ZTW,20ZTW,Call Sign,Amateur Intermediate Radio Licence,Available
2,0,ZTY,20ZTY,Call Sign,Amateur Intermediate Radio Licence,Available
2,0,ZTZ,20ZTZ,Call Sign,Amateur Intermediate Radio Licence,Available
2,0,ZUB,20ZUB,Call Sign,Amateur Intermediate Radio Licence,Available
2,0,ZUC,20ZUC,Call Sign,Amateur Intermediate Radio Licence,Available
2,0,ZUD,20ZUD,Call Sign,Amateur Intermediate Radio Licence,Available
2,0,ZUE,20ZUE,Call Sign,Amateur Intermediate Radio Licence,Available
2,0,ZUF,20ZUF,Call Sign,Amateur Intermediate Radio Licence,Available
2,0,ZUG,20ZUG,Call Sign,Amateur Intermediate Radio Licence,Available
2,0,ZUH,20ZUH,Call Sign,Amateur Intermediate Radio Licence,Available
2,0,ZUI,20ZUI,Call Sign,Amateur Intermediate Radio Licence,Available
2,0,ZUJ,20ZUJ,Call Sign,Amateur Intermediate Radio Licence,Available
2,0,ZUK,20ZUK,Call Sign,Amateur Intermediate Radio Licence,Available
2,0,ZUL,20ZUL,Call Sign,Amateur Intermediate Radio Licence,Available
2,0,ZUM,20ZUM,Call Sign,Amateur Intermediate Radio Licence,Available
2,0,ZUO,20ZUO,Call Sign,Amateur Intermediate Radio Licence,Available
2,0,ZUP,20ZUP,Call Sign,Amateur Intermediate Radio Licence,Available
2,0,ZUQ,20ZUQ,Call Sign,Amateur Intermediate Radio Licence,Available
2,0,ZUR,20ZUR,Call Sign,Amateur Intermediate Radio Licence,Available
2,0,ZUS,20ZUS,Call Sign,Amateur Intermediate Radio Licence,Available
2,0,ZUU,20ZUU,Call Sign,Amateur Intermediate Radio Licence,Available
2,0,ZUV,20ZUV,Call Sign,Amateur Intermediate Radio Licence,Available
2,0,ZUW,20ZUW,Call Sign,Amateur Intermediate Radio Licence,Available
2,0,ZUY,20ZUY,Call Sign,Amateur Intermediate Radio Licence,Available
2,0,ZUZ,20ZUZ,Call Sign,Amateur Intermediate Radio Licence,Available
2,0,ZVA,20ZVA,Call Sign,Amateur Intermediate Radio Licence,Available
2,0,ZVB,20ZVB,Call Sign,Amateur Intermediate Radio Licence,Available
2,0,ZVC,20ZVC,Call Sign,Amateur Intermediate Radio Licence,Available
2,0,ZVD,20ZVD,Call Sign,Amateur Intermediate Radio Licence,Available
2,0,ZVE,20ZVE,Call Sign,Amateur Intermediate Radio Licence,Available
2,0,ZVF,20ZVF,Call Sign,Amateur Intermediate Radio Licence,Available
2,0,ZVH,20ZVH,Call Sign,Amateur Intermediate Radio Licence,Available
2,0,ZVI,20ZVI,Call Sign,Amateur Intermediate Radio Licence,Available
2,0,ZVJ,20ZVJ,Call Sign,Amateur Intermediate Radio Licence,Available
2,0,ZVK,20ZVK,Call Sign,Amateur Intermediate Radio Licence,Available
2,0,ZVM,20ZVM,Call Sign,Amateur Intermediate Radio Licence,Available
2,0,ZVN,20ZVN,Call Sign,Amateur Intermediate Radio Licence,Available
2,0,ZVO,20ZVO,Call Sign,Amateur Intermediate Radio Licence,Available
2,0,ZVP,20ZVP,Call Sign,Amateur Intermediate Radio Licence,Available
2,0,ZVQ,20ZVQ,Call Sign,Amateur Intermediate Radio Licence,Available
2,0,ZVS,20ZVS,Call Sign,Amateur Intermediate Radio Licence,Available
2,0,ZVU,20ZVU,Call Sign,Amateur Intermediate Radio Licence,Available
2,0,ZVV,20ZVV,Call Sign,Amateur Intermediate Radio Licence,Available
2,0,ZVW,20ZVW,Call Sign,Amateur Intermediate Radio Licence,Available
2,0,ZVX,20ZVX,Call Sign,Amateur Intermediate Radio Licence,Available
2,0,ZVY,20ZVY,Call Sign,Amateur Intermediate Radio Licence,Available
2,0,ZVZ,20ZVZ,Call Sign,Amateur Intermediate Radio Licence,Available
2,0,ZWB,20ZWB,Call Sign,Amateur Intermediate Radio Licence,Available
2,0,ZWC,20ZWC,Call Sign,Amateur Intermediate Radio Licence,Available
2,0,ZWD,20ZWD,Call Sign,Amateur Intermediate Radio Licence,Available
2,0,ZWF,20ZWF,Call Sign,Amateur Intermediate Radio Licence,Available
2,0,ZWG,20ZWG,Call Sign,Amateur Intermediate Radio Licence,Available
2,0,ZWI,20ZWI,Call Sign,Amateur Intermediate Radio Licence,Available
2,0,ZWJ,20ZWJ,Call Sign,Amateur Intermediate Radio Licence,Available
2,0,ZWK,20ZWK,Call Sign,Amateur Intermediate Radio Licence,Available
2,0,ZWL,20ZWL,Call Sign,Amateur Intermediate Radio Licence,Available
2,0,ZWM,20ZWM,Call Sign,Amateur Intermediate Radio Licence,Available
2,0,ZWN,20ZWN,Call Sign,Amateur Intermediate Radio Licence,Available
2,0,ZWO,20ZWO,Call Sign,Amateur Intermediate Radio Licence,Available
2,0,ZWP,20ZWP,Call Sign,Amateur Intermediate Radio Licence,Available
2,0,ZWQ,20ZWQ,Call Sign,Amateur Intermediate Radio Licence,Available
2,0,ZWS,20ZWS,Call Sign,Amateur Intermediate Radio Licence,Available
2,0,ZWT,20ZWT,Call Sign,Amateur Intermediate Radio Licence,Available
2,0,ZWU,20ZWU,Call Sign,Amateur Intermediate Radio Licence,Available
2,0,ZWV,20ZWV,Call Sign,Amateur Intermediate Radio Licence,Available
2,0,ZWX,20ZWX,Call Sign,Amateur Intermediate Radio Licence,Available
2,0,ZWY,20ZWY,Call Sign,Amateur Intermediate Radio Licence,Available
2,0,ZWZ,20ZWZ,Call Sign,Amateur Intermediate Radio Licence,Available
2,0,ZXB,20ZXB,Call Sign,Amateur Intermediate Radio Licence,Available
2,0,ZXC,20ZXC,Call Sign,Amateur Intermediate Radio Licence,Available
2,0,ZXE,20ZXE,Call Sign,Amateur Intermediate Radio Licence,Available
2,0,ZXF,20ZXF,Call Sign,Amateur Intermediate Radio Licence,Available
2,0,ZXH,20ZXH,Call Sign,Amateur Intermediate Radio Licence,Available
2,0,ZXI,20ZXI,Call Sign,Amateur Intermediate Radio Licence,Available
2,0,ZXK,20ZXK,Call Sign,Amateur Intermediate Radio Licence,Available
2,0,ZXL,20ZXL,Call Sign,Amateur Intermediate Radio Licence,Available
2,0,ZXN,20ZXN,Call Sign,Amateur Intermediate Radio Licence,Available
2,0,ZXO,20ZXO,Call Sign,Amateur Intermediate Radio Licence,Available
2,0,ZXS,20ZXS,Call Sign,Amateur Intermediate Radio Licence,Available
2,0,ZXT,20ZXT,Call Sign,Amateur Intermediate Radio Licence,Available
2,0,ZXU,20ZXU,Call Sign,Amateur Intermediate Radio Licence,Available
2,0,ZXV,20ZXV,Call Sign,Amateur Intermediate Radio Licence,Available
2,0,ZXX,20ZXX,Call Sign,Amateur Intermediate Radio Licence,Available
2,0,ZXZ,20ZXZ,Call Sign,Amateur Intermediate Radio Licence,Available
2,0,ZYA,20ZYA,Call Sign,Amateur Intermediate Radio Licence,Available
2,0,ZYB,20ZYB,Call Sign,Amateur Intermediate Radio Licence,Available
2,0,ZYC,20ZYC,Call Sign,Amateur Intermediate Radio Licence,Available
2,0,ZYD,20ZYD,Call Sign,Amateur Intermediate Radio Licence,Available
2,0,ZYE,20ZYE,Call Sign,Amateur Intermediate Radio Licence,Available
2,0,ZYG,20ZYG,Call Sign,Amateur Intermediate Radio Licence,Available
2,0,ZYH,20ZYH,Call Sign,Amateur Intermediate Radio Licence,Available
2,0,ZYI,20ZYI,Call Sign,Amateur Intermediate Radio Licence,Available
2,0,ZYJ,20ZYJ,Call Sign,Amateur Intermediate Radio Licence,Available
2,0,ZYM,20ZYM,Call Sign,Amateur Intermediate Radio Licence,Available
2,0,ZYN,20ZYN,Call Sign,Amateur Intermediate Radio Licence,Available
2,0,ZYO,20ZYO,Call Sign,Amateur Intermediate Radio Licence,Available
2,0,ZYP,20ZYP,Call Sign,Amateur Intermediate Radio Licence,Available
2,0,ZYR,20ZYR,Call Sign,Amateur Intermediate Radio Licence,Available
2,0,ZYS,20ZYS,Call Sign,Amateur Intermediate Radio Licence,Available
2,0,ZYT,20ZYT,Call Sign,Amateur Intermediate Radio Licence,Available
2,0,ZYU,20ZYU,Call Sign,Amateur Intermediate Radio Licence,Available
2,0,ZYV,20ZYV,Call Sign,Amateur Intermediate Radio Licence,Available
2,0,ZYW,20ZYW,Call Sign,Amateur Intermediate Radio Licence,Available
2,0,ZYY,20ZYY,Call Sign,Amateur Intermediate Radio Licence,Available
2,0,ZZA,20ZZA,Call Sign,Amateur Intermediate Radio Licence,Available
2,0,ZZB,20ZZB,Call Sign,Amateur Intermediate Radio Licence,Available
2,0,ZZC,20ZZC,Call Sign,Amateur Intermediate Radio Licence,Available
2,0,ZZE,20ZZE,Call Sign,Amateur Intermediate Radio Licence,Available
2,0,ZZG,20ZZG,Call Sign,Amateur Intermediate Radio Licence,Available
2,0,ZZH,20ZZH,Call Sign,Amateur Intermediate Radio Licence,Available
2,0,ZZJ,20ZZJ,Call Sign,Amateur Intermediate Radio Licence,Available
2,0,ZZL,20ZZL,Call Sign,Amateur Intermediate Radio Licence,Available
2,0,ZZN,20ZZN,Call Sign,Amateur Intermediate Radio Licence,Available
2,0,ZZO,20ZZO,Call Sign,Amateur Intermediate Radio Licence,Available
2,0,ZZP,20ZZP,Call Sign,Amateur Intermediate Radio Licence,Available
2,0,ZZQ,20ZZQ,Call Sign,Amateur Intermediate Radio Licence,Available
2,0,ZZR,20ZZR,Call Sign,Amateur Intermediate Radio Licence,Available
2,0,ZZS,20ZZS,Call Sign,Amateur Intermediate Radio Licence,Available
2,0,ZZV,20ZZV,Call Sign,Amateur Intermediate Radio Licence,Available
2,0,ZZW,20ZZW,Call Sign,Amateur Intermediate Radio Licence,Available
2,0,HOL,20HOL,Call Sign,Amateur Intermediate Radio Licence,Available
2,1,EDT,21EDT,Call Sign,Amateur Intermediate Radio Licence,Available
