callsign,status,licence_class,suffix
20CWG,Available,Intermediate,CWG
20CWI,Available,Intermediate,CWI
20CWJ,Available,Intermediate,CWJ
20CWK,Available,Intermediate,CWK
20CWN,Available,Intermediate,CWN
20CWO,Available,Intermediate,CWO
20CWP,Available,Intermediate,CWP
20CWQ,Available,Intermediate,CWQ
20CWU,Available,Intermediate,CWU
20CWV,Available,Intermediate,CWV
20CWW,Available,Intermediate,CWW
20CWX,Available,Intermediate,CWX
20CWY,Available,Intermediate,CWY
20CWZ,Available,Intermediate,CWZ
20CXA,Available,Intermediate,CXA
20CXC,Available,Intermediate,CXC
20CXD,Available,Intermediate,CXD
20CXE,Available,Intermediate,CXE
20CXF,Available,Intermediate,CXF
20CXG,Available,Intermediate,CXG
20CXH,Available,Intermediate,CXH
20CXI,Available,Intermediate,CXI
20CXJ,Available,Intermediate,CXJ
20CXK,Available,Intermediate,CXK
20CXL,Available,Intermediate,CXL
20CXM,Available,Intermediate,CXM
20CXN,Available,Intermediate,CXN
20CXQ,Available,Intermediate,CXQ
20CXR,Available,Intermediate,CXR
20CXS,Available,Intermediate,CXS
20CXT,Available,Intermediate,CXT
20CXU,Available,Intermediate,CXU
20CXV,Available,Intermediate,CXV
20CXX,Available,Intermediate,CXX
20CXY,Available,Intermediate,CXY
20CXZ,Available,Intermediate,CXZ
20CYA,Available,Intermediate,CYA
20CYB,Available,Intermediate,CYB
20CYC,Available,Intermediate,CYC
20CYD,Available,Intermediate,CYD
20CYE,Available,Intermediate,CYE
20CYF,Available,Intermediate,CYF
20CYH,Available,Intermediate,CYH
20CYI,Available,Intermediate,CYI
20CYJ,Available,Intermediate,CYJ
20CYK,Available,Intermediate,CYK
20CYL,Available,Intermediate,CYL
20CYN,Available,Intermediate,CYN
20CYO,Available,Intermediate,CYO
20CYP,Available,Intermediate,CYP
20CYQ,Available,Intermediate,CYQ
20CYR,Available,Intermediate,CYR
20CYS,Available,Intermediate,CYS
20CYT,Available,Intermediate,CYT
20CYU,Available,Intermediate,CYU
20CYV,Available,Intermediate,CYV
20CYX,Available,Intermediate,CYX
20CYY,Available,Intermediate,CYY
20CZA,Available,Intermediate,CZA
20CZB,Available,Intermediate,CZB
20CZC,Available,Intermediate,CZC
20CZD,Available,Intermediate,CZD
20CZE,Available,Intermediate,CZE
20CZF,Available,Intermediate,CZF
20CZG,Available,Intermediate,CZG
20CZH,Available,Intermediate,CZH
20CZI,Available,Intermediate,CZI
20CZJ,Available,Intermediate,CZJ
20CZK,Available,Intermediate,CZK
20CZL,Available,Intermediate,CZL
20CZM,Available,Intermediate,CZM
20CZN,Available,Intermediate,CZN
20CZO,Available,Intermediate,CZO
20CZP,Available,Intermediate,CZP
20CZQ,Available,Intermediate,CZQ
20CZR,Available,Intermediate,CZR
20CZS,Available,Intermediate,CZS
20CZT,Available,Intermediate,CZT
20CZU,Available,Intermediate,CZU
20CZV,Available,Intermediate,CZV
20CZW,Available,Intermediate,CZW
20CZX,Available,Intermediate,CZX
20CZY,Available,Intermediate,CZY
20CZZ,Available,Intermediate,CZZ
20DCP,Available,Intermediate,DCP
20DCW,Available,Intermediate,DCW
20DDF,Available,Intermediate,DDF
20DDI,Available,Intermediate,DDI
20DDK,Available,Intermediate,DDK
20DDL,Available,Intermediate,DDL
20DDN,Available,Intermediate,DDN
20DDO,Available,Intermediate,DDO
20DDP,Available,Intermediate,DDP
20DDQ,Available,Intermediate,DDQ
20DDR,Available,Intermediate,DDR
20DDU,Available,Intermediate,DDU
20DDV,Available,Intermediate,DDV
20DED,Available,Intermediate,DED
20DEH,Available,Intermediate,DEH
20DEI,Available,Intermediate,DEI
20DEJ,Available,Intermediate,DEJ
20DEM,Available,Intermediate,DEM
20DEU,Available,Intermediate,DEU
20DEW,Available,Intermediate,DEW
20DFA,Available,Intermediate,DFA
20DFB,Available,Intermediate,DFB
20DFC,Available,Intermediate,DFC
20DFD,Available,Intermediate,DFD
20DFE,Available,Intermediate,DFE
20DFF,Available,Intermediate,DFF
20DFG,Available,Intermediate,DFG
20DFI,Available,Intermediate,DFI
20DFL,Available,Intermediate,DFL
20DFM,Available,Intermediate,DFM
20DFN,Available,Intermediate,DFN
20DFO,Available,Intermediate,DFO
20DFQ,Available,Intermediate,DFQ
20DFR,Available,Intermediate,DFR
20DFU,Available,Intermediate,DFU
20DFV,Available,Intermediate,DFV
20DFY,Available,Intermediate,DFY
20DFZ,Available,Intermediate,DFZ
20DGA,Available,Intermediate,DGA
20DGG,Available,Intermediate,DGG
20DGI,Available,Intermediate,DGI
20DGJ,Available,Intermediate,DGJ
20DGL,Available,Intermediate,DGL
20DGM,Available,Intermediate,DGM
20DGN,Available,Intermediate,DGN
20DGO,Available,Intermediate,DGO
20DGP,Available,Intermediate,DGP
20DGQ,Available,Intermediate,DGQ
20DGR,Available,Intermediate,DGR
20DGT,Available,Intermediate,DGT
20DGU,Available,Intermediate,DGU
20DGV,Available,Intermediate,DGV
20DGX,Available,Intermediate,DGX
20DGY,Available,Intermediate,DGY
20DGZ,Available,Intermediate,DGZ
20DHC,Available,Intermediate,DHC
20DHD,Available,Intermediate,DHD
20DHE,Available,Intermediate,DHE
20DHF,Available,Intermediate,DHF
20DHG,Available,Intermediate,DHG
20DHH,Available,Intermediate,DHH
20DHI,Available,Intermediate,DHI
20DHJ,Available,Intermediate,DHJ
20DHK,Available,Intermediate,DHK
20DHM,Available,Intermediate,DHM
20DHN,Available,Intermediate,DHN
20DHO,Available,Intermediate,DHO
20DHQ,Available,Intermediate,DHQ
20DHU,Available,Intermediate,DHU
20DHV,Available,Intermediate,DHV
20DHX,Available,Intermediate,DHX
20DHY,Available,Intermediate,DHY
20DHZ,Available,Intermediate,DHZ
20DIA,Available,Intermediate,DIA
20DIB,Available,Intermediate,DIB
20DIF,Available,Intermediate,DIF
20DIH,Available,Intermediate,DIH
20DII,Available,Intermediate,DII
20DIJ,Available,Intermediate,DIJ
20DIP,Available,Intermediate,DIP
20DIQ,Available,Intermediate,DIQ
20DIR,Available,Intermediate,DIR
20DIS,Available,Intermediate,DIS
20DIU,Available,Intermediate,DIU
20DIW,Available,Intermediate,DIW
20DIZ,Available,Intermediate,DIZ
20DJG,Available,Intermediate,DJG
20DJJ,Available,Intermediate,DJJ
20DJN,Available,Intermediate,DJN
20DJO,Available,Intermediate,DJO
20DJU,Available,Intermediate,DJU
20DJV,Available,Intermediate,DJV
20DJX,Available,Intermediate,DJX
20DJY,Available,Intermediate,DJY
20DJZ,Available,Intermediate,DJZ
20DKA,Available,Intermediate,DKA
20DKC,Available,Intermediate,DKC
20DKE,Available,Intermediate,DKE
20DKF,Available,Intermediate,DKF
20DKJ,Available,Intermediate,DKJ
20DKK,Available,Intermediate,DKK
20DKN,Available,Intermediate,DKN
20DKO,Available,Intermediate,DKO
20DKP,Available,Intermediate,DKP
20DKQ,Available,Intermediate,DKQ
20DKT,Available,Intermediate,DKT
20DKU,Available,Intermediate,DKU
20DKV,Available,Intermediate,DKV
20DKY,Available,Intermediate,DKY
20DLF,Available,Intermediate,DLF
20DLG,Available,Intermediate,DLG
20DLK,Available,Intermediate,DLK
20DLO,Available,Intermediate,DLO
20DLQ,Available,Intermediate,DLQ
20DLR,Available,Intermediate,DLR
20DLT,Available,Intermediate,DLT
20DLU,Available,Intermediate,DLU
20DLV,Available,Intermediate,DLV
20DLY,Available,Intermediate,DLY
20DMH,Available,Intermediate,DMH
20DMI,Available,Intermediate,DMI
20DML,Available,Intermediate,DML
20DMN,Available,Intermediate,DMN
20DMU,Available,Intermediate,DMU
20DMV,Available,Intermediate,DMV
20DMY,Available,Intermediate,DMY
20DNA,Available,Intermediate,DNA
20DNE,Available,Intermediate,DNE
20DNH,Available,Intermediate,DNH
20DNK,Available,Intermediate,DNK
20DNQ,Available,Intermediate,DNQ
20DNR,Available,Intermediate,DNR
20DNS,Available,Intermediate,DNS
20DNU,Available,Intermediate,DNU
20DNV,Available,Intermediate,DNV
20DNW,Available,Intermediate,DNW
20DNX,Available,Intermediate,DNX
20DNY,Available,Intermediate,DNY
20DNZ,Available,Intermediate,DNZ
20DOE,Available,Intermediate,DOE
20DOI,Available,Intermediate,DOI
20DOL,Available,Intermediate,DOL
20DOP,Available,Intermediate,DOP
20DOQ,Available,Intermediate,DOQ
20DOU,Available,Intermediate,DOU
20DOV,Available,Intermediate,DOV
20DOW,Available,Intermediate,DOW
20DOY,Available,Intermediate,DOY
20DOZ,Available,Intermediate,DOZ
20DPD,Available,Intermediate,DPD
20DPE,Available,Intermediate,DPE
20DPF,Available,Intermediate,DPF
20DPJ,Available,Intermediate,DPJ
20DPL,Available,Intermediate,DPL
20DPN,Available,Intermediate,DPN
20DPO,Available,Intermediate,DPO
20DPS,Available,Intermediate,DPS
20DPT,Available,Intermediate,DPT
20DPU,Available,Intermediate,DPU
20DPV,Available,Intermediate,DPV
20DPX,Available,Intermediate,DPX
20DPZ,Available,Intermediate,DPZ
20DQA,Available,Intermediate,DQA
20DQB,Available,Intermediate,DQB
20DQC,Available,Intermediate,DQC
20DQD,Available,Intermediate,DQD
20DQE,Available,Intermediate,DQE
20DQF,Available,Intermediate,DQF
20DQG,Available,Intermediate,DQG
20DQH,Available,Intermediate,DQH
20DQI,Available,Intermediate,DQI
20DQJ,Available,Intermediate,DQJ
20DQK,Available,Intermediate,DQK
20DQL,Available,Intermediate,DQL
20DQM,Available,Intermediate,DQM
20DQN,Available,Intermediate,DQN
20DQO,Available,Intermediate,DQO
20DQQ,Available,Intermediate,DQQ
20DQT,Available,Intermediate,DQT
20DQU,Available,Intermediate,DQU
20DQV,Available,Intermediate,DQV
20DQW,Available,Intermediate,DQW
20DQX,Available,Intermediate,DQX
20DQY,Available,Intermediate,DQY
20DQZ,Available,Intermediate,DQZ
20DRG,Available,Intermediate,DRG
20DRI,Available,Intermediate,DRI
20DRJ,Available,Intermediate,DRJ
20DRL,Available,Intermediate,DRL
20DRO,Available,Intermediate,DRO
20DRQ,Available,Intermediate,DRQ
20DRY,Available,Intermediate,DRY
20DSD,Available,Intermediate,DSD
20DSE,Available,Intermediate,DSE
20DSH,Available,Intermediate,DSH
20DSI,Available,Intermediate,DSI
20DSJ,Available,Intermediate,DSJ
20DSO,Available,Intermediate,DSO
20DSQ,Available,Intermediate,DSQ
20DSS,Available,Intermediate,DSS
20DST,Available,Intermediate,DST
20DSU,Available,Intermediate,DSU
20DSV,Available,Intermediate,DSV
20DSX,Available,Intermediate,DSX
20DSY,Available,Intermediate,DSY
20DSZ,Available,Intermediate,DSZ
20DTE,Available,Intermediate,DTE
20DTF,Available,Intermediate,DTF
20DTJ,Available,Intermediate,DTJ
20DTM,Available,Intermediate,DTM
20DTP,Available,Intermediate,DTP
20DTQ,Available,Intermediate,DTQ
20DTS,Available,Intermediate,DTS
20DTT,Available,Intermediate,DTT
20DTU,Available,Intermediate,DTU
20DTX,Available,Intermediate,DTX
20DTY,Available,Intermediate,DTY
20DUA,Available,Intermediate,DUA
20DUC,Available,Intermediate,DUC
20DUE,Available,Intermediate,DUE
20DUF,Available,Intermediate,DUF
20DUH,Available,Intermediate,DUH
20DUI,Available,Intermediate,DUI
20DUJ,Available,Intermediate,DUJ
20DUM,Available,Intermediate,DUM
20DUO,Available,Intermediate,DUO
20DUP,Available,Intermediate,DUP
20DUQ,Available,Intermediate,DUQ
20DUR,Available,Intermediate,DUR
20DUS,Available,Intermediate,DUS
20DUT,Available,Intermediate,DUT
20DUU,Available,Intermediate,DUU
20DUV,Available,Intermediate,DUV
20DUW,Available,Intermediate,DUW
20DUX,Available,Intermediate,DUX
20DUY,Available,Intermediate,DUY
20DUZ,Available,Intermediate,DUZ
20DVF,Available,Intermediate,DVF
20DVG,Available,Intermediate,DVG
20DVI,Available,Intermediate,DVI
20DVJ,Available,Intermediate,DVJ
20DVK,Available,Intermediate,DVK
20DVM,Available,Intermediate,DVM
20DVO,Available,Intermediate,DVO
20DVQ,Available,Intermediate,DVQ
20DVR,Available,Intermediate,DVR
20DVS,Available,Intermediate,DVS
20DVT,Available,Intermediate,DVT
20DVU,Available,Intermediate,DVU
20DVV,Available,Intermediate,DVV
20DVW,Available,Intermediate,DVW
20DVY,Available,Intermediate,DVY
20DVZ,Available,Intermediate,DVZ
20DWA,Available,Intermediate,DWA
20DWD,Available,Intermediate,DWD
20DWE,Available,Intermediate,DWE
20DWF,Available,Intermediate,DWF
20DWG,Available,Intermediate,DWG
20DWH,Available,Intermediate,DWH
20DWK,Available,Intermediate,DWK
20DWO,Available,Intermediate,DWO
20DWP,Available,Intermediate,DWP
20DWQ,Available,Intermediate,DWQ
20DWU,Available,Intermediate,DWU
20DWV,Available,Intermediate,DWV
20DWW,Available,Intermediate,DWW
20DWX,Available,Intermediate,DWX
20DWY,Available,Intermediate,DWY
20DWZ,Available,Intermediate,DWZ
20DXB,Available,Intermediate,DXB
20DXE,Available,Intermediate,DXE
20DXF,Available,Intermediate,DXF
20DXH,Available,Intermediate,DXH
20DXI,Available,Intermediate,DXI
20DXJ,Available,Intermediate,DXJ
20DXK,Available,Intermediate,DXK
20DXL,Available,Intermediate,DXL
20DXQ,Available,Intermediate,DXQ
20DXS,Available,Intermediate,DXS
20DXW,Available,Intermediate,DXW
20DXZ,Available,Intermediate,DXZ
20DYA,Available,Intermediate,DYA
20DYD,Available,Intermediate,DYD
20DYE,Available,Intermediate,DYE
20DYF,Available,Intermediate,DYF
20DYG,Available,Intermediate,DYG
20DYH,Available,Intermediate,DYH
20DYI,Available,Intermediate,DYI
20DYJ,Available,Intermediate,DYJ
20DYK,Available,Intermediate,DYK
20DYL,Available,Intermediate,DYL
20DYN,Available,Intermediate,DYN
20DYO,Available,Intermediate,DYO
20DYP,Available,Intermediate,DYP
20DYQ,Available,Intermediate,DYQ
20DYR,Available,Intermediate,DYR
20DYS,Available,Intermediate,DYS
20DYT,Available,Intermediate,DYT
20DYU,Available,Intermediate,DYU
20DYV,Available,Intermediate,DYV
20DYW,Available,Intermediate,DYW
20DYX,Available,Intermediate,DYX
20DYY,Available,Intermediate,DYY
20DZA,Available,Intermediate,DZA
20DZB,Available,Intermediate,DZB
20DZC,Available,Intermediate,DZC
20DZD,Available,Intermediate,DZD
20DZE,Available,Intermediate,DZE
20DZF,Available,Intermediate,DZF
20DZG,Available,Intermediate,DZG
20DZH,Available,Intermediate,DZH
20DZI,Available,Intermediate,DZI
20DZJ,Available,Intermediate,DZJ
20DZK,Available,Intermediate,DZK
20DZL,Available,Intermediate,DZL
20DZM,Available,Intermediate,DZM
20DZN,Available,Intermediate,DZN
20DZO,Available,Intermediate,DZO
20DZP,Available,Intermediate,DZP
20DZQ,Available,Intermediate,DZQ
20DZR,Available,Intermediate,DZR
20DZT,Available,Intermediate,DZT
20DZU,Available,Intermediate,DZU
20DZW,Available,Intermediate,DZW
20DZX,Available,Intermediate,DZX
20DZY,Available,Intermediate,DZY
20EAV,Available,Intermediate,EAV
20EAX,Available,Intermediate,EAX
20EBD,Available,Intermediate,EBD
20EBE,Available,Intermediate,EBE
20EBF,Available,Intermediate,EBF
20EBG,Available,Intermediate,EBG
20EBH,Available,Intermediate,EBH
20EBI,Available,Intermediate,EBI
20EBK,Available,Intermediate,EBK
20EBL,Available,Intermediate,EBL
20EBN,Available,Intermediate,EBN
20EBP,Available,Intermediate,EBP
20EBQ,Available,Intermediate,EBQ
20EBS,Available,Intermediate,EBS
20EBU,Available,Intermediate,EBU
20EBW,Available,Intermediate,EBW
20EBX,Available,Intermediate,EBX
20EBY,Available,Intermediate,EBY
20EBZ,Available,Intermediate,EBZ
20ECB,Available,Intermediate,ECB
20ECD,Available,Intermediate,ECD
20ECE,Available,Intermediate,ECE
20ECF,Available,Intermediate,ECF
20ECH,Available,Intermediate,ECH
20ECJ,Available,Intermediate,ECJ
20ECK,Available,Intermediate,ECK
20ECL,Available,Intermediate,ECL
20ECM,Available,Intermediate,ECM
20ECN,Available,Intermediate,ECN
20ECO,Available,Intermediate,ECO
20ECP,Available,Intermediate,ECP
20ECQ,Available,Intermediate,ECQ
20ECT,Available,Intermediate,ECT
20ECU,Available,Intermediate,ECU
20ECV,Available,Intermediate,ECV
20ECX,Available,Intermediate,ECX
20ECY,Available,Intermediate,ECY
20EDA,Available,Intermediate,EDA
20EDB,Available,Intermediate,EDB
20EDC,Available,Intermediate,EDC
20EDF,Available,Intermediate,EDF
20EDG,Available,Intermediate,EDG
20EDH,Available,Intermediate,EDH
20EDN,Available,Intermediate,EDN
20EDO,Available,Intermediate,EDO
20EDP,Available,Intermediate,EDP
20EDR,Available,Intermediate,EDR
20EDV,Available,Intermediate,EDV
20EEA,Available,Intermediate,EEA
20EEB,Available,Intermediate,EEB
20EEC,Available,Intermediate,EEC
20EEF,Available,Intermediate,EEF
20EEG,Available,Intermediate,EEG
20EEH,Available,Intermediate,EEH
20EEI,Available,Intermediate,EEI
20EEJ,Available,Intermediate,EEJ
20EEL,Available,Intermediate,EEL
20EEM,Available,Intermediate,EEM
20EEN,Available,Intermediate,EEN
20EEP,Available,Intermediate,EEP
20EEQ,Available,Intermediate,EEQ
20EES,Available,Intermediate,EES
20EEU,Available,Intermediate,EEU
20EEV,Available,Intermediate,EEV
20EEW,Available,Intermediate,EEW
20EEX,Available,Intermediate,EEX
20EEZ,Available,Intermediate,EEZ
20EFD,Available,Intermediate,EFD
20EFF,Available,Intermediate,EFF
20EFG,Available,Intermediate,EFG
20EFJ,Available,Intermediate,EFJ
20EFK,Available,Intermediate,EFK
20EFL,Available,Intermediate,EFL
20EFN,Available,Intermediate,EFN
20EFO,Available,Intermediate,EFO
20EFP,Available,Intermediate,EFP
20EFQ,Available,Intermediate,EFQ
20EFR,Available,Intermediate,EFR
20EFS,Available,Intermediate,EFS
20EFT,Available,Intermediate,EFT
20EFU,Available,Intermediate,EFU
20EFV,Available,Intermediate,EFV
20EFW,Available,Intermediate,EFW
20EFY,Available,Intermediate,EFY
20EFZ,Available,Intermediate,EFZ
20EGA,Available,Intermediate,EGA
20EGB,Available,Intermediate,EGB
20EGC,Available,Intermediate,EGC
20EGD,Available,Intermediate,EGD
20EGE,Available,Intermediate,EGE
20EGF,Available,Intermediate,EGF
20EGH,Available,Intermediate,EGH
20EGJ,Available,Intermediate,EGJ
20EGL,Available,Intermediate,EGL
20EGM,Available,Intermediate,EGM
20EGN,Available,Intermediate,EGN
20EGO,Available,Intermediate,EGO
20EGP,Available,Intermediate,EGP
20EGQ,Available,Intermediate,EGQ
20EGR,Available,Intermediate,EGR
20EGS,Available,Intermediate,EGS
20EGU,Available,Intermediate,EGU
20EGV,Available,Intermediate,EGV
20EGW,Available,Intermediate,EGW
20EGX,Available,Intermediate,EGX
20EGY,Available,Intermediate,EGY
20EGZ,Available,Intermediate,EGZ
20EHA,Available,Intermediate,EHA
20EHC,Available,Intermediate,EHC
20EHD,Available,Intermediate,EHD
20EHE,Available,Intermediate,EHE
20EHF,Available,Intermediate,EHF
20EHG,Available,Intermediate,EHG
20EHH,Available,Intermediate,EHH
20EHI,Available,Intermediate,EHI
20EHJ,Available,Intermediate,EHJ
20EHK,Available,Intermediate,EHK
20EHL,Available,Intermediate,EHL
20EHM,Available,Intermediate,EHM
20EHN,Available,Intermediate,EHN
20EHO,Available,Intermediate,EHO
20EHP,Available,Intermediate,EHP
20EHQ,Available,Intermediate,EHQ
20EHR,Available,Intermediate,EHR
20EHS,Available,Intermediate,EHS
20EHU,Available,Intermediate,EHU
20EHW,Available,Intermediate,EHW
20EHX,Available,Intermediate,EHX
20EHY,Available,Intermediate,EHY
20EHZ,Available,Intermediate,EHZ
20EIA,Available,Intermediate,EIA
20EIC,Available,Intermediate,EIC
20EID,Available,Intermediate,EID
20EIE,Available,Intermediate,EIE
20EIF,Available,Intermediate,EIF
20EIG,Available,Intermediate,EIG
20EIH,Available,Intermediate,EIH
20EII,Available,Intermediate,EII
20EIJ,Available,Intermediate,EIJ
20EIK,Available,Intermediate,EIK
20EIL,Available,Intermediate,EIL
20EIM,Available,Intermediate,EIM
20EIN,Available,Intermediate,EIN
20EIP,Available,Intermediate,EIP
20EIQ,Available,Intermediate,EIQ
20EIT,Available,Intermediate,EIT
20EIU,Available,Intermediate,EIU
20EIV,Available,Intermediate,EIV
20EIX,Available,Intermediate,EIX
20EIY,Available,Intermediate,EIY
20EIZ,Available,Intermediate,EIZ
20EJC,Available,Intermediate,EJC
20EJD,Available,Intermediate,EJD
20EJE,Available,Intermediate,EJE
20EJG,Available,Intermediate,EJG
20EJI,Available,Intermediate,EJI
20EJJ,Available,Intermediate,EJJ
20EJK,Available,Intermediate,EJK
20EJL,Available,Intermediate,EJL
20EJN,Available,Intermediate,EJN
20EJO,Available,Intermediate,EJO
20EJP,Available,Intermediate,EJP
20EJQ,Available,Intermediate,EJQ
20EJR,Available,Intermediate,EJR
20EJU,Available,Intermediate,EJU
20EJV,Available,Intermediate,EJV
20EJY,Available,Intermediate,EJY
20EJZ,Available,Intermediate,EJZ
20EKA,Available,Intermediate,EKA
20EKC,Available,Intermediate,EKC
20EKD,Available,Intermediate,EKD
20EKE,Available,Intermediate,EKE
20EKI,Available,Intermediate,EKI
20EKJ,Available,Intermediate,EKJ
20EKK,Available,Intermediate,EKK
20EKM,Available,Intermediate,EKM
20EKO,Available,Intermediate,EKO
20EKP,Available,Intermediate,EKP
20EKQ,Available,Intermediate,EKQ
20EKS,Available,Intermediate,EKS
20EKT,Available,Intermediate,EKT
20EKU,Available,Intermediate,EKU
20EKV,Available,Intermediate,EKV
20EKW,Available,Intermediate,EKW
20EKX,Available,Intermediate,EKX
20EKY,Available,Intermediate,EKY
20EKZ,Available,Intermediate,EKZ
20ELA,Available,Intermediate,ELA
20ELB,Available,Intermediate,ELB
20ELE,Available,Intermediate,ELE
20ELG,Available,Intermediate,ELG
20ELH,Available,Intermediate,ELH
20ELJ,Available,Intermediate,ELJ
20ELN,Available,Intermediate,ELN
20ELQ,Available,Intermediate,ELQ
20ELR,Available,Intermediate,ELR
20ELS,Available,Intermediate,ELS
20ELU,Available,Intermediate,ELU
20ELX,Available,Intermediate,ELX
20ELZ,Available,Intermediate,ELZ
20EMB,Available,Intermediate,EMB
20EME,Available,Intermediate,EME
20EMH,Available,Intermediate,EMH
20EMK,Available,Intermediate,EMK
20EML,Available,Intermediate,EML
20EMN,Available,Intermediate,EMN
20EMP,Available,Intermediate,EMP
20EMQ,Available,Intermediate,EMQ
20EMU,Available,Intermediate,EMU
20EMY,Available,Intermediate,EMY
20EMZ,Available,Intermediate,EMZ
20ENA,Available,Intermediate,ENA
20ENB,Available,Intermediate,ENB
20ENC,Available,Intermediate,ENC
20ENE,Available,Intermediate,ENE
20ENF,Available,Intermediate,ENF
20ENH,Available,Intermediate,ENH
20ENI,Available,Intermediate,ENI
20ENJ,Available,Intermediate,ENJ
20ENK,Available,Intermediate,ENK
20ENL,Available,Intermediate,ENL
20ENM,Available,Intermediate,ENM
20ENN,Available,Intermediate,ENN
20ENO,Available,Intermediate,ENO
20ENP,Available,Intermediate,ENP
20ENQ,Available,Intermediate,ENQ
20ENR,Available,Intermediate,ENR
20ENS,Available,Intermediate,ENS
20ENU,Available,Intermediate,ENU
20ENV,Available,Intermediate,ENV
20ENX,Available,Intermediate,ENX
20ENY,Available,Intermediate,ENY
20EOA,Available,Intermediate,EOA
20EOC,Available,Intermediate,EOC
20EOH,Available,Intermediate,EOH
20EOI,Available,Intermediate,EOI
20EOK,Available,Intermediate,EOK
20EOL,Available,Intermediate,EOL
20EON,Available,Intermediate,EON
20EOO,Available,Intermediate,EOO
20EOQ,Available,Intermediate,EOQ
20EOR,Available,Intermediate,EOR
20EOT,Available,Intermediate,EOT
20EOV,Available,Intermediate,EOV
20EOX,Available,Intermediate,EOX
20EOY,Available,Intermediate,EOY
20EOZ,Available,Intermediate,EOZ
20EPA,Available,Intermediate,EPA
20EPB,Available,Intermediate,EPB
20EPC,Available,Intermediate,EPC
20EPD,Available,Intermediate,EPD
20EPE,Available,Intermediate,EPE
20EPF,Available,Intermediate,EPF
20EPG,Available,Intermediate,EPG
20EPH,Available,Intermediate,EPH
20EPI,Available,Intermediate,EPI
20EPJ,Available,Intermediate,EPJ
20EPK,Available,Intermediate,EPK
20EPL,Available,Intermediate,EPL
20EPN,Available,Intermediate,EPN
20EPO,Available,Intermediate,EPO
20EPP,Available,Intermediate,EPP
20EPQ,Available,Intermediate,EPQ
20EPS,Available,Intermediate,EPS
20EPU,Available,Intermediate,EPU
20EPV,Available,Intermediate,EPV
20EPX,Available,Intermediate,EPX
20EPY,Available,Intermediate,EPY
20EPZ,Available,Intermediate,EPZ
20EQA,Available,Intermediate,EQA
20EQB,Available,Intermediate,EQB
20EQD,Available,Intermediate,EQD
20EQE,Available,Intermediate,EQE
20EQF,Available,Intermediate,EQF
20EQG,Available,Intermediate,EQG
20EQH,Available,Intermediate,EQH
20EQI,Available,Intermediate,EQI
20EQJ,Available,Intermediate,EQJ
20EQK,Available,Intermediate,EQK
20EQL,Available,Intermediate,EQL
20EQM,Available,Intermediate,EQM
20EQN,Available,Intermediate,EQN
20EQO,Available,Intermediate,EQO
20EQP,Available,Intermediate,EQP
20EQQ,Available,Intermediate,EQQ
20EQT,Available,Intermediate,EQT
20EQU,Available,Intermediate,EQU
20EQV,Available,Intermediate,EQV
20EQW,Available,Intermediate,EQW
20EQX,Available,Intermediate,EQX
20EQY,Available,Intermediate,EQY
20EQZ,Available,Intermediate,EQZ
20ERB,Available,Intermediate,ERB
20ERD,Available,Intermediate,ERD
20ERH,Available,Intermediate,ERH
20ERI,Available,Intermediate,ERI
20ERJ,Available,Intermediate,ERJ
20ERL,Available,Intermediate,ERL
20ERO,Available,Intermediate,ERO
20ERQ,Available,Intermediate,ERQ
20ERR,Available,Intermediate,ERR
20ERU,Available,Intermediate,ERU
20ERW,Available,Intermediate,ERW
20ERX,Available,Intermediate,ERX
20ERY,Available,Intermediate,ERY
20ERZ,Available,Intermediate,ERZ
20ESA,Available,Intermediate,ESA
20ESB,Available,Intermediate,ESB
20ESE,Available,Intermediate,ESE
20ESF,Available,Intermediate,ESF
20ESG,Available,Intermediate,ESG
20ESH,Available,Intermediate,ESH
20ESI,Available,Intermediate,ESI
20ESK,Available,Intermediate,ESK
20ESM,Available,Intermediate,ESM
20ESN,Available,Intermediate,ESN
20ESQ,Available,Intermediate,ESQ
20ESV,Available,Intermediate,ESV
20ESY,Available,Intermediate,ESY
20ESZ,Available,Intermediate,ESZ
20ETD,Available,Intermediate,ETD
20ETF,Available,Intermediate,ETF
20ETG,Available,Intermediate,ETG
20ETI,Available,Intermediate,ETI
20ETJ,Available,Intermediate,ETJ
20ETK,Available,Intermediate,ETK
20ETL,Available,Intermediate,ETL
20ETQ,Available,Intermediate,ETQ
20ETS,Available,Intermediate,ETS
20ETU,Available,Intermediate,ETU
20ETV,Available,Intermediate,ETV
20ETW,Available,Intermediate,ETW
20ETY,Available,Intermediate,ETY
20ETZ,Available,Intermediate,ETZ
20EUA,Available,Intermediate,EUA
20EUB,Available,Intermediate,EUB
20EUC,Available,Intermediate,EUC
20EUD,Available,Intermediate,EUD
20EUE,Available,Intermediate,EUE
20EUF,Available,Intermediate,EUF
20EUG,Available,Intermediate,EUG
20EUH,Available,Intermediate,EUH
20EUI,Available,Intermediate,EUI
20EUJ,Available,Intermediate,EUJ
20EUL,Available,Intermediate,EUL
20EUM,Available,Intermediate,EUM
20EUO,Available,Intermediate,EUO
20EUP,Available,Intermediate,EUP
20EUQ,Available,Intermediate,EUQ
20EUR,Available,Intermediate,EUR
20EUT,Available,Intermediate,EUT
20EUU,Available,Intermediate,EUU
20EUV,Available,Intermediate,EUV
20EUW,Available,Intermediate,EUW
20EUX,Available,Intermediate,EUX
20EUY,Available,Intermediate,EUY
20EUZ,Available,Intermediate,EUZ
20EVB,Available,Intermediate,EVB
20EVC,Available,Intermediate,EVC
20EVD,Available,Intermediate,EVD
20EVF,Available,Intermediate,EVF
20EVH,Available,Intermediate,EVH
20EVI,Available,Intermediate,EVI
20EVL,Available,Intermediate,EVL
20EVM,Available,Intermediate,EVM
20EVN,Available,Intermediate,EVN
20EVQ,Available,Intermediate,EVQ
20EVR,Available,Intermediate,EVR
20EVS,Available,Intermediate,EVS
20EVT,Available,Intermediate,EVT
20EVU,Available,Intermediate,EVU
20EVV,Available,Intermediate,EVV
20EVW,Available,Intermediate,EVW
20EVY,Available,Intermediate,EVY
20EVZ,Available,Intermediate,EVZ
20EWB,Available,Intermediate,EWB
20EWC,Available,Intermediate,EWC
20EWD,Available,Intermediate,EWD
20EWF,Available,Intermediate,EWF
20EWG,Available,Intermediate,EWG
20EWH,Available,Intermediate,EWH
20EWI,Available,Intermediate,EWI
20EWJ,Available,Intermediate,EWJ
20EWK,Available,Intermediate,EWK
20EWN,Available,Intermediate,EWN
20EWO,Available,Intermediate,EWO
20EWQ,Available,Intermediate,EWQ
20EWR,Available,Intermediate,EWR
20EWT,Available,Intermediate,EWT
20EWU,Available,Intermediate,EWU
20EWV,Available,Intermediate,EWV
20EWX,Available,Intermediate,EWX
20EWY,Available,Intermediate,EWY
20EWZ,Available,Intermediate,EWZ
20EXA,Available,Intermediate,EXA
20EXB,Available,Intermediate,EXB
20EXC,Available,Intermediate,EXC
20EXF,Available,Intermediate,EXF
20EXG,Available,Intermediate,EXG
20EXH,Available,Intermediate,EXH
20EXI,Available,Intermediate,EXI
20EXJ,Available,Intermediate,EXJ
20EXK,Available,Intermediate,EXK
20EXM,Available,Intermediate,EXM
20EXN,Available,Intermediate,EXN
20EXO,Available,Intermediate,EXO
20EXQ,Available,Intermediate,EXQ
20EXT,Available,Intermediate,EXT
20EXU,Available,Intermediate,EXU
20EXV,Available,Intermediate,EXV
20EXW,Available,Intermediate,EXW
20EXZ,Available,Intermediate,EXZ
20EYA,Available,Intermediate,EYA
20EYB,Available,Intermediate,EYB
20EYD,Available,Intermediate,EYD
20EYF,Available,Intermediate,EYF
20EYG,Available,Intermediate,EYG
20EYH,Available,Intermediate,EYH
20EYI,Available,Intermediate,EYI
20EYJ,Available,Intermediate,EYJ
20EYK,Available,Intermediate,EYK
20EYL,Available,Intermediate,EYL
20EYM,Available,Intermediate,EYM
20EYN,Available,Intermediate,EYN
20EYO,Available,Intermediate,EYO
20EYQ,Available,Intermediate,EYQ
20EYR,Available,Intermediate,EYR
20EYS,Available,Intermediate,EYS
20EYT,Available,Intermediate,EYT
20EYU,Available,Intermediate,EYU
20EYV,Available,Intermediate,EYV
20EYW,Available,Intermediate,EYW
20EYX,Available,Intermediate,EYX
20EYY,Available,Intermediate,EYY
20EYZ,Available,Intermediate,EYZ
20EZA,Available,Intermediate,EZA
20EZB,Available,Intermediate,EZB
20EZC,Available,Intermediate,EZC
20EZE,Available,Intermediate,EZE
20EZF,Available,Intermediate,EZF
20EZG,Available,Intermediate,EZG
20EZH,Available,Intermediate,EZH
20EZJ,Available,Intermediate,EZJ
20EZK,Available,Intermediate,EZK
20EZM,Available,Intermediate,EZM
20EZO,Available,Intermediate,EZO
20EZP,Available,Intermediate,EZP
20EZR,Available,Intermediate,EZR
20EZS,Available,Intermediate,EZS
20EZT,Available,Intermediate,EZT
20EZU,Available,Intermediate,EZU
20EZV,Available,Intermediate,EZV
20EZZ,Available,Intermediate,EZZ
20FAI,Available,Intermediate,FAI
20FAU,Available,Intermediate,FAU
20FBA,Available,Intermediate,FBA
20FBB,Available,Intermediate,FBB
20FBC,Available,Intermediate,FBC
20FBE,Available,Intermediate,FBE
20FBF,Available,Intermediate,FBF
20FBG,Available,Intermediate,FBG
20FBH,Available,Intermediate,FBH
20FBJ,Available,Intermediate,FBJ
20FBK,Available,Intermediate,FBK
20FBL,Available,Intermediate,FBL
20FBM,Available,Intermediate,FBM
20FBN,Available,Intermediate,FBN
20FBO,Available,Intermediate,FBO
20FBP,Available,Intermediate,FBP
20FBQ,Available,Intermediate,FBQ
20FBR,Available,Intermediate,FBR
20FBT,Available,Intermediate,FBT
20FBU,Available,Intermediate,FBU
20FBV,Available,Intermediate,FBV
20FBW,Available,Intermediate,FBW
20FBX,Available,Intermediate,FBX
20FBZ,Available,Intermediate,FBZ
20FCA,Available,Intermediate,FCA
20FCB,Available,Intermediate,FCB
20FCC,Available,Intermediate,FCC
20FCD,Available,Intermediate,FCD
20FCE,Available,Intermediate,FCE
20FCF,Available,Intermediate,FCF
20FCG,Available,Intermediate,FCG
20FCH,Available,Intermediate,FCH
20FCJ,Available,Intermediate,FCJ
20FCK,Available,Intermediate,FCK
20FCO,Available,Intermediate,FCO
20FCP,Available,Intermediate,FCP
20FCQ,Available,Intermediate,FCQ
20FCS,Available,Intermediate,FCS
20FCT,Available,Intermediate,FCT
20FCU,Available,Intermediate,FCU
20FCV,Available,Intermediate,FCV
20FCX,Available,Intermediate,FCX
20FCZ,Available,Intermediate,FCZ
20FDA,Available,Intermediate,FDA
20FDB,Available,Intermediate,FDB
20FDC,Available,Intermediate,FDC
20FDD,Available,Intermediate,FDD
20FDE,Available,Intermediate,FDE
20FDF,Available,Intermediate,FDF
20FDG,Available,Intermediate,FDG
20FDH,Available,Intermediate,FDH
20FDI,Available,Intermediate,FDI
20FDK,Available,Intermediate,FDK
20FDL,Available,Intermediate,FDL
20FDM,Available,Intermediate,FDM
20FDN,Available,Intermediate,FDN
20FDO,Available,Intermediate,FDO
20FDP,Available,Intermediate,FDP
20FDQ,Available,Intermediate,FDQ
20FDR,Available,Intermediate,FDR
20FDS,Available,Intermediate,FDS
20FDT,Available,Intermediate,FDT
20FDU,Available,Intermediate,FDU
20FDV,Available,Intermediate,FDV
20FDW,Available,Intermediate,FDW
20FEA,Available,Intermediate,FEA
20FEB,Available,Intermediate,FEB
20FEE,Available,Intermediate,FEE
20FEF,Available,Intermediate,FEF
20FEG,Available,Intermediate,FEG
20FEH,Available,Intermediate,FEH
20FEI,Available,Intermediate,FEI
20FEJ,Available,Intermediate,FEJ
20FEK,Available,Intermediate,FEK
20FEL,Available,Intermediate,FEL
20FEM,Available,Intermediate,FEM
20FEN,Available,Intermediate,FEN
20FEO,Available,Intermediate,FEO
20FEP,Available,Intermediate,FEP
20FEQ,Available,Intermediate,FEQ
20FEV,Available,Intermediate,FEV
20FEW,Available,Intermediate,FEW
20FEY,Available,Intermediate,FEY
20FEZ,Available,Intermediate,FEZ
20FFA,Available,Intermediate,FFA
20FFB,Available,Intermediate,FFB
20FFC,Available,Intermediate,FFC
20FFD,Available,Intermediate,FFD
20FFI,Available,Intermediate,FFI
20FFJ,Available,Intermediate,FFJ
20FFK,Available,Intermediate,FFK
20FFM,Available,Intermediate,FFM
20FFN,Available,Intermediate,FFN
20FFO,Available,Intermediate,FFO
20FFP,Available,Intermediate,FFP
20FFT,Available,Intermediate,FFT
20FFU,Available,Intermediate,FFU
20FFV,Available,Intermediate,FFV
20FFX,Available,Intermediate,FFX
20FFY,Available,Intermediate,FFY
20FFZ,Available,Intermediate,FFZ
20FGA,Available,Intermediate,FGA
20FGB,Available,Intermediate,FGB
20FGC,Available,Intermediate,FGC
20FGD,Available,Intermediate,FGD
20FGE,Available,Intermediate,FGE
20FGF,Available,Intermediate,FGF
20FGG,Available,Intermediate,FGG
20FGH,Available,Intermediate,FGH
20FGI,Available,Intermediate,FGI
20FGJ,Available,Intermediate,FGJ
20FGK,Available,Intermediate,FGK
20FGL,Available,Intermediate,FGL
20FGM,Available,Intermediate,FGM
20FGN,Available,Intermediate,FGN
20FGO,Available,Intermediate,FGO
20FGP,Available,Intermediate,FGP
20FGR,Available,Intermediate,FGR
20FGS,Available,Intermediate,FGS
20FGU,Available,Intermediate,FGU
20FGV,Available,Intermediate,FGV
20FGW,Available,Intermediate,FGW
20FGX,Available,Intermediate,FGX
20FGZ,Available,Intermediate,FGZ
20FHA,Available,Intermediate,FHA
20FHB,Available,Intermediate,FHB
20FHC,Available,Intermediate,FHC
20FHD,Available,Intermediate,FHD
20FHE,Available,Intermediate,FHE
20FHF,Available,Intermediate,FHF
20FHH,Available,Intermediate,FHH
20FHI,Available,Intermediate,FHI
20FHJ,Available,Intermediate,FHJ
20FHK,Available,Intermediate,FHK
20FHL,Available,Intermediate,FHL
20FHM,Available,Intermediate,FHM
20FHN,Available,Intermediate,FHN
20FHO,Available,Intermediate,FHO
20FHP,Available,Intermediate,FHP
20FHQ,Available,Intermediate,FHQ
20FHT,Available,Intermediate,FHT
20FHV,Available,Intermediate,FHV
20FHW,Available,Intermediate,FHW
20FHX,Available,Intermediate,FHX
20FHY,Available,Intermediate,FHY
20FHZ,Available,Intermediate,FHZ
20FID,Available,Intermediate,FID
20FIE,Available,Intermediate,FIE
20FIH,Available,Intermediate,FIH
20FII,Available,Intermediate,FII
20FIJ,Available,Intermediate,FIJ
20FIK,Available,Intermediate,FIK
20FIM,Available,Intermediate,FIM
20FIO,Available,Intermediate,FIO
20FIP,Available,Intermediate,FIP
20FIQ,Available,Intermediate,FIQ
20FIS,Available,Intermediate,FIS
20FIU,Available,Intermediate,FIU
20FIV,Available,Intermediate,FIV
20FIW,Available,Intermediate,FIW
20FIY,Available,Intermediate,FIY
20FIZ,Available,Intermediate,FIZ
20FJB,Available,Intermediate,FJB
20FJC,Available,Intermediate,FJC
20FJD,Available,Intermediate,FJD
20FJE,Available,Intermediate,FJE
20FJF,Available,Intermediate,FJF
20FJG,Available,Intermediate,FJG
20FJH,Available,Intermediate,FJH
20FJI,Available,Intermediate,FJI
20FJJ,Available,Intermediate,FJJ
20FJK,Available,Intermediate,FJK
20FJL,Available,Intermediate,FJL
20FJN,Available,Intermediate,FJN
20FJO,Available,Intermediate,FJO
20FJQ,Available,Intermediate,FJQ
20FJT,Available,Intermediate,FJT
20FJU,Available,Intermediate,FJU
20FJV,Available,Intermediate,FJV
20FJW,Available,Intermediate,FJW
20FJX,Available,Intermediate,FJX
20FJY,Available,Intermediate,FJY
20FKB,Available,Intermediate,FKB
20FKC,Available,Intermediate,FKC
20FKD,Available,Intermediate,FKD
20FKE,Available,Intermediate,FKE
20FKF,Available,Intermediate,FKF
20FKI,Available,Intermediate,FKI
20FKJ,Available,Intermediate,FKJ
20FKK,Available,Intermediate,FKK
20FKL,Available,Intermediate,FKL
20FKM,Available,Intermediate,FKM
20FKO,Available,Intermediate,FKO
20FKP,Available,Intermediate,FKP
20FKQ,Available,Intermediate,FKQ
20FKR,Available,Intermediate,FKR
20FKT,Available,Intermediate,FKT
20FKU,Available,Intermediate,FKU
20FKV,Available,Intermediate,FKV
20FKW,Available,Intermediate,FKW
20FKX,Available,Intermediate,FKX
20FKY,Available,Intermediate,FKY
20FKZ,Available,Intermediate,FKZ
20FLB,Available,Intermediate,FLB
20FLD,Available,Intermediate,FLD
20FLF,Available,Intermediate,FLF
20FLH,Available,Intermediate,FLH
20FLI,Available,Intermediate,FLI
20FLK,Available,Intermediate,FLK
20FLL,Available,Intermediate,FLL
20FLM,Available,Intermediate,FLM
20FLN,Available,Intermediate,FLN
20FLQ,Available,Intermediate,FLQ
20FLR,Available,Intermediate,FLR
20FLS,Available,Intermediate,FLS
20FLU,Available,Intermediate,FLU
20FLV,Available,Intermediate,FLV
20FLW,Available,Intermediate,FLW
20FLZ,Available,Intermediate,FLZ
20FMD,Available,Intermediate,FMD
20FMH,Available,Intermediate,FMH
20FMI,Available,Intermediate,FMI
20FMJ,Available,Intermediate,FMJ
20FMK,Available,Intermediate,FMK
20FMM,Available,Intermediate,FMM
20FMN,Available,Intermediate,FMN
20FMO,Available,Intermediate,FMO
20FMP,Available,Intermediate,FMP
20FMQ,Available,Intermediate,FMQ
20FMR,Available,Intermediate,FMR
20FMT,Available,Intermediate,FMT
20FMU,Available,Intermediate,FMU
20FMV,Available,Intermediate,FMV
20FMW,Available,Intermediate,FMW
20FMX,Available,Intermediate,FMX
20FMZ,Available,Intermediate,FMZ
20FNA,Available,Intermediate,FNA
20FNC,Available,Intermediate,FNC
20FND,Available,Intermediate,FND
20FNE,Available,Intermediate,FNE
20FNF,Available,Intermediate,FNF
20FNH,Available,Intermediate,FNH
20FNI,Available,Intermediate,FNI
20FNJ,Available,Intermediate,FNJ
20FNK,Available,Intermediate,FNK
20FNL,Available,Intermediate,FNL
20FNM,Available,Intermediate,FNM
20FNN,Available,Intermediate,FNN
20FNO,Available,Intermediate,FNO
20FNP,Available,Intermediate,FNP
20FNR,Available,Intermediate,FNR
20FNS,Available,Intermediate,FNS
20FNT,Available,Intermediate,FNT
20FNU,Available,Intermediate,FNU
20FNV,Available,Intermediate,FNV
20FNW,Available,Intermediate,FNW
20FNX,Available,Intermediate,FNX
20FNY,Available,Intermediate,FNY
20FNZ,Available,Intermediate,FNZ
20FOA,Available,Intermediate,FOA
20FOB,Available,Intermediate,FOB
20FOE,Available,Intermediate,FOE
20FOH,Available,Intermediate,FOH
20FOI,Available,Intermediate,FOI
20FOJ,Available,Intermediate,FOJ
20FOK,Available,Intermediate,FOK
20FOL,Available,Intermediate,FOL
20FOM,Available,Intermediate,FOM
20FON,Available,Intermediate,FON
20FOP,Available,Intermediate,FOP
20FOQ,Available,Intermediate,FOQ
20FOR,Available,Intermediate,FOR
20FOT,Available,Intermediate,FOT
20FOU,Available,Intermediate,FOU
20FOV,Available,Intermediate,FOV
20FOW,Available,Intermediate,FOW
20FPB,Available,Intermediate,FPB
20FPD,Available,Intermediate,FPD
20FPF,Available,Intermediate,FPF
20FPG,Available,Intermediate,FPG
20FPH,Available,Intermediate,FPH
20FPI,Available,Intermediate,FPI
20FPJ,Available,Intermediate,FPJ
20FPL,Available,Intermediate,FPL
20FPM,Available,Intermediate,FPM
20FPN,Available,Intermediate,FPN
20FPO,Available,Intermediate,FPO
20FPP,Available,Intermediate,FPP
20FPQ,Available,Intermediate,FPQ
20FPR,Available,Intermediate,FPR
20FPS,Available,Intermediate,FPS
20FPT,Available,Intermediate,FPT
20FPU,Available,Intermediate,FPU
20FPW,Available,Intermediate,FPW
20FPX,Available,Intermediate,FPX
20FPY,Available,Intermediate,FPY
20FPZ,Available,Intermediate,FPZ
20FQA,Available,Intermediate,FQA
20FQB,Available,Intermediate,FQB
20FQD,Available,Intermediate,FQD
20FQE,Available,Intermediate,FQE
20FQF,Available,Intermediate,FQF
20FQG,Available,Intermediate,FQG
20FQH,Available,Intermediate,FQH
20FQI,Available,Intermediate,FQI
20FQJ,Available,Intermediate,FQJ
20FQK,Available,Intermediate,FQK
20FQL,Available,Intermediate,FQL
20FQM,Available,Intermediate,FQM
20FQN,Available,Intermediate,FQN
20FQO,Available,Intermediate,FQO
20FQP,Available,Intermediate,FQP
20FQQ,Available,Intermediate,FQQ
20FQR,Available,Intermediate,FQR
20FQS,Available,Intermediate,FQS
20FQT,Available,Intermediate,FQT
20FQU,Available,Intermediate,FQU
20FQW,Available,Intermediate,FQW
20FQX,Available,Intermediate,FQX
20FQY,Available,Intermediate,FQY
20FQZ,Available,Intermediate,FQZ
20FRA,Available,Intermediate,FRA
20FRD,Available,Intermediate,FRD
20FRH,Available,Intermediate,FRH
20FRI,Available,Intermediate,FRI
20FRJ,Available,Intermediate,FRJ
20FRL,Available,Intermediate,FRL
20FRM,Available,Intermediate,FRM
20FRP,Available,Intermediate,FRP
20FRQ,Available,Intermediate,FRQ
20FRR,Available,Intermediate,FRR
20FRS,Available,Intermediate,FRS
20FRU,Available,Intermediate,FRU
20FRW,Available,Intermediate,FRW
20FSA,Available,Intermediate,FSA
20FSB,Available,Intermediate,FSB
20FSC,Available,Intermediate,FSC
20FSD,Available,Intermediate,FSD
20FSE,Available,Intermediate,FSE
20FSG,Available,Intermediate,FSG
20FSH,Available,Intermediate,FSH
20FSI,Available,Intermediate,FSI
20FSJ,Available,Intermediate,FSJ
20FSM,Available,Intermediate,FSM
20FSN,Available,Intermediate,FSN
20FSO,Available,Intermediate,FSO
20FSQ,Available,Intermediate,FSQ
20FSS,Available,Intermediate,FSS
20FST,Available,Intermediate,FST
20FSU,Available,Intermediate,FSU
20FSV,Available,Intermediate,FSV
20FSW,Available,Intermediate,FSW
20FSX,Available,Intermediate,FSX
20FSY,Available,Intermediate,FSY
20FSZ,Available,Intermediate,FSZ
20FTA,Available,Intermediate,FTA
20FTB,Available,Intermediate,FTB
20FTC,Available,Intermediate,FTC
20FTD,Available,Intermediate,FTD
20FTE,Available,Intermediate,FTE
20FTF,Available,Intermediate,FTF
20FTG,Available,Intermediate,FTG
20FTI,Available,Intermediate,FTI
20FTJ,Available,Intermediate,FTJ
20FTK,Available,Intermediate,FTK
20FTL,Available,Intermediate,FTL
20FTM,Available,Intermediate,FTM
20FTO,Available,Intermediate,FTO
20FTP,Available,Intermediate,FTP
20FTQ,Available,Intermediate,FTQ
20FTS,Available,Intermediate,FTS
20FTT,Available,Intermediate,FTT
20FTU,Available,Intermediate,FTU
20FTX,Available,Intermediate,FTX
20FTY,Available,Intermediate,FTY
20FTZ,Available,Intermediate,FTZ
20FUA,Available,Intermediate,FUA
20FUB,Available,Intermediate,FUB
20FUD,Available,Intermediate,FUD
20FUE,Available,Intermediate,FUE
20FUF,Available,Intermediate,FUF
20FUG,Available,Intermediate,FUG
20FUI,Available,Intermediate,FUI
20FUJ,Available,Intermediate,FUJ
20FUL,Available,Intermediate,FUL
20FUM,Available,Intermediate,FUM
20FUO,Available,Intermediate,FUO
20FUP,Available,Intermediate,FUP
20FUQ,Available,Intermediate,FUQ
20FUR,Available,Intermediate,FUR
20FUS,Available,Intermediate,FUS
20FUU,Available,Intermediate,FUU
20FUV,Available,Intermediate,FUV
20FUY,Available,Intermediate,FUY
20FVA,Available,Intermediate,FVA
20FVB,Available,Intermediate,FVB
20FVC,Available,Intermediate,FVC
20FVE,Available,Intermediate,FVE
20FVF,Available,Intermediate,FVF
20FVG,Available,Intermediate,FVG
20FVH,Available,Intermediate,FVH
20FVI,Available,Intermediate,FVI
20FVJ,Available,Intermediate,FVJ
20FVK,Available,Intermediate,FVK
20FVL,Available,Intermediate,FVL
20FVN,Available,Intermediate,FVN
20FVO,Available,Intermediate,FVO
20FVP,Available,Intermediate,FVP
20FVQ,Available,Intermediate,FVQ
20FVR,Available,Intermediate,FVR
20FVS,Available,Intermediate,FVS
20FVT,Available,Intermediate,FVT
20FVU,Available,Intermediate,FVU
20FVV,Available,Intermediate,FVV
20FVW,Available,Intermediate,FVW
20FVX,Available,Intermediate,FVX
20FVY,Available,Intermediate,FVY
20FVZ,Available,Intermediate,FVZ
20FWA,Available,Intermediate,FWA
20FWB,Available,Intermediate,FWB
20FWE,Available,Intermediate,FWE
20FWF,Available,Intermediate,FWF
20FWG,Available,Intermediate,FWG
20FWH,Available,Intermediate,FWH
20FWI,Available,Intermediate,FWI
20FWJ,Available,Intermediate,FWJ
20FWK,Available,Intermediate,FWK
20FWL,Available,Intermediate,FWL
20FWM,Available,Intermediate,FWM
20FWP,Available,Intermediate,FWP
20FWQ,Available,Intermediate,FWQ
20FWR,Available,Intermediate,FWR
20FWS,Available,Intermediate,FWS
20FWT,Available,Intermediate,FWT
20FWU,Available,Intermediate,FWU
20FWV,Available,Intermediate,FWV
20FWW,Available,Intermediate,FWW
20FWX,Available,Intermediate,FWX
20FWY,Available,Intermediate,FWY
20FWZ,Available,Intermediate,FWZ
20FXA,Available,Intermediate,FXA
20FXC,Available,Intermediate,FXC
20FXD,Available,Intermediate,FXD
20FXE,Available,Intermediate,FXE
20FXF,Available,Intermediate,FXF
20FXG,Available,Intermediate,FXG
20FXH,Available,Intermediate,FXH
20FXJ,Available,Intermediate,FXJ
20FXK,Available,Intermediate,FXK
20FXL,Available,Intermediate,FXL
20FXM,Available,Intermediate,FXM
20FXN,Available,Intermediate,FXN
20FXO,Available,Intermediate,FXO
20FXQ,Available,Intermediate,FXQ
20FXR,Available,Intermediate,FXR
20FXS,Available,Intermediate,FXS
20FXU,Available,Intermediate,FXU
20FXV,Available,Intermediate,FXV
20FXW,Available,Intermediate,FXW
20FXY,Available,Intermediate,FXY
20FXZ,Available,Intermediate,FXZ
20FYA,Available,Intermediate,FYA
20FYB,Available,Intermediate,FYB
20FYC,Available,Intermediate,FYC
20FYD,Available,Intermediate,FYD
20FYH,Available,Intermediate,FYH
20FYJ,Available,Intermediate,FYJ
20FYK,Available,Intermediate,FYK
20FYM,Available,Intermediate,FYM
20FYN,Available,Intermediate,FYN
20FYO,Available,Intermediate,FYO
20FYP,Available,Intermediate,FYP
20FYQ,Available,Intermediate,FYQ
20FYR,Available,Intermediate,FYR
20FYS,Available,Intermediate,FYS
20FYT,Available,Intermediate,FYT
20FYU,Available,Intermediate,FYU
20FYV,Available,Intermediate,FYV
20FYW,Available,Intermediate,FYW
20FYX,Available,Intermediate,FYX
20FYY,Available,Intermediate,FYY
20FYZ,Available,Intermediate,FYZ
20FZA,Available,Intermediate,FZA
20FZB,Available,Intermediate,FZB
20FZC,Available,Intermediate,FZC
20FZD,Available,Intermediate,FZD
20FZE,Available,Intermediate,FZE
20FZF,Available,Intermediate,FZF
20FZG,Available,Intermediate,FZG
20FZH,Available,Intermediate,FZH
20FZI,Available,Intermediate,FZI
20FZJ,Available,Intermediate,FZJ
20FZL,Available,Intermediate,FZL
20FZN,Available,Intermediate,FZN
20FZO,Available,Intermediate,FZO
20FZP,Available,Intermediate,FZP
20FZQ,Available,Intermediate,FZQ
20FZR,Available,Intermediate,FZR
20FZS,Available,Intermediate,FZS
20FZT,Available,Intermediate,FZT
20FZU,Available,Intermediate,FZU
20FZV,Available,Intermediate,FZV
20FZW,Available,Intermediate,FZW
20FZX,Available,Intermediate,FZX
20FZY,Available,Intermediate,FZY
20FZZ,Available,Intermediate,FZZ
20GAI,Available,Intermediate,GAI
20GCI,Available,Intermediate,GCI
20GCJ,Available,Intermediate,GCJ
20GCK,Available,Intermediate,GCK
20GCL,Available,Intermediate,GCL
20GCN,Available,Intermediate,GCN
20GCO,Available,Intermediate,GCO
20GCP,Available,Intermediate,GCP
20GCQ,Available,Intermediate,GCQ
20GCR,Available,Intermediate,GCR
20GCV,Available,Intermediate,GCV
20GCY,Available,Intermediate,GCY
20GCZ,Available,Intermediate,GCZ
20GDJ,Available,Intermediate,GDJ
20GDK,Available,Intermediate,GDK
20GDM,Available,Intermediate,GDM
20GDN,Available,Intermediate,GDN
20GDP,Available,Intermediate,GDP
20GDT,Available,Intermediate,GDT
20GDU,Available,Intermediate,GDU
20GDV,Available,Intermediate,GDV
20GEA,Available,Intermediate,GEA
20GEB,Available,Intermediate,GEB
20GEC,Available,Intermediate,GEC
20GEH,Available,Intermediate,GEH
20GEI,Available,Intermediate,GEI
20GEJ,Available,Intermediate,GEJ
20GEL,Available,Intermediate,GEL
20GEN,Available,Intermediate,GEN
20GEP,Available,Intermediate,GEP
20GEQ,Available,Intermediate,GEQ
20GES,Available,Intermediate,GES
20GEU,Available,Intermediate,GEU
20GEW,Available,Intermediate,GEW
20GEX,Available,Intermediate,GEX
20GEY,Available,Intermediate,GEY
20GEZ,Available,Intermediate,GEZ
20GFA,Available,Intermediate,GFA
20GFB,Available,Intermediate,GFB
20GFC,Available,Intermediate,GFC
20GFD,Available,Intermediate,GFD
20GFE,Available,Intermediate,GFE
20GFF,Available,Intermediate,GFF
20GFG,Available,Intermediate,GFG
20GFH,Available,Intermediate,GFH
20GFI,Available,Intermediate,GFI
20GFJ,Available,Intermediate,GFJ
20GFK,Available,Intermediate,GFK
20GFL,Available,Intermediate,GFL
20GFM,Available,Intermediate,GFM
20GFN,Available,Intermediate,GFN
20GFQ,Available,Intermediate,GFQ
20GFR,Available,Intermediate,GFR
20GFS,Available,Intermediate,GFS
20GFT,Available,Intermediate,GFT
20GFU,Available,Intermediate,GFU
20GFV,Available,Intermediate,GFV
20GFX,Available,Intermediate,GFX
20GFY,Available,Intermediate,GFY
20GFZ,Available,Intermediate,GFZ
20GGA,Available,Intermediate,GGA
20GGB,Available,Intermediate,GGB
20GGC,Available,Intermediate,GGC
20GGD,Available,Intermediate,GGD
20GGE,Available,Intermediate,GGE
20GGF,Available,Intermediate,GGF
20GGH,Available,Intermediate,GGH
20GGI,Available,Intermediate,GGI
20GGJ,Available,Intermediate,GGJ
20GGK,Available,Intermediate,GGK
20GGM,Available,Intermediate,GGM
20GGN,Available,Intermediate,GGN
20GGP,Available,Intermediate,GGP
20GGQ,Available,Intermediate,GGQ
20GGS,Available,Intermediate,GGS
20GGU,Available,Intermediate,GGU
20GGV,Available,Intermediate,GGV
20GGX,Available,Intermediate,GGX
20GGZ,Available,Intermediate,GGZ
20GHC,Available,Intermediate,GHC
20GHE,Available,Intermediate,GHE
20GHF,Available,Intermediate,GHF
20GHG,Available,Intermediate,GHG
20GHH,Available,Intermediate,GHH
20GHI,Available,Intermediate,GHI
20GHJ,Available,Intermediate,GHJ
20GHK,Available,Intermediate,GHK
20GHM,Available,Intermediate,GHM
20GHN,Available,Intermediate,GHN
20GHO,Available,Intermediate,GHO
20GHV,Available,Intermediate,GHV
20GIA,Available,Intermediate,GIA
20GIC,Available,Intermediate,GIC
20GID,Available,Intermediate,GID
20GIE,Available,Intermediate,GIE
20GIF,Available,Intermediate,GIF
20GII,Available,Intermediate,GII
20GIJ,Available,Intermediate,GIJ
20GIK,Available,Intermediate,GIK
20GIM,Available,Intermediate,GIM
20GIP,Available,Intermediate,GIP
20GIR,Available,Intermediate,GIR
20GIU,Available,Intermediate,GIU
20GIY,Available,Intermediate,GIY
20GJA,Available,Intermediate,GJA
20GJC,Available,Intermediate,GJC
20GJF,Available,Intermediate,GJF
20GJG,Available,Intermediate,GJG
20GJI,Available,Intermediate,GJI
20GJK,Available,Intermediate,GJK
20GJN,Available,Intermediate,GJN
20GJP,Available,Intermediate,GJP
20GJQ,Available,Intermediate,GJQ
20GJR,Available,Intermediate,GJR
20GJT,Available,Intermediate,GJT
20GJU,Available,Intermediate,GJU
20GJV,Available,Intermediate,GJV
20GJW,Available,Intermediate,GJW
20GJX,Available,Intermediate,GJX
20GJY,Available,Intermediate,GJY
20GJZ,Available,Intermediate,GJZ
20GKC,Available,Intermediate,GKC
20GKE,Available,Intermediate,GKE
20GKF,Available,Intermediate,GKF
20GKG,Available,Intermediate,GKG
20GKH,Available,Intermediate,GKH
20GKI,Available,Intermediate,GKI
20GKJ,Available,Intermediate,GKJ
20GKK,Available,Intermediate,GKK
20GKL,Available,Intermediate,GKL
20GKN,Available,Intermediate,GKN
20GKO,Available,Intermediate,GKO
20GKP,Available,Intermediate,GKP
20GKQ,Available,Intermediate,GKQ
20GKT,Available,Intermediate,GKT
20GKU,Available,Intermediate,GKU
20GKV,Available,Intermediate,GKV
20GKW,Available,Intermediate,GKW
20GKX,Available,Intermediate,GKX
20GKZ,Available,Intermediate,GKZ
20GLG,Available,Intermediate,GLG
20GLJ,Available,Intermediate,GLJ
20GLK,Available,Intermediate,GLK
20GLL,Available,Intermediate,GLL
20GLM,Available,Intermediate,GLM
20GLO,Available,Intermediate,GLO
20GLP,Available,Intermediate,GLP
20GLQ,Available,Intermediate,GLQ
20GLZ,Available,Intermediate,GLZ
20GMF,Available,Intermediate,GMF
20GMI,Available,Intermediate,GMI
20GMJ,Available,Intermediate,GMJ
20GMK,Available,Intermediate,GMK
20GMP,Available,Intermediate,GMP
20GMQ,Available,Intermediate,GMQ
20GMS,Available,Intermediate,GMS
20GMV,Available,Intermediate,GMV
20GMY,Available,Intermediate,GMY
20GNA,Available,Intermediate,GNA
20GNB,Available,Intermediate,GNB
20GNC,Available,Intermediate,GNC
20GNE,Available,Intermediate,GNE
20GNF,Available,Intermediate,GNF
20GNH,Available,Intermediate,GNH
20GNI,Available,Intermediate,GNI
20GNJ,Available,Intermediate,GNJ
20GNK,Available,Intermediate,GNK
20GNL,Available,Intermediate,GNL
20GNM,Available,Intermediate,GNM
20GNO,Available,Intermediate,GNO
20GNQ,Available,Intermediate,GNQ
20GNT,Available,Intermediate,GNT
20GNV,Available,Intermediate,GNV
20GNW,Available,Intermediate,GNW
20GNX,Available,Intermediate,GNX
20GNY,Available,Intermediate,GNY
20GNZ,Available,Intermediate,GNZ
20GOB,Available,Intermediate,GOB
20GOC,Available,Intermediate,GOC
20GOE,Available,Intermediate,GOE
20GOF,Available,Intermediate,GOF
20GOG,Available,Intermediate,GOG
20GOH,Available,Intermediate,GOH
20GOI,Available,Intermediate,GOI
20GOJ,Available,Intermediate,GOJ
20GOK,Available,Intermediate,GOK
20GOO,Available,Intermediate,GOO
20GOP,Available,Intermediate,GOP
20GOT,Available,Intermediate,GOT
20GOU,Available,Intermediate,GOU
20GOX,Available,Intermediate,GOX
20GOY,Available,Intermediate,GOY
20GOZ,Available,Intermediate,GOZ
20GPB,Available,Intermediate,GPB
20GPD,Available,Intermediate,GPD
20GPI,Available,Intermediate,GPI
20GPJ,Available,Intermediate,GPJ
20GPK,Available,Intermediate,GPK
20GPM,Available,Intermediate,GPM
20GPN,Available,Intermediate,GPN
20GPO,Available,Intermediate,GPO
20GPP,Available,Intermediate,GPP
20GPQ,Available,Intermediate,GPQ
20GPR,Available,Intermediate,GPR
20GPT,Available,Intermediate,GPT
20GPV,Available,Intermediate,GPV
20GPX,Available,Intermediate,GPX
20GQA,Available,Intermediate,GQA
20GQC,Available,Intermediate,GQC
20GQE,Available,Intermediate,GQE
20GQF,Available,Intermediate,GQF
20GQG,Available,Intermediate,GQG
20GQH,Available,Intermediate,GQH
20GQI,Available,Intermediate,GQI
20GQJ,Available,Intermediate,GQJ
20GQK,Available,Intermediate,GQK
20GQL,Available,Intermediate,GQL
20GQM,Available,Intermediate,GQM
20GQN,Available,Intermediate,GQN
20GQO,Available,Intermediate,GQO
20GQP,Available,Intermediate,GQP
20GQQ,Available,Intermediate,GQQ
20GQR,Available,Intermediate,GQR
20GQS,Available,Intermediate,GQS
20GQT,Available,Intermediate,GQT
20GQU,Available,Intermediate,GQU
20GQV,Available,Intermediate,GQV
20GQX,Available,Intermediate,GQX
20GQY,Available,Intermediate,GQY
20GQZ,Available,Intermediate,GQZ
20GRB,Available,Intermediate,GRB
20GRC,Available,Intermediate,GRC
20GRH,Available,Intermediate,GRH
20GRI,Available,Intermediate,GRI
20GRJ,Available,Intermediate,GRJ
20GRL,Available,Intermediate,GRL
20GRO,Available,Intermediate,GRO
20GRQ,Available,Intermediate,GRQ
20GRU,Available,Intermediate,GRU
20GRV,Available,Intermediate,GRV
20GRZ,Available,Intermediate,GRZ
20GSE,Available,Intermediate,GSE
20GSH,Available,Intermediate,GSH
20GSN,Available,Intermediate,GSN
20GSO,Available,Intermediate,GSO
20GSP,Available,Intermediate,GSP
20GSQ,Available,Intermediate,GSQ
20GSR,Available,Intermediate,GSR
20GSU,Available,Intermediate,GSU
20GSV,Available,Intermediate,GSV
20GSZ,Available,Intermediate,GSZ
20GTD,Available,Intermediate,GTD
20GTG,Available,Intermediate,GTG
20GTH,Available,Intermediate,GTH
20GTJ,Available,Intermediate,GTJ
20GTN,Available,Intermediate,GTN
20GTQ,Available,Intermediate,GTQ
20GTS,Available,Intermediate,GTS
20GTU,Available,Intermediate,GTU
20GTV,Available,Intermediate,GTV
20GTY,Available,Intermediate,GTY
20GUA,Available,Intermediate,GUA
20GUB,Available,Intermediate,GUB
20GUC,Available,Intermediate,GUC
20GUD,Available,Intermediate,GUD
20GUE,Available,Intermediate,GUE
20GUF,Available,Intermediate,GUF
20GUG,Available,Intermediate,GUG
20GUH,Available,Intermediate,GUH
20GUI,Available,Intermediate,GUI
20GUJ,Available,Intermediate,GUJ
20GUK,Available,Intermediate,GUK
20GUO,Available,Intermediate,GUO
20GUP,Available,Intermediate,GUP
20GUQ,Available,Intermediate,GUQ
20GUR,Available,Intermediate,GUR
20GUS,Available,Intermediate,GUS
20GUU,Available,Intermediate,GUU
20GUW,Available,Intermediate,GUW
20GUX,Available,Intermediate,GUX
20GVA,Available,Intermediate,GVA
20GVB,Available,Intermediate,GVB
20GVD,Available,Intermediate,GVD
20GVE,Available,Intermediate,GVE
20GVF,Available,Intermediate,GVF
20GVH,Available,Intermediate,GVH
20GVI,Available,Intermediate,GVI
20GVJ,Available,Intermediate,GVJ
20GVK,Available,Intermediate,GVK
20GVM,Available,Intermediate,GVM
20GVN,Available,Intermediate,GVN
20GVP,Available,Intermediate,GVP
20GVQ,Available,Intermediate,GVQ
20GVR,Available,Intermediate,GVR
20GVS,Available,Intermediate,GVS
20GVT,Available,Intermediate,GVT
20GVU,Available,Intermediate,GVU
20GVV,Available,Intermediate,GVV
20GVW,Available,Intermediate,GVW
20GVY,Available,Intermediate,GVY
20GVZ,Available,Intermediate,GVZ
20GWE,Available,Intermediate,GWE
20GWG,Available,Intermediate,GWG
20GWJ,Available,Intermediate,GWJ
20GWL,Available,Intermediate,GWL
20GWM,Available,Intermediate,GWM
20GWO,Available,Intermediate,GWO
20GWQ,Available,Intermediate,GWQ
20GWU,Available,Intermediate,GWU
20GWV,Available,Intermediate,GWV
20GWX,Available,Intermediate,GWX
20GWY,Available,Intermediate,GWY
20GWZ,Available,Intermediate,GWZ
20GXA,Available,Intermediate,GXA
20GXC,Available,Intermediate,GXC
20GXD,Available,Intermediate,GXD
20GXE,Available,Intermediate,GXE
20GXF,Available,Intermediate,GXF
20GXG,Available,Intermediate,GXG
20GXI,Available,Intermediate,GXI
20GXJ,Available,Intermediate,GXJ
20GXK,Available,Intermediate,GXK
20GXL,Available,Intermediate,GXL
20GXM,Available,Intermediate,GXM
20GXP,Available,Intermediate,GXP
20GXQ,Available,Intermediate,GXQ
20GXS,Available,Intermediate,GXS
20GXT,Available,Intermediate,GXT
20GXV,Available,Intermediate,GXV
20GXW,Available,Intermediate,GXW
20GXX,Available,Intermediate,GXX
20GXY,Available,Intermediate,GXY
20GXZ,Available,Intermediate,GXZ
20GYA,Available,Intermediate,GYA
20GYB,Available,Intermediate,GYB
20GYE,Available,Intermediate,GYE
20GYF,Available,Intermediate,GYF
20GYG,Available,Intermediate,GYG
20GYH,Available,Intermediate,GYH
20GYI,Available,Intermediate,GYI
20GYJ,Available,Intermediate,GYJ
20GYK,Available,Intermediate,GYK
20GYL,Available,Intermediate,GYL
20GYN,Available,Intermediate,GYN
20GYQ,Available,Intermediate,GYQ
20GYR,Available,Intermediate,GYR
20GYT,Available,Intermediate,GYT
20GYU,Available,Intermediate,GYU
20GYV,Available,Intermediate,GYV
20GYW,Available,Intermediate,GYW
20GYX,Available,Intermediate,GYX
20GYY,Available,Intermediate,GYY
20GZB,Available,Intermediate,GZB
20GZC,Available,Intermediate,GZC
20GZD,Available,Intermediate,GZD
20GZE,Available,Intermediate,GZE
20GZF,Available,Intermediate,GZF
20GZG,Available,Intermediate,GZG
20GZH,Available,Intermediate,GZH
20GZI,Available,Intermediate,GZI
20GZJ,Available,Intermediate,GZJ
20GZK,Available,Intermediate,GZK
20GZL,Available,Intermediate,GZL
20GZM,Available,Intermediate,GZM
20GZN,Available,Intermediate,GZN
20GZO,Available,Intermediate,GZO
20GZP,Available,Intermediate,GZP
20GZQ,Available,Intermediate,GZQ
20GZU,Available,Intermediate,GZU
20GZW,Available,Intermediate,GZW
20GZX,Available,Intermediate,GZX
20GZY,Available,Intermediate,GZY
20GZZ,Available,Intermediate,GZZ
20HAI,Available,Intermediate,HAI
20HAO,Available,Intermediate,HAO
20HAU,Available,Intermediate,HAU
20HAV,Available,Intermediate,HAV
20HAW,Available,Intermediate,HAW
20HBA,Available,Intermediate,HBA
20HBB,Available,Intermediate,HBB
20HBC,Available,Intermediate,HBC
20HBD,Available,Intermediate,HBD
20HBE,Available,Intermediate,HBE
20HBF,Available,Intermediate,HBF
20HBG,Available,Intermediate,HBG
20HBH,Available,Intermediate,HBH
20HBI,Available,Intermediate,HBI
20HBJ,Available,Intermediate,HBJ
20HBK,Available,Intermediate,HBK
20HBL,Available,Intermediate,HBL
20HBM,Available,Intermediate,HBM
20HBP,Available,Intermediate,HBP
20HBQ,Available,Intermediate,HBQ
20HBR,Available,Intermediate,HBR
20HBU,Available,Intermediate,HBU
20HBV,Available,Intermediate,HBV
20HBW,Available,Intermediate,HBW
20HBX,Available,Intermediate,HBX
20HBZ,Available,Intermediate,HBZ
20HCA,Available,Intermediate,HCA
20HCC,Available,Intermediate,HCC
20HCE,Available,Intermediate,HCE
20HCG,Available,Intermediate,HCG
20HCI,Available,Intermediate,HCI
20HCJ,Available,Intermediate,HCJ
20HCL,Available,Intermediate,HCL
20HCM,Available,Intermediate,HCM
20HCN,Available,Intermediate,HCN
20HCO,Available,Intermediate,HCO
20HCP,Available,Intermediate,HCP
20HCR,Available,Intermediate,HCR
20HCS,Available,Intermediate,HCS
20HCU,Available,Intermediate,HCU
20HCV,Available,Intermediate,HCV
20HCW,Available,Intermediate,HCW
20HCX,Available,Intermediate,HCX
20HCY,Available,Intermediate,HCY
20HCZ,Available,Intermediate,HCZ
20HDD,Available,Intermediate,HDD
20HDE,Available,Intermediate,HDE
20HDI,Available,Intermediate,HDI
20HDJ,Available,Intermediate,HDJ
20HDL,Available,Intermediate,HDL
20HDM,Available,Intermediate,HDM
20HDO,Available,Intermediate,HDO
20HDP,Available,Intermediate,HDP
20HDQ,Available,Intermediate,HDQ
20HDR,Available,Intermediate,HDR
20HDT,Available,Intermediate,HDT
20HDV,Available,Intermediate,HDV
20HDZ,Available,Intermediate,HDZ
20HEC,Available,Intermediate,HEC
20HED,Available,Intermediate,HED
20HEE,Available,Intermediate,HEE
20HEG,Available,Intermediate,HEG
20HEH,Available,Intermediate,HEH
20HEI,Available,Intermediate,HEI
20HEJ,Available,Intermediate,HEJ
20HEK,Available,Intermediate,HEK
20HEL,Available,Intermediate,HEL
20HEM,Available,Intermediate,HEM
20HEO,Available,Intermediate,HEO
20HEQ,Available,Intermediate,HEQ
20HER,Available,Intermediate,HER
20HES,Available,Intermediate,HES
20HET,Available,Intermediate,HET
20HEU,Available,Intermediate,HEU
20HEV,Available,Intermediate,HEV
20HEZ,Available,Intermediate,HEZ
20HFA,Available,Intermediate,HFA
20HFC,Available,Intermediate,HFC
20HFD,Available,Intermediate,HFD
20HFE,Available,Intermediate,HFE
20HFF,Available,Intermediate,HFF
20HFG,Available,Intermediate,HFG
20HFH,Available,Intermediate,HFH
20HFJ,Available,Intermediate,HFJ
20HFK,Available,Intermediate,HFK
20HFL,Available,Intermediate,HFL
20HFN,Available,Intermediate,HFN
20HFO,Available,Intermediate,HFO
20HFP,Available,Intermediate,HFP
20HFQ,Available,Intermediate,HFQ
20HFR,Available,Intermediate,HFR
20HFS,Available,Intermediate,HFS
20HFV,Available,Intermediate,HFV
20HFW,Available,Intermediate,HFW
20HFX,Available,Intermediate,HFX
20HFY,Available,Intermediate,HFY
20HFZ,Available,Intermediate,HFZ
20HGA,Available,Intermediate,HGA
20HGD,Available,Intermediate,HGD
20HGE,Available,Intermediate,HGE
20HGF,Available,Intermediate,HGF
20HGH,Available,Intermediate,HGH
20HGI,Available,Intermediate,HGI
20HGJ,Available,Intermediate,HGJ
20HGK,Available,Intermediate,HGK
20HGM,Available,Intermediate,HGM
20HGO,Available,Intermediate,HGO
20HGP,Available,Intermediate,HGP
20HGQ,Available,Intermediate,HGQ
20HGS,Available,Intermediate,HGS
20HGT,Available,Intermediate,HGT
20HGU,Available,Intermediate,HGU
20HGW,Available,Intermediate,HGW
20HGY,Available,Intermediate,HGY
20HGZ,Available,Intermediate,HGZ
20HHA,Available,Intermediate,HHA
20HHB,Available,Intermediate,HHB
20HHC,Available,Intermediate,HHC
20HHD,Available,Intermediate,HHD
20HHF,Available,Intermediate,HHF
20HHG,Available,Intermediate,HHG
20HHI,Available,Intermediate,HHI
20HHJ,Available,Intermediate,HHJ
20HHK,Available,Intermediate,HHK
20HHL,Available,Intermediate,HHL
20HHM,Available,Intermediate,HHM
20HHN,Available,Intermediate,HHN
20HHO,Available,Intermediate,HHO
20HHP,Available,Intermediate,HHP
20HHQ,Available,Intermediate,HHQ
20HHR,Available,Intermediate,HHR
20HHS,Available,Intermediate,HHS
20HHT,Available,Intermediate,HHT
20HHV,Available,Intermediate,HHV
20HHW,Available,Intermediate,HHW
20HHX,Available,Intermediate,HHX
20HHY,Available,Intermediate,HHY
20HHZ,Available,Intermediate,HHZ
20HIA,Available,Intermediate,HIA
20HIB,Available,Intermediate,HIB
20HIC,Available,Intermediate,HIC
20HID,Available,Intermediate,HID
20HIE,Available,Intermediate,HIE
20HIF,Available,Intermediate,HIF
20HIH,Available,Intermediate,HIH
20HIJ,Available,Intermediate,HIJ
20HIK,Available,Intermediate,HIK
20HIL,Available,Intermediate,HIL
20HIM,Available,Intermediate,HIM
20HIO,Available,Intermediate,HIO
20HIQ,Available,Intermediate,HIQ
20HIR,Available,Intermediate,HIR
20HIS,Available,Intermediate,HIS
20HIT,Available,Intermediate,HIT
20HIU,Available,Intermediate,HIU
20HIW,Available,Intermediate,HIW
20HIY,Available,Intermediate,HIY
20HJA,Available,Intermediate,HJA
20HJB,Available,Intermediate,HJB
20HJC,Available,Intermediate,HJC
20HJE,Available,Intermediate,HJE
20HJF,Available,Intermediate,HJF
20HJG,Available,Intermediate,HJG
20HJH,Available,Intermediate,HJH
20HJI,Available,Intermediate,HJI
20HJK,Available,Intermediate,HJK
20HJL,Available,Intermediate,HJL
20HJM,Available,Intermediate,HJM
20HJN,Available,Intermediate,HJN
20HJO,Available,Intermediate,HJO
20HJP,Available,Intermediate,HJP
20HJQ,Available,Intermediate,HJQ
20HJR,Available,Intermediate,HJR
20HJT,Available,Intermediate,HJT
20HJU,Available,Intermediate,HJU
20HJV,Available,Intermediate,HJV
20HJW,Available,Intermediate,HJW
20HJX,Available,Intermediate,HJX
20HJY,Available,Intermediate,HJY
20HKA,Available,Intermediate,HKA
20HKB,Available,Intermediate,HKB
20HKD,Available,Intermediate,HKD
20HKE,Available,Intermediate,HKE
20HKF,Available,Intermediate,HKF
20HKG,Available,Intermediate,HKG
20HKH,Available,Intermediate,HKH
20HKI,Available,Intermediate,HKI
20HKJ,Available,Intermediate,HKJ
20HKL,Available,Intermediate,HKL
20HKM,Available,Intermediate,HKM
20HKO,Available,Intermediate,HKO
20HKP,Available,Intermediate,HKP
20HKQ,Available,Intermediate,HKQ
20HKS,Available,Intermediate,HKS
20HKT,Available,Intermediate,HKT
20HKU,Available,Intermediate,HKU
20HKV,Available,Intermediate,HKV
20HKW,Available,Intermediate,HKW
20HKX,Available,Intermediate,HKX
20HKZ,Available,Intermediate,HKZ
20HLA,Available,Intermediate,HLA
20HLC,Available,Intermediate,HLC
20HLD,Available,Intermediate,HLD
20HLE,Available,Intermediate,HLE
20HLF,Available,Intermediate,HLF
20HLG,Available,Intermediate,HLG
20HLI,Available,Intermediate,HLI
20HLJ,Available,Intermediate,HLJ
20HLL,Available,Intermediate,HLL
20HLN,Available,Intermediate,HLN
20HLO,Available,Intermediate,HLO
20HLQ,Available,Intermediate,HLQ
20HLR,Available,Intermediate,HLR
20HLS,Available,Intermediate,HLS
20HLU,Available,Intermediate,HLU
20HLV,Available,Intermediate,HLV
20HLX,Available,Intermediate,HLX
20HLY,Available,Intermediate,HLY
20HLZ,Available,Intermediate,HLZ
20HMA,Available,Intermediate,HMA
20HMB,Available,Intermediate,HMB
20HMC,Available,Intermediate,HMC
20HME,Available,Intermediate,HME
20HMG,Available,Intermediate,HMG
20HMI,Available,Intermediate,HMI
20HMK,Available,Intermediate,HMK
20HML,Available,Intermediate,HML
20HMN,Available,Intermediate,HMN
20HMO,Available,Intermediate,HMO
20HMP,Available,Intermediate,HMP
20HMQ,Available,Intermediate,HMQ
20HMR,Available,Intermediate,HMR
20HMT,Available,Intermediate,HMT
20HMU,Available,Intermediate,HMU
20HMV,Available,Intermediate,HMV
20HMX,Available,Intermediate,HMX
20HNB,Available,Intermediate,HNB
20HND,Available,Intermediate,HND
20HNE,Available,Intermediate,HNE
20HNG,Available,Intermediate,HNG
20HNH,Available,Intermediate,HNH
20HNI,Available,Intermediate,HNI
20HNL,Available,Intermediate,HNL
20HNM,Available,Intermediate,HNM
20HNN,Available,Intermediate,HNN
20HNO,Available,Intermediate,HNO
20HNQ,Available,Intermediate,HNQ
20HNR,Available,Intermediate,HNR
20HNS,Available,Intermediate,HNS
20HNT,Available,Intermediate,HNT
20HNU,Available,Intermediate,HNU
20HNV,Available,Intermediate,HNV
20HNW,Available,Intermediate,HNW
20HNY,Available,Intermediate,HNY
20HNZ,Available,Intermediate,HNZ
20HOB,Available,Intermediate,HOB
20HOD,Available,Intermediate,HOD
20HOE,Available,Intermediate,HOE
20HOF,Available,Intermediate,HOF
20HOH,Available,Intermediate,HOH
20HOI,Available,Intermediate,HOI
20HOJ,Available,Intermediate,HOJ
20HOM,Available,Intermediate,HOM
20HOP,Available,Intermediate,HOP
20HOS,Available,Intermediate,HOS
20HOU,Available,Intermediate,HOU
20HOV,Available,Intermediate,HOV
20HOX,Available,Intermediate,HOX
20HOY,Available,Intermediate,HOY
20HPC,Available,Intermediate,HPC
20HPD,Available,Intermediate,HPD
20HPE,Available,Intermediate,HPE
20HPH,Available,Intermediate,HPH
20HPI,Available,Intermediate,HPI
20HPK,Available,Intermediate,HPK
20HPN,Available,Intermediate,HPN
20HPP,Available,Intermediate,HPP
20HPQ,Available,Intermediate,HPQ
20HPS,Available,Intermediate,HPS
20HPT,Available,Intermediate,HPT
20HPU,Available,Intermediate,HPU
20HPV,Available,Intermediate,HPV
20HPW,Available,Intermediate,HPW
20HPX,Available,Intermediate,HPX
20HPZ,Available,Intermediate,HPZ
20HQA,Available,Intermediate,HQA
20HQB,Available,Intermediate,HQB
20HQC,Available,Intermediate,HQC
20HQE,Available,Intermediate,HQE
20HQF,Available,Intermediate,HQF
20HQG,Available,Intermediate,HQG
20HQI,Available,Intermediate,HQI
20HQK,Available,Intermediate,HQK
20HQL,Available,Intermediate,HQL
20HQM,Available,Intermediate,HQM
20HQN,Available,Intermediate,HQN
20HQO,Available,Intermediate,HQO
20HQP,Available,Intermediate,HQP
20HQQ,Available,Intermediate,HQQ
20HQR,Available,Intermediate,HQR
20HQS,Available,Intermediate,HQS
20HQT,Available,Intermediate,HQT
20HQU,Available,Intermediate,HQU
20HQV,Available,Intermediate,HQV
20HQW,Available,Intermediate,HQW
20HQX,Available,Intermediate,HQX
20HQY,Available,Intermediate,HQY
20HQZ,Available,Intermediate,HQZ
20HRB,Available,Intermediate,HRB
20HRE,Available,Intermediate,HRE
20HRG,Available,Intermediate,HRG
20HRI,Available,Intermediate,HRI
20HRK,Available,Intermediate,HRK
20HRM,Available,Intermediate,HRM
20HRN,Available,Intermediate,HRN
20HRP,Available,Intermediate,HRP
20HRQ,Available,Intermediate,HRQ
20HRR,Available,Intermediate,HRR
20HRT,Available,Intermediate,HRT
20HRW,Available,Intermediate,HRW
20HRX,Available,Intermediate,HRX
20HRZ,Available,Intermediate,HRZ
20HSA,Available,Intermediate,HSA
20HSC,Available,Intermediate,HSC
20HSD,Available,Intermediate,HSD
20HSE,Available,Intermediate,HSE
20HSF,Available,Intermediate,HSF
20HSG,Available,Intermediate,HSG
20HSH,Available,Intermediate,HSH
20HSI,Available,Intermediate,HSI
20HSJ,Available,Intermediate,HSJ
20HSK,Available,Intermediate,HSK
20HSL,Available,Intermediate,HSL
20HSM,Available,Intermediate,HSM
20HSN,Available,Intermediate,HSN
20HSO,Available,Intermediate,HSO
20HSP,Available,Intermediate,HSP
20HSQ,Available,Intermediate,HSQ
20HSR,Available,Intermediate,HSR
20HSS,Available,Intermediate,HSS
20HSU,Available,Intermediate,HSU
20HSV,Available,Intermediate,HSV
20HSX,Available,Intermediate,HSX
20HSY,Available,Intermediate,HSY
20HSZ,Available,Intermediate,HSZ
20HTA,Available,Intermediate,HTA
20HTD,Available,Intermediate,HTD
20HTE,Available,Intermediate,HTE
20HTF,Available,Intermediate,HTF
20HTG,Available,Intermediate,HTG
20HTI,Available,Intermediate,HTI
20HTJ,Available,Intermediate,HTJ
20HTK,Available,Intermediate,HTK
20HTL,Available,Intermediate,HTL
20HTN,Available,Intermediate,HTN
20HTO,Available,Intermediate,HTO
20HTP,Available,Intermediate,HTP
20HTR,Available,Intermediate,HTR
20HTT,Available,Intermediate,HTT
20HTU,Available,Intermediate,HTU
20HTV,Available,Intermediate,HTV
20HTW,Available,Intermediate,HTW
20HTX,Available,Intermediate,HTX
20HTY,Available,Intermediate,HTY
20HTZ,Available,Intermediate,HTZ
20HUA,Available,Intermediate,HUA
20HUB,Available,Intermediate,HUB
20HUC,Available,Intermediate,HUC
20HUF,Available,Intermediate,HUF
20HUH,Available,Intermediate,HUH
20HUI,Available,Intermediate,HUI
20HUJ,Available,Intermediate,HUJ
20HUK,Available,Intermediate,HUK
20HUM,Available,Intermediate,HUM
20HUN,Available,Intermediate,HUN
20HUP,Available,Intermediate,HUP
20HUQ,Available,Intermediate,HUQ
20HUS,Available,Intermediate,HUS
20HUV,Available,Intermediate,HUV
20HUW,Available,Intermediate,HUW
20HUX,Available,Intermediate,HUX
20HUY,Available,Intermediate,HUY
20HUZ,Available,Intermediate,HUZ
20HVA,Available,Intermediate,HVA
20HVB,Available,Intermediate,HVB
20HVC,Available,Intermediate,HVC
20HVD,Available,Intermediate,HVD
20HVE,Available,Intermediate,HVE
20HVF,Available,Intermediate,HVF
20HVG,Available,Intermediate,HVG
20HVH,Available,Intermediate,HVH
20HVI,Available,Intermediate,HVI
20HVJ,Available,Intermediate,HVJ
20HVK,Available,Intermediate,HVK
20HVL,Available,Intermediate,HVL
20HVM,Available,Intermediate,HVM
20HVN,Available,Intermediate,HVN
20HVO,Available,Intermediate,HVO
20HVP,Available,Intermediate,HVP
20HVQ,Available,Intermediate,HVQ
20HVR,Available,Intermediate,HVR
20HVT,Available,Intermediate,HVT
20HVU,Available,Intermediate,HVU
20HVV,Available,Intermediate,HVV
20HVX,Available,Intermediate,HVX
20HVY,Available,Intermediate,HVY
20HWA,Available,Intermediate,HWA
20HWB,Available,Intermediate,HWB
20HWD,Available,Intermediate,HWD
20HWE,Available,Intermediate,HWE
20HWF,Available,Intermediate,HWF
20HWG,Available,Intermediate,HWG
20HWH,Available,Intermediate,HWH
20HWI,Available,Intermediate,HWI
20HWJ,Available,Intermediate,HWJ
20HWL,Available,Intermediate,HWL
20HWO,Available,Intermediate,HWO
20HWQ,Available,Intermediate,HWQ
20HWR,Available,Intermediate,HWR
20HWS,Available,Intermediate,HWS
20HWT,Available,Intermediate,HWT
20HWU,Available,Intermediate,HWU
20HWV,Available,Intermediate,HWV
20HWX,Available,Intermediate,HWX
20HWY,Available,Intermediate,HWY
20HWZ,Available,Intermediate,HWZ
20HXA,Available,Intermediate,HXA
20HXB,Available,Intermediate,HXB
20HXC,Available,Intermediate,HXC
20HXE,Available,Intermediate,HXE
20HXF,Available,Intermediate,HXF
20HXG,Available,Intermediate,HXG
20HXH,Available,Intermediate,HXH
20HXI,Available,Intermediate,HXI
20HXJ,Available,Intermediate,HXJ
20HXK,Available,Intermediate,HXK
20HXL,Available,Intermediate,HXL
20HXM,Available,Intermediate,HXM
20HXN,Available,Intermediate,HXN
20HXO,Available,Intermediate,HXO
20HXP,Available,Intermediate,HXP
20HXQ,Available,Intermediate,HXQ
20HXR,Available,Intermediate,HXR
20HXS,Available,Intermediate,HXS
20HXU,Available,Intermediate,HXU
20HXV,Available,Intermediate,HXV
20HXW,Available,Intermediate,HXW
20HXX,Available,Intermediate,HXX
20HXY,Available,Intermediate,HXY
20HXZ,Available,Intermediate,HXZ
20HYB,Available,Intermediate,HYB
20HYD,Available,Intermediate,HYD
20HYF,Available,Intermediate,HYF
20HYG,Available,Intermediate,HYG
20HYH,Available,Intermediate,HYH
20HYI,Available,Intermediate,HYI
20HYJ,Available,Intermediate,HYJ
20HYK,Available,Intermediate,HYK
20HYN,Available,Intermediate,HYN
20HYO,Available,Intermediate,HYO
20HYP,Available,Intermediate,HYP
20HYQ,Available,Intermediate,HYQ
20HYS,Available,Intermediate,HYS
20HYU,Available,Intermediate,HYU
20HYV,Available,Intermediate,HYV
20HYW,Available,Intermediate,HYW
20HYX,Available,Intermediate,HYX
20HYY,Available,Intermediate,HYY
20HZA,Available,Intermediate,HZA
20HZB,Available,Intermediate,HZB
20HZC,Available,Intermediate,HZC
20HZD,Available,Intermediate,HZD
20HZE,Available,Intermediate,HZE
20HZF,Available,Intermediate,HZF
20HZG,Available,Intermediate,HZG
20HZH,Available,Intermediate,HZH
20HZI,Available,Intermediate,HZI
20HZJ,Available,Intermediate,HZJ
20HZK,Available,Intermediate,HZK
20HZM,Available,Intermediate,HZM
20HZN,Available,Intermediate,HZN
20HZO,Available,Intermediate,HZO
20HZP,Available,Intermediate,HZP
20HZQ,Available,Intermediate,HZQ
20HZR,Available,Intermediate,HZR
20HZT,Available,Intermediate,HZT
20HZU,Available,Intermediate,HZU
20HZV,Available,Intermediate,HZV
20HZW,Available,Intermediate,HZW
20HZX,Available,Intermediate,HZX
20HZY,Available,Intermediate,HZY
20HZZ,Available,Intermediate,HZZ
20IAJ,Available,Intermediate,IAJ
20IAQ,Available,Intermediate,IAQ
20IAR,Available,Intermediate,IAR
20IAS,Available,Intermediate,IAS
20IAU,Available,Intermediate,IAU
20IAV,Available,Intermediate,IAV
20IAW,Available,Intermediate,IAW
20IAX,Available,Intermediate,IAX
20IAY,Available,Intermediate,IAY
20IAZ,Available,Intermediate,IAZ
20IBB,Available,Intermediate,IBB
20IBC,Available,Intermediate,IBC
20IBD,Available,Intermediate,IBD
20IBE,Available,Intermediate,IBE
20IBF,Available,Intermediate,IBF
20IBG,Available,Intermediate,IBG
20IBH,Available,Intermediate,IBH
20IBI,Available,Intermediate,IBI
20IBJ,Available,Intermediate,IBJ
20IBK,Available,Intermediate,IBK
20IBL,Available,Intermediate,IBL
20IBP,Available,Intermediate,IBP
20IBQ,Available,Intermediate,IBQ
20IBR,Available,Intermediate,IBR
20IBS,Available,Intermediate,IBS
20IBU,Available,Intermediate,IBU
20IBV,Available,Intermediate,IBV
20IBY,Available,Intermediate,IBY
20ICC,Available,Intermediate,ICC
20ICD,Available,Intermediate,ICD
20ICF,Available,Intermediate,ICF
20ICH,Available,Intermediate,ICH
20ICJ,Available,Intermediate,ICJ
20ICL,Available,Intermediate,ICL
20ICN,Available,Intermediate,ICN
20ICR,Available,Intermediate,ICR
20ICS,Available,Intermediate,ICS
20ICV,Available,Intermediate,ICV
20ICX,Available,Intermediate,ICX
20ICY,Available,Intermediate,ICY
20ICZ,Available,Intermediate,ICZ
20IDE,Available,Intermediate,IDE
20IDF,Available,Intermediate,IDF
20IDH,Available,Intermediate,IDH
20IDJ,Available,Intermediate,IDJ
20IDL,Available,Intermediate,IDL
20IDM,Available,Intermediate,IDM
20IDN,Available,Intermediate,IDN
20IDO,Available,Intermediate,IDO
20IDP,Available,Intermediate,IDP
20IDQ,Available,Intermediate,IDQ
20IDS,Available,Intermediate,IDS
20IDU,Available,Intermediate,IDU
20IDW,Available,Intermediate,IDW
20IDY,Available,Intermediate,IDY
20IDZ,Available,Intermediate,IDZ
20IEA,Available,Intermediate,IEA
20IEB,Available,Intermediate,IEB
20IEF,Available,Intermediate,IEF
20IEG,Available,Intermediate,IEG
20IEH,Available,Intermediate,IEH
20IEI,Available,Intermediate,IEI
20IEJ,Available,Intermediate,IEJ
20IEL,Available,Intermediate,IEL
20IEM,Available,Intermediate,IEM
20IEN,Available,Intermediate,IEN
20IEP,Available,Intermediate,IEP
20IEQ,Available,Intermediate,IEQ
20IER,Available,Intermediate,IER
20IES,Available,Intermediate,IES
20IEU,Available,Intermediate,IEU
20IEV,Available,Intermediate,IEV
20IEW,Available,Intermediate,IEW
20IEX,Available,Intermediate,IEX
20IEY,Available,Intermediate,IEY
20IEZ,Available,Intermediate,IEZ
20IFA,Available,Intermediate,IFA
20IFB,Available,Intermediate,IFB
20IFC,Available,Intermediate,IFC
20IFD,Available,Intermediate,IFD
20IFE,Available,Intermediate,IFE
20IFG,Available,Intermediate,IFG
20IFH,Available,Intermediate,IFH
20IFI,Available,Intermediate,IFI
20IFK,Available,Intermediate,IFK
20IFL,Available,Intermediate,IFL
20IFN,Available,Intermediate,IFN
20IFO,Available,Intermediate,IFO
20IFP,Available,Intermediate,IFP
20IFQ,Available,Intermediate,IFQ
20IFR,Available,Intermediate,IFR
20IFS,Available,Intermediate,IFS
20IFT,Available,Intermediate,IFT
20IFV,Available,Intermediate,IFV
20IFX,Available,Intermediate,IFX
20IFY,Available,Intermediate,IFY
20IFZ,Available,Intermediate,IFZ
20IGA,Available,Intermediate,IGA
20IGC,Available,Intermediate,IGC
20IGD,Available,Intermediate,IGD
20IGE,Available,Intermediate,IGE
20IGF,Available,Intermediate,IGF
20IGG,Available,Intermediate,IGG
20IGH,Available,Intermediate,IGH
20IGI,Available,Intermediate,IGI
20IGK,Available,Intermediate,IGK
20IGL,Available,Intermediate,IGL
20IGM,Available,Intermediate,IGM
20IGN,Available,Intermediate,IGN
20IGO,Available,Intermediate,IGO
20IGP,Available,Intermediate,IGP
20IGS,Available,Intermediate,IGS
20IGT,Available,Intermediate,IGT
20IGU,Available,Intermediate,IGU
20IGV,Available,Intermediate,IGV
20IGX,Available,Intermediate,IGX
20IGZ,Available,Intermediate,IGZ
20IHA,Available,Intermediate,IHA
20IHC,Available,Intermediate,IHC
20IHD,Available,Intermediate,IHD
20IHE,Available,Intermediate,IHE
20IHF,Available,Intermediate,IHF
20IHG,Available,Intermediate,IHG
20IHH,Available,Intermediate,IHH
20IHI,Available,Intermediate,IHI
20IHJ,Available,Intermediate,IHJ
20IHK,Available,Intermediate,IHK
20IHL,Available,Intermediate,IHL
20IHM,Available,Intermediate,IHM
20IHN,Available,Intermediate,IHN
20IHO,Available,Intermediate,IHO
20IHP,Available,Intermediate,IHP
20IHQ,Available,Intermediate,IHQ
20IHR,Available,Intermediate,IHR
20IHS,Available,Intermediate,IHS
20IHT,Available,Intermediate,IHT
20IHU,Available,Intermediate,IHU
20IHV,Available,Intermediate,IHV
20IHW,Available,Intermediate,IHW
20IHX,Available,Intermediate,IHX
20IHY,Available,Intermediate,IHY
20IHZ,Available,Intermediate,IHZ
20IIA,Available,Intermediate,IIA
20IIB,Available,Intermediate,IIB
20IIC,Available,Intermediate,IIC
20IID,Available,Intermediate,IID
20IIF,Available,Intermediate,IIF
20IIG,Available,Intermediate,IIG
20IIH,Available,Intermediate,IIH
20IIJ,Available,Intermediate,IIJ
20IIK,Available,Intermediate,IIK
20IIL,Available,Intermediate,IIL
20IIN,Available,Intermediate,IIN
20IIO,Available,Intermediate,IIO
20IIP,Available,Intermediate,IIP
20IIQ,Available,Intermediate,IIQ
20IIS,Available,Intermediate,IIS
20IIT,Available,Intermediate,IIT
20IIU,Available,Intermediate,IIU
20IIV,Available,Intermediate,IIV
20IIW,Available,Intermediate,IIW
20IIX,Available,Intermediate,IIX
20IIY,Available,Intermediate,IIY
20IIZ,Available,Intermediate,IIZ
20IJC,Available,Intermediate,IJC
20IJD,Available,Intermediate,IJD
20IJE,Available,Intermediate,IJE
20IJF,Available,Intermediate,IJF
20IJG,Available,Intermediate,IJG
20IJI,Available,Intermediate,IJI
20IJJ,Available,Intermediate,IJJ
20IJN,Available,Intermediate,IJN
20IJO,Available,Intermediate,IJO
20IJP,Available,Intermediate,IJP
20IJT,Available,Intermediate,IJT
20IJU,Available,Intermediate,IJU
20IJV,Available,Intermediate,IJV
20IJX,Available,Intermediate,IJX
20IJZ,Available,Intermediate,IJZ
20IKA,Available,Intermediate,IKA
20IKC,Available,Intermediate,IKC
20IKD,Available,Intermediate,IKD
20IKG,Available,Intermediate,IKG
20IKI,Available,Intermediate,IKI
20IKJ,Available,Intermediate,IKJ
20IKL,Available,Intermediate,IKL
20IKN,Available,Intermediate,IKN
20IKO,Available,Intermediate,IKO
20IKP,Available,Intermediate,IKP
20IKR,Available,Intermediate,IKR
20IKS,Available,Intermediate,IKS
20IKT,Available,Intermediate,IKT
20IKU,Available,Intermediate,IKU
20IKV,Available,Intermediate,IKV
20IKX,Available,Intermediate,IKX
20IKY,Available,Intermediate,IKY
20IKZ,Available,Intermediate,IKZ
20ILA,Available,Intermediate,ILA
20ILC,Available,Intermediate,ILC
20ILD,Available,Intermediate,ILD
20ILE,Available,Intermediate,ILE
20ILF,Available,Intermediate,ILF
20ILG,Available,Intermediate,ILG
20ILI,Available,Intermediate,ILI
20ILJ,Available,Intermediate,ILJ
20ILK,Available,Intermediate,ILK
20ILL,Available,Intermediate,ILL
20ILM,Available,Intermediate,ILM
20ILN,Available,Intermediate,ILN
20ILO,Available,Intermediate,ILO
20ILP,Available,Intermediate,ILP
20ILQ,Available,Intermediate,ILQ
20ILR,Available,Intermediate,ILR
20ILT,Available,Intermediate,ILT
20ILU,Available,Intermediate,ILU
20ILV,Available,Intermediate,ILV
20ILX,Available,Intermediate,ILX
20ILZ,Available,Intermediate,ILZ
20IMA,Available,Intermediate,IMA
20IMD,Available,Intermediate,IMD
20IME,Available,Intermediate,IME
20IMF,Available,Intermediate,IMF
20IMH,Available,Intermediate,IMH
20IMK,Available,Intermediate,IMK
20IMQ,Available,Intermediate,IMQ
20IMR,Available,Intermediate,IMR
20IMU,Available,Intermediate,IMU
20IMV,Available,Intermediate,IMV
20IMX,Available,Intermediate,IMX
20IMY,Available,Intermediate,IMY
20IMZ,Available,Intermediate,IMZ
20INA,Available,Intermediate,INA
20INB,Available,Intermediate,INB
20INC,Available,Intermediate,INC
20ING,Available,Intermediate,ING
20INH,Available,Intermediate,INH
20INI,Available,Intermediate,INI
20INJ,Available,Intermediate,INJ
20INL,Available,Intermediate,INL
20INM,Available,Intermediate,INM
20INN,Available,Intermediate,INN
20INO,Available,Intermediate,INO
20INP,Available,Intermediate,INP
20INQ,Available,Intermediate,INQ
20INR,Available,Intermediate,INR
20INU,Available,Intermediate,INU
20INV,Available,Intermediate,INV
20INW,Available,Intermediate,INW
20INX,Available,Intermediate,INX
20INY,Available,Intermediate,INY
20INZ,Available,Intermediate,INZ
20IOA,Available,Intermediate,IOA
20IOC,Available,Intermediate,IOC
20IOE,Available,Intermediate,IOE
20IOF,Available,Intermediate,IOF
20IOH,Available,Intermediate,IOH
20IOI,Available,Intermediate,IOI
20IOJ,Available,Intermediate,IOJ
20IOL,Available,Intermediate,IOL
20ION,Available,Intermediate,ION
20IOO,Available,Intermediate,IOO
20IOP,Available,Intermediate,IOP
20IOQ,Available,Intermediate,IOQ
20IOR,Available,Intermediate,IOR
20IOT,Available,Intermediate,IOT
20IOU,Available,Intermediate,IOU
20IOV,Available,Intermediate,IOV
20IOX,Available,Intermediate,IOX
20IOY,Available,Intermediate,IOY
20IOZ,Available,Intermediate,IOZ
20IPD,Available,Intermediate,IPD
20IPF,Available,Intermediate,IPF
20IPG,Available,Intermediate,IPG
20IPH,Available,Intermediate,IPH
20IPI,Available,Intermediate,IPI
20IPJ,Available,Intermediate,IPJ
20IPK,Available,Intermediate,IPK
20IPL,Available,Intermediate,IPL
20IPM,Available,Intermediate,IPM
20IPN,Available,Intermediate,IPN
20IPO,Available,Intermediate,IPO
20IPP,Available,Intermediate,IPP
20IPQ,Available,Intermediate,IPQ
20IPS,Available,Intermediate,IPS
20IPU,Available,Intermediate,IPU
20IPV,Available,Intermediate,IPV
20IPW,Available,Intermediate,IPW
20IPX,Available,Intermediate,IPX
20IPY,Available,Intermediate,IPY
20IPZ,Available,Intermediate,IPZ
20IQA,Available,Intermediate,IQA
20IQB,Available,Intermediate,IQB
20IQC,Available,Intermediate,IQC
20IQD,Available,Intermediate,IQD
20IQE,Available,Intermediate,IQE
20IQF,Available,Intermediate,IQF
20IQG,Available,Intermediate,IQG
20IQH,Available,Intermediate,IQH
20IQI,Available,Intermediate,IQI
20IQJ,Available,Intermediate,IQJ
20IQK,Available,Intermediate,IQK
20IQL,Available,Intermediate,IQL
20IQM,Available,Intermediate,IQM
20IQN,Available,Intermediate,IQN
20IQP,Available,Intermediate,IQP
20IQQ,Available,Intermediate,IQQ
20IQR,Available,Intermediate,IQR
20IQS,Available,Intermediate,IQS
20IQV,Available,Intermediate,IQV
20IQW,Available,Intermediate,IQW
20IQY,Available,Intermediate,IQY
20IQZ,Available,Intermediate,IQZ
20IRD,Available,Intermediate,IRD
20IRE,Available,Intermediate,IRE
20IRF,Available,Intermediate,IRF
20IRG,Available,Intermediate,IRG
20IRH,Available,Intermediate,IRH
20IRI,Available,Intermediate,IRI
20IRJ,Available,Intermediate,IRJ
20IRK,Available,Intermediate,IRK
20IRM,Available,Intermediate,IRM
20IRN,Available,Intermediate,IRN
20IRO,Available,Intermediate,IRO
20IRQ,Available,Intermediate,IRQ
20IRR,Available,Intermediate,IRR
20IRS,Available,Intermediate,IRS
20IRU,Available,Intermediate,IRU
20IRW,Available,Intermediate,IRW
20IRX,Available,Intermediate,IRX
20IRY,Available,Intermediate,IRY
20ISB,Available,Intermediate,ISB
20ISC,Available,Intermediate,ISC
20ISD,Available,Intermediate,ISD
20ISE,Available,Intermediate,ISE
20ISF,Available,Intermediate,ISF
20ISG,Available,Intermediate,ISG
20ISH,Available,Intermediate,ISH
20ISI,Available,Intermediate,ISI
20ISJ,Available,Intermediate,ISJ
20ISL,Available,Intermediate,ISL
20ISN,Available,Intermediate,ISN
20ISR,Available,Intermediate,ISR
20IST,Available,Intermediate,IST
20ISU,Available,Intermediate,ISU
20ISV,Available,Intermediate,ISV
20ISX,Available,Intermediate,ISX
20ISY,Available,Intermediate,ISY
20ITA,Available,Intermediate,ITA
20ITB,Available,Intermediate,ITB
20ITD,Available,Intermediate,ITD
20ITE,Available,Intermediate,ITE
20ITF,Available,Intermediate,ITF
20ITG,Available,Intermediate,ITG
20ITH,Available,Intermediate,ITH
20ITI,Available,Intermediate,ITI
20ITK,Available,Intermediate,ITK
20ITL,Available,Intermediate,ITL
20ITO,Available,Intermediate,ITO
20ITP,Available,Intermediate,ITP
20ITQ,Available,Intermediate,ITQ
20ITR,Available,Intermediate,ITR
20ITT,Available,Intermediate,ITT
20ITU,Available,Intermediate,ITU
20ITW,Available,Intermediate,ITW
20ITX,Available,Intermediate,ITX
20ITZ,Available,Intermediate,ITZ
20IUA,Available,Intermediate,IUA
20IUC,Available,Intermediate,IUC
20IUE,Available,Intermediate,IUE
20IUF,Available,Intermediate,IUF
20IUG,Available,Intermediate,IUG
20IUJ,Available,Intermediate,IUJ
20IUL,Available,Intermediate,IUL
20IUM,Available,Intermediate,IUM
20IUO,Available,Intermediate,IUO
20IUP,Available,Intermediate,IUP
20IUQ,Available,Intermediate,IUQ
20IUR,Available,Intermediate,IUR
20IUS,Available,Intermediate,IUS
20IUT,Available,Intermediate,IUT
20IUU,Available,Intermediate,IUU
20IUV,Available,Intermediate,IUV
20IUW,Available,Intermediate,IUW
20IUX,Available,Intermediate,IUX
20IUY,Available,Intermediate,IUY
20IUZ,Available,Intermediate,IUZ
20IVA,Available,Intermediate,IVA
20IVB,Available,Intermediate,IVB
20IVC,Available,Intermediate,IVC
20IVD,Available,Intermediate,IVD
20IVE,Available,Intermediate,IVE
20IVF,Available,Intermediate,IVF
20IVH,Available,Intermediate,IVH
20IVI,Available,Intermediate,IVI
20IVJ,Available,Intermediate,IVJ
20IVK,Available,Intermediate,IVK
20IVM,Available,Intermediate,IVM
20IVN,Available,Intermediate,IVN
20IVP,Available,Intermediate,IVP
20IVQ,Available,Intermediate,IVQ
20IVS,Available,Intermediate,IVS
20IVT,Available,Intermediate,IVT
20IVU,Available,Intermediate,IVU
20IVV,Available,Intermediate,IVV
20IVX,Available,Intermediate,IVX
20IWA,Available,Intermediate,IWA
20IWC,Available,Intermediate,IWC
20IWE,Available,Intermediate,IWE
20IWF,Available,Intermediate,IWF
20IWG,Available,Intermediate,IWG
20IWH,Available,Intermediate,IWH
20IWI,Available,Intermediate,IWI
20IWJ,Available,Intermediate,IWJ
20IWK,Available,Intermediate,IWK
20IWL,Available,Intermediate,IWL
20IWN,Available,Intermediate,IWN
20IWO,Available,Intermediate,IWO
20IWP,Available,Intermediate,IWP
20IWQ,Available,Intermediate,IWQ
20IWR,Available,Intermediate,IWR
20IWS,Available,Intermediate,IWS
20IWU,Available,Intermediate,IWU
20IWV,Available,Intermediate,IWV
20IWW,Available,Intermediate,IWW
20IWX,Available,Intermediate,IWX
20IWY,Available,Intermediate,IWY
20IWZ,Available,Intermediate,IWZ
20IXA,Available,Intermediate,IXA
20IXB,Available,Intermediate,IXB
20IXD,Available,Intermediate,IXD
20IXE,Available,Intermediate,IXE
20IXF,Available,Intermediate,IXF
20IXG,Available,Intermediate,IXG
20IXJ,Available,Intermediate,IXJ
20IXK,Available,Intermediate,IXK
20IXL,Available,Intermediate,IXL
20IXM,Available,Intermediate,IXM
20IXN,Available,Intermediate,IXN
20IXO,Available,Intermediate,IXO
20IXP,Available,Intermediate,IXP
20IXQ,Available,Intermediate,IXQ
20IXR,Available,Intermediate,IXR
20IXS,Available,Intermediate,IXS
20IXT,Available,Intermediate,IXT
20IXU,Available,Intermediate,IXU
20IXV,Available,Intermediate,IXV
20IXW,Available,Intermediate,IXW
20IXY,Available,Intermediate,IXY
20IXZ,Available,Intermediate,IXZ
20IYA,Available,Intermediate,IYA
20IYB,Available,Intermediate,IYB
20IYC,Available,Intermediate,IYC
20IYD,Available,Intermediate,IYD
20IYE,Available,Intermediate,IYE
20IYF,Available,Intermediate,IYF
20IYG,Available,Intermediate,IYG
20IYI,Available,Intermediate,IYI
20IYJ,Available,Intermediate,IYJ
20IYK,Available,Intermediate,IYK
20IYL,Available,Intermediate,IYL
20IYM,Available,Intermediate,IYM
20IYN,Available,Intermediate,IYN
20IYO,Available,Intermediate,IYO
20IYP,Available,Intermediate,IYP
20IYQ,Available,Intermediate,IYQ
20IYR,Available,Intermediate,IYR
20IYS,Available,Intermediate,IYS
20IYT,Available,Intermediate,IYT
20IYU,Available,Intermediate,IYU
20IYV,Available,Intermediate,IYV
20IYW,Available,Intermediate,IYW
20IYX,Available,Intermediate,IYX
20IYZ,Available,Intermediate,IYZ
20IZA,Available,Intermediate,IZA
20IZB,Available,Intermediate,IZB
20IZD,Available,Intermediate,IZD
20IZE,Available,Intermediate,IZE
20IZF,Available,Intermediate,IZF
20IZG,Available,Intermediate,IZG
20IZH,Available,Intermediate,IZH
20IZI,Available,Intermediate,IZI
20IZJ,Available,Intermediate,IZJ
20IZK,Available,Intermediate,IZK
20IZM,Available,Intermediate,IZM
20IZN,Available,Intermediate,IZN
20IZO,Available,Intermediate,IZO
20IZQ,Available,Intermediate,IZQ
20IZS,Available,Intermediate,IZS
20IZT,Available,Intermediate,IZT
20IZU,Available,Intermediate,IZU
20IZV,Available,Intermediate,IZV
20IZX,Available,Intermediate,IZX
20IZZ,Available,Intermediate,IZZ
20JBU,Available,Intermediate,JBU
20JCC,Available,Intermediate,JCC
20JCE,Available,Intermediate,JCE
20JCG,Available,Intermediate,JCG
20JCJ,Available,Intermediate,JCJ
20JCK,Available,Intermediate,JCK
20JCN,Available,Intermediate,JCN
20JCO,Available,Intermediate,JCO
20JCT,Available,Intermediate,JCT
20JCX,Available,Intermediate,JCX
20JCZ,Available,Intermediate,JCZ
20JDE,Available,Intermediate,JDE
20JDF,Available,Intermediate,JDF
20JDG,Available,Intermediate,JDG
20JDI,Available,Intermediate,JDI
20JDJ,Available,Intermediate,JDJ
20JDK,Available,Intermediate,JDK
20JDL,Available,Intermediate,JDL
20JDQ,Available,Intermediate,JDQ
20JDU,Available,Intermediate,JDU
20JDY,Available,Intermediate,JDY
20JEF,Available,Intermediate,JEF
20JEG,Available,Intermediate,JEG
20JEH,Available,Intermediate,JEH
20JEI,Available,Intermediate,JEI
20JEJ,Available,Intermediate,JEJ
20JEO,Available,Intermediate,JEO
20JEP,Available,Intermediate,JEP
20JEQ,Available,Intermediate,JEQ
20JES,Available,Intermediate,JES
20JEU,Available,Intermediate,JEU
20JEV,Available,Intermediate,JEV
20JEY,Available,Intermediate,JEY
20JFB,Available,Intermediate,JFB
20JFD,Available,Intermediate,JFD
20JFE,Available,Intermediate,JFE
20JFF,Available,Intermediate,JFF
20JFH,Available,Intermediate,JFH
20JFI,Available,Intermediate,JFI
20JFJ,Available,Intermediate,JFJ
20JFL,Available,Intermediate,JFL
20JFN,Available,Intermediate,JFN
20JFO,Available,Intermediate,JFO
20JFP,Available,Intermediate,JFP
20JFR,Available,Intermediate,JFR
20JFU,Available,Intermediate,JFU
20JFV,Available,Intermediate,JFV
20JFX,Available,Intermediate,JFX
20JFY,Available,Intermediate,JFY
20JGA,Available,Intermediate,JGA
20JGF,Available,Intermediate,JGF
20JGJ,Available,Intermediate,JGJ
20JGK,Available,Intermediate,JGK
20JGL,Available,Intermediate,JGL
20JGM,Available,Intermediate,JGM
20JGN,Available,Intermediate,JGN
20JGO,Available,Intermediate,JGO
20JGQ,Available,Intermediate,JGQ
20JGT,Available,Intermediate,JGT
20JGU,Available,Intermediate,JGU
20JGV,Available,Intermediate,JGV
20JGX,Available,Intermediate,JGX
20JGY,Available,Intermediate,JGY
20JHC,Available,Intermediate,JHC
20JHD,Available,Intermediate,JHD
20JHE,Available,Intermediate,JHE
20JHF,Available,Intermediate,JHF
20JHH,Available,Intermediate,JHH
20JHI,Available,Intermediate,JHI
20JHJ,Available,Intermediate,JHJ
20JHK,Available,Intermediate,JHK
20JHL,Available,Intermediate,JHL
20JHN,Available,Intermediate,JHN
20JHO,Available,Intermediate,JHO
20JHQ,Available,Intermediate,JHQ
20JHT,Available,Intermediate,JHT
20JHU,Available,Intermediate,JHU
20JHV,Available,Intermediate,JHV
20JHW,Available,Intermediate,JHW
20JHX,Available,Intermediate,JHX
20JHY,Available,Intermediate,JHY
20JHZ,Available,Intermediate,JHZ
20JIA,Available,Intermediate,JIA
20JIB,Available,Intermediate,JIB
20JIC,Available,Intermediate,JIC
20JID,Available,Intermediate,JID
20JIE,Available,Intermediate,JIE
20JIH,Available,Intermediate,JIH
20JII,Available,Intermediate,JII
20JIJ,Available,Intermediate,JIJ
20JIK,Available,Intermediate,JIK
20JIN,Available,Intermediate,JIN
20JIO,Available,Intermediate,JIO
20JIP,Available,Intermediate,JIP
20JIQ,Available,Intermediate,JIQ
20JIS,Available,Intermediate,JIS
20JIT,Available,Intermediate,JIT
20JIU,Available,Intermediate,JIU
20JIV,Available,Intermediate,JIV
20JIX,Available,Intermediate,JIX
20JIY,Available,Intermediate,JIY
20JIZ,Available,Intermediate,JIZ
20JJC,Available,Intermediate,JJC
20JJE,Available,Intermediate,JJE
20JJF,Available,Intermediate,JJF
20JJG,Available,Intermediate,JJG
20JJI,Available,Intermediate,JJI
20JJL,Available,Intermediate,JJL
20JJN,Available,Intermediate,JJN
20JJP,Available,Intermediate,JJP
20JJQ,Available,Intermediate,JJQ
20JJS,Available,Intermediate,JJS
20JJT,Available,Intermediate,JJT
20JJU,Available,Intermediate,JJU
20JJV,Available,Intermediate,JJV
20JJX,Available,Intermediate,JJX
20JJY,Available,Intermediate,JJY
20JJZ,Available,Intermediate,JJZ
20JKA,Available,Intermediate,JKA
20JKF,Available,Intermediate,JKF
20JKH,Available,Intermediate,JKH
20JKI,Available,Intermediate,JKI
20JKM,Available,Intermediate,JKM
20JKN,Available,Intermediate,JKN
20JKP,Available,Intermediate,JKP
20JKQ,Available,Intermediate,JKQ
20JKS,Available,Intermediate,JKS
20JKT,Available,Intermediate,JKT
20JKU,Available,Intermediate,JKU
20JKV,Available,Intermediate,JKV
20JKX,Available,Intermediate,JKX
20JLB,Available,Intermediate,JLB
20JLC,Available,Intermediate,JLC
20JLD,Available,Intermediate,JLD
20JLE,Available,Intermediate,JLE
20JLF,Available,Intermediate,JLF
20JLI,Available,Intermediate,JLI
20JLJ,Available,Intermediate,JLJ
20JLM,Available,Intermediate,JLM
20JLO,Available,Intermediate,JLO
20JLP,Available,Intermediate,JLP
20JLQ,Available,Intermediate,JLQ
20JLR,Available,Intermediate,JLR
20JLT,Available,Intermediate,JLT
20JLU,Available,Intermediate,JLU
20JLV,Available,Intermediate,JLV
20JLW,Available,Intermediate,JLW
20JLX,Available,Intermediate,JLX
20JLY,Available,Intermediate,JLY
20JLZ,Available,Intermediate,JLZ
20JMC,Available,Intermediate,JMC
20JMD,Available,Intermediate,JMD
20JMI,Available,Intermediate,JMI
20JMJ,Available,Intermediate,JMJ
20JMN,Available,Intermediate,JMN
20JMQ,Available,Intermediate,JMQ
20JMU,Available,Intermediate,JMU
20JMX,Available,Intermediate,JMX
20JNA,Available,Intermediate,JNA
20JNB,Available,Intermediate,JNB
20JNC,Available,Intermediate,JNC
20JND,Available,Intermediate,JND
20JNE,Available,Intermediate,JNE
20JNF,Available,Intermediate,JNF
20JNG,Available,Intermediate,JNG
20JNJ,Available,Intermediate,JNJ
20JNL,Available,Intermediate,JNL
20JNM,Available,Intermediate,JNM
20JNN,Available,Intermediate,JNN
20JNO,Available,Intermediate,JNO
20JNP,Available,Intermediate,JNP
20JNR,Available,Intermediate,JNR
20JNU,Available,Intermediate,JNU
20JNV,Available,Intermediate,JNV
20JNW,Available,Intermediate,JNW
20JNX,Available,Intermediate,JNX
20JNY,Available,Intermediate,JNY
20JNZ,Available,Intermediate,JNZ
20JOA,Available,Intermediate,JOA
20JOD,Available,Intermediate,JOD
20JOI,Available,Intermediate,JOI
20JOL,Available,Intermediate,JOL
20JOM,Available,Intermediate,JOM
20JOO,Available,Intermediate,JOO
20JOQ,Available,Intermediate,JOQ
20JOT,Available,Intermediate,JOT
20JOU,Available,Intermediate,JOU
20JOV,Available,Intermediate,JOV
20JOW,Available,Intermediate,JOW
20JOZ,Available,Intermediate,JOZ
20JPI,Available,Intermediate,JPI
20JPQ,Available,Intermediate,JPQ
20JPR,Available,Intermediate,JPR
20JPV,Available,Intermediate,JPV
20JPY,Available,Intermediate,JPY
20JQA,Available,Intermediate,JQA
20JQB,Available,Intermediate,JQB
20JQC,Available,Intermediate,JQC
20JQD,Available,Intermediate,JQD
20JQE,Available,Intermediate,JQE
20JQG,Available,Intermediate,JQG
20JQH,Available,Intermediate,JQH
20JQJ,Available,Intermediate,JQJ
20JQK,Available,Intermediate,JQK
20JQL,Available,Intermediate,JQL
20JQM,Available,Intermediate,JQM
20JQN,Available,Intermediate,JQN
20JQO,Available,Intermediate,JQO
20JQP,Available,Intermediate,JQP
20JQR,Available,Intermediate,JQR
20JQS,Available,Intermediate,JQS
20JQT,Available,Intermediate,JQT
20JQU,Available,Intermediate,JQU
20JQV,Available,Intermediate,JQV
20JQX,Available,Intermediate,JQX
20JRE,Available,Intermediate,JRE
20JRI,Available,Intermediate,JRI
20JRJ,Available,Intermediate,JRJ
20JRK,Available,Intermediate,JRK
20JRN,Available,Intermediate,JRN
20JRO,Available,Intermediate,JRO
20JRS,Available,Intermediate,JRS
20JRU,Available,Intermediate,JRU
20JRV,Available,Intermediate,JRV
20JRX,Available,Intermediate,JRX
20JRY,Available,Intermediate,JRY
20JSE,Available,Intermediate,JSE
20JSJ,Available,Intermediate,JSJ
20JSM,Available,Intermediate,JSM
20JSQ,Available,Intermediate,JSQ
20JST,Available,Intermediate,JST
20JSU,Available,Intermediate,JSU
20JSV,Available,Intermediate,JSV
20JSX,Available,Intermediate,JSX
20JSY,Available,Intermediate,JSY
20JTF,Available,Intermediate,JTF
20JTG,Available,Intermediate,JTG
20JTH,Available,Intermediate,JTH
20JTK,Available,Intermediate,JTK
20JTM,Available,Intermediate,JTM
20JTO,Available,Intermediate,JTO
20JTQ,Available,Intermediate,JTQ
20JTS,Available,Intermediate,JTS
20JTT,Available,Intermediate,JTT
20JTU,Available,Intermediate,JTU
20JTV,Available,Intermediate,JTV
20JTW,Available,Intermediate,JTW
20JTX,Available,Intermediate,JTX
20JTY,Available,Intermediate,JTY
20JTZ,Available,Intermediate,JTZ
20JUA,Available,Intermediate,JUA
20JUC,Available,Intermediate,JUC
20JUD,Available,Intermediate,JUD
20JUF,Available,Intermediate,JUF
20JUH,Available,Intermediate,JUH
20JUI,Available,Intermediate,JUI
20JUJ,Available,Intermediate,JUJ
20JUM,Available,Intermediate,JUM
20JUN,Available,Intermediate,JUN
20JUO,Available,Intermediate,JUO
20JUP,Available,Intermediate,JUP
20JUQ,Available,Intermediate,JUQ
20JUR,Available,Intermediate,JUR
20JUS,Available,Intermediate,JUS
20JUT,Available,Intermediate,JUT
20JUU,Available,Intermediate,JUU
20JUV,Available,Intermediate,JUV
20JUX,Available,Intermediate,JUX
20JUY,Available,Intermediate,JUY
20JUZ,Available,Intermediate,JUZ
20JVB,Available,Intermediate,JVB
20JVC,Available,Intermediate,JVC
20JVD,Available,Intermediate,JVD
20JVE,Available,Intermediate,JVE
20JVF,Available,Intermediate,JVF
20JVH,Available,Intermediate,JVH
20JVJ,Available,Intermediate,JVJ
20JVK,Available,Intermediate,JVK
20JVL,Available,Intermediate,JVL
20JVN,Available,Intermediate,JVN
20JVO,Available,Intermediate,JVO
20JVQ,Available,Intermediate,JVQ
20JVS,Available,Intermediate,JVS
20JVT,Available,Intermediate,JVT
20JVU,Available,Intermediate,JVU
20JVV,Available,Intermediate,JVV
20JVW,Available,Intermediate,JVW
20JVX,Available,Intermediate,JVX
20JVY,Available,Intermediate,JVY
20JWA,Available,Intermediate,JWA
20JWC,Available,Intermediate,JWC
20JWD,Available,Intermediate,JWD
20JWI,Available,Intermediate,JWI
20JWN,Available,Intermediate,JWN
20JWO,Available,Intermediate,JWO
20JWP,Available,Intermediate,JWP
20JWQ,Available,Intermediate,JWQ
20JWR,Available,Intermediate,JWR
20JWS,Available,Intermediate,JWS
20JWT,Available,Intermediate,JWT
20JWU,Available,Intermediate,JWU
20JWV,Available,Intermediate,JWV
20JWX,Available,Intermediate,JWX
20JWZ,Available,Intermediate,JWZ
20JXA,Available,Intermediate,JXA
20JXF,Available,Intermediate,JXF
20JXG,Available,Intermediate,JXG
20JXH,Available,Intermediate,JXH
20JXI,Available,Intermediate,JXI
20JXJ,Available,Intermediate,JXJ
20JXK,Available,Intermediate,JXK
20JXL,Available,Intermediate,JXL
20JXQ,Available,Intermediate,JXQ
20JXS,Available,Intermediate,JXS
20JXT,Available,Intermediate,JXT
20JXU,Available,Intermediate,JXU
20JXV,Available,Intermediate,JXV
20JXW,Available,Intermediate,JXW
20JXX,Available,Intermediate,JXX
20JXY,Available,Intermediate,JXY
20JXZ,Available,Intermediate,JXZ
20JYB,Available,Intermediate,JYB
20JYD,Available,Intermediate,JYD
20JYE,Available,Intermediate,JYE
20JYF,Available,Intermediate,JYF
20JYG,Available,Intermediate,JYG
20JYH,Available,Intermediate,JYH
20JYI,Available,Intermediate,JYI
20JYJ,Available,Intermediate,JYJ
20JYO,Available,Intermediate,JYO
20JYP,Available,Intermediate,JYP
20JYQ,Available,Intermediate,JYQ
20JYR,Available,Intermediate,JYR
20JYS,Available,Intermediate,JYS
20JYT,Available,Intermediate,JYT
20JYU,Available,Intermediate,JYU
20JYV,Available,Intermediate,JYV
20JYW,Available,Intermediate,JYW
20JYZ,Available,Intermediate,JYZ
20JZA,Available,Intermediate,JZA
20JZB,Available,Intermediate,JZB
20JZC,Available,Intermediate,JZC
20JZD,Available,Intermediate,JZD
20JZE,Available,Intermediate,JZE
20JZG,Available,Intermediate,JZG
20JZH,Available,Intermediate,JZH
20JZI,Available,Intermediate,JZI
20JZJ,Available,Intermediate,JZJ
20JZL,Available,Intermediate,JZL
20JZM,Available,Intermediate,JZM
20JZN,Available,Intermediate,JZN
20JZO,Available,Intermediate,JZO
20JZP,Available,Intermediate,JZP
20JZQ,Available,Intermediate,JZQ
20JZR,Available,Intermediate,JZR
20JZS,Available,Intermediate,JZS
20JZV,Available,Intermediate,JZV
20JZW,Available,Intermediate,JZW
20JZX,Available,Intermediate,JZX
20JZY,Available,Intermediate,JZY
20KAQ,Available,Intermediate,KAQ
20KBI,Available,Intermediate,KBI
20KBK,Available,Intermediate,KBK
20KBL,Available,Intermediate,KBL
20KBO,Available,Intermediate,KBO
20KBP,Available,Intermediate,KBP
20KBQ,Available,Intermediate,KBQ
20KBR,Available,Intermediate,KBR
20KBT,Available,Intermediate,KBT
20KBU,Available,Intermediate,KBU
20KBV,Available,Intermediate,KBV
20KBW,Available,Intermediate,KBW
20KBY,Available,Intermediate,KBY
20KBZ,Available,Intermediate,KBZ
20KCA,Available,Intermediate,KCA
20KCC,Available,Intermediate,KCC
20KCD,Available,Intermediate,KCD
20KCE,Available,Intermediate,KCE
20KCF,Available,Intermediate,KCF
20KCG,Available,Intermediate,KCG
20KCH,Available,Intermediate,KCH
20KCI,Available,Intermediate,KCI
20KCJ,Available,Intermediate,KCJ
20KCN,Available,Intermediate,KCN
20KCQ,Available,Intermediate,KCQ
20KCR,Available,Intermediate,KCR
20KCS,Available,Intermediate,KCS
20KCU,Available,Intermediate,KCU
20KCV,Available,Intermediate,KCV
20KCY,Available,Intermediate,KCY
20KCZ,Available,Intermediate,KCZ
20KDB,Available,Intermediate,KDB
20KDD,Available,Intermediate,KDD
20KDG,Available,Intermediate,KDG
20KDI,Available,Intermediate,KDI
20KDJ,Available,Intermediate,KDJ
20KDK,Available,Intermediate,KDK
20KDN,Available,Intermediate,KDN
20KDO,Available,Intermediate,KDO
20KDQ,Available,Intermediate,KDQ
20KDR,Available,Intermediate,KDR
20KDS,Available,Intermediate,KDS
20KDT,Available,Intermediate,KDT
20KDU,Available,Intermediate,KDU
20KDY,Available,Intermediate,KDY
20KEC,Available,Intermediate,KEC
20KEF,Available,Intermediate,KEF
20KEH,Available,Intermediate,KEH
20KEJ,Available,Intermediate,KEJ
20KEK,Available,Intermediate,KEK
20KEP,Available,Intermediate,KEP
20KES,Available,Intermediate,KES
20KEU,Available,Intermediate,KEU
20KEW,Available,Intermediate,KEW
20KEX,Available,Intermediate,KEX
20KFA,Available,Intermediate,KFA
20KFB,Available,Intermediate,KFB
20KFD,Available,Intermediate,KFD
20KFE,Available,Intermediate,KFE
20KFF,Available,Intermediate,KFF
20KFG,Available,Intermediate,KFG
20KFI,Available,Intermediate,KFI
20KFJ,Available,Intermediate,KFJ
20KFL,Available,Intermediate,KFL
20KFN,Available,Intermediate,KFN
20KFP,Available,Intermediate,KFP
20KFQ,Available,Intermediate,KFQ
20KFR,Available,Intermediate,KFR
20KFV,Available,Intermediate,KFV
20KFW,Available,Intermediate,KFW
20KFY,Available,Intermediate,KFY
20KFZ,Available,Intermediate,KFZ
20KGA,Available,Intermediate,KGA
20KGE,Available,Intermediate,KGE
20KGF,Available,Intermediate,KGF
20KGH,Available,Intermediate,KGH
20KGI,Available,Intermediate,KGI
20KGK,Available,Intermediate,KGK
20KGL,Available,Intermediate,KGL
20KGM,Available,Intermediate,KGM
20KGN,Available,Intermediate,KGN
20KGO,Available,Intermediate,KGO
20KGR,Available,Intermediate,KGR
20KGT,Available,Intermediate,KGT
20KGU,Available,Intermediate,KGU
20KGW,Available,Intermediate,KGW
20KGX,Available,Intermediate,KGX
20KGY,Available,Intermediate,KGY
20KGZ,Available,Intermediate,KGZ
20KHB,Available,Intermediate,KHB
20KHC,Available,Intermediate,KHC
20KHD,Available,Intermediate,KHD
20KHE,Available,Intermediate,KHE
20KHF,Available,Intermediate,KHF
20KHH,Available,Intermediate,KHH
20KHI,Available,Intermediate,KHI
20KHJ,Available,Intermediate,KHJ
20KHL,Available,Intermediate,KHL
20KHM,Available,Intermediate,KHM
20KHN,Available,Intermediate,KHN
20KHP,Available,Intermediate,KHP
20KHQ,Available,Intermediate,KHQ
20KHR,Available,Intermediate,KHR
20KHT,Available,Intermediate,KHT
20KHU,Available,Intermediate,KHU
20KHV,Available,Intermediate,KHV
20KHX,Available,Intermediate,KHX
20KHY,Available,Intermediate,KHY
20KIA,Available,Intermediate,KIA
20KIC,Available,Intermediate,KIC
20KID,Available,Intermediate,KID
20KIE,Available,Intermediate,KIE
20KIF,Available,Intermediate,KIF
20KIH,Available,Intermediate,KIH
20KII,Available,Intermediate,KII
20KIJ,Available,Intermediate,KIJ
20KIK,Available,Intermediate,KIK
20KIN,Available,Intermediate,KIN
20KIO,Available,Intermediate,KIO
20KIP,Available,Intermediate,KIP
20KIQ,Available,Intermediate,KIQ
20KIS,Available,Intermediate,KIS
20KIU,Available,Intermediate,KIU
20KIV,Available,Intermediate,KIV
20KIW,Available,Intermediate,KIW
20KIX,Available,Intermediate,KIX
20KIY,Available,Intermediate,KIY
20KIZ,Available,Intermediate,KIZ
20KJC,Available,Intermediate,KJC
20KJD,Available,Intermediate,KJD
20KJE,Available,Intermediate,KJE
20KJF,Available,Intermediate,KJF
20KJH,Available,Intermediate,KJH
20KJI,Available,Intermediate,KJI
20KJL,Available,Intermediate,KJL
20KJN,Available,Intermediate,KJN
20KJQ,Available,Intermediate,KJQ
20KJR,Available,Intermediate,KJR
20KJT,Available,Intermediate,KJT
20KJU,Available,Intermediate,KJU
20KJV,Available,Intermediate,KJV
20KJX,Available,Intermediate,KJX
20KJY,Available,Intermediate,KJY
20KJZ,Available,Intermediate,KJZ
20KKA,Available,Intermediate,KKA
20KKD,Available,Intermediate,KKD
20KKE,Available,Intermediate,KKE
20KKF,Available,Intermediate,KKF
20KKG,Available,Intermediate,KKG
20KKH,Available,Intermediate,KKH
20KKI,Available,Intermediate,KKI
20KKL,Available,Intermediate,KKL
20KKM,Available,Intermediate,KKM
20KKN,Available,Intermediate,KKN
20KKO,Available,Intermediate,KKO
20KKQ,Available,Intermediate,KKQ
20KKR,Available,Intermediate,KKR
20KKT,Available,Intermediate,KKT
20KKU,Available,Intermediate,KKU
20KKV,Available,Intermediate,KKV
20KKX,Available,Intermediate,KKX
20KKY,Available,Intermediate,KKY
20KKZ,Available,Intermediate,KKZ
20KLA,Available,Intermediate,KLA
20KLB,Available,Intermediate,KLB
20KLC,Available,Intermediate,KLC
20KLG,Available,Intermediate,KLG
20KLI,Available,Intermediate,KLI
20KLK,Available,Intermediate,KLK
20KLQ,Available,Intermediate,KLQ
20KLT,Available,Intermediate,KLT
20KLU,Available,Intermediate,KLU
20KLW,Available,Intermediate,KLW
20KLX,Available,Intermediate,KLX
20KLZ,Available,Intermediate,KLZ
20KMG,Available,Intermediate,KMG
20KMH,Available,Intermediate,KMH
20KMJ,Available,Intermediate,KMJ
20KMN,Available,Intermediate,KMN
20KMQ,Available,Intermediate,KMQ
20KMT,Available,Intermediate,KMT
20KMV,Available,Intermediate,KMV
20KMX,Available,Intermediate,KMX
20KMY,Available,Intermediate,KMY
20KMZ,Available,Intermediate,KMZ
20KNK,Available,Intermediate,KNK
20KNL,Available,Intermediate,KNL
20KNM,Available,Intermediate,KNM
20KNP,Available,Intermediate,KNP
20KNQ,Available,Intermediate,KNQ
20KNR,Available,Intermediate,KNR
20KNS,Available,Intermediate,KNS
20KNU,Available,Intermediate,KNU
20KNV,Available,Intermediate,KNV
20KNW,Available,Intermediate,KNW
20KNX,Available,Intermediate,KNX
20KNY,Available,Intermediate,KNY
20KNZ,Available,Intermediate,KNZ
20KOA,Available,Intermediate,KOA
20KOB,Available,Intermediate,KOB
20KOD,Available,Intermediate,KOD
20KOE,Available,Intermediate,KOE
20KOF,Available,Intermediate,KOF
20KOG,Available,Intermediate,KOG
20KOH,Available,Intermediate,KOH
20KOJ,Available,Intermediate,KOJ
20KON,Available,Intermediate,KON
20KOQ,Available,Intermediate,KOQ
20KOT,Available,Intermediate,KOT
20KOU,Available,Intermediate,KOU
20KOV,Available,Intermediate,KOV
20KOX,Available,Intermediate,KOX
20KPB,Available,Intermediate,KPB
20KPF,Available,Intermediate,KPF
20KPH,Available,Intermediate,KPH
20KPJ,Available,Intermediate,KPJ
20KPK,Available,Intermediate,KPK
20KPL,Available,Intermediate,KPL
20KPM,Available,Intermediate,KPM
20KPN,Available,Intermediate,KPN
20KPQ,Available,Intermediate,KPQ
20KPS,Available,Intermediate,KPS
20KPU,Available,Intermediate,KPU
20KPV,Available,Intermediate,KPV
20KPW,Available,Intermediate,KPW
20KPX,Available,Intermediate,KPX
20KPY,Available,Intermediate,KPY
20KQA,Available,Intermediate,KQA
20KQB,Available,Intermediate,KQB
20KQC,Available,Intermediate,KQC
20KQE,Available,Intermediate,KQE
20KQF,Available,Intermediate,KQF
20KQG,Available,Intermediate,KQG
20KQH,Available,Intermediate,KQH
20KQI,Available,Intermediate,KQI
20KQJ,Available,Intermediate,KQJ
20KQK,Available,Intermediate,KQK
20KQL,Available,Intermediate,KQL
20KQM,Available,Intermediate,KQM
20KQN,Available,Intermediate,KQN
20KQO,Available,Intermediate,KQO
20KQP,Available,Intermediate,KQP
20KQQ,Available,Intermediate,KQQ
20KQR,Available,Intermediate,KQR
20KQS,Available,Intermediate,KQS
20KQT,Available,Intermediate,KQT
20KQU,Available,Intermediate,KQU
20KQW,Available,Intermediate,KQW
20KQX,Available,Intermediate,KQX
20KQY,Available,Intermediate,KQY
20KQZ,Available,Intermediate,KQZ
20KRA,Available,Intermediate,KRA
20KRC,Available,Intermediate,KRC
20KRE,Available,Intermediate,KRE
20KRF,Available,Intermediate,KRF
20KRG,Available,Intermediate,KRG
20KRH,Available,Intermediate,KRH
20KRI,Available,Intermediate,KRI
20KRK,Available,Intermediate,KRK
20KRM,Available,Intermediate,KRM
20KRO,Available,Intermediate,KRO
20KRP,Available,Intermediate,KRP
20KRQ,Available,Intermediate,KRQ
20KRR,Available,Intermediate,KRR
20KRU,Available,Intermediate,KRU
20KRV,Available,Intermediate,KRV
20KRY,Available,Intermediate,KRY
20KRZ,Available,Intermediate,KRZ
20KSA,Available,Intermediate,KSA
20KSB,Available,Intermediate,KSB
20KSC,Available,Intermediate,KSC
20KSD,Available,Intermediate,KSD
20KSE,Available,Intermediate,KSE
20KSF,Available,Intermediate,KSF
20KSI,Available,Intermediate,KSI
20KSJ,Available,Intermediate,KSJ
20KSK,Available,Intermediate,KSK
20KSL,Available,Intermediate,KSL
20KSN,Available,Intermediate,KSN
20KSP,Available,Intermediate,KSP
20KSQ,Available,Intermediate,KSQ
20KSR,Available,Intermediate,KSR
20KSS,Available,Intermediate,KSS
20KSU,Available,Intermediate,KSU
20KSV,Available,Intermediate,KSV
20KSX,Available,Intermediate,KSX
20KSY,Available,Intermediate,KSY
20KSZ,Available,Intermediate,KSZ
20KTA,Available,Intermediate,KTA
20KTE,Available,Intermediate,KTE
20KTF,Available,Intermediate,KTF
20KTH,Available,Intermediate,KTH
20KTI,Available,Intermediate,KTI
20KTJ,Available,Intermediate,KTJ
20KTK,Available,Intermediate,KTK
20KTL,Available,Intermediate,KTL
20KTN,Available,Intermediate,KTN
20KTO,Available,Intermediate,KTO
20KTP,Available,Intermediate,KTP
20KTQ,Available,Intermediate,KTQ
20KTR,Available,Intermediate,KTR
20KTS,Available,Intermediate,KTS
20KTT,Available,Intermediate,KTT
20KTU,Available,Intermediate,KTU
20KTY,Available,Intermediate,KTY
20KUA,Available,Intermediate,KUA
20KUD,Available,Intermediate,KUD
20KUE,Available,Intermediate,KUE
20KUG,Available,Intermediate,KUG
20KUI,Available,Intermediate,KUI
20KUJ,Available,Intermediate,KUJ
20KUK,Available,Intermediate,KUK
20KUL,Available,Intermediate,KUL
20KUM,Available,Intermediate,KUM
20KUN,Available,Intermediate,KUN
20KUO,Available,Intermediate,KUO
20KUP,Available,Intermediate,KUP
20KUQ,Available,Intermediate,KUQ
20KUR,Available,Intermediate,KUR
20KUS,Available,Intermediate,KUS
20KUT,Available,Intermediate,KUT
20KUU,Available,Intermediate,KUU
20KUV,Available,Intermediate,KUV
20KUW,Available,Intermediate,KUW
20KUY,Available,Intermediate,KUY
20KUZ,Available,Intermediate,KUZ
20KVC,Available,Intermediate,KVC
20KVD,Available,Intermediate,KVD
20KVF,Available,Intermediate,KVF
20KVG,Available,Intermediate,KVG
20KVH,Available,Intermediate,KVH
20KVI,Available,Intermediate,KVI
20KVJ,Available,Intermediate,KVJ
20KVL,Available,Intermediate,KVL
20KVO,Available,Intermediate,KVO
20KVP,Available,Intermediate,KVP
20KVQ,Available,Intermediate,KVQ
20KVS,Available,Intermediate,KVS
20KVU,Available,Intermediate,KVU
20KVV,Available,Intermediate,KVV
20KVW,Available,Intermediate,KVW
20KVX,Available,Intermediate,KVX
20KVY,Available,Intermediate,KVY
20KVZ,Available,Intermediate,KVZ
20KWA,Available,Intermediate,KWA
20KWB,Available,Intermediate,KWB
20KWD,Available,Intermediate,KWD
20KWE,Available,Intermediate,KWE
20KWF,Available,Intermediate,KWF
20KWI,Available,Intermediate,KWI
20KWJ,Available,Intermediate,KWJ
20KWL,Available,Intermediate,KWL
20KWO,Available,Intermediate,KWO
20KWP,Available,Intermediate,KWP
20KWQ,Available,Intermediate,KWQ
20KWR,Available,Intermediate,KWR
20KWU,Available,Intermediate,KWU
20KWV,Available,Intermediate,KWV
20KWW,Available,Intermediate,KWW
20KWX,Available,Intermediate,KWX
20KWY,Available,Intermediate,KWY
20KWZ,Available,Intermediate,KWZ
20KXA,Available,Intermediate,KXA
20KXB,Available,Intermediate,KXB
20KXC,Available,Intermediate,KXC
20KXE,Available,Intermediate,KXE
20KXF,Available,Intermediate,KXF
20KXG,Available,Intermediate,KXG
20KXH,Available,Intermediate,KXH
20KXI,Available,Intermediate,KXI
20KXJ,Available,Intermediate,KXJ
20KXK,Available,Intermediate,KXK
20KXL,Available,Intermediate,KXL
20KXM,Available,Intermediate,KXM
20KXN,Available,Intermediate,KXN
20KXP,Available,Intermediate,KXP
20KXR,Available,Intermediate,KXR
20KXS,Available,Intermediate,KXS
20KXT,Available,Intermediate,KXT
20KXU,Available,Intermediate,KXU
20KXV,Available,Intermediate,KXV
20KXW,Available,Intermediate,KXW
20KXX,Available,Intermediate,KXX
20KXY,Available,Intermediate,KXY
20KXZ,Available,Intermediate,KXZ
20KYB,Available,Intermediate,KYB
20KYC,Available,Intermediate,KYC
20KYD,Available,Intermediate,KYD
20KYF,Available,Intermediate,KYF
20KYG,Available,Intermediate,KYG
20KYH,Available,Intermediate,KYH
20KYJ,Available,Intermediate,KYJ
20KYK,Available,Intermediate,KYK
20KYM,Available,Intermediate,KYM
20KYN,Available,Intermediate,KYN
20KYP,Available,Intermediate,KYP
20KYQ,Available,Intermediate,KYQ
20KYR,Available,Intermediate,KYR
20KYS,Available,Intermediate,KYS
20KYT,Available,Intermediate,KYT
20KYU,Available,Intermediate,KYU
20KYV,Available,Intermediate,KYV
20KYW,Available,Intermediate,KYW
20KYX,Available,Intermediate,KYX
20KYY,Available,Intermediate,KYY
20KYZ,Available,Intermediate,KYZ
20KZA,Available,Intermediate,KZA
20KZB,Available,Intermediate,KZB
20KZD,Available,Intermediate,KZD
20KZE,Available,Intermediate,KZE
20KZF,Available,Intermediate,KZF
20KZG,Available,Intermediate,KZG
20KZK,Available,Intermediate,KZK
20KZM,Available,Intermediate,KZM
20KZN,Available,Intermediate,KZN
20KZO,Available,Intermediate,KZO
20KZP,Available,Intermediate,KZP
20KZQ,Available,Intermediate,KZQ
20KZR,Available,Intermediate,KZR
20KZS,Available,Intermediate,KZS
20KZT,Available,Intermediate,KZT
20KZU,Available,Intermediate,KZU
20KZV,Available,Intermediate,KZV
20KZW,Available,Intermediate,KZW
20KZX,Available,Intermediate,KZX
20KZY,Available,Intermediate,KZY
20KZZ,Available,Intermediate,KZZ
20LBE,Available,Intermediate,LBE
20LBH,Available,Intermediate,LBH
20LBI,Available,Intermediate,LBI
20LBJ,Available,Intermediate,LBJ
20LBM,Available,Intermediate,LBM
20LBN,Available,Intermediate,LBN
20LBP,Available,Intermediate,LBP
20LBQ,Available,Intermediate,LBQ
20LBR,Available,Intermediate,LBR
20LBU,Available,Intermediate,LBU
20LBV,Available,Intermediate,LBV
20LBW,Available,Intermediate,LBW
20LBY,Available,Intermediate,LBY
20LCB,Available,Intermediate,LCB
20LCE,Available,Intermediate,LCE
20LCF,Available,Intermediate,LCF
20LCG,Available,Intermediate,LCG
20LCH,Available,Intermediate,LCH
20LCI,Available,Intermediate,LCI
20LCK,Available,Intermediate,LCK
20LCL,Available,Intermediate,LCL
20LCP,Available,Intermediate,LCP
20LCQ,Available,Intermediate,LCQ
20LCS,Available,Intermediate,LCS
20LCT,Available,Intermediate,LCT
20LCU,Available,Intermediate,LCU
20LCV,Available,Intermediate,LCV
20LCX,Available,Intermediate,LCX
20LCZ,Available,Intermediate,LCZ
20LDA,Available,Intermediate,LDA
20LDG,Available,Intermediate,LDG
20LDH,Available,Intermediate,LDH
20LDI,Available,Intermediate,LDI
20LDL,Available,Intermediate,LDL
20LDP,Available,Intermediate,LDP
20LDQ,Available,Intermediate,LDQ
20LDT,Available,Intermediate,LDT
20LDU,Available,Intermediate,LDU
20LDW,Available,Intermediate,LDW
20LDZ,Available,Intermediate,LDZ
20LEH,Available,Intermediate,LEH
20LEI,Available,Intermediate,LEI
20LEJ,Available,Intermediate,LEJ
20LEK,Available,Intermediate,LEK
20LEL,Available,Intermediate,LEL
20LEQ,Available,Intermediate,LEQ
20LET,Available,Intermediate,LET
20LEU,Available,Intermediate,LEU
20LEY,Available,Intermediate,LEY
20LEZ,Available,Intermediate,LEZ
20LFA,Available,Intermediate,LFA
20LFB,Available,Intermediate,LFB
20LFD,Available,Intermediate,LFD
20LFE,Available,Intermediate,LFE
20LFF,Available,Intermediate,LFF
20LFG,Available,Intermediate,LFG
20LFH,Available,Intermediate,LFH
20LFI,Available,Intermediate,LFI
20LFL,Available,Intermediate,LFL
20LFN,Available,Intermediate,LFN
20LFP,Available,Intermediate,LFP
20LFQ,Available,Intermediate,LFQ
20LFS,Available,Intermediate,LFS
20LFU,Available,Intermediate,LFU
20LFV,Available,Intermediate,LFV
20LFW,Available,Intermediate,LFW
20LFX,Available,Intermediate,LFX
20LFZ,Available,Intermediate,LFZ
20LGC,Available,Intermediate,LGC
20LGE,Available,Intermediate,LGE
20LGF,Available,Intermediate,LGF
20LGI,Available,Intermediate,LGI
20LGJ,Available,Intermediate,LGJ
20LGK,Available,Intermediate,LGK
20LGN,Available,Intermediate,LGN
20LGP,Available,Intermediate,LGP
20LGQ,Available,Intermediate,LGQ
20LGS,Available,Intermediate,LGS
20LGU,Available,Intermediate,LGU
20LGW,Available,Intermediate,LGW
20LGX,Available,Intermediate,LGX
20LHA,Available,Intermediate,LHA
20LHD,Available,Intermediate,LHD
20LHE,Available,Intermediate,LHE
20LHF,Available,Intermediate,LHF
20LHG,Available,Intermediate,LHG
20LHH,Available,Intermediate,LHH
20LHI,Available,Intermediate,LHI
20LHJ,Available,Intermediate,LHJ
20LHK,Available,Intermediate,LHK
20LHL,Available,Intermediate,LHL
20LHM,Available,Intermediate,LHM
20LHN,Available,Intermediate,LHN
20LHO,Available,Intermediate,LHO
20LHQ,Available,Intermediate,LHQ
20LHS,Available,Intermediate,LHS
20LHT,Available,Intermediate,LHT
20LHU,Available,Intermediate,LHU
20LHV,Available,Intermediate,LHV
20LHW,Available,Intermediate,LHW
20LHX,Available,Intermediate,LHX
20LHY,Available,Intermediate,LHY
20LHZ,Available,Intermediate,LHZ
20LIA,Available,Intermediate,LIA
20LID,Available,Intermediate,LID
20LIE,Available,Intermediate,LIE
20LIF,Available,Intermediate,LIF
20LIG,Available,Intermediate,LIG
20LIH,Available,Intermediate,LIH
20LII,Available,Intermediate,LII
20LIJ,Available,Intermediate,LIJ
20LIL,Available,Intermediate,LIL
20LIN,Available,Intermediate,LIN
20LIP,Available,Intermediate,LIP
20LIQ,Available,Intermediate,LIQ
20LIR,Available,Intermediate,LIR
20LIU,Available,Intermediate,LIU
20LIX,Available,Intermediate,LIX
20LIY,Available,Intermediate,LIY
20LJA,Available,Intermediate,LJA
20LJD,Available,Intermediate,LJD
20LJE,Available,Intermediate,LJE
20LJF,Available,Intermediate,LJF
20LJH,Available,Intermediate,LJH
20LJI,Available,Intermediate,LJI
20LJJ,Available,Intermediate,LJJ
20LJL,Available,Intermediate,LJL
20LJN,Available,Intermediate,LJN
20LJO,Available,Intermediate,LJO
20LJP,Available,Intermediate,LJP
20LJQ,Available,Intermediate,LJQ
20LJR,Available,Intermediate,LJR
20LJT,Available,Intermediate,LJT
20LJV,Available,Intermediate,LJV
20LJX,Available,Intermediate,LJX
20LJY,Available,Intermediate,LJY
20LJZ,Available,Intermediate,LJZ
20LKA,Available,Intermediate,LKA
20LKB,Available,Intermediate,LKB
20LKD,Available,Intermediate,LKD
20LKE,Available,Intermediate,LKE
20LKF,Available,Intermediate,LKF
20LKG,Available,Intermediate,LKG
20LKJ,Available,Intermediate,LKJ
20LKK,Available,Intermediate,LKK
20LKM,Available,Intermediate,LKM
20LKN,Available,Intermediate,LKN
20LKO,Available,Intermediate,LKO
20LKR,Available,Intermediate,LKR
20LKU,Available,Intermediate,LKU
20LKW,Available,Intermediate,LKW
20LKX,Available,Intermediate,LKX
20LKZ,Available,Intermediate,LKZ
20LLB,Available,Intermediate,LLB
20LLD,Available,Intermediate,LLD
20LLG,Available,Intermediate,LLG
20LLH,Available,Intermediate,LLH
20LLI,Available,Intermediate,LLI
20LLJ,Available,Intermediate,LLJ
20LLK,Available,Intermediate,LLK
20LLN,Available,Intermediate,LLN
20LLP,Available,Intermediate,LLP
20LLQ,Available,Intermediate,LLQ
20LLU,Available,Intermediate,LLU
20LLV,Available,Intermediate,LLV
20LLZ,Available,Intermediate,LLZ
20LMB,Available,Intermediate,LMB
20LMI,Available,Intermediate,LMI
20LMJ,Available,Intermediate,LMJ
20LML,Available,Intermediate,LML
20LMN,Available,Intermediate,LMN
20LMO,Available,Intermediate,LMO
20LMQ,Available,Intermediate,LMQ
20LMT,Available,Intermediate,LMT
20LMU,Available,Intermediate,LMU
20LMV,Available,Intermediate,LMV
20LMW,Available,Intermediate,LMW
20LMX,Available,Intermediate,LMX
20LMY,Available,Intermediate,LMY
20LMZ,Available,Intermediate,LMZ
20LNA,Available,Intermediate,LNA
20LNB,Available,Intermediate,LNB
20LNC,Available,Intermediate,LNC
20LND,Available,Intermediate,LND
20LNE,Available,Intermediate,LNE
20LNH,Available,Intermediate,LNH
20LNI,Available,Intermediate,LNI
20LNJ,Available,Intermediate,LNJ
20LNK,Available,Intermediate,LNK
20LNL,Available,Intermediate,LNL
20LNM,Available,Intermediate,LNM
20LNN,Available,Intermediate,LNN
20LNO,Available,Intermediate,LNO
20LNP,Available,Intermediate,LNP
20LNQ,Available,Intermediate,LNQ
20LNR,Available,Intermediate,LNR
20LNS,Available,Intermediate,LNS
20LNT,Available,Intermediate,LNT
20LNV,Available,Intermediate,LNV
20LNW,Available,Intermediate,LNW
20LNX,Available,Intermediate,LNX
20LNY,Available,Intermediate,LNY
20LOA,Available,Intermediate,LOA
20LOB,Available,Intermediate,LOB
20LOD,Available,Intermediate,LOD
20LOE,Available,Intermediate,LOE
20LOF,Available,Intermediate,LOF
20LOH,Available,Intermediate,LOH
20LOI,Available,Intermediate,LOI
20LOJ,Available,Intermediate,LOJ
20LOK,Available,Intermediate,LOK
20LON,Available,Intermediate,LON
20LOP,Available,Intermediate,LOP
20LOQ,Available,Intermediate,LOQ
20LOV,Available,Intermediate,LOV
20LOX,Available,Intermediate,LOX
20LOY,Available,Intermediate,LOY
20LPE,Available,Intermediate,LPE
20LPF,Available,Intermediate,LPF
20LPH,Available,Intermediate,LPH
20LPL,Available,Intermediate,LPL
20LPN,Available,Intermediate,LPN
20LPP,Available,Intermediate,LPP
20LPQ,Available,Intermediate,LPQ
20LPR,Available,Intermediate,LPR
20LPS,Available,Intermediate,LPS
20LPT,Available,Intermediate,LPT
20LPU,Available,Intermediate,LPU
20LPV,Available,Intermediate,LPV
20LPX,Available,Intermediate,LPX
20LPY,Available,Intermediate,LPY
20LPZ,Available,Intermediate,LPZ
20LQA,Available,Intermediate,LQA
20LQB,Available,Intermediate,LQB
20LQC,Available,Intermediate,LQC
20LQD,Available,Intermediate,LQD
20LQE,Available,Intermediate,LQE
20LQF,Available,Intermediate,LQF
20LQG,Available,Intermediate,LQG
20LQH,Available,Intermediate,LQH
20LQI,Available,Intermediate,LQI
20LQJ,Available,Intermediate,LQJ
20LQK,Available,Intermediate,LQK
20LQL,Available,Intermediate,LQL
20LQM,Available,Intermediate,LQM
20LQN,Available,Intermediate,LQN
20LQO,Available,Intermediate,LQO
20LQP,Available,Intermediate,LQP
20LQQ,Available,Intermediate,LQQ
20LQS,Available,Intermediate,LQS
20LQT,Available,Intermediate,LQT
20LQU,Available,Intermediate,LQU
20LQV,Available,Intermediate,LQV
20LQX,Available,Intermediate,LQX
20LQY,Available,Intermediate,LQY
20LQZ,Available,Intermediate,LQZ
20LRB,Available,Intermediate,LRB
20LRE,Available,Intermediate,LRE
20LRF,Available,Intermediate,LRF
20LRH,Available,Intermediate,LRH
20LRI,Available,Intermediate,LRI
20LRL,Available,Intermediate,LRL
20LRP,Available,Intermediate,LRP
20LRQ,Available,Intermediate,LRQ
20LRR,Available,Intermediate,LRR
20LRU,Available,Intermediate,LRU
20LRV,Available,Intermediate,LRV
20LRW,Available,Intermediate,LRW
20LRX,Available,Intermediate,LRX
20LRZ,Available,Intermediate,LRZ
20LSC,Available,Intermediate,LSC
20LSF,Available,Intermediate,LSF
20LSG,Available,Intermediate,LSG
20LSH,Available,Intermediate,LSH
20LSI,Available,Intermediate,LSI
20LSJ,Available,Intermediate,LSJ
20LSK,Available,Intermediate,LSK
20LSL,Available,Intermediate,LSL
20LSM,Available,Intermediate,LSM
20LSO,Available,Intermediate,LSO
20LSP,Available,Intermediate,LSP
20LSS,Available,Intermediate,LSS
20LSU,Available,Intermediate,LSU
20LSY,Available,Intermediate,LSY
20LSZ,Available,Intermediate,LSZ
20LTA,Available,Intermediate,LTA
20LTB,Available,Intermediate,LTB
20LTF,Available,Intermediate,LTF
20LTG,Available,Intermediate,LTG
20LTI,Available,Intermediate,LTI
20LTL,Available,Intermediate,LTL
20LTM,Available,Intermediate,LTM
20LTO,Available,Intermediate,LTO
20LTP,Available,Intermediate,LTP
20LTQ,Available,Intermediate,LTQ
20LTS,Available,Intermediate,LTS
20LTU,Available,Intermediate,LTU
20LTV,Available,Intermediate,LTV
20LTW,Available,Intermediate,LTW
20LTX,Available,Intermediate,LTX
20LTY,Available,Intermediate,LTY
20LTZ,Available,Intermediate,LTZ
20LUA,Available,Intermediate,LUA
20LUB,Available,Intermediate,LUB
20LUE,Available,Intermediate,LUE
20LUF,Available,Intermediate,LUF
20LUH,Available,Intermediate,LUH
20LUI,Available,Intermediate,LUI
20LUJ,Available,Intermediate,LUJ
20LUK,Available,Intermediate,LUK
20LUM,Available,Intermediate,LUM
20LUO,Available,Intermediate,LUO
20LUP,Available,Intermediate,LUP
20LUQ,Available,Intermediate,LUQ
20LUR,Available,Intermediate,LUR
20LUS,Available,Intermediate,LUS
20LUT,Available,Intermediate,LUT
20LUU,Available,Intermediate,LUU
20LUV,Available,Intermediate,LUV
20LUW,Available,Intermediate,LUW
20LUZ,Available,Intermediate,LUZ
20LVA,Available,Intermediate,LVA
20LVB,Available,Intermediate,LVB
20LVC,Available,Intermediate,LVC
20LVD,Available,Intermediate,LVD
20LVE,Available,Intermediate,LVE
20LVF,Available,Intermediate,LVF
20LVG,Available,Intermediate,LVG
20LVH,Available,Intermediate,LVH
20LVI,Available,Intermediate,LVI
20LVJ,Available,Intermediate,LVJ
20LVK,Available,Intermediate,LVK
20LVL,Available,Intermediate,LVL
20LVM,Available,Intermediate,LVM
20LVN,Available,Intermediate,LVN
20LVP,Available,Intermediate,LVP
20LVQ,Available,Intermediate,LVQ
20LVR,Available,Intermediate,LVR
20LVS,Available,Intermediate,LVS
20LVT,Available,Intermediate,LVT
20LVU,Available,Intermediate,LVU
20LVV,Available,Intermediate,LVV
20LVW,Available,Intermediate,LVW
20LVX,Available,Intermediate,LVX
20LVY,Available,Intermediate,LVY
20LVZ,Available,Intermediate,LVZ
20LWA,Available,Intermediate,LWA
20LWD,Available,Intermediate,LWD
20LWE,Available,Intermediate,LWE
20LWF,Available,Intermediate,LWF
20LWG,Available,Intermediate,LWG
20LWH,Available,Intermediate,LWH
20LWI,Available,Intermediate,LWI
20LWJ,Available,Intermediate,LWJ
20LWK,Available,Intermediate,LWK
20LWL,Available,Intermediate,LWL
20LWM,Available,Intermediate,LWM
20LWN,Available,Intermediate,LWN
20LWO,Available,Intermediate,LWO
20LWP,Available,Intermediate,LWP
20LWQ,Available,Intermediate,LWQ
20LWS,Available,Intermediate,LWS
20LWU,Available,Intermediate,LWU
20LWV,Available,Intermediate,LWV
20LWW,Available,Intermediate,LWW
20LWX,Available,Intermediate,LWX
20LWY,Available,Intermediate,LWY
20LWZ,Available,Intermediate,LWZ
20LXB,Available,Intermediate,LXB
20LXC,Available,Intermediate,LXC
20LXE,Available,Intermediate,LXE
20LXG,Available,Intermediate,LXG
20LXI,Available,Intermediate,LXI
20LXJ,Available,Intermediate,LXJ
20LXK,Available,Intermediate,LXK
20LXL,Available,Intermediate,LXL
20LXM,Available,Intermediate,LXM
20LXN,Available,Intermediate,LXN
20LXO,Available,Intermediate,LXO
20LXP,Available,Intermediate,LXP
20LXQ,Available,Intermediate,LXQ
20LXR,Available,Intermediate,LXR
20LXT,Available,Intermediate,LXT
20LXU,Available,Intermediate,LXU
20LXV,Available,Intermediate,LXV
20LXY,Available,Intermediate,LXY
20LXZ,Available,Intermediate,LXZ
20LYA,Available,Intermediate,LYA
20LYB,Available,Intermediate,LYB
20LYC,Available,Intermediate,LYC
20LYE,Available,Intermediate,LYE
20LYF,Available,Intermediate,LYF
20LYG,Available,Intermediate,LYG
20LYH,Available,Intermediate,LYH
20LYJ,Available,Intermediate,LYJ
20LYK,Available,Intermediate,LYK
20LYM,Available,Intermediate,LYM
20LYP,Available,Intermediate,LYP
20LYQ,Available,Intermediate,LYQ
20LYS,Available,Intermediate,LYS
20LYU,Available,Intermediate,LYU
20LYV,Available,Intermediate,LYV
20LYW,Available,Intermediate,LYW
20LYX,Available,Intermediate,LYX
20LYY,Available,Intermediate,LYY
20LYZ,Available,Intermediate,LYZ
20LZA,Available,Intermediate,LZA
20LZB,Available,Intermediate,LZB
20LZC,Available,Intermediate,LZC
20LZD,Available,Intermediate,LZD
20LZE,Available,Intermediate,LZE
20LZF,Available,Intermediate,LZF
20LZG,Available,Intermediate,LZG
20LZH,Available,Intermediate,LZH
20LZI,Available,Intermediate,LZI
20LZJ,Available,Intermediate,LZJ
20LZK,Available,Intermediate,LZK
20LZL,Available,Intermediate,LZL
20LZN,Available,Intermediate,LZN
20LZO,Available,Intermediate,LZO
20LZP,Available,Intermediate,LZP
20LZQ,Available,Intermediate,LZQ
20LZR,Available,Intermediate,LZR
20LZS,Available,Intermediate,LZS
20LZU,Available,Intermediate,LZU
20LZV,Available,Intermediate,LZV
20LZW,Available,Intermediate,LZW
20LZX,Available,Intermediate,LZX
20LZY,Available,Intermediate,LZY
20MDI,Available,Intermediate,MDI
20MDU,Available,Intermediate,MDU
20MDY,Available,Intermediate,MDY
20MEF,Available,Intermediate,MEF
20MEI,Available,Intermediate,MEI
20MEJ,Available,Intermediate,MEJ
20MEK,Available,Intermediate,MEK
20MEM,Available,Intermediate,MEM
20MEO,Available,Intermediate,MEO
20MEP,Available,Intermediate,MEP
20MEQ,Available,Intermediate,MEQ
20MEU,Available,Intermediate,MEU
20MEV,Available,Intermediate,MEV
20MEY,Available,Intermediate,MEY
20MEZ,Available,Intermediate,MEZ
20MFD,Available,Intermediate,MFD
20MFE,Available,Intermediate,MFE
20MFF,Available,Intermediate,MFF
20MFG,Available,Intermediate,MFG
20MFH,Available,Intermediate,MFH
20MFI,Available,Intermediate,MFI
20MFJ,Available,Intermediate,MFJ
20MFK,Available,Intermediate,MFK
20MFM,Available,Intermediate,MFM
20MFN,Available,Intermediate,MFN
20MFO,Available,Intermediate,MFO
20MFP,Available,Intermediate,MFP
20MFQ,Available,Intermediate,MFQ
20MFR,Available,Intermediate,MFR
20MFS,Available,Intermediate,MFS
20MFU,Available,Intermediate,MFU
20MFV,Available,Intermediate,MFV
20MFX,Available,Intermediate,MFX
20MFY,Available,Intermediate,MFY
20MFZ,Available,Intermediate,MFZ
20MGA,Available,Intermediate,MGA
20MGG,Available,Intermediate,MGG
20MGI,Available,Intermediate,MGI
20MGJ,Available,Intermediate,MGJ
20MGK,Available,Intermediate,MGK
20MGN,Available,Intermediate,MGN
20MGO,Available,Intermediate,MGO
20MGP,Available,Intermediate,MGP
20MGQ,Available,Intermediate,MGQ
20MGT,Available,Intermediate,MGT
20MGU,Available,Intermediate,MGU
20MGV,Available,Intermediate,MGV
20MHA,Available,Intermediate,MHA
20MHC,Available,Intermediate,MHC
20MHD,Available,Intermediate,MHD
20MHF,Available,Intermediate,MHF
20MHG,Available,Intermediate,MHG
20MHH,Available,Intermediate,MHH
20MHJ,Available,Intermediate,MHJ
20MHK,Available,Intermediate,MHK
20MHL,Available,Intermediate,MHL
20MHM,Available,Intermediate,MHM
20MHO,Available,Intermediate,MHO
20MHP,Available,Intermediate,MHP
20MHQ,Available,Intermediate,MHQ
20MHR,Available,Intermediate,MHR
20MHT,Available,Intermediate,MHT
20MHV,Available,Intermediate,MHV
20MHW,Available,Intermediate,MHW
20MHX,Available,Intermediate,MHX
20MHY,Available,Intermediate,MHY
20MIE,Available,Intermediate,MIE
20MIH,Available,Intermediate,MIH
20MII,Available,Intermediate,MII
20MIP,Available,Intermediate,MIP
20MIQ,Available,Intermediate,MIQ
20MIS,Available,Intermediate,MIS
20MIU,Available,Intermediate,MIU
20MIY,Available,Intermediate,MIY
20MJI,Available,Intermediate,MJI
20MJQ,Available,Intermediate,MJQ
20MJV,Available,Intermediate,MJV
20MKH,Available,Intermediate,MKH
20MKN,Available,Intermediate,MKN
20MKO,Available,Intermediate,MKO
20MKP,Available,Intermediate,MKP
20MKQ,Available,Intermediate,MKQ
20MKU,Available,Intermediate,MKU
20MKZ,Available,Intermediate,MKZ
20MLC,Available,Intermediate,MLC
20MLD,Available,Intermediate,MLD
20MLE,Available,Intermediate,MLE
20MLG,Available,Intermediate,MLG
20MLH,Available,Intermediate,MLH
20MLI,Available,Intermediate,MLI
20MLK,Available,Intermediate,MLK
20MLM,Available,Intermediate,MLM
20MLN,Available,Intermediate,MLN
20MLQ,Available,Intermediate,MLQ
20MLU,Available,Intermediate,MLU
20MMA,Available,Intermediate,MMA
20MME,Available,Intermediate,MME
20MMH,Available,Intermediate,MMH
20MMJ,Available,Intermediate,MMJ
20MML,Available,Intermediate,MML
20MMN,Available,Intermediate,MMN
20MMQ,Available,Intermediate,MMQ
20MMR,Available,Intermediate,MMR
20MMU,Available,Intermediate,MMU
20MMV,Available,Intermediate,MMV
20MMW,Available,Intermediate,MMW
20MMX,Available,Intermediate,MMX
20MMY,Available,Intermediate,MMY
20MNA,Available,Intermediate,MNA
20MNB,Available,Intermediate,MNB
20MNF,Available,Intermediate,MNF
20MNG,Available,Intermediate,MNG
20MNH,Available,Intermediate,MNH
20MNJ,Available,Intermediate,MNJ
20MNL,Available,Intermediate,MNL
20MNN,Available,Intermediate,MNN
20MNQ,Available,Intermediate,MNQ
20MNT,Available,Intermediate,MNT
20MNV,Available,Intermediate,MNV
20MNW,Available,Intermediate,MNW
20MNX,Available,Intermediate,MNX
20MNY,Available,Intermediate,MNY
20MNZ,Available,Intermediate,MNZ
20MOB,Available,Intermediate,MOB
20MOJ,Available,Intermediate,MOJ
20MOK,Available,Intermediate,MOK
20MOQ,Available,Intermediate,MOQ
20MOR,Available,Intermediate,MOR
20MOU,Available,Intermediate,MOU
20MOV,Available,Intermediate,MOV
20MOW,Available,Intermediate,MOW
20MOX,Available,Intermediate,MOX
20MPD,Available,Intermediate,MPD
20MPF,Available,Intermediate,MPF
20MPI,Available,Intermediate,MPI
20MPJ,Available,Intermediate,MPJ
20MPM,Available,Intermediate,MPM
20MPP,Available,Intermediate,MPP
20MPQ,Available,Intermediate,MPQ
20MPU,Available,Intermediate,MPU
20MPV,Available,Intermediate,MPV
20MPW,Available,Intermediate,MPW
20MPY,Available,Intermediate,MPY
20MPZ,Available,Intermediate,MPZ
20MQA,Available,Intermediate,MQA
20MQB,Available,Intermediate,MQB
20MQC,Available,Intermediate,MQC
20MQD,Available,Intermediate,MQD
20MQE,Available,Intermediate,MQE
20MQF,Available,Intermediate,MQF
20MQG,Available,Intermediate,MQG
20MQH,Available,Intermediate,MQH
20MQI,Available,Intermediate,MQI
20MQJ,Available,Intermediate,MQJ
20MQL,Available,Intermediate,MQL
20MQM,Available,Intermediate,MQM
20MQN,Available,Intermediate,MQN
20MQO,Available,Intermediate,MQO
20MQP,Available,Intermediate,MQP
20MQQ,Available,Intermediate,MQQ
20MQR,Available,Intermediate,MQR
20MQS,Available,Intermediate,MQS
20MQU,Available,Intermediate,MQU
20MQV,Available,Intermediate,MQV
20MQW,Available,Intermediate,MQW
20MQX,Available,Intermediate,MQX
20MQY,Available,Intermediate,MQY
20MQZ,Available,Intermediate,MQZ
20MRA,Available,Intermediate,MRA
20MRF,Available,Intermediate,MRF
20MRH,Available,Intermediate,MRH
20MRI,Available,Intermediate,MRI
20MRO,Available,Intermediate,MRO
20MRQ,Available,Intermediate,MRQ
20MRR,Available,Intermediate,MRR
20MRS,Available,Intermediate,MRS
20MRU,Available,Intermediate,MRU
20MRV,Available,Intermediate,MRV
20MRW,Available,Intermediate,MRW
20MRZ,Available,Intermediate,MRZ
20MSK,Available,Intermediate,MSK
20MSN,Available,Intermediate,MSN
20MSP,Available,Intermediate,MSP
20MSQ,Available,Intermediate,MSQ
20MST,Available,Intermediate,MST
20MSU,Available,Intermediate,MSU
20MSV,Available,Intermediate,MSV
20MSY,Available,Intermediate,MSY
20MSZ,Available,Intermediate,MSZ
20MTA,Available,Intermediate,MTA
20MTE,Available,Intermediate,MTE
20MTF,Available,Intermediate,MTF
20MTG,Available,Intermediate,MTG
20MTH,Available,Intermediate,MTH
20MTK,Available,Intermediate,MTK
20MTL,Available,Intermediate,MTL
20MTM,Available,Intermediate,MTM
20MTP,Available,Intermediate,MTP
20MTQ,Available,Intermediate,MTQ
20MTT,Available,Intermediate,MTT
20MTU,Available,Intermediate,MTU
20MUB,Available,Intermediate,MUB
20MUC,Available,Intermediate,MUC
20MUE,Available,Intermediate,MUE
20MUH,Available,Intermediate,MUH
20MUI,Available,Intermediate,MUI
20MUJ,Available,Intermediate,MUJ
20MUK,Available,Intermediate,MUK
20MUO,Available,Intermediate,MUO
20MUP,Available,Intermediate,MUP
20MUQ,Available,Intermediate,MUQ
20MUT,Available,Intermediate,MUT
20MUU,Available,Intermediate,MUU
20MUV,Available,Intermediate,MUV
20MUX,Available,Intermediate,MUX
20MUY,Available,Intermediate,MUY
20MVA,Available,Intermediate,MVA
20MVC,Available,Intermediate,MVC
20MVE,Available,Intermediate,MVE
20MVG,Available,Intermediate,MVG
20MVI,Available,Intermediate,MVI
20MVJ,Available,Intermediate,MVJ
20MVM,Available,Intermediate,MVM
20MVN,Available,Intermediate,MVN
20MVO,Available,Intermediate,MVO
20MVQ,Available,Intermediate,MVQ
20MVR,Available,Intermediate,MVR
20MVT,Available,Intermediate,MVT
20MVU,Available,Intermediate,MVU
20MVV,Available,Intermediate,MVV
20MVW,Available,Intermediate,MVW
20MVX,Available,Intermediate,MVX
20MVY,Available,Intermediate,MVY
20MVZ,Available,Intermediate,MVZ
20MWD,Available,Intermediate,MWD
20MWE,Available,Intermediate,MWE
20MWF,Available,Intermediate,MWF
20MWK,Available,Intermediate,MWK
20MWM,Available,Intermediate,MWM
20MWN,Available,Intermediate,MWN
20MWO,Available,Intermediate,MWO
20MWQ,Available,Intermediate,MWQ
20MWT,Available,Intermediate,MWT
20MWU,Available,Intermediate,MWU
20MWV,Available,Intermediate,MWV
20MWX,Available,Intermediate,MWX
20MWY,Available,Intermediate,MWY
20MXA,Available,Intermediate,MXA
20MXD,Available,Intermediate,MXD
20MXE,Available,Intermediate,MXE
20MXF,Available,Intermediate,MXF
20MXG,Available,Intermediate,MXG
20MXH,Available,Intermediate,MXH
20MXJ,Available,Intermediate,MXJ
20MXK,Available,Intermediate,MXK
20MXL,Available,Intermediate,MXL
20MXN,Available,Intermediate,MXN
20MXO,Available,Intermediate,MXO
20MXQ,Available,Intermediate,MXQ
20MXR,Available,Intermediate,MXR
20MXS,Available,Intermediate,MXS
20MXU,Available,Intermediate,MXU
20MXY,Available,Intermediate,MXY
20MYA,Available,Intermediate,MYA
20MYD,Available,Intermediate,MYD
20MYF,Available,Intermediate,MYF
20MYG,Available,Intermediate,MYG
20MYI,Available,Intermediate,MYI
20MYJ,Available,Intermediate,MYJ
20MYL,Available,Intermediate,MYL
20MYM,Available,Intermediate,MYM
20MYQ,Available,Intermediate,MYQ
20MYS,Available,Intermediate,MYS
20MYT,Available,Intermediate,MYT
20MYU,Available,Intermediate,MYU
20MYV,Available,Intermediate,MYV
20MYW,Available,Intermediate,MYW
20MYX,Available,Intermediate,MYX
20MYY,Available,Intermediate,MYY
20MYZ,Available,Intermediate,MYZ
20MZA,Available,Intermediate,MZA
20MZC,Available,Intermediate,MZC
20MZD,Available,Intermediate,MZD
20MZE,Available,Intermediate,MZE
20MZF,Available,Intermediate,MZF
20MZG,Available,Intermediate,MZG
20MZJ,Available,Intermediate,MZJ
20MZK,Available,Intermediate,MZK
20MZN,Available,Intermediate,MZN
20MZP,Available,Intermediate,MZP
20MZQ,Available,Intermediate,MZQ
20MZR,Available,Intermediate,MZR
20MZS,Available,Intermediate,MZS
20MZT,Available,Intermediate,MZT
20MZU,Available,Intermediate,MZU
20MZV,Available,Intermediate,MZV
20MZW,Available,Intermediate,MZW
20MZY,Available,Intermediate,MZY
20NAI,Available,Intermediate,NAI
20NAL,Available,Intermediate,NAL
20NAP,Available,Intermediate,NAP
20NAQ,Available,Intermediate,NAQ
20NAS,Available,Intermediate,NAS
20NAU,Available,Intermediate,NAU
20NAW,Available,Intermediate,NAW
20NAX,Available,Intermediate,NAX
20NBA,Available,Intermediate,NBA
20NBB,Available,Intermediate,NBB
20NBE,Available,Intermediate,NBE
20NBF,Available,Intermediate,NBF
20NBG,Available,Intermediate,NBG
20NBI,Available,Intermediate,NBI
20NBJ,Available,Intermediate,NBJ
20NBK,Available,Intermediate,NBK
20NBL,Available,Intermediate,NBL
20NBN,Available,Intermediate,NBN
20NBO,Available,Intermediate,NBO
20NBP,Available,Intermediate,NBP
20NBQ,Available,Intermediate,NBQ
20NBS,Available,Intermediate,NBS
20NBT,Available,Intermediate,NBT
20NBU,Available,Intermediate,NBU
20NBV,Available,Intermediate,NBV
20NBW,Available,Intermediate,NBW
20NBX,Available,Intermediate,NBX
20NBY,Available,Intermediate,NBY
20NCD,Available,Intermediate,NCD
20NCE,Available,Intermediate,NCE
20NCI,Available,Intermediate,NCI
20NCJ,Available,Intermediate,NCJ
20NCL,Available,Intermediate,NCL
20NCN,Available,Intermediate,NCN
20NCO,Available,Intermediate,NCO
20NCQ,Available,Intermediate,NCQ
20NCR,Available,Intermediate,NCR
20NCT,Available,Intermediate,NCT
20NCU,Available,Intermediate,NCU
20NCV,Available,Intermediate,NCV
20NCX,Available,Intermediate,NCX
20NDA,Available,Intermediate,NDA
20NDC,Available,Intermediate,NDC
20NDD,Available,Intermediate,NDD
20NDF,Available,Intermediate,NDF
20NDG,Available,Intermediate,NDG
20NDK,Available,Intermediate,NDK
20NDL,Available,Intermediate,NDL
20NDN,Available,Intermediate,NDN
20NDO,Available,Intermediate,NDO
20NDQ,Available,Intermediate,NDQ
20NDS,Available,Intermediate,NDS
20NDU,Available,Intermediate,NDU
20NDV,Available,Intermediate,NDV
20NDW,Available,Intermediate,NDW
20NDZ,Available,Intermediate,NDZ
20NEA,Available,Intermediate,NEA
20NEB,Available,Intermediate,NEB
20NEC,Available,Intermediate,NEC
20NED,Available,Intermediate,NED
20NEE,Available,Intermediate,NEE
20NEF,Available,Intermediate,NEF
20NEG,Available,Intermediate,NEG
20NEH,Available,Intermediate,NEH
20NEJ,Available,Intermediate,NEJ
20NEK,Available,Intermediate,NEK
20NEM,Available,Intermediate,NEM
20NEN,Available,Intermediate,NEN
20NEP,Available,Intermediate,NEP
20NEQ,Available,Intermediate,NEQ
20NES,Available,Intermediate,NES
20NEU,Available,Intermediate,NEU
20NEX,Available,Intermediate,NEX
20NEZ,Available,Intermediate,NEZ
20NFA,Available,Intermediate,NFA
20NFD,Available,Intermediate,NFD
20NFE,Available,Intermediate,NFE
20NFF,Available,Intermediate,NFF
20NFG,Available,Intermediate,NFG
20NFH,Available,Intermediate,NFH
20NFI,Available,Intermediate,NFI
20NFJ,Available,Intermediate,NFJ
20NFK,Available,Intermediate,NFK
20NFL,Available,Intermediate,NFL
20NFM,Available,Intermediate,NFM
20NFN,Available,Intermediate,NFN
20NFO,Available,Intermediate,NFO
20NFP,Available,Intermediate,NFP
20NFQ,Available,Intermediate,NFQ
20NFT,Available,Intermediate,NFT
20NFU,Available,Intermediate,NFU
20NFV,Available,Intermediate,NFV
20NFW,Available,Intermediate,NFW
20NFX,Available,Intermediate,NFX
20NFZ,Available,Intermediate,NFZ
20NGA,Available,Intermediate,NGA
20NGD,Available,Intermediate,NGD
20NGE,Available,Intermediate,NGE
20NGF,Available,Intermediate,NGF
20NGH,Available,Intermediate,NGH
20NGI,Available,Intermediate,NGI
20NGJ,Available,Intermediate,NGJ
20NGL,Available,Intermediate,NGL
20NGM,Available,Intermediate,NGM
20NGN,Available,Intermediate,NGN
20NGP,Available,Intermediate,NGP
20NGS,Available,Intermediate,NGS
20NGU,Available,Intermediate,NGU
20NGV,Available,Intermediate,NGV
20NGW,Available,Intermediate,NGW
20NGX,Available,Intermediate,NGX
20NGZ,Available,Intermediate,NGZ
20NHA,Available,Intermediate,NHA
20NHB,Available,Intermediate,NHB
20NHC,Available,Intermediate,NHC
20NHD,Available,Intermediate,NHD
20NHE,Available,Intermediate,NHE
20NHF,Available,Intermediate,NHF
20NHH,Available,Intermediate,NHH
20NHI,Available,Intermediate,NHI
20NHJ,Available,Intermediate,NHJ
20NHK,Available,Intermediate,NHK
20NHL,Available,Intermediate,NHL
20NHN,Available,Intermediate,NHN
20NHO,Available,Intermediate,NHO
20NHP,Available,Intermediate,NHP
20NHQ,Available,Intermediate,NHQ
20NHU,Available,Intermediate,NHU
20NHV,Available,Intermediate,NHV
20NHW,Available,Intermediate,NHW
20NHY,Available,Intermediate,NHY
20NHZ,Available,Intermediate,NHZ
20NIA,Available,Intermediate,NIA
20NID,Available,Intermediate,NID
20NIF,Available,Intermediate,NIF
20NII,Available,Intermediate,NII
20NIL,Available,Intermediate,NIL
20NIO,Available,Intermediate,NIO
20NIQ,Available,Intermediate,NIQ
20NIS,Available,Intermediate,NIS
20NIT,Available,Intermediate,NIT
20NIU,Available,Intermediate,NIU
20NIV,Available,Intermediate,NIV
20NIW,Available,Intermediate,NIW
20NIY,Available,Intermediate,NIY
20NIZ,Available,Intermediate,NIZ
20NJD,Available,Intermediate,NJD
20NJE,Available,Intermediate,NJE
20NJF,Available,Intermediate,NJF
20NJG,Available,Intermediate,NJG
20NJH,Available,Intermediate,NJH
20NJI,Available,Intermediate,NJI
20NJL,Available,Intermediate,NJL
20NJM,Available,Intermediate,NJM
20NJN,Available,Intermediate,NJN
20NJQ,Available,Intermediate,NJQ
20NJR,Available,Intermediate,NJR
20NJT,Available,Intermediate,NJT
20NJU,Available,Intermediate,NJU
20NJV,Available,Intermediate,NJV
20NJX,Available,Intermediate,NJX
20NJY,Available,Intermediate,NJY
20NJZ,Available,Intermediate,NJZ
20NKB,Available,Intermediate,NKB
20NKE,Available,Intermediate,NKE
20NKG,Available,Intermediate,NKG
20NKH,Available,Intermediate,NKH
20NKJ,Available,Intermediate,NKJ
20NKK,Available,Intermediate,NKK
20NKL,Available,Intermediate,NKL
20NKN,Available,Intermediate,NKN
20NKO,Available,Intermediate,NKO
20NKP,Available,Intermediate,NKP
20NKR,Available,Intermediate,NKR
20NKS,Available,Intermediate,NKS
20NKU,Available,Intermediate,NKU
20NKW,Available,Intermediate,NKW
20NKX,Available,Intermediate,NKX
20NKZ,Available,Intermediate,NKZ
20NLE,Available,Intermediate,NLE
20NLH,Available,Intermediate,NLH
20NLI,Available,Intermediate,NLI
20NLJ,Available,Intermediate,NLJ
20NLL,Available,Intermediate,NLL
20NLN,Available,Intermediate,NLN
20NLQ,Available,Intermediate,NLQ
20NLR,Available,Intermediate,NLR
20NLS,Available,Intermediate,NLS
20NLT,Available,Intermediate,NLT
20NLU,Available,Intermediate,NLU
20NLV,Available,Intermediate,NLV
20NLX,Available,Intermediate,NLX
20NLZ,Available,Intermediate,NLZ
20NMA,Available,Intermediate,NMA
20NMB,Available,Intermediate,NMB
20NMC,Available,Intermediate,NMC
20NME,Available,Intermediate,NME
20NMF,Available,Intermediate,NMF
20NMG,Available,Intermediate,NMG
20NMI,Available,Intermediate,NMI
20NMJ,Available,Intermediate,NMJ
20NMK,Available,Intermediate,NMK
20NML,Available,Intermediate,NML
20NMM,Available,Intermediate,NMM
20NMN,Available,Intermediate,NMN
20NMO,Available,Intermediate,NMO
20NMQ,Available,Intermediate,NMQ
20NMR,Available,Intermediate,NMR
20NMS,Available,Intermediate,NMS
20NMT,Available,Intermediate,NMT
20NMU,Available,Intermediate,NMU
20NMV,Available,Intermediate,NMV
20NMW,Available,Intermediate,NMW
20NMX,Available,Intermediate,NMX
20NMY,Available,Intermediate,NMY
20NMZ,Available,Intermediate,NMZ
20NNB,Available,Intermediate,NNB
20NNC,Available,Intermediate,NNC
20NND,Available,Intermediate,NND
20NNE,Available,Intermediate,NNE
20NNF,Available,Intermediate,NNF
20NNG,Available,Intermediate,NNG
20NNI,Available,Intermediate,NNI
20NNJ,Available,Intermediate,NNJ
20NNK,Available,Intermediate,NNK
20NNL,Available,Intermediate,NNL
20NNM,Available,Intermediate,NNM
20NNO,Available,Intermediate,NNO
20NNP,Available,Intermediate,NNP
20NNR,Available,Intermediate,NNR
20NNS,Available,Intermediate,NNS
20NNU,Available,Intermediate,NNU
20NNV,Available,Intermediate,NNV
20NNW,Available,Intermediate,NNW
20NNX,Available,Intermediate,NNX
20NNY,Available,Intermediate,NNY
20NNZ,Available,Intermediate,NNZ
20NOE,Available,Intermediate,NOE
20NOF,Available,Intermediate,NOF
20NOG,Available,Intermediate,NOG
20NOH,Available,Intermediate,NOH
20NOI,Available,Intermediate,NOI
20NOM,Available,Intermediate,NOM
20NON,Available,Intermediate,NON
20NOO,Available,Intermediate,NOO
20NOQ,Available,Intermediate,NOQ
20NOU,Available,Intermediate,NOU
20NOV,Available,Intermediate,NOV
20NOY,Available,Intermediate,NOY
20NPA,Available,Intermediate,NPA
20NPC,Available,Intermediate,NPC
20NPE,Available,Intermediate,NPE
20NPF,Available,Intermediate,NPF
20NPG,Available,Intermediate,NPG
20NPH,Available,Intermediate,NPH
20NPI,Available,Intermediate,NPI
20NPJ,Available,Intermediate,NPJ
20NPL,Available,Intermediate,NPL
20NPM,Available,Intermediate,NPM
20NPO,Available,Intermediate,NPO
20NPQ,Available,Intermediate,NPQ
20NPR,Available,Intermediate,NPR
20NPU,Available,Intermediate,NPU
20NPV,Available,Intermediate,NPV
20NPW,Available,Intermediate,NPW
20NPX,Available,Intermediate,NPX
20NPY,Available,Intermediate,NPY
20NPZ,Available,Intermediate,NPZ
20NQA,Available,Intermediate,NQA
20NQC,Available,Intermediate,NQC
20NQD,Available,Intermediate,NQD
20NQF,Available,Intermediate,NQF
20NQG,Available,Intermediate,NQG
20NQH,Available,Intermediate,NQH
20NQI,Available,Intermediate,NQI
20NQJ,Available,Intermediate,NQJ
20NQK,Available,Intermediate,NQK
20NQL,Available,Intermediate,NQL
20NQM,Available,Intermediate,NQM
20NQN,Available,Intermediate,NQN
20NQO,Available,Intermediate,NQO
20NQP,Available,Intermediate,NQP
20NQQ,Available,Intermediate,NQQ
20NQR,Available,Intermediate,NQR
20NQS,Available,Intermediate,NQS
20NQT,Available,Intermediate,NQT
20NQV,Available,Intermediate,NQV
20NQW,Available,Intermediate,NQW
20NQX,Available,Intermediate,NQX
20NQY,Available,Intermediate,NQY
20NQZ,Available,Intermediate,NQZ
20NRB,Available,Intermediate,NRB
20NRD,Available,Intermediate,NRD
20NRE,Available,Intermediate,NRE
20NRF,Available,Intermediate,NRF
20NRI,Available,Intermediate,NRI
20NRK,Available,Intermediate,NRK
20NRL,Available,Intermediate,NRL
20NRN,Available,Intermediate,NRN
20NRP,Available,Intermediate,NRP
20NRQ,Available,Intermediate,NRQ
20NRR,Available,Intermediate,NRR
20NRS,Available,Intermediate,NRS
20NRT,Available,Intermediate,NRT
20NRU,Available,Intermediate,NRU
20NRV,Available,Intermediate,NRV
20NRW,Available,Intermediate,NRW
20NRX,Available,Intermediate,NRX
20NRY,Available,Intermediate,NRY
20NRZ,Available,Intermediate,NRZ
20NSA,Available,Intermediate,NSA
20NSB,Available,Intermediate,NSB
20NSE,Available,Intermediate,NSE
20NSF,Available,Intermediate,NSF
20NSH,Available,Intermediate,NSH
20NSI,Available,Intermediate,NSI
20NSJ,Available,Intermediate,NSJ
20NSK,Available,Intermediate,NSK
20NSL,Available,Intermediate,NSL
20NSN,Available,Intermediate,NSN
20NSO,Available,Intermediate,NSO
20NSV,Available,Intermediate,NSV
20NSX,Available,Intermediate,NSX
20NSY,Available,Intermediate,NSY
20NSZ,Available,Intermediate,NSZ
20NTA,Available,Intermediate,NTA
20NTB,Available,Intermediate,NTB
20NTD,Available,Intermediate,NTD
20NTE,Available,Intermediate,NTE
20NTF,Available,Intermediate,NTF
20NTG,Available,Intermediate,NTG
20NTH,Available,Intermediate,NTH
20NTI,Available,Intermediate,NTI
20NTK,Available,Intermediate,NTK
20NTL,Available,Intermediate,NTL
20NTM,Available,Intermediate,NTM
20NTN,Available,Intermediate,NTN
20NTO,Available,Intermediate,NTO
20NTP,Available,Intermediate,NTP
20NTQ,Available,Intermediate,NTQ
20NTR,Available,Intermediate,NTR
20NTS,Available,Intermediate,NTS
20NTU,Available,Intermediate,NTU
20NTV,Available,Intermediate,NTV
20NTX,Available,Intermediate,NTX
20NTZ,Available,Intermediate,NTZ
20NUA,Available,Intermediate,NUA
20NUB,Available,Intermediate,NUB
20NUD,Available,Intermediate,NUD
20NUF,Available,Intermediate,NUF
20NUH,Available,Intermediate,NUH
20NUI,Available,Intermediate,NUI
20NUJ,Available,Intermediate,NUJ
20NUK,Available,Intermediate,NUK
20NUL,Available,Intermediate,NUL
20NUM,Available,Intermediate,NUM
20NUN,Available,Intermediate,NUN
20NUO,Available,Intermediate,NUO
20NUP,Available,Intermediate,NUP
20NUR,Available,Intermediate,NUR
20NUS,Available,Intermediate,NUS
20NUU,Available,Intermediate,NUU
20NUV,Available,Intermediate,NUV
20NUW,Available,Intermediate,NUW
20NUX,Available,Intermediate,NUX
20NUY,Available,Intermediate,NUY
20NUZ,Available,Intermediate,NUZ
20NVA,Available,Intermediate,NVA
20NVC,Available,Intermediate,NVC
20NVD,Available,Intermediate,NVD
20NVE,Available,Intermediate,NVE
20NVF,Available,Intermediate,NVF
20NVG,Available,Intermediate,NVG
20NVH,Available,Intermediate,NVH
20NVI,Available,Intermediate,NVI
20NVL,Available,Intermediate,NVL
20NVM,Available,Intermediate,NVM
20NVN,Available,Intermediate,NVN
20NVO,Available,Intermediate,NVO
20NVQ,Available,Intermediate,NVQ
20NVS,Available,Intermediate,NVS
20NVT,Available,Intermediate,NVT
20NVU,Available,Intermediate,NVU
20NVV,Available,Intermediate,NVV
20NVW,Available,Intermediate,NVW
20NVX,Available,Intermediate,NVX
20NVY,Available,Intermediate,NVY
20NVZ,Available,Intermediate,NVZ
20NWA,Available,Intermediate,NWA
20NWB,Available,Intermediate,NWB
20NWC,Available,Intermediate,NWC
20NWD,Available,Intermediate,NWD
20NWE,Available,Intermediate,NWE
20NWF,Available,Intermediate,NWF
20NWH,Available,Intermediate,NWH
20NWI,Available,Intermediate,NWI
20NWJ,Available,Intermediate,NWJ
20NWK,Available,Intermediate,NWK
20NWL,Available,Intermediate,NWL
20NWN,Available,Intermediate,NWN
20NWQ,Available,Intermediate,NWQ
20NWS,Available,Intermediate,NWS
20NWU,Available,Intermediate,NWU
20NWV,Available,Intermediate,NWV
20NWX,Available,Intermediate,NWX
20NWZ,Available,Intermediate,NWZ
20NXA,Available,Intermediate,NXA
20NXB,Available,Intermediate,NXB
20NXC,Available,Intermediate,NXC
20NXD,Available,Intermediate,NXD
20NXE,Available,Intermediate,NXE
20NXF,Available,Intermediate,NXF
20NXG,Available,Intermediate,NXG
20NXH,Available,Intermediate,NXH
20NXI,Available,Intermediate,NXI
20NXJ,Available,Intermediate,NXJ
20NXK,Available,Intermediate,NXK
20NXL,Available,Intermediate,NXL
20NXM,Available,Intermediate,NXM
20NXN,Available,Intermediate,NXN
20NXO,Available,Intermediate,NXO
20NXP,Available,Intermediate,NXP
20NXQ,Available,Intermediate,NXQ
20NXT,Available,Intermediate,NXT
20NXU,Available,Intermediate,NXU
20NXV,Available,Intermediate,NXV
20NXW,Available,Intermediate,NXW
20NXX,Available,Intermediate,NXX
20NXY,Available,Intermediate,NXY
20NXZ,Available,Intermediate,NXZ
20NYA,Available,Intermediate,NYA
20NYB,Available,Intermediate,NYB
20NYD,Available,Intermediate,NYD
20NYF,Available,Intermediate,NYF
20NYG,Available,Intermediate,NYG
20NYH,Available,Intermediate,NYH
20NYI,Available,Intermediate,NYI
20NYJ,Available,Intermediate,NYJ
20NYK,Available,Intermediate,NYK
20NYL,Available,Intermediate,NYL
20NYN,Available,Intermediate,NYN
20NYO,Available,Intermediate,NYO
20NYP,Available,Intermediate,NYP
20NYQ,Available,Intermediate,NYQ
20NYR,Available,Intermediate,NYR
20NYS,Available,Intermediate,NYS
20NYT,Available,Intermediate,NYT
20NYU,Available,Intermediate,NYU
20NYV,Available,Intermediate,NYV
20NYW,Available,Intermediate,NYW
20NYY,Available,Intermediate,NYY
20NYZ,Available,Intermediate,NYZ
20NZA,Available,Intermediate,NZA
20NZB,Available,Intermediate,NZB
20NZC,Available,Intermediate,NZC
20NZE,Available,Intermediate,NZE
20NZF,Available,Intermediate,NZF
20NZG,Available,Intermediate,NZG
20NZH,Available,Intermediate,NZH
20NZI,Available,Intermediate,NZI
20NZJ,Available,Intermediate,NZJ
20NZK,Available,Intermediate,NZK
20NZM,Available,Intermediate,NZM
20NZN,Available,Intermediate,NZN
20NZO,Available,Intermediate,NZO
20NZP,Available,Intermediate,NZP
20NZQ,Available,Intermediate,NZQ
20NZR,Available,Intermediate,NZR
20NZS,Available,Intermediate,NZS
20NZT,Available,Intermediate,NZT
20NZU,Available,Intermediate,NZU
20NZV,Available,Intermediate,NZV
20NZW,Available,Intermediate,NZW
20NZX,Available,Intermediate,NZX
20NZY,Available,Intermediate,NZY
20NZZ,Available,Intermediate,NZZ
20OAI,Available,Intermediate,OAI
20OAJ,Available,Intermediate,OAJ
20OAL,Available,Intermediate,OAL
20OAM,Available,Intermediate,OAM
20OAO,Available,Intermediate,OAO
20OAQ,Available,Intermediate,OAQ
20OAR,Available,Intermediate,OAR
20OAS,Available,Intermediate,OAS
20OAU,Available,Intermediate,OAU
20OAV,Available,Intermediate,OAV
20OAW,Available,Intermediate,OAW
20OAX,Available,Intermediate,OAX
20OAY,Available,Intermediate,OAY
20OBA,Available,Intermediate,OBA
20OBC,Available,Intermediate,OBC
20OBD,Available,Intermediate,OBD
20OBF,Available,Intermediate,OBF
20OBG,Available,Intermediate,OBG
20OBH,Available,Intermediate,OBH
20OBI,Available,Intermediate,OBI
20OBK,Available,Intermediate,OBK
20OBL,Available,Intermediate,OBL
20OBM,Available,Intermediate,OBM
20OBN,Available,Intermediate,OBN
20OBO,Available,Intermediate,OBO
20OBP,Available,Intermediate,OBP
20OBQ,Available,Intermediate,OBQ
20OBR,Available,Intermediate,OBR
20OBT,Available,Intermediate,OBT
20OBU,Available,Intermediate,OBU
20OBV,Available,Intermediate,OBV
20OBW,Available,Intermediate,OBW
20OBX,Available,Intermediate,OBX
20OBY,Available,Intermediate,OBY
20OCA,Available,Intermediate,OCA
20OCF,Available,Intermediate,OCF
20OCI,Available,Intermediate,OCI
20OCJ,Available,Intermediate,OCJ
20OCL,Available,Intermediate,OCL
20OCM,Available,Intermediate,OCM
20OCN,Available,Intermediate,OCN
20OCO,Available,Intermediate,OCO
20OCP,Available,Intermediate,OCP
20OCQ,Available,Intermediate,OCQ
20OCR,Available,Intermediate,OCR
20OCS,Available,Intermediate,OCS
20OCT,Available,Intermediate,OCT
20OCU,Available,Intermediate,OCU
20OCV,Available,Intermediate,OCV
20OCW,Available,Intermediate,OCW
20OCX,Available,Intermediate,OCX
20OCY,Available,Intermediate,OCY
20OCZ,Available,Intermediate,OCZ
20ODA,Available,Intermediate,ODA
20ODB,Available,Intermediate,ODB
20ODC,Available,Intermediate,ODC
20ODD,Available,Intermediate,ODD
20ODE,Available,Intermediate,ODE
20ODG,Available,Intermediate,ODG
20ODH,Available,Intermediate,ODH
20ODJ,Available,Intermediate,ODJ
20ODK,Available,Intermediate,ODK
20ODM,Available,Intermediate,ODM
20ODN,Available,Intermediate,ODN
20ODP,Available,Intermediate,ODP
20ODQ,Available,Intermediate,ODQ
20ODR,Available,Intermediate,ODR
20ODS,Available,Intermediate,ODS
20ODT,Available,Intermediate,ODT
20ODU,Available,Intermediate,ODU
20ODV,Available,Intermediate,ODV
20ODW,Available,Intermediate,ODW
20ODZ,Available,Intermediate,ODZ
20OEA,Available,Intermediate,OEA
20OEB,Available,Intermediate,OEB
20OEC,Available,Intermediate,OEC
20OED,Available,Intermediate,OED
20OEE,Available,Intermediate,OEE
20OEF,Available,Intermediate,OEF
20OEG,Available,Intermediate,OEG
20OEH,Available,Intermediate,OEH
20OEI,Available,Intermediate,OEI
20OEJ,Available,Intermediate,OEJ
20OEK,Available,Intermediate,OEK
20OEL,Available,Intermediate,OEL
20OEM,Available,Intermediate,OEM
20OEN,Available,Intermediate,OEN
20OEO,Available,Intermediate,OEO
20OEP,Available,Intermediate,OEP
20OEQ,Available,Intermediate,OEQ
20OER,Available,Intermediate,OER
20OES,Available,Intermediate,OES
20OET,Available,Intermediate,OET
20OEU,Available,Intermediate,OEU
20OEW,Available,Intermediate,OEW
20OEX,Available,Intermediate,OEX
20OEY,Available,Intermediate,OEY
20OFA,Available,Intermediate,OFA
20OFB,Available,Intermediate,OFB
20OFD,Available,Intermediate,OFD
20OFE,Available,Intermediate,OFE
20OFG,Available,Intermediate,OFG
20OFH,Available,Intermediate,OFH
20OFI,Available,Intermediate,OFI
20OFJ,Available,Intermediate,OFJ
20OFL,Available,Intermediate,OFL
20OFM,Available,Intermediate,OFM
20OFO,Available,Intermediate,OFO
20OFP,Available,Intermediate,OFP
20OFQ,Available,Intermediate,OFQ
20OFS,Available,Intermediate,OFS
20OFT,Available,Intermediate,OFT
20OFU,Available,Intermediate,OFU
20OFV,Available,Intermediate,OFV
20OFW,Available,Intermediate,OFW
20OFX,Available,Intermediate,OFX
20OFY,Available,Intermediate,OFY
20OFZ,Available,Intermediate,OFZ
20OGA,Available,Intermediate,OGA
20OGB,Available,Intermediate,OGB
20OGD,Available,Intermediate,OGD
20OGE,Available,Intermediate,OGE
20OGF,Available,Intermediate,OGF
20OGG,Available,Intermediate,OGG
20OGH,Available,Intermediate,OGH
20OGI,Available,Intermediate,OGI
20OGJ,Available,Intermediate,OGJ
20OGK,Available,Intermediate,OGK
20OGL,Available,Intermediate,OGL
20OGM,Available,Intermediate,OGM
20OGN,Available,Intermediate,OGN
20OGO,Available,Intermediate,OGO
20OGQ,Available,Intermediate,OGQ
20OGR,Available,Intermediate,OGR
20OGS,Available,Intermediate,OGS
20OGT,Available,Intermediate,OGT
20OGU,Available,Intermediate,OGU
20OGV,Available,Intermediate,OGV
20OGW,Available,Intermediate,OGW
20OGX,Available,Intermediate,OGX
20OHA,Available,Intermediate,OHA
20OHB,Available,Intermediate,OHB
20OHC,Available,Intermediate,OHC
20OHD,Available,Intermediate,OHD
20OHF,Available,Intermediate,OHF
20OHG,Available,Intermediate,OHG
20OHH,Available,Intermediate,OHH
20OHI,Available,Intermediate,OHI
20OHJ,Available,Intermediate,OHJ
20OHK,Available,Intermediate,OHK
20OHL,Available,Intermediate,OHL
20OHN,Available,Intermediate,OHN
20OHO,Available,Intermediate,OHO
20OHP,Available,Intermediate,OHP
20OHQ,Available,Intermediate,OHQ
20OHR,Available,Intermediate,OHR
20OHT,Available,Intermediate,OHT
20OHU,Available,Intermediate,OHU
20OHV,Available,Intermediate,OHV
20OHW,Available,Intermediate,OHW
20OHX,Available,Intermediate,OHX
20OHY,Available,Intermediate,OHY
20OHZ,Available,Intermediate,OHZ
20OIA,Available,Intermediate,OIA
20OIB,Available,Intermediate,OIB
20OIC,Available,Intermediate,OIC
20OIE,Available,Intermediate,OIE
20OIF,Available,Intermediate,OIF
20OIG,Available,Intermediate,OIG
20OIH,Available,Intermediate,OIH
20OII,Available,Intermediate,OII
20OIJ,Available,Intermediate,OIJ
20OIK,Available,Intermediate,OIK
20OIL,Available,Intermediate,OIL
20OIO,Available,Intermediate,OIO
20OIP,Available,Intermediate,OIP
20OIQ,Available,Intermediate,OIQ
20OIR,Available,Intermediate,OIR
20OIS,Available,Intermediate,OIS
20OIT,Available,Intermediate,OIT
20OIU,Available,Intermediate,OIU
20OIV,Available,Intermediate,OIV
20OIW,Available,Intermediate,OIW
20OIX,Available,Intermediate,OIX
20OIY,Available,Intermediate,OIY
20OIZ,Available,Intermediate,OIZ
20OJD,Available,Intermediate,OJD
20OJF,Available,Intermediate,OJF
20OJG,Available,Intermediate,OJG
20OJH,Available,Intermediate,OJH
20OJI,Available,Intermediate,OJI
20OJJ,Available,Intermediate,OJJ
20OJL,Available,Intermediate,OJL
20OJM,Available,Intermediate,OJM
20OJN,Available,Intermediate,OJN
20OJO,Available,Intermediate,OJO
20OJP,Available,Intermediate,OJP
20OJQ,Available,Intermediate,OJQ
20OJR,Available,Intermediate,OJR
20OJT,Available,Intermediate,OJT
20OJU,Available,Intermediate,OJU
20OJV,Available,Intermediate,OJV
20OJW,Available,Intermediate,OJW
20OJX,Available,Intermediate,OJX
20OJY,Available,Intermediate,OJY
20OJZ,Available,Intermediate,OJZ
20OKA,Available,Intermediate,OKA
20OKB,Available,Intermediate,OKB
20OKD,Available,Intermediate,OKD
20OKE,Available,Intermediate,OKE
20OKF,Available,Intermediate,OKF
20OKG,Available,Intermediate,OKG
20OKH,Available,Intermediate,OKH
20OKI,Available,Intermediate,OKI
20OKJ,Available,Intermediate,OKJ
20OKL,Available,Intermediate,OKL
20OKM,Available,Intermediate,OKM
20OKN,Available,Intermediate,OKN
20OKO,Available,Intermediate,OKO
20OKQ,Available,Intermediate,OKQ
20OKR,Available,Intermediate,OKR
20OKT,Available,Intermediate,OKT
20OKU,Available,Intermediate,OKU
20OKV,Available,Intermediate,OKV
20OKW,Available,Intermediate,OKW
20OKX,Available,Intermediate,OKX
20OLA,Available,Intermediate,OLA
20OLC,Available,Intermediate,OLC
20OLF,Available,Intermediate,OLF
20OLG,Available,Intermediate,OLG
20OLH,Available,Intermediate,OLH
20OLJ,Available,Intermediate,OLJ
20OLL,Available,Intermediate,OLL
20OLM,Available,Intermediate,OLM
20OLN,Available,Intermediate,OLN
20OLP,Available,Intermediate,OLP
20OLQ,Available,Intermediate,OLQ
20OLR,Available,Intermediate,OLR
20OLS,Available,Intermediate,OLS
20OLU,Available,Intermediate,OLU
20OLV,Available,Intermediate,OLV
20OLW,Available,Intermediate,OLW
20OLZ,Available,Intermediate,OLZ
20OMB,Available,Intermediate,OMB
20OMC,Available,Intermediate,OMC
20OME,Available,Intermediate,OME
20OMF,Available,Intermediate,OMF
20OMH,Available,Intermediate,OMH
20OMI,Available,Intermediate,OMI
20OMJ,Available,Intermediate,OMJ
20OMK,Available,Intermediate,OMK
20OMM,Available,Intermediate,OMM
20OMN,Available,Intermediate,OMN
20OMO,Available,Intermediate,OMO
20OMP,Available,Intermediate,OMP
20OMQ,Available,Intermediate,OMQ
20OMR,Available,Intermediate,OMR
20OMU,Available,Intermediate,OMU
20OMW,Available,Intermediate,OMW
20OMX,Available,Intermediate,OMX
20OMY,Available,Intermediate,OMY
20ONA,Available,Intermediate,ONA
20ONB,Available,Intermediate,ONB
20ONC,Available,Intermediate,ONC
20OND,Available,Intermediate,OND
20ONF,Available,Intermediate,ONF
20ONG,Available,Intermediate,ONG
20ONH,Available,Intermediate,ONH
20ONI,Available,Intermediate,ONI
20ONJ,Available,Intermediate,ONJ
20ONK,Available,Intermediate,ONK
20ONL,Available,Intermediate,ONL
20ONM,Available,Intermediate,ONM
20ONN,Available,Intermediate,ONN
20ONP,Available,Intermediate,ONP
20ONR,Available,Intermediate,ONR
20ONT,Available,Intermediate,ONT
20ONU,Available,Intermediate,ONU
20ONV,Available,Intermediate,ONV
20ONX,Available,Intermediate,ONX
20ONY,Available,Intermediate,ONY
20ONZ,Available,Intermediate,ONZ
20OOA,Available,Intermediate,OOA
20OOD,Available,Intermediate,OOD
20OOE,Available,Intermediate,OOE
20OOF,Available,Intermediate,OOF
20OOH,Available,Intermediate,OOH
20OOI,Available,Intermediate,OOI
20OOJ,Available,Intermediate,OOJ
20OOK,Available,Intermediate,OOK
20OOL,Available,Intermediate,OOL
20OON,Available,Intermediate,OON
20OOP,Available,Intermediate,OOP
20OOQ,Available,Intermediate,OOQ
20OOR,Available,Intermediate,OOR
20OOS,Available,Intermediate,OOS
20OOU,Available,Intermediate,OOU
20OOV,Available,Intermediate,OOV
20OOW,Available,Intermediate,OOW
20OOX,Available,Intermediate,OOX
20OOY,Available,Intermediate,OOY
20OOZ,Available,Intermediate,OOZ
20OPA,Available,Intermediate,OPA
20OPD,Available,Intermediate,OPD
20OPE,Available,Intermediate,OPE
20OPF,Available,Intermediate,OPF
20OPG,Available,Intermediate,OPG
20OPH,Available,Intermediate,OPH
20OPI,Available,Intermediate,OPI
20OPJ,Available,Intermediate,OPJ
20OPK,Available,Intermediate,OPK
20OPL,Available,Intermediate,OPL
20OPM,Available,Intermediate,OPM
20OPN,Available,Intermediate,OPN
20OPO,Available,Intermediate,OPO
20OPP,Available,Intermediate,OPP
20OPQ,Available,Intermediate,OPQ
20OPR,Available,Intermediate,OPR
20OPT,Available,Intermediate,OPT
20OPU,Available,Intermediate,OPU
20OPV,Available,Intermediate,OPV
20OPW,Available,Intermediate,OPW
20OPZ,Available,Intermediate,OPZ
20OQA,Available,Intermediate,OQA
20OQB,Available,Intermediate,OQB
20OQC,Available,Intermediate,OQC
20OQD,Available,Intermediate,OQD
20OQE,Available,Intermediate,OQE
20OQF,Available,Intermediate,OQF
20OQG,Available,Intermediate,OQG
20OQI,Available,Intermediate,OQI
20OQJ,Available,Intermediate,OQJ
20OQK,Available,Intermediate,OQK
20OQL,Available,Intermediate,OQL
20OQM,Available,Intermediate,OQM
20OQO,Available,Intermediate,OQO
20OQP,Available,Intermediate,OQP
20OQQ,Available,Intermediate,OQQ
20OQR,Available,Intermediate,OQR
20OQS,Available,Intermediate,OQS
20OQT,Available,Intermediate,OQT
20OQU,Available,Intermediate,OQU
20OQV,Available,Intermediate,OQV
20OQW,Available,Intermediate,OQW
20OQX,Available,Intermediate,OQX
20OQY,Available,Intermediate,OQY
20ORA,Available,Intermediate,ORA
20ORD,Available,Intermediate,ORD
20ORE,Available,Intermediate,ORE
20ORF,Available,Intermediate,ORF
20ORG,Available,Intermediate,ORG
20ORH,Available,Intermediate,ORH
20ORI,Available,Intermediate,ORI
20ORJ,Available,Intermediate,ORJ
20ORL,Available,Intermediate,ORL
20ORM,Available,Intermediate,ORM
20ORN,Available,Intermediate,ORN
20ORO,Available,Intermediate,ORO
20ORP,Available,Intermediate,ORP
20ORQ,Available,Intermediate,ORQ
20ORS,Available,Intermediate,ORS
20ORU,Available,Intermediate,ORU
20ORV,Available,Intermediate,ORV
20ORW,Available,Intermediate,ORW
20ORX,Available,Intermediate,ORX
20ORY,Available,Intermediate,ORY
20ORZ,Available,Intermediate,ORZ
20OSA,Available,Intermediate,OSA
20OSB,Available,Intermediate,OSB
20OSD,Available,Intermediate,OSD
20OSF,Available,Intermediate,OSF
20OSI,Available,Intermediate,OSI
20OSJ,Available,Intermediate,OSJ
20OSL,Available,Intermediate,OSL
20OSM,Available,Intermediate,OSM
20OSN,Available,Intermediate,OSN
20OSP,Available,Intermediate,OSP
20OSQ,Available,Intermediate,OSQ
20OSR,Available,Intermediate,OSR
20OSS,Available,Intermediate,OSS
20OST,Available,Intermediate,OST
20OSU,Available,Intermediate,OSU
20OSV,Available,Intermediate,OSV
20OSW,Available,Intermediate,OSW
20OSY,Available,Intermediate,OSY
20OSZ,Available,Intermediate,OSZ
20OTA,Available,Intermediate,OTA
20OTB,Available,Intermediate,OTB
20OTD,Available,Intermediate,OTD
20OTG,Available,Intermediate,OTG
20OTH,Available,Intermediate,OTH
20OTJ,Available,Intermediate,OTJ
20OTK,Available,Intermediate,OTK
20OTM,Available,Intermediate,OTM
20OTN,Available,Intermediate,OTN
20OTP,Available,Intermediate,OTP
20OTQ,Available,Intermediate,OTQ
20OTR,Available,Intermediate,OTR
20OTS,Available,Intermediate,OTS
20OTU,Available,Intermediate,OTU
20OTV,Available,Intermediate,OTV
20OTW,Available,Intermediate,OTW
20OTX,Available,Intermediate,OTX
20OUA,Available,Intermediate,OUA
20OUB,Available,Intermediate,OUB
20OUD,Available,Intermediate,OUD
20OUE,Available,Intermediate,OUE
20OUF,Available,Intermediate,OUF
20OUG,Available,Intermediate,OUG
20OUH,Available,Intermediate,OUH
20OUI,Available,Intermediate,OUI
20OUJ,Available,Intermediate,OUJ
20OUL,Available,Intermediate,OUL
20OUM,Available,Intermediate,OUM
20OUO,Available,Intermediate,OUO
20OUP,Available,Intermediate,OUP
20OUQ,Available,Intermediate,OUQ
20OUR,Available,Intermediate,OUR
20OUS,Available,Intermediate,OUS
20OUU,Available,Intermediate,OUU
20OUV,Available,Intermediate,OUV
20OUW,Available,Intermediate,OUW
20OUX,Available,Intermediate,OUX
20OUY,Available,Intermediate,OUY
20OVC,Available,Intermediate,OVC
20OVG,Available,Intermediate,OVG
20OVH,Available,Intermediate,OVH
20OVJ,Available,Intermediate,OVJ
20OVK,Available,Intermediate,OVK
20OVM,Available,Intermediate,OVM
20OVN,Available,Intermediate,OVN
20OVO,Available,Intermediate,OVO
20OVP,Available,Intermediate,OVP
20OVQ,Available,Intermediate,OVQ
20OVR,Available,Intermediate,OVR
20OVS,Available,Intermediate,OVS
20OVU,Available,Intermediate,OVU
20OVW,Available,Intermediate,OVW
20OVX,Available,Intermediate,OVX
20OVY,Available,Intermediate,OVY
20OVZ,Available,Intermediate,OVZ
20OWA,Available,Intermediate,OWA
20OWB,Available,Intermediate,OWB
20OWC,Available,Intermediate,OWC
20OWD,Available,Intermediate,OWD
20OWE,Available,Intermediate,OWE
20OWF,Available,Intermediate,OWF
20OWG,Available,Intermediate,OWG
20OWI,Available,Intermediate,OWI
20OWJ,Available,Intermediate,OWJ
20OWK,Available,Intermediate,OWK
20OWM,Available,Intermediate,OWM
20OWN,Available,Intermediate,OWN
20OWP,Available,Intermediate,OWP
20OWQ,Available,Intermediate,OWQ
20OWR,Available,Intermediate,OWR
20OWS,Available,Intermediate,OWS
20OWT,Available,Intermediate,OWT
20OWU,Available,Intermediate,OWU
20OWV,Available,Intermediate,OWV
20OWW,Available,Intermediate,OWW
20OWX,Available,Intermediate,OWX
20OWY,Available,Intermediate,OWY
20OWZ,Available,Intermediate,OWZ
20OXA,Available,Intermediate,OXA
20OXB,Available,Intermediate,OXB
20OXC,Available,Intermediate,OXC
20OXD,Available,Intermediate,OXD
20OXE,Available,Intermediate,OXE
20OXF,Available,Intermediate,OXF
20OXG,Available,Intermediate,OXG
20OXH,Available,Intermediate,OXH
20OXJ,Available,Intermediate,OXJ
20OXK,Available,Intermediate,OXK
20OXL,Available,Intermediate,OXL
20OXM,Available,Intermediate,OXM
20OXN,Available,Intermediate,OXN
20OXP,Available,Intermediate,OXP
20OXR,Available,Intermediate,OXR
20OXS,Available,Intermediate,OXS
20OXT,Available,Intermediate,OXT
20OXU,Available,Intermediate,OXU
20OXV,Available,Intermediate,OXV
20OXW,Available,Intermediate,OXW
20OXY,Available,Intermediate,OXY
20OYA,Available,Intermediate,OYA
20OYB,Available,Intermediate,OYB
20OYC,Available,Intermediate,OYC
20OYD,Available,Intermediate,OYD
20OYE,Available,Intermediate,OYE
20OYF,Available,Intermediate,OYF
20OYH,Available,Intermediate,OYH
20OYI,Available,Intermediate,OYI
20OYJ,Available,Intermediate,OYJ
20OYK,Available,Intermediate,OYK
20OYL,Available,Intermediate,OYL
20OYM,Available,Intermediate,OYM
20OYO,Available,Intermediate,OYO
20OYP,Available,Intermediate,OYP
20OYQ,Available,Intermediate,OYQ
20OYR,Available,Intermediate,OYR
20OYS,Available,Intermediate,OYS
20OYT,Available,Intermediate,OYT
20OYU,Available,Intermediate,OYU
20OYV,Available,Intermediate,OYV
20OYW,Available,Intermediate,OYW
20OYX,Available,Intermediate,OYX
20OYY,Available,Intermediate,OYY
20OYZ,Available,Intermediate,OYZ
20OZA,Available,Intermediate,OZA
20OZB,Available,Intermediate,OZB
20OZC,Available,Intermediate,OZC
20OZE,Available,Intermediate,OZE
20OZF,Available,Intermediate,OZF
20OZG,Available,Intermediate,OZG
20OZK,Available,Intermediate,OZK
20OZL,Available,Intermediate,OZL
20OZM,Available,Intermediate,OZM
20OZN,Available,Intermediate,OZN
20OZO,Available,Intermediate,OZO
20OZP,Available,Intermediate,OZP
20OZR,Available,Intermediate,OZR
20OZS,Available,Intermediate,OZS
20OZT,Available,Intermediate,OZT
20OZU,Available,Intermediate,OZU
20OZX,Available,Intermediate,OZX
20OZY,Available,Intermediate,OZY
20PBQ,Available,Intermediate,PBQ
20PBU,Available,Intermediate,PBU
20PBV,Available,Intermediate,PBV
20PBW,Available,Intermediate,PBW
20PBY,Available,Intermediate,PBY
20PCC,Available,Intermediate,PCC
20PCD,Available,Intermediate,PCD
20PCE,Available,Intermediate,PCE
20PCI,Available,Intermediate,PCI
20PCL,Available,Intermediate,PCL
20PCP,Available,Intermediate,PCP
20PCQ,Available,Intermediate,PCQ
20PCU,Available,Intermediate,PCU
20PCW,Available,Intermediate,PCW
20PCX,Available,Intermediate,PCX
20PCY,Available,Intermediate,PCY
20PDB,Available,Intermediate,PDB
20PDD,Available,Intermediate,PDD
20PDF,Available,Intermediate,PDF
20PDJ,Available,Intermediate,PDJ
20PDK,Available,Intermediate,PDK
20PDN,Available,Intermediate,PDN
20PDO,Available,Intermediate,PDO
20PDV,Available,Intermediate,PDV
20PDZ,Available,Intermediate,PDZ
20PEF,Available,Intermediate,PEF
20PEG,Available,Intermediate,PEG
20PEI,Available,Intermediate,PEI
20PEJ,Available,Intermediate,PEJ
20PEM,Available,Intermediate,PEM
20PEQ,Available,Intermediate,PEQ
20PES,Available,Intermediate,PES
20PEU,Available,Intermediate,PEU
20PEV,Available,Intermediate,PEV
20PEX,Available,Intermediate,PEX
20PEY,Available,Intermediate,PEY
20PFB,Available,Intermediate,PFB
20PFD,Available,Intermediate,PFD
20PFE,Available,Intermediate,PFE
20PFF,Available,Intermediate,PFF
20PFI,Available,Intermediate,PFI
20PFJ,Available,Intermediate,PFJ
20PFK,Available,Intermediate,PFK
20PFL,Available,Intermediate,PFL
20PFN,Available,Intermediate,PFN
20PFO,Available,Intermediate,PFO
20PFP,Available,Intermediate,PFP
20PFQ,Available,Intermediate,PFQ
20PFS,Available,Intermediate,PFS
20PFT,Available,Intermediate,PFT
20PFU,Available,Intermediate,PFU
20PFV,Available,Intermediate,PFV
20PFX,Available,Intermediate,PFX
20PFY,Available,Intermediate,PFY
20PFZ,Available,Intermediate,PFZ
20PGC,Available,Intermediate,PGC
20PGD,Available,Intermediate,PGD
20PGE,Available,Intermediate,PGE
20PGF,Available,Intermediate,PGF
20PGJ,Available,Intermediate,PGJ
20PGK,Available,Intermediate,PGK
20PGN,Available,Intermediate,PGN
20PGO,Available,Intermediate,PGO
20PGP,Available,Intermediate,PGP
20PGQ,Available,Intermediate,PGQ
20PGU,Available,Intermediate,PGU
20PGV,Available,Intermediate,PGV
20PGX,Available,Intermediate,PGX
20PGY,Available,Intermediate,PGY
20PGZ,Available,Intermediate,PGZ
20PHA,Available,Intermediate,PHA
20PHC,Available,Intermediate,PHC
20PHE,Available,Intermediate,PHE
20PHF,Available,Intermediate,PHF
20PHG,Available,Intermediate,PHG
20PHH,Available,Intermediate,PHH
20PHK,Available,Intermediate,PHK
20PHN,Available,Intermediate,PHN
20PHO,Available,Intermediate,PHO
20PHQ,Available,Intermediate,PHQ
20PHR,Available,Intermediate,PHR
20PHT,Available,Intermediate,PHT
20PHV,Available,Intermediate,PHV
20PHW,Available,Intermediate,PHW
20PHX,Available,Intermediate,PHX
20PHZ,Available,Intermediate,PHZ
20PIB,Available,Intermediate,PIB
20PIF,Available,Intermediate,PIF
20PIH,Available,Intermediate,PIH
20PII,Available,Intermediate,PII
20PIJ,Available,Intermediate,PIJ
20PIQ,Available,Intermediate,PIQ
20PIR,Available,Intermediate,PIR
20PIT,Available,Intermediate,PIT
20PIU,Available,Intermediate,PIU
20PIX,Available,Intermediate,PIX
20PIY,Available,Intermediate,PIY
20PIZ,Available,Intermediate,PIZ
20PJB,Available,Intermediate,PJB
20PJC,Available,Intermediate,PJC
20PJF,Available,Intermediate,PJF
20PJG,Available,Intermediate,PJG
20PJI,Available,Intermediate,PJI
20PJL,Available,Intermediate,PJL
20PJQ,Available,Intermediate,PJQ
20PJU,Available,Intermediate,PJU
20PJV,Available,Intermediate,PJV
20PJX,Available,Intermediate,PJX
20PJZ,Available,Intermediate,PJZ
20PKC,Available,Intermediate,PKC
20PKD,Available,Intermediate,PKD
20PKF,Available,Intermediate,PKF
20PKH,Available,Intermediate,PKH
20PKJ,Available,Intermediate,PKJ
20PKM,Available,Intermediate,PKM
20PKN,Available,Intermediate,PKN
20PKO,Available,Intermediate,PKO
20PKP,Available,Intermediate,PKP
20PKQ,Available,Intermediate,PKQ
20PKS,Available,Intermediate,PKS
20PKT,Available,Intermediate,PKT
20PKV,Available,Intermediate,PKV
20PKW,Available,Intermediate,PKW
20PKX,Available,Intermediate,PKX
20PKZ,Available,Intermediate,PKZ
20PLB,Available,Intermediate,PLB
20PLF,Available,Intermediate,PLF
20PLI,Available,Intermediate,PLI
20PLJ,Available,Intermediate,PLJ
20PLO,Available,Intermediate,PLO
20PLP,Available,Intermediate,PLP
20PLQ,Available,Intermediate,PLQ
20PLR,Available,Intermediate,PLR
20PLS,Available,Intermediate,PLS
20PLU,Available,Intermediate,PLU
20PLV,Available,Intermediate,PLV
20PLZ,Available,Intermediate,PLZ
20PME,Available,Intermediate,PME
20PMF,Available,Intermediate,PMF
20PMH,Available,Intermediate,PMH
20PMI,Available,Intermediate,PMI
20PMJ,Available,Intermediate,PMJ
20PMK,Available,Intermediate,PMK
20PML,Available,Intermediate,PML
20PMN,Available,Intermediate,PMN
20PMO,Available,Intermediate,PMO
20PMQ,Available,Intermediate,PMQ
20PMU,Available,Intermediate,PMU
20PMY,Available,Intermediate,PMY
20PNB,Available,Intermediate,PNB
20PND,Available,Intermediate,PND
20PNE,Available,Intermediate,PNE
20PNF,Available,Intermediate,PNF
20PNH,Available,Intermediate,PNH
20PNI,Available,Intermediate,PNI
20PNJ,Available,Intermediate,PNJ
20PNL,Available,Intermediate,PNL
20PNM,Available,Intermediate,PNM
20PNO,Available,Intermediate,PNO
20PNQ,Available,Intermediate,PNQ
20PNS,Available,Intermediate,PNS
20PNT,Available,Intermediate,PNT
20PNU,Available,Intermediate,PNU
20PNV,Available,Intermediate,PNV
20PNW,Available,Intermediate,PNW
20PNY,Available,Intermediate,PNY
20PNZ,Available,Intermediate,PNZ
20POC,Available,Intermediate,POC
20POD,Available,Intermediate,POD
20POE,Available,Intermediate,POE
20POF,Available,Intermediate,POF
20POG,Available,Intermediate,POG
20POH,Available,Intermediate,POH
20POI,Available,Intermediate,POI
20POJ,Available,Intermediate,POJ
20POM,Available,Intermediate,POM
20POS,Available,Intermediate,POS
20POV,Available,Intermediate,POV
20PPA,Available,Intermediate,PPA
20PPB,Available,Intermediate,PPB
20PPE,Available,Intermediate,PPE
20PPF,Available,Intermediate,PPF
20PPG,Available,Intermediate,PPG
20PPI,Available,Intermediate,PPI
20PPM,Available,Intermediate,PPM
20PPO,Available,Intermediate,PPO
20PPQ,Available,Intermediate,PPQ
20PPR,Available,Intermediate,PPR
20PPT,Available,Intermediate,PPT
20PPU,Available,Intermediate,PPU
20PPV,Available,Intermediate,PPV
20PPX,Available,Intermediate,PPX
20PQA,Available,Intermediate,PQA
20PQB,Available,Intermediate,PQB
20PQC,Available,Intermediate,PQC
20PQD,Available,Intermediate,PQD
20PQE,Available,Intermediate,PQE
20PQF,Available,Intermediate,PQF
20PQG,Available,Intermediate,PQG
20PQH,Available,Intermediate,PQH
20PQI,Available,Intermediate,PQI
20PQJ,Available,Intermediate,PQJ
20PQK,Available,Intermediate,PQK
20PQL,Available,Intermediate,PQL
20PQM,Available,Intermediate,PQM
20PQN,Available,Intermediate,PQN
20PQO,Available,Intermediate,PQO
20PQP,Available,Intermediate,PQP
20PQQ,Available,Intermediate,PQQ
20PQR,Available,Intermediate,PQR
20PQS,Available,Intermediate,PQS
20PQT,Available,Intermediate,PQT
20PQU,Available,Intermediate,PQU
20PQV,Available,Intermediate,PQV
20PQW,Available,Intermediate,PQW
20PQX,Available,Intermediate,PQX
20PQY,Available,Intermediate,PQY
20PQZ,Available,Intermediate,PQZ
20PRA,Available,Intermediate,PRA
20PRE,Available,Intermediate,PRE
20PRG,Available,Intermediate,PRG
20PRI,Available,Intermediate,PRI
20PRK,Available,Intermediate,PRK
20PRL,Available,Intermediate,PRL
20PRN,Available,Intermediate,PRN
20PRQ,Available,Intermediate,PRQ
20PRR,Available,Intermediate,PRR
20PRU,Available,Intermediate,PRU
20PRV,Available,Intermediate,PRV
20PRX,Available,Intermediate,PRX
20PRY,Available,Intermediate,PRY
20PRZ,Available,Intermediate,PRZ
20PSD,Available,Intermediate,PSD
20PSE,Available,Intermediate,PSE
20PSF,Available,Intermediate,PSF
20PSH,Available,Intermediate,PSH
20PSO,Available,Intermediate,PSO
20PSQ,Available,Intermediate,PSQ
20PSS,Available,Intermediate,PSS
20PST,Available,Intermediate,PST
20PSU,Available,Intermediate,PSU
20PSY,Available,Intermediate,PSY
20PTB,Available,Intermediate,PTB
20PTD,Available,Intermediate,PTD
20PTF,Available,Intermediate,PTF
20PTG,Available,Intermediate,PTG
20PTH,Available,Intermediate,PTH
20PTJ,Available,Intermediate,PTJ
20PTK,Available,Intermediate,PTK
20PTL,Available,Intermediate,PTL
20PTQ,Available,Intermediate,PTQ
20PTU,Available,Intermediate,PTU
20PTV,Available,Intermediate,PTV
20PTY,Available,Intermediate,PTY
20PTZ,Available,Intermediate,PTZ
20PUA,Available,Intermediate,PUA
20PUC,Available,Intermediate,PUC
20PUD,Available,Intermediate,PUD
20PUF,Available,Intermediate,PUF
20PUH,Available,Intermediate,PUH
20PUI,Available,Intermediate,PUI
20PUJ,Available,Intermediate,PUJ
20PUK,Available,Intermediate,PUK
20PUM,Available,Intermediate,PUM
20PUO,Available,Intermediate,PUO
20PUQ,Available,Intermediate,PUQ
20PUR,Available,Intermediate,PUR
20PUT,Available,Intermediate,PUT
20PUU,Available,Intermediate,PUU
20PUV,Available,Intermediate,PUV
20PUW,Available,Intermediate,PUW
20PUY,Available,Intermediate,PUY
20PUZ,Available,Intermediate,PUZ
20PVA,Available,Intermediate,PVA
20PVB,Available,Intermediate,PVB
20PVD,Available,Intermediate,PVD
20PVE,Available,Intermediate,PVE
20PVF,Available,Intermediate,PVF
20PVG,Available,Intermediate,PVG
20PVH,Available,Intermediate,PVH
20PVI,Available,Intermediate,PVI
20PVJ,Available,Intermediate,PVJ
20PVK,Available,Intermediate,PVK
20PVL,Available,Intermediate,PVL
20PVM,Available,Intermediate,PVM
20PVP,Available,Intermediate,PVP
20PVR,Available,Intermediate,PVR
20PVS,Available,Intermediate,PVS
20PVT,Available,Intermediate,PVT
20PVU,Available,Intermediate,PVU
20PVV,Available,Intermediate,PVV
20PVW,Available,Intermediate,PVW
20PVY,Available,Intermediate,PVY
20PVZ,Available,Intermediate,PVZ
20PWA,Available,Intermediate,PWA
20PWC,Available,Intermediate,PWC
20PWH,Available,Intermediate,PWH
20PWJ,Available,Intermediate,PWJ
20PWL,Available,Intermediate,PWL
20PWQ,Available,Intermediate,PWQ
20PWS,Available,Intermediate,PWS
20PWU,Available,Intermediate,PWU
20PWV,Available,Intermediate,PWV
20PWX,Available,Intermediate,PWX
20PWY,Available,Intermediate,PWY
20PWZ,Available,Intermediate,PWZ
20PXA,Available,Intermediate,PXA
20PXB,Available,Intermediate,PXB
20PXE,Available,Intermediate,PXE
20PXF,Available,Intermediate,PXF
20PXG,Available,Intermediate,PXG
20PXI,Available,Intermediate,PXI
20PXJ,Available,Intermediate,PXJ
20PXK,Available,Intermediate,PXK
20PXL,Available,Intermediate,PXL
20PXM,Available,Intermediate,PXM
20PXN,Available,Intermediate,PXN
20PXO,Available,Intermediate,PXO
20PXP,Available,Intermediate,PXP
20PXQ,Available,Intermediate,PXQ
20PXR,Available,Intermediate,PXR
20PXS,Available,Intermediate,PXS
20PXT,Available,Intermediate,PXT
20PXU,Available,Intermediate,PXU
20PXX,Available,Intermediate,PXX
20PYA,Available,Intermediate,PYA
20PYB,Available,Intermediate,PYB
20PYD,Available,Intermediate,PYD
20PYF,Available,Intermediate,PYF
20PYH,Available,Intermediate,PYH
20PYI,Available,Intermediate,PYI
20PYJ,Available,Intermediate,PYJ
20PYL,Available,Intermediate,PYL
20PYO,Available,Intermediate,PYO
20PYP,Available,Intermediate,PYP
20PYQ,Available,Intermediate,PYQ
20PYS,Available,Intermediate,PYS
20PYT,Available,Intermediate,PYT
20PYV,Available,Intermediate,PYV
20PYW,Available,Intermediate,PYW
20PYX,Available,Intermediate,PYX
20PYY,Available,Intermediate,PYY
20PYZ,Available,Intermediate,PYZ
20PZA,Available,Intermediate,PZA
20PZB,Available,Intermediate,PZB
20PZC,Available,Intermediate,PZC
20PZD,Available,Intermediate,PZD
20PZE,Available,Intermediate,PZE
20PZF,Available,Intermediate,PZF
20PZG,Available,Intermediate,PZG
20PZH,Available,Intermediate,PZH
20PZI,Available,Intermediate,PZI
20PZJ,Available,Intermediate,PZJ
20PZL,Available,Intermediate,PZL
20PZM,Available,Intermediate,PZM
20PZN,Available,Intermediate,PZN
20PZO,Available,Intermediate,PZO
20PZP,Available,Intermediate,PZP
20PZQ,Available,Intermediate,PZQ
20PZR,Available,Intermediate,PZR
20PZS,Available,Intermediate,PZS
20PZU,Available,Intermediate,PZU
20PZV,Available,Intermediate,PZV
20PZX,Available,Intermediate,PZX
20PZZ,Available,Intermediate,PZZ
20RDF,Available,Intermediate,RDF
20RDG,Available,Intermediate,RDG
20RDI,Available,Intermediate,RDI
20RDJ,Available,Intermediate,RDJ
20RDK,Available,Intermediate,RDK
20RDN,Available,Intermediate,RDN
20RDQ,Available,Intermediate,RDQ
20RDV,Available,Intermediate,RDV
20RDZ,Available,Intermediate,RDZ
20REE,Available,Intermediate,REE
20REF,Available,Intermediate,REF
20REI,Available,Intermediate,REI
20REJ,Available,Intermediate,REJ
20REL,Available,Intermediate,REL
20REN,Available,Intermediate,REN
20REQ,Available,Intermediate,REQ
20RET,Available,Intermediate,RET
20REU,Available,Intermediate,REU
20REV,Available,Intermediate,REV
20REZ,Available,Intermediate,REZ
20RFF,Available,Intermediate,RFF
20RFJ,Available,Intermediate,RFJ
20RFL,Available,Intermediate,RFL
20RFN,Available,Intermediate,RFN
20RFO,Available,Intermediate,RFO
20RFP,Available,Intermediate,RFP
20RFR,Available,Intermediate,RFR
20RFW,Available,Intermediate,RFW
20RFY,Available,Intermediate,RFY
20RGF,Available,Intermediate,RGF
20RGI,Available,Intermediate,RGI
20RGQ,Available,Intermediate,RGQ
20RGU,Available,Intermediate,RGU
20RGV,Available,Intermediate,RGV
20RGX,Available,Intermediate,RGX
20RGZ,Available,Intermediate,RGZ
20RHA,Available,Intermediate,RHA
20RHG,Available,Intermediate,RHG
20RHH,Available,Intermediate,RHH
20RHJ,Available,Intermediate,RHJ
20RHK,Available,Intermediate,RHK
20RHL,Available,Intermediate,RHL
20RHN,Available,Intermediate,RHN
20RHO,Available,Intermediate,RHO
20RHP,Available,Intermediate,RHP
20RHU,Available,Intermediate,RHU
20RHW,Available,Intermediate,RHW
20RHY,Available,Intermediate,RHY
20RHZ,Available,Intermediate,RHZ
20RIA,Available,Intermediate,RIA
20RIE,Available,Intermediate,RIE
20RIF,Available,Intermediate,RIF
20RIH,Available,Intermediate,RIH
20RII,Available,Intermediate,RII
20RIJ,Available,Intermediate,RIJ
20RIL,Available,Intermediate,RIL
20RIN,Available,Intermediate,RIN
20RIQ,Available,Intermediate,RIQ
20RIR,Available,Intermediate,RIR
20RIT,Available,Intermediate,RIT
20RIU,Available,Intermediate,RIU
20RIV,Available,Intermediate,RIV
20RIW,Available,Intermediate,RIW
20RIY,Available,Intermediate,RIY
20RJJ,Available,Intermediate,RJJ
20RJK,Available,Intermediate,RJK
20RJN,Available,Intermediate,RJN
20RJQ,Available,Intermediate,RJQ
20RJR,Available,Intermediate,RJR
20RJX,Available,Intermediate,RJX
20RJY,Available,Intermediate,RJY
20RKA,Available,Intermediate,RKA
20RKC,Available,Intermediate,RKC
20RKD,Available,Intermediate,RKD
20RKE,Available,Intermediate,RKE
20RKF,Available,Intermediate,RKF
20RKG,Available,Intermediate,RKG
20RKH,Available,Intermediate,RKH
20RKI,Available,Intermediate,RKI
20RKJ,Available,Intermediate,RKJ
20RKM,Available,Intermediate,RKM
20RKN,Available,Intermediate,RKN
20RKP,Available,Intermediate,RKP
20RKQ,Available,Intermediate,RKQ
20RKT,Available,Intermediate,RKT
20RKU,Available,Intermediate,RKU
20RKV,Available,Intermediate,RKV
20RKW,Available,Intermediate,RKW
20RKZ,Available,Intermediate,RKZ
20RLB,Available,Intermediate,RLB
20RLE,Available,Intermediate,RLE
20RLF,Available,Intermediate,RLF
20RLH,Available,Intermediate,RLH
20RLM,Available,Intermediate,RLM
20RLN,Available,Intermediate,RLN
20RLP,Available,Intermediate,RLP
20RLQ,Available,Intermediate,RLQ
20RLR,Available,Intermediate,RLR
20RLT,Available,Intermediate,RLT
20RLU,Available,Intermediate,RLU
20RLV,Available,Intermediate,RLV
20RLX,Available,Intermediate,RLX
20RLZ,Available,Intermediate,RLZ
20RMA,Available,Intermediate,RMA
20RME,Available,Intermediate,RME
20RMF,Available,Intermediate,RMF
20RMQ,Available,Intermediate,RMQ
20RMT,Available,Intermediate,RMT
20RMU,Available,Intermediate,RMU
20RMV,Available,Intermediate,RMV
20RMW,Available,Intermediate,RMW
20RMX,Available,Intermediate,RMX
20RMY,Available,Intermediate,RMY
20RNB,Available,Intermediate,RNB
20RNC,Available,Intermediate,RNC
20RNF,Available,Intermediate,RNF
20RNG,Available,Intermediate,RNG
20RNH,Available,Intermediate,RNH
20RNL,Available,Intermediate,RNL
20RNN,Available,Intermediate,RNN
20RNQ,Available,Intermediate,RNQ
20RNU,Available,Intermediate,RNU
20RNV,Available,Intermediate,RNV
20RNW,Available,Intermediate,RNW
20RNX,Available,Intermediate,RNX
20RNY,Available,Intermediate,RNY
20ROA,Available,Intermediate,ROA
20ROE,Available,Intermediate,ROE
20ROF,Available,Intermediate,ROF
20ROH,Available,Intermediate,ROH
20ROJ,Available,Intermediate,ROJ
20ROO,Available,Intermediate,ROO
20ROP,Available,Intermediate,ROP
20ROQ,Available,Intermediate,ROQ
20ROR,Available,Intermediate,ROR
20ROT,Available,Intermediate,ROT
20ROU,Available,Intermediate,ROU
20ROX,Available,Intermediate,ROX
20ROZ,Available,Intermediate,ROZ
20RPE,Available,Intermediate,RPE
20RPJ,Available,Intermediate,RPJ
20RPK,Available,Intermediate,RPK
20RPL,Available,Intermediate,RPL
20RPN,Available,Intermediate,RPN
20RPO,Available,Intermediate,RPO
20RPP,Available,Intermediate,RPP
20RPQ,Available,Intermediate,RPQ
20RPU,Available,Intermediate,RPU
20RPW,Available,Intermediate,RPW
20RPX,Available,Intermediate,RPX
20RPZ,Available,Intermediate,RPZ
20RQA,Available,Intermediate,RQA
20RQB,Available,Intermediate,RQB
20RQC,Available,Intermediate,RQC
20RQD,Available,Intermediate,RQD
20RQE,Available,Intermediate,RQE
20RQG,Available,Intermediate,RQG
20RQH,Available,Intermediate,RQH
20RQI,Available,Intermediate,RQI
20RQJ,Available,Intermediate,RQJ
20RQL,Available,Intermediate,RQL
20RQM,Available,Intermediate,RQM
20RQN,Available,Intermediate,RQN
20RQO,Available,Intermediate,RQO
20RQP,Available,Intermediate,RQP
20RQQ,Available,Intermediate,RQQ
20RQR,Available,Intermediate,RQR
20RQS,Available,Intermediate,RQS
20RQT,Available,Intermediate,RQT
20RQU,Available,Intermediate,RQU
20RQV,Available,Intermediate,RQV
20RQW,Available,Intermediate,RQW
20RQX,Available,Intermediate,RQX
20RQY,Available,Intermediate,RQY
20RQZ,Available,Intermediate,RQZ
20RRA,Available,Intermediate,RRA
20RRB,Available,Intermediate,RRB
20RRD,Available,Intermediate,RRD
20RRF,Available,Intermediate,RRF
20RRG,Available,Intermediate,RRG
20RRI,Available,Intermediate,RRI
20RRJ,Available,Intermediate,RRJ
20RRK,Available,Intermediate,RRK
20RRL,Available,Intermediate,RRL
20RRM,Available,Intermediate,RRM
20RRN,Available,Intermediate,RRN
20RRP,Available,Intermediate,RRP
20RRQ,Available,Intermediate,RRQ
20RRS,Available,Intermediate,RRS
20RRT,Available,Intermediate,RRT
20RRU,Available,Intermediate,RRU
20RRW,Available,Intermediate,RRW
20RRX,Available,Intermediate,RRX
20RRZ,Available,Intermediate,RRZ
20RSC,Available,Intermediate,RSC
20RSD,Available,Intermediate,RSD
20RSK,Available,Intermediate,RSK
20RSL,Available,Intermediate,RSL
20RSP,Available,Intermediate,RSP
20RSR,Available,Intermediate,RSR
20RSU,Available,Intermediate,RSU
20RSX,Available,Intermediate,RSX
20RSY,Available,Intermediate,RSY
20RSZ,Available,Intermediate,RSZ
20RTA,Available,Intermediate,RTA
20RTE,Available,Intermediate,RTE
20RTF,Available,Intermediate,RTF
20RTG,Available,Intermediate,RTG
20RTH,Available,Intermediate,RTH
20RTI,Available,Intermediate,RTI
20RTK,Available,Intermediate,RTK
20RTN,Available,Intermediate,RTN
20RTO,Available,Intermediate,RTO
20RTP,Available,Intermediate,RTP
20RTS,Available,Intermediate,RTS
20RTU,Available,Intermediate,RTU
20RTV,Available,Intermediate,RTV
20RTX,Available,Intermediate,RTX
20RTY,Available,Intermediate,RTY
20RTZ,Available,Intermediate,RTZ
20RUA,Available,Intermediate,RUA
20RUB,Available,Intermediate,RUB
20RUE,Available,Intermediate,RUE
20RUF,Available,Intermediate,RUF
20RUG,Available,Intermediate,RUG
20RUJ,Available,Intermediate,RUJ
20RUL,Available,Intermediate,RUL
20RUO,Available,Intermediate,RUO
20RUQ,Available,Intermediate,RUQ
20RUR,Available,Intermediate,RUR
20RUT,Available,Intermediate,RUT
20RUU,Available,Intermediate,RUU
20RUV,Available,Intermediate,RUV
20RUW,Available,Intermediate,RUW
20RUX,Available,Intermediate,RUX
20RUY,Available,Intermediate,RUY
20RVA,Available,Intermediate,RVA
20RVB,Available,Intermediate,RVB
20RVC,Available,Intermediate,RVC
20RVD,Available,Intermediate,RVD
20RVE,Available,Intermediate,RVE
20RVG,Available,Intermediate,RVG
20RVJ,Available,Intermediate,RVJ
20RVK,Available,Intermediate,RVK
20RVL,Available,Intermediate,RVL
20RVM,Available,Intermediate,RVM
20RVN,Available,Intermediate,RVN
20RVP,Available,Intermediate,RVP
20RVQ,Available,Intermediate,RVQ
20RVS,Available,Intermediate,RVS
20RVU,Available,Intermediate,RVU
20RVW,Available,Intermediate,RVW
20RVX,Available,Intermediate,RVX
20RVZ,Available,Intermediate,RVZ
20RWC,Available,Intermediate,RWC
20RWD,Available,Intermediate,RWD
20RWE,Available,Intermediate,RWE
20RWH,Available,Intermediate,RWH
20RWI,Available,Intermediate,RWI
20RWJ,Available,Intermediate,RWJ
20RWK,Available,Intermediate,RWK
20RWO,Available,Intermediate,RWO
20RWQ,Available,Intermediate,RWQ
20RWR,Available,Intermediate,RWR
20RWU,Available,Intermediate,RWU
20RWV,Available,Intermediate,RWV
20RWW,Available,Intermediate,RWW
20RWY,Available,Intermediate,RWY
20RWZ,Available,Intermediate,RWZ
20RXA,Available,Intermediate,RXA
20RXC,Available,Intermediate,RXC
20RXD,Available,Intermediate,RXD
20RXE,Available,Intermediate,RXE
20RXF,Available,Intermediate,RXF
20RXG,Available,Intermediate,RXG
20RXH,Available,Intermediate,RXH
20RXI,Available,Intermediate,RXI
20RXJ,Available,Intermediate,RXJ
20RXK,Available,Intermediate,RXK
20RXL,Available,Intermediate,RXL
20RXN,Available,Intermediate,RXN
20RXO,Available,Intermediate,RXO
20RXP,Available,Intermediate,RXP
20RXQ,Available,Intermediate,RXQ
20RXR,Available,Intermediate,RXR
20RXT,Available,Intermediate,RXT
20RXU,Available,Intermediate,RXU
20RXV,Available,Intermediate,RXV
20RYA,Available,Intermediate,RYA
20RYC,Available,Intermediate,RYC
20RYD,Available,Intermediate,RYD
20RYE,Available,Intermediate,RYE
20RYF,Available,Intermediate,RYF
20RYG,Available,Intermediate,RYG
20RYH,Available,Intermediate,RYH
20RYI,Available,Intermediate,RYI
20RYJ,Available,Intermediate,RYJ
20RYK,Available,Intermediate,RYK
20RYM,Available,Intermediate,RYM
20RYN,Available,Intermediate,RYN
20RYO,Available,Intermediate,RYO
20RYQ,Available,Intermediate,RYQ
20RYR,Available,Intermediate,RYR
20RYS,Available,Intermediate,RYS
20RYT,Available,Intermediate,RYT
20RYU,Available,Intermediate,RYU
20RYV,Available,Intermediate,RYV
20RYY,Available,Intermediate,RYY
20RZA,Available,Intermediate,RZA
20RZB,Available,Intermediate,RZB
20RZC,Available,Intermediate,RZC
20RZF,Available,Intermediate,RZF
20RZG,Available,Intermediate,RZG
20RZI,Available,Intermediate,RZI
20RZJ,Available,Intermediate,RZJ
20RZK,Available,Intermediate,RZK
20RZN,Available,Intermediate,RZN
20RZO,Available,Intermediate,RZO
20RZP,Available,Intermediate,RZP
20RZQ,Available,Intermediate,RZQ
20RZR,Available,Intermediate,RZR
20RZS,Available,Intermediate,RZS
20RZU,Available,Intermediate,RZU
20RZV,Available,Intermediate,RZV
20RZW,Available,Intermediate,RZW
20RZY,Available,Intermediate,RZY
20SDF,Available,Intermediate,SDF
20SDH,Available,Intermediate,SDH
20SDN,Available,Intermediate,SDN
20SDP,Available,Intermediate,SDP
20SDQ,Available,Intermediate,SDQ
20SDV,Available,Intermediate,SDV
20SDZ,Available,Intermediate,SDZ
20SEB,Available,Intermediate,SEB
20SEG,Available,Intermediate,SEG
20SEH,Available,Intermediate,SEH
20SEJ,Available,Intermediate,SEJ
20SEM,Available,Intermediate,SEM
20SEO,Available,Intermediate,SEO
20SEP,Available,Intermediate,SEP
20SEQ,Available,Intermediate,SEQ
20SER,Available,Intermediate,SER
20SES,Available,Intermediate,SES
20SET,Available,Intermediate,SET
20SEU,Available,Intermediate,SEU
20SEV,Available,Intermediate,SEV
20SFE,Available,Intermediate,SFE
20SFF,Available,Intermediate,SFF
20SFH,Available,Intermediate,SFH
20SFI,Available,Intermediate,SFI
20SFJ,Available,Intermediate,SFJ
20SFK,Available,Intermediate,SFK
20SFL,Available,Intermediate,SFL
20SFN,Available,Intermediate,SFN
20SFO,Available,Intermediate,SFO
20SFP,Available,Intermediate,SFP
20SFQ,Available,Intermediate,SFQ
20SFR,Available,Intermediate,SFR
20SFS,Available,Intermediate,SFS
20SFU,Available,Intermediate,SFU
20SFV,Available,Intermediate,SFV
20SFW,Available,Intermediate,SFW
20SFY,Available,Intermediate,SFY
20SFZ,Available,Intermediate,SFZ
20SGA,Available,Intermediate,SGA
20SGJ,Available,Intermediate,SGJ
20SGK,Available,Intermediate,SGK
20SGL,Available,Intermediate,SGL
20SGN,Available,Intermediate,SGN
20SGO,Available,Intermediate,SGO
20SGS,Available,Intermediate,SGS
20SGT,Available,Intermediate,SGT
20SGV,Available,Intermediate,SGV
20SGW,Available,Intermediate,SGW
20SHC,Available,Intermediate,SHC
20SHD,Available,Intermediate,SHD
20SHH,Available,Intermediate,SHH
20SHJ,Available,Intermediate,SHJ
20SHK,Available,Intermediate,SHK
20SHN,Available,Intermediate,SHN
20SHO,Available,Intermediate,SHO
20SHQ,Available,Intermediate,SHQ
20SHR,Available,Intermediate,SHR
20SHS,Available,Intermediate,SHS
20SHT,Available,Intermediate,SHT
20SHU,Available,Intermediate,SHU
20SHX,Available,Intermediate,SHX
20SHZ,Available,Intermediate,SHZ
20SIA,Available,Intermediate,SIA
20SIF,Available,Intermediate,SIF
20SIH,Available,Intermediate,SIH
20SII,Available,Intermediate,SII
20SIJ,Available,Intermediate,SIJ
20SIK,Available,Intermediate,SIK
20SIO,Available,Intermediate,SIO
20SIP,Available,Intermediate,SIP
20SIQ,Available,Intermediate,SIQ
20SIS,Available,Intermediate,SIS
20SIU,Available,Intermediate,SIU
20SIV,Available,Intermediate,SIV
20SIW,Available,Intermediate,SIW
20SIZ,Available,Intermediate,SIZ
20SJE,Available,Intermediate,SJE
20SJI,Available,Intermediate,SJI
20SJJ,Available,Intermediate,SJJ
20SJO,Available,Intermediate,SJO
20SJQ,Available,Intermediate,SJQ
20SJU,Available,Intermediate,SJU
20SJV,Available,Intermediate,SJV
20SJX,Available,Intermediate,SJX
20SJY,Available,Intermediate,SJY
20SJZ,Available,Intermediate,SJZ
20SKB,Available,Intermediate,SKB
20SKE,Available,Intermediate,SKE
20SKH,Available,Intermediate,SKH
20SKJ,Available,Intermediate,SKJ
20SKN,Available,Intermediate,SKN
20SKO,Available,Intermediate,SKO
20SKP,Available,Intermediate,SKP
20SKQ,Available,Intermediate,SKQ
20SKR,Available,Intermediate,SKR
20SKT,Available,Intermediate,SKT
20SKU,Available,Intermediate,SKU
20SKV,Available,Intermediate,SKV
20SLG,Available,Intermediate,SLG
20SLI,Available,Intermediate,SLI
20SLL,Available,Intermediate,SLL
20SLN,Available,Intermediate,SLN
20SLO,Available,Intermediate,SLO
20SLQ,Available,Intermediate,SLQ
20SLU,Available,Intermediate,SLU
20SLV,Available,Intermediate,SLV
20SLX,Available,Intermediate,SLX
20SLZ,Available,Intermediate,SLZ
20SMM,Available,Intermediate,SMM
20SMQ,Available,Intermediate,SMQ
20SMR,Available,Intermediate,SMR
20SMV,Available,Intermediate,SMV
20SMX,Available,Intermediate,SMX
20SNA,Available,Intermediate,SNA
20SNB,Available,Intermediate,SNB
20SNC,Available,Intermediate,SNC
20SNF,Available,Intermediate,SNF
20SNI,Available,Intermediate,SNI
20SNJ,Available,Intermediate,SNJ
20SNK,Available,Intermediate,SNK
20SNL,Available,Intermediate,SNL
20SNN,Available,Intermediate,SNN
20SNO,Available,Intermediate,SNO
20SNQ,Available,Intermediate,SNQ
20SNS,Available,Intermediate,SNS
20SNT,Available,Intermediate,SNT
20SNV,Available,Intermediate,SNV
20SNW,Available,Intermediate,SNW
20SNY,Available,Intermediate,SNY
20SNZ,Available,Intermediate,SNZ
20SOC,Available,Intermediate,SOC
20SOG,Available,Intermediate,SOG
20SOH,Available,Intermediate,SOH
20SOJ,Available,Intermediate,SOJ
20SOK,Available,Intermediate,SOK
20SOM,Available,Intermediate,SOM
20SOO,Available,Intermediate,SOO
20SOQ,Available,Intermediate,SOQ
20SOR,Available,Intermediate,SOR
20SOU,Available,Intermediate,SOU
20SOV,Available,Intermediate,SOV
20SOY,Available,Intermediate,SOY
20SOZ,Available,Intermediate,SOZ
20SPC,Available,Intermediate,SPC
20SPE,Available,Intermediate,SPE
20SPG,Available,Intermediate,SPG
20SPH,Available,Intermediate,SPH
20SPJ,Available,Intermediate,SPJ
20SPO,Available,Intermediate,SPO
20SPP,Available,Intermediate,SPP
20SPQ,Available,Intermediate,SPQ
20SPS,Available,Intermediate,SPS
20SPV,Available,Intermediate,SPV
20SPX,Available,Intermediate,SPX
20SQA,Available,Intermediate,SQA
20SQB,Available,Intermediate,SQB
20SQC,Available,Intermediate,SQC
20SQD,Available,Intermediate,SQD
20SQE,Available,Intermediate,SQE
20SQF,Available,Intermediate,SQF
20SQG,Available,Intermediate,SQG
20SQH,Available,Intermediate,SQH
20SQI,Available,Intermediate,SQI
20SQJ,Available,Intermediate,SQJ
20SQK,Available,Intermediate,SQK
20SQN,Available,Intermediate,SQN
20SQO,Available,Intermediate,SQO
20SQP,Available,Intermediate,SQP
20SQQ,Available,Intermediate,SQQ
20SQR,Available,Intermediate,SQR
20SQS,Available,Intermediate,SQS
20SQT,Available,Intermediate,SQT
20SQU,Available,Intermediate,SQU
20SQV,Available,Intermediate,SQV
20SQW,Available,Intermediate,SQW
20SQX,Available,Intermediate,SQX
20SQY,Available,Intermediate,SQY
20SQZ,Available,Intermediate,SQZ
20SRD,Available,Intermediate,SRD
20SRE,Available,Intermediate,SRE
20SRH,Available,Intermediate,SRH
20SRN,Available,Intermediate,SRN
20SRO,Available,Intermediate,SRO
20SRQ,Available,Intermediate,SRQ
20SRT,Available,Intermediate,SRT
20SRU,Available,Intermediate,SRU
20SRW,Available,Intermediate,SRW
20SRY,Available,Intermediate,SRY
20SRZ,Available,Intermediate,SRZ
20SSD,Available,Intermediate,SSD
20SSE,Available,Intermediate,SSE
20SSF,Available,Intermediate,SSF
20SSI,Available,Intermediate,SSI
20SSM,Available,Intermediate,SSM
20SSN,Available,Intermediate,SSN
20SSP,Available,Intermediate,SSP
20SSR,Available,Intermediate,SSR
20SST,Available,Intermediate,SST
20SSU,Available,Intermediate,SSU
20SSV,Available,Intermediate,SSV
20SSW,Available,Intermediate,SSW
20SSZ,Available,Intermediate,SSZ
20STB,Available,Intermediate,STB
20STD,Available,Intermediate,STD
20STH,Available,Intermediate,STH
20STK,Available,Intermediate,STK
20STM,Available,Intermediate,STM
20STO,Available,Intermediate,STO
20STX,Available,Intermediate,STX
20STZ,Available,Intermediate,STZ
20SUA,Available,Intermediate,SUA
20SUC,Available,Intermediate,SUC
20SUG,Available,Intermediate,SUG
20SUH,Available,Intermediate,SUH
20SUI,Available,Intermediate,SUI
20SUK,Available,Intermediate,SUK
20SUM,Available,Intermediate,SUM
20SUO,Available,Intermediate,SUO
20SUP,Available,Intermediate,SUP
20SUQ,Available,Intermediate,SUQ
20SUR,Available,Intermediate,SUR
20SUV,Available,Intermediate,SUV
20SUW,Available,Intermediate,SUW
20SUY,Available,Intermediate,SUY
20SVA,Available,Intermediate,SVA
20SVB,Available,Intermediate,SVB
20SVC,Available,Intermediate,SVC
20SVE,Available,Intermediate,SVE
20SVF,Available,Intermediate,SVF
20SVG,Available,Intermediate,SVG
20SVH,Available,Intermediate,SVH
20SVI,Available,Intermediate,SVI
20SVJ,Available,Intermediate,SVJ
20SVL,Available,Intermediate,SVL
20SVM,Available,Intermediate,SVM
20SVN,Available,Intermediate,SVN
20SVO,Available,Intermediate,SVO
20SVP,Available,Intermediate,SVP
20SVQ,Available,Intermediate,SVQ
20SVU,Available,Intermediate,SVU
20SVX,Available,Intermediate,SVX
20SVZ,Available,Intermediate,SVZ
20SWC,Available,Intermediate,SWC
20SWD,Available,Intermediate,SWD
20SWH,Available,Intermediate,SWH
20SWI,Available,Intermediate,SWI
20SWJ,Available,Intermediate,SWJ
20SWK,Available,Intermediate,SWK
20SWN,Available,Intermediate,SWN
20SWP,Available,Intermediate,SWP
20SWQ,Available,Intermediate,SWQ
20SWU,Available,Intermediate,SWU
20SWV,Available,Intermediate,SWV
20SWX,Available,Intermediate,SWX
20SWY,Available,Intermediate,SWY
20SXA,Available,Intermediate,SXA
20SXE,Available,Intermediate,SXE
20SXH,Available,Intermediate,SXH
20SXI,Available,Intermediate,SXI
20SXK,Available,Intermediate,SXK
20SXL,Available,Intermediate,SXL
20SXQ,Available,Intermediate,SXQ
20SXS,Available,Intermediate,SXS
20SXU,Available,Intermediate,SXU
20SXV,Available,Intermediate,SXV
20SXW,Available,Intermediate,SXW
20SXX,Available,Intermediate,SXX
20SXZ,Available,Intermediate,SXZ
20SYA,Available,Intermediate,SYA
20SYB,Available,Intermediate,SYB
20SYC,Available,Intermediate,SYC
20SYF,Available,Intermediate,SYF
20SYG,Available,Intermediate,SYG
20SYH,Available,Intermediate,SYH
20SYI,Available,Intermediate,SYI
20SYJ,Available,Intermediate,SYJ
20SYK,Available,Intermediate,SYK
20SYN,Available,Intermediate,SYN
20SYO,Available,Intermediate,SYO
20SYP,Available,Intermediate,SYP
20SYQ,Available,Intermediate,SYQ
20SYS,Available,Intermediate,SYS
20SYT,Available,Intermediate,SYT
20SYU,Available,Intermediate,SYU
20SYV,Available,Intermediate,SYV
20SYW,Available,Intermediate,SYW
20SYX,Available,Intermediate,SYX
20SYZ,Available,Intermediate,SYZ
20SZA,Available,Intermediate,SZA
20SZB,Available,Intermediate,SZB
20SZC,Available,Intermediate,SZC
20SZD,Available,Intermediate,SZD
20SZE,Available,Intermediate,SZE
20SZF,Available,Intermediate,SZF
20SZG,Available,Intermediate,SZG
20SZJ,Available,Intermediate,SZJ
20SZK,Available,Intermediate,SZK
20SZL,Available,Intermediate,SZL
20SZM,Available,Intermediate,SZM
20SZO,Available,Intermediate,SZO
20SZP,Available,Intermediate,SZP
20SZQ,Available,Intermediate,SZQ
20SZR,Available,Intermediate,SZR
20SZS,Available,Intermediate,SZS
20SZT,Available,Intermediate,SZT
20SZU,Available,Intermediate,SZU
20SZV,Available,Intermediate,SZV
20SZW,Available,Intermediate,SZW
20SZX,Available,Intermediate,SZX
20SZY,Available,Intermediate,SZY
20SZZ,Available,Intermediate,SZZ
20TBP,Available,Intermediate,TBP
20TBZ,Available,Intermediate,TBZ
20TCB,Available,Intermediate,TCB
20TCE,Available,Intermediate,TCE
20TCF,Available,Intermediate,TCF
20TCI,Available,Intermediate,TCI
20TCJ,Available,Intermediate,TCJ
20TCK,Available,Intermediate,TCK
20TCN,Available,Intermediate,TCN
20TCQ,Available,Intermediate,TCQ
20TCS,Available,Intermediate,TCS
20TCT,Available,Intermediate,TCT
20TCU,Available,Intermediate,TCU
20TCX,Available,Intermediate,TCX
20TCY,Available,Intermediate,TCY
20TCZ,Available,Intermediate,TCZ
20TDD,Available,Intermediate,TDD
20TDG,Available,Intermediate,TDG
20TDH,Available,Intermediate,TDH
20TDJ,Available,Intermediate,TDJ
20TDK,Available,Intermediate,TDK
20TDN,Available,Intermediate,TDN
20TDQ,Available,Intermediate,TDQ
20TDR,Available,Intermediate,TDR
20TDT,Available,Intermediate,TDT
20TDV,Available,Intermediate,TDV
20TDW,Available,Intermediate,TDW
20TEB,Available,Intermediate,TEB
20TEF,Available,Intermediate,TEF
20TEI,Available,Intermediate,TEI
20TEJ,Available,Intermediate,TEJ
20TEO,Available,Intermediate,TEO
20TEP,Available,Intermediate,TEP
20TEQ,Available,Intermediate,TEQ
20TER,Available,Intermediate,TER
20TES,Available,Intermediate,TES
20TEU,Available,Intermediate,TEU
20TEV,Available,Intermediate,TEV
20TEX,Available,Intermediate,TEX
20TFA,Available,Intermediate,TFA
20TFB,Available,Intermediate,TFB
20TFD,Available,Intermediate,TFD
20TFF,Available,Intermediate,TFF
20TFG,Available,Intermediate,TFG
20TFJ,Available,Intermediate,TFJ
20TFK,Available,Intermediate,TFK
20TFM,Available,Intermediate,TFM
20TFN,Available,Intermediate,TFN
20TFP,Available,Intermediate,TFP
20TFR,Available,Intermediate,TFR
20TFS,Available,Intermediate,TFS
20TFT,Available,Intermediate,TFT
20TFU,Available,Intermediate,TFU
20TFV,Available,Intermediate,TFV
20TFW,Available,Intermediate,TFW
20TFY,Available,Intermediate,TFY
20TGA,Available,Intermediate,TGA
20TGC,Available,Intermediate,TGC
20TGE,Available,Intermediate,TGE
20TGI,Available,Intermediate,TGI
20TGJ,Available,Intermediate,TGJ
20TGK,Available,Intermediate,TGK
20TGM,Available,Intermediate,TGM
20TGN,Available,Intermediate,TGN
20TGO,Available,Intermediate,TGO
20TGP,Available,Intermediate,TGP
20TGR,Available,Intermediate,TGR
20TGU,Available,Intermediate,TGU
20TGW,Available,Intermediate,TGW
20TGX,Available,Intermediate,TGX
20TGY,Available,Intermediate,TGY
20TGZ,Available,Intermediate,TGZ
20THA,Available,Intermediate,THA
20THD,Available,Intermediate,THD
20THE,Available,Intermediate,THE
20THF,Available,Intermediate,THF
20THG,Available,Intermediate,THG
20THH,Available,Intermediate,THH
20THI,Available,Intermediate,THI
20THJ,Available,Intermediate,THJ
20THK,Available,Intermediate,THK
20THN,Available,Intermediate,THN
20THO,Available,Intermediate,THO
20THP,Available,Intermediate,THP
20THQ,Available,Intermediate,THQ
20THR,Available,Intermediate,THR
20THT,Available,Intermediate,THT
20THU,Available,Intermediate,THU
20THV,Available,Intermediate,THV
20THX,Available,Intermediate,THX
20TIB,Available,Intermediate,TIB
20TIC,Available,Intermediate,TIC
20TIE,Available,Intermediate,TIE
20TIH,Available,Intermediate,TIH
20TII,Available,Intermediate,TII
20TIJ,Available,Intermediate,TIJ
20TIK,Available,Intermediate,TIK
20TIL,Available,Intermediate,TIL
20TIO,Available,Intermediate,TIO
20TIP,Available,Intermediate,TIP
20TIQ,Available,Intermediate,TIQ
20TIR,Available,Intermediate,TIR
20TIS,Available,Intermediate,TIS
20TIW,Available,Intermediate,TIW
20TIY,Available,Intermediate,TIY
20TIZ,Available,Intermediate,TIZ
20TJD,Available,Intermediate,TJD
20TJF,Available,Intermediate,TJF
20TJG,Available,Intermediate,TJG
20TJI,Available,Intermediate,TJI
20TJJ,Available,Intermediate,TJJ
20TJL,Available,Intermediate,TJL
20TJN,Available,Intermediate,TJN
20TJO,Available,Intermediate,TJO
20TJQ,Available,Intermediate,TJQ
20TJV,Available,Intermediate,TJV
20TJY,Available,Intermediate,TJY
20TJZ,Available,Intermediate,TJZ
20TKA,Available,Intermediate,TKA
20TKD,Available,Intermediate,TKD
20TKG,Available,Intermediate,TKG
20TKH,Available,Intermediate,TKH
20TKI,Available,Intermediate,TKI
20TKJ,Available,Intermediate,TKJ
20TKK,Available,Intermediate,TKK
20TKL,Available,Intermediate,TKL
20TKM,Available,Intermediate,TKM
20TKO,Available,Intermediate,TKO
20TKP,Available,Intermediate,TKP
20TKQ,Available,Intermediate,TKQ
20TKT,Available,Intermediate,TKT
20TKU,Available,Intermediate,TKU
20TKZ,Available,Intermediate,TKZ
20TLD,Available,Intermediate,TLD
20TLE,Available,Intermediate,TLE
20TLF,Available,Intermediate,TLF
20TLH,Available,Intermediate,TLH
20TLI,Available,Intermediate,TLI
20TLJ,Available,Intermediate,TLJ
20TLL,Available,Intermediate,TLL
20TLN,Available,Intermediate,TLN
20TLO,Available,Intermediate,TLO
20TLP,Available,Intermediate,TLP
20TLQ,Available,Intermediate,TLQ
20TLS,Available,Intermediate,TLS
20TLU,Available,Intermediate,TLU
20TLV,Available,Intermediate,TLV
20TLW,Available,Intermediate,TLW
20TLZ,Available,Intermediate,TLZ
20TMH,Available,Intermediate,TMH
20TMI,Available,Intermediate,TMI
20TMO,Available,Intermediate,TMO
20TMQ,Available,Intermediate,TMQ
20TMR,Available,Intermediate,TMR
20TMS,Available,Intermediate,TMS
20TMT,Available,Intermediate,TMT
20TMU,Available,Intermediate,TMU
20TMX,Available,Intermediate,TMX
20TNA,Available,Intermediate,TNA
20TNB,Available,Intermediate,TNB
20TND,Available,Intermediate,TND
20TNE,Available,Intermediate,TNE
20TNF,Available,Intermediate,TNF
20TNH,Available,Intermediate,TNH
20TNI,Available,Intermediate,TNI
20TNJ,Available,Intermediate,TNJ
20TNL,Available,Intermediate,TNL
20TNM,Available,Intermediate,TNM
20TNN,Available,Intermediate,TNN
20TNO,Available,Intermediate,TNO
20TNP,Available,Intermediate,TNP
20TNQ,Available,Intermediate,TNQ
20TNS,Available,Intermediate,TNS
20TNU,Available,Intermediate,TNU
20TNW,Available,Intermediate,TNW
20TNX,Available,Intermediate,TNX
20TNZ,Available,Intermediate,TNZ
20TOC,Available,Intermediate,TOC
20TOD,Available,Intermediate,TOD
20TOF,Available,Intermediate,TOF
20TOI,Available,Intermediate,TOI
20TOJ,Available,Intermediate,TOJ
20TOQ,Available,Intermediate,TOQ
20TOU,Available,Intermediate,TOU
20TOV,Available,Intermediate,TOV
20TOY,Available,Intermediate,TOY
20TOZ,Available,Intermediate,TOZ
20TPA,Available,Intermediate,TPA
20TPB,Available,Intermediate,TPB
20TPE,Available,Intermediate,TPE
20TPF,Available,Intermediate,TPF
20TPI,Available,Intermediate,TPI
20TPK,Available,Intermediate,TPK
20TPL,Available,Intermediate,TPL
20TPN,Available,Intermediate,TPN
20TPO,Available,Intermediate,TPO
20TPQ,Available,Intermediate,TPQ
20TPR,Available,Intermediate,TPR
20TPS,Available,Intermediate,TPS
20TPT,Available,Intermediate,TPT
20TPU,Available,Intermediate,TPU
20TPV,Available,Intermediate,TPV
20TPY,Available,Intermediate,TPY
20TQA,Available,Intermediate,TQA
20TQC,Available,Intermediate,TQC
20TQD,Available,Intermediate,TQD
20TQE,Available,Intermediate,TQE
20TQG,Available,Intermediate,TQG
20TQH,Available,Intermediate,TQH
20TQI,Available,Intermediate,TQI
20TQJ,Available,Intermediate,TQJ
20TQK,Available,Intermediate,TQK
20TQL,Available,Intermediate,TQL
20TQM,Available,Intermediate,TQM
20TQN,Available,Intermediate,TQN
20TQO,Available,Intermediate,TQO
20TQP,Available,Intermediate,TQP
20TQQ,Available,Intermediate,TQQ
20TQT,Available,Intermediate,TQT
20TQU,Available,Intermediate,TQU
20TQV,Available,Intermediate,TQV
20TQW,Available,Intermediate,TQW
20TQX,Available,Intermediate,TQX
20TQY,Available,Intermediate,TQY
20TQZ,Available,Intermediate,TQZ
20TRI,Available,Intermediate,TRI
20TRJ,Available,Intermediate,TRJ
20TRN,Available,Intermediate,TRN
20TRS,Available,Intermediate,TRS
20TRY,Available,Intermediate,TRY
20TRZ,Available,Intermediate,TRZ
20TSE,Available,Intermediate,TSE
20TSF,Available,Intermediate,TSF
20TSH,Available,Intermediate,TSH
20TSL,Available,Intermediate,TSL
20TSN,Available,Intermediate,TSN
20TSO,Available,Intermediate,TSO
20TSP,Available,Intermediate,TSP
20TSQ,Available,Intermediate,TSQ
20TSS,Available,Intermediate,TSS
20TSV,Available,Intermediate,TSV
20TSY,Available,Intermediate,TSY
20TSZ,Available,Intermediate,TSZ
20TTE,Available,Intermediate,TTE
20TTG,Available,Intermediate,TTG
20TTH,Available,Intermediate,TTH
20TTK,Available,Intermediate,TTK
20TTM,Available,Intermediate,TTM
20TTN,Available,Intermediate,TTN
20TTP,Available,Intermediate,TTP
20TTQ,Available,Intermediate,TTQ
20TTR,Available,Intermediate,TTR
20TTU,Available,Intermediate,TTU
20TTV,Available,Intermediate,TTV
20TTW,Available,Intermediate,TTW
20TTZ,Available,Intermediate,TTZ
20TUB,Available,Intermediate,TUB
20TUD,Available,Intermediate,TUD
20TUE,Available,Intermediate,TUE
20TUG,Available,Intermediate,TUG
20TUJ,Available,Intermediate,TUJ
20TUL,Available,Intermediate,TUL
20TUM,Available,Intermediate,TUM
20TUN,Available,Intermediate,TUN
20TUO,Available,Intermediate,TUO
20TUQ,Available,Intermediate,TUQ
20TUS,Available,Intermediate,TUS
20TUT,Available,Intermediate,TUT
20TUU,Available,Intermediate,TUU
20TUV,Available,Intermediate,TUV
20TUW,Available,Intermediate,TUW
20TUY,Available,Intermediate,TUY
20TUZ,Available,Intermediate,TUZ
20TVA,Available,Intermediate,TVA
20TVB,Available,Intermediate,TVB
20TVD,Available,Intermediate,TVD
20TVF,Available,Intermediate,TVF
20TVG,Available,Intermediate,TVG
20TVH,Available,Intermediate,TVH
20TVJ,Available,Intermediate,TVJ
20TVK,Available,Intermediate,TVK
20TVN,Available,Intermediate,TVN
20TVO,Available,Intermediate,TVO
20TVQ,Available,Intermediate,TVQ
20TVS,Available,Intermediate,TVS
20TVU,Available,Intermediate,TVU
20TVV,Available,Intermediate,TVV
20TVX,Available,Intermediate,TVX
20TVY,Available,Intermediate,TVY
20TWA,Available,Intermediate,TWA
20TWB,Available,Intermediate,TWB
20TWC,Available,Intermediate,TWC
20TWD,Available,Intermediate,TWD
20TWE,Available,Intermediate,TWE
20TWF,Available,Intermediate,TWF
20TWG,Available,Intermediate,TWG
20TWH,Available,Intermediate,TWH
20TWJ,Available,Intermediate,TWJ
20TWK,Available,Intermediate,TWK
20TWN,Available,Intermediate,TWN
20TWP,Available,Intermediate,TWP
20TWR,Available,Intermediate,TWR
20TWU,Available,Intermediate,TWU
20TWV,Available,Intermediate,TWV
20TWX,Available,Intermediate,TWX
20TWY,Available,Intermediate,TWY
20TXB,Available,Intermediate,TXB
20TXE,Available,Intermediate,TXE
20TXF,Available,Intermediate,TXF
20TXH,Available,Intermediate,TXH
20TXI,Available,Intermediate,TXI
20TXK,Available,Intermediate,TXK
20TXL,Available,Intermediate,TXL
20TXN,Available,Intermediate,TXN
20TXO,Available,Intermediate,TXO
20TXQ,Available,Intermediate,TXQ
20TXS,Available,Intermediate,TXS
20TXU,Available,Intermediate,TXU
20TXV,Available,Intermediate,TXV
20TXW,Available,Intermediate,TXW
20TXX,Available,Intermediate,TXX
20TXZ,Available,Intermediate,TXZ
20TYA,Available,Intermediate,TYA
20TYB,Available,Intermediate,TYB
20TYD,Available,Intermediate,TYD
20TYH,Available,Intermediate,TYH
20TYI,Available,Intermediate,TYI
20TYJ,Available,Intermediate,TYJ
20TYM,Available,Intermediate,TYM
20TYN,Available,Intermediate,TYN
20TYQ,Available,Intermediate,TYQ
20TYS,Available,Intermediate,TYS
20TYV,Available,Intermediate,TYV
20TYW,Available,Intermediate,TYW
20TYX,Available,Intermediate,TYX
20TYY,Available,Intermediate,TYY
20TYZ,Available,Intermediate,TYZ
20TZB,Available,Intermediate,TZB
20TZC,Available,Intermediate,TZC
20TZD,Available,Intermediate,TZD
20TZE,Available,Intermediate,TZE
20TZF,Available,Intermediate,TZF
20TZG,Available,Intermediate,TZG
20TZH,Available,Intermediate,TZH
20TZI,Available,Intermediate,TZI
20TZJ,Available,Intermediate,TZJ
20TZK,Available,Intermediate,TZK
20TZL,Available,Intermediate,TZL
20TZN,Available,Intermediate,TZN
20TZP,Available,Intermediate,TZP
20TZQ,Available,Intermediate,TZQ
20TZS,Available,Intermediate,TZS
20TZT,Available,Intermediate,TZT
20TZU,Available,Intermediate,TZU
20TZV,Available,Intermediate,TZV
20TZW,Available,Intermediate,TZW
20TZX,Available,Intermediate,TZX
20TZZ,Available,Intermediate,TZZ
20UAD,Available,Intermediate,UAD
20UAG,Available,Intermediate,UAG
20UAH,Available,Intermediate,UAH
20UAI,Available,Intermediate,UAI
20UAJ,Available,Intermediate,UAJ
20UAK,Available,Intermediate,UAK
20UAL,Available,Intermediate,UAL
20UAN,Available,Intermediate,UAN
20UAP,Available,Intermediate,UAP
20UAQ,Available,Intermediate,UAQ
20UAR,Available,Intermediate,UAR
20UAS,Available,Intermediate,UAS
20UAT,Available,Intermediate,UAT
20UAU,Available,Intermediate,UAU
20UAW,Available,Intermediate,UAW
20UAX,Available,Intermediate,UAX
20UAZ,Available,Intermediate,UAZ
20UBA,Available,Intermediate,UBA
20UBB,Available,Intermediate,UBB
20UBC,Available,Intermediate,UBC
20UBD,Available,Intermediate,UBD
20UBE,Available,Intermediate,UBE
20UBF,Available,Intermediate,UBF
20UBG,Available,Intermediate,UBG
20UBH,Available,Intermediate,UBH
20UBI,Available,Intermediate,UBI
20UBJ,Available,Intermediate,UBJ
20UBK,Available,Intermediate,UBK
20UBL,Available,Intermediate,UBL
20UBM,Available,Intermediate,UBM
20UBN,Available,Intermediate,UBN
20UBO,Available,Intermediate,UBO
20UBP,Available,Intermediate,UBP
20UBQ,Available,Intermediate,UBQ
20UBR,Available,Intermediate,UBR
20UBS,Available,Intermediate,UBS
20UBU,Available,Intermediate,UBU
20UBV,Available,Intermediate,UBV
20UBX,Available,Intermediate,UBX
20UBY,Available,Intermediate,UBY
20UBZ,Available,Intermediate,UBZ
20UCA,Available,Intermediate,UCA
20UCB,Available,Intermediate,UCB
20UCC,Available,Intermediate,UCC
20UCD,Available,Intermediate,UCD
20UCE,Available,Intermediate,UCE
20UCF,Available,Intermediate,UCF
20UCG,Available,Intermediate,UCG
20UCI,Available,Intermediate,UCI
20UCJ,Available,Intermediate,UCJ
20UCL,Available,Intermediate,UCL
20UCM,Available,Intermediate,UCM
20UCN,Available,Intermediate,UCN
20UCO,Available,Intermediate,UCO
20UCP,Available,Intermediate,UCP
20UCQ,Available,Intermediate,UCQ
20UCR,Available,Intermediate,UCR
20UCT,Available,Intermediate,UCT
20UCU,Available,Intermediate,UCU
20UCW,Available,Intermediate,UCW
20UCX,Available,Intermediate,UCX
20UCY,Available,Intermediate,UCY
20UCZ,Available,Intermediate,UCZ
20UDB,Available,Intermediate,UDB
20UDC,Available,Intermediate,UDC
20UDD,Available,Intermediate,UDD
20UDF,Available,Intermediate,UDF
20UDH,Available,Intermediate,UDH
20UDI,Available,Intermediate,UDI
20UDJ,Available,Intermediate,UDJ
20UDK,Available,Intermediate,UDK
20UDM,Available,Intermediate,UDM
20UDN,Available,Intermediate,UDN
20UDO,Available,Intermediate,UDO
20UDP,Available,Intermediate,UDP
20UDQ,Available,Intermediate,UDQ
20UDR,Available,Intermediate,UDR
20UDS,Available,Intermediate,UDS
20UDT,Available,Intermediate,UDT
20UDU,Available,Intermediate,UDU
20UDV,Available,Intermediate,UDV
20UDW,Available,Intermediate,UDW
20UDY,Available,Intermediate,UDY
20UDZ,Available,Intermediate,UDZ
20UEB,Available,Intermediate,UEB
20UEC,Available,Intermediate,UEC
20UED,Available,Intermediate,UED
20UEE,Available,Intermediate,UEE
20UEF,Available,Intermediate,UEF
20UEG,Available,Intermediate,UEG
20UEH,Available,Intermediate,UEH
20UEI,Available,Intermediate,UEI
20UEJ,Available,Intermediate,UEJ
20UEK,Available,Intermediate,UEK
20UEL,Available,Intermediate,UEL
20UEM,Available,Intermediate,UEM
20UEN,Available,Intermediate,UEN
20UEO,Available,Intermediate,UEO
20UEP,Available,Intermediate,UEP
20UEQ,Available,Intermediate,UEQ
20UER,Available,Intermediate,UER
20UES,Available,Intermediate,UES
20UET,Available,Intermediate,UET
20UEU,Available,Intermediate,UEU
20UEV,Available,Intermediate,UEV
20UEW,Available,Intermediate,UEW
20UEX,Available,Intermediate,UEX
20UEY,Available,Intermediate,UEY
20UEZ,Available,Intermediate,UEZ
20UFA,Available,Intermediate,UFA
20UFB,Available,Intermediate,UFB
20UFC,Available,Intermediate,UFC
20UFD,Available,Intermediate,UFD
20UFE,Available,Intermediate,UFE
20UFF,Available,Intermediate,UFF
20UFG,Available,Intermediate,UFG
20UFH,Available,Intermediate,UFH
20UFI,Available,Intermediate,UFI
20UFJ,Available,Intermediate,UFJ
20UFK,Available,Intermediate,UFK
20UFL,Available,Intermediate,UFL
20UFM,Available,Intermediate,UFM
20UFN,Available,Intermediate,UFN
20UFP,Available,Intermediate,UFP
20UFQ,Available,Intermediate,UFQ
20UFR,Available,Intermediate,UFR
20UFS,Available,Intermediate,UFS
20UFT,Available,Intermediate,UFT
20UFU,Available,Intermediate,UFU
20UFV,Available,Intermediate,UFV
20UFW,Available,Intermediate,UFW
20UFX,Available,Intermediate,UFX
20UFY,Available,Intermediate,UFY
20UFZ,Available,Intermediate,UFZ
20UGA,Available,Intermediate,UGA
20UGB,Available,Intermediate,UGB
20UGC,Available,Intermediate,UGC
20UGE,Available,Intermediate,UGE
20UGG,Available,Intermediate,UGG
20UGI,Available,Intermediate,UGI
20UGJ,Available,Intermediate,UGJ
20UGK,Available,Intermediate,UGK
20UGM,Available,Intermediate,UGM
20UGN,Available,Intermediate,UGN
20UGP,Available,Intermediate,UGP
20UGQ,Available,Intermediate,UGQ
20UGR,Available,Intermediate,UGR
20UGS,Available,Intermediate,UGS
20UGT,Available,Intermediate,UGT
20UGU,Available,Intermediate,UGU
20UGV,Available,Intermediate,UGV
20UGW,Available,Intermediate,UGW
20UGX,Available,Intermediate,UGX
20UGY,Available,Intermediate,UGY
20UGZ,Available,Intermediate,UGZ
20UHA,Available,Intermediate,UHA
20UHB,Available,Intermediate,UHB
20UHC,Available,Intermediate,UHC
20UHD,Available,Intermediate,UHD
20UHE,Available,Intermediate,UHE
20UHG,Available,Intermediate,UHG
20UHH,Available,Intermediate,UHH
20UHI,Available,Intermediate,UHI
20UHK,Available,Intermediate,UHK
20UHM,Available,Intermediate,UHM
20UHN,Available,Intermediate,UHN
20UHO,Available,Intermediate,UHO
20UHP,Available,Intermediate,UHP
20UHQ,Available,Intermediate,UHQ
20UHR,Available,Intermediate,UHR
20UHT,Available,Intermediate,UHT
20UHU,Available,Intermediate,UHU
20UHV,Available,Intermediate,UHV
20UHW,Available,Intermediate,UHW
20UHX,Available,Intermediate,UHX
20UHY,Available,Intermediate,UHY
20UHZ,Available,Intermediate,UHZ
20UIA,Available,Intermediate,UIA
20UIB,Available,Intermediate,UIB
20UIC,Available,Intermediate,UIC
20UID,Available,Intermediate,UID
20UIE,Available,Intermediate,UIE
20UIF,Available,Intermediate,UIF
20UIG,Available,Intermediate,UIG
20UIH,Available,Intermediate,UIH
20UII,Available,Intermediate,UII
20UIJ,Available,Intermediate,UIJ
20UIK,Available,Intermediate,UIK
20UIL,Available,Intermediate,UIL
20UIM,Available,Intermediate,UIM
20UIN,Available,Intermediate,UIN
20UIO,Available,Intermediate,UIO
20UIR,Available,Intermediate,UIR
20UIS,Available,Intermediate,UIS
20UIT,Available,Intermediate,UIT
20UIU,Available,Intermediate,UIU
20UIV,Available,Intermediate,UIV
20UIW,Available,Intermediate,UIW
20UIX,Available,Intermediate,UIX
20UIY,Available,Intermediate,UIY
20UIZ,Available,Intermediate,UIZ
20UJA,Available,Intermediate,UJA
20UJB,Available,Intermediate,UJB
20UJE,Available,Intermediate,UJE
20UJF,Available,Intermediate,UJF
20UJG,Available,Intermediate,UJG
20UJH,Available,Intermediate,UJH
20UJI,Available,Intermediate,UJI
20UJJ,Available,Intermediate,UJJ
20UJK,Available,Intermediate,UJK
20UJL,Available,Intermediate,UJL
20UJM,Available,Intermediate,UJM
20UJN,Available,Intermediate,UJN
20UJO,Available,Intermediate,UJO
20UJP,Available,Intermediate,UJP
20UJQ,Available,Intermediate,UJQ
20UJR,Available,Intermediate,UJR
20UJS,Available,Intermediate,UJS
20UJT,Available,Intermediate,UJT
20UJU,Available,Intermediate,UJU
20UJV,Available,Intermediate,UJV
20UJW,Available,Intermediate,UJW
20UJX,Available,Intermediate,UJX
20UJY,Available,Intermediate,UJY
20UJZ,Available,Intermediate,UJZ
20UKB,Available,Intermediate,UKB
20UKC,Available,Intermediate,UKC
20UKE,Available,Intermediate,UKE
20UKF,Available,Intermediate,UKF
20UKI,Available,Intermediate,UKI
20UKJ,Available,Intermediate,UKJ
20UKK,Available,Intermediate,UKK
20UKN,Available,Intermediate,UKN
20UKS,Available,Intermediate,UKS
20UKT,Available,Intermediate,UKT
20UKU,Available,Intermediate,UKU
20UKW,Available,Intermediate,UKW
20UKY,Available,Intermediate,UKY
20UKZ,Available,Intermediate,UKZ
20ULB,Available,Intermediate,ULB
20ULD,Available,Intermediate,ULD
20ULE,Available,Intermediate,ULE
20ULG,Available,Intermediate,ULG
20ULI,Available,Intermediate,ULI
20ULJ,Available,Intermediate,ULJ
20ULK,Available,Intermediate,ULK
20ULM,Available,Intermediate,ULM
20ULN,Available,Intermediate,ULN
20ULO,Available,Intermediate,ULO
20ULP,Available,Intermediate,ULP
20ULQ,Available,Intermediate,ULQ
20ULR,Available,Intermediate,ULR
20ULS,Available,Intermediate,ULS
20ULT,Available,Intermediate,ULT
20ULU,Available,Intermediate,ULU
20ULV,Available,Intermediate,ULV
20ULW,Available,Intermediate,ULW
20ULX,Available,Intermediate,ULX
20ULY,Available,Intermediate,ULY
20ULZ,Available,Intermediate,ULZ
20UMA,Available,Intermediate,UMA
20UMC,Available,Intermediate,UMC
20UMD,Available,Intermediate,UMD
20UME,Available,Intermediate,UME
20UMF,Available,Intermediate,UMF
20UMG,Available,Intermediate,UMG
20UMJ,Available,Intermediate,UMJ
20UMK,Available,Intermediate,UMK
20UML,Available,Intermediate,UML
20UMM,Available,Intermediate,UMM
20UMN,Available,Intermediate,UMN
20UMO,Available,Intermediate,UMO
20UMP,Available,Intermediate,UMP
20UMQ,Available,Intermediate,UMQ
20UMR,Available,Intermediate,UMR
20UMS,Available,Intermediate,UMS
20UMT,Available,Intermediate,UMT
20UMU,Available,Intermediate,UMU
20UMV,Available,Intermediate,UMV
20UMW,Available,Intermediate,UMW
20UMX,Available,Intermediate,UMX
20UMY,Available,Intermediate,UMY
20UMZ,Available,Intermediate,UMZ
20UNA,Available,Intermediate,UNA
20UNB,Available,Intermediate,UNB
20UNC,Available,Intermediate,UNC
20UND,Available,Intermediate,UND
20UNF,Available,Intermediate,UNF
20UNG,Available,Intermediate,UNG
20UNH,Available,Intermediate,UNH
20UNJ,Available,Intermediate,UNJ
20UNK,Available,Intermediate,UNK
20UNL,Available,Intermediate,UNL
20UNM,Available,Intermediate,UNM
20UNO,Available,Intermediate,UNO
20UNP,Available,Intermediate,UNP
20UNQ,Available,Intermediate,UNQ
20UNR,Available,Intermediate,UNR
20UNS,Available,Intermediate,UNS
20UNT,Available,Intermediate,UNT
20UNU,Available,Intermediate,UNU
20UNV,Available,Intermediate,UNV
20UNW,Available,Intermediate,UNW
20UNX,Available,Intermediate,UNX
20UNY,Available,Intermediate,UNY
20UNZ,Available,Intermediate,UNZ
20UOA,Available,Intermediate,UOA
20UOB,Available,Intermediate,UOB
20UOC,Available,Intermediate,UOC
20UOD,Available,Intermediate,UOD
20UOE,Available,Intermediate,UOE
20UOF,Available,Intermediate,UOF
20UOH,Available,Intermediate,UOH
20UOI,Available,Intermediate,UOI
20UOL,Available,Intermediate,UOL
20UOM,Available,Intermediate,UOM
20UON,Available,Intermediate,UON
20UOP,Available,Intermediate,UOP
20UOQ,Available,Intermediate,UOQ
20UOR,Available,Intermediate,UOR
20UOS,Available,Intermediate,UOS
20UOT,Available,Intermediate,UOT
20UOU,Available,Intermediate,UOU
20UOV,Available,Intermediate,UOV
20UOW,Available,Intermediate,UOW
20UOX,Available,Intermediate,UOX
20UOY,Available,Intermediate,UOY
20UOZ,Available,Intermediate,UOZ
20UPB,Available,Intermediate,UPB
20UPC,Available,Intermediate,UPC
20UPD,Available,Intermediate,UPD
20UPE,Available,Intermediate,UPE
20UPF,Available,Intermediate,UPF
20UPI,Available,Intermediate,UPI
20UPJ,Available,Intermediate,UPJ
20UPK,Available,Intermediate,UPK
20UPL,Available,Intermediate,UPL
20UPM,Available,Intermediate,UPM
20UPN,Available,Intermediate,UPN
20UPO,Available,Intermediate,UPO
20UPP,Available,Intermediate,UPP
20UPQ,Available,Intermediate,UPQ
20UPR,Available,Intermediate,UPR
20UPS,Available,Intermediate,UPS
20UPV,Available,Intermediate,UPV
20UPW,Available,Intermediate,UPW
20UPX,Available,Intermediate,UPX
20UPY,Available,Intermediate,UPY
20UPZ,Available,Intermediate,UPZ
20UQA,Available,Intermediate,UQA
20UQB,Available,Intermediate,UQB
20UQC,Available,Intermediate,UQC
20UQD,Available,Intermediate,UQD
20UQE,Available,Intermediate,UQE
20UQF,Available,Intermediate,UQF
20UQG,Available,Intermediate,UQG
20UQH,Available,Intermediate,UQH
20UQI,Available,Intermediate,UQI
20UQJ,Available,Intermediate,UQJ
20UQK,Available,Intermediate,UQK
20UQL,Available,Intermediate,UQL
20UQM,Available,Intermediate,UQM
20UQN,Available,Intermediate,UQN
20UQO,Available,Intermediate,UQO
20UQP,Available,Intermediate,UQP
20UQQ,Available,Intermediate,UQQ
20UQR,Available,Intermediate,UQR
20UQS,Available,Intermediate,UQS
20UQT,Available,Intermediate,UQT
20UQU,Available,Intermediate,UQU
20UQV,Available,Intermediate,UQV
20UQW,Available,Intermediate,UQW
20UQX,Available,Intermediate,UQX
20UQY,Available,Intermediate,UQY
20UQZ,Available,Intermediate,UQZ
20URA,Available,Intermediate,URA
20URB,Available,Intermediate,URB
20URC,Available,Intermediate,URC
20URD,Available,Intermediate,URD
20URE,Available,Intermediate,URE
20URG,Available,Intermediate,URG
20URH,Available,Intermediate,URH
20URI,Available,Intermediate,URI
20URK,Available,Intermediate,URK
20URL,Available,Intermediate,URL
20URM,Available,Intermediate,URM
20URO,Available,Intermediate,URO
20URP,Available,Intermediate,URP
20URQ,Available,Intermediate,URQ
20URR,Available,Intermediate,URR
20URS,Available,Intermediate,URS
20URT,Available,Intermediate,URT
20URU,Available,Intermediate,URU
20URV,Available,Intermediate,URV
20URW,Available,Intermediate,URW
20URX,Available,Intermediate,URX
20URY,Available,Intermediate,URY
20URZ,Available,Intermediate,URZ
20USD,Available,Intermediate,USD
20USF,Available,Intermediate,USF
20USG,Available,Intermediate,USG
20USH,Available,Intermediate,USH
20USI,Available,Intermediate,USI
20USJ,Available,Intermediate,USJ
20USK,Available,Intermediate,USK
20USL,Available,Intermediate,USL
20USM,Available,Intermediate,USM
20USO,Available,Intermediate,USO
20USP,Available,Intermediate,USP
20USS,Available,Intermediate,USS
20UST,Available,Intermediate,UST
20USW,Available,Intermediate,USW
20USX,Available,Intermediate,USX
20USY,Available,Intermediate,USY
20USZ,Available,Intermediate,USZ
20UTA,Available,Intermediate,UTA
20UTB,Available,Intermediate,UTB
20UTE,Available,Intermediate,UTE
20UTF,Available,Intermediate,UTF
20UTG,Available,Intermediate,UTG
20UTI,Available,Intermediate,UTI
20UTJ,Available,Intermediate,UTJ
20UTK,Available,Intermediate,UTK
20UTN,Available,Intermediate,UTN
20UTP,Available,Intermediate,UTP
20UTQ,Available,Intermediate,UTQ
20UTR,Available,Intermediate,UTR
20UTS,Available,Intermediate,UTS
20UTT,Available,Intermediate,UTT
20UTU,Available,Intermediate,UTU
20UTV,Available,Intermediate,UTV
20UTW,Available,Intermediate,UTW
20UTY,Available,Intermediate,UTY
20UTZ,Available,Intermediate,UTZ
20UUB,Available,Intermediate,UUB
20UUD,Available,Intermediate,UUD
20UUE,Available,Intermediate,UUE
20UUF,Available,Intermediate,UUF
20UUG,Available,Intermediate,UUG
20UUH,Available,Intermediate,UUH
20UUI,Available,Intermediate,UUI
20UUJ,Available,Intermediate,UUJ
20UUK,Available,Intermediate,UUK
20UUL,Available,Intermediate,UUL
20UUM,Available,Intermediate,UUM
20UUN,Available,Intermediate,UUN
20UUO,Available,Intermediate,UUO
20UUP,Available,Intermediate,UUP
20UUQ,Available,Intermediate,UUQ
20UUR,Available,Intermediate,UUR
20UUS,Available,Intermediate,UUS
20UUT,Available,Intermediate,UUT
20UUV,Available,Intermediate,UUV
20UUX,Available,Intermediate,UUX
20UUY,Available,Intermediate,UUY
20UUZ,Available,Intermediate,UUZ
20UVA,Available,Intermediate,UVA
20UVB,Available,Intermediate,UVB
20UVC,Available,Intermediate,UVC
20UVD,Available,Intermediate,UVD
20UVE,Available,Intermediate,UVE
20UVF,Available,Intermediate,UVF
20UVG,Available,Intermediate,UVG
20UVH,Available,Intermediate,UVH
20UVI,Available,Intermediate,UVI
20UVJ,Available,Intermediate,UVJ
20UVK,Available,Intermediate,UVK
20UVL,Available,Intermediate,UVL
20UVM,Available,Intermediate,UVM
20UVN,Available,Intermediate,UVN
20UVQ,Available,Intermediate,UVQ
20UVR,Available,Intermediate,UVR
20UVS,Available,Intermediate,UVS
20UVT,Available,Intermediate,UVT
20UVU,Available,Intermediate,UVU
20UVW,Available,Intermediate,UVW
20UVX,Available,Intermediate,UVX
20UVY,Available,Intermediate,UVY
20UWA,Available,Intermediate,UWA
20UWB,Available,Intermediate,UWB
20UWD,Available,Intermediate,UWD
20UWE,Available,Intermediate,UWE
20UWF,Available,Intermediate,UWF
20UWG,Available,Intermediate,UWG
20UWH,Available,Intermediate,UWH
20UWJ,Available,Intermediate,UWJ
20UWK,Available,Intermediate,UWK
20UWL,Available,Intermediate,UWL
20UWM,Available,Intermediate,UWM
20UWN,Available,Intermediate,UWN
20UWO,Available,Intermediate,UWO
20UWP,Available,Intermediate,UWP
20UWQ,Available,Intermediate,UWQ
20UWR,Available,Intermediate,UWR
20UWS,Available,Intermediate,UWS
20UWU,Available,Intermediate,UWU
20UWV,Available,Intermediate,UWV
20UWW,Available,Intermediate,UWW
20UWX,Available,Intermediate,UWX
20UWY,Available,Intermediate,UWY
20UWZ,Available,Intermediate,UWZ
20UXC,Available,Intermediate,UXC
20UXD,Available,Intermediate,UXD
20UXE,Available,Intermediate,UXE
20UXF,Available,Intermediate,UXF
20UXG,Available,Intermediate,UXG
20UXH,Available,Intermediate,UXH
20UXI,Available,Intermediate,UXI
20UXJ,Available,Intermediate,UXJ
20UXK,Available,Intermediate,UXK
20UXL,Available,Intermediate,UXL
20UXM,Available,Intermediate,UXM
20UXN,Available,Intermediate,UXN
20UXP,Available,Intermediate,UXP
20UXQ,Available,Intermediate,UXQ
20UXR,Available,Intermediate,UXR
20UXT,Available,Intermediate,UXT
20UXU,Available,Intermediate,UXU
20UXV,Available,Intermediate,UXV
20UXX,Available,Intermediate,UXX
20UXY,Available,Intermediate,UXY
20UXZ,Available,Intermediate,UXZ
20UYA,Available,Intermediate,UYA
20UYB,Available,Intermediate,UYB
20UYC,Available,Intermediate,UYC
20UYE,Available,Intermediate,UYE
20UYF,Available,Intermediate,UYF
20UYG,Available,Intermediate,UYG
20UYH,Available,Intermediate,UYH
20UYI,Available,Intermediate,UYI
20UYJ,Available,Intermediate,UYJ
20UYK,Available,Intermediate,UYK
20UYL,Available,Intermediate,UYL
20UYM,Available,Intermediate,UYM
20UYN,Available,Intermediate,UYN
20UYO,Available,Intermediate,UYO
20UYQ,Available,Intermediate,UYQ
20UYR,Available,Intermediate,UYR
20UYS,Available,Intermediate,UYS
20UYT,Available,Intermediate,UYT
20UYU,Available,Intermediate,UYU
20UYV,Available,Intermediate,UYV
20UYW,Available,Intermediate,UYW
20UYX,Available,Intermediate,UYX
20UYY,Available,Intermediate,UYY
20UYZ,Available,Intermediate,UYZ
20UZA,Available,Intermediate,UZA
20UZB,Available,Intermediate,UZB
20UZC,Available,Intermediate,UZC
20UZD,Available,Intermediate,UZD
20UZE,Available,Intermediate,UZE
20UZG,Available,Intermediate,UZG
20UZH,Available,Intermediate,UZH
20UZI,Available,Intermediate,UZI
20UZJ,Available,Intermediate,UZJ
20UZK,Available,Intermediate,UZK
20UZL,Available,Intermediate,UZL
20UZM,Available,Intermediate,UZM
20UZN,Available,Intermediate,UZN
20UZP,Available,Intermediate,UZP
20UZQ,Available,Intermediate,UZQ
20UZR,Available,Intermediate,UZR
20UZS,Available,Intermediate,UZS
20UZT,Available,Intermediate,UZT
20UZU,Available,Intermediate,UZU
20UZV,Available,Intermediate,UZV
20UZW,Available,Intermediate,UZW
20UZX,Available,Intermediate,UZX
20UZY,Available,Intermediate,UZY
20UZZ,Available,Intermediate,UZZ
20VAO,Available,Intermediate,VAO
20VAQ,Available,Intermediate,VAQ
20VBE,Available,Intermediate,VBE
20VBF,Available,Intermediate,VBF
20VBG,Available,Intermediate,VBG
20VBH,Available,Intermediate,VBH
20VBI,Available,Intermediate,VBI
20VBJ,Available,Intermediate,VBJ
20VBL,Available,Intermediate,VBL
20VBO,Available,Intermediate,VBO
20VBP,Available,Intermediate,VBP
20VBS,Available,Intermediate,VBS
20VBT,Available,Intermediate,VBT
20VBU,Available,Intermediate,VBU
20VBV,Available,Intermediate,VBV
20VBW,Available,Intermediate,VBW
20VBX,Available,Intermediate,VBX
20VBZ,Available,Intermediate,VBZ
20VCA,Available,Intermediate,VCA
20VCG,Available,Intermediate,VCG
20VCI,Available,Intermediate,VCI
20VCJ,Available,Intermediate,VCJ
20VCK,Available,Intermediate,VCK
20VCL,Available,Intermediate,VCL
20VCN,Available,Intermediate,VCN
20VCP,Available,Intermediate,VCP
20VCQ,Available,Intermediate,VCQ
20VCR,Available,Intermediate,VCR
20VCV,Available,Intermediate,VCV
20VCW,Available,Intermediate,VCW
20VCX,Available,Intermediate,VCX
20VCZ,Available,Intermediate,VCZ
20VDA,Available,Intermediate,VDA
20VDF,Available,Intermediate,VDF
20VDG,Available,Intermediate,VDG
20VDH,Available,Intermediate,VDH
20VDI,Available,Intermediate,VDI
20VDJ,Available,Intermediate,VDJ
20VDK,Available,Intermediate,VDK
20VDL,Available,Intermediate,VDL
20VDN,Available,Intermediate,VDN
20VDO,Available,Intermediate,VDO
20VDQ,Available,Intermediate,VDQ
20VDR,Available,Intermediate,VDR
20VDT,Available,Intermediate,VDT
20VDU,Available,Intermediate,VDU
20VDV,Available,Intermediate,VDV
20VDY,Available,Intermediate,VDY
20VDZ,Available,Intermediate,VDZ
20VEA,Available,Intermediate,VEA
20VEB,Available,Intermediate,VEB
20VED,Available,Intermediate,VED
20VEE,Available,Intermediate,VEE
20VEI,Available,Intermediate,VEI
20VEJ,Available,Intermediate,VEJ
20VEL,Available,Intermediate,VEL
20VEM,Available,Intermediate,VEM
20VEN,Available,Intermediate,VEN
20VEO,Available,Intermediate,VEO
20VEQ,Available,Intermediate,VEQ
20VES,Available,Intermediate,VES
20VEU,Available,Intermediate,VEU
20VEW,Available,Intermediate,VEW
20VEX,Available,Intermediate,VEX
20VEY,Available,Intermediate,VEY
20VEZ,Available,Intermediate,VEZ
20VFA,Available,Intermediate,VFA
20VFB,Available,Intermediate,VFB
20VFC,Available,Intermediate,VFC
20VFD,Available,Intermediate,VFD
20VFE,Available,Intermediate,VFE
20VFF,Available,Intermediate,VFF
20VFG,Available,Intermediate,VFG
20VFH,Available,Intermediate,VFH
20VFI,Available,Intermediate,VFI
20VFJ,Available,Intermediate,VFJ
20VFK,Available,Intermediate,VFK
20VFL,Available,Intermediate,VFL
20VFM,Available,Intermediate,VFM
20VFN,Available,Intermediate,VFN
20VFP,Available,Intermediate,VFP
20VFQ,Available,Intermediate,VFQ
20VFS,Available,Intermediate,VFS
20VFT,Available,Intermediate,VFT
20VFU,Available,Intermediate,VFU
20VFV,Available,Intermediate,VFV
20VFW,Available,Intermediate,VFW
20VFX,Available,Intermediate,VFX
20VFY,Available,Intermediate,VFY
20VFZ,Available,Intermediate,VFZ
20VGA,Available,Intermediate,VGA
20VGC,Available,Intermediate,VGC
20VGD,Available,Intermediate,VGD
20VGE,Available,Intermediate,VGE
20VGF,Available,Intermediate,VGF
20VGG,Available,Intermediate,VGG
20VGH,Available,Intermediate,VGH
20VGI,Available,Intermediate,VGI
20VGJ,Available,Intermediate,VGJ
20VGL,Available,Intermediate,VGL
20VGM,Available,Intermediate,VGM
20VGN,Available,Intermediate,VGN
20VGO,Available,Intermediate,VGO
20VGP,Available,Intermediate,VGP
20VGQ,Available,Intermediate,VGQ
20VGR,Available,Intermediate,VGR
20VGT,Available,Intermediate,VGT
20VGU,Available,Intermediate,VGU
20VGV,Available,Intermediate,VGV
20VGX,Available,Intermediate,VGX
20VGY,Available,Intermediate,VGY
20VGZ,Available,Intermediate,VGZ
20VHB,Available,Intermediate,VHB
20VHD,Available,Intermediate,VHD
20VHE,Available,Intermediate,VHE
20VHG,Available,Intermediate,VHG
20VHH,Available,Intermediate,VHH
20VHI,Available,Intermediate,VHI
20VHJ,Available,Intermediate,VHJ
20VHK,Available,Intermediate,VHK
20VHL,Available,Intermediate,VHL
20VHM,Available,Intermediate,VHM
20VHN,Available,Intermediate,VHN
20VHO,Available,Intermediate,VHO
20VHP,Available,Intermediate,VHP
20VHQ,Available,Intermediate,VHQ
20VHT,Available,Intermediate,VHT
20VHU,Available,Intermediate,VHU
20VHW,Available,Intermediate,VHW
20VHX,Available,Intermediate,VHX
20VHY,Available,Intermediate,VHY
20VHZ,Available,Intermediate,VHZ
20VIA,Available,Intermediate,VIA
20VIB,Available,Intermediate,VIB
20VID,Available,Intermediate,VID
20VIE,Available,Intermediate,VIE
20VIF,Available,Intermediate,VIF
20VIG,Available,Intermediate,VIG
20VII,Available,Intermediate,VII
20VIJ,Available,Intermediate,VIJ
20VIK,Available,Intermediate,VIK
20VIO,Available,Intermediate,VIO
20VIQ,Available,Intermediate,VIQ
20VIT,Available,Intermediate,VIT
20VIU,Available,Intermediate,VIU
20VIW,Available,Intermediate,VIW
20VIX,Available,Intermediate,VIX
20VIY,Available,Intermediate,VIY
20VJA,Available,Intermediate,VJA
20VJC,Available,Intermediate,VJC
20VJD,Available,Intermediate,VJD
20VJE,Available,Intermediate,VJE
20VJG,Available,Intermediate,VJG
20VJI,Available,Intermediate,VJI
20VJJ,Available,Intermediate,VJJ
20VJK,Available,Intermediate,VJK
20VJM,Available,Intermediate,VJM
20VJN,Available,Intermediate,VJN
20VJP,Available,Intermediate,VJP
20VJQ,Available,Intermediate,VJQ
20VJR,Available,Intermediate,VJR
20VJS,Available,Intermediate,VJS
20VJT,Available,Intermediate,VJT
20VJU,Available,Intermediate,VJU
20VJV,Available,Intermediate,VJV
20VJW,Available,Intermediate,VJW
20VJX,Available,Intermediate,VJX
20VJY,Available,Intermediate,VJY
20VJZ,Available,Intermediate,VJZ
20VKB,Available,Intermediate,VKB
20VKC,Available,Intermediate,VKC
20VKD,Available,Intermediate,VKD
20VKE,Available,Intermediate,VKE
20VKF,Available,Intermediate,VKF
20VKH,Available,Intermediate,VKH
20VKI,Available,Intermediate,VKI
20VKJ,Available,Intermediate,VKJ
20VKK,Available,Intermediate,VKK
20VKL,Available,Intermediate,VKL
20VKM,Available,Intermediate,VKM
20VKP,Available,Intermediate,VKP
20VKR,Available,Intermediate,VKR
20VKT,Available,Intermediate,VKT
20VKU,Available,Intermediate,VKU
20VKW,Available,Intermediate,VKW
20VKX,Available,Intermediate,VKX
20VKZ,Available,Intermediate,VKZ
20VLC,Available,Intermediate,VLC
20VLD,Available,Intermediate,VLD
20VLE,Available,Intermediate,VLE
20VLG,Available,Intermediate,VLG
20VLH,Available,Intermediate,VLH
20VLI,Available,Intermediate,VLI
20VLJ,Available,Intermediate,VLJ
20VLK,Available,Intermediate,VLK
20VLM,Available,Intermediate,VLM
20VLN,Available,Intermediate,VLN
20VLO,Available,Intermediate,VLO
20VLP,Available,Intermediate,VLP
20VLQ,Available,Intermediate,VLQ
20VLR,Available,Intermediate,VLR
20VLW,Available,Intermediate,VLW
20VLX,Available,Intermediate,VLX
20VLY,Available,Intermediate,VLY
20VLZ,Available,Intermediate,VLZ
20VMB,Available,Intermediate,VMB
20VMD,Available,Intermediate,VMD
20VME,Available,Intermediate,VME
20VMG,Available,Intermediate,VMG
20VMH,Available,Intermediate,VMH
20VMI,Available,Intermediate,VMI
20VMJ,Available,Intermediate,VMJ
20VMK,Available,Intermediate,VMK
20VML,Available,Intermediate,VML
20VMO,Available,Intermediate,VMO
20VMP,Available,Intermediate,VMP
20VMQ,Available,Intermediate,VMQ
20VMS,Available,Intermediate,VMS
20VMU,Available,Intermediate,VMU
20VMW,Available,Intermediate,VMW
20VMX,Available,Intermediate,VMX
20VMY,Available,Intermediate,VMY
20VNA,Available,Intermediate,VNA
20VNC,Available,Intermediate,VNC
20VND,Available,Intermediate,VND
20VNE,Available,Intermediate,VNE
20VNF,Available,Intermediate,VNF
20VNG,Available,Intermediate,VNG
20VNH,Available,Intermediate,VNH
20VNI,Available,Intermediate,VNI
20VNJ,Available,Intermediate,VNJ
20VNL,Available,Intermediate,VNL
20VNM,Available,Intermediate,VNM
20VNP,Available,Intermediate,VNP
20VNQ,Available,Intermediate,VNQ
20VNR,Available,Intermediate,VNR
20VNS,Available,Intermediate,VNS
20VNT,Available,Intermediate,VNT
20VNU,Available,Intermediate,VNU
20VNV,Available,Intermediate,VNV
20VNX,Available,Intermediate,VNX
20VNY,Available,Intermediate,VNY
20VNZ,Available,Intermediate,VNZ
20VOA,Available,Intermediate,VOA
20VOB,Available,Intermediate,VOB
20VOC,Available,Intermediate,VOC
20VOE,Available,Intermediate,VOE
20VOF,Available,Intermediate,VOF
20VOG,Available,Intermediate,VOG
20VOH,Available,Intermediate,VOH
20VOI,Available,Intermediate,VOI
20VOJ,Available,Intermediate,VOJ
20VON,Available,Intermediate,VON
20VOO,Available,Intermediate,VOO
20VOP,Available,Intermediate,VOP
20VOQ,Available,Intermediate,VOQ
20VOT,Available,Intermediate,VOT
20VOU,Available,Intermediate,VOU
20VOY,Available,Intermediate,VOY
20VOZ,Available,Intermediate,VOZ
20VPA,Available,Intermediate,VPA
20VPB,Available,Intermediate,VPB
20VPD,Available,Intermediate,VPD
20VPF,Available,Intermediate,VPF
20VPG,Available,Intermediate,VPG
20VPH,Available,Intermediate,VPH
20VPI,Available,Intermediate,VPI
20VPJ,Available,Intermediate,VPJ
20VPL,Available,Intermediate,VPL
20VPM,Available,Intermediate,VPM
20VPN,Available,Intermediate,VPN
20VPO,Available,Intermediate,VPO
20VPP,Available,Intermediate,VPP
20VPQ,Available,Intermediate,VPQ
20VPR,Available,Intermediate,VPR
20VPS,Available,Intermediate,VPS
20VPV,Available,Intermediate,VPV
20VPW,Available,Intermediate,VPW
20VPY,Available,Intermediate,VPY
20VQA,Available,Intermediate,VQA
20VQB,Available,Intermediate,VQB
20VQC,Available,Intermediate,VQC
20VQD,Available,Intermediate,VQD
20VQE,Available,Intermediate,VQE
20VQF,Available,Intermediate,VQF
20VQG,Available,Intermediate,VQG
20VQH,Available,Intermediate,VQH
20VQI,Available,Intermediate,VQI
20VQJ,Available,Intermediate,VQJ
20VQK,Available,Intermediate,VQK
20VQL,Available,Intermediate,VQL
20VQN,Available,Intermediate,VQN
20VQO,Available,Intermediate,VQO
20VQP,Available,Intermediate,VQP
20VQQ,Available,Intermediate,VQQ
20VQR,Available,Intermediate,VQR
20VQS,Available,Intermediate,VQS
20VQT,Available,Intermediate,VQT
20VQU,Available,Intermediate,VQU
20VQV,Available,Intermediate,VQV
20VQW,Available,Intermediate,VQW
20VQX,Available,Intermediate,VQX
20VQY,Available,Intermediate,VQY
20VQZ,Available,Intermediate,VQZ
20VRA,Available,Intermediate,VRA
20VRB,Available,Intermediate,VRB
20VRC,Available,Intermediate,VRC
20VRD,Available,Intermediate,VRD
20VRE,Available,Intermediate,VRE
20VRF,Available,Intermediate,VRF
20VRH,Available,Intermediate,VRH
20VRI,Available,Intermediate,VRI
20VRJ,Available,Intermediate,VRJ
20VRK,Available,Intermediate,VRK
20VRL,Available,Intermediate,VRL
20VRM,Available,Intermediate,VRM
20VRN,Available,Intermediate,VRN
20VRO,Available,Intermediate,VRO
20VRP,Available,Intermediate,VRP
20VRQ,Available,Intermediate,VRQ
20VRU,Available,Intermediate,VRU
20VRV,Available,Intermediate,VRV
20VRW,Available,Intermediate,VRW
20VRY,Available,Intermediate,VRY
20VRZ,Available,Intermediate,VRZ
20VSA,Available,Intermediate,VSA
20VSB,Available,Intermediate,VSB
20VSC,Available,Intermediate,VSC
20VSD,Available,Intermediate,VSD
20VSE,Available,Intermediate,VSE
20VSF,Available,Intermediate,VSF
20VSG,Available,Intermediate,VSG
20VSH,Available,Intermediate,VSH
20VSI,Available,Intermediate,VSI
20VSJ,Available,Intermediate,VSJ
20VSK,Available,Intermediate,VSK
20VSL,Available,Intermediate,VSL
20VSM,Available,Intermediate,VSM
20VSN,Available,Intermediate,VSN
20VSO,Available,Intermediate,VSO
20VSP,Available,Intermediate,VSP
20VSQ,Available,Intermediate,VSQ
20VSR,Available,Intermediate,VSR
20VSS,Available,Intermediate,VSS
20VST,Available,Intermediate,VST
20VSY,Available,Intermediate,VSY
20VSZ,Available,Intermediate,VSZ
20VTA,Available,Intermediate,VTA
20VTC,Available,Intermediate,VTC
20VTD,Available,Intermediate,VTD
20VTE,Available,Intermediate,VTE
20VTF,Available,Intermediate,VTF
20VTH,Available,Intermediate,VTH
20VTI,Available,Intermediate,VTI
20VTJ,Available,Intermediate,VTJ
20VTL,Available,Intermediate,VTL
20VTN,Available,Intermediate,VTN
20VTO,Available,Intermediate,VTO
20VTP,Available,Intermediate,VTP
20VTQ,Available,Intermediate,VTQ
20VTT,Available,Intermediate,VTT
20VTU,Available,Intermediate,VTU
20VTV,Available,Intermediate,VTV
20VTW,Available,Intermediate,VTW
20VTY,Available,Intermediate,VTY
20VTZ,Available,Intermediate,VTZ
20VUA,Available,Intermediate,VUA
20VUB,Available,Intermediate,VUB
20VUC,Available,Intermediate,VUC
20VUD,Available,Intermediate,VUD
20VUE,Available,Intermediate,VUE
20VUF,Available,Intermediate,VUF
20VUG,Available,Intermediate,VUG
20VUH,Available,Intermediate,VUH
20VUI,Available,Intermediate,VUI
20VUJ,Available,Intermediate,VUJ
20VUL,Available,Intermediate,VUL
20VUM,Available,Intermediate,VUM
20VUN,Available,Intermediate,VUN
20VUO,Available,Intermediate,VUO
20VUP,Available,Intermediate,VUP
20VUQ,Available,Intermediate,VUQ
20VUR,Available,Intermediate,VUR
20VUS,Available,Intermediate,VUS
20VUT,Available,Intermediate,VUT
20VUU,Available,Intermediate,VUU
20VUX,Available,Intermediate,VUX
20VUY,Available,Intermediate,VUY
20VUZ,Available,Intermediate,VUZ
20VVA,Available,Intermediate,VVA
20VVB,Available,Intermediate,VVB
20VVD,Available,Intermediate,VVD
20VVE,Available,Intermediate,VVE
20VVF,Available,Intermediate,VVF
20VVG,Available,Intermediate,VVG
20VVH,Available,Intermediate,VVH
20VVI,Available,Intermediate,VVI
20VVK,Available,Intermediate,VVK
20VVM,Available,Intermediate,VVM
20VVN,Available,Intermediate,VVN
20VVP,Available,Intermediate,VVP
20VVR,Available,Intermediate,VVR
20VVU,Available,Intermediate,VVU
20VVW,Available,Intermediate,VVW
20VVX,Available,Intermediate,VVX
20VVY,Available,Intermediate,VVY
20VVZ,Available,Intermediate,VVZ
20VWA,Available,Intermediate,VWA
20VWC,Available,Intermediate,VWC
20VWD,Available,Intermediate,VWD
20VWE,Available,Intermediate,VWE
20VWF,Available,Intermediate,VWF
20VWG,Available,Intermediate,VWG
20VWH,Available,Intermediate,VWH
20VWJ,Available,Intermediate,VWJ
20VWL,Available,Intermediate,VWL
20VWM,Available,Intermediate,VWM
20VWN,Available,Intermediate,VWN
20VWO,Available,Intermediate,VWO
20VWP,Available,Intermediate,VWP
20VWQ,Available,Intermediate,VWQ
20VWR,Available,Intermediate,VWR
20VWS,Available,Intermediate,VWS
20VWT,Available,Intermediate,VWT
20VWU,Available,Intermediate,VWU
20VWV,Available,Intermediate,VWV
20VWY,Available,Intermediate,VWY
20VWZ,Available,Intermediate,VWZ
20VXA,Available,Intermediate,VXA
20VXB,Available,Intermediate,VXB
20VXC,Available,Intermediate,VXC
20VXD,Available,Intermediate,VXD
20VXE,Available,Intermediate,VXE
20VXF,Available,Intermediate,VXF
20VXG,Available,Intermediate,VXG
20VXH,Available,Intermediate,VXH
20VXJ,Available,Intermediate,VXJ
20VXK,Available,Intermediate,VXK
20VXM,Available,Intermediate,VXM
20VXO,Available,Intermediate,VXO
20VXP,Available,Intermediate,VXP
20VXQ,Available,Intermediate,VXQ
20VXS,Available,Intermediate,VXS
20VXT,Available,Intermediate,VXT
20VXU,Available,Intermediate,VXU
20VXV,Available,Intermediate,VXV
20VXW,Available,Intermediate,VXW
20VXY,Available,Intermediate,VXY
20VXZ,Available,Intermediate,VXZ
20VYA,Available,Intermediate,VYA
20VYB,Available,Intermediate,VYB
20VYC,Available,Intermediate,VYC
20VYD,Available,Intermediate,VYD
20VYE,Available,Intermediate,VYE
20VYF,Available,Intermediate,VYF
20VYG,Available,Intermediate,VYG
20VYH,Available,Intermediate,VYH
20VYI,Available,Intermediate,VYI
20VYJ,Available,Intermediate,VYJ
20VYK,Available,Intermediate,VYK
20VYL,Available,Intermediate,VYL
20VYM,Available,Intermediate,VYM
20VYN,Available,Intermediate,VYN
20VYO,Available,Intermediate,VYO
20VYP,Available,Intermediate,VYP
20VYQ,Available,Intermediate,VYQ
20VYR,Available,Intermediate,VYR
20VYS,Available,Intermediate,VYS
20VYT,Available,Intermediate,VYT
20VYU,Available,Intermediate,VYU
20VYX,Available,Intermediate,VYX
20VYY,Available,Intermediate,VYY
20VYZ,Available,Intermediate,VYZ
20VZA,Available,Intermediate,VZA
20VZB,Available,Intermediate,VZB
20VZC,Available,Intermediate,VZC
20VZD,Available,Intermediate,VZD
20VZE,Available,Intermediate,VZE
20VZF,Available,Intermediate,VZF
20VZG,Available,Intermediate,VZG
20VZH,Available,Intermediate,VZH
20VZI,Available,Intermediate,VZI
20VZM,Available,Intermediate,VZM
20VZN,Available,Intermediate,VZN
20VZO,Available,Intermediate,VZO
20VZP,Available,Intermediate,VZP
20VZQ,Available,Intermediate,VZQ
20VZR,Available,Intermediate,VZR
20VZS,Available,Intermediate,VZS
20VZT,Available,Intermediate,VZT
20VZU,Available,Intermediate,VZU
20VZV,Available,Intermediate,VZV
20VZW,Available,Intermediate,VZW
20VZX,Available,Intermediate,VZX
20VZY,Available,Intermediate,VZY
20VZZ,Available,Intermediate,VZZ
20WBI,Available,Intermediate,WBI
20WBL,Available,Intermediate,WBL
20WBN,Available,Intermediate,WBN
20WBO,Available,Intermediate,WBO
20WBQ,Available,Intermediate,WBQ
20WBR,Available,Intermediate,WBR
20WBS,Available,Intermediate,WBS
20WBU,Available,Intermediate,WBU
20WBV,Available,Intermediate,WBV
20WBW,Available,Intermediate,WBW
20WBX,Available,Intermediate,WBX
20WBZ,Available,Intermediate,WBZ
20WCA,Available,Intermediate,WCA
20WCB,Available,Intermediate,WCB
20WCC,Available,Intermediate,WCC
20WCE,Available,Intermediate,WCE
20WCF,Available,Intermediate,WCF
20WCG,Available,Intermediate,WCG
20WCH,Available,Intermediate,WCH
20WCI,Available,Intermediate,WCI
20WCJ,Available,Intermediate,WCJ
20WCL,Available,Intermediate,WCL
20WCM,Available,Intermediate,WCM
20WCN,Available,Intermediate,WCN
20WCO,Available,Intermediate,WCO
20WCP,Available,Intermediate,WCP
20WCQ,Available,Intermediate,WCQ
20WCR,Available,Intermediate,WCR
20WCS,Available,Intermediate,WCS
20WCU,Available,Intermediate,WCU
20WCV,Available,Intermediate,WCV
20WCX,Available,Intermediate,WCX
20WCY,Available,Intermediate,WCY
20WCZ,Available,Intermediate,WCZ
20WDA,Available,Intermediate,WDA
20WDC,Available,Intermediate,WDC
20WDF,Available,Intermediate,WDF
20WDG,Available,Intermediate,WDG
20WDK,Available,Intermediate,WDK
20WDL,Available,Intermediate,WDL
20WDN,Available,Intermediate,WDN
20WDO,Available,Intermediate,WDO
20WDP,Available,Intermediate,WDP
20WDQ,Available,Intermediate,WDQ
20WDR,Available,Intermediate,WDR
20WDT,Available,Intermediate,WDT
20WDU,Available,Intermediate,WDU
20WDV,Available,Intermediate,WDV
20WDW,Available,Intermediate,WDW
20WDZ,Available,Intermediate,WDZ
20WEA,Available,Intermediate,WEA
20WED,Available,Intermediate,WED
20WEH,Available,Intermediate,WEH
20WEI,Available,Intermediate,WEI
20WEK,Available,Intermediate,WEK
20WEM,Available,Intermediate,WEM
20WEO,Available,Intermediate,WEO
20WEQ,Available,Intermediate,WEQ
20WER,Available,Intermediate,WER
20WEU,Available,Intermediate,WEU
20WEW,Available,Intermediate,WEW
20WEY,Available,Intermediate,WEY
20WFA,Available,Intermediate,WFA
20WFB,Available,Intermediate,WFB
20WFD,Available,Intermediate,WFD
20WFE,Available,Intermediate,WFE
20WFF,Available,Intermediate,WFF
20WFH,Available,Intermediate,WFH
20WFI,Available,Intermediate,WFI
20WFJ,Available,Intermediate,WFJ
20WFK,Available,Intermediate,WFK
20WFL,Available,Intermediate,WFL
20WFM,Available,Intermediate,WFM
20WFP,Available,Intermediate,WFP
20WFQ,Available,Intermediate,WFQ
20WFR,Available,Intermediate,WFR
20WFS,Available,Intermediate,WFS
20WFT,Available,Intermediate,WFT
20WFU,Available,Intermediate,WFU
20WFV,Available,Intermediate,WFV
20WFW,Available,Intermediate,WFW
20WFY,Available,Intermediate,WFY
20WFZ,Available,Intermediate,WFZ
20WGA,Available,Intermediate,WGA
20WGD,Available,Intermediate,WGD
20WGE,Available,Intermediate,WGE
20WGF,Available,Intermediate,WGF
20WGG,Available,Intermediate,WGG
20WGJ,Available,Intermediate,WGJ
20WGK,Available,Intermediate,WGK
20WGN,Available,Intermediate,WGN
20WGQ,Available,Intermediate,WGQ
20WGR,Available,Intermediate,WGR
20WGT,Available,Intermediate,WGT
20WGU,Available,Intermediate,WGU
20WGV,Available,Intermediate,WGV
20WGW,Available,Intermediate,WGW
20WGX,Available,Intermediate,WGX
20WGY,Available,Intermediate,WGY
20WHB,Available,Intermediate,WHB
20WHC,Available,Intermediate,WHC
20WHE,Available,Intermediate,WHE
20WHF,Available,Intermediate,WHF
20WHI,Available,Intermediate,WHI
20WHJ,Available,Intermediate,WHJ
20WHK,Available,Intermediate,WHK
20WHL,Available,Intermediate,WHL
20WHM,Available,Intermediate,WHM
20WHP,Available,Intermediate,WHP
20WHQ,Available,Intermediate,WHQ
20WHS,Available,Intermediate,WHS
20WHT,Available,Intermediate,WHT
20WHV,Available,Intermediate,WHV
20WHW,Available,Intermediate,WHW
20WHX,Available,Intermediate,WHX
20WHZ,Available,Intermediate,WHZ
20WIC,Available,Intermediate,WIC
20WID,Available,Intermediate,WID
20WIF,Available,Intermediate,WIF
20WIH,Available,Intermediate,WIH
20WII,Available,Intermediate,WII
20WIJ,Available,Intermediate,WIJ
20WIK,Available,Intermediate,WIK
20WIM,Available,Intermediate,WIM
20WIO,Available,Intermediate,WIO
20WIQ,Available,Intermediate,WIQ
20WIR,Available,Intermediate,WIR
20WIS,Available,Intermediate,WIS
20WIT,Available,Intermediate,WIT
20WIU,Available,Intermediate,WIU
20WIV,Available,Intermediate,WIV
20WIX,Available,Intermediate,WIX
20WIY,Available,Intermediate,WIY
20WJD,Available,Intermediate,WJD
20WJF,Available,Intermediate,WJF
20WJG,Available,Intermediate,WJG
20WJH,Available,Intermediate,WJH
20WJJ,Available,Intermediate,WJJ
20WJK,Available,Intermediate,WJK
20WJM,Available,Intermediate,WJM
20WJN,Available,Intermediate,WJN
20WJO,Available,Intermediate,WJO
20WJP,Available,Intermediate,WJP
20WJQ,Available,Intermediate,WJQ
20WJU,Available,Intermediate,WJU
20WJW,Available,Intermediate,WJW
20WJX,Available,Intermediate,WJX
20WJY,Available,Intermediate,WJY
20WJZ,Available,Intermediate,WJZ
20WKB,Available,Intermediate,WKB
20WKC,Available,Intermediate,WKC
20WKF,Available,Intermediate,WKF
20WKG,Available,Intermediate,WKG
20WKI,Available,Intermediate,WKI
20WKJ,Available,Intermediate,WKJ
20WKK,Available,Intermediate,WKK
20WKL,Available,Intermediate,WKL
20WKM,Available,Intermediate,WKM
20WKN,Available,Intermediate,WKN
20WKO,Available,Intermediate,WKO
20WKP,Available,Intermediate,WKP
20WKQ,Available,Intermediate,WKQ
20WKS,Available,Intermediate,WKS
20WKU,Available,Intermediate,WKU
20WKW,Available,Intermediate,WKW
20WKX,Available,Intermediate,WKX
20WKY,Available,Intermediate,WKY
20WLA,Available,Intermediate,WLA
20WLB,Available,Intermediate,WLB
20WLE,Available,Intermediate,WLE
20WLF,Available,Intermediate,WLF
20WLG,Available,Intermediate,WLG
20WLH,Available,Intermediate,WLH
20WLI,Available,Intermediate,WLI
20WLJ,Available,Intermediate,WLJ
20WLN,Available,Intermediate,WLN
20WLO,Available,Intermediate,WLO
20WLP,Available,Intermediate,WLP
20WLQ,Available,Intermediate,WLQ
20WLU,Available,Intermediate,WLU
20WLV,Available,Intermediate,WLV
20WLW,Available,Intermediate,WLW
20WLZ,Available,Intermediate,WLZ
20WMA,Available,Intermediate,WMA
20WME,Available,Intermediate,WME
20WMF,Available,Intermediate,WMF
20WMI,Available,Intermediate,WMI
20WMK,Available,Intermediate,WMK
20WML,Available,Intermediate,WML
20WMM,Available,Intermediate,WMM
20WMN,Available,Intermediate,WMN
20WMO,Available,Intermediate,WMO
20WMQ,Available,Intermediate,WMQ
20WMR,Available,Intermediate,WMR
20WMT,Available,Intermediate,WMT
20WMU,Available,Intermediate,WMU
20WMV,Available,Intermediate,WMV
20WMW,Available,Intermediate,WMW
20WMX,Available,Intermediate,WMX
20WMZ,Available,Intermediate,WMZ
20WNA,Available,Intermediate,WNA
20WNC,Available,Intermediate,WNC
20WND,Available,Intermediate,WND
20WNE,Available,Intermediate,WNE
20WNH,Available,Intermediate,WNH
20WNI,Available,Intermediate,WNI
20WNL,Available,Intermediate,WNL
20WNN,Available,Intermediate,WNN
20WNO,Available,Intermediate,WNO
20WNP,Available,Intermediate,WNP
20WNQ,Available,Intermediate,WNQ
20WNR,Available,Intermediate,WNR
20WNS,Available,Intermediate,WNS
20WNU,Available,Intermediate,WNU
20WNV,Available,Intermediate,WNV
20WNW,Available,Intermediate,WNW
20WNX,Available,Intermediate,WNX
20WNY,Available,Intermediate,WNY
20WNZ,Available,Intermediate,WNZ
20WOA,Available,Intermediate,WOA
20WOB,Available,Intermediate,WOB
20WOC,Available,Intermediate,WOC
20WOD,Available,Intermediate,WOD
20WOF,Available,Intermediate,WOF
20WOH,Available,Intermediate,WOH
20WOI,Available,Intermediate,WOI
20WOK,Available,Intermediate,WOK
20WOO,Available,Intermediate,WOO
20WOQ,Available,Intermediate,WOQ
20WOU,Available,Intermediate,WOU
20WOV,Available,Intermediate,WOV
20WOX,Available,Intermediate,WOX
20WOY,Available,Intermediate,WOY
20WPA,Available,Intermediate,WPA
20WPB,Available,Intermediate,WPB
20WPC,Available,Intermediate,WPC
20WPD,Available,Intermediate,WPD
20WPF,Available,Intermediate,WPF
20WPG,Available,Intermediate,WPG
20WPH,Available,Intermediate,WPH
20WPI,Available,Intermediate,WPI
20WPJ,Available,Intermediate,WPJ
20WPL,Available,Intermediate,WPL
20WPM,Available,Intermediate,WPM
20WPN,Available,Intermediate,WPN
20WPO,Available,Intermediate,WPO
20WPP,Available,Intermediate,WPP
20WPQ,Available,Intermediate,WPQ
20WPR,Available,Intermediate,WPR
20WPS,Available,Intermediate,WPS
20WPU,Available,Intermediate,WPU
20WPV,Available,Intermediate,WPV
20WPW,Available,Intermediate,WPW
20WPY,Available,Intermediate,WPY
20WQA,Available,Intermediate,WQA
20WQB,Available,Intermediate,WQB
20WQC,Available,Intermediate,WQC
20WQD,Available,Intermediate,WQD
20WQE,Available,Intermediate,WQE
20WQF,Available,Intermediate,WQF
20WQG,Available,Intermediate,WQG
20WQH,Available,Intermediate,WQH
20WQI,Available,Intermediate,WQI
20WQJ,Available,Intermediate,WQJ
20WQK,Available,Intermediate,WQK
20WQL,Available,Intermediate,WQL
20WQM,Available,Intermediate,WQM
20WQN,Available,Intermediate,WQN
20WQO,Available,Intermediate,WQO
20WQP,Available,Intermediate,WQP
20WQQ,Available,Intermediate,WQQ
20WQS,Available,Intermediate,WQS
20WQT,Available,Intermediate,WQT
20WQU,Available,Intermediate,WQU
20WQV,Available,Intermediate,WQV
20WQW,Available,Intermediate,WQW
20WQX,Available,Intermediate,WQX
20WQY,Available,Intermediate,WQY
20WQZ,Available,Intermediate,WQZ
20WRB,Available,Intermediate,WRB
20WRD,Available,Intermediate,WRD
20WRE,Available,Intermediate,WRE
20WRG,Available,Intermediate,WRG
20WRH,Available,Intermediate,WRH
20WRI,Available,Intermediate,WRI
20WRJ,Available,Intermediate,WRJ
20WRK,Available,Intermediate,WRK
20WRL,Available,Intermediate,WRL
20WRN,Available,Intermediate,WRN
20WRO,Available,Intermediate,WRO
20WRP,Available,Intermediate,WRP
20WRQ,Available,Intermediate,WRQ
20WRT,Available,Intermediate,WRT
20WRU,Available,Intermediate,WRU
20WRV,Available,Intermediate,WRV
20WRW,Available,Intermediate,WRW
20WSC,Available,Intermediate,WSC
20WSD,Available,Intermediate,WSD
20WSE,Available,Intermediate,WSE
20WSF,Available,Intermediate,WSF
20WSG,Available,Intermediate,WSG
20WSI,Available,Intermediate,WSI
20WSL,Available,Intermediate,WSL
20WSN,Available,Intermediate,WSN
20WSO,Available,Intermediate,WSO
20WSP,Available,Intermediate,WSP
20WSQ,Available,Intermediate,WSQ
20WSR,Available,Intermediate,WSR
20WSU,Available,Intermediate,WSU
20WSV,Available,Intermediate,WSV
20WSY,Available,Intermediate,WSY
20WSZ,Available,Intermediate,WSZ
20WTA,Available,Intermediate,WTA
20WTB,Available,Intermediate,WTB
20WTI,Available,Intermediate,WTI
20WTJ,Available,Intermediate,WTJ
20WTK,Available,Intermediate,WTK
20WTL,Available,Intermediate,WTL
20WTM,Available,Intermediate,WTM
20WTN,Available,Intermediate,WTN
20WTO,Available,Intermediate,WTO
20WTP,Available,Intermediate,WTP
20WTQ,Available,Intermediate,WTQ
20WTR,Available,Intermediate,WTR
20WTS,Available,Intermediate,WTS
20WTT,Available,Intermediate,WTT
20WTU,Available,Intermediate,WTU
20WTV,Available,Intermediate,WTV
20WTW,Available,Intermediate,WTW
20WUA,Available,Intermediate,WUA
20WUB,Available,Intermediate,WUB
20WUC,Available,Intermediate,WUC
20WUD,Available,Intermediate,WUD
20WUE,Available,Intermediate,WUE
20WUG,Available,Intermediate,WUG
20WUH,Available,Intermediate,WUH
20WUI,Available,Intermediate,WUI
20WUJ,Available,Intermediate,WUJ
20WUK,Available,Intermediate,WUK
20WUM,Available,Intermediate,WUM
20WUO,Available,Intermediate,WUO
20WUP,Available,Intermediate,WUP
20WUQ,Available,Intermediate,WUQ
20WUR,Available,Intermediate,WUR
20WUS,Available,Intermediate,WUS
20WUU,Available,Intermediate,WUU
20WUV,Available,Intermediate,WUV
20WUW,Available,Intermediate,WUW
20WUX,Available,Intermediate,WUX
20WUY,Available,Intermediate,WUY
20WUZ,Available,Intermediate,WUZ
20WVA,Available,Intermediate,WVA
20WVC,Available,Intermediate,WVC
20WVF,Available,Intermediate,WVF
20WVG,Available,Intermediate,WVG
20WVH,Available,Intermediate,WVH
20WVI,Available,Intermediate,WVI
20WVJ,Available,Intermediate,WVJ
20WVL,Available,Intermediate,WVL
20WVN,Available,Intermediate,WVN
20WVO,Available,Intermediate,WVO
20WVP,Available,Intermediate,WVP
20WVQ,Available,Intermediate,WVQ
20WVT,Available,Intermediate,WVT
20WVU,Available,Intermediate,WVU
20WVV,Available,Intermediate,WVV
20WVW,Available,Intermediate,WVW
20WVX,Available,Intermediate,WVX
20WVY,Available,Intermediate,WVY
20WWA,Available,Intermediate,WWA
20WWB,Available,Intermediate,WWB
20WWC,Available,Intermediate,WWC
20WWD,Available,Intermediate,WWD
20WWE,Available,Intermediate,WWE
20WWF,Available,Intermediate,WWF
20WWG,Available,Intermediate,WWG
20WWH,Available,Intermediate,WWH
20WWI,Available,Intermediate,WWI
20WWJ,Available,Intermediate,WWJ
20WWK,Available,Intermediate,WWK
20WWL,Available,Intermediate,WWL
20WWO,Available,Intermediate,WWO
20WWP,Available,Intermediate,WWP
20WWQ,Available,Intermediate,WWQ
20WWU,Available,Intermediate,WWU
20WWV,Available,Intermediate,WWV
20WWX,Available,Intermediate,WWX
20WWY,Available,Intermediate,WWY
20WXA,Available,Intermediate,WXA
20WXB,Available,Intermediate,WXB
20WXC,Available,Intermediate,WXC
20WXD,Available,Intermediate,WXD
20WXF,Available,Intermediate,WXF
20WXG,Available,Intermediate,WXG
20WXH,Available,Intermediate,WXH
20WXI,Available,Intermediate,WXI
20WXJ,Available,Intermediate,WXJ
20WXK,Available,Intermediate,WXK
20WXN,Available,Intermediate,WXN
20WXO,Available,Intermediate,WXO
20WXP,Available,Intermediate,WXP
20WXQ,Available,Intermediate,WXQ
20WXR,Available,Intermediate,WXR
20WXS,Available,Intermediate,WXS
20WXU,Available,Intermediate,WXU
20WXW,Available,Intermediate,WXW
20WXX,Available,Intermediate,WXX
20WXY,Available,Intermediate,WXY
20WXZ,Available,Intermediate,WXZ
20WYA,Available,Intermediate,WYA
20WYC,Available,Intermediate,WYC
20WYD,Available,Intermediate,WYD
20WYF,Available,Intermediate,WYF
20WYG,Available,Intermediate,WYG
20WYH,Available,Intermediate,WYH
20WYI,Available,Intermediate,WYI
20WYJ,Available,Intermediate,WYJ
20WYK,Available,Intermediate,WYK
20WYL,Available,Intermediate,WYL
20WYO,Available,Intermediate,WYO
20WYQ,Available,Intermediate,WYQ
20WYR,Available,Intermediate,WYR
20WYS,Available,Intermediate,WYS
20WYU,Available,Intermediate,WYU
20WYV,Available,Intermediate,WYV
20WYW,Available,Intermediate,WYW
20WYX,Available,Intermediate,WYX
20WYY,Available,Intermediate,WYY
20WZA,Available,Intermediate,WZA
20WZC,Available,Intermediate,WZC
20WZD,Available,Intermediate,WZD
20WZE,Available,Intermediate,WZE
20WZF,Available,Intermediate,WZF
20WZG,Available,Intermediate,WZG
20WZH,Available,Intermediate,WZH
20WZI,Available,Intermediate,WZI
20WZJ,Available,Intermediate,WZJ
20WZK,Available,Intermediate,WZK
20WZL,Available,Intermediate,WZL
20WZM,Available,Intermediate,WZM
20WZN,Available,Intermediate,WZN
20WZP,Available,Intermediate,WZP
20WZQ,Available,Intermediate,WZQ
20WZR,Available,Intermediate,WZR
20WZS,Available,Intermediate,WZS
20WZU,Available,Intermediate,WZU
20WZV,Available,Intermediate,WZV
20WZW,Available,Intermediate,WZW
20WZX,Available,Intermediate,WZX
20WZY,Available,Intermediate,WZY
20XAU,Available,Intermediate,XAU
20XAY,Available,Intermediate,XAY
20XAZ,Available,Intermediate,XAZ
20XBA,Available,Intermediate,XBA
20XBB,Available,Intermediate,XBB
20XBC,Available,Intermediate,XBC
20XBD,Available,Intermediate,XBD
20XBG,Available,Intermediate,XBG
20XBJ,Available,Intermediate,XBJ
20XBL,Available,Intermediate,XBL
20XBN,Available,Intermediate,XBN
20XBO,Available,Intermediate,XBO
20XBP,Available,Intermediate,XBP
20XBQ,Available,Intermediate,XBQ
20XBS,Available,Intermediate,XBS
20XBU,Available,Intermediate,XBU
20XBV,Available,Intermediate,XBV
20XBW,Available,Intermediate,XBW
20XBY,Available,Intermediate,XBY
20XBZ,Available,Intermediate,XBZ
20XCA,Available,Intermediate,XCA
20XCC,Available,Intermediate,XCC
20XCD,Available,Intermediate,XCD
20XCE,Available,Intermediate,XCE
20XCF,Available,Intermediate,XCF
20XCG,Available,Intermediate,XCG
20XCI,Available,Intermediate,XCI
20XCJ,Available,Intermediate,XCJ
20XCK,Available,Intermediate,XCK
20XCL,Available,Intermediate,XCL
20XCN,Available,Intermediate,XCN
20XCO,Available,Intermediate,XCO
20XCQ,Available,Intermediate,XCQ
20XCR,Available,Intermediate,XCR
20XCS,Available,Intermediate,XCS
20XCU,Available,Intermediate,XCU
20XCW,Available,Intermediate,XCW
20XCX,Available,Intermediate,XCX
20XCY,Available,Intermediate,XCY
20XCZ,Available,Intermediate,XCZ
20XDA,Available,Intermediate,XDA
20XDB,Available,Intermediate,XDB
20XDE,Available,Intermediate,XDE
20XDH,Available,Intermediate,XDH
20XDM,Available,Intermediate,XDM
20XDN,Available,Intermediate,XDN
20XDO,Available,Intermediate,XDO
20XDP,Available,Intermediate,XDP
20XDQ,Available,Intermediate,XDQ
20XDR,Available,Intermediate,XDR
20XDU,Available,Intermediate,XDU
20XDV,Available,Intermediate,XDV
20XDX,Available,Intermediate,XDX
20XEB,Available,Intermediate,XEB
20XEC,Available,Intermediate,XEC
20XED,Available,Intermediate,XED
20XEE,Available,Intermediate,XEE
20XEF,Available,Intermediate,XEF
20XEG,Available,Intermediate,XEG
20XEH,Available,Intermediate,XEH
20XEI,Available,Intermediate,XEI
20XEJ,Available,Intermediate,XEJ
20XEK,Available,Intermediate,XEK
20XEL,Available,Intermediate,XEL
20XEM,Available,Intermediate,XEM
20XEO,Available,Intermediate,XEO
20XEP,Available,Intermediate,XEP
20XEQ,Available,Intermediate,XEQ
20XES,Available,Intermediate,XES
20XET,Available,Intermediate,XET
20XEU,Available,Intermediate,XEU
20XEV,Available,Intermediate,XEV
20XEW,Available,Intermediate,XEW
20XEX,Available,Intermediate,XEX
20XEY,Available,Intermediate,XEY
20XEZ,Available,Intermediate,XEZ
20XFA,Available,Intermediate,XFA
20XFB,Available,Intermediate,XFB
20XFC,Available,Intermediate,XFC
20XFD,Available,Intermediate,XFD
20XFE,Available,Intermediate,XFE
20XFF,Available,Intermediate,XFF
20XFG,Available,Intermediate,XFG
20XFI,Available,Intermediate,XFI
20XFJ,Available,Intermediate,XFJ
20XFK,Available,Intermediate,XFK
20XFL,Available,Intermediate,XFL
20XFN,Available,Intermediate,XFN
20XFO,Available,Intermediate,XFO
20XFP,Available,Intermediate,XFP
20XFQ,Available,Intermediate,XFQ
20XFS,Available,Intermediate,XFS
20XFT,Available,Intermediate,XFT
20XFV,Available,Intermediate,XFV
20XFW,Available,Intermediate,XFW
20XFX,Available,Intermediate,XFX
20XFY,Available,Intermediate,XFY
20XFZ,Available,Intermediate,XFZ
20XGB,Available,Intermediate,XGB
20XGC,Available,Intermediate,XGC
20XGD,Available,Intermediate,XGD
20XGE,Available,Intermediate,XGE
20XGF,Available,Intermediate,XGF
20XGH,Available,Intermediate,XGH
20XGI,Available,Intermediate,XGI
20XGJ,Available,Intermediate,XGJ
20XGK,Available,Intermediate,XGK
20XGL,Available,Intermediate,XGL
20XGM,Available,Intermediate,XGM
20XGN,Available,Intermediate,XGN
20XGO,Available,Intermediate,XGO
20XGQ,Available,Intermediate,XGQ
20XGR,Available,Intermediate,XGR
20XGS,Available,Intermediate,XGS
20XGT,Available,Intermediate,XGT
20XGU,Available,Intermediate,XGU
20XGV,Available,Intermediate,XGV
20XGW,Available,Intermediate,XGW
20XGX,Available,Intermediate,XGX
20XGY,Available,Intermediate,XGY
20XGZ,Available,Intermediate,XGZ
20XHA,Available,Intermediate,XHA
20XHB,Available,Intermediate,XHB
20XHC,Available,Intermediate,XHC
20XHE,Available,Intermediate,XHE
20XHH,Available,Intermediate,XHH
20XHI,Available,Intermediate,XHI
20XHJ,Available,Intermediate,XHJ
20XHK,Available,Intermediate,XHK
20XHM,Available,Intermediate,XHM
20XHN,Available,Intermediate,XHN
20XHO,Available,Intermediate,XHO
20XHQ,Available,Intermediate,XHQ
20XHR,Available,Intermediate,XHR
20XHS,Available,Intermediate,XHS
20XHU,Available,Intermediate,XHU
20XHV,Available,Intermediate,XHV
20XHW,Available,Intermediate,XHW
20XHX,Available,Intermediate,XHX
20XHY,Available,Intermediate,XHY
20XHZ,Available,Intermediate,XHZ
20XIA,Available,Intermediate,XIA
20XIB,Available,Intermediate,XIB
20XIC,Available,Intermediate,XIC
20XID,Available,Intermediate,XID
20XIF,Available,Intermediate,XIF
20XIG,Available,Intermediate,XIG
20XII,Available,Intermediate,XII
20XIJ,Available,Intermediate,XIJ
20XIL,Available,Intermediate,XIL
20XIM,Available,Intermediate,XIM
20XIN,Available,Intermediate,XIN
20XIO,Available,Intermediate,XIO
20XIP,Available,Intermediate,XIP
20XIQ,Available,Intermediate,XIQ
20XIR,Available,Intermediate,XIR
20XIT,Available,Intermediate,XIT
20XIU,Available,Intermediate,XIU
20XIV,Available,Intermediate,XIV
20XIW,Available,Intermediate,XIW
20XIX,Available,Intermediate,XIX
20XIY,Available,Intermediate,XIY
20XIZ,Available,Intermediate,XIZ
20XJA,Available,Intermediate,XJA
20XJB,Available,Intermediate,XJB
20XJC,Available,Intermediate,XJC
20XJD,Available,Intermediate,XJD
20XJE,Available,Intermediate,XJE
20XJF,Available,Intermediate,XJF
20XJG,Available,Intermediate,XJG
20XJH,Available,Intermediate,XJH
20XJI,Available,Intermediate,XJI
20XJK,Available,Intermediate,XJK
20XJM,Available,Intermediate,XJM
20XJN,Available,Intermediate,XJN
20XJO,Available,Intermediate,XJO
20XJQ,Available,Intermediate,XJQ
20XJU,Available,Intermediate,XJU
20XJV,Available,Intermediate,XJV
20XJW,Available,Intermediate,XJW
20XJX,Available,Intermediate,XJX
20XJY,Available,Intermediate,XJY
20XJZ,Available,Intermediate,XJZ
20XKA,Available,Intermediate,XKA
20XKB,Available,Intermediate,XKB
20XKC,Available,Intermediate,XKC
20XKE,Available,Intermediate,XKE
20XKF,Available,Intermediate,XKF
20XKG,Available,Intermediate,XKG
20XKI,Available,Intermediate,XKI
20XKJ,Available,Intermediate,XKJ
20XKK,Available,Intermediate,XKK
20XKM,Available,Intermediate,XKM
20XKN,Available,Intermediate,XKN
20XKP,Available,Intermediate,XKP
20XKQ,Available,Intermediate,XKQ
20XKS,Available,Intermediate,XKS
20XKU,Available,Intermediate,XKU
20XKV,Available,Intermediate,XKV
20XKW,Available,Intermediate,XKW
20XKX,Available,Intermediate,XKX
20XKY,Available,Intermediate,XKY
20XKZ,Available,Intermediate,XKZ
20XLA,Available,Intermediate,XLA
20XLB,Available,Intermediate,XLB
20XLC,Available,Intermediate,XLC
20XLF,Available,Intermediate,XLF
20XLH,Available,Intermediate,XLH
20XLI,Available,Intermediate,XLI
20XLK,Available,Intermediate,XLK
20XLM,Available,Intermediate,XLM
20XLN,Available,Intermediate,XLN
20XLO,Available,Intermediate,XLO
20XLP,Available,Intermediate,XLP
20XLQ,Available,Intermediate,XLQ
20XLR,Available,Intermediate,XLR
20XLS,Available,Intermediate,XLS
20XLT,Available,Intermediate,XLT
20XLU,Available,Intermediate,XLU
20XLV,Available,Intermediate,XLV
20XLW,Available,Intermediate,XLW
20XLZ,Available,Intermediate,XLZ
20XMA,Available,Intermediate,XMA
20XMB,Available,Intermediate,XMB
20XMD,Available,Intermediate,XMD
20XME,Available,Intermediate,XME
20XMF,Available,Intermediate,XMF
20XMH,Available,Intermediate,XMH
20XMM,Available,Intermediate,XMM
20XMN,Available,Intermediate,XMN
20XMO,Available,Intermediate,XMO
20XMP,Available,Intermediate,XMP
20XMQ,Available,Intermediate,XMQ
20XMR,Available,Intermediate,XMR
20XMU,Available,Intermediate,XMU
20XMV,Available,Intermediate,XMV
20XMW,Available,Intermediate,XMW
20XMX,Available,Intermediate,XMX
20XMY,Available,Intermediate,XMY
20XMZ,Available,Intermediate,XMZ
20XNB,Available,Intermediate,XNB
20XNC,Available,Intermediate,XNC
20XND,Available,Intermediate,XND
20XNE,Available,Intermediate,XNE
20XNG,Available,Intermediate,XNG
20XNH,Available,Intermediate,XNH
20XNI,Available,Intermediate,XNI
20XNJ,Available,Intermediate,XNJ
20XNK,Available,Intermediate,XNK
20XNL,Available,Intermediate,XNL
20XNM,Available,Intermediate,XNM
20XNN,Available,Intermediate,XNN
20XNO,Available,Intermediate,XNO
20XNP,Available,Intermediate,XNP
20XNQ,Available,Intermediate,XNQ
20XNS,Available,Intermediate,XNS
20XNT,Available,Intermediate,XNT
20XNU,Available,Intermediate,XNU
20XNV,Available,Intermediate,XNV
20XNW,Available,Intermediate,XNW
20XNX,Available,Intermediate,XNX
20XNY,Available,Intermediate,XNY
20XNZ,Available,Intermediate,XNZ
20XOA,Available,Intermediate,XOA
20XOC,Available,Intermediate,XOC
20XOE,Available,Intermediate,XOE
20XOF,Available,Intermediate,XOF
20XOG,Available,Intermediate,XOG
20XOH,Available,Intermediate,XOH
20XOI,Available,Intermediate,XOI
20XOK,Available,Intermediate,XOK
20XOL,Available,Intermediate,XOL
20XON,Available,Intermediate,XON
20XOP,Available,Intermediate,XOP
20XOQ,Available,Intermediate,XOQ
20XOT,Available,Intermediate,XOT
20XOU,Available,Intermediate,XOU
20XOV,Available,Intermediate,XOV
20XOW,Available,Intermediate,XOW
20XOY,Available,Intermediate,XOY
20XOZ,Available,Intermediate,XOZ
20XPB,Available,Intermediate,XPB
20XPC,Available,Intermediate,XPC
20XPD,Available,Intermediate,XPD
20XPE,Available,Intermediate,XPE
20XPF,Available,Intermediate,XPF
20XPH,Available,Intermediate,XPH
20XPI,Available,Intermediate,XPI
20XPM,Available,Intermediate,XPM
20XPN,Available,Intermediate,XPN
20XPO,Available,Intermediate,XPO
20XPQ,Available,Intermediate,XPQ
20XPS,Available,Intermediate,XPS
20XPU,Available,Intermediate,XPU
20XPV,Available,Intermediate,XPV
20XPW,Available,Intermediate,XPW
20XPX,Available,Intermediate,XPX
20XPY,Available,Intermediate,XPY
20XPZ,Available,Intermediate,XPZ
20XQA,Available,Intermediate,XQA
20XQB,Available,Intermediate,XQB
20XQC,Available,Intermediate,XQC
20XQD,Available,Intermediate,XQD
20XQE,Available,Intermediate,XQE
20XQF,Available,Intermediate,XQF
20XQG,Available,Intermediate,XQG
20XQH,Available,Intermediate,XQH
20XQI,Available,Intermediate,XQI
20XQJ,Available,Intermediate,XQJ
20XQL,Available,Intermediate,XQL
20XQM,Available,Intermediate,XQM
20XQN,Available,Intermediate,XQN
20XQO,Available,Intermediate,XQO
20XQP,Available,Intermediate,XQP
20XQQ,Available,Intermediate,XQQ
20XQR,Available,Intermediate,XQR
20XQS,Available,Intermediate,XQS
20XQT,Available,Intermediate,XQT
20XQV,Available,Intermediate,XQV
20XQW,Available,Intermediate,XQW
20XQX,Available,Intermediate,XQX
20XQY,Available,Intermediate,XQY
20XQZ,Available,Intermediate,XQZ
20XRA,Available,Intermediate,XRA
20XRB,Available,Intermediate,XRB
20XRC,Available,Intermediate,XRC
20XRD,Available,Intermediate,XRD
20XRE,Available,Intermediate,XRE
20XRH,Available,Intermediate,XRH
20XRI,Available,Intermediate,XRI
20XRJ,Available,Intermediate,XRJ
20XRK,Available,Intermediate,XRK
20XRL,Available,Intermediate,XRL
20XRO,Available,Intermediate,XRO
20XRP,Available,Intermediate,XRP
20XRQ,Available,Intermediate,XRQ
20XRR,Available,Intermediate,XRR
20XRT,Available,Intermediate,XRT
20XRU,Available,Intermediate,XRU
20XRV,Available,Intermediate,XRV
20XRW,Available,Intermediate,XRW
20XRY,Available,Intermediate,XRY
20XSA,Available,Intermediate,XSA
20XSB,Available,Intermediate,XSB
20XSE,Available,Intermediate,XSE
20XSF,Available,Intermediate,XSF
20XSG,Available,Intermediate,XSG
20XSH,Available,Intermediate,XSH
20XSI,Available,Intermediate,XSI
20XSJ,Available,Intermediate,XSJ
20XSK,Available,Intermediate,XSK
20XSM,Available,Intermediate,XSM
20XSN,Available,Intermediate,XSN
20XSO,Available,Intermediate,XSO
20XSP,Available,Intermediate,XSP
20XSQ,Available,Intermediate,XSQ
20XSS,Available,Intermediate,XSS
20XSU,Available,Intermediate,XSU
20XSV,Available,Intermediate,XSV
20XSW,Available,Intermediate,XSW
20XSX,Available,Intermediate,XSX
20XSY,Available,Intermediate,XSY
20XSZ,Available,Intermediate,XSZ
20XTA,Available,Intermediate,XTA
20XTB,Available,Intermediate,XTB
20XTE,Available,Intermediate,XTE
20XTF,Available,Intermediate,XTF
20XTG,Available,Intermediate,XTG
20XTH,Available,Intermediate,XTH
20XTI,Available,Intermediate,XTI
20XTJ,Available,Intermediate,XTJ
20XTK,Available,Intermediate,XTK
20XTM,Available,Intermediate,XTM
20XTN,Available,Intermediate,XTN
20XTO,Available,Intermediate,XTO
20XTQ,Available,Intermediate,XTQ
20XTR,Available,Intermediate,XTR
20XTS,Available,Intermediate,XTS
20XTT,Available,Intermediate,XTT
20XTU,Available,Intermediate,XTU
20XTW,Available,Intermediate,XTW
20XTX,Available,Intermediate,XTX
20XTY,Available,Intermediate,XTY
20XUA,Available,Intermediate,XUA
20XUC,Available,Intermediate,XUC
20XUD,Available,Intermediate,XUD
20XUE,Available,Intermediate,XUE
20XUF,Available,Intermediate,XUF
20XUG,Available,Intermediate,XUG
20XUI,Available,Intermediate,XUI
20XUJ,Available,Intermediate,XUJ
20XUK,Available,Intermediate,XUK
20XUL,Available,Intermediate,XUL
20XUM,Available,Intermediate,XUM
20XUN,Available,Intermediate,XUN
20XUO,Available,Intermediate,XUO
20XUP,Available,Intermediate,XUP
20XUQ,Available,Intermediate,XUQ
20XUR,Available,Intermediate,XUR
20XUS,Available,Intermediate,XUS
20XUT,Available,Intermediate,XUT
20XUV,Available,Intermediate,XUV
20XUW,Available,Intermediate,XUW
20XUX,Available,Intermediate,XUX
20XUY,Available,Intermediate,XUY
20XUZ,Available,Intermediate,XUZ
20XVA,Available,Intermediate,XVA
20XVB,Available,Intermediate,XVB
20XVC,Available,Intermediate,XVC
20XVD,Available,Intermediate,XVD
20XVE,Available,Intermediate,XVE
20XVG,Available,Intermediate,XVG
20XVH,Available,Intermediate,XVH
20XVJ,Available,Intermediate,XVJ
20XVK,Available,Intermediate,XVK
20XVL,Available,Intermediate,XVL
20XVM,Available,Intermediate,XVM
20XVN,Available,Intermediate,XVN
20XVO,Available,Intermediate,XVO
20XVP,Available,Intermediate,XVP
20XVQ,Available,Intermediate,XVQ
20XVR,Available,Intermediate,XVR
20XVS,Available,Intermediate,XVS
20XVT,Available,Intermediate,XVT
20XVU,Available,Intermediate,XVU
20XVV,Available,Intermediate,XVV
20XVW,Available,Intermediate,XVW
20XVX,Available,Intermediate,XVX
20XVY,Available,Intermediate,XVY
20XWA,Available,Intermediate,XWA
20XWB,Available,Intermediate,XWB
20XWC,Available,Intermediate,XWC
20XWE,Available,Intermediate,XWE
20XWF,Available,Intermediate,XWF
20XWG,Available,Intermediate,XWG
20XWH,Available,Intermediate,XWH
20XWI,Available,Intermediate,XWI
20XWK,Available,Intermediate,XWK
20XWL,Available,Intermediate,XWL
20XWM,Available,Intermediate,XWM
20XWN,Available,Intermediate,XWN
20XWO,Available,Intermediate,XWO
20XWP,Available,Intermediate,XWP
20XWQ,Available,Intermediate,XWQ
20XWR,Available,Intermediate,XWR
20XWS,Available,Intermediate,XWS
20XWT,Available,Intermediate,XWT
20XWU,Available,Intermediate,XWU
20XWV,Available,Intermediate,XWV
20XWW,Available,Intermediate,XWW
20XWX,Available,Intermediate,XWX
20XWY,Available,Intermediate,XWY
20XWZ,Available,Intermediate,XWZ
20XXA,Available,Intermediate,XXA
20XXC,Available,Intermediate,XXC
20XXD,Available,Intermediate,XXD
20XXE,Available,Intermediate,XXE
20XXF,Available,Intermediate,XXF
20XXG,Available,Intermediate,XXG
20XXH,Available,Intermediate,XXH
20XXI,Available,Intermediate,XXI
20XXJ,Available,Intermediate,XXJ
20XXM,Available,Intermediate,XXM
20XXN,Available,Intermediate,XXN
20XXO,Available,Intermediate,XXO
20XXQ,Available,Intermediate,XXQ
20XXR,Available,Intermediate,XXR
20XXS,Available,Intermediate,XXS
20XXU,Available,Intermediate,XXU
20XXV,Available,Intermediate,XXV
20XXY,Available,Intermediate,XXY
20XXZ,Available,Intermediate,XXZ
20XYA,Available,Intermediate,XYA
20XYB,Available,Intermediate,XYB
20XYC,Available,Intermediate,XYC
20XYD,Available,Intermediate,XYD
20XYE,Available,Intermediate,XYE
20XYF,Available,Intermediate,XYF
20XYG,Available,Intermediate,XYG
20XYH,Available,Intermediate,XYH
20XYI,Available,Intermediate,XYI
20XYJ,Available,Intermediate,XYJ
20XYK,Available,Intermediate,XYK
20XYN,Available,Intermediate,XYN
20XYO,Available,Intermediate,XYO
20XYP,Available,Intermediate,XYP
20XYQ,Available,Intermediate,XYQ
20XYR,Available,Intermediate,XYR
20XYS,Available,Intermediate,XYS
20XYU,Available,Intermediate,XYU
20XYV,Available,Intermediate,XYV
20XYW,Available,Intermediate,XYW
20XYY,Available,Intermediate,XYY
20XZA,Available,Intermediate,XZA
20XZB,Available,Intermediate,XZB
20XZC,Available,Intermediate,XZC
20XZD,Available,Intermediate,XZD
20XZE,Available,Intermediate,XZE
20XZF,Available,Intermediate,XZF
20XZG,Available,Intermediate,XZG
20XZH,Available,Intermediate,XZH
20XZJ,Available,Intermediate,XZJ
20XZK,Available,Intermediate,XZK
20XZM,Available,Intermediate,XZM
20XZN,Available,Intermediate,XZN
20XZO,Available,Intermediate,XZO
20XZP,Available,Intermediate,XZP
20XZQ,Available,Intermediate,XZQ
20XZR,Available,Intermediate,XZR
20XZS,Available,Intermediate,XZS
20XZT,Available,Intermediate,XZT
20XZU,Available,Intermediate,XZU
20XZV,Available,Intermediate,XZV
20XZW,Available,Intermediate,XZW
20XZY,Available,Intermediate,XZY
20XZZ,Available,Intermediate,XZZ
20YAI,Available,Intermediate,YAI
20YAQ,Available,Intermediate,YAQ
20YAX,Available,Intermediate,YAX
20YBA,Available,Intermediate,YBA
20YBB,Available,Intermediate,YBB
20YBC,Available,Intermediate,YBC
20YBD,Available,Intermediate,YBD
20YBE,Available,Intermediate,YBE
20YBF,Available,Intermediate,YBF
20YBG,Available,Intermediate,YBG
20YBH,Available,Intermediate,YBH
20YBI,Available,Intermediate,YBI
20YBJ,Available,Intermediate,YBJ
20YBK,Available,Intermediate,YBK
20YBL,Available,Intermediate,YBL
20YBM,Available,Intermediate,YBM
20YBN,Available,Intermediate,YBN
20YBP,Available,Intermediate,YBP
20YBQ,Available,Intermediate,YBQ
20YBU,Available,Intermediate,YBU
20YBW,Available,Intermediate,YBW
20YBX,Available,Intermediate,YBX
20YBY,Available,Intermediate,YBY
20YBZ,Available,Intermediate,YBZ
20YCA,Available,Intermediate,YCA
20YCB,Available,Intermediate,YCB
20YCC,Available,Intermediate,YCC
20YCE,Available,Intermediate,YCE
20YCF,Available,Intermediate,YCF
20YCH,Available,Intermediate,YCH
20YCI,Available,Intermediate,YCI
20YCK,Available,Intermediate,YCK
20YCL,Available,Intermediate,YCL
20YCM,Available,Intermediate,YCM
20YCN,Available,Intermediate,YCN
20YCO,Available,Intermediate,YCO
20YCP,Available,Intermediate,YCP
20YCQ,Available,Intermediate,YCQ
20YCR,Available,Intermediate,YCR
20YCS,Available,Intermediate,YCS
20YCT,Available,Intermediate,YCT
20YCU,Available,Intermediate,YCU
20YCV,Available,Intermediate,YCV
20YCW,Available,Intermediate,YCW
20YCX,Available,Intermediate,YCX
20YCY,Available,Intermediate,YCY
20YCZ,Available,Intermediate,YCZ
20YDB,Available,Intermediate,YDB
20YDC,Available,Intermediate,YDC
20YDE,Available,Intermediate,YDE
20YDG,Available,Intermediate,YDG
20YDH,Available,Intermediate,YDH
20YDI,Available,Intermediate,YDI
20YDJ,Available,Intermediate,YDJ
20YDN,Available,Intermediate,YDN
20YDO,Available,Intermediate,YDO
20YDP,Available,Intermediate,YDP
20YDQ,Available,Intermediate,YDQ
20YDR,Available,Intermediate,YDR
20YDS,Available,Intermediate,YDS
20YDU,Available,Intermediate,YDU
20YDV,Available,Intermediate,YDV
20YDY,Available,Intermediate,YDY
20YDZ,Available,Intermediate,YDZ
20YEA,Available,Intermediate,YEA
20YEB,Available,Intermediate,YEB
20YEC,Available,Intermediate,YEC
20YED,Available,Intermediate,YED
20YEE,Available,Intermediate,YEE
20YEF,Available,Intermediate,YEF
20YEG,Available,Intermediate,YEG
20YEH,Available,Intermediate,YEH
20YEI,Available,Intermediate,YEI
20YEJ,Available,Intermediate,YEJ
20YEK,Available,Intermediate,YEK
20YEL,Available,Intermediate,YEL
20YEM,Available,Intermediate,YEM
20YEO,Available,Intermediate,YEO
20YEP,Available,Intermediate,YEP
20YER,Available,Intermediate,YER
20YEU,Available,Intermediate,YEU
20YEV,Available,Intermediate,YEV
20YEW,Available,Intermediate,YEW
20YEX,Available,Intermediate,YEX
20YEY,Available,Intermediate,YEY
20YEZ,Available,Intermediate,YEZ
20YFA,Available,Intermediate,YFA
20YFB,Available,Intermediate,YFB
20YFD,Available,Intermediate,YFD
20YFE,Available,Intermediate,YFE
20YFF,Available,Intermediate,YFF
20YFG,Available,Intermediate,YFG
20YFH,Available,Intermediate,YFH
20YFI,Available,Intermediate,YFI
20YFJ,Available,Intermediate,YFJ
20YFK,Available,Intermediate,YFK
20YFL,Available,Intermediate,YFL
20YFM,Available,Intermediate,YFM
20YFN,Available,Intermediate,YFN
20YFP,Available,Intermediate,YFP
20YFQ,Available,Intermediate,YFQ
20YFU,Available,Intermediate,YFU
20YFV,Available,Intermediate,YFV
20YFW,Available,Intermediate,YFW
20YFX,Available,Intermediate,YFX
20YFY,Available,Intermediate,YFY
20YGA,Available,Intermediate,YGA
20YGC,Available,Intermediate,YGC
20YGD,Available,Intermediate,YGD
20YGE,Available,Intermediate,YGE
20YGF,Available,Intermediate,YGF
20YGH,Available,Intermediate,YGH
20YGI,Available,Intermediate,YGI
20YGJ,Available,Intermediate,YGJ
20YGK,Available,Intermediate,YGK
20YGL,Available,Intermediate,YGL
20YGM,Available,Intermediate,YGM
20YGN,Available,Intermediate,YGN
20YGO,Available,Intermediate,YGO
20YGP,Available,Intermediate,YGP
20YGQ,Available,Intermediate,YGQ
20YGR,Available,Intermediate,YGR
20YGS,Available,Intermediate,YGS
20YGT,Available,Intermediate,YGT
20YGU,Available,Intermediate,YGU
20YGV,Available,Intermediate,YGV
20YGW,Available,Intermediate,YGW
20YGX,Available,Intermediate,YGX
20YGY,Available,Intermediate,YGY
20YGZ,Available,Intermediate,YGZ
20YHA,Available,Intermediate,YHA
20YHC,Available,Intermediate,YHC
20YHD,Available,Intermediate,YHD
20YHE,Available,Intermediate,YHE
20YHF,Available,Intermediate,YHF
20YHG,Available,Intermediate,YHG
20YHH,Available,Intermediate,YHH
20YHI,Available,Intermediate,YHI
20YHJ,Available,Intermediate,YHJ
20YHK,Available,Intermediate,YHK
20YHL,Available,Intermediate,YHL
20YHM,Available,Intermediate,YHM
20YHN,Available,Intermediate,YHN
20YHO,Available,Intermediate,YHO
20YHP,Available,Intermediate,YHP
20YHQ,Available,Intermediate,YHQ
20YHR,Available,Intermediate,YHR
20YHS,Available,Intermediate,YHS
20YHT,Available,Intermediate,YHT
20YHU,Available,Intermediate,YHU
20YHV,Available,Intermediate,YHV
20YHW,Available,Intermediate,YHW
20YHX,Available,Intermediate,YHX
20YHY,Available,Intermediate,YHY
20YHZ,Available,Intermediate,YHZ
20YIA,Available,Intermediate,YIA
20YIB,Available,Intermediate,YIB
20YIE,Available,Intermediate,YIE
20YIF,Available,Intermediate,YIF
20YIG,Available,Intermediate,YIG
20YIH,Available,Intermediate,YIH
20YII,Available,Intermediate,YII
20YIK,Available,Intermediate,YIK
20YIL,Available,Intermediate,YIL
20YIM,Available,Intermediate,YIM
20YIN,Available,Intermediate,YIN
20YIQ,Available,Intermediate,YIQ
20YIR,Available,Intermediate,YIR
20YIS,Available,Intermediate,YIS
20YIT,Available,Intermediate,YIT
20YIU,Available,Intermediate,YIU
20YIV,Available,Intermediate,YIV
20YIW,Available,Intermediate,YIW
20YIX,Available,Intermediate,YIX
20YIY,Available,Intermediate,YIY
20YIZ,Available,Intermediate,YIZ
20YJA,Available,Intermediate,YJA
20YJB,Available,Intermediate,YJB
20YJC,Available,Intermediate,YJC
20YJD,Available,Intermediate,YJD
20YJE,Available,Intermediate,YJE
20YJG,Available,Intermediate,YJG
20YJH,Available,Intermediate,YJH
20YJI,Available,Intermediate,YJI
20YJJ,Available,Intermediate,YJJ
20YJK,Available,Intermediate,YJK
20YJN,Available,Intermediate,YJN
20YJO,Available,Intermediate,YJO
20YJP,Available,Intermediate,YJP
20YJQ,Available,Intermediate,YJQ
20YJR,Available,Intermediate,YJR
20YJS,Available,Intermediate,YJS
20YJT,Available,Intermediate,YJT
20YJU,Available,Intermediate,YJU
20YJV,Available,Intermediate,YJV
20YJX,Available,Intermediate,YJX
20YJY,Available,Intermediate,YJY
20YJZ,Available,Intermediate,YJZ
20YKA,Available,Intermediate,YKA
20YKB,Available,Intermediate,YKB
20YKC,Available,Intermediate,YKC
20YKD,Available,Intermediate,YKD
20YKE,Available,Intermediate,YKE
20YKG,Available,Intermediate,YKG
20YKH,Available,Intermediate,YKH
20YKI,Available,Intermediate,YKI
20YKJ,Available,Intermediate,YKJ
20YKL,Available,Intermediate,YKL
20YKM,Available,Intermediate,YKM
20YKN,Available,Intermediate,YKN
20YKO,Available,Intermediate,YKO
20YKP,Available,Intermediate,YKP
20YKQ,Available,Intermediate,YKQ
20YKR,Available,Intermediate,YKR
20YKT,Available,Intermediate,YKT
20YKU,Available,Intermediate,YKU
20YKV,Available,Intermediate,YKV
20YKW,Available,Intermediate,YKW
20YKX,Available,Intermediate,YKX
20YKY,Available,Intermediate,YKY
20YKZ,Available,Intermediate,YKZ
20YLA,Available,Intermediate,YLA
20YLB,Available,Intermediate,YLB
20YLC,Available,Intermediate,YLC
20YLD,Available,Intermediate,YLD
20YLE,Available,Intermediate,YLE
20YLF,Available,Intermediate,YLF
20YLI,Available,Intermediate,YLI
20YLK,Available,Intermediate,YLK
20YLL,Available,Intermediate,YLL
20YLM,Available,Intermediate,YLM
20YLN,Available,Intermediate,YLN
20YLP,Available,Intermediate,YLP
20YLQ,Available,Intermediate,YLQ
20YLR,Available,Intermediate,YLR
20YLT,Available,Intermediate,YLT
20YLU,Available,Intermediate,YLU
20YLV,Available,Intermediate,YLV
20YLW,Available,Intermediate,YLW
20YLZ,Available,Intermediate,YLZ
20YMA,Available,Intermediate,YMA
20YMB,Available,Intermediate,YMB
20YMC,Available,Intermediate,YMC
20YMD,Available,Intermediate,YMD
20YMG,Available,Intermediate,YMG
20YMH,Available,Intermediate,YMH
20YMI,Available,Intermediate,YMI
20YMJ,Available,Intermediate,YMJ
20YML,Available,Intermediate,YML
20YMM,Available,Intermediate,YMM
20YMN,Available,Intermediate,YMN
20YMO,Available,Intermediate,YMO
20YMP,Available,Intermediate,YMP
20YMQ,Available,Intermediate,YMQ
20YMS,Available,Intermediate,YMS
20YMT,Available,Intermediate,YMT
20YMU,Available,Intermediate,YMU
20YMV,Available,Intermediate,YMV
20YMW,Available,Intermediate,YMW
20YMX,Available,Intermediate,YMX
20YMY,Available,Intermediate,YMY
20YMZ,Available,Intermediate,YMZ
20YNA,Available,Intermediate,YNA
20YNB,Available,Intermediate,YNB
20YNC,Available,Intermediate,YNC
20YNF,Available,Intermediate,YNF
20YNG,Available,Intermediate,YNG
20YNH,Available,Intermediate,YNH
20YNJ,Available,Intermediate,YNJ
20YNK,Available,Intermediate,YNK
20YNL,Available,Intermediate,YNL
20YNM,Available,Intermediate,YNM
20YNN,Available,Intermediate,YNN
20YNO,Available,Intermediate,YNO
20YNP,Available,Intermediate,YNP
20YNQ,Available,Intermediate,YNQ
20YNR,Available,Intermediate,YNR
20YNS,Available,Intermediate,YNS
20YNT,Available,Intermediate,YNT
20YNU,Available,Intermediate,YNU
20YNW,Available,Intermediate,YNW
20YNX,Available,Intermediate,YNX
20YNY,Available,Intermediate,YNY
20YNZ,Available,Intermediate,YNZ
20YOA,Available,Intermediate,YOA
20YOB,Available,Intermediate,YOB
20YOD,Available,Intermediate,YOD
20YOE,Available,Intermediate,YOE
20YOF,Available,Intermediate,YOF
20YOG,Available,Intermediate,YOG
20YOH,Available,Intermediate,YOH
20YOI,Available,Intermediate,YOI
20YOJ,Available,Intermediate,YOJ
20YOK,Available,Intermediate,YOK
20YOL,Available,Intermediate,YOL
20YON,Available,Intermediate,YON
20YOO,Available,Intermediate,YOO
20YOQ,Available,Intermediate,YOQ
20YOS,Available,Intermediate,YOS
20YOV,Available,Intermediate,YOV
20YOW,Available,Intermediate,YOW
20YOX,Available,Intermediate,YOX
20YOZ,Available,Intermediate,YOZ
20YPA,Available,Intermediate,YPA
20YPB,Available,Intermediate,YPB
20YPC,Available,Intermediate,YPC
20YPD,Available,Intermediate,YPD
20YPE,Available,Intermediate,YPE
20YPF,Available,Intermediate,YPF
20YPH,Available,Intermediate,YPH
20YPI,Available,Intermediate,YPI
20YPL,Available,Intermediate,YPL
20YPN,Available,Intermediate,YPN
20YPO,Available,Intermediate,YPO
20YPP,Available,Intermediate,YPP
20YPQ,Available,Intermediate,YPQ
20YPR,Available,Intermediate,YPR
20YPS,Available,Intermediate,YPS
20YPT,Available,Intermediate,YPT
20YPU,Available,Intermediate,YPU
20YPV,Available,Intermediate,YPV
20YPW,Available,Intermediate,YPW
20YPY,Available,Intermediate,YPY
20YQA,Available,Intermediate,YQA
20YQB,Available,Intermediate,YQB
20YQD,Available,Intermediate,YQD
20YQE,Available,Intermediate,YQE
20YQG,Available,Intermediate,YQG
20YQH,Available,Intermediate,YQH
20YQI,Available,Intermediate,YQI
20YQJ,Available,Intermediate,YQJ
20YQK,Available,Intermediate,YQK
20YQL,Available,Intermediate,YQL
20YQM,Available,Intermediate,YQM
20YQN,Available,Intermediate,YQN
20YQO,Available,Intermediate,YQO
20YQP,Available,Intermediate,YQP
20YQQ,Available,Intermediate,YQQ
20YQR,Available,Intermediate,YQR
20YQS,Available,Intermediate,YQS
20YQU,Available,Intermediate,YQU
20YQV,Available,Intermediate,YQV
20YQW,Available,Intermediate,YQW
20YQX,Available,Intermediate,YQX
20YQY,Available,Intermediate,YQY
20YQZ,Available,Intermediate,YQZ
20YRA,Available,Intermediate,YRA
20YRB,Available,Intermediate,YRB
20YRC,Available,Intermediate,YRC
20YRE,Available,Intermediate,YRE
20YRF,Available,Intermediate,YRF
20YRG,Available,Intermediate,YRG
20YRH,Available,Intermediate,YRH
20YRI,Available,Intermediate,YRI
20YRJ,Available,Intermediate,YRJ
20YRK,Available,Intermediate,YRK
20YRL,Available,Intermediate,YRL
20YRM,Available,Intermediate,YRM
20YRP,Available,Intermediate,YRP
20YRQ,Available,Intermediate,YRQ
20YRR,Available,Intermediate,YRR
20YRT,Available,Intermediate,YRT
20YRU,Available,Intermediate,YRU
20YRV,Available,Intermediate,YRV
20YRX,Available,Intermediate,YRX
20YRY,Available,Intermediate,YRY
20YRZ,Available,Intermediate,YRZ
20YSA,Available,Intermediate,YSA
20YSB,Available,Intermediate,YSB
20YSC,Available,Intermediate,YSC
20YSD,Available,Intermediate,YSD
20YSF,Available,Intermediate,YSF
20YSG,Available,Intermediate,YSG
20YSI,Available,Intermediate,YSI
20YSJ,Available,Intermediate,YSJ
20YSK,Available,Intermediate,YSK
20YSM,Available,Intermediate,YSM
20YSN,Available,Intermediate,YSN
20YSO,Available,Intermediate,YSO
20YSQ,Available,Intermediate,YSQ
20YSR,Available,Intermediate,YSR
20YSS,Available,Intermediate,YSS
20YST,Available,Intermediate,YST
20YSV,Available,Intermediate,YSV
20YSW,Available,Intermediate,YSW
20YSX,Available,Intermediate,YSX
20YSY,Available,Intermediate,YSY
20YSZ,Available,Intermediate,YSZ
20YTA,Available,Intermediate,YTA
20YTB,Available,Intermediate,YTB
20YTC,Available,Intermediate,YTC
20YTD,Available,Intermediate,YTD
20YTE,Available,Intermediate,YTE
20YTG,Available,Intermediate,YTG
20YTH,Available,Intermediate,YTH
20YTI,Available,Intermediate,YTI
20YTJ,Available,Intermediate,YTJ
20YTK,Available,Intermediate,YTK
20YTL,Available,Intermediate,YTL
20YTM,Available,Intermediate,YTM
20YTN,Available,Intermediate,YTN
20YTO,Available,Intermediate,YTO
20YTP,Available,Intermediate,YTP
20YTQ,Available,Intermediate,YTQ
20YTR,Available,Intermediate,YTR
20YTU,Available,Intermediate,YTU
20YTV,Available,Intermediate,YTV
20YTW,Available,Intermediate,YTW
20YTX,Available,Intermediate,YTX
20YTY,Available,Intermediate,YTY
20YTZ,Available,Intermediate,YTZ
20YUA,Available,Intermediate,YUA
20YUC,Available,Intermediate,YUC
20YUE,Available,Intermediate,YUE
20YUF,Available,Intermediate,YUF
20YUG,Available,Intermediate,YUG
20YUH,Available,Intermediate,YUH
20YUJ,Available,Intermediate,YUJ
20YUK,Available,Intermediate,YUK
20YUL,Available,Intermediate,YUL
20YUM,Available,Intermediate,YUM
20YUN,Available,Intermediate,YUN
20YUO,Available,Intermediate,YUO
20YUP,Available,Intermediate,YUP
20YUQ,Available,Intermediate,YUQ
20YUR,Available,Intermediate,YUR
20YUS,Available,Intermediate,YUS
20YUT,Available,Intermediate,YUT
20YUU,Available,Intermediate,YUU
20YUX,Available,Intermediate,YUX
20YUY,Available,Intermediate,YUY
20YUZ,Available,Intermediate,YUZ
20YVA,Available,Intermediate,YVA
20YVB,Available,Intermediate,YVB
20YVC,Available,Intermediate,YVC
20YVD,Available,Intermediate,YVD
20YVE,Available,Intermediate,YVE
20YVF,Available,Intermediate,YVF
20YVG,Available,Intermediate,YVG
20YVH,Available,Intermediate,YVH
20YVI,Available,Intermediate,YVI
20YVJ,Available,Intermediate,YVJ
20YVK,Available,Intermediate,YVK
20YVL,Available,Intermediate,YVL
20YVM,Available,Intermediate,YVM
20YVN,Available,Intermediate,YVN
20YVO,Available,Intermediate,YVO
20YVP,Available,Intermediate,YVP
20YVQ,Available,Intermediate,YVQ
20YVT,Available,Intermediate,YVT
20YVU,Available,Intermediate,YVU
20YVV,Available,Intermediate,YVV
20YVW,Available,Intermediate,YVW
20YVY,Available,Intermediate,YVY
20YVZ,Available,Intermediate,YVZ
20YWA,Available,Intermediate,YWA
20YWB,Available,Intermediate,YWB
20YWC,Available,Intermediate,YWC
20YWD,Available,Intermediate,YWD
20YWE,Available,Intermediate,YWE
20YWF,Available,Intermediate,YWF
20YWG,Available,Intermediate,YWG
20YWH,Available,Intermediate,YWH
20YWI,Available,Intermediate,YWI
20YWJ,Available,Intermediate,YWJ
20YWK,Available,Intermediate,YWK
20YWL,Available,Intermediate,YWL
20YWM,Available,Intermediate,YWM
20YWO,Available,Intermediate,YWO
20YWQ,Available,Intermediate,YWQ
20YWR,Available,Intermediate,YWR
20YWS,Available,Intermediate,YWS
20YWT,Available,Intermediate,YWT
20YWU,Available,Intermediate,YWU
20YWV,Available,Intermediate,YWV
20YWW,Available,Intermediate,YWW
20YWX,Available,Intermediate,YWX
20YWY,Available,Intermediate,YWY
20YWZ,Available,Intermediate,YWZ
20YXA,Available,Intermediate,YXA
20YXC,Available,Intermediate,YXC
20YXD,Available,Intermediate,YXD
20YXE,Available,Intermediate,YXE
20YXF,Available,Intermediate,YXF
20YXG,Available,Intermediate,YXG
20YXH,Available,Intermediate,YXH
20YXI,Available,Intermediate,YXI
20YXJ,Available,Intermediate,YXJ
20YXK,Available,Intermediate,YXK
20YXL,Available,Intermediate,YXL
20YXM,Available,Intermediate,YXM
20YXN,Available,Intermediate,YXN
20YXP,Available,Intermediate,YXP
20YXQ,Available,Intermediate,YXQ
20YXR,Available,Intermediate,YXR
20YXS,Available,Intermediate,YXS
20YXT,Available,Intermediate,YXT
20YXU,Available,Intermediate,YXU
20YXV,Available,Intermediate,YXV
20YXW,Available,Intermediate,YXW
20YXX,Available,Intermediate,YXX
20YXY,Available,Intermediate,YXY
20YYA,Available,Intermediate,YYA
20YYB,Available,Intermediate,YYB
20YYC,Available,Intermediate,YYC
20YYE,Available,Intermediate,YYE
20YYF,Available,Intermediate,YYF
20YYG,Available,Intermediate,YYG
20YYH,Available,Intermediate,YYH
20YYI,Available,Intermediate,YYI
20YYJ,Available,Intermediate,YYJ
20YYK,Available,Intermediate,YYK
20YYL,Available,Intermediate,YYL
20YYM,Available,Intermediate,YYM
20YYN,Available,Intermediate,YYN
20YYO,Available,Intermediate,YYO
20YYQ,Available,Intermediate,YYQ
20YYR,Available,Intermediate,YYR
20YYS,Available,Intermediate,YYS
20YYT,Available,Intermediate,YYT
20YYU,Available,Intermediate,YYU
20YYV,Available,Intermediate,YYV
20YYW,Available,Intermediate,YYW
20YYX,Available,Intermediate,YYX
20YZA,Available,Intermediate,YZA
20YZB,Available,Intermediate,YZB
20YZD,Available,Intermediate,YZD
20YZE,Available,Intermediate,YZE
20YZG,Available,Intermediate,YZG
20YZH,Available,Intermediate,YZH
20YZI,Available,Intermediate,YZI
20YZJ,Available,Intermediate,YZJ
20YZK,Available,Intermediate,YZK
20YZL,Available,Intermediate,YZL
20YZM,Available,Intermediate,YZM
20YZN,Available,Intermediate,YZN
20YZO,Available,Intermediate,YZO
20YZP,Available,Intermediate,YZP
20YZT,Available,Intermediate,YZT
20YZU,Available,Intermediate,YZU
20YZV,Available,Intermediate,YZV
20YZW,Available,Intermediate,YZW
20YZY,Available,Intermediate,YZY
20ZAQ,Available,Intermediate,ZAQ
20ZAV,Available,Intermediate,ZAV
20ZBB,Available,Intermediate,ZBB
20ZBE,Available,Intermediate,ZBE
20ZBF,Available,Intermediate,ZBF
20ZBG,Available,Intermediate,ZBG
20ZBI,Available,Intermediate,ZBI
20ZBJ,Available,Intermediate,ZBJ
20ZBK,Available,Intermediate,ZBK
20ZBL,Available,Intermediate,ZBL
20ZBM,Available,Intermediate,ZBM
20ZBN,Available,Intermediate,ZBN
20ZBO,Available,Intermediate,ZBO
20ZBP,Available,Intermediate,ZBP
20ZBQ,Available,Intermediate,ZBQ
20ZBR,Available,Intermediate,ZBR
20ZBS,Available,Intermediate,ZBS
20ZBV,Available,Intermediate,ZBV
20ZBX,Available,Intermediate,ZBX
20ZBY,Available,Intermediate,ZBY
20ZCA,Available,Intermediate,ZCA
20ZCB,Available,Intermediate,ZCB
20ZCD,Available,Intermediate,ZCD
20ZCE,Available,Intermediate,ZCE
20ZCF,Available,Intermediate,ZCF
20ZCH,Available,Intermediate,ZCH
20ZCI,Available,Intermediate,ZCI
20ZCJ,Available,Intermediate,ZCJ
20ZCK,Available,Intermediate,ZCK
20ZCM,Available,Intermediate,ZCM
20ZCN,Available,Intermediate,ZCN
20ZCO,Available,Intermediate,ZCO
20ZCP,Available,Intermediate,ZCP
20ZCQ,Available,Intermediate,ZCQ
20ZCS,Available,Intermediate,ZCS
20ZCT,Available,Intermediate,ZCT
20ZCU,Available,Intermediate,ZCU
20ZCV,Available,Intermediate,ZCV
20ZCW,Available,Intermediate,ZCW
20ZCX,Available,Intermediate,ZCX
20ZCY,Available,Intermediate,ZCY
20ZCZ,Available,Intermediate,ZCZ
20ZDD,Available,Intermediate,ZDD
20ZDF,Available,Intermediate,ZDF
20ZDG,Available,Intermediate,ZDG
20ZDI,Available,Intermediate,ZDI
20ZDL,Available,Intermediate,ZDL
20ZDM,Available,Intermediate,ZDM
20ZDN,Available,Intermediate,ZDN
20ZDO,Available,Intermediate,ZDO
20ZDP,Available,Intermediate,ZDP
20ZDQ,Available,Intermediate,ZDQ
20ZDR,Available,Intermediate,ZDR
20ZDS,Available,Intermediate,ZDS
20ZDT,Available,Intermediate,ZDT
20ZDU,Available,Intermediate,ZDU
20ZDV,Available,Intermediate,ZDV
20ZDW,Available,Intermediate,ZDW
20ZDY,Available,Intermediate,ZDY
20ZDZ,Available,Intermediate,ZDZ
20ZEA,Available,Intermediate,ZEA
20ZEC,Available,Intermediate,ZEC
20ZEE,Available,Intermediate,ZEE
20ZEF,Available,Intermediate,ZEF
20ZEG,Available,Intermediate,ZEG
20ZEI,Available,Intermediate,ZEI
20ZEJ,Available,Intermediate,ZEJ
20ZEK,Available,Intermediate,ZEK
20ZEL,Available,Intermediate,ZEL
20ZEP,Available,Intermediate,ZEP
20ZER,Available,Intermediate,ZER
20ZES,Available,Intermediate,ZES
20ZEU,Available,Intermediate,ZEU
20ZEW,Available,Intermediate,ZEW
20ZEX,Available,Intermediate,ZEX
20ZEZ,Available,Intermediate,ZEZ
20ZFA,Available,Intermediate,ZFA
20ZFB,Available,Intermediate,ZFB
20ZFC,Available,Intermediate,ZFC
20ZFD,Available,Intermediate,ZFD
20ZFE,Available,Intermediate,ZFE
20ZFG,Available,Intermediate,ZFG
20ZFH,Available,Intermediate,ZFH
20ZFI,Available,Intermediate,ZFI
20ZFJ,Available,Intermediate,ZFJ
20ZFK,Available,Intermediate,ZFK
20ZFL,Available,Intermediate,ZFL
20ZFN,Available,Intermediate,ZFN
20ZFO,Available,Intermediate,ZFO
20ZFP,Available,Intermediate,ZFP
20ZFQ,Available,Intermediate,ZFQ
20ZFR,Available,Intermediate,ZFR
20ZFS,Available,Intermediate,ZFS
20ZFT,Available,Intermediate,ZFT
20ZFW,Available,Intermediate,ZFW
20ZFY,Available,Intermediate,ZFY
20ZFZ,Available,Intermediate,ZFZ
20ZGC,Available,Intermediate,ZGC
20ZGD,Available,Intermediate,ZGD
20ZGE,Available,Intermediate,ZGE
20ZGF,Available,Intermediate,ZGF
20ZGG,Available,Intermediate,ZGG
20ZGH,Available,Intermediate,ZGH
20ZGI,Available,Intermediate,ZGI
20ZGJ,Available,Intermediate,ZGJ
20ZGK,Available,Intermediate,ZGK
20ZGM,Available,Intermediate,ZGM
20ZGN,Available,Intermediate,ZGN
20ZGO,Available,Intermediate,ZGO
20ZGP,Available,Intermediate,ZGP
20ZGQ,Available,Intermediate,ZGQ
20ZGR,Available,Intermediate,ZGR
20ZGT,Available,Intermediate,ZGT
20ZGU,Available,Intermediate,ZGU
20ZGV,Available,Intermediate,ZGV
20ZGW,Available,Intermediate,ZGW
20ZGX,Available,Intermediate,ZGX
20ZGY,Available,Intermediate,ZGY
20ZGZ,Available,Intermediate,ZGZ
20ZHA,Available,Intermediate,ZHA
20ZHB,Available,Intermediate,ZHB
20ZHC,Available,Intermediate,ZHC
20ZHD,Available,Intermediate,ZHD
20ZHE,Available,Intermediate,ZHE
20ZHF,Available,Intermediate,ZHF
20ZHH,Available,Intermediate,ZHH
20ZHI,Available,Intermediate,ZHI
20ZHJ,Available,Intermediate,ZHJ
20ZHK,Available,Intermediate,ZHK
20ZHL,Available,Intermediate,ZHL
20ZHM,Available,Intermediate,ZHM
20ZHO,Available,Intermediate,ZHO
20ZHP,Available,Intermediate,ZHP
20ZHQ,Available,Intermediate,ZHQ
20ZHR,Available,Intermediate,ZHR
20ZHS,Available,Intermediate,ZHS
20ZHT,Available,Intermediate,ZHT
20ZHU,Available,Intermediate,ZHU
20ZHV,Available,Intermediate,ZHV
20ZHW,Available,Intermediate,ZHW
20ZHX,Available,Intermediate,ZHX
20ZHY,Available,Intermediate,ZHY
20ZHZ,Available,Intermediate,ZHZ
20ZIA,Available,Intermediate,ZIA
20ZIB,Available,Intermediate,ZIB
20ZIC,Available,Intermediate,ZIC
20ZID,Available,Intermediate,ZID
20ZIE,Available,Intermediate,ZIE
20ZIF,Available,Intermediate,ZIF
20ZIH,Available,Intermediate,ZIH
20ZII,Available,Intermediate,ZII
20ZIJ,Available,Intermediate,ZIJ
20ZIK,Available,Intermediate,ZIK
20ZIN,Available,Intermediate,ZIN
20ZIO,Available,Intermediate,ZIO
20ZIQ,Available,Intermediate,ZIQ
20ZIR,Available,Intermediate,ZIR
20ZIS,Available,Intermediate,ZIS
20ZIU,Available,Intermediate,ZIU
20ZIW,Available,Intermediate,ZIW
20ZIY,Available,Intermediate,ZIY
20ZJC,Available,Intermediate,ZJC
20ZJD,Available,Intermediate,ZJD
20ZJE,Available,Intermediate,ZJE
20ZJF,Available,Intermediate,ZJF
20ZJG,Available,Intermediate,ZJG
20ZJH,Available,Intermediate,ZJH
20ZJI,Available,Intermediate,ZJI
20ZJJ,Available,Intermediate,ZJJ
20ZJK,Available,Intermediate,ZJK
20ZJL,Available,Intermediate,ZJL
20ZJM,Available,Intermediate,ZJM
20ZJN,Available,Intermediate,ZJN
20ZJP,Available,Intermediate,ZJP
20ZJR,Available,Intermediate,ZJR
20ZJS,Available,Intermediate,ZJS
20ZJT,Available,Intermediate,ZJT
20ZJU,Available,Intermediate,ZJU
20ZJV,Available,Intermediate,ZJV
20ZJW,Available,Intermediate,ZJW
20ZJX,Available,Intermediate,ZJX
20ZJY,Available,Intermediate,ZJY
20ZJZ,Available,Intermediate,ZJZ
20ZKA,Available,Intermediate,ZKA
20ZKB,Available,Intermediate,ZKB
20ZKC,Available,Intermediate,ZKC
20ZKE,Available,Intermediate,ZKE
20ZKF,Available,Intermediate,ZKF
20ZKG,Available,Intermediate,ZKG
20ZKH,Available,Intermediate,ZKH
20ZKI,Available,Intermediate,ZKI
20ZKJ,Available,Intermediate,ZKJ
20ZKK,Available,Intermediate,ZKK
20ZKL,Available,Intermediate,ZKL
20ZKM,Available,Intermediate,ZKM
20ZKN,Available,Intermediate,ZKN
20ZKO,Available,Intermediate,ZKO
20ZKP,Available,Intermediate,ZKP
20ZKQ,Available,Intermediate,ZKQ
20ZKR,Available,Intermediate,ZKR
20ZKS,Available,Intermediate,ZKS
20ZKT,Available,Intermediate,ZKT
20ZKU,Available,Intermediate,ZKU
20ZKV,Available,Intermediate,ZKV
20ZKW,Available,Intermediate,ZKW
20ZKY,Available,Intermediate,ZKY
20ZKZ,Available,Intermediate,ZKZ
20ZLA,Available,Intermediate,ZLA
20ZLB,Available,Intermediate,ZLB
20ZLC,Available,Intermediate,ZLC
20ZLE,Available,Intermediate,ZLE
20ZLF,Available,Intermediate,ZLF
20ZLH,Available,Intermediate,ZLH
20ZLI,Available,Intermediate,ZLI
20ZLJ,Available,Intermediate,ZLJ
20ZLL,Available,Intermediate,ZLL
20ZLN,Available,Intermediate,ZLN
20ZLP,Available,Intermediate,ZLP
20ZLQ,Available,Intermediate,ZLQ
20ZLS,Available,Intermediate,ZLS
20ZLU,Available,Intermediate,ZLU
20ZLV,Available,Intermediate,ZLV
20ZLW,Available,Intermediate,ZLW
20ZLX,Available,Intermediate,ZLX
20ZLY,Available,Intermediate,ZLY
20ZLZ,Available,Intermediate,ZLZ
20ZMA,Available,Intermediate,ZMA
20ZMC,Available,Intermediate,ZMC
20ZMD,Available,Intermediate,ZMD
20ZME,Available,Intermediate,ZME
20ZMF,Available,Intermediate,ZMF
20ZMG,Available,Intermediate,ZMG
20ZMH,Available,Intermediate,ZMH
20ZMI,Available,Intermediate,ZMI
20ZMJ,Available,Intermediate,ZMJ
20ZMK,Available,Intermediate,ZMK
20ZMN,Available,Intermediate,ZMN
20ZMP,Available,Intermediate,ZMP
20ZMQ,Available,Intermediate,ZMQ
20ZMU,Available,Intermediate,ZMU
20ZMV,Available,Intermediate,ZMV
20ZMW,Available,Intermediate,ZMW
20ZMY,Available,Intermediate,ZMY
20ZNA,Available,Intermediate,ZNA
20ZNB,Available,Intermediate,ZNB
20ZNC,Available,Intermediate,ZNC
20ZND,Available,Intermediate,ZND
20ZNE,Available,Intermediate,ZNE
20ZNF,Available,Intermediate,ZNF
20ZNG,Available,Intermediate,ZNG
20ZNI,Available,Intermediate,ZNI
20ZNJ,Available,Intermediate,ZNJ
20ZNK,Available,Intermediate,ZNK
20ZNL,Available,Intermediate,ZNL
20ZNM,Available,Intermediate,ZNM
20ZNN,Available,Intermediate,ZNN
20ZNO,Available,Intermediate,ZNO
20ZNP,Available,Intermediate,ZNP
20ZNQ,Available,Intermediate,ZNQ
20ZNR,Available,Intermediate,ZNR
20ZNS,Available,Intermediate,ZNS
20ZNT,Available,Intermediate,ZNT
20ZNU,Available,Intermediate,ZNU
20ZNV,Available,Intermediate,ZNV
20ZNW,Available,Intermediate,ZNW
20ZNX,Available,Intermediate,ZNX
20ZNY,Available,Intermediate,ZNY
20ZOB,Available,Intermediate,ZOB
20ZOC,Available,Intermediate,ZOC
20ZOE,Available,Intermediate,ZOE
20ZOF,Available,Intermediate,ZOF
20ZOG,Available,Intermediate,ZOG
20ZOH,Available,Intermediate,ZOH
20ZOI,Available,Intermediate,ZOI
20ZOJ,Available,Intermediate,ZOJ
20ZOK,Available,Intermediate,ZOK
20ZOL,Available,Intermediate,ZOL
20ZON,Available,Intermediate,ZON
20ZOP,Available,Intermediate,ZOP
20ZOQ,Available,Intermediate,ZOQ
20ZOS,Available,Intermediate,ZOS
20ZOU,Available,Intermediate,ZOU
20ZOV,Available,Intermediate,ZOV
20ZOW,Available,Intermediate,ZOW
20ZOX,Available,Intermediate,ZOX
20ZOY,Available,Intermediate,ZOY
20ZOZ,Available,Intermediate,ZOZ
20ZPB,Available,Intermediate,ZPB
20ZPC,Available,Intermediate,ZPC
20ZPD,Available,Intermediate,ZPD
20ZPE,Available,Intermediate,ZPE
20ZPF,Available,Intermediate,ZPF
20ZPG,Available,Intermediate,ZPG
20ZPH,Available,Intermediate,ZPH
20ZPI,Available,Intermediate,ZPI
20ZPJ,Available,Intermediate,ZPJ
20ZPK,Available,Intermediate,ZPK
20ZPL,Available,Intermediate,ZPL
20ZPO,Available,Intermediate,ZPO
20ZPP,Available,Intermediate,ZPP
20ZPQ,Available,Intermediate,ZPQ
20ZPR,Available,Intermediate,ZPR
20ZPU,Available,Intermediate,ZPU
20ZPV,Available,Intermediate,ZPV
20ZPW,Available,Intermediate,ZPW
20ZPX,Available,Intermediate,ZPX
20ZPZ,Available,Intermediate,ZPZ
20ZQA,Available,Intermediate,ZQA
20ZQB,Available,Intermediate,ZQB
20ZQC,Available,Intermediate,ZQC
20ZQD,Available,Intermediate,ZQD
20ZQE,Available,Intermediate,ZQE
20ZQF,Available,Intermediate,ZQF
20ZQG,Available,Intermediate,ZQG
20ZQH,Available,Intermediate,ZQH
20ZQI,Available,Intermediate,ZQI
20ZQJ,Available,Intermediate,ZQJ
20ZQK,Available,Intermediate,ZQK
20ZQL,Available,Intermediate,ZQL
20ZQM,Available,Intermediate,ZQM
20ZQN,Available,Intermediate,ZQN
20ZQO,Available,Intermediate,ZQO
20ZQP,Available,Intermediate,ZQP
20ZQQ,Available,Intermediate,ZQQ
20ZQS,Available,Intermediate,ZQS
20ZQT,Available,Intermediate,ZQT
20ZQU,Available,Intermediate,ZQU
20ZQV,Available,Intermediate,ZQV
20ZQW,Available,Intermediate,ZQW
20ZQX,Available,Intermediate,ZQX
20ZQY,Available,Intermediate,ZQY
20ZQZ,Available,Intermediate,ZQZ
20ZRC,Available,Intermediate,ZRC
20ZRD,Available,Intermediate,ZRD
20ZRE,Available,Intermediate,ZRE
20ZRF,Available,Intermediate,ZRF
20ZRH,Available,Intermediate,ZRH
20ZRI,Available,Intermediate,ZRI
20ZRJ,Available,Intermediate,ZRJ
20ZRK,Available,Intermediate,ZRK
20ZRO,Available,Intermediate,ZRO
20ZRP,Available,Intermediate,ZRP
20ZRR,Available,Intermediate,ZRR
20ZRS,Available,Intermediate,ZRS
20ZRT,Available,Intermediate,ZRT
20ZRU,Available,Intermediate,ZRU
20ZRV,Available,Intermediate,ZRV
20ZRW,Available,Intermediate,ZRW
20ZRY,Available,Intermediate,ZRY
20ZRZ,Available,Intermediate,ZRZ
20ZSD,Available,Intermediate,ZSD
20ZSF,Available,Intermediate,ZSF
20ZSG,Available,Intermediate,ZSG
20ZSI,Available,Intermediate,ZSI
20ZSL,Available,Intermediate,ZSL
20ZSM,Available,Intermediate,ZSM
20ZSN,Available,Intermediate,ZSN
20ZSO,Available,Intermediate,ZSO
20ZSQ,Available,Intermediate,ZSQ
20ZSR,Available,Intermediate,ZSR
20ZSS,Available,Intermediate,ZSS
20ZSV,Available,Intermediate,ZSV
20ZSW,Available,Intermediate,ZSW
20ZSX,Available,Intermediate,ZSX
20ZSZ,Available,Intermediate,ZSZ
20ZTA,Available,Intermediate,ZTA
20ZTB,Available,Intermediate,ZTB
20ZTE,Available,Intermediate,ZTE
20ZTF,Available,Intermediate,ZTF
20ZTH,Available,Intermediate,ZTH
20ZTI,Available,Intermediate,ZTI
20ZTJ,Available,Intermediate,ZTJ
20ZTK,Available,Intermediate,ZTK
20ZTN,Available,Intermediate,ZTN
20ZTO,Available,Intermediate,ZTO
20ZTQ,Available,Intermediate,ZTQ
20ZTR,Available,Intermediate,ZTR
20ZTS,Available,Intermediate,ZTS
20ZTT,Available,Intermediate,ZTT
20ZTU,Available,Intermediate,ZTU
20ZTV,Available,Intermediate,ZTV
20ZTW,Available,Intermediate,ZTW
20ZTY,Available,Intermediate,ZTY
20ZTZ,Available,Intermediate,ZTZ
20ZUB,Available,Intermediate,ZUB
20ZUC,Available,Intermediate,ZUC
20ZUD,Available,Intermediate,ZUD
20ZUE,Available,Intermediate,ZUE
20ZUF,Available,Intermediate,ZUF
20ZUG,Available,Intermediate,ZUG
20ZUH,Available,Intermediate,ZUH
20ZUI,Available,Intermediate,ZUI
20ZUJ,Available,Intermediate,ZUJ
20ZUK,Available,Intermediate,ZUK
20ZUL,Available,Intermediate,ZUL
20ZUM,Available,Intermediate,ZUM
20ZUO,Available,Intermediate,ZUO
20ZUP,Available,Intermediate,ZUP
20ZUQ,Available,Intermediate,ZUQ
20ZUR,Available,Intermediate,ZUR
20ZUS,Available,Intermediate,ZUS
20ZUU,Available,Intermediate,ZUU
20ZUV,Available,Intermediate,ZUV
20ZUW,Available,Intermediate,ZUW
20ZUY,Available,Intermediate,ZUY
20ZUZ,Available,Intermediate,ZUZ
20ZVA,Available,Intermediate,ZVA
20ZVB,Available,Intermediate,ZVB
20ZVC,Available,Intermediate,ZVC
20ZVD,Available,Intermediate,ZVD
20ZVE,Available,Intermediate,ZVE
20ZVF,Available,Intermediate,ZVF
20ZVH,Available,Intermediate,ZVH
20ZVI,Available,Intermediate,ZVI
20ZVJ,Available,Intermediate,ZVJ
20ZVK,Available,Intermediate,ZVK
20ZVM,Available,Intermediate,ZVM
20ZVN,Available,Intermediate,ZVN
20ZVO,Available,Intermediate,ZVO
20ZVP,Available,Intermediate,ZVP
20ZVQ,Available,Intermediate,ZVQ
20ZVS,Available,Intermediate,ZVS
20ZVU,Available,Intermediate,ZVU
20ZVV,Available,Intermediate,ZVV
20ZVW,Available,Intermediate,ZVW
20ZVX,Available,Intermediate,ZVX
20ZVY,Available,Intermediate,ZVY
20ZVZ,Available,Intermediate,ZVZ
20ZWB,Available,Intermediate,ZWB
20ZWC,Available,Intermediate,ZWC
20ZWD,Available,Intermediate,ZWD
20ZWF,Available,Intermediate,ZWF
20ZWG,Available,Intermediate,ZWG
20ZWI,Available,Intermediate,ZWI
20ZWJ,Available,Intermediate,ZWJ
20ZWK,Available,Intermediate,ZWK
20ZWL,Available,Intermediate,ZWL
20ZWM,Available,Intermediate,ZWM
20ZWN,Available,Intermediate,ZWN
20ZWO,Available,Intermediate,ZWO
20ZWP,Available,Intermediate,ZWP
20ZWQ,Available,Intermediate,ZWQ
20ZWS,Available,Intermediate,ZWS
20ZWT,Available,Intermediate,ZWT
20ZWU,Available,Intermediate,ZWU
20ZWV,Available,Intermediate,ZWV
20ZWX,Available,Intermediate,ZWX
20ZWY,Available,Intermediate,ZWY
20ZWZ,Available,Intermediate,ZWZ
20ZXB,Available,Intermediate,ZXB
20ZXC,Available,Intermediate,ZXC
20ZXD,Available,Intermediate,ZXD
20ZXE,Available,Intermediate,ZXE
20ZXF,Available,Intermediate,ZXF
20ZXH,Available,Intermediate,ZXH
20ZXI,Available,Intermediate,ZXI
20ZXK,Available,Intermediate,ZXK
20ZXL,Available,Intermediate,ZXL
20ZXN,Available,Intermediate,ZXN
20ZXO,Available,Intermediate,ZXO
20ZXR,Available,Intermediate,ZXR
20ZXS,Available,Intermediate,ZXS
20ZXT,Available,Intermediate,ZXT
20ZXU,Available,Intermediate,ZXU
20ZXV,Available,Intermediate,ZXV
20ZXX,Available,Intermediate,ZXX
20ZXZ,Available,Intermediate,ZXZ
20ZYA,Available,Intermediate,ZYA
20ZYB,Available,Intermediate,ZYB
20ZYC,Available,Intermediate,ZYC
20ZYD,Available,Intermediate,ZYD
20ZYE,Available,Intermediate,ZYE
20ZYG,Available,Intermediate,ZYG
20ZYH,Available,Intermediate,ZYH
20ZYI,Available,Intermediate,ZYI
20ZYJ,Available,Intermediate,ZYJ
20ZYL,Available,Intermediate,ZYL
20ZYM,Available,Intermediate,ZYM
20ZYN,Available,Intermediate,ZYN
20ZYO,Available,Intermediate,ZYO
20ZYP,Available,Intermediate,ZYP
20ZYR,Available,Intermediate,ZYR
20ZYS,Available,Intermediate,ZYS
20ZYT,Available,Intermediate,ZYT
20ZYU,Available,Intermediate,ZYU
20ZYV,Available,Intermediate,ZYV
20ZYW,Available,Intermediate,ZYW
20ZYY,Available,Intermediate,ZYY
20ZZA,Available,Intermediate,ZZA
20ZZB,Available,Intermediate,ZZB
20ZZC,Available,Intermediate,ZZC
20ZZE,Available,Intermediate,ZZE
20ZZG,Available,Intermediate,ZZG
20ZZH,Available,Intermediate,ZZH
20ZZJ,Available,Intermediate,ZZJ
20ZZL,Available,Intermediate,ZZL
20ZZN,Available,Intermediate,ZZN
20ZZO,Available,Intermediate,ZZO
20ZZP,Available,Intermediate,ZZP
20ZZQ,Available,Intermediate,ZZQ
20ZZR,Available,Intermediate,ZZR
20ZZS,Available,Intermediate,ZZS
20ZZV,Available,Intermediate,ZZV
20ZZW,Available,Intermediate,ZZW
