callsign,status,licence_class,suffix
M0CWC,Available,Full,CWC
M0HME,Available,Full,HME
M0HMF,Available,Full,HMF
M0HMG,Available,Full,HMG
M0HMI,Available,Full,HMI
M0HMJ,Available,Full,HMJ
M0HMK,Available,Full,HMK
M0HML,Available,Full,HML
M0HMN,Available,Full,HMN
M0HMO,Available,Full,HMO
M0HMQ,Available,Full,HMQ
M0HMT,Available,Full,HMT
M0HMU,Available,Full,HMU
M0HMW,Available,Full,HMW
M0HMX,Available,Full,HMX
M0HMZ,Available,Full,HMZ
M0HNA,Available,Full,HNA
M0HNB,Available,Full,HNB
M0HND,Available,Full,HND
M0HNE,Available,Full,HNE
M0HNF,Available,Full,HNF
M0HNG,Available,Full,HNG
M0HNH,Available,Full,HNH
M0HNI,Available,Full,HNI
M0HNJ,Available,Full,HNJ
M0HNK,Available,Full,HNK
M0HNL,Available,Full,HNL
M0HNM,Available,Full,HNM
M0HNN,Available,Full,HNN
M0HNO,Available,Full,HNO
M0HNP,Available,Full,HNP
M0HNQ,Available,Full,HNQ
M0HNR,Available,Full,HNR
M0HNS,Available,Full,HNS
M0HNT,Available,Full,HNT
M0HNU,Available,Full,HNU
M0HNV,Available,Full,HNV
M0HNX,Available,Full,HNX
M0HNY,Available,Full,HNY
M0HNZ,Available,Full,HNZ
M0HOB,Available,Full,HOB
M0HOE,Available,Full,HOE
M0HOF,Available,Full,HOF
M0HOH,Available,Full,HOH
M0HOI,Available,Full,HOI
M0HOJ,Available,Full,HOJ
M0HOM,Available,Full,HOM
M0HOO,Available,Full,HOO
M0HOQ,Available,Full,HOQ
M0HOS,Available,Full,HOS
M0HOV,Available,Full,HOV
M0HOX,Available,Full,HOX
M0HOY,Available,Full,HOY
M0HOZ,Available,Full,HOZ
M0HPA,Available,Full,HPA
M0HPE,Available,Full,HPE
M0HPG,Available,Full,HPG
M0HPH,Available,Full,HPH
M0HPI,Available,Full,HPI
M0HPM,Available,Full,HPM
M0HPN,Available,Full,HPN
M0HPO,Available,Full,HPO
M0HPP,Available,Full,HPP
M0HPQ,Available,Full,HPQ
M0HPU,Available,Full,HPU
M0HPW,Available,Full,HPW
M0HPX,Available,Full,HPX
M0HPY,Available,Full,HPY
M0HPZ,Available,Full,HPZ
M0HQA,Available,Full,HQA
M0HQB,Available,Full,HQB
M0HQC,Available,Full,HQC
M0HQD,Available,Full,HQD
M0HQE,Available,Full,HQE
M0HQF,Available,Full,HQF
M0HQG,Available,Full,HQG
M0HQH,Available,Full,HQH
M0HQI,Available,Full,HQI
M0HQL,Available,Full,HQL
M0HQM,Available,Full,HQM
M0HQN,Available,Full,HQN
M0HQO,Available,Full,HQO
M0HQP,Available,Full,HQP
M0HQQ,Available,Full,HQQ
M0HQR,Available,Full,HQR
M0HQS,Available,Full,HQS
M0HQT,Available,Full,HQT
M0HQU,Available,Full,HQU
M0HQV,Available,Full,HQV
M0HQW,Available,Full,HQW
M0HQX,Available,Full,HQX
M0HQY,Available,Full,HQY
M0HQZ,Available,Full,HQZ
M0HRF,Available,Full,HRF
M0HRI,Available,Full,HRI
M0HRJ,Available,Full,HRJ
M0HRK,Available,Full,HRK
M0HRL,Available,Full,HRL
M0HRM,Available,Full,HRM
M0HRN,Available,Full,HRN
M0HRQ,Available,Full,HRQ
M0HRT,Available,Full,HRT
M0HRU,Available,Full,HRU
M0HRW,Available,Full,HRW
M0HRX,Available,Full,HRX
M0HRY,Available,Full,HRY
M0HRZ,Available,Full,HRZ
M0HSB,Available,Full,HSB
M0HSC,Available,Full,HSC
M0HSD,Available,Full,HSD
M0HSE,Available,Full,HSE
M0HSF,Available,Full,HSF
M0HSG,Available,Full,HSG
M0HSH,Available,Full,HSH
M0HSI,Available,Full,HSI
M0HSK,Available,Full,HSK
M0HSL,Available,Full,HSL
M0HSN,Available,Full,HSN
M0HSO,Available,Full,HSO
M0HSP,Available,Full,HSP
M0HSQ,Available,Full,HSQ
M0HSS,Available,Full,HSS
M0HSU,Available,Full,HSU
M0HSY,Available,Full,HSY
M0HSZ,Available,Full,HSZ
M0HTA,Available,Full,HTA
M0HTD,Available,Full,HTD
M0HTE,Available,Full,HTE
M0HTF,Available,Full,HTF
M0HTG,Available,Full,HTG
M0HTI,Available,Full,HTI
M0HTK,Available,Full,HTK
M0HTL,Available,Full,HTL
M0HTM,Available,Full,HTM
M0HTN,Available,Full,HTN
M0HTO,Available,Full,HTO
M0HTP,Available,Full,HTP
M0HTQ,Available,Full,HTQ
M0HTS,Available,Full,HTS
M0HTT,Available,Full,HTT
M0HTU,Available,Full,HTU
M0HTV,Available,Full,HTV
M0HTW,Available,Full,HTW
M0HTX,Available,Full,HTX
M0HTY,Available,Full,HTY
M0HTZ,Available,Full,HTZ
M0HUA,Available,Full,HUA
M0HUC,Available,Full,HUC
M0HUF,Available,Full,HUF
M0HUH,Available,Full,HUH
M0HUI,Available,Full,HUI
M0HUJ,Available,Full,HUJ
M0HUK,Available,Full,HUK
M0HUL,Available,Full,HUL
M0HUO,Available,Full,HUO
M0HUQ,Available,Full,HUQ
M0HUR,Available,Full,HUR
M0HUU,Available,Full,HUU
M0HUV,Available,Full,HUV
M0HUW,Available,Full,HUW
M0HUX,Available,Full,HUX
M0HUY,Available,Full,HUY
M0HUZ,Available,Full,HUZ
M0HVA,Available,Full,HVA
M0HVC,Available,Full,HVC
M0HVE,Available,Full,HVE
M0HVF,Available,Full,HVF
M0HVG,Available,Full,HVG
M0HVH,Available,Full,HVH
M0HVI,Available,Full,HVI
M0HVJ,Available,Full,HVJ
M0HVK,Available,Full,HVK
M0HVL,Available,Full,HVL
M0HVM,Available,Full,HVM
M0HVN,Available,Full,HVN
M0HVP,Available,Full,HVP
M0HVQ,Available,Full,HVQ
M0HVR,Available,Full,HVR
M0HVS,Available,Full,HVS
M0HVT,Available,Full,HVT
M0HVU,Available,Full,HVU
M0HVV,Available,Full,HVV
M0HVW,Available,Full,HVW
M0HVX,Available,Full,HVX
M0HVY,Available,Full,HVY
M0HVZ,Available,Full,HVZ
M0HWB,Available,Full,HWB
M0HWD,Available,Full,HWD
M0HWE,Available,Full,HWE
M0HWF,Available,Full,HWF
M0HWG,Available,Full,HWG
M0HWH,Available,Full,HWH
M0HWI,Available,Full,HWI
M0HWJ,Available,Full,HWJ
M0HWL,Available,Full,HWL
M0HWO,Available,Full,HWO
M0HWP,Available,Full,HWP
M0HWQ,Available,Full,HWQ
M0HWT,Available,Full,HWT
M0HWU,Available,Full,HWU
M0HWV,Available,Full,HWV
M0HWW,Available,Full,HWW
M0HWX,Available,Full,HWX
M0HWZ,Available,Full,HWZ
M0HXA,Available,Full,HXA
M0HXC,Available,Full,HXC
M0HXD,Available,Full,HXD
M0HXF,Available,Full,HXF
M0HXG,Available,Full,HXG
M0HXH,Available,Full,HXH
M0HXI,Available,Full,HXI
M0HXJ,Available,Full,HXJ
M0HXK,Available,Full,HXK
M0HXL,Available,Full,HXL
M0HXM,Available,Full,HXM
M0HXN,Available,Full,HXN
M0HXO,Available,Full,HXO
M0HXP,Available,Full,HXP
M0HXQ,Available,Full,HXQ
M0HXR,Available,Full,HXR
M0HXS,Available,Full,HXS
M0HXU,Available,Full,HXU
M0HXV,Available,Full,HXV
M0HXW,Available,Full,HXW
M0HXX,Available,Full,HXX
M0HXY,Available,Full,HXY
M0HXZ,Available,Full,HXZ
M0HYA,Available,Full,HYA
M0HYB,Available,Full,HYB
M0HYF,Available,Full,HYF
M0HYG,Available,Full,HYG
M0HYH,Available,Full,HYH
M0HYI,Available,Full,HYI
M0HYJ,Available,Full,HYJ
M0HYK,Available,Full,HYK
M0HYL,Available,Full,HYL
M0HYM,Available,Full,HYM
M0HYN,Available,Full,HYN
M0HYO,Available,Full,HYO
M0HYQ,Available,Full,HYQ
M0HYS,Available,Full,HYS
M0HYT,Available,Full,HYT
M0HYU,Available,Full,HYU
M0HYV,Available,Full,HYV
M0HYW,Available,Full,HYW
M0HYX,Available,Full,HYX
M0HYY,Available,Full,HYY
M0HYZ,Available,Full,HYZ
M0HZA,Available,Full,HZA
M0HZB,Available,Full,HZB
M0HZC,Available,Full,HZC
M0HZD,Available,Full,HZD
M0HZE,Available,Full,HZE
M0HZF,Available,Full,HZF
M0HZG,Available,Full,HZG
M0HZH,Available,Full,HZH
M0HZI,Available,Full,HZI
M0HZJ,Available,Full,HZJ
M0HZK,Available,Full,HZK
M0HZM,Available,Full,HZM
M0HZN,Available,Full,HZN
M0HZO,Available,Full,HZO
M0HZP,Available,Full,HZP
M0HZQ,Available,Full,HZQ
M0HZR,Available,Full,HZR
M0HZU,Available,Full,HZU
M0HZV,Available,Full,HZV
M0HZW,Available,Full,HZW
M0HZX,Available,Full,HZX
M0HZY,Available,Full,HZY
M0HZZ,Available,Full,HZZ
M0IAD,Available,Full,IAD
M0IAG,Available,Full,IAG
M0IAI,Available,Full,IAI
M0IAO,Available,Full,IAO
M0IAQ,Available,Full,IAQ
M0IAR,Available,Full,IAR
M0IAS,Available,Full,IAS
M0IAU,Available,Full,IAU
M0IAV,Available,Full,IAV
M0IAW,Available,Full,IAW
M0IAX,Available,Full,IAX
M0IAY,Available,Full,IAY
M0IAZ,Available,Full,IAZ
M0IBB,Available,Full,IBB
M0IBD,Available,Full,IBD
M0IBF,Available,Full,IBF
M0IBG,Available,Full,IBG
M0IBH,Available,Full,IBH
M0IBI,Available,Full,IBI
M0IBJ,Available,Full,IBJ
M0IBK,Available,Full,IBK
M0IBN,Available,Full,IBN
M0IBO,Available,Full,IBO
M0IBP,Available,Full,IBP
M0IBQ,Available,Full,IBQ
M0IBR,Available,Full,IBR
M0IBS,Available,Full,IBS
M0IBT,Available,Full,IBT
M0IBU,Available,Full,IBU
M0IBV,Available,Full,IBV
M0IBW,Available,Full,IBW
M0IBX,Available,Full,IBX
M0IBY,Available,Full,IBY
M0ICD,Available,Full,ICD
M0ICF,Available,Full,ICF
M0ICG,Available,Full,ICG
M0ICH,Available,Full,ICH
M0ICI,Available,Full,ICI
M0ICL,Available,Full,ICL
M0ICN,Available,Full,ICN
M0ICR,Available,Full,ICR
M0ICS,Available,Full,ICS
M0ICU,Available,Full,ICU
M0ICV,Available,Full,ICV
M0ICX,Available,Full,ICX
M0ICZ,Available,Full,ICZ
M0IDA,Available,Full,IDA
M0IDC,Available,Full,IDC
M0IDE,Available,Full,IDE
M0IDF,Available,Full,IDF
M0IDG,Available,Full,IDG
M0IDH,Available,Full,IDH
M0IDJ,Available,Full,IDJ
M0IDK,Available,Full,IDK
M0IDL,Available,Full,IDL
M0IDM,Available,Full,IDM
M0IDN,Available,Full,IDN
M0IDO,Available,Full,IDO
M0IDP,Available,Full,IDP
M0IDQ,Available,Full,IDQ
M0IDS,Available,Full,IDS
M0IDV,Available,Full,IDV
M0IDW,Available,Full,IDW
M0IDY,Available,Full,IDY
M0IDZ,Available,Full,IDZ
M0IEA,Available,Full,IEA
M0IEB,Available,Full,IEB
M0IEC,Available,Full,IEC
M0IEF,Available,Full,IEF
M0IEG,Available,Full,IEG
M0IEH,Available,Full,IEH
M0IEI,Available,Full,IEI
M0IEK,Available,Full,IEK
M0IEL,Available,Full,IEL
M0IEM,Available,Full,IEM
M0IEP,Available,Full,IEP
M0IEQ,Available,Full,IEQ
M0IER,Available,Full,IER
M0IES,Available,Full,IES
M0IEU,Available,Full,IEU
M0IEV,Available,Full,IEV
M0IEW,Available,Full,IEW
M0IEX,Available,Full,IEX
M0IEY,Available,Full,IEY
M0IEZ,Available,Full,IEZ
M0IFA,Available,Full,IFA
M0IFB,Available,Full,IFB
M0IFC,Available,Full,IFC
M0IFD,Available,Full,IFD
M0IFE,Available,Full,IFE
M0IFG,Available,Full,IFG
M0IFI,Available,Full,IFI
M0IFJ,Available,Full,IFJ
M0IFK,Available,Full,IFK
M0IFM,Available,Full,IFM
M0IFN,Available,Full,IFN
M0IFO,Available,Full,IFO
M0IFP,Available,Full,IFP
M0IFQ,Available,Full,IFQ
M0IFS,Available,Full,IFS
M0IFT,Available,Full,IFT
M0IFU,Available,Full,IFU
M0IFV,Available,Full,IFV
M0IFW,Available,Full,IFW
M0IFX,Available,Full,IFX
M0IFY,Available,Full,IFY
M0IFZ,Available,Full,IFZ
M0IGA,Available,Full,IGA
M0IGC,Available,Full,IGC
M0IGE,Available,Full,IGE
M0IGF,Available,Full,IGF
M0IGH,Available,Full,IGH
M0IGI,Available,Full,IGI
M0IGJ,Available,Full,IGJ
M0IGK,Available,Full,IGK
M0IGL,Available,Full,IGL
M0IGM,Available,Full,IGM
M0IGN,Available,Full,IGN
M0IGO,Available,Full,IGO
M0IGP,Available,Full,IGP
M0IGQ,Available,Full,IGQ
M0IGS,Available,Full,IGS
M0IGT,Available,Full,IGT
M0IGU,Available,Full,IGU
M0IGV,Available,Full,IGV
M0IGW,Available,Full,IGW
M0IGX,Available,Full,IGX
M0IGZ,Available,Full,IGZ
M0IHA,Available,Full,IHA
M0IHB,Available,Full,IHB
M0IHC,Available,Full,IHC
M0IHE,Available,Full,IHE
M0IHF,Available,Full,IHF
M0IHG,Available,Full,IHG
M0IHH,Available,Full,IHH
M0IHI,Available,Full,IHI
M0IHJ,Available,Full,IHJ
M0IHK,Available,Full,IHK
M0IHN,Available,Full,IHN
M0IHP,Available,Full,IHP
M0IHQ,Available,Full,IHQ
M0IHR,Available,Full,IHR
M0IHS,Available,Full,IHS
M0IHT,Available,Full,IHT
M0IHU,Available,Full,IHU
M0IHV,Available,Full,IHV
M0IHW,Available,Full,IHW
M0IHX,Available,Full,IHX
M0IHY,Available,Full,IHY
M0IHZ,Available,Full,IHZ
M0IIA,Available,Full,IIA
M0IIB,Available,Full,IIB
M0IIC,Available,Full,IIC
M0IID,Available,Full,IID
M0IIF,Available,Full,IIF
M0IIH,Available,Full,IIH
M0IIJ,Available,Full,IIJ
M0IIK,Available,Full,IIK
M0IIL,Available,Full,IIL
M0IIN,Available,Full,IIN
M0IIO,Available,Full,IIO
M0IIP,Available,Full,IIP
M0IIQ,Available,Full,IIQ
M0IIS,Available,Full,IIS
M0IIT,Available,Full,IIT
M0IIU,Available,Full,IIU
M0IIV,Available,Full,IIV
M0IIW,Available,Full,IIW
M0IIX,Available,Full,IIX
M0IIY,Available,Full,IIY
M0IIZ,Available,Full,IIZ
M0IJA,Available,Full,IJA
M0IJB,Available,Full,IJB
M0IJC,Available,Full,IJC
M0IJD,Available,Full,IJD
M0IJE,Available,Full,IJE
M0IJF,Available,Full,IJF
M0IJG,Available,Full,IJG
M0IJH,Available,Full,IJH
M0IJI,Available,Full,IJI
M0IJJ,Available,Full,IJJ
M0IJK,Available,Full,IJK
M0IJL,Available,Full,IJL
M0IJN,Available,Full,IJN
M0IJO,Available,Full,IJO
M0IJP,Available,Full,IJP
M0IJQ,Available,Full,IJQ
M0IJR,Available,Full,IJR
M0IJT,Available,Full,IJT
M0IJU,Available,Full,IJU
M0IJV,Available,Full,IJV
M0IJW,Available,Full,IJW
M0IJX,Available,Full,IJX
M0IJY,Available,Full,IJY
M0IKA,Available,Full,IKA
M0IKC,Available,Full,IKC
M0IKG,Available,Full,IKG
M0IKH,Available,Full,IKH
M0IKI,Available,Full,IKI
M0IKJ,Available,Full,IKJ
M0IKL,Available,Full,IKL
M0IKN,Available,Full,IKN
M0IKO,Available,Full,IKO
M0IKP,Available,Full,IKP
M0IKR,Available,Full,IKR
M0IKS,Available,Full,IKS
M0IKT,Available,Full,IKT
M0IKU,Available,Full,IKU
M0IKV,Available,Full,IKV
M0IKX,Available,Full,IKX
M0IKY,Available,Full,IKY
M0IKZ,Available,Full,IKZ
M0ILA,Available,Full,ILA
M0ILB,Available,Full,ILB
M0ILC,Available,Full,ILC
M0ILD,Available,Full,ILD
M0ILE,Available,Full,ILE
M0ILF,Available,Full,ILF
M0ILG,Available,Full,ILG
M0ILH,Available,Full,ILH
M0ILI,Available,Full,ILI
M0ILJ,Available,Full,ILJ
M0ILK,Available,Full,ILK
M0ILL,Available,Full,ILL
M0ILN,Available,Full,ILN
M0ILO,Available,Full,ILO
M0ILP,Available,Full,ILP
M0ILQ,Available,Full,ILQ
M0ILR,Available,Full,ILR
M0ILU,Available,Full,ILU
M0ILV,Available,Full,ILV
M0ILW,Available,Full,ILW
M0ILX,Available,Full,ILX
M0ILY,Available,Full,ILY
M0ILZ,Available,Full,ILZ
M0IMB,Available,Full,IMB
M0IMF,Available,Full,IMF
M0IMG,Available,Full,IMG
M0IMH,Available,Full,IMH
M0IMK,Available,Full,IMK
M0IMN,Available,Full,IMN
M0IMO,Available,Full,IMO
M0IMQ,Available,Full,IMQ
M0IMS,Available,Full,IMS
M0IMT,Available,Full,IMT
M0IMU,Available,Full,IMU
M0IMV,Available,Full,IMV
M0IMX,Available,Full,IMX
M0IMY,Available,Full,IMY
M0IMZ,Available,Full,IMZ
M0INA,Available,Full,INA
M0INC,Available,Full,INC
M0INE,Available,Full,INE
M0INF,Available,Full,INF
M0ING,Available,Full,ING
M0INH,Available,Full,INH
M0INJ,Available,Full,INJ
M0INL,Available,Full,INL
M0INM,Available,Full,INM
M0INN,Available,Full,INN
M0INO,Available,Full,INO
M0INQ,Available,Full,INQ
M0INR,Available,Full,INR
M0INU,Available,Full,INU
M0INW,Available,Full,INW
M0INX,Available,Full,INX
M0INY,Available,Full,INY
M0INZ,Available,Full,INZ
M0IOA,Available,Full,IOA
M0IOE,Available,Full,IOE
M0IOF,Available,Full,IOF
M0IOG,Available,Full,IOG
M0IOH,Available,Full,IOH
M0IOJ,Available,Full,IOJ
M0ION,Available,Full,ION
M0IOO,Available,Full,IOO
M0IOP,Available,Full,IOP
M0IOQ,Available,Full,IOQ
M0IOS,Available,Full,IOS
M0IOT,Available,Full,IOT
M0IOV,Available,Full,IOV
M0IOX,Available,Full,IOX
M0IOZ,Available,Full,IOZ
M0IPB,Available,Full,IPB
M0IPE,Available,Full,IPE
M0IPF,Available,Full,IPF
M0IPG,Available,Full,IPG
M0IPH,Available,Full,IPH
M0IPI,Available,Full,IPI
M0IPJ,Available,Full,IPJ
M0IPK,Available,Full,IPK
M0IPL,Available,Full,IPL
M0IPM,Available,Full,IPM
M0IPN,Available,Full,IPN
M0IPO,Available,Full,IPO
M0IPP,Available,Full,IPP
M0IPQ,Available,Full,IPQ
M0IPT,Available,Full,IPT
M0IPV,Available,Full,IPV
M0IPW,Available,Full,IPW
M0IPY,Available,Full,IPY
M0IPZ,Available,Full,IPZ
M0IQA,Available,Full,IQA
M0IQC,Available,Full,IQC
M0IQD,Available,Full,IQD
M0IQE,Available,Full,IQE
M0IQF,Available,Full,IQF
M0IQG,Available,Full,IQG
M0IQH,Available,Full,IQH
M0IQI,Available,Full,IQI
M0IQJ,Available,Full,IQJ
M0IQK,Available,Full,IQK
M0IQL,Available,Full,IQL
M0IQM,Available,Full,IQM
M0IQN,Available,Full,IQN
M0IQO,Available,Full,IQO
M0IQP,Available,Full,IQP
M0IQQ,Available,Full,IQQ
M0IQR,Available,Full,IQR
M0IQS,Available,Full,IQS
M0IQT,Available,Full,IQT
M0IQU,Available,Full,IQU
M0IQV,Available,Full,IQV
M0IQW,Available,Full,IQW
M0IQY,Available,Full,IQY
M0IQZ,Available,Full,IQZ
M0IRB,Available,Full,IRB
M0IRF,Available,Full,IRF
M0IRG,Available,Full,IRG
M0IRH,Available,Full,IRH
M0IRI,Available,Full,IRI
M0IRO,Available,Full,IRO
M0IRP,Available,Full,IRP
M0IRR,Available,Full,IRR
M0IRS,Available,Full,IRS
M0IRU,Available,Full,IRU
M0IRV,Available,Full,IRV
M0IRW,Available,Full,IRW
M0IRX,Available,Full,IRX
M0IRY,Available,Full,IRY
M0ISA,Available,Full,ISA
M0ISB,Available,Full,ISB
M0ISC,Available,Full,ISC
M0ISE,Available,Full,ISE
M0ISG,Available,Full,ISG
M0ISH,Available,Full,ISH
M0ISI,Available,Full,ISI
M0ISJ,Available,Full,ISJ
M0ISK,Available,Full,ISK
M0ISR,Available,Full,ISR
M0ISU,Available,Full,ISU
M0ISV,Available,Full,ISV
M0ISX,Available,Full,ISX
M0ISY,Available,Full,ISY
M0ISZ,Available,Full,ISZ
M0ITB,Available,Full,ITB
M0ITD,Available,Full,ITD
M0ITG,Available,Full,ITG
M0ITJ,Available,Full,ITJ
M0ITK,Available,Full,ITK
M0ITL,Available,Full,ITL
M0ITN,Available,Full,ITN
M0ITO,Available,Full,ITO
M0ITP,Available,Full,ITP
M0ITQ,Available,Full,ITQ
M0ITR,Available,Full,ITR
M0ITS,Available,Full,ITS
M0ITT,Available,Full,ITT
M0ITU,Available,Full,ITU
M0ITZ,Available,Full,ITZ
M0IUA,Available,Full,IUA
M0IUB,Available,Full,IUB
M0IUC,Available,Full,IUC
M0IUE,Available,Full,IUE
M0IUF,Available,Full,IUF
M0IUG,Available,Full,IUG
M0IUH,Available,Full,IUH
M0IUI,Available,Full,IUI
M0IUJ,Available,Full,IUJ
M0IUK,Available,Full,IUK
M0IUL,Available,Full,IUL
M0IUN,Available,Full,IUN
M0IUO,Available,Full,IUO
M0IUP,Available,Full,IUP
M0IUQ,Available,Full,IUQ
M0IUR,Available,Full,IUR
M0IUS,Available,Full,IUS
M0IUT,Available,Full,IUT
M0IUU,Available,Full,IUU
M0IUV,Available,Full,IUV
M0IUW,Available,Full,IUW
M0IUX,Available,Full,IUX
M0IUY,Available,Full,IUY
M0IUZ,Available,Full,IUZ
M0IVA,Available,Full,IVA
M0IVB,Available,Full,IVB
M0IVC,Available,Full,IVC
M0IVD,Available,Full,IVD
M0IVG,Available,Full,IVG
M0IVH,Available,Full,IVH
M0IVI,Available,Full,IVI
M0IVJ,Available,Full,IVJ
M0IVK,Available,Full,IVK
M0IVL,Available,Full,IVL
M0IVM,Available,Full,IVM
M0IVN,Available,Full,IVN
M0IVP,Available,Full,IVP
M0IVR,Available,Full,IVR
M0IVS,Available,Full,IVS
M0IVT,Available,Full,IVT
M0IVU,Available,Full,IVU
M0IVV,Available,Full,IVV
M0IVX,Available,Full,IVX
M0IVY,Available,Full,IVY
M0IVZ,Available,Full,IVZ
M0IWB,Available,Full,IWB
M0IWE,Available,Full,IWE
M0IWF,Available,Full,IWF
M0IWG,Available,Full,IWG
M0IWI,Available,Full,IWI
M0IWJ,Available,Full,IWJ
M0IWK,Available,Full,IWK
M0IWL,Available,Full,IWL
M0IWM,Available,Full,IWM
M0IWN,Available,Full,IWN
M0IWO,Available,Full,IWO
M0IWP,Available,Full,IWP
M0IWQ,Available,Full,IWQ
M0IWR,Available,Full,IWR
M0IWS,Available,Full,IWS
M0IWT,Available,Full,IWT
M0IWU,Available,Full,IWU
M0IWV,Available,Full,IWV
M0IWW,Available,Full,IWW
M0IWX,Available,Full,IWX
M0IWY,Available,Full,IWY
M0IWZ,Available,Full,IWZ
M0IXB,Available,Full,IXB
M0IXC,Available,Full,IXC
M0IXD,Available,Full,IXD
M0IXE,Available,Full,IXE
M0IXF,Available,Full,IXF
M0IXG,Available,Full,IXG
M0IXH,Available,Full,IXH
M0IXI,Available,Full,IXI
M0IXJ,Available,Full,IXJ
M0IXK,Available,Full,IXK
M0IXL,Available,Full,IXL
M0IXM,Available,Full,IXM
M0IXN,Available,Full,IXN
M0IXO,Available,Full,IXO
M0IXP,Available,Full,IXP
M0IXQ,Available,Full,IXQ
M0IXR,Available,Full,IXR
M0IXS,Available,Full,IXS
M0IXT,Available,Full,IXT
M0IXU,Available,Full,IXU
M0IXV,Available,Full,IXV
M0IXW,Available,Full,IXW
M0IXX,Available,Full,IXX
M0IXY,Available,Full,IXY
M0IXZ,Available,Full,IXZ
M0IYA,Available,Full,IYA
M0IYB,Available,Full,IYB
M0IYC,Available,Full,IYC
M0IYD,Available,Full,IYD
M0IYE,Available,Full,IYE
M0IYF,Available,Full,IYF
M0IYG,Available,Full,IYG
M0IYH,Available,Full,IYH
M0IYI,Available,Full,IYI
M0IYJ,Available,Full,IYJ
M0IYK,Available,Full,IYK
M0IYL,Available,Full,IYL
M0IYM,Available,Full,IYM
M0IYN,Available,Full,IYN
M0IYO,Available,Full,IYO
M0IYP,Available,Full,IYP
M0IYQ,Available,Full,IYQ
M0IYR,Available,Full,IYR
M0IYS,Available,Full,IYS
M0IYT,Available,Full,IYT
M0IYU,Available,Full,IYU
M0IYV,Available,Full,IYV
M0IYW,Available,Full,IYW
M0IYX,Available,Full,IYX
M0IYY,Available,Full,IYY
M0IYZ,Available,Full,IYZ
M0IZA,Available,Full,IZA
M0IZB,Available,Full,IZB
M0IZC,Available,Full,IZC
M0IZD,Available,Full,IZD
M0IZE,Available,Full,IZE
M0IZF,Available,Full,IZF
M0IZG,Available,Full,IZG
M0IZH,Available,Full,IZH
M0IZI,Available,Full,IZI
M0IZJ,Available,Full,IZJ
M0IZK,Available,Full,IZK
M0IZL,Available,Full,IZL
M0IZM,Available,Full,IZM
M0IZN,Available,Full,IZN
M0IZO,Available,Full,IZO
M0IZP,Available,Full,IZP
M0IZQ,Available,Full,IZQ
M0IZR,Available,Full,IZR
M0IZT,Available,Full,IZT
M0IZU,Available,Full,IZU
M0IZV,Available,Full,IZV
M0IZW,Available,Full,IZW
M0IZX,Available,Full,IZX
M0IZY,Available,Full,IZY
M0IZZ,Available,Full,IZZ
M0JAI,Available,Full,JAI
M0JAU,Available,Full,JAU
M0JBF,Available,Full,JBF
M0JBG,Available,Full,JBG
M0JBH,Available,Full,JBH
M0JBL,Available,Full,JBL
M0JBM,Available,Full,JBM
M0JBN,Available,Full,JBN
M0JBO,Available,Full,JBO
M0JBQ,Available,Full,JBQ
M0JBR,Available,Full,JBR
M0JBU,Available,Full,JBU
M0JBV,Available,Full,JBV
M0JBY,Available,Full,JBY
M0JBZ,Available,Full,JBZ
M0JCE,Available,Full,JCE
M0JCF,Available,Full,JCF
M0JCG,Available,Full,JCG
M0JCJ,Available,Full,JCJ
M0JCK,Available,Full,JCK
M0JCN,Available,Full,JCN
M0JCO,Available,Full,JCO
M0JCP,Available,Full,JCP
M0JCQ,Available,Full,JCQ
M0JCV,Available,Full,JCV
M0JCX,Available,Full,JCX
M0JCY,Available,Full,JCY
M0JDF,Available,Full,JDF
M0JDG,Available,Full,JDG
M0JDI,Available,Full,JDI
M0JDJ,Available,Full,JDJ
M0JDN,Available,Full,JDN
M0JDQ,Available,Full,JDQ
M0JDT,Available,Full,JDT
M0JDU,Available,Full,JDU
M0JDV,Available,Full,JDV
M0JDY,Available,Full,JDY
M0JDZ,Available,Full,JDZ
M0JEA,Available,Full,JEA
M0JEG,Available,Full,JEG
M0JEH,Available,Full,JEH
M0JEI,Available,Full,JEI
M0JEJ,Available,Full,JEJ
M0JEO,Available,Full,JEO
M0JEQ,Available,Full,JEQ
M0JEU,Available,Full,JEU
M0JEV,Available,Full,JEV
M0JEX,Available,Full,JEX
M0JEY,Available,Full,JEY
M0JFA,Available,Full,JFA
M0JFB,Available,Full,JFB
M0JFF,Available,Full,JFF
M0JFG,Available,Full,JFG
M0JFH,Available,Full,JFH
M0JFI,Available,Full,JFI
M0JFJ,Available,Full,JFJ
M0JFL,Available,Full,JFL
M0JFM,Available,Full,JFM
M0JFN,Available,Full,JFN
M0JFO,Available,Full,JFO
M0JFP,Available,Full,JFP
M0JFQ,Available,Full,JFQ
M0JFR,Available,Full,JFR
M0JFT,Available,Full,JFT
M0JFU,Available,Full,JFU
M0JFV,Available,Full,JFV
M0JFX,Available,Full,JFX
M0JFY,Available,Full,JFY
M0JGA,Available,Full,JGA
M0JGC,Available,Full,JGC
M0JGF,Available,Full,JGF
M0JGI,Available,Full,JGI
M0JGJ,Available,Full,JGJ
M0JGK,Available,Full,JGK
M0JGL,Available,Full,JGL
M0JGN,Available,Full,JGN
M0JGO,Available,Full,JGO
M0JGQ,Available,Full,JGQ
M0JGT,Available,Full,JGT
M0JGU,Available,Full,JGU
M0JGV,Available,Full,JGV
M0JGW,Available,Full,JGW
M0JGX,Available,Full,JGX
M0JGY,Available,Full,JGY
M0JGZ,Available,Full,JGZ
M0JHC,Available,Full,JHC
M0JHF,Available,Full,JHF
M0JHH,Available,Full,JHH
M0JHI,Available,Full,JHI
M0JHJ,Available,Full,JHJ
M0JHK,Available,Full,JHK
M0JHM,Available,Full,JHM
M0JHO,Available,Full,JHO
M0JHQ,Available,Full,JHQ
M0JHS,Available,Full,JHS
M0JHU,Available,Full,JHU
M0JHV,Available,Full,JHV
M0JHX,Available,Full,JHX
M0JHY,Available,Full,JHY
M0JHZ,Available,Full,JHZ
M0JIA,Available,Full,JIA
M0JIC,Available,Full,JIC
M0JID,Available,Full,JID
M0JIE,Available,Full,JIE
M0JIF,Available,Full,JIF
M0JIH,Available,Full,JIH
M0JII,Available,Full,JII
M0JIJ,Available,Full,JIJ
M0JIK,Available,Full,JIK
M0JIO,Available,Full,JIO
M0JIP,Available,Full,JIP
M0JIQ,Available,Full,JIQ
M0JIR,Available,Full,JIR
M0JIS,Available,Full,JIS
M0JIT,Available,Full,JIT
M0JIU,Available,Full,JIU
M0JIV,Available,Full,JIV
M0JIW,Available,Full,JIW
M0JIX,Available,Full,JIX
M0JIZ,Available,Full,JIZ
M0JJC,Available,Full,JJC
M0JJF,Available,Full,JJF
M0JJG,Available,Full,JJG
M0JJI,Available,Full,JJI
M0JJL,Available,Full,JJL
M0JJN,Available,Full,JJN
M0JJO,Available,Full,JJO
M0JJP,Available,Full,JJP
M0JJQ,Available,Full,JJQ
M0JJT,Available,Full,JJT
M0JJU,Available,Full,JJU
M0JJX,Available,Full,JJX
M0JJY,Available,Full,JJY
M0JJZ,Available,Full,JJZ
M0JKC,Available,Full,JKC
M0JKD,Available,Full,JKD
M0JKE,Available,Full,JKE
M0JKH,Available,Full,JKH
M0JKI,Available,Full,JKI
M0JKJ,Available,Full,JKJ
M0JKK,Available,Full,JKK
M0JKM,Available,Full,JKM
M0JKN,Available,Full,JKN
M0JKR,Available,Full,JKR
M0JKS,Available,Full,JKS
M0JKT,Available,Full,JKT
M0JKU,Available,Full,JKU
M0JKV,Available,Full,JKV
M0JKW,Available,Full,JKW
M0JKX,Available,Full,JKX
M0JKY,Available,Full,JKY
M0JKZ,Available,Full,JKZ
M0JLD,Available,Full,JLD
M0JLF,Available,Full,JLF
M0JLI,Available,Full,JLI
M0JLJ,Available,Full,JLJ
M0JLK,Available,Full,JLK
M0JLL,Available,Full,JLL
M0JLO,Available,Full,JLO
M0JLP,Available,Full,JLP
M0JLQ,Available,Full,JLQ
M0JLR,Available,Full,JLR
M0JLS,Available,Full,JLS
M0JLV,Available,Full,JLV
M0JLX,Available,Full,JLX
M0JLZ,Available,Full,JLZ
M0JMQ,Available,Full,JMQ
M0JMR,Available,Full,JMR
M0JMT,Available,Full,JMT
M0JMU,Available,Full,JMU
M0JMX,Available,Full,JMX
M0JMZ,Available,Full,JMZ
M0JNA,Available,Full,JNA
M0JND,Available,Full,JND
M0JNE,Available,Full,JNE
M0JNF,Available,Full,JNF
M0JNG,Available,Full,JNG
M0JNJ,Available,Full,JNJ
M0JNL,Available,Full,JNL
M0JNM,Available,Full,JNM
M0JNN,Available,Full,JNN
M0JNO,Available,Full,JNO
M0JNP,Available,Full,JNP
M0JNQ,Available,Full,JNQ
M0JNS,Available,Full,JNS
M0JNT,Available,Full,JNT
M0JNU,Available,Full,JNU
M0JNV,Available,Full,JNV
M0JNW,Available,Full,JNW
M0JNY,Available,Full,JNY
M0JNZ,Available,Full,JNZ
M0JOC,Available,Full,JOC
M0JOI,Available,Full,JOI
M0JOJ,Available,Full,JOJ
M0JOM,Available,Full,JOM
M0JOP,Available,Full,JOP
M0JOQ,Available,Full,JOQ
M0JOT,Available,Full,JOT
M0JOU,Available,Full,JOU
M0JOV,Available,Full,JOV
M0JOW,Available,Full,JOW
M0JOX,Available,Full,JOX
M0JOZ,Available,Full,JOZ
M0JPE,Available,Full,JPE
M0JPI,Available,Full,JPI
M0JPK,Available,Full,JPK
M0JPQ,Available,Full,JPQ
M0JPR,Available,Full,JPR
M0JPU,Available,Full,JPU
M0JPY,Available,Full,JPY
M0JQA,Available,Full,JQA
M0JQB,Available,Full,JQB
M0JQC,Available,Full,JQC
M0JQD,Available,Full,JQD
M0JQE,Available,Full,JQE
M0JQF,Available,Full,JQF
M0JQH,Available,Full,JQH
M0JQI,Available,Full,JQI
M0JQJ,Available,Full,JQJ
M0JQL,Available,Full,JQL
M0JQM,Available,Full,JQM
M0JQN,Available,Full,JQN
M0JQO,Available,Full,JQO
M0JQP,Available,Full,JQP
M0JQQ,Available,Full,JQQ
M0JQR,Available,Full,JQR
M0JQS,Available,Full,JQS
M0JQT,Available,Full,JQT
M0JQU,Available,Full,JQU
M0JQV,Available,Full,JQV
M0JQX,Available,Full,JQX
M0JQY,Available,Full,JQY
M0JRI,Available,Full,JRI
M0JRL,Available,Full,JRL
M0JRN,Available,Full,JRN
M0JRO,Available,Full,JRO
M0JRP,Available,Full,JRP
M0JRT,Available,Full,JRT
M0JRU,Available,Full,JRU
M0JRV,Available,Full,JRV
M0JRY,Available,Full,JRY
M0JRZ,Available,Full,JRZ
M0JSB,Available,Full,JSB
M0JSH,Available,Full,JSH
M0JSI,Available,Full,JSI
M0JSK,Available,Full,JSK
M0JSL,Available,Full,JSL
M0JSQ,Available,Full,JSQ
M0JSU,Available,Full,JSU
M0JSX,Available,Full,JSX
M0JSY,Available,Full,JSY
M0JTD,Available,Full,JTD
M0JTF,Available,Full,JTF
M0JTG,Available,Full,JTG
M0JTK,Available,Full,JTK
M0JTL,Available,Full,JTL
M0JTM,Available,Full,JTM
M0JTO,Available,Full,JTO
M0JTP,Available,Full,JTP
M0JTQ,Available,Full,JTQ
M0JTS,Available,Full,JTS
M0JTU,Available,Full,JTU
M0JTV,Available,Full,JTV
M0JTX,Available,Full,JTX
M0JTY,Available,Full,JTY
M0JTZ,Available,Full,JTZ
M0JUA,Available,Full,JUA
M0JUB,Available,Full,JUB
M0JUC,Available,Full,JUC
M0JUD,Available,Full,JUD
M0JUF,Available,Full,JUF
M0JUH,Available,Full,JUH
M0JUI,Available,Full,JUI
M0JUJ,Available,Full,JUJ
M0JUM,Available,Full,JUM
M0JUN,Available,Full,JUN
M0JUO,Available,Full,JUO
M0JUP,Available,Full,JUP
M0JUQ,Available,Full,JUQ
M0JUR,Available,Full,JUR
M0JUS,Available,Full,JUS
M0JUT,Available,Full,JUT
M0JUU,Available,Full,JUU
M0JUV,Available,Full,JUV
M0JUW,Available,Full,JUW
M0JUX,Available,Full,JUX
M0JUY,Available,Full,JUY
M0JUZ,Available,Full,JUZ
M0JVA,Available,Full,JVA
M0JVD,Available,Full,JVD
M0JVE,Available,Full,JVE
M0JVF,Available,Full,JVF
M0JVH,Available,Full,JVH
M0JVJ,Available,Full,JVJ
M0JVK,Available,Full,JVK
M0JVL,Available,Full,JVL
M0JVN,Available,Full,JVN
M0JVO,Available,Full,JVO
M0JVR,Available,Full,JVR
M0JVS,Available,Full,JVS
M0JVU,Available,Full,JVU
M0JVV,Available,Full,JVV
M0JVX,Available,Full,JVX
M0JVY,Available,Full,JVY
M0JVZ,Available,Full,JVZ
M0JWC,Available,Full,JWC
M0JWD,Available,Full,JWD
M0JWI,Available,Full,JWI
M0JWN,Available,Full,JWN
M0JWO,Available,Full,JWO
M0JWP,Available,Full,JWP
M0JWQ,Available,Full,JWQ
M0JWU,Available,Full,JWU
M0JWV,Available,Full,JWV
M0JWW,Available,Full,JWW
M0JWX,Available,Full,JWX
M0JWY,Available,Full,JWY
M0JWZ,Available,Full,JWZ
M0JXA,Available,Full,JXA
M0JXC,Available,Full,JXC
M0JXD,Available,Full,JXD
M0JXF,Available,Full,JXF
M0JXH,Available,Full,JXH
M0JXJ,Available,Full,JXJ
M0JXL,Available,Full,JXL
M0JXO,Available,Full,JXO
M0JXP,Available,Full,JXP
M0JXQ,Available,Full,JXQ
M0JXR,Available,Full,JXR
M0JXS,Available,Full,JXS
M0JXT,Available,Full,JXT
M0JXU,Available,Full,JXU
M0JXV,Available,Full,JXV
M0JXW,Available,Full,JXW
M0JXY,Available,Full,JXY
M0JXZ,Available,Full,JXZ
M0JYA,Available,Full,JYA
M0JYB,Available,Full,JYB
M0JYC,Available,Full,JYC
M0JYD,Available,Full,JYD
M0JYE,Available,Full,JYE
M0JYF,Available,Full,JYF
M0JYG,Available,Full,JYG
M0JYH,Available,Full,JYH
M0JYI,Available,Full,JYI
M0JYJ,Available,Full,JYJ
M0JYK,Available,Full,JYK
M0JYN,Available,Full,JYN
M0JYO,Available,Full,JYO
M0JYP,Available,Full,JYP
M0JYQ,Available,Full,JYQ
M0JYR,Available,Full,JYR
M0JYS,Available,Full,JYS
M0JYT,Available,Full,JYT
M0JYU,Available,Full,JYU
M0JYV,Available,Full,JYV
M0JYW,Available,Full,JYW
M0JYX,Available,Full,JYX
M0JYZ,Available,Full,JYZ
M0JZA,Available,Full,JZA
M0JZB,Available,Full,JZB
M0JZC,Available,Full,JZC
M0JZD,Available,Full,JZD
M0JZF,Available,Full,JZF
M0JZG,Available,Full,JZG
M0JZI,Available,Full,JZI
M0JZJ,Available,Full,JZJ
M0JZL,Available,Full,JZL
M0JZM,Available,Full,JZM
M0JZN,Available,Full,JZN
M0JZO,Available,Full,JZO
M0JZP,Available,Full,JZP
M0JZQ,Available,Full,JZQ
M0JZR,Available,Full,JZR
M0JZS,Available,Full,JZS
M0JZU,Available,Full,JZU
M0JZV,Available,Full,JZV
M0JZW,Available,Full,JZW
M0JZX,Available,Full,JZX
M0JZY,Available,Full,JZY
M0KAI,Available,Full,KAI
M0KAQ,Available,Full,KAQ
M0KAU,Available,Full,KAU
M0KAV,Available,Full,KAV
M0KAX,Available,Full,KAX
M0KBC,Available,Full,KBC
M0KBE,Available,Full,KBE
M0KBG,Available,Full,KBG
M0KBH,Available,Full,KBH
M0KBI,Available,Full,KBI
M0KBJ,Available,Full,KBJ
M0KBK,Available,Full,KBK
M0KBL,Available,Full,KBL
M0KBN,Available,Full,KBN
M0KBO,Available,Full,KBO
M0KBP,Available,Full,KBP
M0KBQ,Available,Full,KBQ
M0KBR,Available,Full,KBR
M0KBS,Available,Full,KBS
M0KBU,Available,Full,KBU
M0KBV,Available,Full,KBV
M0KBW,Available,Full,KBW
M0KBX,Available,Full,KBX
M0KBY,Available,Full,KBY
M0KBZ,Available,Full,KBZ
M0KCA,Available,Full,KCA
M0KCC,Available,Full,KCC
M0KCF,Available,Full,KCF
M0KCG,Available,Full,KCG
M0KCI,Available,Full,KCI
M0KCJ,Available,Full,KCJ
M0KCN,Available,Full,KCN
M0KCP,Available,Full,KCP
M0KCQ,Available,Full,KCQ
M0KCU,Available,Full,KCU
M0KCV,Available,Full,KCV
M0KCX,Available,Full,KCX
M0KCY,Available,Full,KCY
M0KCZ,Available,Full,KCZ
M0KDF,Available,Full,KDF
M0KDI,Available,Full,KDI
M0KDJ,Available,Full,KDJ
M0KDK,Available,Full,KDK
M0KDN,Available,Full,KDN
M0KDO,Available,Full,KDO
M0KDQ,Available,Full,KDQ
M0KDS,Available,Full,KDS
M0KDT,Available,Full,KDT
M0KDW,Available,Full,KDW
M0KEA,Available,Full,KEA
M0KEB,Available,Full,KEB
M0KEC,Available,Full,KEC
M0KED,Available,Full,KED
M0KEE,Available,Full,KEE
M0KEH,Available,Full,KEH
M0KEM,Available,Full,KEM
M0KEO,Available,Full,KEO
M0KEP,Available,Full,KEP
M0KEQ,Available,Full,KEQ
M0KEU,Available,Full,KEU
M0KEW,Available,Full,KEW
M0KEZ,Available,Full,KEZ
M0KFA,Available,Full,KFA
M0KFE,Available,Full,KFE
M0KFF,Available,Full,KFF
M0KFG,Available,Full,KFG
M0KFH,Available,Full,KFH
M0KFI,Available,Full,KFI
M0KFJ,Available,Full,KFJ
M0KFK,Available,Full,KFK
M0KFL,Available,Full,KFL
M0KFM,Available,Full,KFM
M0KFN,Available,Full,KFN
M0KFO,Available,Full,KFO
M0KFP,Available,Full,KFP
M0KFQ,Available,Full,KFQ
M0KFR,Available,Full,KFR
M0KFS,Available,Full,KFS
M0KFV,Available,Full,KFV
M0KFY,Available,Full,KFY
M0KFZ,Available,Full,KFZ
M0KGC,Available,Full,KGC
M0KGD,Available,Full,KGD
M0KGE,Available,Full,KGE
M0KGG,Available,Full,KGG
M0KGH,Available,Full,KGH
M0KGI,Available,Full,KGI
M0KGJ,Available,Full,KGJ
M0KGL,Available,Full,KGL
M0KGO,Available,Full,KGO
M0KGP,Available,Full,KGP
M0KGQ,Available,Full,KGQ
M0KGR,Available,Full,KGR
M0KGS,Available,Full,KGS
M0KGT,Available,Full,KGT
M0KGU,Available,Full,KGU
M0KGW,Available,Full,KGW
M0KGX,Available,Full,KGX
M0KGZ,Available,Full,KGZ
M0KHB,Available,Full,KHB
M0KHC,Available,Full,KHC
M0KHD,Available,Full,KHD
M0KHE,Available,Full,KHE
M0KHF,Available,Full,KHF
M0KHG,Available,Full,KHG
M0KHH,Available,Full,KHH
M0KHI,Available,Full,KHI
M0KHJ,Available,Full,KHJ
M0KHK,Available,Full,KHK
M0KHL,Available,Full,KHL
M0KHM,Available,Full,KHM
M0KHN,Available,Full,KHN
M0KHO,Available,Full,KHO
M0KHP,Available,Full,KHP
M0KHQ,Available,Full,KHQ
M0KHR,Available,Full,KHR
M0KHT,Available,Full,KHT
M0KHU,Available,Full,KHU
M0KHV,Available,Full,KHV
M0KHX,Available,Full,KHX
M0KHY,Available,Full,KHY
M0KIA,Available,Full,KIA
M0KIC,Available,Full,KIC
M0KIE,Available,Full,KIE
M0KIF,Available,Full,KIF
M0KIH,Available,Full,KIH
M0KII,Available,Full,KII
M0KIJ,Available,Full,KIJ
M0KIN,Available,Full,KIN
M0KIO,Available,Full,KIO
M0KIQ,Available,Full,KIQ
M0KIU,Available,Full,KIU
M0KIV,Available,Full,KIV
M0KIW,Available,Full,KIW
M0KIX,Available,Full,KIX
M0KIY,Available,Full,KIY
M0KIZ,Available,Full,KIZ
M0KJD,Available,Full,KJD
M0KJE,Available,Full,KJE
M0KJF,Available,Full,KJF
M0KJH,Available,Full,KJH
M0KJI,Available,Full,KJI
M0KJJ,Available,Full,KJJ
M0KJL,Available,Full,KJL
M0KJN,Available,Full,KJN
M0KJO,Available,Full,KJO
M0KJQ,Available,Full,KJQ
M0KJS,Available,Full,KJS
M0KJU,Available,Full,KJU
M0KJV,Available,Full,KJV
M0KJX,Available,Full,KJX
M0KJY,Available,Full,KJY
M0KJZ,Available,Full,KJZ
M0KKC,Available,Full,KKC
M0KKD,Available,Full,KKD
M0KKE,Available,Full,KKE
M0KKF,Available,Full,KKF
M0KKG,Available,Full,KKG
M0KKI,Available,Full,KKI
M0KKJ,Available,Full,KKJ
M0KKL,Available,Full,KKL
M0KKM,Available,Full,KKM
M0KKN,Available,Full,KKN
M0KKO,Available,Full,KKO
M0KKP,Available,Full,KKP
M0KKQ,Available,Full,KKQ
M0KKR,Available,Full,KKR
M0KKS,Available,Full,KKS
M0KKU,Available,Full,KKU
M0KKV,Available,Full,KKV
M0KKX,Available,Full,KKX
M0KKY,Available,Full,KKY
M0KKZ,Available,Full,KKZ
M0KLD,Available,Full,KLD
M0KLG,Available,Full,KLG
M0KLI,Available,Full,KLI
M0KLQ,Available,Full,KLQ
M0KLU,Available,Full,KLU
M0KLV,Available,Full,KLV
M0KLX,Available,Full,KLX
M0KLY,Available,Full,KLY
M0KLZ,Available,Full,KLZ
M0KMD,Available,Full,KMD
M0KME,Available,Full,KME
M0KMG,Available,Full,KMG
M0KMK,Available,Full,KMK
M0KML,Available,Full,KML
M0KMN,Available,Full,KMN
M0KMQ,Available,Full,KMQ
M0KMR,Available,Full,KMR
M0KMT,Available,Full,KMT
M0KMU,Available,Full,KMU
M0KMX,Available,Full,KMX
M0KMY,Available,Full,KMY
M0KMZ,Available,Full,KMZ
M0KNC,Available,Full,KNC
M0KND,Available,Full,KND
M0KNF,Available,Full,KNF
M0KNI,Available,Full,KNI
M0KNJ,Available,Full,KNJ
M0KNK,Available,Full,KNK
M0KNL,Available,Full,KNL
M0KNM,Available,Full,KNM
M0KNP,Available,Full,KNP
M0KNQ,Available,Full,KNQ
M0KNR,Available,Full,KNR
M0KNS,Available,Full,KNS
M0KNU,Available,Full,KNU
M0KNV,Available,Full,KNV
M0KNW,Available,Full,KNW
M0KNZ,Available,Full,KNZ
M0KOA,Available,Full,KOA
M0KOB,Available,Full,KOB
M0KOD,Available,Full,KOD
M0KOE,Available,Full,KOE
M0KOF,Available,Full,KOF
M0KOJ,Available,Full,KOJ
M0KOL,Available,Full,KOL
M0KON,Available,Full,KON
M0KOQ,Available,Full,KOQ
M0KOR,Available,Full,KOR
M0KOU,Available,Full,KOU
M0KOV,Available,Full,KOV
M0KOW,Available,Full,KOW
M0KOY,Available,Full,KOY
M0KPD,Available,Full,KPD
M0KPE,Available,Full,KPE
M0KPF,Available,Full,KPF
M0KPG,Available,Full,KPG
M0KPH,Available,Full,KPH
M0KPI,Available,Full,KPI
M0KPJ,Available,Full,KPJ
M0KPN,Available,Full,KPN
M0KPP,Available,Full,KPP
M0KPQ,Available,Full,KPQ
M0KPR,Available,Full,KPR
M0KPS,Available,Full,KPS
M0KPU,Available,Full,KPU
M0KPV,Available,Full,KPV
M0KPW,Available,Full,KPW
M0KPX,Available,Full,KPX
M0KPY,Available,Full,KPY
M0KQB,Available,Full,KQB
M0KQC,Available,Full,KQC
M0KQD,Available,Full,KQD
M0KQE,Available,Full,KQE
M0KQF,Available,Full,KQF
M0KQG,Available,Full,KQG
M0KQH,Available,Full,KQH
M0KQI,Available,Full,KQI
M0KQJ,Available,Full,KQJ
M0KQK,Available,Full,KQK
M0KQL,Available,Full,KQL
M0KQM,Available,Full,KQM
M0KQN,Available,Full,KQN
M0KQO,Available,Full,KQO
M0KQP,Available,Full,KQP
M0KQQ,Available,Full,KQQ
M0KQR,Available,Full,KQR
M0KQS,Available,Full,KQS
M0KQT,Available,Full,KQT
M0KQV,Available,Full,KQV
M0KQW,Available,Full,KQW
M0KQX,Available,Full,KQX
M0KQY,Available,Full,KQY
M0KQZ,Available,Full,KQZ
M0KRE,Available,Full,KRE
M0KRF,Available,Full,KRF
M0KRH,Available,Full,KRH
M0KRK,Available,Full,KRK
M0KRM,Available,Full,KRM
M0KRN,Available,Full,KRN
M0KRO,Available,Full,KRO
M0KRQ,Available,Full,KRQ
M0KRV,Available,Full,KRV
M0KRY,Available,Full,KRY
M0KRZ,Available,Full,KRZ
M0KSB,Available,Full,KSB
M0KSD,Available,Full,KSD
M0KSE,Available,Full,KSE
M0KSF,Available,Full,KSF
M0KSH,Available,Full,KSH
M0KSI,Available,Full,KSI
M0KSK,Available,Full,KSK
M0KSN,Available,Full,KSN
M0KSO,Available,Full,KSO
M0KSQ,Available,Full,KSQ
M0KSU,Available,Full,KSU
M0KSV,Available,Full,KSV
M0KSW,Available,Full,KSW
M0KSX,Available,Full,KSX
M0KSY,Available,Full,KSY
M0KSZ,Available,Full,KSZ
M0KTB,Available,Full,KTB
M0KTD,Available,Full,KTD
M0KTF,Available,Full,KTF
M0KTG,Available,Full,KTG
M0KTH,Available,Full,KTH
M0KTI,Available,Full,KTI
M0KTJ,Available,Full,KTJ
M0KTK,Available,Full,KTK
M0KTL,Available,Full,KTL
M0KTN,Available,Full,KTN
M0KTO,Available,Full,KTO
M0KTP,Available,Full,KTP
M0KTQ,Available,Full,KTQ
M0KTS,Available,Full,KTS
M0KTU,Available,Full,KTU
M0KTW,Available,Full,KTW
M0KTZ,Available,Full,KTZ
M0KUA,Available,Full,KUA
M0KUC,Available,Full,KUC
M0KUD,Available,Full,KUD
M0KUE,Available,Full,KUE
M0KUF,Available,Full,KUF
M0KUG,Available,Full,KUG
M0KUH,Available,Full,KUH
M0KUI,Available,Full,KUI
M0KUJ,Available,Full,KUJ
M0KUK,Available,Full,KUK
M0KUM,Available,Full,KUM
M0KUN,Available,Full,KUN
M0KUO,Available,Full,KUO
M0KUQ,Available,Full,KUQ
M0KUS,Available,Full,KUS
M0KUT,Available,Full,KUT
M0KUU,Available,Full,KUU
M0KUV,Available,Full,KUV
M0KUW,Available,Full,KUW
M0KUX,Available,Full,KUX
M0KUY,Available,Full,KUY
M0KUZ,Available,Full,KUZ
M0KVB,Available,Full,KVB
M0KVD,Available,Full,KVD
M0KVE,Available,Full,KVE
M0KVF,Available,Full,KVF
M0KVG,Available,Full,KVG
M0KVH,Available,Full,KVH
M0KVI,Available,Full,KVI
M0KVJ,Available,Full,KVJ
M0KVK,Available,Full,KVK
M0KVL,Available,Full,KVL
M0KVO,Available,Full,KVO
M0KVQ,Available,Full,KVQ
M0KVS,Available,Full,KVS
M0KVT,Available,Full,KVT
M0KVU,Available,Full,KVU
M0KVV,Available,Full,KVV
M0KVW,Available,Full,KVW
M0KVX,Available,Full,KVX
M0KVY,Available,Full,KVY
M0KVZ,Available,Full,KVZ
M0KWC,Available,Full,KWC
M0KWE,Available,Full,KWE
M0KWF,Available,Full,KWF
M0KWG,Available,Full,KWG
M0KWI,Available,Full,KWI
M0KWJ,Available,Full,KWJ
M0KWL,Available,Full,KWL
M0KWN,Available,Full,KWN
M0KWO,Available,Full,KWO
M0KWQ,Available,Full,KWQ
M0KWU,Available,Full,KWU
M0KWW,Available,Full,KWW
M0KWX,Available,Full,KWX
M0KWY,Available,Full,KWY
M0KWZ,Available,Full,KWZ
M0KXA,Available,Full,KXA
M0KXB,Available,Full,KXB
M0KXC,Available,Full,KXC
M0KXE,Available,Full,KXE
M0KXF,Available,Full,KXF
M0KXG,Available,Full,KXG
M0KXH,Available,Full,KXH
M0KXI,Available,Full,KXI
M0KXJ,Available,Full,KXJ
M0KXL,Available,Full,KXL
M0KXM,Available,Full,KXM
M0KXN,Available,Full,KXN
M0KXP,Available,Full,KXP
M0KXR,Available,Full,KXR
M0KXS,Available,Full,KXS
M0KXT,Available,Full,KXT
M0KXU,Available,Full,KXU
M0KXV,Available,Full,KXV
M0KXW,Available,Full,KXW
M0KXX,Available,Full,KXX
M0KXY,Available,Full,KXY
M0KXZ,Available,Full,KXZ
M0KYA,Available,Full,KYA
M0KYB,Available,Full,KYB
M0KYC,Available,Full,KYC
M0KYD,Available,Full,KYD
M0KYF,Available,Full,KYF
M0KYG,Available,Full,KYG
M0KYH,Available,Full,KYH
M0KYJ,Available,Full,KYJ
M0KYK,Available,Full,KYK
M0KYL,Available,Full,KYL
M0KYM,Available,Full,KYM
M0KYN,Available,Full,KYN
M0KYP,Available,Full,KYP
M0KYQ,Available,Full,KYQ
M0KYS,Available,Full,KYS
M0KYT,Available,Full,KYT
M0KYU,Available,Full,KYU
M0KYV,Available,Full,KYV
M0KYW,Available,Full,KYW
M0KYX,Available,Full,KYX
M0KYY,Available,Full,KYY
M0KYZ,Available,Full,KYZ
M0KZA,Available,Full,KZA
M0KZD,Available,Full,KZD
M0KZE,Available,Full,KZE
M0KZF,Available,Full,KZF
M0KZG,Available,Full,KZG
M0KZI,Available,Full,KZI
M0KZK,Available,Full,KZK
M0KZL,Available,Full,KZL
M0KZM,Available,Full,KZM
M0KZN,Available,Full,KZN
M0KZO,Available,Full,KZO
M0KZP,Available,Full,KZP
M0KZQ,Available,Full,KZQ
M0KZR,Available,Full,KZR
M0KZS,Available,Full,KZS
M0KZT,Available,Full,KZT
M0KZU,Available,Full,KZU
M0KZW,Available,Full,KZW
M0KZX,Available,Full,KZX
M0KZZ,Available,Full,KZZ
M0LAI,Available,Full,LAI
M0LAP,Available,Full,LAP
M0LAQ,Available,Full,LAQ
M0LAV,Available,Full,LAV
M0LAZ,Available,Full,LAZ
M0LBE,Available,Full,LBE
M0LBF,Available,Full,LBF
M0LBG,Available,Full,LBG
M0LBH,Available,Full,LBH
M0LBI,Available,Full,LBI
M0LBO,Available,Full,LBO
M0LBP,Available,Full,LBP
M0LBQ,Available,Full,LBQ
M0LBU,Available,Full,LBU
M0LBW,Available,Full,LBW
M0LCE,Available,Full,LCE
M0LCF,Available,Full,LCF
M0LCI,Available,Full,LCI
M0LCJ,Available,Full,LCJ
M0LCL,Available,Full,LCL
M0LCN,Available,Full,LCN
M0LCO,Available,Full,LCO
M0LCP,Available,Full,LCP
M0LCQ,Available,Full,LCQ
M0LCS,Available,Full,LCS
M0LCT,Available,Full,LCT
M0LCU,Available,Full,LCU
M0LCV,Available,Full,LCV
M0LCW,Available,Full,LCW
M0LCX,Available,Full,LCX
M0LCZ,Available,Full,LCZ
M0LDB,Available,Full,LDB
M0LDC,Available,Full,LDC
M0LDD,Available,Full,LDD
M0LDF,Available,Full,LDF
M0LDK,Available,Full,LDK
M0LDL,Available,Full,LDL
M0LDO,Available,Full,LDO
M0LDP,Available,Full,LDP
M0LDT,Available,Full,LDT
M0LDV,Available,Full,LDV
M0LDZ,Available,Full,LDZ
M0LEG,Available,Full,LEG
M0LEI,Available,Full,LEI
M0LEJ,Available,Full,LEJ
M0LEM,Available,Full,LEM
M0LEQ,Available,Full,LEQ
M0LEU,Available,Full,LEU
M0LFD,Available,Full,LFD
M0LFE,Available,Full,LFE
M0LFF,Available,Full,LFF
M0LFG,Available,Full,LFG
M0LFH,Available,Full,LFH
M0LFI,Available,Full,LFI
M0LFJ,Available,Full,LFJ
M0LFK,Available,Full,LFK
M0LFL,Available,Full,LFL
M0LFM,Available,Full,LFM
M0LFN,Available,Full,LFN
M0LFO,Available,Full,LFO
M0LFP,Available,Full,LFP
M0LFQ,Available,Full,LFQ
M0LFR,Available,Full,LFR
M0LFT,Available,Full,LFT
M0LFU,Available,Full,LFU
M0LFV,Available,Full,LFV
M0LFW,Available,Full,LFW
M0LFX,Available,Full,LFX
M0LFY,Available,Full,LFY
M0LFZ,Available,Full,LFZ
M0LGE,Available,Full,LGE
M0LGF,Available,Full,LGF
M0LGG,Available,Full,LGG
M0LGI,Available,Full,LGI
M0LGJ,Available,Full,LGJ
M0LGK,Available,Full,LGK
M0LGM,Available,Full,LGM
M0LGO,Available,Full,LGO
M0LGQ,Available,Full,LGQ
M0LGU,Available,Full,LGU
M0LGW,Available,Full,LGW
M0LGY,Available,Full,LGY
M0LGZ,Available,Full,LGZ
M0LHA,Available,Full,LHA
M0LHC,Available,Full,LHC
M0LHD,Available,Full,LHD
M0LHE,Available,Full,LHE
M0LHF,Available,Full,LHF
M0LHG,Available,Full,LHG
M0LHH,Available,Full,LHH
M0LHI,Available,Full,LHI
M0LHJ,Available,Full,LHJ
M0LHL,Available,Full,LHL
M0LHM,Available,Full,LHM
M0LHN,Available,Full,LHN
M0LHO,Available,Full,LHO
M0LHP,Available,Full,LHP
M0LHQ,Available,Full,LHQ
M0LHT,Available,Full,LHT
M0LHU,Available,Full,LHU
M0LHV,Available,Full,LHV
M0LHW,Available,Full,LHW
M0LHX,Available,Full,LHX
M0LHY,Available,Full,LHY
M0LHZ,Available,Full,LHZ
M0LIA,Available,Full,LIA
M0LIF,Available,Full,LIF
M0LIG,Available,Full,LIG
M0LIH,Available,Full,LIH
M0LII,Available,Full,LII
M0LIJ,Available,Full,LIJ
M0LIK,Available,Full,LIK
M0LIL,Available,Full,LIL
M0LIP,Available,Full,LIP
M0LIQ,Available,Full,LIQ
M0LIR,Available,Full,LIR
M0LIU,Available,Full,LIU
M0LIW,Available,Full,LIW
M0LIX,Available,Full,LIX
M0LIY,Available,Full,LIY
M0LJD,Available,Full,LJD
M0LJE,Available,Full,LJE
M0LJF,Available,Full,LJF
M0LJH,Available,Full,LJH
M0LJI,Available,Full,LJI
M0LJJ,Available,Full,LJJ
M0LJL,Available,Full,LJL
M0LJN,Available,Full,LJN
M0LJO,Available,Full,LJO
M0LJQ,Available,Full,LJQ
M0LJR,Available,Full,LJR
M0LJS,Available,Full,LJS
M0LJT,Available,Full,LJT
M0LJU,Available,Full,LJU
M0LJV,Available,Full,LJV
M0LJW,Available,Full,LJW
M0LJX,Available,Full,LJX
M0LJY,Available,Full,LJY
M0LJZ,Available,Full,LJZ
M0LKA,Available,Full,LKA
M0LKE,Available,Full,LKE
M0LKF,Available,Full,LKF
M0LKG,Available,Full,LKG
M0LKH,Available,Full,LKH
M0LKI,Available,Full,LKI
M0LKJ,Available,Full,LKJ
M0LKK,Available,Full,LKK
M0LKM,Available,Full,LKM
M0LKN,Available,Full,LKN
M0LKO,Available,Full,LKO
M0LKP,Available,Full,LKP
M0LKR,Available,Full,LKR
M0LKT,Available,Full,LKT
M0LKU,Available,Full,LKU
M0LKV,Available,Full,LKV
M0LKW,Available,Full,LKW
M0LKX,Available,Full,LKX
M0LKY,Available,Full,LKY
M0LKZ,Available,Full,LKZ
M0LLB,Available,Full,LLB
M0LLC,Available,Full,LLC
M0LLD,Available,Full,LLD
M0LLF,Available,Full,LLF
M0LLG,Available,Full,LLG
M0LLH,Available,Full,LLH
M0LLJ,Available,Full,LLJ
M0LLM,Available,Full,LLM
M0LLN,Available,Full,LLN
M0LLP,Available,Full,LLP
M0LLQ,Available,Full,LLQ
M0LLR,Available,Full,LLR
M0LLT,Available,Full,LLT
M0LLU,Available,Full,LLU
M0LLV,Available,Full,LLV
M0LLX,Available,Full,LLX
M0LMA,Available,Full,LMA
M0LMC,Available,Full,LMC
M0LMD,Available,Full,LMD
M0LME,Available,Full,LME
M0LMF,Available,Full,LMF
M0LMG,Available,Full,LMG
M0LMJ,Available,Full,LMJ
M0LML,Available,Full,LML
M0LMM,Available,Full,LMM
M0LMN,Available,Full,LMN
M0LMQ,Available,Full,LMQ
M0LMR,Available,Full,LMR
M0LMT,Available,Full,LMT
M0LMU,Available,Full,LMU
M0LMV,Available,Full,LMV
M0LMX,Available,Full,LMX
M0LMY,Available,Full,LMY
M0LMZ,Available,Full,LMZ
M0LNA,Available,Full,LNA
M0LNC,Available,Full,LNC
M0LNF,Available,Full,LNF
M0LNG,Available,Full,LNG
M0LNH,Available,Full,LNH
M0LNI,Available,Full,LNI
M0LNJ,Available,Full,LNJ
M0LNK,Available,Full,LNK
M0LNL,Available,Full,LNL
M0LNM,Available,Full,LNM
M0LNN,Available,Full,LNN
M0LNO,Available,Full,LNO
M0LNP,Available,Full,LNP
M0LNQ,Available,Full,LNQ
M0LNR,Available,Full,LNR
M0LNS,Available,Full,LNS
M0LNT,Available,Full,LNT
M0LNU,Available,Full,LNU
M0LNV,Available,Full,LNV
M0LNW,Available,Full,LNW
M0LNY,Available,Full,LNY
M0LOA,Available,Full,LOA
M0LOC,Available,Full,LOC
M0LOD,Available,Full,LOD
M0LOE,Available,Full,LOE
M0LOF,Available,Full,LOF
M0LOH,Available,Full,LOH
M0LOI,Available,Full,LOI
M0LOJ,Available,Full,LOJ
M0LOK,Available,Full,LOK
M0LOP,Available,Full,LOP
M0LOQ,Available,Full,LOQ
M0LOR,Available,Full,LOR
M0LOT,Available,Full,LOT
M0LOX,Available,Full,LOX
M0LOY,Available,Full,LOY
M0LPB,Available,Full,LPB
M0LPH,Available,Full,LPH
M0LPI,Available,Full,LPI
M0LPJ,Available,Full,LPJ
M0LPK,Available,Full,LPK
M0LPM,Available,Full,LPM
M0LPN,Available,Full,LPN
M0LPP,Available,Full,LPP
M0LPQ,Available,Full,LPQ
M0LPR,Available,Full,LPR
M0LPS,Available,Full,LPS
M0LPU,Available,Full,LPU
M0LPV,Available,Full,LPV
M0LPW,Available,Full,LPW
M0LPX,Available,Full,LPX
M0LPY,Available,Full,LPY
M0LPZ,Available,Full,LPZ
M0LQA,Available,Full,LQA
M0LQB,Available,Full,LQB
M0LQC,Available,Full,LQC
M0LQD,Available,Full,LQD
M0LQE,Available,Full,LQE
M0LQF,Available,Full,LQF
M0LQG,Available,Full,LQG
M0LQH,Available,Full,LQH
M0LQI,Available,Full,LQI
M0LQJ,Available,Full,LQJ
M0LQK,Available,Full,LQK
M0LQL,Available,Full,LQL
M0LQM,Available,Full,LQM
M0LQN,Available,Full,LQN
M0LQO,Available,Full,LQO
M0LQP,Available,Full,LQP
M0LQQ,Available,Full,LQQ
M0LQS,Available,Full,LQS
M0LQT,Available,Full,LQT
M0LQU,Available,Full,LQU
M0LQV,Available,Full,LQV
M0LQW,Available,Full,LQW
M0LQX,Available,Full,LQX
M0LQY,Available,Full,LQY
M0LQZ,Available,Full,LQZ
M0LRA,Available,Full,LRA
M0LRF,Available,Full,LRF
M0LRH,Available,Full,LRH
M0LRI,Available,Full,LRI
M0LRJ,Available,Full,LRJ
M0LRK,Available,Full,LRK
M0LRL,Available,Full,LRL
M0LRN,Available,Full,LRN
M0LRP,Available,Full,LRP
M0LRQ,Available,Full,LRQ
M0LRR,Available,Full,LRR
M0LRU,Available,Full,LRU
M0LRV,Available,Full,LRV
M0LRW,Available,Full,LRW
M0LRY,Available,Full,LRY
M0LRZ,Available,Full,LRZ
M0LSC,Available,Full,LSC
M0LSF,Available,Full,LSF
M0LSG,Available,Full,LSG
M0LSH,Available,Full,LSH
M0LSI,Available,Full,LSI
M0LSJ,Available,Full,LSJ
M0LSL,Available,Full,LSL
M0LSO,Available,Full,LSO
M0LSP,Available,Full,LSP
M0LSQ,Available,Full,LSQ
M0LST,Available,Full,LST
M0LSU,Available,Full,LSU
M0LSW,Available,Full,LSW
M0LSY,Available,Full,LSY
M0LSZ,Available,Full,LSZ
M0LTB,Available,Full,LTB
M0LTE,Available,Full,LTE
M0LTF,Available,Full,LTF
M0LTG,Available,Full,LTG
M0LTH,Available,Full,LTH
M0LTI,Available,Full,LTI
M0LTJ,Available,Full,LTJ
M0LTL,Available,Full,LTL
M0LTM,Available,Full,LTM
M0LTN,Available,Full,LTN
M0LTQ,Available,Full,LTQ
M0LTR,Available,Full,LTR
M0LTS,Available,Full,LTS
M0LTU,Available,Full,LTU
M0LTV,Available,Full,LTV
M0LTX,Available,Full,LTX
M0LTY,Available,Full,LTY
M0LTZ,Available,Full,LTZ
M0LUA,Available,Full,LUA
M0LUB,Available,Full,LUB
M0LUC,Available,Full,LUC
M0LUE,Available,Full,LUE
M0LUF,Available,Full,LUF
M0LUH,Available,Full,LUH
M0LUI,Available,Full,LUI
M0LUJ,Available,Full,LUJ
M0LUL,Available,Full,LUL
M0LUM,Available,Full,LUM
M0LUN,Available,Full,LUN
M0LUO,Available,Full,LUO
M0LUQ,Available,Full,LUQ
M0LUR,Available,Full,LUR
M0LUT,Available,Full,LUT
M0LUU,Available,Full,LUU
M0LUW,Available,Full,LUW
M0LUZ,Available,Full,LUZ
M0LVA,Available,Full,LVA
M0LVB,Available,Full,LVB
M0LVC,Available,Full,LVC
M0LVD,Available,Full,LVD
M0LVE,Available,Full,LVE
M0LVF,Available,Full,LVF
M0LVG,Available,Full,LVG
M0LVH,Available,Full,LVH
M0LVI,Available,Full,LVI
M0LVJ,Available,Full,LVJ
M0LVK,Available,Full,LVK
M0LVL,Available,Full,LVL
M0LVM,Available,Full,LVM
M0LVN,Available,Full,LVN
M0LVO,Available,Full,LVO
M0LVP,Available,Full,LVP
M0LVQ,Available,Full,LVQ
M0LVR,Available,Full,LVR
M0LVS,Available,Full,LVS
M0LVT,Available,Full,LVT
M0LVU,Available,Full,LVU
M0LVV,Available,Full,LVV
M0LVX,Available,Full,LVX
M0LVY,Available,Full,LVY
M0LVZ,Available,Full,LVZ
M0LWA,Available,Full,LWA
M0LWC,Available,Full,LWC
M0LWD,Available,Full,LWD
M0LWE,Available,Full,LWE
M0LWF,Available,Full,LWF
M0LWG,Available,Full,LWG
M0LWH,Available,Full,LWH
M0LWI,Available,Full,LWI
M0LWJ,Available,Full,LWJ
M0LWK,Available,Full,LWK
M0LWN,Available,Full,LWN
M0LWP,Available,Full,LWP
M0LWQ,Available,Full,LWQ
M0LWS,Available,Full,LWS
M0LWT,Available,Full,LWT
M0LWU,Available,Full,LWU
M0LWV,Available,Full,LWV
M0LWW,Available,Full,LWW
M0LWX,Available,Full,LWX
M0LWY,Available,Full,LWY
M0LWZ,Available,Full,LWZ
M0LXB,Available,Full,LXB
M0LXC,Available,Full,LXC
M0LXD,Available,Full,LXD
M0LXE,Available,Full,LXE
M0LXF,Available,Full,LXF
M0LXG,Available,Full,LXG
M0LXH,Available,Full,LXH
M0LXI,Available,Full,LXI
M0LXJ,Available,Full,LXJ
M0LXK,Available,Full,LXK
M0LXL,Available,Full,LXL
M0LXM,Available,Full,LXM
M0LXN,Available,Full,LXN
M0LXO,Available,Full,LXO
M0LXP,Available,Full,LXP
M0LXQ,Available,Full,LXQ
M0LXR,Available,Full,LXR
M0LXS,Available,Full,LXS
M0LXU,Available,Full,LXU
M0LXV,Available,Full,LXV
M0LXW,Available,Full,LXW
M0LXX,Available,Full,LXX
M0LXY,Available,Full,LXY
M0LXZ,Available,Full,LXZ
M0LYA,Available,Full,LYA
M0LYB,Available,Full,LYB
M0LYE,Available,Full,LYE
M0LYF,Available,Full,LYF
M0LYG,Available,Full,LYG
M0LYH,Available,Full,LYH
M0LYJ,Available,Full,LYJ
M0LYK,Available,Full,LYK
M0LYL,Available,Full,LYL
M0LYM,Available,Full,LYM
M0LYO,Available,Full,LYO
M0LYP,Available,Full,LYP
M0LYQ,Available,Full,LYQ
M0LYR,Available,Full,LYR
M0LYS,Available,Full,LYS
M0LYU,Available,Full,LYU
M0LYV,Available,Full,LYV
M0LYW,Available,Full,LYW
M0LYY,Available,Full,LYY
M0LYZ,Available,Full,LYZ
M0LZB,Available,Full,LZB
M0LZC,Available,Full,LZC
M0LZD,Available,Full,LZD
M0LZE,Available,Full,LZE
M0LZF,Available,Full,LZF
M0LZG,Available,Full,LZG
M0LZH,Available,Full,LZH
M0LZI,Available,Full,LZI
M0LZJ,Available,Full,LZJ
M0LZK,Available,Full,LZK
M0LZL,Available,Full,LZL
M0LZN,Available,Full,LZN
M0LZO,Available,Full,LZO
M0LZQ,Available,Full,LZQ
M0LZR,Available,Full,LZR
M0LZS,Available,Full,LZS
M0LZT,Available,Full,LZT
M0LZU,Available,Full,LZU
M0LZV,Available,Full,LZV
M0LZW,Available,Full,LZW
M0LZX,Available,Full,LZX
M0LZY,Available,Full,LZY
M0MBP,Available,Full,MBP
M0MBQ,Available,Full,MBQ
M0MBV,Available,Full,MBV
M0MBZ,Available,Full,MBZ
M0MCJ,Available,Full,MCJ
M0MCL,Available,Full,MCL
M0MCN,Available,Full,MCN
M0MCO,Available,Full,MCO
M0MCQ,Available,Full,MCQ
M0MCT,Available,Full,MCT
M0MCU,Available,Full,MCU
M0MCZ,Available,Full,MCZ
M0MDD,Available,Full,MDD
M0MDE,Available,Full,MDE
M0MDJ,Available,Full,MDJ
M0MDK,Available,Full,MDK
M0MDN,Available,Full,MDN
M0MDQ,Available,Full,MDQ
M0MDT,Available,Full,MDT
M0MDU,Available,Full,MDU
M0MDV,Available,Full,MDV
M0MDZ,Available,Full,MDZ
M0MEB,Available,Full,MEB
M0MEF,Available,Full,MEF
M0MEI,Available,Full,MEI
M0MEJ,Available,Full,MEJ
M0MEK,Available,Full,MEK
M0MEP,Available,Full,MEP
M0MEQ,Available,Full,MEQ
M0MEU,Available,Full,MEU
M0MEY,Available,Full,MEY
M0MEZ,Available,Full,MEZ
M0MFA,Available,Full,MFA
M0MFE,Available,Full,MFE
M0MFF,Available,Full,MFF
M0MFH,Available,Full,MFH
M0MFJ,Available,Full,MFJ
M0MFK,Available,Full,MFK
M0MFL,Available,Full,MFL
M0MFM,Available,Full,MFM
M0MFN,Available,Full,MFN
M0MFO,Available,Full,MFO
M0MFQ,Available,Full,MFQ
M0MFR,Available,Full,MFR
M0MFS,Available,Full,MFS
M0MFU,Available,Full,MFU
M0MFV,Available,Full,MFV
M0MFW,Available,Full,MFW
M0MFX,Available,Full,MFX
M0MFY,Available,Full,MFY
M0MFZ,Available,Full,MFZ
M0MGI,Available,Full,MGI
M0MGL,Available,Full,MGL
M0MGN,Available,Full,MGN
M0MGO,Available,Full,MGO
M0MGP,Available,Full,MGP
M0MGQ,Available,Full,MGQ
M0MGR,Available,Full,MGR
M0MGU,Available,Full,MGU
M0MGV,Available,Full,MGV
M0MGW,Available,Full,MGW
M0MGX,Available,Full,MGX
M0MGZ,Available,Full,MGZ
M0MHA,Available,Full,MHA
M0MHD,Available,Full,MHD
M0MHE,Available,Full,MHE
M0MHF,Available,Full,MHF
M0MHG,Available,Full,MHG
M0MHH,Available,Full,MHH
M0MHI,Available,Full,MHI
M0MHJ,Available,Full,MHJ
M0MHK,Available,Full,MHK
M0MHL,Available,Full,MHL
M0MHM,Available,Full,MHM
M0MHN,Available,Full,MHN
M0MHO,Available,Full,MHO
M0MHP,Available,Full,MHP
M0MHQ,Available,Full,MHQ
M0MHR,Available,Full,MHR
M0MHT,Available,Full,MHT
M0MHU,Available,Full,MHU
M0MHV,Available,Full,MHV
M0MHW,Available,Full,MHW
M0MHX,Available,Full,MHX
M0MIF,Available,Full,MIF
M0MIH,Available,Full,MIH
M0MII,Available,Full,MII
M0MIP,Available,Full,MIP
M0MIU,Available,Full,MIU
M0MIV,Available,Full,MIV
M0MIW,Available,Full,MIW
M0MIY,Available,Full,MIY
M0MIZ,Available,Full,MIZ
M0MJE,Available,Full,MJE
M0MJF,Available,Full,MJF
M0MJI,Available,Full,MJI
M0MJN,Available,Full,MJN
M0MJQ,Available,Full,MJQ
M0MJV,Available,Full,MJV
M0MJX,Available,Full,MJX
M0MJZ,Available,Full,MJZ
M0MKF,Available,Full,MKF
M0MKI,Available,Full,MKI
M0MKJ,Available,Full,MKJ
M0MKL,Available,Full,MKL
M0MKN,Available,Full,MKN
M0MKO,Available,Full,MKO
M0MKP,Available,Full,MKP
M0MKQ,Available,Full,MKQ
M0MKR,Available,Full,MKR
M0MKS,Available,Full,MKS
M0MKU,Available,Full,MKU
M0MKV,Available,Full,MKV
M0MKY,Available,Full,MKY
M0MKZ,Available,Full,MKZ
M0MLA,Available,Full,MLA
M0MLD,Available,Full,MLD
M0MLF,Available,Full,MLF
M0MLI,Available,Full,MLI
M0MLK,Available,Full,MLK
M0MLL,Available,Full,MLL
M0MLO,Available,Full,MLO
M0MLP,Available,Full,MLP
M0MLQ,Available,Full,MLQ
M0MLS,Available,Full,MLS
M0MLU,Available,Full,MLU
M0MLZ,Available,Full,MLZ
M0MMD,Available,Full,MMD
M0MME,Available,Full,MME
M0MMJ,Available,Full,MMJ
M0MML,Available,Full,MML
M0MMN,Available,Full,MMN
M0MMP,Available,Full,MMP
M0MMQ,Available,Full,MMQ
M0MMR,Available,Full,MMR
M0MMT,Available,Full,MMT
M0MMU,Available,Full,MMU
M0MMV,Available,Full,MMV
M0MMW,Available,Full,MMW
M0MNA,Available,Full,MNA
M0MNB,Available,Full,MNB
M0MNE,Available,Full,MNE
M0MNF,Available,Full,MNF
M0MNH,Available,Full,MNH
M0MNI,Available,Full,MNI
M0MNJ,Available,Full,MNJ
M0MNK,Available,Full,MNK
M0MNL,Available,Full,MNL
M0MNM,Available,Full,MNM
M0MNN,Available,Full,MNN
M0MNO,Available,Full,MNO
M0MNP,Available,Full,MNP
M0MNQ,Available,Full,MNQ
M0MNR,Available,Full,MNR
M0MNT,Available,Full,MNT
M0MNW,Available,Full,MNW
M0MNY,Available,Full,MNY
M0MNZ,Available,Full,MNZ
M0MOF,Available,Full,MOF
M0MOH,Available,Full,MOH
M0MOI,Available,Full,MOI
M0MOJ,Available,Full,MOJ
M0MOP,Available,Full,MOP
M0MOQ,Available,Full,MOQ
M0MOU,Available,Full,MOU
M0MOV,Available,Full,MOV
M0MOW,Available,Full,MOW
M0MOX,Available,Full,MOX
M0MOY,Available,Full,MOY
M0MOZ,Available,Full,MOZ
M0MPC,Available,Full,MPC
M0MPD,Available,Full,MPD
M0MPE,Available,Full,MPE
M0MPK,Available,Full,MPK
M0MPL,Available,Full,MPL
M0MPN,Available,Full,MPN
M0MPO,Available,Full,MPO
M0MPP,Available,Full,MPP
M0MPQ,Available,Full,MPQ
M0MPU,Available,Full,MPU
M0MPV,Available,Full,MPV
M0MPW,Available,Full,MPW
M0MPX,Available,Full,MPX
M0MPZ,Available,Full,MPZ
M0MQA,Available,Full,MQA
M0MQB,Available,Full,MQB
M0MQC,Available,Full,MQC
M0MQD,Available,Full,MQD
M0MQE,Available,Full,MQE
M0MQF,Available,Full,MQF
M0MQG,Available,Full,MQG
M0MQH,Available,Full,MQH
M0MQI,Available,Full,MQI
M0MQJ,Available,Full,MQJ
M0MQK,Available,Full,MQK
M0MQL,Available,Full,MQL
M0MQM,Available,Full,MQM
M0MQN,Available,Full,MQN
M0MQO,Available,Full,MQO
M0MQP,Available,Full,MQP
M0MQQ,Available,Full,MQQ
M0MQR,Available,Full,MQR
M0MQS,Available,Full,MQS
M0MQT,Available,Full,MQT
M0MQU,Available,Full,MQU
M0MQW,Available,Full,MQW
M0MQX,Available,Full,MQX
M0MQY,Available,Full,MQY
M0MQZ,Available,Full,MQZ
M0MRD,Available,Full,MRD
M0MRH,Available,Full,MRH
M0MRP,Available,Full,MRP
M0MRX,Available,Full,MRX
M0MSI,Available,Full,MSI
M0MSJ,Available,Full,MSJ
M0MSK,Available,Full,MSK
M0MSN,Available,Full,MSN
M0MSQ,Available,Full,MSQ
M0MSU,Available,Full,MSU
M0MSV,Available,Full,MSV
M0MSY,Available,Full,MSY
M0MTA,Available,Full,MTA
M0MTC,Available,Full,MTC
M0MTG,Available,Full,MTG
M0MTK,Available,Full,MTK
M0MTP,Available,Full,MTP
M0MTQ,Available,Full,MTQ
M0MTU,Available,Full,MTU
M0MTW,Available,Full,MTW
M0MTZ,Available,Full,MTZ
M0MUB,Available,Full,MUB
M0MUE,Available,Full,MUE
M0MUH,Available,Full,MUH
M0MUI,Available,Full,MUI
M0MUO,Available,Full,MUO
M0MUP,Available,Full,MUP
M0MUQ,Available,Full,MUQ
M0MUU,Available,Full,MUU
M0MUV,Available,Full,MUV
M0MUW,Available,Full,MUW
M0MUX,Available,Full,MUX
M0MUY,Available,Full,MUY
M0MVA,Available,Full,MVA
M0MVC,Available,Full,MVC
M0MVD,Available,Full,MVD
M0MVE,Available,Full,MVE
M0MVF,Available,Full,MVF
M0MVG,Available,Full,MVG
M0MVH,Available,Full,MVH
M0MVI,Available,Full,MVI
M0MVJ,Available,Full,MVJ
M0MVM,Available,Full,MVM
M0MVN,Available,Full,MVN
M0MVO,Available,Full,MVO
M0MVQ,Available,Full,MVQ
M0MVR,Available,Full,MVR
M0MVU,Available,Full,MVU
M0MVV,Available,Full,MVV
M0MVW,Available,Full,MVW
M0MVX,Available,Full,MVX
M0MVY,Available,Full,MVY
M0MVZ,Available,Full,MVZ
M0MWB,Available,Full,MWB
M0MWE,Available,Full,MWE
M0MWF,Available,Full,MWF
M0MWI,Available,Full,MWI
M0MWJ,Available,Full,MWJ
M0MWN,Available,Full,MWN
M0MWO,Available,Full,MWO
M0MWP,Available,Full,MWP
M0MWQ,Available,Full,MWQ
M0MWU,Available,Full,MWU
M0MWX,Available,Full,MWX
M0MWY,Available,Full,MWY
M0MXA,Available,Full,MXA
M0MXC,Available,Full,MXC
M0MXD,Available,Full,MXD
M0MXE,Available,Full,MXE
M0MXF,Available,Full,MXF
M0MXG,Available,Full,MXG
M0MXH,Available,Full,MXH
M0MXI,Available,Full,MXI
M0MXJ,Available,Full,MXJ
M0MXK,Available,Full,MXK
M0MXL,Available,Full,MXL
M0MXN,Available,Full,MXN
M0MXO,Available,Full,MXO
M0MXP,Available,Full,MXP
M0MXQ,Available,Full,MXQ
M0MXR,Available,Full,MXR
M0MXS,Available,Full,MXS
M0MXU,Available,Full,MXU
M0MXV,Available,Full,MXV
M0MXZ,Available,Full,MXZ
M0MYD,Available,Full,MYD
M0MYF,Available,Full,MYF
M0MYG,Available,Full,MYG
M0MYH,Available,Full,MYH
M0MYI,Available,Full,MYI
M0MYJ,Available,Full,MYJ
M0MYM,Available,Full,MYM
M0MYP,Available,Full,MYP
M0MYQ,Available,Full,MYQ
M0MYS,Available,Full,MYS
M0MYT,Available,Full,MYT
M0MYU,Available,Full,MYU
M0MYV,Available,Full,MYV
M0MYW,Available,Full,MYW
M0MYX,Available,Full,MYX
M0MYY,Available,Full,MYY
M0MYZ,Available,Full,MYZ
M0MZA,Available,Full,MZA
M0MZB,Available,Full,MZB
M0MZC,Available,Full,MZC
M0MZD,Available,Full,MZD
M0MZE,Available,Full,MZE
M0MZF,Available,Full,MZF
M0MZG,Available,Full,MZG
M0MZH,Available,Full,MZH
M0MZI,Available,Full,MZI
M0MZJ,Available,Full,MZJ
M0MZK,Available,Full,MZK
M0MZN,Available,Full,MZN
M0MZO,Available,Full,MZO
M0MZP,Available,Full,MZP
M0MZQ,Available,Full,MZQ
M0MZR,Available,Full,MZR
M0MZS,Available,Full,MZS
M0MZT,Available,Full,MZT
M0MZU,Available,Full,MZU
M0MZV,Available,Full,MZV
M0MZW,Available,Full,MZW
M0MZY,Available,Full,MZY
M0MZZ,Available,Full,MZZ
M0NAI,Available,Full,NAI
M0NAQ,Available,Full,NAQ
M0NAX,Available,Full,NAX
M0NAZ,Available,Full,NAZ
M0NBA,Available,Full,NBA
M0NBB,Available,Full,NBB
M0NBD,Available,Full,NBD
M0NBE,Available,Full,NBE
M0NBF,Available,Full,NBF
M0NBH,Available,Full,NBH
M0NBI,Available,Full,NBI
M0NBM,Available,Full,NBM
M0NBN,Available,Full,NBN
M0NBO,Available,Full,NBO
M0NBP,Available,Full,NBP
M0NBQ,Available,Full,NBQ
M0NBS,Available,Full,NBS
M0NBT,Available,Full,NBT
M0NBU,Available,Full,NBU
M0NBV,Available,Full,NBV
M0NBW,Available,Full,NBW
M0NBZ,Available,Full,NBZ
M0NCA,Available,Full,NCA
M0NCD,Available,Full,NCD
M0NCE,Available,Full,NCE
M0NCH,Available,Full,NCH
M0NCI,Available,Full,NCI
M0NCJ,Available,Full,NCJ
M0NCL,Available,Full,NCL
M0NCM,Available,Full,NCM
M0NCP,Available,Full,NCP
M0NCQ,Available,Full,NCQ
M0NCS,Available,Full,NCS
M0NCT,Available,Full,NCT
M0NCU,Available,Full,NCU
M0NCV,Available,Full,NCV
M0NCX,Available,Full,NCX
M0NDA,Available,Full,NDA
M0NDD,Available,Full,NDD
M0NDF,Available,Full,NDF
M0NDG,Available,Full,NDG
M0NDI,Available,Full,NDI
M0NDQ,Available,Full,NDQ
M0NDT,Available,Full,NDT
M0NDV,Available,Full,NDV
M0NDW,Available,Full,NDW
M0NEA,Available,Full,NEA
M0NEB,Available,Full,NEB
M0NEF,Available,Full,NEF
M0NEJ,Available,Full,NEJ
M0NEK,Available,Full,NEK
M0NEM,Available,Full,NEM
M0NEN,Available,Full,NEN
M0NEP,Available,Full,NEP
M0NEQ,Available,Full,NEQ
M0NEZ,Available,Full,NEZ
M0NFE,Available,Full,NFE
M0NFF,Available,Full,NFF
M0NFG,Available,Full,NFG
M0NFH,Available,Full,NFH
M0NFI,Available,Full,NFI
M0NFJ,Available,Full,NFJ
M0NFK,Available,Full,NFK
M0NFL,Available,Full,NFL
M0NFN,Available,Full,NFN
M0NFO,Available,Full,NFO
M0NFQ,Available,Full,NFQ
M0NFR,Available,Full,NFR
M0NFS,Available,Full,NFS
M0NFT,Available,Full,NFT
M0NFU,Available,Full,NFU
M0NFV,Available,Full,NFV
M0NFW,Available,Full,NFW
M0NFX,Available,Full,NFX
M0NFY,Available,Full,NFY
M0NFZ,Available,Full,NFZ
M0NGF,Available,Full,NGF
M0NGG,Available,Full,NGG
M0NGH,Available,Full,NGH
M0NGI,Available,Full,NGI
M0NGJ,Available,Full,NGJ
M0NGK,Available,Full,NGK
M0NGM,Available,Full,NGM
M0NGN,Available,Full,NGN
M0NGP,Available,Full,NGP
M0NGQ,Available,Full,NGQ
M0NGT,Available,Full,NGT
M0NGU,Available,Full,NGU
M0NGV,Available,Full,NGV
M0NGW,Available,Full,NGW
M0NGX,Available,Full,NGX
M0NGY,Available,Full,NGY
M0NGZ,Available,Full,NGZ
M0NHA,Available,Full,NHA
M0NHB,Available,Full,NHB
M0NHC,Available,Full,NHC
M0NHD,Available,Full,NHD
M0NHE,Available,Full,NHE
M0NHG,Available,Full,NHG
M0NHH,Available,Full,NHH
M0NHI,Available,Full,NHI
M0NHJ,Available,Full,NHJ
M0NHK,Available,Full,NHK
M0NHL,Available,Full,NHL
M0NHN,Available,Full,NHN
M0NHO,Available,Full,NHO
M0NHP,Available,Full,NHP
M0NHQ,Available,Full,NHQ
M0NHR,Available,Full,NHR
M0NHS,Available,Full,NHS
M0NHT,Available,Full,NHT
M0NHU,Available,Full,NHU
M0NHV,Available,Full,NHV
M0NHW,Available,Full,NHW
M0NHX,Available,Full,NHX
M0NHY,Available,Full,NHY
M0NHZ,Available,Full,NHZ
M0NIB,Available,Full,NIB
M0NIF,Available,Full,NIF
M0NIH,Available,Full,NIH
M0NII,Available,Full,NII
M0NIL,Available,Full,NIL
M0NIM,Available,Full,NIM
M0NIN,Available,Full,NIN
M0NIO,Available,Full,NIO
M0NIR,Available,Full,NIR
M0NIT,Available,Full,NIT
M0NIU,Available,Full,NIU
M0NIV,Available,Full,NIV
M0NIY,Available,Full,NIY
M0NIZ,Available,Full,NIZ
M0NJD,Available,Full,NJD
M0NJF,Available,Full,NJF
M0NJG,Available,Full,NJG
M0NJH,Available,Full,NJH
M0NJI,Available,Full,NJI
M0NJK,Available,Full,NJK
M0NJO,Available,Full,NJO
M0NJQ,Available,Full,NJQ
M0NJT,Available,Full,NJT
M0NJU,Available,Full,NJU
M0NJV,Available,Full,NJV
M0NJX,Available,Full,NJX
M0NJY,Available,Full,NJY
M0NJZ,Available,Full,NJZ
M0NKB,Available,Full,NKB
M0NKE,Available,Full,NKE
M0NKF,Available,Full,NKF
M0NKG,Available,Full,NKG
M0NKH,Available,Full,NKH
M0NKJ,Available,Full,NKJ
M0NKK,Available,Full,NKK
M0NKL,Available,Full,NKL
M0NKN,Available,Full,NKN
M0NKO,Available,Full,NKO
M0NKP,Available,Full,NKP
M0NKQ,Available,Full,NKQ
M0NKT,Available,Full,NKT
M0NKU,Available,Full,NKU
M0NKV,Available,Full,NKV
M0NKW,Available,Full,NKW
M0NKX,Available,Full,NKX
M0NKZ,Available,Full,NKZ
M0NLA,Available,Full,NLA
M0NLE,Available,Full,NLE
M0NLF,Available,Full,NLF
M0NLG,Available,Full,NLG
M0NLH,Available,Full,NLH
M0NLI,Available,Full,NLI
M0NLJ,Available,Full,NLJ
M0NLK,Available,Full,NLK
M0NLL,Available,Full,NLL
M0NLM,Available,Full,NLM
M0NLN,Available,Full,NLN
M0NLQ,Available,Full,NLQ
M0NLS,Available,Full,NLS
M0NLT,Available,Full,NLT
M0NLU,Available,Full,NLU
M0NLV,Available,Full,NLV
M0NLX,Available,Full,NLX
M0NLZ,Available,Full,NLZ
M0NMA,Available,Full,NMA
M0NMB,Available,Full,NMB
M0NMC,Available,Full,NMC
M0NME,Available,Full,NME
M0NMF,Available,Full,NMF
M0NMG,Available,Full,NMG
M0NMI,Available,Full,NMI
M0NMJ,Available,Full,NMJ
M0NMK,Available,Full,NMK
M0NMM,Available,Full,NMM
M0NMN,Available,Full,NMN
M0NMT,Available,Full,NMT
M0NMU,Available,Full,NMU
M0NMV,Available,Full,NMV
M0NMW,Available,Full,NMW
M0NMX,Available,Full,NMX
M0NMY,Available,Full,NMY
M0NMZ,Available,Full,NMZ
M0NNA,Available,Full,NNA
M0NNB,Available,Full,NNB
M0NNC,Available,Full,NNC
M0NND,Available,Full,NND
M0NNE,Available,Full,NNE
M0NNF,Available,Full,NNF
M0NNG,Available,Full,NNG
M0NNI,Available,Full,NNI
M0NNJ,Available,Full,NNJ
M0NNK,Available,Full,NNK
M0NNM,Available,Full,NNM
M0NNO,Available,Full,NNO
M0NNQ,Available,Full,NNQ
M0NNR,Available,Full,NNR
M0NNS,Available,Full,NNS
M0NNU,Available,Full,NNU
M0NNV,Available,Full,NNV
M0NNW,Available,Full,NNW
M0NNX,Available,Full,NNX
M0NNZ,Available,Full,NNZ
M0NOC,Available,Full,NOC
M0NOF,Available,Full,NOF
M0NOG,Available,Full,NOG
M0NOH,Available,Full,NOH
M0NOJ,Available,Full,NOJ
M0NOL,Available,Full,NOL
M0NOM,Available,Full,NOM
M0NON,Available,Full,NON
M0NOO,Available,Full,NOO
M0NOP,Available,Full,NOP
M0NOQ,Available,Full,NOQ
M0NOT,Available,Full,NOT
M0NOU,Available,Full,NOU
M0NOY,Available,Full,NOY
M0NPB,Available,Full,NPB
M0NPC,Available,Full,NPC
M0NPF,Available,Full,NPF
M0NPG,Available,Full,NPG
M0NPH,Available,Full,NPH
M0NPI,Available,Full,NPI
M0NPJ,Available,Full,NPJ
M0NPL,Available,Full,NPL
M0NPM,Available,Full,NPM
M0NPN,Available,Full,NPN
M0NPO,Available,Full,NPO
M0NPP,Available,Full,NPP
M0NPR,Available,Full,NPR
M0NPS,Available,Full,NPS
M0NPT,Available,Full,NPT
M0NPU,Available,Full,NPU
M0NPV,Available,Full,NPV
M0NPW,Available,Full,NPW
M0NPX,Available,Full,NPX
M0NPY,Available,Full,NPY
M0NPZ,Available,Full,NPZ
M0NQA,Available,Full,NQA
M0NQC,Available,Full,NQC
M0NQD,Available,Full,NQD
M0NQE,Available,Full,NQE
M0NQF,Available,Full,NQF
M0NQG,Available,Full,NQG
M0NQH,Available,Full,NQH
M0NQI,Available,Full,NQI
M0NQJ,Available,Full,NQJ
M0NQK,Available,Full,NQK
M0NQL,Available,Full,NQL
M0NQM,Available,Full,NQM
M0NQO,Available,Full,NQO
M0NQP,Available,Full,NQP
M0NQQ,Available,Full,NQQ
M0NQR,Available,Full,NQR
M0NQS,Available,Full,NQS
M0NQT,Available,Full,NQT
M0NQV,Available,Full,NQV
M0NQW,Available,Full,NQW
M0NQX,Available,Full,NQX
M0NQY,Available,Full,NQY
M0NQZ,Available,Full,NQZ
M0NRD,Available,Full,NRD
M0NRE,Available,Full,NRE
M0NRI,Available,Full,NRI
M0NRK,Available,Full,NRK
M0NRN,Available,Full,NRN
M0NRO,Available,Full,NRO
M0NRQ,Available,Full,NRQ
M0NRR,Available,Full,NRR
M0NRT,Available,Full,NRT
M0NRU,Available,Full,NRU
M0NRV,Available,Full,NRV
M0NRX,Available,Full,NRX
M0NRZ,Available,Full,NRZ
M0NSB,Available,Full,NSB
M0NSD,Available,Full,NSD
M0NSE,Available,Full,NSE
M0NSF,Available,Full,NSF
M0NSG,Available,Full,NSG
M0NSH,Available,Full,NSH
M0NSJ,Available,Full,NSJ
M0NSK,Available,Full,NSK
M0NSL,Available,Full,NSL
M0NSM,Available,Full,NSM
M0NSN,Available,Full,NSN
M0NSO,Available,Full,NSO
M0NSQ,Available,Full,NSQ
M0NSS,Available,Full,NSS
M0NSU,Available,Full,NSU
M0NSV,Available,Full,NSV
M0NSW,Available,Full,NSW
M0NSX,Available,Full,NSX
M0NSY,Available,Full,NSY
M0NSZ,Available,Full,NSZ
M0NTB,Available,Full,NTB
M0NTD,Available,Full,NTD
M0NTF,Available,Full,NTF
M0NTG,Available,Full,NTG
M0NTJ,Available,Full,NTJ
M0NTK,Available,Full,NTK
M0NTM,Available,Full,NTM
M0NTO,Available,Full,NTO
M0NTQ,Available,Full,NTQ
M0NTR,Available,Full,NTR
M0NTU,Available,Full,NTU
M0NTV,Available,Full,NTV
M0NTW,Available,Full,NTW
M0NTX,Available,Full,NTX
M0NTZ,Available,Full,NTZ
M0NUA,Available,Full,NUA
M0NUB,Available,Full,NUB
M0NUD,Available,Full,NUD
M0NUF,Available,Full,NUF
M0NUH,Available,Full,NUH
M0NUI,Available,Full,NUI
M0NUJ,Available,Full,NUJ
M0NUL,Available,Full,NUL
M0NUM,Available,Full,NUM
M0NUO,Available,Full,NUO
M0NUP,Available,Full,NUP
M0NUQ,Available,Full,NUQ
M0NUR,Available,Full,NUR
M0NUS,Available,Full,NUS
M0NUU,Available,Full,NUU
M0NUV,Available,Full,NUV
M0NUW,Available,Full,NUW
M0NUX,Available,Full,NUX
M0NUY,Available,Full,NUY
M0NVA,Available,Full,NVA
M0NVB,Available,Full,NVB
M0NVC,Available,Full,NVC
M0NVD,Available,Full,NVD
M0NVE,Available,Full,NVE
M0NVF,Available,Full,NVF
M0NVG,Available,Full,NVG
M0NVH,Available,Full,NVH
M0NVI,Available,Full,NVI
M0NVK,Available,Full,NVK
M0NVL,Available,Full,NVL
M0NVM,Available,Full,NVM
M0NVN,Available,Full,NVN
M0NVO,Available,Full,NVO
M0NVP,Available,Full,NVP
M0NVR,Available,Full,NVR
M0NVS,Available,Full,NVS
M0NVT,Available,Full,NVT
M0NVU,Available,Full,NVU
M0NVV,Available,Full,NVV
M0NVW,Available,Full,NVW
M0NVX,Available,Full,NVX
M0NVZ,Available,Full,NVZ
M0NWA,Available,Full,NWA
M0NWC,Available,Full,NWC
M0NWD,Available,Full,NWD
M0NWE,Available,Full,NWE
M0NWF,Available,Full,NWF
M0NWG,Available,Full,NWG
M0NWI,Available,Full,NWI
M0NWJ,Available,Full,NWJ
M0NWK,Available,Full,NWK
M0NWL,Available,Full,NWL
M0NWM,Available,Full,NWM
M0NWN,Available,Full,NWN
M0NWQ,Available,Full,NWQ
M0NWS,Available,Full,NWS
M0NWU,Available,Full,NWU
M0NWV,Available,Full,NWV
M0NWX,Available,Full,NWX
M0NWZ,Available,Full,NWZ
M0NXA,Available,Full,NXA
M0NXB,Available,Full,NXB
M0NXC,Available,Full,NXC
M0NXD,Available,Full,NXD
M0NXE,Available,Full,NXE
M0NXF,Available,Full,NXF
M0NXG,Available,Full,NXG
M0NXH,Available,Full,NXH
M0NXI,Available,Full,NXI
M0NXJ,Available,Full,NXJ
M0NXK,Available,Full,NXK
M0NXL,Available,Full,NXL
M0NXM,Available,Full,NXM
M0NXN,Available,Full,NXN
M0NXO,Available,Full,NXO
M0NXQ,Available,Full,NXQ
M0NXR,Available,Full,NXR
M0NXT,Available,Full,NXT
M0NXU,Available,Full,NXU
M0NXV,Available,Full,NXV
M0NXW,Available,Full,NXW
M0NXX,Available,Full,NXX
M0NXY,Available,Full,NXY
M0NXZ,Available,Full,NXZ
M0NYA,Available,Full,NYA
M0NYB,Available,Full,NYB
M0NYD,Available,Full,NYD
M0NYF,Available,Full,NYF
M0NYG,Available,Full,NYG
M0NYH,Available,Full,NYH
M0NYI,Available,Full,NYI
M0NYJ,Available,Full,NYJ
M0NYK,Available,Full,NYK
M0NYL,Available,Full,NYL
M0NYM,Available,Full,NYM
M0NYN,Available,Full,NYN
M0NYO,Available,Full,NYO
M0NYQ,Available,Full,NYQ
M0NYR,Available,Full,NYR
M0NYS,Available,Full,NYS
M0NYT,Available,Full,NYT
M0NYU,Available,Full,NYU
M0NYV,Available,Full,NYV
M0NYY,Available,Full,NYY
M0NYZ,Available,Full,NYZ
M0NZB,Available,Full,NZB
M0NZC,Available,Full,NZC
M0NZD,Available,Full,NZD
M0NZE,Available,Full,NZE
M0NZF,Available,Full,NZF
M0NZG,Available,Full,NZG
M0NZJ,Available,Full,NZJ
M0NZK,Available,Full,NZK
M0NZM,Available,Full,NZM
M0NZN,Available,Full,NZN
M0NZO,Available,Full,NZO
M0NZP,Available,Full,NZP
M0NZQ,Available,Full,NZQ
M0NZS,Available,Full,NZS
M0NZT,Available,Full,NZT
M0NZU,Available,Full,NZU
M0NZV,Available,Full,NZV
M0NZW,Available,Full,NZW
M0NZX,Available,Full,NZX
M0NZY,Available,Full,NZY
M0NZZ,Available,Full,NZZ
M0OAD,Available,Full,OAD
M0OAE,Available,Full,OAE
M0OAF,Available,Full,OAF
M0OAG,Available,Full,OAG
M0OAH,Available,Full,OAH
M0OAI,Available,Full,OAI
M0OAJ,Available,Full,OAJ
M0OAL,Available,Full,OAL
M0OAN,Available,Full,OAN
M0OAO,Available,Full,OAO
M0OAQ,Available,Full,OAQ
M0OAS,Available,Full,OAS
M0OAT,Available,Full,OAT
M0OAU,Available,Full,OAU
M0OAW,Available,Full,OAW
M0OAX,Available,Full,OAX
M0OAY,Available,Full,OAY
M0OAZ,Available,Full,OAZ
M0OBA,Available,Full,OBA
M0OBB,Available,Full,OBB
M0OBC,Available,Full,OBC
M0OBD,Available,Full,OBD
M0OBF,Available,Full,OBF
M0OBG,Available,Full,OBG
M0OBH,Available,Full,OBH
M0OBJ,Available,Full,OBJ
M0OBK,Available,Full,OBK
M0OBL,Available,Full,OBL
M0OBM,Available,Full,OBM
M0OBN,Available,Full,OBN
M0OBO,Available,Full,OBO
M0OBP,Available,Full,OBP
M0OBQ,Available,Full,OBQ
M0OBR,Available,Full,OBR
M0OBT,Available,Full,OBT
M0OBU,Available,Full,OBU
M0OBV,Available,Full,OBV
M0OBX,Available,Full,OBX
M0OBZ,Available,Full,OBZ
M0OCA,Available,Full,OCA
M0OCB,Available,Full,OCB
M0OCE,Available,Full,OCE
M0OCF,Available,Full,OCF
M0OCI,Available,Full,OCI
M0OCJ,Available,Full,OCJ
M0OCL,Available,Full,OCL
M0OCM,Available,Full,OCM
M0OCO,Available,Full,OCO
M0OCP,Available,Full,OCP
M0OCQ,Available,Full,OCQ
M0OCR,Available,Full,OCR
M0OCS,Available,Full,OCS
M0OCU,Available,Full,OCU
M0OCV,Available,Full,OCV
M0OCW,Available,Full,OCW
M0OCX,Available,Full,OCX
M0OCY,Available,Full,OCY
M0OCZ,Available,Full,OCZ
M0ODA,Available,Full,ODA
M0ODB,Available,Full,ODB
M0ODF,Available,Full,ODF
M0ODG,Available,Full,ODG
M0ODH,Available,Full,ODH
M0ODJ,Available,Full,ODJ
M0ODK,Available,Full,ODK
M0ODM,Available,Full,ODM
M0ODN,Available,Full,ODN
M0ODO,Available,Full,ODO
M0ODP,Available,Full,ODP
M0ODQ,Available,Full,ODQ
M0ODR,Available,Full,ODR
M0ODT,Available,Full,ODT
M0ODU,Available,Full,ODU
M0ODW,Available,Full,ODW
M0ODZ,Available,Full,ODZ
M0OEA,Available,Full,OEA
M0OEB,Available,Full,OEB
M0OEC,Available,Full,OEC
M0OED,Available,Full,OED
M0OEE,Available,Full,OEE
M0OEF,Available,Full,OEF
M0OEG,Available,Full,OEG
M0OEH,Available,Full,OEH
M0OEI,Available,Full,OEI
M0OEJ,Available,Full,OEJ
M0OEK,Available,Full,OEK
M0OEL,Available,Full,OEL
M0OEM,Available,Full,OEM
M0OEN,Available,Full,OEN
M0OEO,Available,Full,OEO
M0OEP,Available,Full,OEP
M0OEQ,Available,Full,OEQ
M0OER,Available,Full,OER
M0OES,Available,Full,OES
M0OET,Available,Full,OET
M0OEU,Available,Full,OEU
M0OEV,Available,Full,OEV
M0OEW,Available,Full,OEW
M0OEX,Available,Full,OEX
M0OEZ,Available,Full,OEZ
M0OFB,Available,Full,OFB
M0OFD,Available,Full,OFD
M0OFE,Available,Full,OFE
M0OFF,Available,Full,OFF
M0OFG,Available,Full,OFG
M0OFH,Available,Full,OFH
M0OFJ,Available,Full,OFJ
M0OFK,Available,Full,OFK
M0OFM,Available,Full,OFM
M0OFN,Available,Full,OFN
M0OFO,Available,Full,OFO
M0OFQ,Available,Full,OFQ
M0OFS,Available,Full,OFS
M0OFT,Available,Full,OFT
M0OFU,Available,Full,OFU
M0OFV,Available,Full,OFV
M0OFW,Available,Full,OFW
M0OFX,Available,Full,OFX
M0OFY,Available,Full,OFY
M0OFZ,Available,Full,OFZ
M0OGA,Available,Full,OGA
M0OGB,Available,Full,OGB
M0OGD,Available,Full,OGD
M0OGE,Available,Full,OGE
M0OGF,Available,Full,OGF
M0OGI,Available,Full,OGI
M0OGJ,Available,Full,OGJ
M0OGK,Available,Full,OGK
M0OGL,Available,Full,OGL
M0OGM,Available,Full,OGM
M0OGN,Available,Full,OGN
M0OGO,Available,Full,OGO
M0OGP,Available,Full,OGP
M0OGQ,Available,Full,OGQ
M0OGR,Available,Full,OGR
M0OGT,Available,Full,OGT
M0OGU,Available,Full,OGU
M0OGV,Available,Full,OGV
M0OGW,Available,Full,OGW
M0OGZ,Available,Full,OGZ
M0OHA,Available,Full,OHA
M0OHB,Available,Full,OHB
M0OHC,Available,Full,OHC
M0OHD,Available,Full,OHD
M0OHE,Available,Full,OHE
M0OHG,Available,Full,OHG
M0OHH,Available,Full,OHH
M0OHJ,Available,Full,OHJ
M0OHK,Available,Full,OHK
M0OHL,Available,Full,OHL
M0OHN,Available,Full,OHN
M0OHO,Available,Full,OHO
M0OHP,Available,Full,OHP
M0OHQ,Available,Full,OHQ
M0OHR,Available,Full,OHR
M0OHS,Available,Full,OHS
M0OHT,Available,Full,OHT
M0OHU,Available,Full,OHU
M0OHV,Available,Full,OHV
M0OHW,Available,Full,OHW
M0OHX,Available,Full,OHX
M0OHY,Available,Full,OHY
M0OHZ,Available,Full,OHZ
M0OIA,Available,Full,OIA
M0OIB,Available,Full,OIB
M0OID,Available,Full,OID
M0OIE,Available,Full,OIE
M0OIF,Available,Full,OIF
M0OIG,Available,Full,OIG
M0OIH,Available,Full,OIH
M0OII,Available,Full,OII
M0OIJ,Available,Full,OIJ
M0OIN,Available,Full,OIN
M0OIO,Available,Full,OIO
M0OIP,Available,Full,OIP
M0OIQ,Available,Full,OIQ
M0OIR,Available,Full,OIR
M0OIS,Available,Full,OIS
M0OIT,Available,Full,OIT
M0OIU,Available,Full,OIU
M0OIV,Available,Full,OIV
M0OIW,Available,Full,OIW
M0OIX,Available,Full,OIX
M0OIY,Available,Full,OIY
M0OIZ,Available,Full,OIZ
M0OJA,Available,Full,OJA
M0OJB,Available,Full,OJB
M0OJD,Available,Full,OJD
M0OJE,Available,Full,OJE
M0OJF,Available,Full,OJF
M0OJH,Available,Full,OJH
M0OJI,Available,Full,OJI
M0OJJ,Available,Full,OJJ
M0OJK,Available,Full,OJK
M0OJL,Available,Full,OJL
M0OJM,Available,Full,OJM
M0OJN,Available,Full,OJN
M0OJO,Available,Full,OJO
M0OJP,Available,Full,OJP
M0OJQ,Available,Full,OJQ
M0OJR,Available,Full,OJR
M0OJS,Available,Full,OJS
M0OJT,Available,Full,OJT
M0OJU,Available,Full,OJU
M0OJV,Available,Full,OJV
M0OJW,Available,Full,OJW
M0OJY,Available,Full,OJY
M0OJZ,Available,Full,OJZ
M0OKA,Available,Full,OKA
M0OKC,Available,Full,OKC
M0OKD,Available,Full,OKD
M0OKE,Available,Full,OKE
M0OKF,Available,Full,OKF
M0OKH,Available,Full,OKH
M0OKI,Available,Full,OKI
M0OKJ,Available,Full,OKJ
M0OKK,Available,Full,OKK
M0OKL,Available,Full,OKL
M0OKM,Available,Full,OKM
M0OKN,Available,Full,OKN
M0OKO,Available,Full,OKO
M0OKP,Available,Full,OKP
M0OKQ,Available,Full,OKQ
M0OKR,Available,Full,OKR
M0OKS,Available,Full,OKS
M0OKU,Available,Full,OKU
M0OKV,Available,Full,OKV
M0OKW,Available,Full,OKW
M0OKX,Available,Full,OKX
M0OKY,Available,Full,OKY
M0OKZ,Available,Full,OKZ
M0OLB,Available,Full,OLB
M0OLC,Available,Full,OLC
M0OLG,Available,Full,OLG
M0OLH,Available,Full,OLH
M0OLJ,Available,Full,OLJ
M0OLK,Available,Full,OLK
M0OLL,Available,Full,OLL
M0OLM,Available,Full,OLM
M0OLN,Available,Full,OLN
M0OLO,Available,Full,OLO
M0OLP,Available,Full,OLP
M0OLQ,Available,Full,OLQ
M0OLR,Available,Full,OLR
M0OLS,Available,Full,OLS
M0OLT,Available,Full,OLT
M0OLU,Available,Full,OLU
M0OLV,Available,Full,OLV
M0OLW,Available,Full,OLW
M0OLX,Available,Full,OLX
M0OLZ,Available,Full,OLZ
M0OMB,Available,Full,OMB
M0OME,Available,Full,OME
M0OMF,Available,Full,OMF
M0OMH,Available,Full,OMH
M0OMJ,Available,Full,OMJ
M0OMK,Available,Full,OMK
M0OMM,Available,Full,OMM
M0OMN,Available,Full,OMN
M0OMO,Available,Full,OMO
M0OMP,Available,Full,OMP
M0OMQ,Available,Full,OMQ
M0OMR,Available,Full,OMR
M0OMU,Available,Full,OMU
M0OMW,Available,Full,OMW
M0OMX,Available,Full,OMX
M0OMY,Available,Full,OMY
M0OMZ,Available,Full,OMZ
M0ONB,Available,Full,ONB
M0ONC,Available,Full,ONC
M0OND,Available,Full,OND
M0ONF,Available,Full,ONF
M0ONG,Available,Full,ONG
M0ONH,Available,Full,ONH
M0ONI,Available,Full,ONI
M0ONJ,Available,Full,ONJ
M0ONK,Available,Full,ONK
M0ONL,Available,Full,ONL
M0ONM,Available,Full,ONM
M0ONN,Available,Full,ONN
M0ONO,Available,Full,ONO
M0ONP,Available,Full,ONP
M0ONR,Available,Full,ONR
M0ONT,Available,Full,ONT
M0ONU,Available,Full,ONU
M0ONV,Available,Full,ONV
M0ONW,Available,Full,ONW
M0ONX,Available,Full,ONX
M0OOA,Available,Full,OOA
M0OOC,Available,Full,OOC
M0OOE,Available,Full,OOE
M0OOF,Available,Full,OOF
M0OOH,Available,Full,OOH
M0OOI,Available,Full,OOI
M0OOJ,Available,Full,OOJ
M0OOK,Available,Full,OOK
M0OOL,Available,Full,OOL
M0OOP,Available,Full,OOP
M0OOQ,Available,Full,OOQ
M0OOR,Available,Full,OOR
M0OOS,Available,Full,OOS
M0OOU,Available,Full,OOU
M0OOV,Available,Full,OOV
M0OOW,Available,Full,OOW
M0OOX,Available,Full,OOX
M0OOY,Available,Full,OOY
M0OOZ,Available,Full,OOZ
M0OPA,Available,Full,OPA
M0OPB,Available,Full,OPB
M0OPC,Available,Full,OPC
M0OPD,Available,Full,OPD
M0OPE,Available,Full,OPE
M0OPF,Available,Full,OPF
M0OPH,Available,Full,OPH
M0OPI,Available,Full,OPI
M0OPJ,Available,Full,OPJ
M0OPL,Available,Full,OPL
M0OPN,Available,Full,OPN
M0OPO,Available,Full,OPO
M0OPP,Available,Full,OPP
M0OPQ,Available,Full,OPQ
M0OPT,Available,Full,OPT
M0OPU,Available,Full,OPU
M0OPZ,Available,Full,OPZ
M0OQA,Available,Full,OQA
M0OQB,Available,Full,OQB
M0OQC,Available,Full,OQC
M0OQD,Available,Full,OQD
M0OQE,Available,Full,OQE
M0OQF,Available,Full,OQF
M0OQG,Available,Full,OQG
M0OQH,Available,Full,OQH
M0OQI,Available,Full,OQI
M0OQJ,Available,Full,OQJ
M0OQK,Available,Full,OQK
M0OQL,Available,Full,OQL
M0OQM,Available,Full,OQM
M0OQN,Available,Full,OQN
M0OQO,Available,Full,OQO
M0OQP,Available,Full,OQP
M0OQQ,Available,Full,OQQ
M0OQR,Available,Full,OQR
M0OQS,Available,Full,OQS
M0OQT,Available,Full,OQT
M0OQU,Available,Full,OQU
M0OQV,Available,Full,OQV
M0OQW,Available,Full,OQW
M0OQX,Available,Full,OQX
M0OQY,Available,Full,OQY
M0OQZ,Available,Full,OQZ
M0ORA,Available,Full,ORA
M0ORB,Available,Full,ORB
M0ORD,Available,Full,ORD
M0ORG,Available,Full,ORG
M0ORH,Available,Full,ORH
M0ORI,Available,Full,ORI
M0ORJ,Available,Full,ORJ
M0ORL,Available,Full,ORL
M0ORM,Available,Full,ORM
M0ORP,Available,Full,ORP
M0ORQ,Available,Full,ORQ
M0ORT,Available,Full,ORT
M0ORU,Available,Full,ORU
M0ORV,Available,Full,ORV
M0ORW,Available,Full,ORW
M0ORX,Available,Full,ORX
M0ORY,Available,Full,ORY
M0ORZ,Available,Full,ORZ
M0OSA,Available,Full,OSA
M0OSB,Available,Full,OSB
M0OSD,Available,Full,OSD
M0OSF,Available,Full,OSF
M0OSG,Available,Full,OSG
M0OSI,Available,Full,OSI
M0OSJ,Available,Full,OSJ
M0OSL,Available,Full,OSL
M0OSN,Available,Full,OSN
M0OSO,Available,Full,OSO
M0OSP,Available,Full,OSP
M0OSQ,Available,Full,OSQ
M0OSR,Available,Full,OSR
M0OSS,Available,Full,OSS
M0OSU,Available,Full,OSU
M0OSV,Available,Full,OSV
M0OSW,Available,Full,OSW
M0OSY,Available,Full,OSY
M0OTA,Available,Full,OTA
M0OTB,Available,Full,OTB
M0OTC,Available,Full,OTC
M0OTD,Available,Full,OTD
M0OTF,Available,Full,OTF
M0OTG,Available,Full,OTG
M0OTI,Available,Full,OTI
M0OTJ,Available,Full,OTJ
M0OTK,Available,Full,OTK
M0OTL,Available,Full,OTL
M0OTN,Available,Full,OTN
M0OTO,Available,Full,OTO
M0OTP,Available,Full,OTP
M0OTQ,Available,Full,OTQ
M0OTR,Available,Full,OTR
M0OTU,Available,Full,OTU
M0OTV,Available,Full,OTV
M0OTW,Available,Full,OTW
M0OTX,Available,Full,OTX
M0OTY,Available,Full,OTY
M0OTZ,Available,Full,OTZ
M0OUA,Available,Full,OUA
M0OUB,Available,Full,OUB
M0OUD,Available,Full,OUD
M0OUE,Available,Full,OUE
M0OUF,Available,Full,OUF
M0OUG,Available,Full,OUG
M0OUH,Available,Full,OUH
M0OUI,Available,Full,OUI
M0OUJ,Available,Full,OUJ
M0OUK,Available,Full,OUK
M0OUL,Available,Full,OUL
M0OUM,Available,Full,OUM
M0OUN,Available,Full,OUN
M0OUO,Available,Full,OUO
M0OUP,Available,Full,OUP
M0OUQ,Available,Full,OUQ
M0OUR,Available,Full,OUR
M0OUS,Available,Full,OUS
M0OUT,Available,Full,OUT
M0OUU,Available,Full,OUU
M0OUV,Available,Full,OUV
M0OUW,Available,Full,OUW
M0OUX,Available,Full,OUX
M0OUY,Available,Full,OUY
M0OVA,Available,Full,OVA
M0OVC,Available,Full,OVC
M0OVD,Available,Full,OVD
M0OVE,Available,Full,OVE
M0OVF,Available,Full,OVF
M0OVG,Available,Full,OVG
M0OVH,Available,Full,OVH
M0OVJ,Available,Full,OVJ
M0OVM,Available,Full,OVM
M0OVN,Available,Full,OVN
M0OVO,Available,Full,OVO
M0OVP,Available,Full,OVP
M0OVQ,Available,Full,OVQ
M0OVR,Available,Full,OVR
M0OVS,Available,Full,OVS
M0OVT,Available,Full,OVT
M0OVU,Available,Full,OVU
M0OVV,Available,Full,OVV
M0OVW,Available,Full,OVW
M0OVX,Available,Full,OVX
M0OVY,Available,Full,OVY
M0OVZ,Available,Full,OVZ
M0OWA,Available,Full,OWA
M0OWB,Available,Full,OWB
M0OWC,Available,Full,OWC
M0OWD,Available,Full,OWD
M0OWE,Available,Full,OWE
M0OWF,Available,Full,OWF
M0OWG,Available,Full,OWG
M0OWH,Available,Full,OWH
M0OWI,Available,Full,OWI
M0OWJ,Available,Full,OWJ
M0OWK,Available,Full,OWK
M0OWM,Available,Full,OWM
M0OWN,Available,Full,OWN
M0OWP,Available,Full,OWP
M0OWQ,Available,Full,OWQ
M0OWR,Available,Full,OWR
M0OWS,Available,Full,OWS
M0OWT,Available,Full,OWT
M0OWU,Available,Full,OWU
M0OWV,Available,Full,OWV
M0OWX,Available,Full,OWX
M0OWY,Available,Full,OWY
M0OWZ,Available,Full,OWZ
M0OXA,Available,Full,OXA
M0OXB,Available,Full,OXB
M0OXC,Available,Full,OXC
M0OXF,Available,Full,OXF
M0OXG,Available,Full,OXG
M0OXH,Available,Full,OXH
M0OXI,Available,Full,OXI
M0OXJ,Available,Full,OXJ
M0OXK,Available,Full,OXK
M0OXL,Available,Full,OXL
M0OXM,Available,Full,OXM
M0OXN,Available,Full,OXN
M0OXP,Available,Full,OXP
M0OXQ,Available,Full,OXQ
M0OXS,Available,Full,OXS
M0OXT,Available,Full,OXT
M0OXU,Available,Full,OXU
M0OXV,Available,Full,OXV
M0OXW,Available,Full,OXW
M0OYA,Available,Full,OYA
M0OYB,Available,Full,OYB
M0OYC,Available,Full,OYC
M0OYD,Available,Full,OYD
M0OYE,Available,Full,OYE
M0OYF,Available,Full,OYF
M0OYH,Available,Full,OYH
M0OYI,Available,Full,OYI
M0OYJ,Available,Full,OYJ
M0OYK,Available,Full,OYK
M0OYL,Available,Full,OYL
M0OYM,Available,Full,OYM
M0OYN,Available,Full,OYN
M0OYO,Available,Full,OYO
M0OYP,Available,Full,OYP
M0OYR,Available,Full,OYR
M0OYS,Available,Full,OYS
M0OYT,Available,Full,OYT
M0OYU,Available,Full,OYU
M0OYV,Available,Full,OYV
M0OYW,Available,Full,OYW
M0OYX,Available,Full,OYX
M0OYY,Available,Full,OYY
M0OZA,Available,Full,OZA
M0OZB,Available,Full,OZB
M0OZC,Available,Full,OZC
M0OZE,Available,Full,OZE
M0OZF,Available,Full,OZF
M0OZG,Available,Full,OZG
M0OZI,Available,Full,OZI
M0OZK,Available,Full,OZK
M0OZL,Available,Full,OZL
M0OZM,Available,Full,OZM
M0OZN,Available,Full,OZN
M0OZO,Available,Full,OZO
M0OZP,Available,Full,OZP
M0OZQ,Available,Full,OZQ
M0OZR,Available,Full,OZR
M0OZS,Available,Full,OZS
M0OZT,Available,Full,OZT
M0OZU,Available,Full,OZU
M0OZV,Available,Full,OZV
M0OZW,Available,Full,OZW
M0OZX,Available,Full,OZX
M0PBD,Available,Full,PBD
M0PBE,Available,Full,PBE
M0PBF,Available,Full,PBF
M0PBG,Available,Full,PBG
M0PBH,Available,Full,PBH
M0PBI,Available,Full,PBI
M0PBJ,Available,Full,PBJ
M0PBP,Available,Full,PBP
M0PBS,Available,Full,PBS
M0PBU,Available,Full,PBU
M0PBV,Available,Full,PBV
M0PBW,Available,Full,PBW
M0PBY,Available,Full,PBY
M0PCD,Available,Full,PCD
M0PCE,Available,Full,PCE
M0PCF,Available,Full,PCF
M0PCL,Available,Full,PCL
M0PCN,Available,Full,PCN
M0PCO,Available,Full,PCO
M0PCP,Available,Full,PCP
M0PCQ,Available,Full,PCQ
M0PCU,Available,Full,PCU
M0PCV,Available,Full,PCV
M0PCW,Available,Full,PCW
M0PCX,Available,Full,PCX
M0PCY,Available,Full,PCY
M0PDI,Available,Full,PDI
M0PDK,Available,Full,PDK
M0PDN,Available,Full,PDN
M0PDO,Available,Full,PDO
M0PDP,Available,Full,PDP
M0PDS,Available,Full,PDS
M0PDV,Available,Full,PDV
M0PDZ,Available,Full,PDZ
M0PEA,Available,Full,PEA
M0PEE,Available,Full,PEE
M0PEF,Available,Full,PEF
M0PEI,Available,Full,PEI
M0PEJ,Available,Full,PEJ
M0PEK,Available,Full,PEK
M0PEL,Available,Full,PEL
M0PEQ,Available,Full,PEQ
M0PEU,Available,Full,PEU
M0PEV,Available,Full,PEV
M0PEX,Available,Full,PEX
M0PEY,Available,Full,PEY
M0PEZ,Available,Full,PEZ
M0PFA,Available,Full,PFA
M0PFB,Available,Full,PFB
M0PFC,Available,Full,PFC
M0PFE,Available,Full,PFE
M0PFF,Available,Full,PFF
M0PFG,Available,Full,PFG
M0PFH,Available,Full,PFH
M0PFI,Available,Full,PFI
M0PFJ,Available,Full,PFJ
M0PFK,Available,Full,PFK
M0PFL,Available,Full,PFL
M0PFM,Available,Full,PFM
M0PFN,Available,Full,PFN
M0PFO,Available,Full,PFO
M0PFP,Available,Full,PFP
M0PFQ,Available,Full,PFQ
M0PFS,Available,Full,PFS
M0PFT,Available,Full,PFT
M0PFU,Available,Full,PFU
M0PFV,Available,Full,PFV
M0PFX,Available,Full,PFX
M0PFY,Available,Full,PFY
M0PFZ,Available,Full,PFZ
M0PGF,Available,Full,PGF
M0PGI,Available,Full,PGI
M0PGJ,Available,Full,PGJ
M0PGK,Available,Full,PGK
M0PGN,Available,Full,PGN
M0PGO,Available,Full,PGO
M0PGP,Available,Full,PGP
M0PGQ,Available,Full,PGQ
M0PGU,Available,Full,PGU
M0PGV,Available,Full,PGV
M0PGY,Available,Full,PGY
M0PGZ,Available,Full,PGZ
M0PHA,Available,Full,PHA
M0PHB,Available,Full,PHB
M0PHC,Available,Full,PHC
M0PHE,Available,Full,PHE
M0PHF,Available,Full,PHF
M0PHG,Available,Full,PHG
M0PHH,Available,Full,PHH
M0PHK,Available,Full,PHK
M0PHN,Available,Full,PHN
M0PHR,Available,Full,PHR
M0PHS,Available,Full,PHS
M0PHU,Available,Full,PHU
M0PHW,Available,Full,PHW
M0PHZ,Available,Full,PHZ
M0PIF,Available,Full,PIF
M0PII,Available,Full,PII
M0PIJ,Available,Full,PIJ
M0PIQ,Available,Full,PIQ
M0PIR,Available,Full,PIR
M0PIU,Available,Full,PIU
M0PIV,Available,Full,PIV
M0PIW,Available,Full,PIW
M0PIY,Available,Full,PIY
M0PIZ,Available,Full,PIZ
M0PJE,Available,Full,PJE
M0PJI,Available,Full,PJI
M0PJN,Available,Full,PJN
M0PJP,Available,Full,PJP
M0PJU,Available,Full,PJU
M0PJV,Available,Full,PJV
M0PJZ,Available,Full,PJZ
M0PKA,Available,Full,PKA
M0PKC,Available,Full,PKC
M0PKE,Available,Full,PKE
M0PKF,Available,Full,PKF
M0PKG,Available,Full,PKG
M0PKI,Available,Full,PKI
M0PKJ,Available,Full,PKJ
M0PKK,Available,Full,PKK
M0PKN,Available,Full,PKN
M0PKO,Available,Full,PKO
M0PKP,Available,Full,PKP
M0PKQ,Available,Full,PKQ
M0PKR,Available,Full,PKR
M0PKU,Available,Full,PKU
M0PKX,Available,Full,PKX
M0PKY,Available,Full,PKY
M0PLA,Available,Full,PLA
M0PLB,Available,Full,PLB
M0PLE,Available,Full,PLE
M0PLF,Available,Full,PLF
M0PLG,Available,Full,PLG
M0PLI,Available,Full,PLI
M0PLJ,Available,Full,PLJ
M0PLO,Available,Full,PLO
M0PLQ,Available,Full,PLQ
M0PLS,Available,Full,PLS
M0PLU,Available,Full,PLU
M0PLV,Available,Full,PLV
M0PLW,Available,Full,PLW
M0PLZ,Available,Full,PLZ
M0PMF,Available,Full,PMF
M0PMH,Available,Full,PMH
M0PMI,Available,Full,PMI
M0PMO,Available,Full,PMO
M0PMQ,Available,Full,PMQ
M0PMS,Available,Full,PMS
M0PMU,Available,Full,PMU
M0PMV,Available,Full,PMV
M0PMX,Available,Full,PMX
M0PMY,Available,Full,PMY
M0PNB,Available,Full,PNB
M0PND,Available,Full,PND
M0PNF,Available,Full,PNF
M0PNG,Available,Full,PNG
M0PNH,Available,Full,PNH
M0PNI,Available,Full,PNI
M0PNJ,Available,Full,PNJ
M0PNK,Available,Full,PNK
M0PNL,Available,Full,PNL
M0PNM,Available,Full,PNM
M0PNO,Available,Full,PNO
M0PNQ,Available,Full,PNQ
M0PNR,Available,Full,PNR
M0PNS,Available,Full,PNS
M0PNT,Available,Full,PNT
M0PNU,Available,Full,PNU
M0PNV,Available,Full,PNV
M0PNW,Available,Full,PNW
M0PNY,Available,Full,PNY
M0POB,Available,Full,POB
M0POC,Available,Full,POC
M0POE,Available,Full,POE
M0POF,Available,Full,POF
M0POH,Available,Full,POH
M0POJ,Available,Full,POJ
M0POM,Available,Full,POM
M0POS,Available,Full,POS
M0POU,Available,Full,POU
M0POV,Available,Full,POV
M0POY,Available,Full,POY
M0POZ,Available,Full,POZ
M0PPA,Available,Full,PPA
M0PPB,Available,Full,PPB
M0PPD,Available,Full,PPD
M0PPE,Available,Full,PPE
M0PPF,Available,Full,PPF
M0PPG,Available,Full,PPG
M0PPH,Available,Full,PPH
M0PPI,Available,Full,PPI
M0PPJ,Available,Full,PPJ
M0PPL,Available,Full,PPL
M0PPN,Available,Full,PPN
M0PPQ,Available,Full,PPQ
M0PPT,Available,Full,PPT
M0PPU,Available,Full,PPU
M0PPV,Available,Full,PPV
M0PPX,Available,Full,PPX
M0PPY,Available,Full,PPY
M0PQA,Available,Full,PQA
M0PQB,Available,Full,PQB
M0PQC,Available,Full,PQC
M0PQD,Available,Full,PQD
M0PQE,Available,Full,PQE
M0PQF,Available,Full,PQF
M0PQG,Available,Full,PQG
M0PQH,Available,Full,PQH
M0PQJ,Available,Full,PQJ
M0PQK,Available,Full,PQK
M0PQL,Available,Full,PQL
M0PQM,Available,Full,PQM
M0PQN,Available,Full,PQN
M0PQO,Available,Full,PQO
M0PQQ,Available,Full,PQQ
M0PQS,Available,Full,PQS
M0PQT,Available,Full,PQT
M0PQU,Available,Full,PQU
M0PQV,Available,Full,PQV
M0PQW,Available,Full,PQW
M0PQX,Available,Full,PQX
M0PQY,Available,Full,PQY
M0PQZ,Available,Full,PQZ
M0PRH,Available,Full,PRH
M0PRQ,Available,Full,PRQ
M0PRR,Available,Full,PRR
M0PRU,Available,Full,PRU
M0PRW,Available,Full,PRW
M0PRX,Available,Full,PRX
M0PRZ,Available,Full,PRZ
M0PSF,Available,Full,PSF
M0PSN,Available,Full,PSN
M0PSO,Available,Full,PSO
M0PSP,Available,Full,PSP
M0PSQ,Available,Full,PSQ
M0PSR,Available,Full,PSR
M0PSV,Available,Full,PSV
M0PTA,Available,Full,PTA
M0PTB,Available,Full,PTB
M0PTF,Available,Full,PTF
M0PTI,Available,Full,PTI
M0PTJ,Available,Full,PTJ
M0PTL,Available,Full,PTL
M0PTN,Available,Full,PTN
M0PTP,Available,Full,PTP
M0PTQ,Available,Full,PTQ
M0PTV,Available,Full,PTV
M0PTW,Available,Full,PTW
M0PTX,Available,Full,PTX
M0PTY,Available,Full,PTY
M0PTZ,Available,Full,PTZ
M0PUA,Available,Full,PUA
M0PUE,Available,Full,PUE
M0PUF,Available,Full,PUF
M0PUG,Available,Full,PUG
M0PUH,Available,Full,PUH
M0PUI,Available,Full,PUI
M0PUJ,Available,Full,PUJ
M0PUK,Available,Full,PUK
M0PUL,Available,Full,PUL
M0PUM,Available,Full,PUM
M0PUO,Available,Full,PUO
M0PUQ,Available,Full,PUQ
M0PUR,Available,Full,PUR
M0PUS,Available,Full,PUS
M0PUU,Available,Full,PUU
M0PUV,Available,Full,PUV
M0PUW,Available,Full,PUW
M0PUX,Available,Full,PUX
M0PUY,Available,Full,PUY
M0PVB,Available,Full,PVB
M0PVC,Available,Full,PVC
M0PVD,Available,Full,PVD
M0PVE,Available,Full,PVE
M0PVF,Available,Full,PVF
M0PVG,Available,Full,PVG
M0PVH,Available,Full,PVH
M0PVI,Available,Full,PVI
M0PVJ,Available,Full,PVJ
M0PVK,Available,Full,PVK
M0PVL,Available,Full,PVL
M0PVM,Available,Full,PVM
M0PVN,Available,Full,PVN
M0PVQ,Available,Full,PVQ
M0PVR,Available,Full,PVR
M0PVS,Available,Full,PVS
M0PVT,Available,Full,PVT
M0PVU,Available,Full,PVU
M0PVV,Available,Full,PVV
M0PVW,Available,Full,PVW
M0PVY,Available,Full,PVY
M0PVZ,Available,Full,PVZ
M0PWA,Available,Full,PWA
M0PWC,Available,Full,PWC
M0PWE,Available,Full,PWE
M0PWG,Available,Full,PWG
M0PWL,Available,Full,PWL
M0PWN,Available,Full,PWN
M0PWO,Available,Full,PWO
M0PWP,Available,Full,PWP
M0PWQ,Available,Full,PWQ
M0PWU,Available,Full,PWU
M0PWV,Available,Full,PWV
M0PWX,Available,Full,PWX
M0PXA,Available,Full,PXA
M0PXB,Available,Full,PXB
M0PXC,Available,Full,PXC
M0PXE,Available,Full,PXE
M0PXF,Available,Full,PXF
M0PXG,Available,Full,PXG
M0PXH,Available,Full,PXH
M0PXJ,Available,Full,PXJ
M0PXK,Available,Full,PXK
M0PXL,Available,Full,PXL
M0PXN,Available,Full,PXN
M0PXO,Available,Full,PXO
M0PXP,Available,Full,PXP
M0PXQ,Available,Full,PXQ
M0PXR,Available,Full,PXR
M0PXS,Available,Full,PXS
M0PXT,Available,Full,PXT
M0PXU,Available,Full,PXU
M0PXV,Available,Full,PXV
M0PXW,Available,Full,PXW
M0PXX,Available,Full,PXX
M0PYA,Available,Full,PYA
M0PYB,Available,Full,PYB
M0PYC,Available,Full,PYC
M0PYD,Available,Full,PYD
M0PYF,Available,Full,PYF
M0PYG,Available,Full,PYG
M0PYH,Available,Full,PYH
M0PYI,Available,Full,PYI
M0PYJ,Available,Full,PYJ
M0PYK,Available,Full,PYK
M0PYL,Available,Full,PYL
M0PYM,Available,Full,PYM
M0PYN,Available,Full,PYN
M0PYO,Available,Full,PYO
M0PYP,Available,Full,PYP
M0PYQ,Available,Full,PYQ
M0PYV,Available,Full,PYV
M0PYW,Available,Full,PYW
M0PYX,Available,Full,PYX
M0PYY,Available,Full,PYY
M0PYZ,Available,Full,PYZ
M0PZA,Available,Full,PZA
M0PZB,Available,Full,PZB
M0PZC,Available,Full,PZC
M0PZD,Available,Full,PZD
M0PZE,Available,Full,PZE
M0PZF,Available,Full,PZF
M0PZH,Available,Full,PZH
M0PZI,Available,Full,PZI
M0PZJ,Available,Full,PZJ
M0PZK,Available,Full,PZK
M0PZL,Available,Full,PZL
M0PZM,Available,Full,PZM
M0PZN,Available,Full,PZN
M0PZO,Available,Full,PZO
M0PZP,Available,Full,PZP
M0PZQ,Available,Full,PZQ
M0PZR,Available,Full,PZR
M0PZS,Available,Full,PZS
M0PZU,Available,Full,PZU
M0PZV,Available,Full,PZV
M0PZX,Available,Full,PZX
M0PZY,Available,Full,PZY
M0PZZ,Available,Full,PZZ
M0RBU,Available,Full,RBU
M0RCI,Available,Full,RCI
M0RCK,Available,Full,RCK
M0RCN,Available,Full,RCN
M0RCU,Available,Full,RCU
M0RCY,Available,Full,RCY
M0RCZ,Available,Full,RCZ
M0RDE,Available,Full,RDE
M0RDI,Available,Full,RDI
M0RDK,Available,Full,RDK
M0RDN,Available,Full,RDN
M0RDP,Available,Full,RDP
M0RDQ,Available,Full,RDQ
M0RDU,Available,Full,RDU
M0RDY,Available,Full,RDY
M0REE,Available,Full,REE
M0REF,Available,Full,REF
M0REI,Available,Full,REI
M0REO,Available,Full,REO
M0REP,Available,Full,REP
M0REQ,Available,Full,REQ
M0REU,Available,Full,REU
M0REW,Available,Full,REW
M0REY,Available,Full,REY
M0RFB,Available,Full,RFB
M0RFG,Available,Full,RFG
M0RFI,Available,Full,RFI
M0RFJ,Available,Full,RFJ
M0RFN,Available,Full,RFN
M0RFO,Available,Full,RFO
M0RFP,Available,Full,RFP
M0RFQ,Available,Full,RFQ
M0RFR,Available,Full,RFR
M0RFU,Available,Full,RFU
M0RFV,Available,Full,RFV
M0RFW,Available,Full,RFW
M0RFZ,Available,Full,RFZ
M0RGF,Available,Full,RGF
M0RGH,Available,Full,RGH
M0RGK,Available,Full,RGK
M0RGP,Available,Full,RGP
M0RGQ,Available,Full,RGQ
M0RGV,Available,Full,RGV
M0RGZ,Available,Full,RGZ
M0RHA,Available,Full,RHA
M0RHC,Available,Full,RHC
M0RHJ,Available,Full,RHJ
M0RHK,Available,Full,RHK
M0RHL,Available,Full,RHL
M0RHM,Available,Full,RHM
M0RHN,Available,Full,RHN
M0RHO,Available,Full,RHO
M0RHP,Available,Full,RHP
M0RHR,Available,Full,RHR
M0RHU,Available,Full,RHU
M0RHX,Available,Full,RHX
M0RHY,Available,Full,RHY
M0RHZ,Available,Full,RHZ
M0RIE,Available,Full,RIE
M0RIH,Available,Full,RIH
M0RII,Available,Full,RII
M0RIJ,Available,Full,RIJ
M0RIL,Available,Full,RIL
M0RIN,Available,Full,RIN
M0RIO,Available,Full,RIO
M0RIP,Available,Full,RIP
M0RIQ,Available,Full,RIQ
M0RIR,Available,Full,RIR
M0RIU,Available,Full,RIU
M0RIW,Available,Full,RIW
M0RIY,Available,Full,RIY
M0RIZ,Available,Full,RIZ
M0RJE,Available,Full,RJE
M0RJF,Available,Full,RJF
M0RJI,Available,Full,RJI
M0RJJ,Available,Full,RJJ
M0RJQ,Available,Full,RJQ
M0RJU,Available,Full,RJU
M0RKA,Available,Full,RKA
M0RKC,Available,Full,RKC
M0RKD,Available,Full,RKD
M0RKE,Available,Full,RKE
M0RKG,Available,Full,RKG
M0RKJ,Available,Full,RKJ
M0RKK,Available,Full,RKK
M0RKM,Available,Full,RKM
M0RKP,Available,Full,RKP
M0RKQ,Available,Full,RKQ
M0RKR,Available,Full,RKR
M0RKU,Available,Full,RKU
M0RKV,Available,Full,RKV
M0RKZ,Available,Full,RKZ
M0RLA,Available,Full,RLA
M0RLE,Available,Full,RLE
M0RLF,Available,Full,RLF
M0RLG,Available,Full,RLG
M0RLL,Available,Full,RLL
M0RLQ,Available,Full,RLQ
M0RLR,Available,Full,RLR
M0RLS,Available,Full,RLS
M0RLT,Available,Full,RLT
M0RLU,Available,Full,RLU
M0RLV,Available,Full,RLV
M0RLZ,Available,Full,RLZ
M0RMA,Available,Full,RMA
M0RME,Available,Full,RME
M0RMI,Available,Full,RMI
M0RMM,Available,Full,RMM
M0RMO,Available,Full,RMO
M0RMQ,Available,Full,RMQ
M0RMR,Available,Full,RMR
M0RMU,Available,Full,RMU
M0RMV,Available,Full,RMV
M0RMX,Available,Full,RMX
M0RMY,Available,Full,RMY
M0RMZ,Available,Full,RMZ
M0RNB,Available,Full,RNB
M0RNF,Available,Full,RNF
M0RNG,Available,Full,RNG
M0RNH,Available,Full,RNH
M0RNJ,Available,Full,RNJ
M0RNK,Available,Full,RNK
M0RNM,Available,Full,RNM
M0RNN,Available,Full,RNN
M0RNO,Available,Full,RNO
M0RNP,Available,Full,RNP
M0RNQ,Available,Full,RNQ
M0RNU,Available,Full,RNU
M0RNV,Available,Full,RNV
M0RNX,Available,Full,RNX
M0RNY,Available,Full,RNY
M0RNZ,Available,Full,RNZ
M0ROF,Available,Full,ROF
M0ROH,Available,Full,ROH
M0ROK,Available,Full,ROK
M0ROL,Available,Full,ROL
M0ROP,Available,Full,ROP
M0ROR,Available,Full,ROR
M0ROU,Available,Full,ROU
M0ROX,Available,Full,ROX
M0ROZ,Available,Full,ROZ
M0RPI,Available,Full,RPI
M0RPN,Available,Full,RPN
M0RPP,Available,Full,RPP
M0RPQ,Available,Full,RPQ
M0RPS,Available,Full,RPS
M0RPU,Available,Full,RPU
M0RPV,Available,Full,RPV
M0RPW,Available,Full,RPW
M0RPX,Available,Full,RPX
M0RPY,Available,Full,RPY
M0RPZ,Available,Full,RPZ
M0RQA,Available,Full,RQA
M0RQB,Available,Full,RQB
M0RQC,Available,Full,RQC
M0RQD,Available,Full,RQD
M0RQE,Available,Full,RQE
M0RQF,Available,Full,RQF
M0RQG,Available,Full,RQG
M0RQH,Available,Full,RQH
M0RQI,Available,Full,RQI
M0RQJ,Available,Full,RQJ
M0RQL,Available,Full,RQL
M0RQM,Available,Full,RQM
M0RQN,Available,Full,RQN
M0RQO,Available,Full,RQO
M0RQP,Available,Full,RQP
M0RQQ,Available,Full,RQQ
M0RQR,Available,Full,RQR
M0RQS,Available,Full,RQS
M0RQT,Available,Full,RQT
M0RQU,Available,Full,RQU
M0RQV,Available,Full,RQV
M0RQW,Available,Full,RQW
M0RQX,Available,Full,RQX
M0RQY,Available,Full,RQY
M0RQZ,Available,Full,RQZ
M0RRF,Available,Full,RRF
M0RRI,Available,Full,RRI
M0RRJ,Available,Full,RRJ
M0RRK,Available,Full,RRK
M0RRL,Available,Full,RRL
M0RRN,Available,Full,RRN
M0RRU,Available,Full,RRU
M0RRW,Available,Full,RRW
M0RRX,Available,Full,RRX
M0RRZ,Available,Full,RRZ
M0RSK,Available,Full,RSK
M0RSQ,Available,Full,RSQ
M0RSR,Available,Full,RSR
M0RSU,Available,Full,RSU
M0RSX,Available,Full,RSX
M0RSZ,Available,Full,RSZ
M0RTF,Available,Full,RTF
M0RTJ,Available,Full,RTJ
M0RTK,Available,Full,RTK
M0RTP,Available,Full,RTP
M0RTQ,Available,Full,RTQ
M0RTT,Available,Full,RTT
M0RTU,Available,Full,RTU
M0RTW,Available,Full,RTW
M0RTZ,Available,Full,RTZ
M0RUA,Available,Full,RUA
M0RUB,Available,Full,RUB
M0RUD,Available,Full,RUD
M0RUE,Available,Full,RUE
M0RUF,Available,Full,RUF
M0RUG,Available,Full,RUG
M0RUI,Available,Full,RUI
M0RUJ,Available,Full,RUJ
M0RUL,Available,Full,RUL
M0RUM,Available,Full,RUM
M0RUO,Available,Full,RUO
M0RUP,Available,Full,RUP
M0RUQ,Available,Full,RUQ
M0RUR,Available,Full,RUR
M0RUT,Available,Full,RUT
M0RUU,Available,Full,RUU
M0RUV,Available,Full,RUV
M0RUW,Available,Full,RUW
M0RUX,Available,Full,RUX
M0RUY,Available,Full,RUY
M0RVA,Available,Full,RVA
M0RVB,Available,Full,RVB
M0RVD,Available,Full,RVD
M0RVE,Available,Full,RVE
M0RVF,Available,Full,RVF
M0RVG,Available,Full,RVG
M0RVI,Available,Full,RVI
M0RVJ,Available,Full,RVJ
M0RVK,Available,Full,RVK
M0RVL,Available,Full,RVL
M0RVM,Available,Full,RVM
M0RVN,Available,Full,RVN
M0RVO,Available,Full,RVO
M0RVP,Available,Full,RVP
M0RVQ,Available,Full,RVQ
M0RVS,Available,Full,RVS
M0RVU,Available,Full,RVU
M0RVV,Available,Full,RVV
M0RVW,Available,Full,RVW
M0RVX,Available,Full,RVX
M0RVY,Available,Full,RVY
M0RWE,Available,Full,RWE
M0RWF,Available,Full,RWF
M0RWI,Available,Full,RWI
M0RWO,Available,Full,RWO
M0RWP,Available,Full,RWP
M0RWQ,Available,Full,RWQ
M0RWT,Available,Full,RWT
M0RWU,Available,Full,RWU
M0RWV,Available,Full,RWV
M0RWX,Available,Full,RWX
M0RWY,Available,Full,RWY
M0RWZ,Available,Full,RWZ
M0RXA,Available,Full,RXA
M0RXB,Available,Full,RXB
M0RXC,Available,Full,RXC
M0RXE,Available,Full,RXE
M0RXF,Available,Full,RXF
M0RXG,Available,Full,RXG
M0RXH,Available,Full,RXH
M0RXI,Available,Full,RXI
M0RXK,Available,Full,RXK
M0RXL,Available,Full,RXL
M0RXM,Available,Full,RXM
M0RXN,Available,Full,RXN
M0RXO,Available,Full,RXO
M0RXP,Available,Full,RXP
M0RXR,Available,Full,RXR
M0RXS,Available,Full,RXS
M0RXT,Available,Full,RXT
M0RXU,Available,Full,RXU
M0RYC,Available,Full,RYC
M0RYD,Available,Full,RYD
M0RYE,Available,Full,RYE
M0RYF,Available,Full,RYF
M0RYG,Available,Full,RYG
M0RYH,Available,Full,RYH
M0RYI,Available,Full,RYI
M0RYJ,Available,Full,RYJ
M0RYN,Available,Full,RYN
M0RYO,Available,Full,RYO
M0RYP,Available,Full,RYP
M0RYQ,Available,Full,RYQ
M0RYR,Available,Full,RYR
M0RYS,Available,Full,RYS
M0RYT,Available,Full,RYT
M0RYU,Available,Full,RYU
M0RYV,Available,Full,RYV
M0RYX,Available,Full,RYX
M0RYY,Available,Full,RYY
M0RZB,Available,Full,RZB
M0RZG,Available,Full,RZG
M0RZH,Available,Full,RZH
M0RZI,Available,Full,RZI
M0RZJ,Available,Full,RZJ
M0RZK,Available,Full,RZK
M0RZL,Available,Full,RZL
M0RZM,Available,Full,RZM
M0RZN,Available,Full,RZN
M0RZO,Available,Full,RZO
M0RZP,Available,Full,RZP
M0RZQ,Available,Full,RZQ
M0RZR,Available,Full,RZR
M0RZS,Available,Full,RZS
M0RZT,Available,Full,RZT
M0RZU,Available,Full,RZU
M0RZV,Available,Full,RZV
M0RZY,Available,Full,RZY
M0SAU,Available,Full,SAU
M0SBE,Available,Full,SBE
M0SBH,Available,Full,SBH
M0SBI,Available,Full,SBI
M0SBJ,Available,Full,SBJ
M0SBK,Available,Full,SBK
M0SBN,Available,Full,SBN
M0SBO,Available,Full,SBO
M0SBP,Available,Full,SBP
M0SBQ,Available,Full,SBQ
M0SBR,Available,Full,SBR
M0SBT,Available,Full,SBT
M0SCF,Available,Full,SCF
M0SCJ,Available,Full,SCJ
M0SCN,Available,Full,SCN
M0SCV,Available,Full,SCV
M0SCX,Available,Full,SCX
M0SCY,Available,Full,SCY
M0SCZ,Available,Full,SCZ
M0SDB,Available,Full,SDB
M0SDD,Available,Full,SDD
M0SDF,Available,Full,SDF
M0SDI,Available,Full,SDI
M0SDK,Available,Full,SDK
M0SDL,Available,Full,SDL
M0SDO,Available,Full,SDO
M0SDQ,Available,Full,SDQ
M0SDU,Available,Full,SDU
M0SDV,Available,Full,SDV
M0SEF,Available,Full,SEF
M0SEG,Available,Full,SEG
M0SEI,Available,Full,SEI
M0SEJ,Available,Full,SEJ
M0SEP,Available,Full,SEP
M0SEQ,Available,Full,SEQ
M0SET,Available,Full,SET
M0SEU,Available,Full,SEU
M0SEW,Available,Full,SEW
M0SFE,Available,Full,SFE
M0SFF,Available,Full,SFF
M0SFH,Available,Full,SFH
M0SFI,Available,Full,SFI
M0SFJ,Available,Full,SFJ
M0SFK,Available,Full,SFK
M0SFL,Available,Full,SFL
M0SFN,Available,Full,SFN
M0SFO,Available,Full,SFO
M0SFP,Available,Full,SFP
M0SFQ,Available,Full,SFQ
M0SFV,Available,Full,SFV
M0SFW,Available,Full,SFW
M0SFY,Available,Full,SFY
M0SFZ,Available,Full,SFZ
M0SGG,Available,Full,SGG
M0SGI,Available,Full,SGI
M0SGN,Available,Full,SGN
M0SGO,Available,Full,SGO
M0SGS,Available,Full,SGS
M0SGU,Available,Full,SGU
M0SGY,Available,Full,SGY
M0SGZ,Available,Full,SGZ
M0SHB,Available,Full,SHB
M0SHC,Available,Full,SHC
M0SHG,Available,Full,SHG
M0SHH,Available,Full,SHH
M0SHJ,Available,Full,SHJ
M0SHN,Available,Full,SHN
M0SHO,Available,Full,SHO
M0SHT,Available,Full,SHT
M0SHU,Available,Full,SHU
M0SHW,Available,Full,SHW
M0SHX,Available,Full,SHX
M0SHZ,Available,Full,SHZ
M0SIF,Available,Full,SIF
M0SIH,Available,Full,SIH
M0SII,Available,Full,SII
M0SIJ,Available,Full,SIJ
M0SIK,Available,Full,SIK
M0SIL,Available,Full,SIL
M0SIO,Available,Full,SIO
M0SIQ,Available,Full,SIQ
M0SIU,Available,Full,SIU
M0SIV,Available,Full,SIV
M0SIW,Available,Full,SIW
M0SIZ,Available,Full,SIZ
M0SJE,Available,Full,SJE
M0SJI,Available,Full,SJI
M0SJN,Available,Full,SJN
M0SJO,Available,Full,SJO
M0SJP,Available,Full,SJP
M0SJQ,Available,Full,SJQ
M0SJU,Available,Full,SJU
M0SJX,Available,Full,SJX
M0SJY,Available,Full,SJY
M0SJZ,Available,Full,SJZ
M0SKB,Available,Full,SKB
M0SKE,Available,Full,SKE
M0SKF,Available,Full,SKF
M0SKH,Available,Full,SKH
M0SKJ,Available,Full,SKJ
M0SKL,Available,Full,SKL
M0SKM,Available,Full,SKM
M0SKN,Available,Full,SKN
M0SKP,Available,Full,SKP
M0SKQ,Available,Full,SKQ
M0SKT,Available,Full,SKT
M0SKU,Available,Full,SKU
M0SKV,Available,Full,SKV
M0SKW,Available,Full,SKW
M0SKX,Available,Full,SKX
M0SKZ,Available,Full,SKZ
M0SLD,Available,Full,SLD
M0SLE,Available,Full,SLE
M0SLG,Available,Full,SLG
M0SLI,Available,Full,SLI
M0SLJ,Available,Full,SLJ
M0SLL,Available,Full,SLL
M0SLM,Available,Full,SLM
M0SLO,Available,Full,SLO
M0SLQ,Available,Full,SLQ
M0SLT,Available,Full,SLT
M0SLU,Available,Full,SLU
M0SLV,Available,Full,SLV
M0SLW,Available,Full,SLW
M0SLX,Available,Full,SLX
M0SLY,Available,Full,SLY
M0SLZ,Available,Full,SLZ
M0SML,Available,Full,SML
M0SMQ,Available,Full,SMQ
M0SMR,Available,Full,SMR
M0SMU,Available,Full,SMU
M0SMX,Available,Full,SMX
M0SMZ,Available,Full,SMZ
M0SNA,Available,Full,SNA
M0SNB,Available,Full,SNB
M0SNC,Available,Full,SNC
M0SND,Available,Full,SND
M0SNE,Available,Full,SNE
M0SNH,Available,Full,SNH
M0SNI,Available,Full,SNI
M0SNJ,Available,Full,SNJ
M0SNK,Available,Full,SNK
M0SNL,Available,Full,SNL
M0SNM,Available,Full,SNM
M0SNN,Available,Full,SNN
M0SNO,Available,Full,SNO
M0SNP,Available,Full,SNP
M0SNQ,Available,Full,SNQ
M0SNU,Available,Full,SNU
M0SNV,Available,Full,SNV
M0SNW,Available,Full,SNW
M0SNY,Available,Full,SNY
M0SNZ,Available,Full,SNZ
M0SOF,Available,Full,SOF
M0SOG,Available,Full,SOG
M0SOH,Available,Full,SOH
M0SOJ,Available,Full,SOJ
M0SOK,Available,Full,SOK
M0SOM,Available,Full,SOM
M0SOO,Available,Full,SOO
M0SOQ,Available,Full,SOQ
M0SOR,Available,Full,SOR
M0SOU,Available,Full,SOU
M0SOV,Available,Full,SOV
M0SOY,Available,Full,SOY
M0SOZ,Available,Full,SOZ
M0SPA,Available,Full,SPA
M0SPE,Available,Full,SPE
M0SPI,Available,Full,SPI
M0SPP,Available,Full,SPP
M0SPQ,Available,Full,SPQ
M0SPV,Available,Full,SPV
M0SPW,Available,Full,SPW
M0SPZ,Available,Full,SPZ
M0SQA,Available,Full,SQA
M0SQB,Available,Full,SQB
M0SQC,Available,Full,SQC
M0SQD,Available,Full,SQD
M0SQE,Available,Full,SQE
M0SQF,Available,Full,SQF
M0SQG,Available,Full,SQG
M0SQH,Available,Full,SQH
M0SQI,Available,Full,SQI
M0SQJ,Available,Full,SQJ
M0SQK,Available,Full,SQK
M0SQL,Available,Full,SQL
M0SQM,Available,Full,SQM
M0SQP,Available,Full,SQP
M0SQQ,Available,Full,SQQ
M0SQR,Available,Full,SQR
M0SQS,Available,Full,SQS
M0SQT,Available,Full,SQT
M0SQU,Available,Full,SQU
M0SQV,Available,Full,SQV
M0SQW,Available,Full,SQW
M0SQX,Available,Full,SQX
M0SQY,Available,Full,SQY
M0SQZ,Available,Full,SQZ
M0SRE,Available,Full,SRE
M0SRH,Available,Full,SRH
M0SRI,Available,Full,SRI
M0SRK,Available,Full,SRK
M0SRL,Available,Full,SRL
M0SRQ,Available,Full,SRQ
M0SRX,Available,Full,SRX
M0SRY,Available,Full,SRY
M0SRZ,Available,Full,SRZ
M0SSI,Available,Full,SSI
M0SSK,Available,Full,SSK
M0SSN,Available,Full,SSN
M0SSU,Available,Full,SSU
M0SSV,Available,Full,SSV
M0SSZ,Available,Full,SSZ
M0STI,Available,Full,STI
M0STJ,Available,Full,STJ
M0STK,Available,Full,STK
M0STT,Available,Full,STT
M0STZ,Available,Full,STZ
M0SUA,Available,Full,SUA
M0SUC,Available,Full,SUC
M0SUD,Available,Full,SUD
M0SUG,Available,Full,SUG
M0SUH,Available,Full,SUH
M0SUI,Available,Full,SUI
M0SUJ,Available,Full,SUJ
M0SUK,Available,Full,SUK
M0SUO,Available,Full,SUO
M0SUP,Available,Full,SUP
M0SUQ,Available,Full,SUQ
M0SUR,Available,Full,SUR
M0SUV,Available,Full,SUV
M0SUW,Available,Full,SUW
M0SUX,Available,Full,SUX
M0SUY,Available,Full,SUY
M0SVD,Available,Full,SVD
M0SVF,Available,Full,SVF
M0SVG,Available,Full,SVG
M0SVH,Available,Full,SVH
M0SVI,Available,Full,SVI
M0SVJ,Available,Full,SVJ
M0SVL,Available,Full,SVL
M0SVN,Available,Full,SVN
M0SVO,Available,Full,SVO
M0SVP,Available,Full,SVP
M0SVQ,Available,Full,SVQ
M0SVS,Available,Full,SVS
M0SVT,Available,Full,SVT
M0SVU,Available,Full,SVU
M0SVW,Available,Full,SVW
M0SVX,Available,Full,SVX
M0SVY,Available,Full,SVY
M0SVZ,Available,Full,SVZ
M0SWA,Available,Full,SWA
M0SWC,Available,Full,SWC
M0SWI,Available,Full,SWI
M0SWJ,Available,Full,SWJ
M0SWK,Available,Full,SWK
M0SWM,Available,Full,SWM
M0SWN,Available,Full,SWN
M0SWP,Available,Full,SWP
M0SWQ,Available,Full,SWQ
M0SWS,Available,Full,SWS
M0SWT,Available,Full,SWT
M0SWU,Available,Full,SWU
M0SWV,Available,Full,SWV
M0SWX,Available,Full,SWX
M0SWY,Available,Full,SWY
M0SXA,Available,Full,SXA
M0SXB,Available,Full,SXB
M0SXC,Available,Full,SXC
M0SXE,Available,Full,SXE
M0SXF,Available,Full,SXF
M0SXG,Available,Full,SXG
M0SXI,Available,Full,SXI
M0SXJ,Available,Full,SXJ
M0SXK,Available,Full,SXK
M0SXL,Available,Full,SXL
M0SXM,Available,Full,SXM
M0SXN,Available,Full,SXN
M0SXO,Available,Full,SXO
M0SXQ,Available,Full,SXQ
M0SXR,Available,Full,SXR
M0SXS,Available,Full,SXS
M0SXT,Available,Full,SXT
M0SXU,Available,Full,SXU
M0SXV,Available,Full,SXV
M0SXW,Available,Full,SXW
M0SXX,Available,Full,SXX
M0SYA,Available,Full,SYA
M0SYB,Available,Full,SYB
M0SYE,Available,Full,SYE
M0SYF,Available,Full,SYF
M0SYH,Available,Full,SYH
M0SYK,Available,Full,SYK
M0SYL,Available,Full,SYL
M0SYN,Available,Full,SYN
M0SYQ,Available,Full,SYQ
M0SYS,Available,Full,SYS
M0SYT,Available,Full,SYT
M0SYU,Available,Full,SYU
M0SYV,Available,Full,SYV
M0SYW,Available,Full,SYW
M0SYX,Available,Full,SYX
M0SYZ,Available,Full,SYZ
M0SZA,Available,Full,SZA
M0SZB,Available,Full,SZB
M0SZC,Available,Full,SZC
M0SZE,Available,Full,SZE
M0SZF,Available,Full,SZF
M0SZG,Available,Full,SZG
M0SZH,Available,Full,SZH
M0SZI,Available,Full,SZI
M0SZJ,Available,Full,SZJ
M0SZK,Available,Full,SZK
M0SZL,Available,Full,SZL
M0SZM,Available,Full,SZM
M0SZN,Available,Full,SZN
M0SZO,Available,Full,SZO
M0SZP,Available,Full,SZP
M0SZQ,Available,Full,SZQ
M0SZR,Available,Full,SZR
M0SZS,Available,Full,SZS
M0SZT,Available,Full,SZT
M0SZU,Available,Full,SZU
M0SZV,Available,Full,SZV
M0SZW,Available,Full,SZW
M0SZX,Available,Full,SZX
M0SZY,Available,Full,SZY
M0TBJ,Available,Full,TBJ
M0TBP,Available,Full,TBP
M0TBQ,Available,Full,TBQ
M0TBS,Available,Full,TBS
M0TBT,Available,Full,TBT
M0TBV,Available,Full,TBV
M0TBW,Available,Full,TBW
M0TBZ,Available,Full,TBZ
M0TCD,Available,Full,TCD
M0TCF,Available,Full,TCF
M0TCG,Available,Full,TCG
M0TCH,Available,Full,TCH
M0TCI,Available,Full,TCI
M0TCK,Available,Full,TCK
M0TCN,Available,Full,TCN
M0TCU,Available,Full,TCU
M0TCV,Available,Full,TCV
M0TCY,Available,Full,TCY
M0TCZ,Available,Full,TCZ
M0TDJ,Available,Full,TDJ
M0TDN,Available,Full,TDN
M0TDO,Available,Full,TDO
M0TDR,Available,Full,TDR
M0TDS,Available,Full,TDS
M0TDV,Available,Full,TDV
M0TDY,Available,Full,TDY
M0TDZ,Available,Full,TDZ
M0TEB,Available,Full,TEB
M0TEG,Available,Full,TEG
M0TEJ,Available,Full,TEJ
M0TEO,Available,Full,TEO
M0TEP,Available,Full,TEP
M0TEQ,Available,Full,TEQ
M0TEU,Available,Full,TEU
M0TEV,Available,Full,TEV
M0TEW,Available,Full,TEW
M0TEY,Available,Full,TEY
M0TFA,Available,Full,TFA
M0TFB,Available,Full,TFB
M0TFC,Available,Full,TFC
M0TFE,Available,Full,TFE
M0TFF,Available,Full,TFF
M0TFG,Available,Full,TFG
M0TFI,Available,Full,TFI
M0TFJ,Available,Full,TFJ
M0TFL,Available,Full,TFL
M0TFM,Available,Full,TFM
M0TFP,Available,Full,TFP
M0TFQ,Available,Full,TFQ
M0TFR,Available,Full,TFR
M0TFV,Available,Full,TFV
M0TFW,Available,Full,TFW
M0TFZ,Available,Full,TFZ
M0TGD,Available,Full,TGD
M0TGE,Available,Full,TGE
M0TGF,Available,Full,TGF
M0TGG,Available,Full,TGG
M0TGH,Available,Full,TGH
M0TGI,Available,Full,TGI
M0TGJ,Available,Full,TGJ
M0TGK,Available,Full,TGK
M0TGL,Available,Full,TGL
M0TGP,Available,Full,TGP
M0TGQ,Available,Full,TGQ
M0TGU,Available,Full,TGU
M0TGV,Available,Full,TGV
M0TGY,Available,Full,TGY
M0THC,Available,Full,THC
M0THF,Available,Full,THF
M0THG,Available,Full,THG
M0THH,Available,Full,THH
M0THI,Available,Full,THI
M0THL,Available,Full,THL
M0THO,Available,Full,THO
M0THP,Available,Full,THP
M0THQ,Available,Full,THQ
M0THR,Available,Full,THR
M0THU,Available,Full,THU
M0THV,Available,Full,THV
M0THW,Available,Full,THW
M0TIH,Available,Full,TIH
M0TII,Available,Full,TII
M0TIJ,Available,Full,TIJ
M0TIK,Available,Full,TIK
M0TIO,Available,Full,TIO
M0TIQ,Available,Full,TIQ
M0TIR,Available,Full,TIR
M0TIY,Available,Full,TIY
M0TIZ,Available,Full,TIZ
M0TJA,Available,Full,TJA
M0TJE,Available,Full,TJE
M0TJF,Available,Full,TJF
M0TJI,Available,Full,TJI
M0TJJ,Available,Full,TJJ
M0TJK,Available,Full,TJK
M0TJN,Available,Full,TJN
M0TJO,Available,Full,TJO
M0TJQ,Available,Full,TJQ
M0TJX,Available,Full,TJX
M0TJY,Available,Full,TJY
M0TJZ,Available,Full,TJZ
M0TKB,Available,Full,TKB
M0TKC,Available,Full,TKC
M0TKE,Available,Full,TKE
M0TKF,Available,Full,TKF
M0TKG,Available,Full,TKG
M0TKH,Available,Full,TKH
M0TKI,Available,Full,TKI
M0TKJ,Available,Full,TKJ
M0TKK,Available,Full,TKK
M0TKM,Available,Full,TKM
M0TKN,Available,Full,TKN
M0TKP,Available,Full,TKP
M0TKQ,Available,Full,TKQ
M0TKR,Available,Full,TKR
M0TKU,Available,Full,TKU
M0TKV,Available,Full,TKV
M0TKW,Available,Full,TKW
M0TKY,Available,Full,TKY
M0TLB,Available,Full,TLB
M0TLG,Available,Full,TLG
M0TLH,Available,Full,TLH
M0TLI,Available,Full,TLI
M0TLJ,Available,Full,TLJ
M0TLK,Available,Full,TLK
M0TLL,Available,Full,TLL
M0TLO,Available,Full,TLO
M0TLP,Available,Full,TLP
M0TLQ,Available,Full,TLQ
M0TLS,Available,Full,TLS
M0TLU,Available,Full,TLU
M0TLV,Available,Full,TLV
M0TLW,Available,Full,TLW
M0TLZ,Available,Full,TLZ
M0TMA,Available,Full,TMA
M0TMD,Available,Full,TMD
M0TMP,Available,Full,TMP
M0TMQ,Available,Full,TMQ
M0TMU,Available,Full,TMU
M0TMV,Available,Full,TMV
M0TMY,Available,Full,TMY
M0TMZ,Available,Full,TMZ
M0TNA,Available,Full,TNA
M0TNF,Available,Full,TNF
M0TNH,Available,Full,TNH
M0TNI,Available,Full,TNI
M0TNJ,Available,Full,TNJ
M0TNK,Available,Full,TNK
M0TNM,Available,Full,TNM
M0TNO,Available,Full,TNO
M0TNP,Available,Full,TNP
M0TNQ,Available,Full,TNQ
M0TNU,Available,Full,TNU
M0TNW,Available,Full,TNW
M0TNZ,Available,Full,TNZ
M0TOD,Available,Full,TOD
M0TOF,Available,Full,TOF
M0TOH,Available,Full,TOH
M0TOI,Available,Full,TOI
M0TOJ,Available,Full,TOJ
M0TOK,Available,Full,TOK
M0TOQ,Available,Full,TOQ
M0TOU,Available,Full,TOU
M0TOV,Available,Full,TOV
M0TOZ,Available,Full,TOZ
M0TPA,Available,Full,TPA
M0TPB,Available,Full,TPB
M0TPE,Available,Full,TPE
M0TPF,Available,Full,TPF
M0TPI,Available,Full,TPI
M0TPJ,Available,Full,TPJ
M0TPK,Available,Full,TPK
M0TPL,Available,Full,TPL
M0TPO,Available,Full,TPO
M0TPP,Available,Full,TPP
M0TPQ,Available,Full,TPQ
M0TPR,Available,Full,TPR
M0TPT,Available,Full,TPT
M0TPU,Available,Full,TPU
M0TPV,Available,Full,TPV
M0TPY,Available,Full,TPY
M0TPZ,Available,Full,TPZ
M0TQA,Available,Full,TQA
M0TQB,Available,Full,TQB
M0TQC,Available,Full,TQC
M0TQD,Available,Full,TQD
M0TQE,Available,Full,TQE
M0TQF,Available,Full,TQF
M0TQG,Available,Full,TQG
M0TQI,Available,Full,TQI
M0TQJ,Available,Full,TQJ
M0TQK,Available,Full,TQK
M0TQL,Available,Full,TQL
M0TQN,Available,Full,TQN
M0TQO,Available,Full,TQO
M0TQP,Available,Full,TQP
M0TQQ,Available,Full,TQQ
M0TQS,Available,Full,TQS
M0TQT,Available,Full,TQT
M0TQU,Available,Full,TQU
M0TQW,Available,Full,TQW
M0TQX,Available,Full,TQX
M0TQY,Available,Full,TQY
M0TQZ,Available,Full,TQZ
M0TRD,Available,Full,TRD
M0TRH,Available,Full,TRH
M0TRI,Available,Full,TRI
M0TRJ,Available,Full,TRJ
M0TRM,Available,Full,TRM
M0TRR,Available,Full,TRR
M0TRT,Available,Full,TRT
M0TRU,Available,Full,TRU
M0TRY,Available,Full,TRY
M0TRZ,Available,Full,TRZ
M0TSA,Available,Full,TSA
M0TSI,Available,Full,TSI
M0TSJ,Available,Full,TSJ
M0TSP,Available,Full,TSP
M0TSQ,Available,Full,TSQ
M0TSU,Available,Full,TSU
M0TSV,Available,Full,TSV
M0TSZ,Available,Full,TSZ
M0TTH,Available,Full,TTH
M0TTJ,Available,Full,TTJ
M0TTP,Available,Full,TTP
M0TTQ,Available,Full,TTQ
M0TTS,Available,Full,TTS
M0TTV,Available,Full,TTV
M0TTZ,Available,Full,TTZ
M0TUA,Available,Full,TUA
M0TUC,Available,Full,TUC
M0TUD,Available,Full,TUD
M0TUE,Available,Full,TUE
M0TUF,Available,Full,TUF
M0TUG,Available,Full,TUG
M0TUH,Available,Full,TUH
M0TUI,Available,Full,TUI
M0TUJ,Available,Full,TUJ
M0TUM,Available,Full,TUM
M0TUN,Available,Full,TUN
M0TUO,Available,Full,TUO
M0TUP,Available,Full,TUP
M0TUQ,Available,Full,TUQ
M0TUS,Available,Full,TUS
M0TUU,Available,Full,TUU
M0TUV,Available,Full,TUV
M0TUW,Available,Full,TUW
M0TUY,Available,Full,TUY
M0TUZ,Available,Full,TUZ
M0TVB,Available,Full,TVB
M0TVF,Available,Full,TVF
M0TVH,Available,Full,TVH
M0TVK,Available,Full,TVK
M0TVM,Available,Full,TVM
M0TVN,Available,Full,TVN
M0TVO,Available,Full,TVO
M0TVP,Available,Full,TVP
M0TVQ,Available,Full,TVQ
M0TVS,Available,Full,TVS
M0TVV,Available,Full,TVV
M0TVW,Available,Full,TVW
M0TVX,Available,Full,TVX
M0TVY,Available,Full,TVY
M0TVZ,Available,Full,TVZ
M0TWB,Available,Full,TWB
M0TWD,Available,Full,TWD
M0TWF,Available,Full,TWF
M0TWH,Available,Full,TWH
M0TWJ,Available,Full,TWJ
M0TWM,Available,Full,TWM
M0TWN,Available,Full,TWN
M0TWP,Available,Full,TWP
M0TWQ,Available,Full,TWQ
M0TWU,Available,Full,TWU
M0TWV,Available,Full,TWV
M0TWY,Available,Full,TWY
M0TWZ,Available,Full,TWZ
M0TXA,Available,Full,TXA
M0TXB,Available,Full,TXB
M0TXE,Available,Full,TXE
M0TXF,Available,Full,TXF
M0TXG,Available,Full,TXG
M0TXH,Available,Full,TXH
M0TXJ,Available,Full,TXJ
M0TXK,Available,Full,TXK
M0TXL,Available,Full,TXL
M0TXN,Available,Full,TXN
M0TXP,Available,Full,TXP
M0TXQ,Available,Full,TXQ
M0TXU,Available,Full,TXU
M0TXV,Available,Full,TXV
M0TXW,Available,Full,TXW
M0TXY,Available,Full,TXY
M0TXZ,Available,Full,TXZ
M0TYB,Available,Full,TYB
M0TYC,Available,Full,TYC
M0TYD,Available,Full,TYD
M0TYE,Available,Full,TYE
M0TYF,Available,Full,TYF
M0TYH,Available,Full,TYH
M0TYI,Available,Full,TYI
M0TYJ,Available,Full,TYJ
M0TYP,Available,Full,TYP
M0TYQ,Available,Full,TYQ
M0TYS,Available,Full,TYS
M0TYT,Available,Full,TYT
M0TYU,Available,Full,TYU
M0TYV,Available,Full,TYV
M0TYX,Available,Full,TYX
M0TYY,Available,Full,TYY
M0TYZ,Available,Full,TYZ
M0TZB,Available,Full,TZB
M0TZC,Available,Full,TZC
M0TZD,Available,Full,TZD
M0TZE,Available,Full,TZE
M0TZF,Available,Full,TZF
M0TZG,Available,Full,TZG
M0TZH,Available,Full,TZH
M0TZI,Available,Full,TZI
M0TZJ,Available,Full,TZJ
M0TZK,Available,Full,TZK
M0TZL,Available,Full,TZL
M0TZM,Available,Full,TZM
M0TZN,Available,Full,TZN
M0TZP,Available,Full,TZP
M0TZQ,Available,Full,TZQ
M0TZR,Available,Full,TZR
M0TZS,Available,Full,TZS
M0TZU,Available,Full,TZU
M0TZV,Available,Full,TZV
M0TZW,Available,Full,TZW
M0TZX,Available,Full,TZX
M0TZZ,Available,Full,TZZ
M0UAD,Available,Full,UAD
M0UAE,Available,Full,UAE
M0UAF,Available,Full,UAF
M0UAG,Available,Full,UAG
M0UAH,Available,Full,UAH
M0UAI,Available,Full,UAI
M0UAJ,Available,Full,UAJ
M0UAK,Available,Full,UAK
M0UAM,Available,Full,UAM
M0UAO,Available,Full,UAO
M0UAP,Available,Full,UAP
M0UAQ,Available,Full,UAQ
M0UAR,Available,Full,UAR
M0UAU,Available,Full,UAU
M0UAW,Available,Full,UAW
M0UAX,Available,Full,UAX
M0UAY,Available,Full,UAY
M0UAZ,Available,Full,UAZ
M0UBB,Available,Full,UBB
M0UBC,Available,Full,UBC
M0UBD,Available,Full,UBD
M0UBE,Available,Full,UBE
M0UBF,Available,Full,UBF
M0UBG,Available,Full,UBG
M0UBH,Available,Full,UBH
M0UBI,Available,Full,UBI
M0UBJ,Available,Full,UBJ
M0UBK,Available,Full,UBK
M0UBL,Available,Full,UBL
M0UBM,Available,Full,UBM
M0UBN,Available,Full,UBN
M0UBO,Available,Full,UBO
M0UBP,Available,Full,UBP
M0UBQ,Available,Full,UBQ
M0UBR,Available,Full,UBR
M0UBS,Available,Full,UBS
M0UBT,Available,Full,UBT
M0UBU,Available,Full,UBU
M0UBV,Available,Full,UBV
M0UBW,Available,Full,UBW
M0UBX,Available,Full,UBX
M0UBY,Available,Full,UBY
M0UBZ,Available,Full,UBZ
M0UCA,Available,Full,UCA
M0UCB,Available,Full,UCB
M0UCE,Available,Full,UCE
M0UCF,Available,Full,UCF
M0UCG,Available,Full,UCG
M0UCH,Available,Full,UCH
M0UCI,Available,Full,UCI
M0UCJ,Available,Full,UCJ
M0UCL,Available,Full,UCL
M0UCM,Available,Full,UCM
M0UCN,Available,Full,UCN
M0UCO,Available,Full,UCO
M0UCP,Available,Full,UCP
M0UCR,Available,Full,UCR
M0UCS,Available,Full,UCS
M0UCT,Available,Full,UCT
M0UCU,Available,Full,UCU
M0UCV,Available,Full,UCV
M0UCY,Available,Full,UCY
M0UCZ,Available,Full,UCZ
M0UDB,Available,Full,UDB
M0UDC,Available,Full,UDC
M0UDD,Available,Full,UDD
M0UDE,Available,Full,UDE
M0UDF,Available,Full,UDF
M0UDG,Available,Full,UDG
M0UDH,Available,Full,UDH
M0UDJ,Available,Full,UDJ
M0UDK,Available,Full,UDK
M0UDL,Available,Full,UDL
M0UDM,Available,Full,UDM
M0UDN,Available,Full,UDN
M0UDO,Available,Full,UDO
M0UDP,Available,Full,UDP
M0UDQ,Available,Full,UDQ
M0UDS,Available,Full,UDS
M0UDT,Available,Full,UDT
M0UDU,Available,Full,UDU
M0UDV,Available,Full,UDV
M0UDW,Available,Full,UDW
M0UDY,Available,Full,UDY
M0UDZ,Available,Full,UDZ
M0UEB,Available,Full,UEB
M0UEC,Available,Full,UEC
M0UEE,Available,Full,UEE
M0UEF,Available,Full,UEF
M0UEG,Available,Full,UEG
M0UEH,Available,Full,UEH
M0UEI,Available,Full,UEI
M0UEJ,Available,Full,UEJ
M0UEK,Available,Full,UEK
M0UEL,Available,Full,UEL
M0UEM,Available,Full,UEM
M0UEN,Available,Full,UEN
M0UEO,Available,Full,UEO
M0UEP,Available,Full,UEP
M0UEQ,Available,Full,UEQ
M0UER,Available,Full,UER
M0UES,Available,Full,UES
M0UET,Available,Full,UET
M0UEU,Available,Full,UEU
M0UEV,Available,Full,UEV
M0UEW,Available,Full,UEW
M0UEX,Available,Full,UEX
M0UEY,Available,Full,UEY
M0UFA,Available,Full,UFA
M0UFB,Available,Full,UFB
M0UFD,Available,Full,UFD
M0UFE,Available,Full,UFE
M0UFF,Available,Full,UFF
M0UFG,Available,Full,UFG
M0UFH,Available,Full,UFH
M0UFI,Available,Full,UFI
M0UFJ,Available,Full,UFJ
M0UFK,Available,Full,UFK
M0UFL,Available,Full,UFL
M0UFM,Available,Full,UFM
M0UFN,Available,Full,UFN
M0UFP,Available,Full,UFP
M0UFQ,Available,Full,UFQ
M0UFR,Available,Full,UFR
M0UFS,Available,Full,UFS
M0UFT,Available,Full,UFT
M0UFU,Available,Full,UFU
M0UFV,Available,Full,UFV
M0UFW,Available,Full,UFW
M0UFX,Available,Full,UFX
M0UFY,Available,Full,UFY
M0UFZ,Available,Full,UFZ
M0UGA,Available,Full,UGA
M0UGC,Available,Full,UGC
M0UGE,Available,Full,UGE
M0UGF,Available,Full,UGF
M0UGG,Available,Full,UGG
M0UGI,Available,Full,UGI
M0UGJ,Available,Full,UGJ
M0UGK,Available,Full,UGK
M0UGM,Available,Full,UGM
M0UGN,Available,Full,UGN
M0UGO,Available,Full,UGO
M0UGP,Available,Full,UGP
M0UGQ,Available,Full,UGQ
M0UGS,Available,Full,UGS
M0UGT,Available,Full,UGT
M0UGU,Available,Full,UGU
M0UGV,Available,Full,UGV
M0UGW,Available,Full,UGW
M0UGX,Available,Full,UGX
M0UGY,Available,Full,UGY
M0UGZ,Available,Full,UGZ
M0UHA,Available,Full,UHA
M0UHB,Available,Full,UHB
M0UHC,Available,Full,UHC
M0UHD,Available,Full,UHD
M0UHE,Available,Full,UHE
M0UHG,Available,Full,UHG
M0UHH,Available,Full,UHH
M0UHI,Available,Full,UHI
M0UHJ,Available,Full,UHJ
M0UHK,Available,Full,UHK
M0UHL,Available,Full,UHL
M0UHM,Available,Full,UHM
M0UHN,Available,Full,UHN
M0UHO,Available,Full,UHO
M0UHP,Available,Full,UHP
M0UHQ,Available,Full,UHQ
M0UHR,Available,Full,UHR
M0UHS,Available,Full,UHS
M0UHT,Available,Full,UHT
M0UHU,Available,Full,UHU
M0UHV,Available,Full,UHV
M0UHW,Available,Full,UHW
M0UHX,Available,Full,UHX
M0UHY,Available,Full,UHY
M0UHZ,Available,Full,UHZ
M0UIA,Available,Full,UIA
M0UIB,Available,Full,UIB
M0UIC,Available,Full,UIC
M0UID,Available,Full,UID
M0UIE,Available,Full,UIE
M0UIF,Available,Full,UIF
M0UIH,Available,Full,UIH
M0UII,Available,Full,UII
M0UIJ,Available,Full,UIJ
M0UIK,Available,Full,UIK
M0UIL,Available,Full,UIL
M0UIM,Available,Full,UIM
M0UIN,Available,Full,UIN
M0UIO,Available,Full,UIO
M0UIP,Available,Full,UIP
M0UIQ,Available,Full,UIQ
M0UIR,Available,Full,UIR
M0UIS,Available,Full,UIS
M0UIT,Available,Full,UIT
M0UIU,Available,Full,UIU
M0UIV,Available,Full,UIV
M0UIW,Available,Full,UIW
M0UIX,Available,Full,UIX
M0UIY,Available,Full,UIY
M0UIZ,Available,Full,UIZ
M0UJA,Available,Full,UJA
M0UJB,Available,Full,UJB
M0UJE,Available,Full,UJE
M0UJF,Available,Full,UJF
M0UJG,Available,Full,UJG
M0UJH,Available,Full,UJH
M0UJI,Available,Full,UJI
M0UJJ,Available,Full,UJJ
M0UJK,Available,Full,UJK
M0UJL,Available,Full,UJL
M0UJM,Available,Full,UJM
M0UJN,Available,Full,UJN
M0UJO,Available,Full,UJO
M0UJP,Available,Full,UJP
M0UJQ,Available,Full,UJQ
M0UJR,Available,Full,UJR
M0UJS,Available,Full,UJS
M0UJT,Available,Full,UJT
M0UJU,Available,Full,UJU
M0UJV,Available,Full,UJV
M0UJW,Available,Full,UJW
M0UJX,Available,Full,UJX
M0UJY,Available,Full,UJY
M0UJZ,Available,Full,UJZ
M0UKB,Available,Full,UKB
M0UKE,Available,Full,UKE
M0UKF,Available,Full,UKF
M0UKG,Available,Full,UKG
M0UKH,Available,Full,UKH
M0UKI,Available,Full,UKI
M0UKJ,Available,Full,UKJ
M0UKK,Available,Full,UKK
M0UKL,Available,Full,UKL
M0UKM,Available,Full,UKM
M0UKN,Available,Full,UKN
M0UKO,Available,Full,UKO
M0UKP,Available,Full,UKP
M0UKQ,Available,Full,UKQ
M0UKT,Available,Full,UKT
M0UKU,Available,Full,UKU
M0UKV,Available,Full,UKV
M0UKX,Available,Full,UKX
M0UKY,Available,Full,UKY
M0UKZ,Available,Full,UKZ
M0ULA,Available,Full,ULA
M0ULB,Available,Full,ULB
M0ULG,Available,Full,ULG
M0ULH,Available,Full,ULH
M0ULI,Available,Full,ULI
M0ULJ,Available,Full,ULJ
M0ULK,Available,Full,ULK
M0ULL,Available,Full,ULL
M0ULM,Available,Full,ULM
M0ULN,Available,Full,ULN
M0ULO,Available,Full,ULO
M0ULP,Available,Full,ULP
M0ULQ,Available,Full,ULQ
M0ULU,Available,Full,ULU
M0ULV,Available,Full,ULV
M0ULW,Available,Full,ULW
M0ULX,Available,Full,ULX
M0ULY,Available,Full,ULY
M0ULZ,Available,Full,ULZ
M0UMA,Available,Full,UMA
M0UMB,Available,Full,UMB
M0UMC,Available,Full,UMC
M0UMD,Available,Full,UMD
M0UME,Available,Full,UME
M0UMF,Available,Full,UMF
M0UMG,Available,Full,UMG
M0UMI,Available,Full,UMI
M0UMJ,Available,Full,UMJ
M0UMK,Available,Full,UMK
M0UML,Available,Full,UML
M0UMM,Available,Full,UMM
M0UMN,Available,Full,UMN
M0UMO,Available,Full,UMO
M0UMP,Available,Full,UMP
M0UMQ,Available,Full,UMQ
M0UMR,Available,Full,UMR
M0UMS,Available,Full,UMS
M0UMT,Available,Full,UMT
M0UMU,Available,Full,UMU
M0UMV,Available,Full,UMV
M0UMW,Available,Full,UMW
M0UMX,Available,Full,UMX
M0UMY,Available,Full,UMY
M0UMZ,Available,Full,UMZ
M0UNB,Available,Full,UNB
M0UNE,Available,Full,UNE
M0UNH,Available,Full,UNH
M0UNK,Available,Full,UNK
M0UNL,Available,Full,UNL
M0UNM,Available,Full,UNM
M0UNO,Available,Full,UNO
M0UNP,Available,Full,UNP
M0UNQ,Available,Full,UNQ
M0UNR,Available,Full,UNR
M0UNS,Available,Full,UNS
M0UNU,Available,Full,UNU
M0UNV,Available,Full,UNV
M0UNW,Available,Full,UNW
M0UNX,Available,Full,UNX
M0UNY,Available,Full,UNY
M0UNZ,Available,Full,UNZ
M0UOA,Available,Full,UOA
M0UOB,Available,Full,UOB
M0UOC,Available,Full,UOC
M0UOD,Available,Full,UOD
M0UOF,Available,Full,UOF
M0UOH,Available,Full,UOH
M0UOI,Available,Full,UOI
M0UOJ,Available,Full,UOJ
M0UOL,Available,Full,UOL
M0UOM,Available,Full,UOM
M0UON,Available,Full,UON
M0UOP,Available,Full,UOP
M0UOQ,Available,Full,UOQ
M0UOR,Available,Full,UOR
M0UOS,Available,Full,UOS
M0UOT,Available,Full,UOT
M0UOU,Available,Full,UOU
M0UOV,Available,Full,UOV
M0UOW,Available,Full,UOW
M0UOX,Available,Full,UOX
M0UOY,Available,Full,UOY
M0UOZ,Available,Full,UOZ
M0UPA,Available,Full,UPA
M0UPB,Available,Full,UPB
M0UPC,Available,Full,UPC
M0UPD,Available,Full,UPD
M0UPE,Available,Full,UPE
M0UPF,Available,Full,UPF
M0UPG,Available,Full,UPG
M0UPI,Available,Full,UPI
M0UPJ,Available,Full,UPJ
M0UPK,Available,Full,UPK
M0UPL,Available,Full,UPL
M0UPM,Available,Full,UPM
M0UPN,Available,Full,UPN
M0UPO,Available,Full,UPO
M0UPP,Available,Full,UPP
M0UPQ,Available,Full,UPQ
M0UPR,Available,Full,UPR
M0UPS,Available,Full,UPS
M0UPT,Available,Full,UPT
M0UPV,Available,Full,UPV
M0UPW,Available,Full,UPW
M0UPX,Available,Full,UPX
M0UPY,Available,Full,UPY
M0UPZ,Available,Full,UPZ
M0UQA,Available,Full,UQA
M0UQB,Available,Full,UQB
M0UQC,Available,Full,UQC
M0UQD,Available,Full,UQD
M0UQE,Available,Full,UQE
M0UQF,Available,Full,UQF
M0UQG,Available,Full,UQG
M0UQH,Available,Full,UQH
M0UQI,Available,Full,UQI
M0UQJ,Available,Full,UQJ
M0UQK,Available,Full,UQK
M0UQL,Available,Full,UQL
M0UQM,Available,Full,UQM
M0UQN,Available,Full,UQN
M0UQO,Available,Full,UQO
M0UQP,Available,Full,UQP
M0UQQ,Available,Full,UQQ
M0UQR,Available,Full,UQR
M0UQS,Available,Full,UQS
M0UQT,Available,Full,UQT
M0UQU,Available,Full,UQU
M0UQV,Available,Full,UQV
M0UQW,Available,Full,UQW
M0UQX,Available,Full,UQX
M0UQY,Available,Full,UQY
M0UQZ,Available,Full,UQZ
M0URA,Available,Full,URA
M0URB,Available,Full,URB
M0URC,Available,Full,URC
M0URD,Available,Full,URD
M0URE,Available,Full,URE
M0URF,Available,Full,URF
M0URG,Available,Full,URG
M0URH,Available,Full,URH
M0URI,Available,Full,URI
M0URK,Available,Full,URK
M0URL,Available,Full,URL
M0URM,Available,Full,URM
M0URO,Available,Full,URO
M0URP,Available,Full,URP
M0URQ,Available,Full,URQ
M0URR,Available,Full,URR
M0URS,Available,Full,URS
M0URT,Available,Full,URT
M0URU,Available,Full,URU
M0URV,Available,Full,URV
M0URW,Available,Full,URW
M0URY,Available,Full,URY
M0URZ,Available,Full,URZ
M0USC,Available,Full,USC
M0USF,Available,Full,USF
M0USG,Available,Full,USG
M0USI,Available,Full,USI
M0USJ,Available,Full,USJ
M0USL,Available,Full,USL
M0USM,Available,Full,USM
M0USN,Available,Full,USN
M0USO,Available,Full,USO
M0USP,Available,Full,USP
M0USQ,Available,Full,USQ
M0USS,Available,Full,USS
M0USW,Available,Full,USW
M0USX,Available,Full,USX
M0USZ,Available,Full,USZ
M0UTB,Available,Full,UTB
M0UTF,Available,Full,UTF
M0UTI,Available,Full,UTI
M0UTJ,Available,Full,UTJ
M0UTK,Available,Full,UTK
M0UTL,Available,Full,UTL
M0UTM,Available,Full,UTM
M0UTN,Available,Full,UTN
M0UTO,Available,Full,UTO
M0UTP,Available,Full,UTP
M0UTQ,Available,Full,UTQ
M0UTR,Available,Full,UTR
M0UTS,Available,Full,UTS
M0UTT,Available,Full,UTT
M0UTU,Available,Full,UTU
M0UTV,Available,Full,UTV
M0UTW,Available,Full,UTW
M0UTZ,Available,Full,UTZ
M0UUA,Available,Full,UUA
M0UUB,Available,Full,UUB
M0UUC,Available,Full,UUC
M0UUD,Available,Full,UUD
M0UUE,Available,Full,UUE
M0UUF,Available,Full,UUF
M0UUG,Available,Full,UUG
M0UUH,Available,Full,UUH
M0UUI,Available,Full,UUI
M0UUJ,Available,Full,UUJ
M0UUL,Available,Full,UUL
M0UUM,Available,Full,UUM
M0UUN,Available,Full,UUN
M0UUO,Available,Full,UUO
M0UUP,Available,Full,UUP
M0UUQ,Available,Full,UUQ
M0UUR,Available,Full,UUR
M0UUS,Available,Full,UUS
M0UUT,Available,Full,UUT
M0UUV,Available,Full,UUV
M0UUW,Available,Full,UUW
M0UUX,Available,Full,UUX
M0UUY,Available,Full,UUY
M0UUZ,Available,Full,UUZ
M0UVB,Available,Full,UVB
M0UVC,Available,Full,UVC
M0UVD,Available,Full,UVD
M0UVE,Available,Full,UVE
M0UVF,Available,Full,UVF
M0UVG,Available,Full,UVG
M0UVH,Available,Full,UVH
M0UVI,Available,Full,UVI
M0UVJ,Available,Full,UVJ
M0UVL,Available,Full,UVL
M0UVM,Available,Full,UVM
M0UVN,Available,Full,UVN
M0UVO,Available,Full,UVO
M0UVP,Available,Full,UVP
M0UVQ,Available,Full,UVQ
M0UVR,Available,Full,UVR
M0UVS,Available,Full,UVS
M0UVT,Available,Full,UVT
M0UVU,Available,Full,UVU
M0UVV,Available,Full,UVV
M0UVW,Available,Full,UVW
M0UVX,Available,Full,UVX
M0UVY,Available,Full,UVY
M0UVZ,Available,Full,UVZ
M0UWA,Available,Full,UWA
M0UWB,Available,Full,UWB
M0UWC,Available,Full,UWC
M0UWE,Available,Full,UWE
M0UWF,Available,Full,UWF
M0UWG,Available,Full,UWG
M0UWH,Available,Full,UWH
M0UWI,Available,Full,UWI
M0UWJ,Available,Full,UWJ
M0UWK,Available,Full,UWK
M0UWL,Available,Full,UWL
M0UWM,Available,Full,UWM
M0UWN,Available,Full,UWN
M0UWO,Available,Full,UWO
M0UWP,Available,Full,UWP
M0UWQ,Available,Full,UWQ
M0UWR,Available,Full,UWR
M0UWT,Available,Full,UWT
M0UWV,Available,Full,UWV
M0UWW,Available,Full,UWW
M0UWX,Available,Full,UWX
M0UWY,Available,Full,UWY
M0UWZ,Available,Full,UWZ
M0UXA,Available,Full,UXA
M0UXC,Available,Full,UXC
M0UXD,Available,Full,UXD
M0UXF,Available,Full,UXF
M0UXG,Available,Full,UXG
M0UXI,Available,Full,UXI
M0UXJ,Available,Full,UXJ
M0UXK,Available,Full,UXK
M0UXL,Available,Full,UXL
M0UXM,Available,Full,UXM
M0UXN,Available,Full,UXN
M0UXO,Available,Full,UXO
M0UXP,Available,Full,UXP
M0UXQ,Available,Full,UXQ
M0UXR,Available,Full,UXR
M0UXT,Available,Full,UXT
M0UXU,Available,Full,UXU
M0UXV,Available,Full,UXV
M0UXW,Available,Full,UXW
M0UXX,Available,Full,UXX
M0UXY,Available,Full,UXY
M0UXZ,Available,Full,UXZ
M0UYA,Available,Full,UYA
M0UYB,Available,Full,UYB
M0UYC,Available,Full,UYC
M0UYE,Available,Full,UYE
M0UYF,Available,Full,UYF
M0UYG,Available,Full,UYG
M0UYH,Available,Full,UYH
M0UYI,Available,Full,UYI
M0UYJ,Available,Full,UYJ
M0UYK,Available,Full,UYK
M0UYL,Available,Full,UYL
M0UYM,Available,Full,UYM
M0UYN,Available,Full,UYN
M0UYO,Available,Full,UYO
M0UYP,Available,Full,UYP
M0UYQ,Available,Full,UYQ
M0UYS,Available,Full,UYS
M0UYT,Available,Full,UYT
M0UYU,Available,Full,UYU
M0UYV,Available,Full,UYV
M0UYW,Available,Full,UYW
M0UYX,Available,Full,UYX
M0UYY,Available,Full,UYY
M0UYZ,Available,Full,UYZ
M0UZA,Available,Full,UZA
M0UZB,Available,Full,UZB
M0UZC,Available,Full,UZC
M0UZD,Available,Full,UZD
M0UZE,Available,Full,UZE
M0UZF,Available,Full,UZF
M0UZG,Available,Full,UZG
M0UZH,Available,Full,UZH
M0UZI,Available,Full,UZI
M0UZJ,Available,Full,UZJ
M0UZK,Available,Full,UZK
M0UZL,Available,Full,UZL
M0UZM,Available,Full,UZM
M0UZN,Available,Full,UZN
M0UZP,Available,Full,UZP
M0UZQ,Available,Full,UZQ
M0UZR,Available,Full,UZR
M0UZS,Available,Full,UZS
M0UZT,Available,Full,UZT
M0UZU,Available,Full,UZU
M0UZV,Available,Full,UZV
M0UZW,Available,Full,UZW
M0UZX,Available,Full,UZX
M0UZY,Available,Full,UZY
M0UZZ,Available,Full,UZZ
M0VAF,Available,Full,VAF
M0VAH,Available,Full,VAH
M0VAJ,Available,Full,VAJ
M0VAK,Available,Full,VAK
M0VAO,Available,Full,VAO
M0VAP,Available,Full,VAP
M0VAQ,Available,Full,VAQ
M0VAR,Available,Full,VAR
M0VAV,Available,Full,VAV
M0VAY,Available,Full,VAY
M0VAZ,Available,Full,VAZ
M0VBA,Available,Full,VBA
M0VBB,Available,Full,VBB
M0VBC,Available,Full,VBC
M0VBE,Available,Full,VBE
M0VBF,Available,Full,VBF
M0VBG,Available,Full,VBG
M0VBH,Available,Full,VBH
M0VBI,Available,Full,VBI
M0VBJ,Available,Full,VBJ
M0VBK,Available,Full,VBK
M0VBL,Available,Full,VBL
M0VBM,Available,Full,VBM
M0VBN,Available,Full,VBN
M0VBO,Available,Full,VBO
M0VBP,Available,Full,VBP
M0VBQ,Available,Full,VBQ
M0VBS,Available,Full,VBS
M0VBT,Available,Full,VBT
M0VBU,Available,Full,VBU
M0VBV,Available,Full,VBV
M0VBW,Available,Full,VBW
M0VBX,Available,Full,VBX
M0VBZ,Available,Full,VBZ
M0VCB,Available,Full,VCB
M0VCI,Available,Full,VCI
M0VCJ,Available,Full,VCJ
M0VCK,Available,Full,VCK
M0VCL,Available,Full,VCL
M0VCN,Available,Full,VCN
M0VCP,Available,Full,VCP
M0VCQ,Available,Full,VCQ
M0VCT,Available,Full,VCT
M0VCU,Available,Full,VCU
M0VCV,Available,Full,VCV
M0VCX,Available,Full,VCX
M0VCY,Available,Full,VCY
M0VCZ,Available,Full,VCZ
M0VDD,Available,Full,VDD
M0VDE,Available,Full,VDE
M0VDF,Available,Full,VDF
M0VDG,Available,Full,VDG
M0VDH,Available,Full,VDH
M0VDI,Available,Full,VDI
M0VDJ,Available,Full,VDJ
M0VDK,Available,Full,VDK
M0VDL,Available,Full,VDL
M0VDN,Available,Full,VDN
M0VDO,Available,Full,VDO
M0VDP,Available,Full,VDP
M0VDQ,Available,Full,VDQ
M0VDR,Available,Full,VDR
M0VDS,Available,Full,VDS
M0VDT,Available,Full,VDT
M0VDU,Available,Full,VDU
M0VDV,Available,Full,VDV
M0VDW,Available,Full,VDW
M0VDY,Available,Full,VDY
M0VDZ,Available,Full,VDZ
M0VEA,Available,Full,VEA
M0VEB,Available,Full,VEB
M0VEC,Available,Full,VEC
M0VEF,Available,Full,VEF
M0VEH,Available,Full,VEH
M0VEI,Available,Full,VEI
M0VEJ,Available,Full,VEJ
M0VEK,Available,Full,VEK
M0VEL,Available,Full,VEL
M0VEM,Available,Full,VEM
M0VEN,Available,Full,VEN
M0VEO,Available,Full,VEO
M0VEP,Available,Full,VEP
M0VEQ,Available,Full,VEQ
M0VEU,Available,Full,VEU
M0VEW,Available,Full,VEW
M0VEX,Available,Full,VEX
M0VEZ,Available,Full,VEZ
M0VFA,Available,Full,VFA
M0VFB,Available,Full,VFB
M0VFD,Available,Full,VFD
M0VFE,Available,Full,VFE
M0VFF,Available,Full,VFF
M0VFH,Available,Full,VFH
M0VFI,Available,Full,VFI
M0VFJ,Available,Full,VFJ
M0VFK,Available,Full,VFK
M0VFL,Available,Full,VFL
M0VFM,Available,Full,VFM
M0VFN,Available,Full,VFN
M0VFP,Available,Full,VFP
M0VFQ,Available,Full,VFQ
M0VFS,Available,Full,VFS
M0VFT,Available,Full,VFT
M0VFV,Available,Full,VFV
M0VFX,Available,Full,VFX
M0VFY,Available,Full,VFY
M0VFZ,Available,Full,VFZ
M0VGA,Available,Full,VGA
M0VGB,Available,Full,VGB
M0VGD,Available,Full,VGD
M0VGE,Available,Full,VGE
M0VGF,Available,Full,VGF
M0VGI,Available,Full,VGI
M0VGJ,Available,Full,VGJ
M0VGK,Available,Full,VGK
M0VGL,Available,Full,VGL
M0VGM,Available,Full,VGM
M0VGN,Available,Full,VGN
M0VGO,Available,Full,VGO
M0VGQ,Available,Full,VGQ
M0VGR,Available,Full,VGR
M0VGS,Available,Full,VGS
M0VGT,Available,Full,VGT
M0VGU,Available,Full,VGU
M0VGV,Available,Full,VGV
M0VGW,Available,Full,VGW
M0VGX,Available,Full,VGX
M0VGY,Available,Full,VGY
M0VGZ,Available,Full,VGZ
M0VHA,Available,Full,VHA
M0VHB,Available,Full,VHB
M0VHC,Available,Full,VHC
M0VHD,Available,Full,VHD
M0VHE,Available,Full,VHE
M0VHH,Available,Full,VHH
M0VHI,Available,Full,VHI
M0VHJ,Available,Full,VHJ
M0VHK,Available,Full,VHK
M0VHL,Available,Full,VHL
M0VHM,Available,Full,VHM
M0VHN,Available,Full,VHN
M0VHO,Available,Full,VHO
M0VHP,Available,Full,VHP
M0VHQ,Available,Full,VHQ
M0VHR,Available,Full,VHR
M0VHS,Available,Full,VHS
M0VHT,Available,Full,VHT
M0VHU,Available,Full,VHU
M0VHV,Available,Full,VHV
M0VHW,Available,Full,VHW
M0VHX,Available,Full,VHX
M0VHY,Available,Full,VHY
M0VHZ,Available,Full,VHZ
M0VIA,Available,Full,VIA
M0VIB,Available,Full,VIB
M0VID,Available,Full,VID
M0VIF,Available,Full,VIF
M0VIH,Available,Full,VIH
M0VII,Available,Full,VII
M0VIJ,Available,Full,VIJ
M0VIK,Available,Full,VIK
M0VIO,Available,Full,VIO
M0VIQ,Available,Full,VIQ
M0VIS,Available,Full,VIS
M0VIT,Available,Full,VIT
M0VIU,Available,Full,VIU
M0VIV,Available,Full,VIV
M0VIW,Available,Full,VIW
M0VIY,Available,Full,VIY
M0VJA,Available,Full,VJA
M0VJB,Available,Full,VJB
M0VJC,Available,Full,VJC
M0VJD,Available,Full,VJD
M0VJE,Available,Full,VJE
M0VJF,Available,Full,VJF
M0VJG,Available,Full,VJG
M0VJH,Available,Full,VJH
M0VJI,Available,Full,VJI
M0VJJ,Available,Full,VJJ
M0VJK,Available,Full,VJK
M0VJM,Available,Full,VJM
M0VJN,Available,Full,VJN
M0VJO,Available,Full,VJO
M0VJP,Available,Full,VJP
M0VJQ,Available,Full,VJQ
M0VJR,Available,Full,VJR
M0VJS,Available,Full,VJS
M0VJT,Available,Full,VJT
M0VJU,Available,Full,VJU
M0VJV,Available,Full,VJV
M0VJW,Available,Full,VJW
M0VJX,Available,Full,VJX
M0VJY,Available,Full,VJY
M0VJZ,Available,Full,VJZ
M0VKA,Available,Full,VKA
M0VKB,Available,Full,VKB
M0VKE,Available,Full,VKE
M0VKF,Available,Full,VKF
M0VKI,Available,Full,VKI
M0VKJ,Available,Full,VKJ
M0VKK,Available,Full,VKK
M0VKL,Available,Full,VKL
M0VKM,Available,Full,VKM
M0VKN,Available,Full,VKN
M0VKP,Available,Full,VKP
M0VKQ,Available,Full,VKQ
M0VKR,Available,Full,VKR
M0VKT,Available,Full,VKT
M0VKU,Available,Full,VKU
M0VKW,Available,Full,VKW
M0VKZ,Available,Full,VKZ
M0VLB,Available,Full,VLB
M0VLD,Available,Full,VLD
M0VLE,Available,Full,VLE
M0VLG,Available,Full,VLG
M0VLH,Available,Full,VLH
M0VLJ,Available,Full,VLJ
M0VLK,Available,Full,VLK
M0VLM,Available,Full,VLM
M0VLN,Available,Full,VLN
M0VLO,Available,Full,VLO
M0VLQ,Available,Full,VLQ
M0VLR,Available,Full,VLR
M0VLS,Available,Full,VLS
M0VLU,Available,Full,VLU
M0VLV,Available,Full,VLV
M0VLW,Available,Full,VLW
M0VLX,Available,Full,VLX
M0VLY,Available,Full,VLY
M0VLZ,Available,Full,VLZ
M0VMA,Available,Full,VMA
M0VMB,Available,Full,VMB
M0VME,Available,Full,VME
M0VMF,Available,Full,VMF
M0VMG,Available,Full,VMG
M0VMI,Available,Full,VMI
M0VMJ,Available,Full,VMJ
M0VMK,Available,Full,VMK
M0VML,Available,Full,VML
M0VMM,Available,Full,VMM
M0VMN,Available,Full,VMN
M0VMO,Available,Full,VMO
M0VMQ,Available,Full,VMQ
M0VMR,Available,Full,VMR
M0VMS,Available,Full,VMS
M0VMT,Available,Full,VMT
M0VMU,Available,Full,VMU
M0VMV,Available,Full,VMV
M0VMX,Available,Full,VMX
M0VMY,Available,Full,VMY
M0VMZ,Available,Full,VMZ
M0VNA,Available,Full,VNA
M0VNB,Available,Full,VNB
M0VNC,Available,Full,VNC
M0VND,Available,Full,VND
M0VNF,Available,Full,VNF
M0VNH,Available,Full,VNH
M0VNI,Available,Full,VNI
M0VNJ,Available,Full,VNJ
M0VNL,Available,Full,VNL
M0VNM,Available,Full,VNM
M0VNN,Available,Full,VNN
M0VNP,Available,Full,VNP
M0VNQ,Available,Full,VNQ
M0VNR,Available,Full,VNR
M0VNS,Available,Full,VNS
M0VNT,Available,Full,VNT
M0VNU,Available,Full,VNU
M0VNV,Available,Full,VNV
M0VNW,Available,Full,VNW
M0VNX,Available,Full,VNX
M0VNY,Available,Full,VNY
M0VNZ,Available,Full,VNZ
M0VOB,Available,Full,VOB
M0VOE,Available,Full,VOE
M0VOF,Available,Full,VOF
M0VOH,Available,Full,VOH
M0VOI,Available,Full,VOI
M0VOJ,Available,Full,VOJ
M0VON,Available,Full,VON
M0VOO,Available,Full,VOO
M0VOQ,Available,Full,VOQ
M0VOR,Available,Full,VOR
M0VOT,Available,Full,VOT
M0VOU,Available,Full,VOU
M0VOV,Available,Full,VOV
M0VOW,Available,Full,VOW
M0VOY,Available,Full,VOY
M0VOZ,Available,Full,VOZ
M0VPA,Available,Full,VPA
M0VPB,Available,Full,VPB
M0VPC,Available,Full,VPC
M0VPD,Available,Full,VPD
M0VPF,Available,Full,VPF
M0VPH,Available,Full,VPH
M0VPI,Available,Full,VPI
M0VPJ,Available,Full,VPJ
M0VPM,Available,Full,VPM
M0VPN,Available,Full,VPN
M0VPO,Available,Full,VPO
M0VPP,Available,Full,VPP
M0VPQ,Available,Full,VPQ
M0VPS,Available,Full,VPS
M0VPT,Available,Full,VPT
M0VPU,Available,Full,VPU
M0VPV,Available,Full,VPV
M0VPW,Available,Full,VPW
M0VPX,Available,Full,VPX
M0VPY,Available,Full,VPY
M0VPZ,Available,Full,VPZ
M0VQA,Available,Full,VQA
M0VQB,Available,Full,VQB
M0VQC,Available,Full,VQC
M0VQD,Available,Full,VQD
M0VQE,Available,Full,VQE
M0VQF,Available,Full,VQF
M0VQG,Available,Full,VQG
M0VQH,Available,Full,VQH
M0VQI,Available,Full,VQI
M0VQK,Available,Full,VQK
M0VQL,Available,Full,VQL
M0VQM,Available,Full,VQM
M0VQN,Available,Full,VQN
M0VQO,Available,Full,VQO
M0VQQ,Available,Full,VQQ
M0VQR,Available,Full,VQR
M0VQS,Available,Full,VQS
M0VQT,Available,Full,VQT
M0VQU,Available,Full,VQU
M0VQV,Available,Full,VQV
M0VQW,Available,Full,VQW
M0VQX,Available,Full,VQX
M0VQY,Available,Full,VQY
M0VQZ,Available,Full,VQZ
M0VRC,Available,Full,VRC
M0VRD,Available,Full,VRD
M0VRE,Available,Full,VRE
M0VRG,Available,Full,VRG
M0VRH,Available,Full,VRH
M0VRI,Available,Full,VRI
M0VRJ,Available,Full,VRJ
M0VRM,Available,Full,VRM
M0VRN,Available,Full,VRN
M0VRP,Available,Full,VRP
M0VRU,Available,Full,VRU
M0VRV,Available,Full,VRV
M0VRW,Available,Full,VRW
M0VRX,Available,Full,VRX
M0VRY,Available,Full,VRY
M0VRZ,Available,Full,VRZ
M0VSA,Available,Full,VSA
M0VSB,Available,Full,VSB
M0VSC,Available,Full,VSC
M0VSD,Available,Full,VSD
M0VSE,Available,Full,VSE
M0VSF,Available,Full,VSF
M0VSH,Available,Full,VSH
M0VSI,Available,Full,VSI
M0VSJ,Available,Full,VSJ
M0VSK,Available,Full,VSK
M0VSL,Available,Full,VSL
M0VSM,Available,Full,VSM
M0VSN,Available,Full,VSN
M0VSO,Available,Full,VSO
M0VSS,Available,Full,VSS
M0VSW,Available,Full,VSW
M0VSX,Available,Full,VSX
M0VSY,Available,Full,VSY
M0VSZ,Available,Full,VSZ
M0VTA,Available,Full,VTA
M0VTB,Available,Full,VTB
M0VTC,Available,Full,VTC
M0VTD,Available,Full,VTD
M0VTE,Available,Full,VTE
M0VTH,Available,Full,VTH
M0VTI,Available,Full,VTI
M0VTL,Available,Full,VTL
M0VTN,Available,Full,VTN
M0VTO,Available,Full,VTO
M0VTP,Available,Full,VTP
M0VTQ,Available,Full,VTQ
M0VTT,Available,Full,VTT
M0VTU,Available,Full,VTU
M0VTW,Available,Full,VTW
M0VTY,Available,Full,VTY
M0VUA,Available,Full,VUA
M0VUB,Available,Full,VUB
M0VUC,Available,Full,VUC
M0VUD,Available,Full,VUD
M0VUE,Available,Full,VUE
M0VUF,Available,Full,VUF
M0VUG,Available,Full,VUG
M0VUH,Available,Full,VUH
M0VUI,Available,Full,VUI
M0VUJ,Available,Full,VUJ
M0VUK,Available,Full,VUK
M0VUL,Available,Full,VUL
M0VUM,Available,Full,VUM
M0VUN,Available,Full,VUN
M0VUO,Available,Full,VUO
M0VUP,Available,Full,VUP
M0VUQ,Available,Full,VUQ
M0VUR,Available,Full,VUR
M0VUS,Available,Full,VUS
M0VUT,Available,Full,VUT
M0VUU,Available,Full,VUU
M0VUW,Available,Full,VUW
M0VUX,Available,Full,VUX
M0VUY,Available,Full,VUY
M0VUZ,Available,Full,VUZ
M0VVA,Available,Full,VVA
M0VVB,Available,Full,VVB
M0VVD,Available,Full,VVD
M0VVE,Available,Full,VVE
M0VVH,Available,Full,VVH
M0VVI,Available,Full,VVI
M0VVJ,Available,Full,VVJ
M0VVK,Available,Full,VVK
M0VVL,Available,Full,VVL
M0VVN,Available,Full,VVN
M0VVP,Available,Full,VVP
M0VVU,Available,Full,VVU
M0VVW,Available,Full,VVW
M0VVX,Available,Full,VVX
M0VVY,Available,Full,VVY
M0VWA,Available,Full,VWA
M0VWB,Available,Full,VWB
M0VWD,Available,Full,VWD
M0VWE,Available,Full,VWE
M0VWF,Available,Full,VWF
M0VWI,Available,Full,VWI
M0VWJ,Available,Full,VWJ
M0VWL,Available,Full,VWL
M0VWM,Available,Full,VWM
M0VWN,Available,Full,VWN
M0VWO,Available,Full,VWO
M0VWP,Available,Full,VWP
M0VWQ,Available,Full,VWQ
M0VWT,Available,Full,VWT
M0VWU,Available,Full,VWU
M0VWV,Available,Full,VWV
M0VWX,Available,Full,VWX
M0VWY,Available,Full,VWY
M0VWZ,Available,Full,VWZ
M0VXB,Available,Full,VXB
M0VXC,Available,Full,VXC
M0VXD,Available,Full,VXD
M0VXE,Available,Full,VXE
M0VXF,Available,Full,VXF
M0VXG,Available,Full,VXG
M0VXH,Available,Full,VXH
M0VXI,Available,Full,VXI
M0VXJ,Available,Full,VXJ
M0VXL,Available,Full,VXL
M0VXM,Available,Full,VXM
M0VXN,Available,Full,VXN
M0VXP,Available,Full,VXP
M0VXQ,Available,Full,VXQ
M0VXR,Available,Full,VXR
M0VXS,Available,Full,VXS
M0VXT,Available,Full,VXT
M0VXU,Available,Full,VXU
M0VXV,Available,Full,VXV
M0VXW,Available,Full,VXW
M0VXY,Available,Full,VXY
M0VXZ,Available,Full,VXZ
M0VYA,Available,Full,VYA
M0VYB,Available,Full,VYB
M0VYD,Available,Full,VYD
M0VYE,Available,Full,VYE
M0VYF,Available,Full,VYF
M0VYG,Available,Full,VYG
M0VYH,Available,Full,VYH
M0VYI,Available,Full,VYI
M0VYJ,Available,Full,VYJ
M0VYK,Available,Full,VYK
M0VYL,Available,Full,VYL
M0VYM,Available,Full,VYM
M0VYN,Available,Full,VYN
M0VYO,Available,Full,VYO
M0VYP,Available,Full,VYP
M0VYQ,Available,Full,VYQ
M0VYR,Available,Full,VYR
M0VYS,Available,Full,VYS
M0VYT,Available,Full,VYT
M0VYU,Available,Full,VYU
M0VYV,Available,Full,VYV
M0VYX,Available,Full,VYX
M0VYY,Available,Full,VYY
M0VYZ,Available,Full,VYZ
M0VZA,Available,Full,VZA
M0VZB,Available,Full,VZB
M0VZC,Available,Full,VZC
M0VZD,Available,Full,VZD
M0VZE,Available,Full,VZE
M0VZF,Available,Full,VZF
M0VZG,Available,Full,VZG
M0VZH,Available,Full,VZH
M0VZI,Available,Full,VZI
M0VZJ,Available,Full,VZJ
M0VZK,Available,Full,VZK
M0VZL,Available,Full,VZL
M0VZM,Available,Full,VZM
M0VZN,Available,Full,VZN
M0VZO,Available,Full,VZO
M0VZP,Available,Full,VZP
M0VZQ,Available,Full,VZQ
M0VZU,Available,Full,VZU
M0VZV,Available,Full,VZV
M0VZW,Available,Full,VZW
M0VZX,Available,Full,VZX
M0VZY,Available,Full,VZY
M0VZZ,Available,Full,VZZ
M0WBE,Available,Full,WBE
M0WBF,Available,Full,WBF
M0WBI,Available,Full,WBI
M0WBK,Available,Full,WBK
M0WBL,Available,Full,WBL
M0WBM,Available,Full,WBM
M0WBO,Available,Full,WBO
M0WBP,Available,Full,WBP
M0WBQ,Available,Full,WBQ
M0WBU,Available,Full,WBU
M0WBV,Available,Full,WBV
M0WBW,Available,Full,WBW
M0WBZ,Available,Full,WBZ
M0WCA,Available,Full,WCA
M0WCC,Available,Full,WCC
M0WCD,Available,Full,WCD
M0WCE,Available,Full,WCE
M0WCF,Available,Full,WCF
M0WCH,Available,Full,WCH
M0WCI,Available,Full,WCI
M0WCJ,Available,Full,WCJ
M0WCK,Available,Full,WCK
M0WCN,Available,Full,WCN
M0WCO,Available,Full,WCO
M0WCP,Available,Full,WCP
M0WCU,Available,Full,WCU
M0WCV,Available,Full,WCV
M0WCW,Available,Full,WCW
M0WCX,Available,Full,WCX
M0WCZ,Available,Full,WCZ
M0WDD,Available,Full,WDD
M0WDF,Available,Full,WDF
M0WDH,Available,Full,WDH
M0WDI,Available,Full,WDI
M0WDK,Available,Full,WDK
M0WDM,Available,Full,WDM
M0WDN,Available,Full,WDN
M0WDO,Available,Full,WDO
M0WDQ,Available,Full,WDQ
M0WDR,Available,Full,WDR
M0WDS,Available,Full,WDS
M0WDT,Available,Full,WDT
M0WDV,Available,Full,WDV
M0WDW,Available,Full,WDW
M0WDY,Available,Full,WDY
M0WEA,Available,Full,WEA
M0WEC,Available,Full,WEC
M0WEF,Available,Full,WEF
M0WEG,Available,Full,WEG
M0WEH,Available,Full,WEH
M0WEJ,Available,Full,WEJ
M0WEO,Available,Full,WEO
M0WEP,Available,Full,WEP
M0WEQ,Available,Full,WEQ
M0WES,Available,Full,WES
M0WEU,Available,Full,WEU
M0WEW,Available,Full,WEW
M0WEX,Available,Full,WEX
M0WEY,Available,Full,WEY
M0WEZ,Available,Full,WEZ
M0WFB,Available,Full,WFB
M0WFC,Available,Full,WFC
M0WFD,Available,Full,WFD
M0WFE,Available,Full,WFE
M0WFF,Available,Full,WFF
M0WFG,Available,Full,WFG
M0WFH,Available,Full,WFH
M0WFI,Available,Full,WFI
M0WFJ,Available,Full,WFJ
M0WFL,Available,Full,WFL
M0WFO,Available,Full,WFO
M0WFP,Available,Full,WFP
M0WFQ,Available,Full,WFQ
M0WFR,Available,Full,WFR
M0WFS,Available,Full,WFS
M0WFT,Available,Full,WFT
M0WFU,Available,Full,WFU
M0WFV,Available,Full,WFV
M0WFW,Available,Full,WFW
M0WFY,Available,Full,WFY
M0WFZ,Available,Full,WFZ
M0WGB,Available,Full,WGB
M0WGC,Available,Full,WGC
M0WGD,Available,Full,WGD
M0WGE,Available,Full,WGE
M0WGF,Available,Full,WGF
M0WGG,Available,Full,WGG
M0WGJ,Available,Full,WGJ
M0WGK,Available,Full,WGK
M0WGP,Available,Full,WGP
M0WGQ,Available,Full,WGQ
M0WGR,Available,Full,WGR
M0WGU,Available,Full,WGU
M0WGV,Available,Full,WGV
M0WGW,Available,Full,WGW
M0WGX,Available,Full,WGX
M0WGY,Available,Full,WGY
M0WHD,Available,Full,WHD
M0WHE,Available,Full,WHE
M0WHF,Available,Full,WHF
M0WHH,Available,Full,WHH
M0WHI,Available,Full,WHI
M0WHJ,Available,Full,WHJ
M0WHK,Available,Full,WHK
M0WHL,Available,Full,WHL
M0WHM,Available,Full,WHM
M0WHN,Available,Full,WHN
M0WHS,Available,Full,WHS
M0WHT,Available,Full,WHT
M0WHU,Available,Full,WHU
M0WHV,Available,Full,WHV
M0WHX,Available,Full,WHX
M0WHZ,Available,Full,WHZ
M0WIB,Available,Full,WIB
M0WIC,Available,Full,WIC
M0WIE,Available,Full,WIE
M0WIF,Available,Full,WIF
M0WIG,Available,Full,WIG
M0WIH,Available,Full,WIH
M0WII,Available,Full,WII
M0WIJ,Available,Full,WIJ
M0WIM,Available,Full,WIM
M0WIO,Available,Full,WIO
M0WIQ,Available,Full,WIQ
M0WIR,Available,Full,WIR
M0WIT,Available,Full,WIT
M0WIU,Available,Full,WIU
M0WIV,Available,Full,WIV
M0WIW,Available,Full,WIW
M0WIX,Available,Full,WIX
M0WIY,Available,Full,WIY
M0WJA,Available,Full,WJA
M0WJB,Available,Full,WJB
M0WJD,Available,Full,WJD
M0WJE,Available,Full,WJE
M0WJF,Available,Full,WJF
M0WJG,Available,Full,WJG
M0WJH,Available,Full,WJH
M0WJI,Available,Full,WJI
M0WJJ,Available,Full,WJJ
M0WJK,Available,Full,WJK
M0WJL,Available,Full,WJL
M0WJN,Available,Full,WJN
M0WJO,Available,Full,WJO
M0WJP,Available,Full,WJP
M0WJQ,Available,Full,WJQ
M0WJR,Available,Full,WJR
M0WJS,Available,Full,WJS
M0WJU,Available,Full,WJU
M0WJV,Available,Full,WJV
M0WJX,Available,Full,WJX
M0WJZ,Available,Full,WJZ
M0WKA,Available,Full,WKA
M0WKD,Available,Full,WKD
M0WKE,Available,Full,WKE
M0WKF,Available,Full,WKF
M0WKG,Available,Full,WKG
M0WKH,Available,Full,WKH
M0WKI,Available,Full,WKI
M0WKK,Available,Full,WKK
M0WKL,Available,Full,WKL
M0WKM,Available,Full,WKM
M0WKN,Available,Full,WKN
M0WKP,Available,Full,WKP
M0WKQ,Available,Full,WKQ
M0WKS,Available,Full,WKS
M0WKU,Available,Full,WKU
M0WKV,Available,Full,WKV
M0WKW,Available,Full,WKW
M0WKX,Available,Full,WKX
M0WKY,Available,Full,WKY
M0WKZ,Available,Full,WKZ
M0WLB,Available,Full,WLB
M0WLD,Available,Full,WLD
M0WLG,Available,Full,WLG
M0WLH,Available,Full,WLH
M0WLI,Available,Full,WLI
M0WLJ,Available,Full,WLJ
M0WLN,Available,Full,WLN
M0WLO,Available,Full,WLO
M0WLP,Available,Full,WLP
M0WLQ,Available,Full,WLQ
M0WLR,Available,Full,WLR
M0WLT,Available,Full,WLT
M0WLU,Available,Full,WLU
M0WLV,Available,Full,WLV
M0WLW,Available,Full,WLW
M0WLX,Available,Full,WLX
M0WLY,Available,Full,WLY
M0WLZ,Available,Full,WLZ
M0WMA,Available,Full,WMA
M0WMB,Available,Full,WMB
M0WME,Available,Full,WME
M0WMF,Available,Full,WMF
M0WMG,Available,Full,WMG
M0WMH,Available,Full,WMH
M0WMI,Available,Full,WMI
M0WMJ,Available,Full,WMJ
M0WMK,Available,Full,WMK
M0WMM,Available,Full,WMM
M0WMN,Available,Full,WMN
M0WMP,Available,Full,WMP
M0WMQ,Available,Full,WMQ
M0WMS,Available,Full,WMS
M0WMT,Available,Full,WMT
M0WMU,Available,Full,WMU
M0WMV,Available,Full,WMV
M0WMW,Available,Full,WMW
M0WMY,Available,Full,WMY
M0WMZ,Available,Full,WMZ
M0WNA,Available,Full,WNA
M0WNB,Available,Full,WNB
M0WNC,Available,Full,WNC
M0WNH,Available,Full,WNH
M0WNI,Available,Full,WNI
M0WNJ,Available,Full,WNJ
M0WNM,Available,Full,WNM
M0WNN,Available,Full,WNN
M0WNO,Available,Full,WNO
M0WNQ,Available,Full,WNQ
M0WNR,Available,Full,WNR
M0WNS,Available,Full,WNS
M0WNU,Available,Full,WNU
M0WNX,Available,Full,WNX
M0WNY,Available,Full,WNY
M0WNZ,Available,Full,WNZ
M0WOA,Available,Full,WOA
M0WOC,Available,Full,WOC
M0WOE,Available,Full,WOE
M0WOF,Available,Full,WOF
M0WOH,Available,Full,WOH
M0WOI,Available,Full,WOI
M0WOK,Available,Full,WOK
M0WOL,Available,Full,WOL
M0WOM,Available,Full,WOM
M0WON,Available,Full,WON
M0WOO,Available,Full,WOO
M0WOQ,Available,Full,WOQ
M0WOT,Available,Full,WOT
M0WOU,Available,Full,WOU
M0WOV,Available,Full,WOV
M0WOX,Available,Full,WOX
M0WOY,Available,Full,WOY
M0WPB,Available,Full,WPB
M0WPC,Available,Full,WPC
M0WPD,Available,Full,WPD
M0WPE,Available,Full,WPE
M0WPF,Available,Full,WPF
M0WPG,Available,Full,WPG
M0WPH,Available,Full,WPH
M0WPI,Available,Full,WPI
M0WPJ,Available,Full,WPJ
M0WPK,Available,Full,WPK
M0WPL,Available,Full,WPL
M0WPO,Available,Full,WPO
M0WPP,Available,Full,WPP
M0WPQ,Available,Full,WPQ
M0WPS,Available,Full,WPS
M0WPT,Available,Full,WPT
M0WPU,Available,Full,WPU
M0WPV,Available,Full,WPV
M0WPW,Available,Full,WPW
M0WPY,Available,Full,WPY
M0WPZ,Available,Full,WPZ
M0WQA,Available,Full,WQA
M0WQB,Available,Full,WQB
M0WQC,Available,Full,WQC
M0WQD,Available,Full,WQD
M0WQE,Available,Full,WQE
M0WQF,Available,Full,WQF
M0WQG,Available,Full,WQG
M0WQH,Available,Full,WQH
M0WQI,Available,Full,WQI
M0WQJ,Available,Full,WQJ
M0WQK,Available,Full,WQK
M0WQL,Available,Full,WQL
M0WQM,Available,Full,WQM
M0WQN,Available,Full,WQN
M0WQO,Available,Full,WQO
M0WQP,Available,Full,WQP
M0WQQ,Available,Full,WQQ
M0WQS,Available,Full,WQS
M0WQT,Available,Full,WQT
M0WQU,Available,Full,WQU
M0WQV,Available,Full,WQV
M0WQW,Available,Full,WQW
M0WQX,Available,Full,WQX
M0WQY,Available,Full,WQY
M0WQZ,Available,Full,WQZ
M0WRB,Available,Full,WRB
M0WRD,Available,Full,WRD
M0WRE,Available,Full,WRE
M0WRF,Available,Full,WRF
M0WRH,Available,Full,WRH
M0WRJ,Available,Full,WRJ
M0WRK,Available,Full,WRK
M0WRN,Available,Full,WRN
M0WRQ,Available,Full,WRQ
M0WRR,Available,Full,WRR
M0WRV,Available,Full,WRV
M0WRW,Available,Full,WRW
M0WRY,Available,Full,WRY
M0WRZ,Available,Full,WRZ
M0WSE,Available,Full,WSE
M0WSF,Available,Full,WSF
M0WSG,Available,Full,WSG
M0WSH,Available,Full,WSH
M0WSI,Available,Full,WSI
M0WSJ,Available,Full,WSJ
M0WSL,Available,Full,WSL
M0WSO,Available,Full,WSO
M0WSP,Available,Full,WSP
M0WSQ,Available,Full,WSQ
M0WSS,Available,Full,WSS
M0WSU,Available,Full,WSU
M0WSV,Available,Full,WSV
M0WSX,Available,Full,WSX
M0WSY,Available,Full,WSY
M0WSZ,Available,Full,WSZ
M0WTA,Available,Full,WTA
M0WTB,Available,Full,WTB
M0WTE,Available,Full,WTE
M0WTH,Available,Full,WTH
M0WTI,Available,Full,WTI
M0WTJ,Available,Full,WTJ
M0WTK,Available,Full,WTK
M0WTL,Available,Full,WTL
M0WTM,Available,Full,WTM
M0WTN,Available,Full,WTN
M0WTO,Available,Full,WTO
M0WTP,Available,Full,WTP
M0WTQ,Available,Full,WTQ
M0WTR,Available,Full,WTR
M0WTT,Available,Full,WTT
M0WTU,Available,Full,WTU
M0WTX,Available,Full,WTX
M0WTZ,Available,Full,WTZ
M0WUA,Available,Full,WUA
M0WUB,Available,Full,WUB
M0WUC,Available,Full,WUC
M0WUD,Available,Full,WUD
M0WUF,Available,Full,WUF
M0WUG,Available,Full,WUG
M0WUH,Available,Full,WUH
M0WUI,Available,Full,WUI
M0WUJ,Available,Full,WUJ
M0WUK,Available,Full,WUK
M0WUM,Available,Full,WUM
M0WUN,Available,Full,WUN
M0WUO,Available,Full,WUO
M0WUP,Available,Full,WUP
M0WUQ,Available,Full,WUQ
M0WUR,Available,Full,WUR
M0WUU,Available,Full,WUU
M0WUV,Available,Full,WUV
M0WUW,Available,Full,WUW
M0WUX,Available,Full,WUX
M0WUY,Available,Full,WUY
M0WUZ,Available,Full,WUZ
M0WVA,Available,Full,WVA
M0WVB,Available,Full,WVB
M0WVC,Available,Full,WVC
M0WVD,Available,Full,WVD
M0WVE,Available,Full,WVE
M0WVF,Available,Full,WVF
M0WVG,Available,Full,WVG
M0WVH,Available,Full,WVH
M0WVI,Available,Full,WVI
M0WVJ,Available,Full,WVJ
M0WVK,Available,Full,WVK
M0WVL,Available,Full,WVL
M0WVM,Available,Full,WVM
M0WVN,Available,Full,WVN
M0WVO,Available,Full,WVO
M0WVP,Available,Full,WVP
M0WVQ,Available,Full,WVQ
M0WVR,Available,Full,WVR
M0WVS,Available,Full,WVS
M0WVT,Available,Full,WVT
M0WVU,Available,Full,WVU
M0WVV,Available,Full,WVV
M0WVW,Available,Full,WVW
M0WVX,Available,Full,WVX
M0WVY,Available,Full,WVY
M0WVZ,Available,Full,WVZ
M0WWB,Available,Full,WWB
M0WWC,Available,Full,WWC
M0WWE,Available,Full,WWE
M0WWF,Available,Full,WWF
M0WWI,Available,Full,WWI
M0WWJ,Available,Full,WWJ
M0WWK,Available,Full,WWK
M0WWL,Available,Full,WWL
M0WWO,Available,Full,WWO
M0WWP,Available,Full,WWP
M0WWQ,Available,Full,WWQ
M0WWT,Available,Full,WWT
M0WWU,Available,Full,WWU
M0WWV,Available,Full,WWV
M0WWX,Available,Full,WWX
M0WWY,Available,Full,WWY
M0WXA,Available,Full,WXA
M0WXB,Available,Full,WXB
M0WXC,Available,Full,WXC
M0WXE,Available,Full,WXE
M0WXH,Available,Full,WXH
M0WXI,Available,Full,WXI
M0WXJ,Available,Full,WXJ
M0WXK,Available,Full,WXK
M0WXN,Available,Full,WXN
M0WXP,Available,Full,WXP
M0WXQ,Available,Full,WXQ
M0WXR,Available,Full,WXR
M0WXS,Available,Full,WXS
M0WXV,Available,Full,WXV
M0WXW,Available,Full,WXW
M0WXX,Available,Full,WXX
M0WXY,Available,Full,WXY
M0WXZ,Available,Full,WXZ
M0WYC,Available,Full,WYC
M0WYD,Available,Full,WYD
M0WYF,Available,Full,WYF
M0WYG,Available,Full,WYG
M0WYH,Available,Full,WYH
M0WYI,Available,Full,WYI
M0WYJ,Available,Full,WYJ
M0WYK,Available,Full,WYK
M0WYL,Available,Full,WYL
M0WYO,Available,Full,WYO
M0WYP,Available,Full,WYP
M0WYQ,Available,Full,WYQ
M0WYS,Available,Full,WYS
M0WYU,Available,Full,WYU
M0WYV,Available,Full,WYV
M0WYW,Available,Full,WYW
M0WYX,Available,Full,WYX
M0WYY,Available,Full,WYY
M0WZA,Available,Full,WZA
M0WZD,Available,Full,WZD
M0WZE,Available,Full,WZE
M0WZG,Available,Full,WZG
M0WZH,Available,Full,WZH
M0WZI,Available,Full,WZI
M0WZJ,Available,Full,WZJ
M0WZK,Available,Full,WZK
M0WZL,Available,Full,WZL
M0WZN,Available,Full,WZN
M0WZO,Available,Full,WZO
M0WZP,Available,Full,WZP
M0WZQ,Available,Full,WZQ
M0WZR,Available,Full,WZR
M0WZS,Available,Full,WZS
M0WZU,Available,Full,WZU
M0WZV,Available,Full,WZV
M0WZW,Available,Full,WZW
M0WZY,Available,Full,WZY
M0XAB,Available,Full,XAB
M0XAC,Available,Full,XAC
M0XAD,Available,Full,XAD
M0XAE,Available,Full,XAE
M0XAG,Available,Full,XAG
M0XAH,Available,Full,XAH
M0XAI,Available,Full,XAI
M0XAJ,Available,Full,XAJ
M0XAL,Available,Full,XAL
M0XAO,Available,Full,XAO
M0XAQ,Available,Full,XAQ
M0XAR,Available,Full,XAR
M0XAS,Available,Full,XAS
M0XAV,Available,Full,XAV
M0XAY,Available,Full,XAY
M0XBA,Available,Full,XBA
M0XBB,Available,Full,XBB
M0XBC,Available,Full,XBC
M0XBG,Available,Full,XBG
M0XBH,Available,Full,XBH
M0XBJ,Available,Full,XBJ
M0XBL,Available,Full,XBL
M0XBN,Available,Full,XBN
M0XBP,Available,Full,XBP
M0XBQ,Available,Full,XBQ
M0XBU,Available,Full,XBU
M0XBV,Available,Full,XBV
M0XBW,Available,Full,XBW
M0XBX,Available,Full,XBX
M0XBZ,Available,Full,XBZ
M0XCA,Available,Full,XCA
M0XCC,Available,Full,XCC
M0XCD,Available,Full,XCD
M0XCE,Available,Full,XCE
M0XCF,Available,Full,XCF
M0XCG,Available,Full,XCG
M0XCI,Available,Full,XCI
M0XCJ,Available,Full,XCJ
M0XCK,Available,Full,XCK
M0XCL,Available,Full,XCL
M0XCM,Available,Full,XCM
M0XCN,Available,Full,XCN
M0XCO,Available,Full,XCO
M0XCQ,Available,Full,XCQ
M0XCS,Available,Full,XCS
M0XCU,Available,Full,XCU
M0XCV,Available,Full,XCV
M0XCW,Available,Full,XCW
M0XCZ,Available,Full,XCZ
M0XDA,Available,Full,XDA
M0XDD,Available,Full,XDD
M0XDE,Available,Full,XDE
M0XDH,Available,Full,XDH
M0XDI,Available,Full,XDI
M0XDM,Available,Full,XDM
M0XDO,Available,Full,XDO
M0XDP,Available,Full,XDP
M0XDQ,Available,Full,XDQ
M0XDU,Available,Full,XDU
M0XDV,Available,Full,XDV
M0XDZ,Available,Full,XDZ
M0XEB,Available,Full,XEB
M0XEC,Available,Full,XEC
M0XEF,Available,Full,XEF
M0XEG,Available,Full,XEG
M0XEH,Available,Full,XEH
M0XEI,Available,Full,XEI
M0XEJ,Available,Full,XEJ
M0XEL,Available,Full,XEL
M0XEM,Available,Full,XEM
M0XEO,Available,Full,XEO
M0XEP,Available,Full,XEP
M0XEQ,Available,Full,XEQ
M0XER,Available,Full,XER
M0XES,Available,Full,XES
M0XET,Available,Full,XET
M0XEU,Available,Full,XEU
M0XEV,Available,Full,XEV
M0XEW,Available,Full,XEW
M0XEX,Available,Full,XEX
M0XEZ,Available,Full,XEZ
M0XFA,Available,Full,XFA
M0XFB,Available,Full,XFB
M0XFC,Available,Full,XFC
M0XFD,Available,Full,XFD
M0XFE,Available,Full,XFE
M0XFF,Available,Full,XFF
M0XFG,Available,Full,XFG
M0XFH,Available,Full,XFH
M0XFI,Available,Full,XFI
M0XFJ,Available,Full,XFJ
M0XFK,Available,Full,XFK
M0XFL,Available,Full,XFL
M0XFN,Available,Full,XFN
M0XFO,Available,Full,XFO
M0XFP,Available,Full,XFP
M0XFQ,Available,Full,XFQ
M0XFS,Available,Full,XFS
M0XFU,Available,Full,XFU
M0XFV,Available,Full,XFV
M0XFW,Available,Full,XFW
M0XFY,Available,Full,XFY
M0XFZ,Available,Full,XFZ
M0XGA,Available,Full,XGA
M0XGC,Available,Full,XGC
M0XGE,Available,Full,XGE
M0XGF,Available,Full,XGF
M0XGH,Available,Full,XGH
M0XGI,Available,Full,XGI
M0XGJ,Available,Full,XGJ
M0XGK,Available,Full,XGK
M0XGL,Available,Full,XGL
M0XGM,Available,Full,XGM
M0XGN,Available,Full,XGN
M0XGO,Available,Full,XGO
M0XGQ,Available,Full,XGQ
M0XGR,Available,Full,XGR
M0XGS,Available,Full,XGS
M0XGT,Available,Full,XGT
M0XGU,Available,Full,XGU
M0XGV,Available,Full,XGV
M0XGW,Available,Full,XGW
M0XGX,Available,Full,XGX
M0XGY,Available,Full,XGY
M0XGZ,Available,Full,XGZ
M0XHA,Available,Full,XHA
M0XHB,Available,Full,XHB
M0XHC,Available,Full,XHC
M0XHD,Available,Full,XHD
M0XHE,Available,Full,XHE
M0XHF,Available,Full,XHF
M0XHG,Available,Full,XHG
M0XHH,Available,Full,XHH
M0XHI,Available,Full,XHI
M0XHJ,Available,Full,XHJ
M0XHK,Available,Full,XHK
M0XHL,Available,Full,XHL
M0XHM,Available,Full,XHM
M0XHN,Available,Full,XHN
M0XHP,Available,Full,XHP
M0XHQ,Available,Full,XHQ
M0XHR,Available,Full,XHR
M0XHS,Available,Full,XHS
M0XHT,Available,Full,XHT
M0XHU,Available,Full,XHU
M0XHV,Available,Full,XHV
M0XHW,Available,Full,XHW
M0XHX,Available,Full,XHX
M0XHY,Available,Full,XHY
M0XHZ,Available,Full,XHZ
M0XIA,Available,Full,XIA
M0XIB,Available,Full,XIB
M0XIC,Available,Full,XIC
M0XIF,Available,Full,XIF
M0XIH,Available,Full,XIH
M0XIJ,Available,Full,XIJ
M0XIL,Available,Full,XIL
M0XIN,Available,Full,XIN
M0XIO,Available,Full,XIO
M0XIQ,Available,Full,XIQ
M0XIR,Available,Full,XIR
M0XIS,Available,Full,XIS
M0XIU,Available,Full,XIU
M0XIV,Available,Full,XIV
M0XIW,Available,Full,XIW
M0XIY,Available,Full,XIY
M0XIZ,Available,Full,XIZ
M0XJA,Available,Full,XJA
M0XJD,Available,Full,XJD
M0XJE,Available,Full,XJE
M0XJF,Available,Full,XJF
M0XJG,Available,Full,XJG
M0XJH,Available,Full,XJH
M0XJI,Available,Full,XJI
M0XJJ,Available,Full,XJJ
M0XJK,Available,Full,XJK
M0XJL,Available,Full,XJL
M0XJM,Available,Full,XJM
M0XJN,Available,Full,XJN
M0XJO,Available,Full,XJO
M0XJQ,Available,Full,XJQ
M0XJR,Available,Full,XJR
M0XJS,Available,Full,XJS
M0XJT,Available,Full,XJT
M0XJU,Available,Full,XJU
M0XJV,Available,Full,XJV
M0XJW,Available,Full,XJW
M0XJX,Available,Full,XJX
M0XJY,Available,Full,XJY
M0XJZ,Available,Full,XJZ
M0XKA,Available,Full,XKA
M0XKB,Available,Full,XKB
M0XKC,Available,Full,XKC
M0XKE,Available,Full,XKE
M0XKG,Available,Full,XKG
M0XKH,Available,Full,XKH
M0XKI,Available,Full,XKI
M0XKJ,Available,Full,XKJ
M0XKK,Available,Full,XKK
M0XKM,Available,Full,XKM
M0XKN,Available,Full,XKN
M0XKP,Available,Full,XKP
M0XKQ,Available,Full,XKQ
M0XKS,Available,Full,XKS
M0XKT,Available,Full,XKT
M0XKU,Available,Full,XKU
M0XKV,Available,Full,XKV
M0XKX,Available,Full,XKX
M0XKY,Available,Full,XKY
M0XKZ,Available,Full,XKZ
M0XLA,Available,Full,XLA
M0XLB,Available,Full,XLB
M0XLC,Available,Full,XLC
M0XLF,Available,Full,XLF
M0XLH,Available,Full,XLH
M0XLI,Available,Full,XLI
M0XLJ,Available,Full,XLJ
M0XLM,Available,Full,XLM
M0XLN,Available,Full,XLN
M0XLO,Available,Full,XLO
M0XLP,Available,Full,XLP
M0XLQ,Available,Full,XLQ
M0XLR,Available,Full,XLR
M0XLS,Available,Full,XLS
M0XLU,Available,Full,XLU
M0XLV,Available,Full,XLV
M0XLW,Available,Full,XLW
M0XLZ,Available,Full,XLZ
M0XMA,Available,Full,XMA
M0XMB,Available,Full,XMB
M0XME,Available,Full,XME
M0XMF,Available,Full,XMF
M0XMJ,Available,Full,XMJ
M0XMO,Available,Full,XMO
M0XMP,Available,Full,XMP
M0XMQ,Available,Full,XMQ
M0XMS,Available,Full,XMS
M0XMT,Available,Full,XMT
M0XMU,Available,Full,XMU
M0XMV,Available,Full,XMV
M0XMW,Available,Full,XMW
M0XMX,Available,Full,XMX
M0XMY,Available,Full,XMY
M0XMZ,Available,Full,XMZ
M0XNB,Available,Full,XNB
M0XNC,Available,Full,XNC
M0XND,Available,Full,XND
M0XNE,Available,Full,XNE
M0XNF,Available,Full,XNF
M0XNG,Available,Full,XNG
M0XNH,Available,Full,XNH
M0XNI,Available,Full,XNI
M0XNJ,Available,Full,XNJ
M0XNK,Available,Full,XNK
M0XNL,Available,Full,XNL
M0XNM,Available,Full,XNM
M0XNN,Available,Full,XNN
M0XNO,Available,Full,XNO
M0XNP,Available,Full,XNP
M0XNQ,Available,Full,XNQ
M0XNR,Available,Full,XNR
M0XNS,Available,Full,XNS
M0XNT,Available,Full,XNT
M0XNU,Available,Full,XNU
M0XNV,Available,Full,XNV
M0XNW,Available,Full,XNW
M0XNX,Available,Full,XNX
M0XNY,Available,Full,XNY
M0XNZ,Available,Full,XNZ
M0XOA,Available,Full,XOA
M0XOB,Available,Full,XOB
M0XOD,Available,Full,XOD
M0XOE,Available,Full,XOE
M0XOF,Available,Full,XOF
M0XOG,Available,Full,XOG
M0XOH,Available,Full,XOH
M0XOI,Available,Full,XOI
M0XOJ,Available,Full,XOJ
M0XOK,Available,Full,XOK
M0XOL,Available,Full,XOL
M0XOO,Available,Full,XOO
M0XOP,Available,Full,XOP
M0XOQ,Available,Full,XOQ
M0XOT,Available,Full,XOT
M0XOV,Available,Full,XOV
M0XOW,Available,Full,XOW
M0XOX,Available,Full,XOX
M0XOY,Available,Full,XOY
M0XOZ,Available,Full,XOZ
M0XPC,Available,Full,XPC
M0XPE,Available,Full,XPE
M0XPF,Available,Full,XPF
M0XPH,Available,Full,XPH
M0XPI,Available,Full,XPI
M0XPK,Available,Full,XPK
M0XPM,Available,Full,XPM
M0XPN,Available,Full,XPN
M0XPO,Available,Full,XPO
M0XPP,Available,Full,XPP
M0XPQ,Available,Full,XPQ
M0XPR,Available,Full,XPR
M0XPU,Available,Full,XPU
M0XPV,Available,Full,XPV
M0XPW,Available,Full,XPW
M0XPX,Available,Full,XPX
M0XPY,Available,Full,XPY
M0XQA,Available,Full,XQA
M0XQB,Available,Full,XQB
M0XQC,Available,Full,XQC
M0XQD,Available,Full,XQD
M0XQE,Available,Full,XQE
M0XQF,Available,Full,XQF
M0XQG,Available,Full,XQG
M0XQH,Available,Full,XQH
M0XQI,Available,Full,XQI
M0XQJ,Available,Full,XQJ
M0XQK,Available,Full,XQK
M0XQL,Available,Full,XQL
M0XQM,Available,Full,XQM
M0XQN,Available,Full,XQN
M0XQO,Available,Full,XQO
M0XQP,Available,Full,XQP
M0XQQ,Available,Full,XQQ
M0XQR,Available,Full,XQR
M0XQS,Available,Full,XQS
M0XQT,Available,Full,XQT
M0XQU,Available,Full,XQU
M0XQV,Available,Full,XQV
M0XQW,Available,Full,XQW
M0XQX,Available,Full,XQX
M0XQY,Available,Full,XQY
M0XQZ,Available,Full,XQZ
M0XRB,Available,Full,XRB
M0XRD,Available,Full,XRD
M0XRE,Available,Full,XRE
M0XRF,Available,Full,XRF
M0XRG,Available,Full,XRG
M0XRH,Available,Full,XRH
M0XRI,Available,Full,XRI
M0XRJ,Available,Full,XRJ
M0XRK,Available,Full,XRK
M0XRL,Available,Full,XRL
M0XRP,Available,Full,XRP
M0XRQ,Available,Full,XRQ
M0XRR,Available,Full,XRR
M0XRT,Available,Full,XRT
M0XRV,Available,Full,XRV
M0XRW,Available,Full,XRW
M0XRX,Available,Full,XRX
M0XRY,Available,Full,XRY
M0XSA,Available,Full,XSA
M0XSB,Available,Full,XSB
M0XSE,Available,Full,XSE
M0XSF,Available,Full,XSF
M0XSG,Available,Full,XSG
M0XSH,Available,Full,XSH
M0XSI,Available,Full,XSI
M0XSJ,Available,Full,XSJ
M0XSK,Available,Full,XSK
M0XSL,Available,Full,XSL
M0XSN,Available,Full,XSN
M0XSO,Available,Full,XSO
M0XSP,Available,Full,XSP
M0XSQ,Available,Full,XSQ
M0XSS,Available,Full,XSS
M0XST,Available,Full,XST
M0XSU,Available,Full,XSU
M0XSV,Available,Full,XSV
M0XSW,Available,Full,XSW
M0XSX,Available,Full,XSX
M0XSY,Available,Full,XSY
M0XSZ,Available,Full,XSZ
M0XTB,Available,Full,XTB
M0XTE,Available,Full,XTE
M0XTG,Available,Full,XTG
M0XTI,Available,Full,XTI
M0XTJ,Available,Full,XTJ
M0XTK,Available,Full,XTK
M0XTO,Available,Full,XTO
M0XTP,Available,Full,XTP
M0XTQ,Available,Full,XTQ
M0XTR,Available,Full,XTR
M0XTS,Available,Full,XTS
M0XTU,Available,Full,XTU
M0XTV,Available,Full,XTV
M0XTW,Available,Full,XTW
M0XTY,Available,Full,XTY
M0XUA,Available,Full,XUA
M0XUC,Available,Full,XUC
M0XUD,Available,Full,XUD
M0XUE,Available,Full,XUE
M0XUF,Available,Full,XUF
M0XUG,Available,Full,XUG
M0XUI,Available,Full,XUI
M0XUJ,Available,Full,XUJ
M0XUL,Available,Full,XUL
M0XUM,Available,Full,XUM
M0XUO,Available,Full,XUO
M0XUP,Available,Full,XUP
M0XUQ,Available,Full,XUQ
M0XUR,Available,Full,XUR
M0XUS,Available,Full,XUS
M0XUT,Available,Full,XUT
M0XUV,Available,Full,XUV
M0XUW,Available,Full,XUW
M0XUX,Available,Full,XUX
M0XUY,Available,Full,XUY
M0XUZ,Available,Full,XUZ
M0XVA,Available,Full,XVA
M0XVB,Available,Full,XVB
M0XVC,Available,Full,XVC
M0XVD,Available,Full,XVD
M0XVE,Available,Full,XVE
M0XVG,Available,Full,XVG
M0XVH,Available,Full,XVH
M0XVJ,Available,Full,XVJ
M0XVK,Available,Full,XVK
M0XVM,Available,Full,XVM
M0XVN,Available,Full,XVN
M0XVO,Available,Full,XVO
M0XVP,Available,Full,XVP
M0XVQ,Available,Full,XVQ
M0XVS,Available,Full,XVS
M0XVU,Available,Full,XVU
M0XVV,Available,Full,XVV
M0XVW,Available,Full,XVW
M0XVY,Available,Full,XVY
M0XVZ,Available,Full,XVZ
M0XWA,Available,Full,XWA
M0XWB,Available,Full,XWB
M0XWC,Available,Full,XWC
M0XWE,Available,Full,XWE
M0XWF,Available,Full,XWF
M0XWG,Available,Full,XWG
M0XWH,Available,Full,XWH
M0XWI,Available,Full,XWI
M0XWJ,Available,Full,XWJ
M0XWK,Available,Full,XWK
M0XWL,Available,Full,XWL
M0XWM,Available,Full,XWM
M0XWN,Available,Full,XWN
M0XWO,Available,Full,XWO
M0XWP,Available,Full,XWP
M0XWQ,Available,Full,XWQ
M0XWR,Available,Full,XWR
M0XWT,Available,Full,XWT
M0XWU,Available,Full,XWU
M0XWV,Available,Full,XWV
M0XWW,Available,Full,XWW
M0XWX,Available,Full,XWX
M0XWY,Available,Full,XWY
M0XWZ,Available,Full,XWZ
M0XXB,Available,Full,XXB
M0XXC,Available,Full,XXC
M0XXD,Available,Full,XXD
M0XXE,Available,Full,XXE
M0XXF,Available,Full,XXF
M0XXG,Available,Full,XXG
M0XXH,Available,Full,XXH
M0XXJ,Available,Full,XXJ
M0XXM,Available,Full,XXM
M0XXN,Available,Full,XXN
M0XXO,Available,Full,XXO
M0XXQ,Available,Full,XXQ
M0XXR,Available,Full,XXR
M0XXS,Available,Full,XXS
M0XXU,Available,Full,XXU
M0XXV,Available,Full,XXV
M0XYA,Available,Full,XYA
M0XYB,Available,Full,XYB
M0XYC,Available,Full,XYC
M0XYD,Available,Full,XYD
M0XYE,Available,Full,XYE
M0XYF,Available,Full,XYF
M0XYG,Available,Full,XYG
M0XYH,Available,Full,XYH
M0XYI,Available,Full,XYI
M0XYJ,Available,Full,XYJ
M0XYK,Available,Full,XYK
M0XYM,Available,Full,XYM
M0XYN,Available,Full,XYN
M0XYO,Available,Full,XYO
M0XYP,Available,Full,XYP
M0XYQ,Available,Full,XYQ
M0XYR,Available,Full,XYR
M0XYS,Available,Full,XYS
M0XYT,Available,Full,XYT
M0XYU,Available,Full,XYU
M0XYV,Available,Full,XYV
M0XYW,Available,Full,XYW
M0XYY,Available,Full,XYY
M0XZB,Available,Full,XZB
M0XZC,Available,Full,XZC
M0XZD,Available,Full,XZD
M0XZE,Available,Full,XZE
M0XZG,Available,Full,XZG
M0XZH,Available,Full,XZH
M0XZI,Available,Full,XZI
M0XZJ,Available,Full,XZJ
M0XZK,Available,Full,XZK
M0XZM,Available,Full,XZM
M0XZN,Available,Full,XZN
M0XZO,Available,Full,XZO
M0XZP,Available,Full,XZP
M0XZQ,Available,Full,XZQ
M0XZR,Available,Full,XZR
M0XZS,Available,Full,XZS
M0XZT,Available,Full,XZT
M0XZU,Available,Full,XZU
M0XZV,Available,Full,XZV
M0XZW,Available,Full,XZW
M0XZY,Available,Full,XZY
M0XZZ,Available,Full,XZZ
M0YAB,Available,Full,YAB
M0YAF,Available,Full,YAF
M0YAI,Available,Full,YAI
M0YAJ,Available,Full,YAJ
M0YAO,Available,Full,YAO
M0YAQ,Available,Full,YAQ
M0YAR,Available,Full,YAR
M0YAS,Available,Full,YAS
M0YAU,Available,Full,YAU
M0YAV,Available,Full,YAV
M0YAW,Available,Full,YAW
M0YAX,Available,Full,YAX
M0YAY,Available,Full,YAY
M0YBA,Available,Full,YBA
M0YBB,Available,Full,YBB
M0YBD,Available,Full,YBD
M0YBE,Available,Full,YBE
M0YBF,Available,Full,YBF
M0YBG,Available,Full,YBG
M0YBH,Available,Full,YBH
M0YBI,Available,Full,YBI
M0YBJ,Available,Full,YBJ
M0YBK,Available,Full,YBK
M0YBL,Available,Full,YBL
M0YBM,Available,Full,YBM
M0YBN,Available,Full,YBN
M0YBO,Available,Full,YBO
M0YBP,Available,Full,YBP
M0YBQ,Available,Full,YBQ
M0YBR,Available,Full,YBR
M0YBS,Available,Full,YBS
M0YBT,Available,Full,YBT
M0YBU,Available,Full,YBU
M0YBV,Available,Full,YBV
M0YBW,Available,Full,YBW
M0YBX,Available,Full,YBX
M0YBY,Available,Full,YBY
M0YBZ,Available,Full,YBZ
M0YCA,Available,Full,YCA
M0YCB,Available,Full,YCB
M0YCC,Available,Full,YCC
M0YCD,Available,Full,YCD
M0YCE,Available,Full,YCE
M0YCF,Available,Full,YCF
M0YCH,Available,Full,YCH
M0YCI,Available,Full,YCI
M0YCL,Available,Full,YCL
M0YCN,Available,Full,YCN
M0YCO,Available,Full,YCO
M0YCP,Available,Full,YCP
M0YCR,Available,Full,YCR
M0YCT,Available,Full,YCT
M0YCU,Available,Full,YCU
M0YCV,Available,Full,YCV
M0YCW,Available,Full,YCW
M0YCX,Available,Full,YCX
M0YCY,Available,Full,YCY
M0YCZ,Available,Full,YCZ
M0YDA,Available,Full,YDA
M0YDB,Available,Full,YDB
M0YDC,Available,Full,YDC
M0YDE,Available,Full,YDE
M0YDG,Available,Full,YDG
M0YDI,Available,Full,YDI
M0YDJ,Available,Full,YDJ
M0YDL,Available,Full,YDL
M0YDM,Available,Full,YDM
M0YDN,Available,Full,YDN
M0YDO,Available,Full,YDO
M0YDQ,Available,Full,YDQ
M0YDR,Available,Full,YDR
M0YDS,Available,Full,YDS
M0YDT,Available,Full,YDT
M0YDU,Available,Full,YDU
M0YDV,Available,Full,YDV
M0YDY,Available,Full,YDY
M0YDZ,Available,Full,YDZ
M0YEA,Available,Full,YEA
M0YEB,Available,Full,YEB
M0YED,Available,Full,YED
M0YEF,Available,Full,YEF
M0YEG,Available,Full,YEG
M0YEH,Available,Full,YEH
M0YEI,Available,Full,YEI
M0YEJ,Available,Full,YEJ
M0YEK,Available,Full,YEK
M0YEM,Available,Full,YEM
M0YEO,Available,Full,YEO
M0YER,Available,Full,YER
M0YEU,Available,Full,YEU
M0YEV,Available,Full,YEV
M0YEX,Available,Full,YEX
M0YEY,Available,Full,YEY
M0YEZ,Available,Full,YEZ
M0YFA,Available,Full,YFA
M0YFB,Available,Full,YFB
M0YFC,Available,Full,YFC
M0YFD,Available,Full,YFD
M0YFE,Available,Full,YFE
M0YFF,Available,Full,YFF
M0YFG,Available,Full,YFG
M0YFH,Available,Full,YFH
M0YFI,Available,Full,YFI
M0YFJ,Available,Full,YFJ
M0YFK,Available,Full,YFK
M0YFL,Available,Full,YFL
M0YFM,Available,Full,YFM
M0YFN,Available,Full,YFN
M0YFO,Available,Full,YFO
M0YFP,Available,Full,YFP
M0YFQ,Available,Full,YFQ
M0YFS,Available,Full,YFS
M0YFU,Available,Full,YFU
M0YFV,Available,Full,YFV
M0YFW,Available,Full,YFW
M0YFX,Available,Full,YFX
M0YFY,Available,Full,YFY
M0YFZ,Available,Full,YFZ
M0YGA,Available,Full,YGA
M0YGC,Available,Full,YGC
M0YGD,Available,Full,YGD
M0YGE,Available,Full,YGE
M0YGF,Available,Full,YGF
M0YGG,Available,Full,YGG
M0YGH,Available,Full,YGH
M0YGI,Available,Full,YGI
M0YGK,Available,Full,YGK
M0YGL,Available,Full,YGL
M0YGM,Available,Full,YGM
M0YGN,Available,Full,YGN
M0YGO,Available,Full,YGO
M0YGP,Available,Full,YGP
M0YGQ,Available,Full,YGQ
M0YGR,Available,Full,YGR
M0YGS,Available,Full,YGS
M0YGT,Available,Full,YGT
M0YGU,Available,Full,YGU
M0YGV,Available,Full,YGV
M0YGX,Available,Full,YGX
M0YGY,Available,Full,YGY
M0YGZ,Available,Full,YGZ
M0YHA,Available,Full,YHA
M0YHC,Available,Full,YHC
M0YHD,Available,Full,YHD
M0YHE,Available,Full,YHE
M0YHF,Available,Full,YHF
M0YHG,Available,Full,YHG
M0YHH,Available,Full,YHH
M0YHI,Available,Full,YHI
M0YHJ,Available,Full,YHJ
M0YHK,Available,Full,YHK
M0YHL,Available,Full,YHL
M0YHN,Available,Full,YHN
M0YHO,Available,Full,YHO
M0YHP,Available,Full,YHP
M0YHQ,Available,Full,YHQ
M0YHR,Available,Full,YHR
M0YHT,Available,Full,YHT
M0YHU,Available,Full,YHU
M0YHV,Available,Full,YHV
M0YHW,Available,Full,YHW
M0YHX,Available,Full,YHX
M0YHY,Available,Full,YHY
M0YHZ,Available,Full,YHZ
M0YIA,Available,Full,YIA
M0YIB,Available,Full,YIB
M0YIC,Available,Full,YIC
M0YIE,Available,Full,YIE
M0YIF,Available,Full,YIF
M0YIH,Available,Full,YIH
M0YII,Available,Full,YII
M0YIL,Available,Full,YIL
M0YIN,Available,Full,YIN
M0YIO,Available,Full,YIO
M0YIP,Available,Full,YIP
M0YIQ,Available,Full,YIQ
M0YIR,Available,Full,YIR
M0YIS,Available,Full,YIS
M0YIT,Available,Full,YIT
M0YIU,Available,Full,YIU
M0YIV,Available,Full,YIV
M0YIW,Available,Full,YIW
M0YIX,Available,Full,YIX
M0YIY,Available,Full,YIY
M0YIZ,Available,Full,YIZ
M0YJA,Available,Full,YJA
M0YJB,Available,Full,YJB
M0YJC,Available,Full,YJC
M0YJD,Available,Full,YJD
M0YJE,Available,Full,YJE
M0YJF,Available,Full,YJF
M0YJG,Available,Full,YJG
M0YJH,Available,Full,YJH
M0YJI,Available,Full,YJI
M0YJJ,Available,Full,YJJ
M0YJK,Available,Full,YJK
M0YJL,Available,Full,YJL
M0YJM,Available,Full,YJM
M0YJN,Available,Full,YJN
M0YJP,Available,Full,YJP
M0YJQ,Available,Full,YJQ
M0YJS,Available,Full,YJS
M0YJU,Available,Full,YJU
M0YJV,Available,Full,YJV
M0YJX,Available,Full,YJX
M0YJY,Available,Full,YJY
M0YJZ,Available,Full,YJZ
M0YKA,Available,Full,YKA
M0YKC,Available,Full,YKC
M0YKD,Available,Full,YKD
M0YKE,Available,Full,YKE
M0YKF,Available,Full,YKF
M0YKG,Available,Full,YKG
M0YKH,Available,Full,YKH
M0YKI,Available,Full,YKI
M0YKJ,Available,Full,YKJ
M0YKK,Available,Full,YKK
M0YKL,Available,Full,YKL
M0YKM,Available,Full,YKM
M0YKN,Available,Full,YKN
M0YKO,Available,Full,YKO
M0YKP,Available,Full,YKP
M0YKQ,Available,Full,YKQ
M0YKR,Available,Full,YKR
M0YKS,Available,Full,YKS
M0YKT,Available,Full,YKT
M0YKU,Available,Full,YKU
M0YKV,Available,Full,YKV
M0YKW,Available,Full,YKW
M0YKX,Available,Full,YKX
M0YKY,Available,Full,YKY
M0YKZ,Available,Full,YKZ
M0YLB,Available,Full,YLB
M0YLC,Available,Full,YLC
M0YLD,Available,Full,YLD
M0YLF,Available,Full,YLF
M0YLH,Available,Full,YLH
M0YLI,Available,Full,YLI
M0YLJ,Available,Full,YLJ
M0YLK,Available,Full,YLK
M0YLL,Available,Full,YLL
M0YLM,Available,Full,YLM
M0YLN,Available,Full,YLN
M0YLO,Available,Full,YLO
M0YLP,Available,Full,YLP
M0YLQ,Available,Full,YLQ
M0YLR,Available,Full,YLR
M0YLT,Available,Full,YLT
M0YLU,Available,Full,YLU
M0YLV,Available,Full,YLV
M0YLW,Available,Full,YLW
M0YLX,Available,Full,YLX
M0YLZ,Available,Full,YLZ
M0YMA,Available,Full,YMA
M0YMB,Available,Full,YMB
M0YMC,Available,Full,YMC
M0YMD,Available,Full,YMD
M0YMH,Available,Full,YMH
M0YMI,Available,Full,YMI
M0YML,Available,Full,YML
M0YMN,Available,Full,YMN
M0YMO,Available,Full,YMO
M0YMP,Available,Full,YMP
M0YMQ,Available,Full,YMQ
M0YMR,Available,Full,YMR
M0YMS,Available,Full,YMS
M0YMT,Available,Full,YMT
M0YMU,Available,Full,YMU
M0YMV,Available,Full,YMV
M0YMW,Available,Full,YMW
M0YMX,Available,Full,YMX
M0YMY,Available,Full,YMY
M0YMZ,Available,Full,YMZ
M0YNA,Available,Full,YNA
M0YNB,Available,Full,YNB
M0YNC,Available,Full,YNC
M0YND,Available,Full,YND
M0YNF,Available,Full,YNF
M0YNG,Available,Full,YNG
M0YNH,Available,Full,YNH
M0YNI,Available,Full,YNI
M0YNJ,Available,Full,YNJ
M0YNL,Available,Full,YNL
M0YNM,Available,Full,YNM
M0YNN,Available,Full,YNN
M0YNO,Available,Full,YNO
M0YNP,Available,Full,YNP
M0YNQ,Available,Full,YNQ
M0YNR,Available,Full,YNR
M0YNS,Available,Full,YNS
M0YNT,Available,Full,YNT
M0YNU,Available,Full,YNU
M0YNV,Available,Full,YNV
M0YNW,Available,Full,YNW
M0YNX,Available,Full,YNX
M0YNY,Available,Full,YNY
M0YNZ,Available,Full,YNZ
M0YOA,Available,Full,YOA
M0YOB,Available,Full,YOB
M0YOC,Available,Full,YOC
M0YOD,Available,Full,YOD
M0YOE,Available,Full,YOE
M0YOF,Available,Full,YOF
M0YOG,Available,Full,YOG
M0YOI,Available,Full,YOI
M0YOK,Available,Full,YOK
M0YON,Available,Full,YON
M0YOO,Available,Full,YOO
M0YOP,Available,Full,YOP
M0YOQ,Available,Full,YOQ
M0YOS,Available,Full,YOS
M0YOV,Available,Full,YOV
M0YOW,Available,Full,YOW
M0YOX,Available,Full,YOX
M0YOZ,Available,Full,YOZ
M0YPA,Available,Full,YPA
M0YPB,Available,Full,YPB
M0YPC,Available,Full,YPC
M0YPD,Available,Full,YPD
M0YPE,Available,Full,YPE
M0YPF,Available,Full,YPF
M0YPG,Available,Full,YPG
M0YPH,Available,Full,YPH
M0YPI,Available,Full,YPI
M0YPK,Available,Full,YPK
M0YPL,Available,Full,YPL
M0YPM,Available,Full,YPM
M0YPN,Available,Full,YPN
M0YPO,Available,Full,YPO
M0YPP,Available,Full,YPP
M0YPQ,Available,Full,YPQ
M0YPR,Available,Full,YPR
M0YPS,Available,Full,YPS
M0YPT,Available,Full,YPT
M0YPU,Available,Full,YPU
M0YPV,Available,Full,YPV
M0YPW,Available,Full,YPW
M0YPX,Available,Full,YPX
M0YPY,Available,Full,YPY
M0YQA,Available,Full,YQA
M0YQB,Available,Full,YQB
M0YQC,Available,Full,YQC
M0YQE,Available,Full,YQE
M0YQF,Available,Full,YQF
M0YQG,Available,Full,YQG
M0YQH,Available,Full,YQH
M0YQI,Available,Full,YQI
M0YQJ,Available,Full,YQJ
M0YQK,Available,Full,YQK
M0YQL,Available,Full,YQL
M0YQM,Available,Full,YQM
M0YQN,Available,Full,YQN
M0YQO,Available,Full,YQO
M0YQP,Available,Full,YQP
M0YQQ,Available,Full,YQQ
M0YQR,Available,Full,YQR
M0YQS,Available,Full,YQS
M0YQT,Available,Full,YQT
M0YQU,Available,Full,YQU
M0YQW,Available,Full,YQW
M0YQX,Available,Full,YQX
M0YQY,Available,Full,YQY
M0YRA,Available,Full,YRA
M0YRB,Available,Full,YRB
M0YRC,Available,Full,YRC
M0YRD,Available,Full,YRD
M0YRE,Available,Full,YRE
M0YRF,Available,Full,YRF
M0YRH,Available,Full,YRH
M0YRI,Available,Full,YRI
M0YRJ,Available,Full,YRJ
M0YRK,Available,Full,YRK
M0YRL,Available,Full,YRL
M0YRM,Available,Full,YRM
M0YRN,Available,Full,YRN
M0YRO,Available,Full,YRO
M0YRP,Available,Full,YRP
M0YRQ,Available,Full,YRQ
M0YRR,Available,Full,YRR
M0YRT,Available,Full,YRT
M0YRU,Available,Full,YRU
M0YRV,Available,Full,YRV
M0YRW,Available,Full,YRW
M0YRX,Available,Full,YRX
M0YRY,Available,Full,YRY
M0YRZ,Available,Full,YRZ
M0YSA,Available,Full,YSA
M0YSB,Available,Full,YSB
M0YSC,Available,Full,YSC
M0YSD,Available,Full,YSD
M0YSE,Available,Full,YSE
M0YSF,Available,Full,YSF
M0YSG,Available,Full,YSG
M0YSH,Available,Full,YSH
M0YSI,Available,Full,YSI
M0YSJ,Available,Full,YSJ
M0YSK,Available,Full,YSK
M0YSL,Available,Full,YSL
M0YSM,Available,Full,YSM
M0YSN,Available,Full,YSN
M0YSO,Available,Full,YSO
M0YSP,Available,Full,YSP
M0YSQ,Available,Full,YSQ
M0YSS,Available,Full,YSS
M0YST,Available,Full,YST
M0YSV,Available,Full,YSV
M0YSW,Available,Full,YSW
M0YSX,Available,Full,YSX
M0YSY,Available,Full,YSY
M0YSZ,Available,Full,YSZ
M0YTA,Available,Full,YTA
M0YTB,Available,Full,YTB
M0YTD,Available,Full,YTD
M0YTE,Available,Full,YTE
M0YTF,Available,Full,YTF
M0YTG,Available,Full,YTG
M0YTH,Available,Full,YTH
M0YTI,Available,Full,YTI
M0YTJ,Available,Full,YTJ
M0YTK,Available,Full,YTK
M0YTL,Available,Full,YTL
M0YTM,Available,Full,YTM
M0YTN,Available,Full,YTN
M0YTO,Available,Full,YTO
M0YTP,Available,Full,YTP
M0YTQ,Available,Full,YTQ
M0YTR,Available,Full,YTR
M0YTS,Available,Full,YTS
M0YTT,Available,Full,YTT
M0YTU,Available,Full,YTU
M0YTV,Available,Full,YTV
M0YTW,Available,Full,YTW
M0YTY,Available,Full,YTY
M0YTZ,Available,Full,YTZ
M0YUA,Available,Full,YUA
M0YUB,Available,Full,YUB
M0YUC,Available,Full,YUC
M0YUD,Available,Full,YUD
M0YUE,Available,Full,YUE
M0YUF,Available,Full,YUF
M0YUH,Available,Full,YUH
M0YUI,Available,Full,YUI
M0YUJ,Available,Full,YUJ
M0YUK,Available,Full,YUK
M0YUM,Available,Full,YUM
M0YUN,Available,Full,YUN
M0YUO,Available,Full,YUO
M0YUP,Available,Full,YUP
M0YUQ,Available,Full,YUQ
M0YUR,Available,Full,YUR
M0YUS,Available,Full,YUS
M0YUT,Available,Full,YUT
M0YUU,Available,Full,YUU
M0YUV,Available,Full,YUV
M0YUW,Available,Full,YUW
M0YUX,Available,Full,YUX
M0YUY,Available,Full,YUY
M0YUZ,Available,Full,YUZ
M0YVA,Available,Full,YVA
M0YVB,Available,Full,YVB
M0YVC,Available,Full,YVC
M0YVD,Available,Full,YVD
M0YVE,Available,Full,YVE
M0YVF,Available,Full,YVF
M0YVH,Available,Full,YVH
M0YVI,Available,Full,YVI
M0YVJ,Available,Full,YVJ
M0YVL,Available,Full,YVL
M0YVM,Available,Full,YVM
M0YVN,Available,Full,YVN
M0YVO,Available,Full,YVO
M0YVP,Available,Full,YVP
M0YVQ,Available,Full,YVQ
M0YVR,Available,Full,YVR
M0YVS,Available,Full,YVS
M0YVT,Available,Full,YVT
M0YVU,Available,Full,YVU
M0YVV,Available,Full,YVV
M0YVW,Available,Full,YVW
M0YVX,Available,Full,YVX
M0YVY,Available,Full,YVY
M0YVZ,Available,Full,YVZ
M0YWA,Available,Full,YWA
M0YWB,Available,Full,YWB
M0YWC,Available,Full,YWC
M0YWD,Available,Full,YWD
M0YWE,Available,Full,YWE
M0YWF,Available,Full,YWF
M0YWG,Available,Full,YWG
M0YWH,Available,Full,YWH
M0YWI,Available,Full,YWI
M0YWJ,Available,Full,YWJ
M0YWK,Available,Full,YWK
M0YWL,Available,Full,YWL
M0YWM,Available,Full,YWM
M0YWN,Available,Full,YWN
M0YWO,Available,Full,YWO
M0YWP,Available,Full,YWP
M0YWQ,Available,Full,YWQ
M0YWR,Available,Full,YWR
M0YWS,Available,Full,YWS
M0YWT,Available,Full,YWT
M0YWU,Available,Full,YWU
M0YWV,Available,Full,YWV
M0YWW,Available,Full,YWW
M0YWX,Available,Full,YWX
M0YWY,Available,Full,YWY
M0YWZ,Available,Full,YWZ
M0YXA,Available,Full,YXA
M0YXB,Available,Full,YXB
M0YXC,Available,Full,YXC
M0YXD,Available,Full,YXD
M0YXE,Available,Full,YXE
M0YXF,Available,Full,YXF
M0YXG,Available,Full,YXG
M0YXH,Available,Full,YXH
M0YXI,Available,Full,YXI
M0YXJ,Available,Full,YXJ
M0YXK,Available,Full,YXK
M0YXL,Available,Full,YXL
M0YXM,Available,Full,YXM
M0YXN,Available,Full,YXN
M0YXO,Available,Full,YXO
M0YXP,Available,Full,YXP
M0YXQ,Available,Full,YXQ
M0YXR,Available,Full,YXR
M0YXS,Available,Full,YXS
M0YXT,Available,Full,YXT
M0YXU,Available,Full,YXU
M0YXV,Available,Full,YXV
M0YXW,Available,Full,YXW
M0YXX,Available,Full,YXX
M0YXY,Available,Full,YXY
M0YXZ,Available,Full,YXZ
M0YYB,Available,Full,YYB
M0YYC,Available,Full,YYC
M0YYD,Available,Full,YYD
M0YYE,Available,Full,YYE
M0YYF,Available,Full,YYF
M0YYG,Available,Full,YYG
M0YYH,Available,Full,YYH
M0YYI,Available,Full,YYI
M0YYJ,Available,Full,YYJ
M0YYK,Available,Full,YYK
M0YYL,Available,Full,YYL
M0YYM,Available,Full,YYM
M0YYN,Available,Full,YYN
M0YYO,Available,Full,YYO
M0YYP,Available,Full,YYP
M0YYQ,Available,Full,YYQ
M0YYR,Available,Full,YYR
M0YYS,Available,Full,YYS
M0YYT,Available,Full,YYT
M0YYU,Available,Full,YYU
M0YYW,Available,Full,YYW
M0YYX,Available,Full,YYX
M0YZB,Available,Full,YZB
M0YZC,Available,Full,YZC
M0YZD,Available,Full,YZD
M0YZE,Available,Full,YZE
M0YZG,Available,Full,YZG
M0YZH,Available,Full,YZH
M0YZI,Available,Full,YZI
M0YZJ,Available,Full,YZJ
M0YZK,Available,Full,YZK
M0YZL,Available,Full,YZL
M0YZM,Available,Full,YZM
M0YZN,Available,Full,YZN
M0YZO,Available,Full,YZO
M0YZP,Available,Full,YZP
M0YZQ,Available,Full,YZQ
M0YZR,Available,Full,YZR
M0YZS,Available,Full,YZS
M0YZT,Available,Full,YZT
M0YZU,Available,Full,YZU
M0YZV,Available,Full,YZV
M0YZW,Available,Full,YZW
M0YZX,Available,Full,YZX
M0YZY,Available,Full,YZY
M0ZAJ,Available,Full,ZAJ
M0ZAQ,Available,Full,ZAQ
M0ZAS,Available,Full,ZAS
M0ZAU,Available,Full,ZAU
M0ZAW,Available,Full,ZAW
M0ZAX,Available,Full,ZAX
M0ZAY,Available,Full,ZAY
M0ZBA,Available,Full,ZBA
M0ZBB,Available,Full,ZBB
M0ZBC,Available,Full,ZBC
M0ZBE,Available,Full,ZBE
M0ZBF,Available,Full,ZBF
M0ZBG,Available,Full,ZBG
M0ZBI,Available,Full,ZBI
M0ZBJ,Available,Full,ZBJ
M0ZBK,Available,Full,ZBK
M0ZBL,Available,Full,ZBL
M0ZBM,Available,Full,ZBM
M0ZBN,Available,Full,ZBN
M0ZBO,Available,Full,ZBO
M0ZBP,Available,Full,ZBP
M0ZBQ,Available,Full,ZBQ
M0ZBR,Available,Full,ZBR
M0ZBS,Available,Full,ZBS
M0ZBV,Available,Full,ZBV
M0ZBW,Available,Full,ZBW
M0ZBX,Available,Full,ZBX
M0ZBY,Available,Full,ZBY
M0ZCA,Available,Full,ZCA
M0ZCB,Available,Full,ZCB
M0ZCD,Available,Full,ZCD
M0ZCF,Available,Full,ZCF
M0ZCI,Available,Full,ZCI
M0ZCJ,Available,Full,ZCJ
M0ZCK,Available,Full,ZCK
M0ZCL,Available,Full,ZCL
M0ZCN,Available,Full,ZCN
M0ZCO,Available,Full,ZCO
M0ZCQ,Available,Full,ZCQ
M0ZCS,Available,Full,ZCS
M0ZCU,Available,Full,ZCU
M0ZCV,Available,Full,ZCV
M0ZCX,Available,Full,ZCX
M0ZCY,Available,Full,ZCY
M0ZCZ,Available,Full,ZCZ
M0ZDA,Available,Full,ZDA
M0ZDD,Available,Full,ZDD
M0ZDF,Available,Full,ZDF
M0ZDI,Available,Full,ZDI
M0ZDJ,Available,Full,ZDJ
M0ZDK,Available,Full,ZDK
M0ZDL,Available,Full,ZDL
M0ZDM,Available,Full,ZDM
M0ZDN,Available,Full,ZDN
M0ZDO,Available,Full,ZDO
M0ZDP,Available,Full,ZDP
M0ZDQ,Available,Full,ZDQ
M0ZDS,Available,Full,ZDS
M0ZDT,Available,Full,ZDT
M0ZDV,Available,Full,ZDV
M0ZDY,Available,Full,ZDY
M0ZDZ,Available,Full,ZDZ
M0ZEA,Available,Full,ZEA
M0ZEC,Available,Full,ZEC
M0ZEF,Available,Full,ZEF
M0ZEG,Available,Full,ZEG
M0ZEI,Available,Full,ZEI
M0ZEJ,Available,Full,ZEJ
M0ZEK,Available,Full,ZEK
M0ZEL,Available,Full,ZEL
M0ZEO,Available,Full,ZEO
M0ZEU,Available,Full,ZEU
M0ZEV,Available,Full,ZEV
M0ZEW,Available,Full,ZEW
M0ZEX,Available,Full,ZEX
M0ZEZ,Available,Full,ZEZ
M0ZFB,Available,Full,ZFB
M0ZFC,Available,Full,ZFC
M0ZFD,Available,Full,ZFD
M0ZFE,Available,Full,ZFE
M0ZFG,Available,Full,ZFG
M0ZFH,Available,Full,ZFH
M0ZFI,Available,Full,ZFI
M0ZFJ,Available,Full,ZFJ
M0ZFK,Available,Full,ZFK
M0ZFL,Available,Full,ZFL
M0ZFM,Available,Full,ZFM
M0ZFN,Available,Full,ZFN
M0ZFO,Available,Full,ZFO
M0ZFP,Available,Full,ZFP
M0ZFQ,Available,Full,ZFQ
M0ZFS,Available,Full,ZFS
M0ZFT,Available,Full,ZFT
M0ZFU,Available,Full,ZFU
M0ZFV,Available,Full,ZFV
M0ZFW,Available,Full,ZFW
M0ZFY,Available,Full,ZFY
M0ZFZ,Available,Full,ZFZ
M0ZGC,Available,Full,ZGC
M0ZGE,Available,Full,ZGE
M0ZGF,Available,Full,ZGF
M0ZGG,Available,Full,ZGG
M0ZGH,Available,Full,ZGH
M0ZGI,Available,Full,ZGI
M0ZGJ,Available,Full,ZGJ
M0ZGK,Available,Full,ZGK
M0ZGL,Available,Full,ZGL
M0ZGM,Available,Full,ZGM
M0ZGN,Available,Full,ZGN
M0ZGO,Available,Full,ZGO
M0ZGP,Available,Full,ZGP
M0ZGQ,Available,Full,ZGQ
M0ZGR,Available,Full,ZGR
M0ZGS,Available,Full,ZGS
M0ZGT,Available,Full,ZGT
M0ZGU,Available,Full,ZGU
M0ZGV,Available,Full,ZGV
M0ZGW,Available,Full,ZGW
M0ZGX,Available,Full,ZGX
M0ZGZ,Available,Full,ZGZ
M0ZHB,Available,Full,ZHB
M0ZHC,Available,Full,ZHC
M0ZHD,Available,Full,ZHD
M0ZHE,Available,Full,ZHE
M0ZHF,Available,Full,ZHF
M0ZHG,Available,Full,ZHG
M0ZHH,Available,Full,ZHH
M0ZHI,Available,Full,ZHI
M0ZHJ,Available,Full,ZHJ
M0ZHK,Available,Full,ZHK
M0ZHL,Available,Full,ZHL
M0ZHM,Available,Full,ZHM
M0ZHO,Available,Full,ZHO
M0ZHP,Available,Full,ZHP
M0ZHQ,Available,Full,ZHQ
M0ZHR,Available,Full,ZHR
M0ZHS,Available,Full,ZHS
M0ZHT,Available,Full,ZHT
M0ZHU,Available,Full,ZHU
M0ZHV,Available,Full,ZHV
M0ZHW,Available,Full,ZHW
M0ZHY,Available,Full,ZHY
M0ZHZ,Available,Full,ZHZ
M0ZIA,Available,Full,ZIA
M0ZIB,Available,Full,ZIB
M0ZIC,Available,Full,ZIC
M0ZIH,Available,Full,ZIH
M0ZII,Available,Full,ZII
M0ZIJ,Available,Full,ZIJ
M0ZIK,Available,Full,ZIK
M0ZIL,Available,Full,ZIL
M0ZIN,Available,Full,ZIN
M0ZIO,Available,Full,ZIO
M0ZIQ,Available,Full,ZIQ
M0ZIR,Available,Full,ZIR
M0ZIS,Available,Full,ZIS
M0ZIU,Available,Full,ZIU
M0ZIV,Available,Full,ZIV
M0ZIW,Available,Full,ZIW
M0ZIY,Available,Full,ZIY
M0ZIZ,Available,Full,ZIZ
M0ZJA,Available,Full,ZJA
M0ZJC,Available,Full,ZJC
M0ZJD,Available,Full,ZJD
M0ZJE,Available,Full,ZJE
M0ZJF,Available,Full,ZJF
M0ZJG,Available,Full,ZJG
M0ZJH,Available,Full,ZJH
M0ZJI,Available,Full,ZJI
M0ZJJ,Available,Full,ZJJ
M0ZJK,Available,Full,ZJK
M0ZJL,Available,Full,ZJL
M0ZJM,Available,Full,ZJM
M0ZJN,Available,Full,ZJN
M0ZJP,Available,Full,ZJP
M0ZJR,Available,Full,ZJR
M0ZJS,Available,Full,ZJS
M0ZJT,Available,Full,ZJT
M0ZJU,Available,Full,ZJU
M0ZJV,Available,Full,ZJV
M0ZJW,Available,Full,ZJW
M0ZJX,Available,Full,ZJX
M0ZJY,Available,Full,ZJY
M0ZJZ,Available,Full,ZJZ
M0ZKB,Available,Full,ZKB
M0ZKC,Available,Full,ZKC
M0ZKD,Available,Full,ZKD
M0ZKE,Available,Full,ZKE
M0ZKF,Available,Full,ZKF
M0ZKG,Available,Full,ZKG
M0ZKH,Available,Full,ZKH
M0ZKI,Available,Full,ZKI
M0ZKJ,Available,Full,ZKJ
M0ZKK,Available,Full,ZKK
M0ZKL,Available,Full,ZKL
M0ZKM,Available,Full,ZKM
M0ZKN,Available,Full,ZKN
M0ZKO,Available,Full,ZKO
M0ZKP,Available,Full,ZKP
M0ZKQ,Available,Full,ZKQ
M0ZKR,Available,Full,ZKR
M0ZKS,Available,Full,ZKS
M0ZKT,Available,Full,ZKT
M0ZKU,Available,Full,ZKU
M0ZKV,Available,Full,ZKV
M0ZKW,Available,Full,ZKW
M0ZKY,Available,Full,ZKY
M0ZKZ,Available,Full,ZKZ
M0ZLA,Available,Full,ZLA
M0ZLC,Available,Full,ZLC
M0ZLD,Available,Full,ZLD
M0ZLF,Available,Full,ZLF
M0ZLG,Available,Full,ZLG
M0ZLH,Available,Full,ZLH
M0ZLJ,Available,Full,ZLJ
M0ZLL,Available,Full,ZLL
M0ZLM,Available,Full,ZLM
M0ZLN,Available,Full,ZLN
M0ZLO,Available,Full,ZLO
M0ZLP,Available,Full,ZLP
M0ZLQ,Available,Full,ZLQ
M0ZLS,Available,Full,ZLS
M0ZLT,Available,Full,ZLT
M0ZLU,Available,Full,ZLU
M0ZLV,Available,Full,ZLV
M0ZLX,Available,Full,ZLX
M0ZLY,Available,Full,ZLY
M0ZLZ,Available,Full,ZLZ
M0ZMA,Available,Full,ZMA
M0ZMB,Available,Full,ZMB
M0ZMC,Available,Full,ZMC
M0ZMD,Available,Full,ZMD
M0ZME,Available,Full,ZME
M0ZMG,Available,Full,ZMG
M0ZMH,Available,Full,ZMH
M0ZMI,Available,Full,ZMI
M0ZMJ,Available,Full,ZMJ
M0ZMK,Available,Full,ZMK
M0ZML,Available,Full,ZML
M0ZMN,Available,Full,ZMN
M0ZMP,Available,Full,ZMP
M0ZMQ,Available,Full,ZMQ
M0ZMR,Available,Full,ZMR
M0ZMU,Available,Full,ZMU
M0ZMV,Available,Full,ZMV
M0ZMW,Available,Full,ZMW
M0ZMY,Available,Full,ZMY
M0ZMZ,Available,Full,ZMZ
M0ZNA,Available,Full,ZNA
M0ZNB,Available,Full,ZNB
M0ZNC,Available,Full,ZNC
M0ZND,Available,Full,ZND
M0ZNE,Available,Full,ZNE
M0ZNF,Available,Full,ZNF
M0ZNG,Available,Full,ZNG
M0ZNI,Available,Full,ZNI
M0ZNJ,Available,Full,ZNJ
M0ZNK,Available,Full,ZNK
M0ZNL,Available,Full,ZNL
M0ZNM,Available,Full,ZNM
M0ZNN,Available,Full,ZNN
M0ZNO,Available,Full,ZNO
M0ZNQ,Available,Full,ZNQ
M0ZNR,Available,Full,ZNR
M0ZNS,Available,Full,ZNS
M0ZNT,Available,Full,ZNT
M0ZNU,Available,Full,ZNU
M0ZNV,Available,Full,ZNV
M0ZNW,Available,Full,ZNW
M0ZNX,Available,Full,ZNX
M0ZNY,Available,Full,ZNY
M0ZOB,Available,Full,ZOB
M0ZOF,Available,Full,ZOF
M0ZOG,Available,Full,ZOG
M0ZOH,Available,Full,ZOH
M0ZOI,Available,Full,ZOI
M0ZOJ,Available,Full,ZOJ
M0ZOK,Available,Full,ZOK
M0ZON,Available,Full,ZON
M0ZOQ,Available,Full,ZOQ
M0ZOT,Available,Full,ZOT
M0ZOU,Available,Full,ZOU
M0ZOW,Available,Full,ZOW
M0ZOX,Available,Full,ZOX
M0ZOY,Available,Full,ZOY
M0ZOZ,Available,Full,ZOZ
M0ZPB,Available,Full,ZPB
M0ZPC,Available,Full,ZPC
M0ZPE,Available,Full,ZPE
M0ZPF,Available,Full,ZPF
M0ZPH,Available,Full,ZPH
M0ZPI,Available,Full,ZPI
M0ZPJ,Available,Full,ZPJ
M0ZPL,Available,Full,ZPL
M0ZPO,Available,Full,ZPO
M0ZPP,Available,Full,ZPP
M0ZPQ,Available,Full,ZPQ
M0ZPR,Available,Full,ZPR
M0ZPS,Available,Full,ZPS
M0ZPT,Available,Full,ZPT
M0ZPV,Available,Full,ZPV
M0ZPW,Available,Full,ZPW
M0ZPX,Available,Full,ZPX
M0ZPY,Available,Full,ZPY
M0ZQA,Available,Full,ZQA
M0ZQB,Available,Full,ZQB
M0ZQC,Available,Full,ZQC
M0ZQD,Available,Full,ZQD
M0ZQE,Available,Full,ZQE
M0ZQF,Available,Full,ZQF
M0ZQG,Available,Full,ZQG
M0ZQH,Available,Full,ZQH
M0ZQJ,Available,Full,ZQJ
M0ZQK,Available,Full,ZQK
M0ZQL,Available,Full,ZQL
M0ZQM,Available,Full,ZQM
M0ZQN,Available,Full,ZQN
M0ZQO,Available,Full,ZQO
M0ZQP,Available,Full,ZQP
M0ZQQ,Available,Full,ZQQ
M0ZQS,Available,Full,ZQS
M0ZQT,Available,Full,ZQT
M0ZQU,Available,Full,ZQU
M0ZQV,Available,Full,ZQV
M0ZQW,Available,Full,ZQW
M0ZQX,Available,Full,ZQX
M0ZQY,Available,Full,ZQY
M0ZQZ,Available,Full,ZQZ
M0ZRB,Available,Full,ZRB
M0ZRC,Available,Full,ZRC
M0ZRD,Available,Full,ZRD
M0ZRE,Available,Full,ZRE
M0ZRG,Available,Full,ZRG
M0ZRH,Available,Full,ZRH
M0ZRI,Available,Full,ZRI
M0ZRJ,Available,Full,ZRJ
M0ZRK,Available,Full,ZRK
M0ZRL,Available,Full,ZRL
M0ZRM,Available,Full,ZRM
M0ZRO,Available,Full,ZRO
M0ZRP,Available,Full,ZRP
M0ZRR,Available,Full,ZRR
M0ZRT,Available,Full,ZRT
M0ZRU,Available,Full,ZRU
M0ZRV,Available,Full,ZRV
M0ZRW,Available,Full,ZRW
M0ZRX,Available,Full,ZRX
M0ZRY,Available,Full,ZRY
M0ZRZ,Available,Full,ZRZ
M0ZSB,Available,Full,ZSB
M0ZSE,Available,Full,ZSE
M0ZSF,Available,Full,ZSF
M0ZSG,Available,Full,ZSG
M0ZSH,Available,Full,ZSH
M0ZSI,Available,Full,ZSI
M0ZSK,Available,Full,ZSK
M0ZSL,Available,Full,ZSL
M0ZSM,Available,Full,ZSM
M0ZSN,Available,Full,ZSN
M0ZSO,Available,Full,ZSO
M0ZSQ,Available,Full,ZSQ
M0ZSR,Available,Full,ZSR
M0ZSS,Available,Full,ZSS
M0ZST,Available,Full,ZST
M0ZSU,Available,Full,ZSU
M0ZSV,Available,Full,ZSV
M0ZSW,Available,Full,ZSW
M0ZSX,Available,Full,ZSX
M0ZSY,Available,Full,ZSY
M0ZSZ,Available,Full,ZSZ
M0ZTA,Available,Full,ZTA
M0ZTB,Available,Full,ZTB
M0ZTC,Available,Full,ZTC
M0ZTD,Available,Full,ZTD
M0ZTE,Available,Full,ZTE
M0ZTF,Available,Full,ZTF
M0ZTH,Available,Full,ZTH
M0ZTI,Available,Full,ZTI
M0ZTJ,Available,Full,ZTJ
M0ZTK,Available,Full,ZTK
M0ZTL,Available,Full,ZTL
M0ZTM,Available,Full,ZTM
M0ZTN,Available,Full,ZTN
M0ZTO,Available,Full,ZTO
M0ZTQ,Available,Full,ZTQ
M0ZTR,Available,Full,ZTR
M0ZTS,Available,Full,ZTS
M0ZTU,Available,Full,ZTU
M0ZTV,Available,Full,ZTV
M0ZTW,Available,Full,ZTW
M0ZTY,Available,Full,ZTY
M0ZTZ,Available,Full,ZTZ
M0ZUA,Available,Full,ZUA
M0ZUB,Available,Full,ZUB
M0ZUC,Available,Full,ZUC
M0ZUD,Available,Full,ZUD
M0ZUE,Available,Full,ZUE
M0ZUG,Available,Full,ZUG
M0ZUH,Available,Full,ZUH
M0ZUJ,Available,Full,ZUJ
M0ZUK,Available,Full,ZUK
M0ZUL,Available,Full,ZUL
M0ZUM,Available,Full,ZUM
M0ZUO,Available,Full,ZUO
M0ZUP,Available,Full,ZUP
M0ZUQ,Available,Full,ZUQ
M0ZUR,Available,Full,ZUR
M0ZUS,Available,Full,ZUS
M0ZUT,Available,Full,ZUT
M0ZUV,Available,Full,ZUV
M0ZUW,Available,Full,ZUW
M0ZUX,Available,Full,ZUX
M0ZUY,Available,Full,ZUY
M0ZUZ,Available,Full,ZUZ
M0ZVA,Available,Full,ZVA
M0ZVC,Available,Full,ZVC
M0ZVD,Available,Full,ZVD
M0ZVE,Available,Full,ZVE
M0ZVF,Available,Full,ZVF
M0ZVG,Available,Full,ZVG
M0ZVH,Available,Full,ZVH
M0ZVI,Available,Full,ZVI
M0ZVJ,Available,Full,ZVJ
M0ZVK,Available,Full,ZVK
M0ZVL,Available,Full,ZVL
M0ZVM,Available,Full,ZVM
M0ZVN,Available,Full,ZVN
M0ZVO,Available,Full,ZVO
M0ZVP,Available,Full,ZVP
M0ZVQ,Available,Full,ZVQ
M0ZVS,Available,Full,ZVS
M0ZVT,Available,Full,ZVT
M0ZVU,Available,Full,ZVU
M0ZVW,Available,Full,ZVW
M0ZVX,Available,Full,ZVX
M0ZVY,Available,Full,ZVY
M0ZVZ,Available,Full,ZVZ
M0ZWA,Available,Full,ZWA
M0ZWB,Available,Full,ZWB
M0ZWC,Available,Full,ZWC
M0ZWD,Available,Full,ZWD
M0ZWE,Available,Full,ZWE
M0ZWF,Available,Full,ZWF
M0ZWG,Available,Full,ZWG
M0ZWH,Available,Full,ZWH
M0ZWI,Available,Full,ZWI
M0ZWJ,Available,Full,ZWJ
M0ZWK,Available,Full,ZWK
M0ZWL,Available,Full,ZWL
M0ZWM,Available,Full,ZWM
M0ZWN,Available,Full,ZWN
M0ZWO,Available,Full,ZWO
M0ZWP,Available,Full,ZWP
M0ZWQ,Available,Full,ZWQ
M0ZWS,Available,Full,ZWS
M0ZWT,Available,Full,ZWT
M0ZWU,Available,Full,ZWU
M0ZWV,Available,Full,ZWV
M0ZWX,Available,Full,ZWX
M0ZWY,Available,Full,ZWY
M0ZWZ,Available,Full,ZWZ
M0ZXB,Available,Full,ZXB
M0ZXC,Available,Full,ZXC
M0ZXD,Available,Full,ZXD
M0ZXE,Available,Full,ZXE
M0ZXF,Available,Full,ZXF
M0ZXH,Available,Full,ZXH
M0ZXK,Available,Full,ZXK
M0ZXL,Available,Full,ZXL
M0ZXM,Available,Full,ZXM
M0ZXN,Available,Full,ZXN
M0ZXR,Available,Full,ZXR
M0ZXS,Available,Full,ZXS
M0ZXU,Available,Full,ZXU
M0ZXV,Available,Full,ZXV
M0ZXW,Available,Full,ZXW
M0ZXX,Available,Full,ZXX
M0ZXY,Available,Full,ZXY
M0ZYA,Available,Full,ZYA
M0ZYB,Available,Full,ZYB
M0ZYC,Available,Full,ZYC
M0ZYE,Available,Full,ZYE
M0ZYG,Available,Full,ZYG
M0ZYH,Available,Full,ZYH
M0ZYI,Available,Full,ZYI
M0ZYJ,Available,Full,ZYJ
M0ZYK,Available,Full,ZYK
M0ZYL,Available,Full,ZYL
M0ZYM,Available,Full,ZYM
M0ZYN,Available,Full,ZYN
M0ZYO,Available,Full,ZYO
M0ZYP,Available,Full,ZYP
M0ZYQ,Available,Full,ZYQ
M0ZYR,Available,Full,ZYR
M0ZYS,Available,Full,ZYS
M0ZYU,Available,Full,ZYU
M0ZYV,Available,Full,ZYV
M0ZYW,Available,Full,ZYW
M0ZYX,Available,Full,ZYX
M0ZYY,Available,Full,ZYY
M0ZZB,Available,Full,ZZB
M0ZZC,Available,Full,ZZC
M0ZZE,Available,Full,ZZE
M0ZZF,Available,Full,ZZF
M0ZZG,Available,Full,ZZG
M0ZZH,Available,Full,ZZH
M0ZZJ,Available,Full,ZZJ
M0ZZL,Available,Full,ZZL
M0ZZN,Available,Full,ZZN
M0ZZP,Available,Full,ZZP
M0ZZQ,Available,Full,ZZQ
M0ZZS,Available,Full,ZZS
M0ZZU,Available,Full,ZZU
M0ZZV,Available,Full,ZZV
M0ZZW,Available,Full,ZZW
