callsign,status,licence_class,suffix
M6DIQ,Available,Foundation,DIQ
M6DIR,Available,Foundation,DIR
M6DIU,Available,Foundation,DIU
M6DIW,Available,Foundation,DIW
M6DJJ,Available,Foundation,DJJ
M6DJL,Available,Foundation,DJL
M6DJQ,Available,Foundation,DJQ
M6DJU,Available,Foundation,DJU
M6DJV,Available,Foundation,DJV
M6DKE,Available,Foundation,DKE
M6DKF,Available,Foundation,DKF
M6DKI,Available,Foundation,DKI
M6DKK,Available,Foundation,DKK
M6DKN,Available,Foundation,DKN
M6DKO,Available,Foundation,DKO
M6DKP,Available,Foundation,DKP
M6DKT,Available,Foundation,DKT
M6DKU,Available,Foundation,DKU
M6DKV,Available,Foundation,DKV
M6DKY,Available,Foundation,DKY
M6DLD,Available,Foundation,DLD
M6DLI,Available,Foundation,DLI
M6DLK,Available,Foundation,DLK
M6DLN,Available,Foundation,DLN
M6DLQ,Available,Foundation,DLQ
M6DLU,Available,Foundation,DLU
M6DLV,Available,Foundation,DLV
M6DLW,Available,Foundation,DLW
M6DLZ,Available,Foundation,DLZ
M6DMN,Available,Foundation,DMN
M6DMO,Available,Foundation,DMO
M6DMP,Available,Foundation,DMP
M6DMU,Available,Foundation,DMU
M6DNE,Available,Foundation,DNE
M6DNI,Available,Foundation,DNI
M6DNJ,Available,Foundation,DNJ
M6DNL,Available,Foundation,DNL
M6DNP,Available,Foundation,DNP
M6DNQ,Available,Foundation,DNQ
M6DNR,Available,Foundation,DNR
M6DNV,Available,Foundation,DNV
M6DNX,Available,Foundation,DNX
M6DNZ,Available,Foundation,DNZ
M6DOF,Available,Foundation,DOF
M6DOJ,Available,Foundation,DOJ
M6DOL,Available,Foundation,DOL
M6DOQ,Available,Foundation,DOQ
M6DOU,Available,Foundation,DOU
M6DOV,Available,Foundation,DOV
M6DOW,Available,Foundation,DOW
M6DPE,Available,Foundation,DPE
M6DPN,Available,Foundation,DPN
M6DPO,Available,Foundation,DPO
M6DPQ,Available,Foundation,DPQ
M6DPU,Available,Foundation,DPU
M6DPV,Available,Foundation,DPV
M6DPX,Available,Foundation,DPX
M6DPY,Available,Foundation,DPY
M6DQA,Available,Foundation,DQA
M6DQB,Available,Foundation,DQB
M6DQC,Available,Foundation,DQC
M6DQD,Available,Foundation,DQD
M6DQE,Available,Foundation,DQE
M6DQF,Available,Foundation,DQF
M6DQG,Available,Foundation,DQG
M6DQH,Available,Foundation,DQH
M6DQI,Available,Foundation,DQI
M6DQJ,Available,Foundation,DQJ
M6DQK,Available,Foundation,DQK
M6DQL,Available,Foundation,DQL
M6DQM,Available,Foundation,DQM
M6DQN,Available,Foundation,DQN
M6DQO,Available,Foundation,DQO
M6DQQ,Available,Foundation,DQQ
M6DQR,Available,Foundation,DQR
M6DQS,Available,Foundation,DQS
M6DQT,Available,Foundation,DQT
M6DQU,Available,Foundation,DQU
M6DQV,Available,Foundation,DQV
M6DQW,Available,Foundation,DQW
M6DQX,Available,Foundation,DQX
M6DQY,Available,Foundation,DQY
M6DQZ,Available,Foundation,DQZ
M6DSC,Available,Foundation,DSC
M6DSF,Available,Foundation,DSF
M6DSI,Available,Foundation,DSI
M6DSQ,Available,Foundation,DSQ
M6DSU,Available,Foundation,DSU
M6DSV,Available,Foundation,DSV
M6DSX,Available,Foundation,DSX
M6DTF,Available,Foundation,DTF
M6DTK,Available,Foundation,DTK
M6DTO,Available,Foundation,DTO
M6DTQ,Available,Foundation,DTQ
M6DTR,Available,Foundation,DTR
M6DTU,Available,Foundation,DTU
M6DUA,Available,Foundation,DUA
M6DUE,Available,Foundation,DUE
M6DUH,Available,Foundation,DUH
M6DUI,Available,Foundation,DUI
M6DUJ,Available,Foundation,DUJ
M6DUN,Available,Foundation,DUN
M6DUP,Available,Foundation,DUP
M6DUQ,Available,Foundation,DUQ
M6DUR,Available,Foundation,DUR
M6DUS,Available,Foundation,DUS
M6DUT,Available,Foundation,DUT
M6DUU,Available,Foundation,DUU
M6DUW,Available,Foundation,DUW
M6DUX,Available,Foundation,DUX
M6DUY,Available,Foundation,DUY
M6DUZ,Available,Foundation,DUZ
M6DVA,Available,Foundation,DVA
M6DVF,Available,Foundation,DVF
M6DVG,Available,Foundation,DVG
M6DVI,Available,Foundation,DVI
M6DVJ,Available,Foundation,DVJ
M6DVK,Available,Foundation,DVK
M6DVM,Available,Foundation,DVM
M6DVO,Available,Foundation,DVO
M6DVQ,Available,Foundation,DVQ
M6DVS,Available,Foundation,DVS
M6DVU,Available,Foundation,DVU
M6DVV,Available,Foundation,DVV
M6DVW,Available,Foundation,DVW
M6DVY,Available,Foundation,DVY
M6DVZ,Available,Foundation,DVZ
M6DWD,Available,Foundation,DWD
M6DWH,Available,Foundation,DWH
M6DWI,Available,Foundation,DWI
M6DWK,Available,Foundation,DWK
M6DWL,Available,Foundation,DWL
M6DWO,Available,Foundation,DWO
M6DWQ,Available,Foundation,DWQ
M6DWU,Available,Foundation,DWU
M6DWV,Available,Foundation,DWV
M6DWX,Available,Foundation,DWX
M6DXF,Available,Foundation,DXF
M6DXI,Available,Foundation,DXI
M6DXJ,Available,Foundation,DXJ
M6DXK,Available,Foundation,DXK
M6DXM,Available,Foundation,DXM
M6DXN,Available,Foundation,DXN
M6DXO,Available,Foundation,DXO
M6DXP,Available,Foundation,DXP
M6DXQ,Available,Foundation,DXQ
M6DXS,Available,Foundation,DXS
M6DXV,Available,Foundation,DXV
M6DXW,Available,Foundation,DXW
M6DXY,Available,Foundation,DXY
M6DXZ,Available,Foundation,DXZ
M6DYA,Available,Foundation,DYA
M6DYC,Available,Foundation,DYC
M6DYD,Available,Foundation,DYD
M6DYE,Available,Foundation,DYE
M6DYF,Available,Foundation,DYF
M6DYG,Available,Foundation,DYG
M6DYH,Available,Foundation,DYH
M6DYI,Available,Foundation,DYI
M6DYJ,Available,Foundation,DYJ
M6DYL,Available,Foundation,DYL
M6DYM,Available,Foundation,DYM
M6DYN,Available,Foundation,DYN
M6DYO,Available,Foundation,DYO
M6DYP,Available,Foundation,DYP
M6DYQ,Available,Foundation,DYQ
M6DYR,Available,Foundation,DYR
M6DYT,Available,Foundation,DYT
M6DYU,Available,Foundation,DYU
M6DYV,Available,Foundation,DYV
M6DYW,Available,Foundation,DYW
M6DYX,Available,Foundation,DYX
M6DYY,Available,Foundation,DYY
M6DZB,Available,Foundation,DZB
M6DZC,Available,Foundation,DZC
M6DZD,Available,Foundation,DZD
M6DZE,Available,Foundation,DZE
M6DZF,Available,Foundation,DZF
M6DZG,Available,Foundation,DZG
M6DZH,Available,Foundation,DZH
M6DZJ,Available,Foundation,DZJ
M6DZK,Available,Foundation,DZK
M6DZL,Available,Foundation,DZL
M6DZM,Available,Foundation,DZM
M6DZN,Available,Foundation,DZN
M6DZO,Available,Foundation,DZO
M6DZP,Available,Foundation,DZP
M6DZQ,Available,Foundation,DZQ
M6DZR,Available,Foundation,DZR
M6DZT,Available,Foundation,DZT
M6DZU,Available,Foundation,DZU
M6DZV,Available,Foundation,DZV
M6DZW,Available,Foundation,DZW
M6DZX,Available,Foundation,DZX
M6DZY,Available,Foundation,DZY
M6EAQ,Available,Foundation,EAQ
M6EAU,Available,Foundation,EAU
M6EBB,Available,Foundation,EBB
M6EBC,Available,Foundation,EBC
M6EBD,Available,Foundation,EBD
M6EBE,Available,Foundation,EBE
M6EBF,Available,Foundation,EBF
M6EBG,Available,Foundation,EBG
M6EBH,Available,Foundation,EBH
M6EBI,Available,Foundation,EBI
M6EBJ,Available,Foundation,EBJ
M6EBK,Available,Foundation,EBK
M6EBL,Available,Foundation,EBL
M6EBM,Available,Foundation,EBM
M6EBN,Available,Foundation,EBN
M6EBO,Available,Foundation,EBO
M6EBP,Available,Foundation,EBP
M6EBQ,Available,Foundation,EBQ
M6EBU,Available,Foundation,EBU
M6EBV,Available,Foundation,EBV
M6EBW,Available,Foundation,EBW
M6EBX,Available,Foundation,EBX
M6EBY,Available,Foundation,EBY
M6ECA,Available,Foundation,ECA
M6ECE,Available,Foundation,ECE
M6ECF,Available,Foundation,ECF
M6ECI,Available,Foundation,ECI
M6ECL,Available,Foundation,ECL
M6ECN,Available,Foundation,ECN
M6ECP,Available,Foundation,ECP
M6ECQ,Available,Foundation,ECQ
M6ECR,Available,Foundation,ECR
M6ECS,Available,Foundation,ECS
M6ECT,Available,Foundation,ECT
M6ECV,Available,Foundation,ECV
M6ECX,Available,Foundation,ECX
M6ECZ,Available,Foundation,ECZ
M6EDB,Available,Foundation,EDB
M6EDK,Available,Foundation,EDK
M6EDM,Available,Foundation,EDM
M6EDQ,Available,Foundation,EDQ
M6EDT,Available,Foundation,EDT
M6EDU,Available,Foundation,EDU
M6EDV,Available,Foundation,EDV
M6EDW,Available,Foundation,EDW
M6EEA,Available,Foundation,EEA
M6EEB,Available,Foundation,EEB
M6EED,Available,Foundation,EED
M6EEF,Available,Foundation,EEF
M6EEG,Available,Foundation,EEG
M6EEI,Available,Foundation,EEI
M6EEJ,Available,Foundation,EEJ
M6EEM,Available,Foundation,EEM
M6EEN,Available,Foundation,EEN
M6EEQ,Available,Foundation,EEQ
M6EER,Available,Foundation,EER
M6EES,Available,Foundation,EES
M6EEU,Available,Foundation,EEU
M6EEV,Available,Foundation,EEV
M6EEW,Available,Foundation,EEW
M6EEX,Available,Foundation,EEX
M6EEY,Available,Foundation,EEY
M6EEZ,Available,Foundation,EEZ
M6EFB,Available,Foundation,EFB
M6EFE,Available,Foundation,EFE
M6EFF,Available,Foundation,EFF
M6EFH,Available,Foundation,EFH
M6EFI,Available,Foundation,EFI
M6EFJ,Available,Foundation,EFJ
M6EFK,Available,Foundation,EFK
M6EFN,Available,Foundation,EFN
M6EFO,Available,Foundation,EFO
M6EFP,Available,Foundation,EFP
M6EFQ,Available,Foundation,EFQ
M6EFS,Available,Foundation,EFS
M6EFU,Available,Foundation,EFU
M6EFV,Available,Foundation,EFV
M6EFW,Available,Foundation,EFW
M6EFZ,Available,Foundation,EFZ
M6EGA,Available,Foundation,EGA
M6EGB,Available,Foundation,EGB
M6EGC,Available,Foundation,EGC
M6EGD,Available,Foundation,EGD
M6EGE,Available,Foundation,EGE
M6EGF,Available,Foundation,EGF
M6EGH,Available,Foundation,EGH
M6EGJ,Available,Foundation,EGJ
M6EGK,Available,Foundation,EGK
M6EGL,Available,Foundation,EGL
M6EGM,Available,Foundation,EGM
M6EGN,Available,Foundation,EGN
M6EGP,Available,Foundation,EGP
M6EGQ,Available,Foundation,EGQ
M6EGR,Available,Foundation,EGR
M6EGU,Available,Foundation,EGU
M6EGW,Available,Foundation,EGW
M6EGX,Available,Foundation,EGX
M6EGZ,Available,Foundation,EGZ
M6EHA,Available,Foundation,EHA
M6EHD,Available,Foundation,EHD
M6EHE,Available,Foundation,EHE
M6EHF,Available,Foundation,EHF
M6EHG,Available,Foundation,EHG
M6EHH,Available,Foundation,EHH
M6EHI,Available,Foundation,EHI
M6EHK,Available,Foundation,EHK
M6EHL,Available,Foundation,EHL
M6EHM,Available,Foundation,EHM
M6EHN,Available,Foundation,EHN
M6EHO,Available,Foundation,EHO
M6EHP,Available,Foundation,EHP
M6EHQ,Available,Foundation,EHQ
M6EHR,Available,Foundation,EHR
M6EHS,Available,Foundation,EHS
M6EHU,Available,Foundation,EHU
M6EHW,Available,Foundation,EHW
M6EHX,Available,Foundation,EHX
M6EHY,Available,Foundation,EHY
M6EHZ,Available,Foundation,EHZ
M6EIA,Available,Foundation,EIA
M6EIB,Available,Foundation,EIB
M6EIC,Available,Foundation,EIC
M6EID,Available,Foundation,EID
M6EIE,Available,Foundation,EIE
M6EIF,Available,Foundation,EIF
M6EIG,Available,Foundation,EIG
M6EIH,Available,Foundation,EIH
M6EII,Available,Foundation,EII
M6EIJ,Available,Foundation,EIJ
M6EIK,Available,Foundation,EIK
M6EIL,Available,Foundation,EIL
M6EIM,Available,Foundation,EIM
M6EIP,Available,Foundation,EIP
M6EIQ,Available,Foundation,EIQ
M6EIS,Available,Foundation,EIS
M6EIU,Available,Foundation,EIU
M6EIV,Available,Foundation,EIV
M6EIW,Available,Foundation,EIW
M6EIX,Available,Foundation,EIX
M6EIY,Available,Foundation,EIY
M6EIZ,Available,Foundation,EIZ
M6EJA,Available,Foundation,EJA
M6EJD,Available,Foundation,EJD
M6EJE,Available,Foundation,EJE
M6EJF,Available,Foundation,EJF
M6EJG,Available,Foundation,EJG
M6EJJ,Available,Foundation,EJJ
M6EJK,Available,Foundation,EJK
M6EJN,Available,Foundation,EJN
M6EJO,Available,Foundation,EJO
M6EJQ,Available,Foundation,EJQ
M6EJR,Available,Foundation,EJR
M6EJT,Available,Foundation,EJT
M6EJU,Available,Foundation,EJU
M6EJV,Available,Foundation,EJV
M6EJY,Available,Foundation,EJY
M6EJZ,Available,Foundation,EJZ
M6EKC,Available,Foundation,EKC
M6EKD,Available,Foundation,EKD
M6EKE,Available,Foundation,EKE
M6EKF,Available,Foundation,EKF
M6EKH,Available,Foundation,EKH
M6EKI,Available,Foundation,EKI
M6EKJ,Available,Foundation,EKJ
M6EKK,Available,Foundation,EKK
M6EKL,Available,Foundation,EKL
M6EKP,Available,Foundation,EKP
M6EKQ,Available,Foundation,EKQ
M6EKR,Available,Foundation,EKR
M6EKS,Available,Foundation,EKS
M6EKT,Available,Foundation,EKT
M6EKU,Available,Foundation,EKU
M6EKV,Available,Foundation,EKV
M6EKW,Available,Foundation,EKW
M6EKX,Available,Foundation,EKX
M6EKY,Available,Foundation,EKY
M6EKZ,Available,Foundation,EKZ
M6ELB,Available,Foundation,ELB
M6ELG,Available,Foundation,ELG
M6ELJ,Available,Foundation,ELJ
M6ELN,Available,Foundation,ELN
M6ELQ,Available,Foundation,ELQ
M6ELU,Available,Foundation,ELU
M6EMJ,Available,Foundation,EMJ
M6EMK,Available,Foundation,EMK
M6EML,Available,Foundation,EML
M6EMQ,Available,Foundation,EMQ
M6EMR,Available,Foundation,EMR
M6EMX,Available,Foundation,EMX
M6ENA,Available,Foundation,ENA
M6ENB,Available,Foundation,ENB
M6ENC,Available,Foundation,ENC
M6END,Available,Foundation,END
M6ENE,Available,Foundation,ENE
M6ENH,Available,Foundation,ENH
M6ENI,Available,Foundation,ENI
M6ENJ,Available,Foundation,ENJ
M6ENK,Available,Foundation,ENK
M6ENL,Available,Foundation,ENL
M6ENM,Available,Foundation,ENM
M6ENN,Available,Foundation,ENN
M6ENO,Available,Foundation,ENO
M6ENP,Available,Foundation,ENP
M6ENQ,Available,Foundation,ENQ
M6ENR,Available,Foundation,ENR
M6ENS,Available,Foundation,ENS
M6ENV,Available,Foundation,ENV
M6ENW,Available,Foundation,ENW
M6ENX,Available,Foundation,ENX
M6ENY,Available,Foundation,ENY
M6ENZ,Available,Foundation,ENZ
M6EOA,Available,Foundation,EOA
M6EOB,Available,Foundation,EOB
M6EOC,Available,Foundation,EOC
M6EOE,Available,Foundation,EOE
M6EOF,Available,Foundation,EOF
M6EOG,Available,Foundation,EOG
M6EOH,Available,Foundation,EOH
M6EOI,Available,Foundation,EOI
M6EOK,Available,Foundation,EOK
M6EOL,Available,Foundation,EOL
M6EOM,Available,Foundation,EOM
M6EOO,Available,Foundation,EOO
M6EOP,Available,Foundation,EOP
M6EOQ,Available,Foundation,EOQ
M6EOT,Available,Foundation,EOT
M6EOU,Available,Foundation,EOU
M6EOV,Available,Foundation,EOV
M6EOX,Available,Foundation,EOX
M6EOY,Available,Foundation,EOY
M6EPA,Available,Foundation,EPA
M6EPB,Available,Foundation,EPB
M6EPC,Available,Foundation,EPC
M6EPD,Available,Foundation,EPD
M6EPE,Available,Foundation,EPE
M6EPF,Available,Foundation,EPF
M6EPG,Available,Foundation,EPG
M6EPI,Available,Foundation,EPI
M6EPJ,Available,Foundation,EPJ
M6EPK,Available,Foundation,EPK
M6EPL,Available,Foundation,EPL
M6EPN,Available,Foundation,EPN
M6EPP,Available,Foundation,EPP
M6EPQ,Available,Foundation,EPQ
M6EPR,Available,Foundation,EPR
M6EPS,Available,Foundation,EPS
M6EPT,Available,Foundation,EPT
M6EPU,Available,Foundation,EPU
M6EPV,Available,Foundation,EPV
M6EPX,Available,Foundation,EPX
M6EPY,Available,Foundation,EPY
M6EPZ,Available,Foundation,EPZ
M6EQA,Available,Foundation,EQA
M6EQB,Available,Foundation,EQB
M6EQC,Available,Foundation,EQC
M6EQD,Available,Foundation,EQD
M6EQE,Available,Foundation,EQE
M6EQF,Available,Foundation,EQF
M6EQG,Available,Foundation,EQG
M6EQH,Available,Foundation,EQH
M6EQI,Available,Foundation,EQI
M6EQJ,Available,Foundation,EQJ
M6EQK,Available,Foundation,EQK
M6EQL,Available,Foundation,EQL
M6EQM,Available,Foundation,EQM
M6EQN,Available,Foundation,EQN
M6EQO,Available,Foundation,EQO
M6EQP,Available,Foundation,EQP
M6EQQ,Available,Foundation,EQQ
M6EQR,Available,Foundation,EQR
M6EQS,Available,Foundation,EQS
M6EQT,Available,Foundation,EQT
M6EQU,Available,Foundation,EQU
M6EQV,Available,Foundation,EQV
M6EQW,Available,Foundation,EQW
M6EQX,Available,Foundation,EQX
M6EQY,Available,Foundation,EQY
M6EQZ,Available,Foundation,EQZ
M6ERA,Available,Foundation,ERA
M6ERE,Available,Foundation,ERE
M6ERG,Available,Foundation,ERG
M6ERI,Available,Foundation,ERI
M6ERO,Available,Foundation,ERO
M6ERQ,Available,Foundation,ERQ
M6ERS,Available,Foundation,ERS
M6ERT,Available,Foundation,ERT
M6ERX,Available,Foundation,ERX
M6ERY,Available,Foundation,ERY
M6ESE,Available,Foundation,ESE
M6ESF,Available,Foundation,ESF
M6ESI,Available,Foundation,ESI
M6ESJ,Available,Foundation,ESJ
M6ESK,Available,Foundation,ESK
M6ESM,Available,Foundation,ESM
M6ESN,Available,Foundation,ESN
M6ESO,Available,Foundation,ESO
M6ESQ,Available,Foundation,ESQ
M6ESV,Available,Foundation,ESV
M6ESX,Available,Foundation,ESX
M6ESZ,Available,Foundation,ESZ
M6ETB,Available,Foundation,ETB
M6ETD,Available,Foundation,ETD
M6ETF,Available,Foundation,ETF
M6ETI,Available,Foundation,ETI
M6ETJ,Available,Foundation,ETJ
M6ETK,Available,Foundation,ETK
M6ETL,Available,Foundation,ETL
M6ETQ,Available,Foundation,ETQ
M6ETS,Available,Foundation,ETS
M6ETT,Available,Foundation,ETT
M6ETU,Available,Foundation,ETU
M6ETV,Available,Foundation,ETV
M6ETW,Available,Foundation,ETW
M6ETY,Available,Foundation,ETY
M6ETZ,Available,Foundation,ETZ
M6EUA,Available,Foundation,EUA
M6EUB,Available,Foundation,EUB
M6EUC,Available,Foundation,EUC
M6EUE,Available,Foundation,EUE
M6EUF,Available,Foundation,EUF
M6EUG,Available,Foundation,EUG
M6EUH,Available,Foundation,EUH
M6EUI,Available,Foundation,EUI
M6EUJ,Available,Foundation,EUJ
M6EUK,Available,Foundation,EUK
M6EUL,Available,Foundation,EUL
M6EUM,Available,Foundation,EUM
M6EUN,Available,Foundation,EUN
M6EUO,Available,Foundation,EUO
M6EUP,Available,Foundation,EUP
M6EUQ,Available,Foundation,EUQ
M6EUT,Available,Foundation,EUT
M6EUU,Available,Foundation,EUU
M6EUV,Available,Foundation,EUV
M6EUW,Available,Foundation,EUW
M6EUX,Available,Foundation,EUX
M6EUY,Available,Foundation,EUY
M6EUZ,Available,Foundation,EUZ
M6EVC,Available,Foundation,EVC
M6EVF,Available,Foundation,EVF
M6EVG,Available,Foundation,EVG
M6EVH,Available,Foundation,EVH
M6EVI,Available,Foundation,EVI
M6EVJ,Available,Foundation,EVJ
M6EVK,Available,Foundation,EVK
M6EVM,Available,Foundation,EVM
M6EVP,Available,Foundation,EVP
M6EVQ,Available,Foundation,EVQ
M6EVR,Available,Foundation,EVR
M6EVS,Available,Foundation,EVS
M6EVT,Available,Foundation,EVT
M6EVU,Available,Foundation,EVU
M6EVV,Available,Foundation,EVV
M6EVX,Available,Foundation,EVX
M6EVY,Available,Foundation,EVY
M6EVZ,Available,Foundation,EVZ
M6EWC,Available,Foundation,EWC
M6EWF,Available,Foundation,EWF
M6EWH,Available,Foundation,EWH
M6EWI,Available,Foundation,EWI
M6EWJ,Available,Foundation,EWJ
M6EWK,Available,Foundation,EWK
M6EWL,Available,Foundation,EWL
M6EWN,Available,Foundation,EWN
M6EWO,Available,Foundation,EWO
M6EWQ,Available,Foundation,EWQ
M6EWR,Available,Foundation,EWR
M6EWU,Available,Foundation,EWU
M6EWV,Available,Foundation,EWV
M6EWY,Available,Foundation,EWY
M6EXA,Available,Foundation,EXA
M6EXB,Available,Foundation,EXB
M6EXC,Available,Foundation,EXC
M6EXD,Available,Foundation,EXD
M6EXF,Available,Foundation,EXF
M6EXG,Available,Foundation,EXG
M6EXH,Available,Foundation,EXH
M6EXI,Available,Foundation,EXI
M6EXJ,Available,Foundation,EXJ
M6EXK,Available,Foundation,EXK
M6EXL,Available,Foundation,EXL
M6EXM,Available,Foundation,EXM
M6EXN,Available,Foundation,EXN
M6EXO,Available,Foundation,EXO
M6EXQ,Available,Foundation,EXQ
M6EXR,Available,Foundation,EXR
M6EXS,Available,Foundation,EXS
M6EXU,Available,Foundation,EXU
M6EXV,Available,Foundation,EXV
M6EXW,Available,Foundation,EXW
M6EXX,Available,Foundation,EXX
M6EXZ,Available,Foundation,EXZ
M6EYA,Available,Foundation,EYA
M6EYB,Available,Foundation,EYB
M6EYC,Available,Foundation,EYC
M6EYD,Available,Foundation,EYD
M6EYF,Available,Foundation,EYF
M6EYG,Available,Foundation,EYG
M6EYH,Available,Foundation,EYH
M6EYI,Available,Foundation,EYI
M6EYJ,Available,Foundation,EYJ
M6EYK,Available,Foundation,EYK
M6EYL,Available,Foundation,EYL
M6EYN,Available,Foundation,EYN
M6EYO,Available,Foundation,EYO
M6EYP,Available,Foundation,EYP
M6EYQ,Available,Foundation,EYQ
M6EYS,Available,Foundation,EYS
M6EYU,Available,Foundation,EYU
M6EYV,Available,Foundation,EYV
M6EYW,Available,Foundation,EYW
M6EYX,Available,Foundation,EYX
M6EYY,Available,Foundation,EYY
M6EYZ,Available,Foundation,EYZ
M6EZA,Available,Foundation,EZA
M6EZB,Available,Foundation,EZB
M6EZC,Available,Foundation,EZC
M6EZD,Available,Foundation,EZD
M6EZF,Available,Foundation,EZF
M6EZG,Available,Foundation,EZG
M6EZH,Available,Foundation,EZH
M6EZJ,Available,Foundation,EZJ
M6EZK,Available,Foundation,EZK
M6EZL,Available,Foundation,EZL
M6EZM,Available,Foundation,EZM
M6EZN,Available,Foundation,EZN
M6EZO,Available,Foundation,EZO
M6EZP,Available,Foundation,EZP
M6EZQ,Available,Foundation,EZQ
M6EZR,Available,Foundation,EZR
M6EZS,Available,Foundation,EZS
M6EZT,Available,Foundation,EZT
M6EZU,Available,Foundation,EZU
M6EZV,Available,Foundation,EZV
M6EZW,Available,Foundation,EZW
M6EZX,Available,Foundation,EZX
M6EZY,Available,Foundation,EZY
M6FBE,Available,Foundation,FBE
M6FBF,Available,Foundation,FBF
M6FBG,Available,Foundation,FBG
M6FBJ,Available,Foundation,FBJ
M6FBL,Available,Foundation,FBL
M6FBM,Available,Foundation,FBM
M6FBN,Available,Foundation,FBN
M6FBO,Available,Foundation,FBO
M6FBP,Available,Foundation,FBP
M6FBQ,Available,Foundation,FBQ
M6FBR,Available,Foundation,FBR
M6FBT,Available,Foundation,FBT
M6FBV,Available,Foundation,FBV
M6FBW,Available,Foundation,FBW
M6FBX,Available,Foundation,FBX
M6FBY,Available,Foundation,FBY
M6FBZ,Available,Foundation,FBZ
M6FCA,Available,Foundation,FCA
M6FCB,Available,Foundation,FCB
M6FCD,Available,Foundation,FCD
M6FCE,Available,Foundation,FCE
M6FCF,Available,Foundation,FCF
M6FCI,Available,Foundation,FCI
M6FCJ,Available,Foundation,FCJ
M6FCK,Available,Foundation,FCK
M6FCM,Available,Foundation,FCM
M6FCN,Available,Foundation,FCN
M6FCO,Available,Foundation,FCO
M6FCP,Available,Foundation,FCP
M6FCQ,Available,Foundation,FCQ
M6FCR,Available,Foundation,FCR
M6FCT,Available,Foundation,FCT
M6FCW,Available,Foundation,FCW
M6FCX,Available,Foundation,FCX
M6FCY,Available,Foundation,FCY
M6FCZ,Available,Foundation,FCZ
M6FDA,Available,Foundation,FDA
M6FDC,Available,Foundation,FDC
M6FDD,Available,Foundation,FDD
M6FDF,Available,Foundation,FDF
M6FDG,Available,Foundation,FDG
M6FDH,Available,Foundation,FDH
M6FDI,Available,Foundation,FDI
M6FDJ,Available,Foundation,FDJ
M6FDK,Available,Foundation,FDK
M6FDL,Available,Foundation,FDL
M6FDM,Available,Foundation,FDM
M6FDN,Available,Foundation,FDN
M6FDO,Available,Foundation,FDO
M6FDP,Available,Foundation,FDP
M6FDQ,Available,Foundation,FDQ
M6FDS,Available,Foundation,FDS
M6FDT,Available,Foundation,FDT
M6FDU,Available,Foundation,FDU
M6FDV,Available,Foundation,FDV
M6FDW,Available,Foundation,FDW
M6FDX,Available,Foundation,FDX
M6FDY,Available,Foundation,FDY
M6FDZ,Available,Foundation,FDZ
M6FEC,Available,Foundation,FEC
M6FEF,Available,Foundation,FEF
M6FEH,Available,Foundation,FEH
M6FEI,Available,Foundation,FEI
M6FEJ,Available,Foundation,FEJ
M6FEM,Available,Foundation,FEM
M6FEN,Available,Foundation,FEN
M6FEO,Available,Foundation,FEO
M6FEP,Available,Foundation,FEP
M6FEQ,Available,Foundation,FEQ
M6FEU,Available,Foundation,FEU
M6FEV,Available,Foundation,FEV
M6FEW,Available,Foundation,FEW
M6FEX,Available,Foundation,FEX
M6FFA,Available,Foundation,FFA
M6FFB,Available,Foundation,FFB
M6FFE,Available,Foundation,FFE
M6FFG,Available,Foundation,FFG
M6FFI,Available,Foundation,FFI
M6FFJ,Available,Foundation,FFJ
M6FFK,Available,Foundation,FFK
M6FFL,Available,Foundation,FFL
M6FFM,Available,Foundation,FFM
M6FFN,Available,Foundation,FFN
M6FFO,Available,Foundation,FFO
M6FFP,Available,Foundation,FFP
M6FFQ,Available,Foundation,FFQ
M6FFU,Available,Foundation,FFU
M6FFV,Available,Foundation,FFV
M6FFW,Available,Foundation,FFW
M6FFX,Available,Foundation,FFX
M6FFY,Available,Foundation,FFY
M6FFZ,Available,Foundation,FFZ
M6FGA,Available,Foundation,FGA
M6FGB,Available,Foundation,FGB
M6FGC,Available,Foundation,FGC
M6FGD,Available,Foundation,FGD
M6FGE,Available,Foundation,FGE
M6FGF,Available,Foundation,FGF
M6FGH,Available,Foundation,FGH
M6FGI,Available,Foundation,FGI
M6FGJ,Available,Foundation,FGJ
M6FGK,Available,Foundation,FGK
M6FGL,Available,Foundation,FGL
M6FGM,Available,Foundation,FGM
M6FGN,Available,Foundation,FGN
M6FGO,Available,Foundation,FGO
M6FGQ,Available,Foundation,FGQ
M6FGR,Available,Foundation,FGR
M6FGS,Available,Foundation,FGS
M6FGT,Available,Foundation,FGT
M6FGU,Available,Foundation,FGU
M6FGV,Available,Foundation,FGV
M6FGW,Available,Foundation,FGW
M6FGX,Available,Foundation,FGX
M6FGZ,Available,Foundation,FGZ
M6FHA,Available,Foundation,FHA
M6FHB,Available,Foundation,FHB
M6FHD,Available,Foundation,FHD
M6FHE,Available,Foundation,FHE
M6FHF,Available,Foundation,FHF
M6FHG,Available,Foundation,FHG
M6FHI,Available,Foundation,FHI
M6FHJ,Available,Foundation,FHJ
M6FHK,Available,Foundation,FHK
M6FHL,Available,Foundation,FHL
M6FHN,Available,Foundation,FHN
M6FHO,Available,Foundation,FHO
M6FHP,Available,Foundation,FHP
M6FHQ,Available,Foundation,FHQ
M6FHS,Available,Foundation,FHS
M6FHT,Available,Foundation,FHT
M6FHU,Available,Foundation,FHU
M6FHV,Available,Foundation,FHV
M6FHX,Available,Foundation,FHX
M6FHY,Available,Foundation,FHY
M6FIB,Available,Foundation,FIB
M6FID,Available,Foundation,FID
M6FIE,Available,Foundation,FIE
M6FIF,Available,Foundation,FIF
M6FIH,Available,Foundation,FIH
M6FII,Available,Foundation,FII
M6FIJ,Available,Foundation,FIJ
M6FIK,Available,Foundation,FIK
M6FIM,Available,Foundation,FIM
M6FIO,Available,Foundation,FIO
M6FIP,Available,Foundation,FIP
M6FIQ,Available,Foundation,FIQ
M6FIU,Available,Foundation,FIU
M6FIV,Available,Foundation,FIV
M6FIW,Available,Foundation,FIW
M6FIY,Available,Foundation,FIY
M6FJD,Available,Foundation,FJD
M6FJE,Available,Foundation,FJE
M6FJF,Available,Foundation,FJF
M6FJG,Available,Foundation,FJG
M6FJH,Available,Foundation,FJH
M6FJI,Available,Foundation,FJI
M6FJK,Available,Foundation,FJK
M6FJL,Available,Foundation,FJL
M6FJM,Available,Foundation,FJM
M6FJN,Available,Foundation,FJN
M6FJO,Available,Foundation,FJO
M6FJP,Available,Foundation,FJP
M6FJQ,Available,Foundation,FJQ
M6FJS,Available,Foundation,FJS
M6FJT,Available,Foundation,FJT
M6FJU,Available,Foundation,FJU
M6FJV,Available,Foundation,FJV
M6FJW,Available,Foundation,FJW
M6FJX,Available,Foundation,FJX
M6FJZ,Available,Foundation,FJZ
M6FKA,Available,Foundation,FKA
M6FKB,Available,Foundation,FKB
M6FKC,Available,Foundation,FKC
M6FKD,Available,Foundation,FKD
M6FKE,Available,Foundation,FKE
M6FKF,Available,Foundation,FKF
M6FKG,Available,Foundation,FKG
M6FKH,Available,Foundation,FKH
M6FKI,Available,Foundation,FKI
M6FKL,Available,Foundation,FKL
M6FKN,Available,Foundation,FKN
M6FKO,Available,Foundation,FKO
M6FKP,Available,Foundation,FKP
M6FKQ,Available,Foundation,FKQ
M6FKR,Available,Foundation,FKR
M6FKS,Available,Foundation,FKS
M6FKT,Available,Foundation,FKT
M6FKV,Available,Foundation,FKV
M6FKW,Available,Foundation,FKW
M6FKX,Available,Foundation,FKX
M6FKY,Available,Foundation,FKY
M6FKZ,Available,Foundation,FKZ
M6FLF,Available,Foundation,FLF
M6FLJ,Available,Foundation,FLJ
M6FLL,Available,Foundation,FLL
M6FLM,Available,Foundation,FLM
M6FLN,Available,Foundation,FLN
M6FLP,Available,Foundation,FLP
M6FLQ,Available,Foundation,FLQ
M6FLR,Available,Foundation,FLR
M6FLS,Available,Foundation,FLS
M6FLU,Available,Foundation,FLU
M6FLV,Available,Foundation,FLV
M6FLW,Available,Foundation,FLW
M6FLZ,Available,Foundation,FLZ
M6FMB,Available,Foundation,FMB
M6FMD,Available,Foundation,FMD
M6FMF,Available,Foundation,FMF
M6FMH,Available,Foundation,FMH
M6FMI,Available,Foundation,FMI
M6FMK,Available,Foundation,FMK
M6FML,Available,Foundation,FML
M6FMN,Available,Foundation,FMN
M6FMP,Available,Foundation,FMP
M6FMQ,Available,Foundation,FMQ
M6FMR,Available,Foundation,FMR
M6FMT,Available,Foundation,FMT
M6FMV,Available,Foundation,FMV
M6FMW,Available,Foundation,FMW
M6FMX,Available,Foundation,FMX
M6FMY,Available,Foundation,FMY
M6FMZ,Available,Foundation,FMZ
M6FNA,Available,Foundation,FNA
M6FNC,Available,Foundation,FNC
M6FND,Available,Foundation,FND
M6FNE,Available,Foundation,FNE
M6FNF,Available,Foundation,FNF
M6FNH,Available,Foundation,FNH
M6FNI,Available,Foundation,FNI
M6FNJ,Available,Foundation,FNJ
M6FNL,Available,Foundation,FNL
M6FNN,Available,Foundation,FNN
M6FNO,Available,Foundation,FNO
M6FNP,Available,Foundation,FNP
M6FNQ,Available,Foundation,FNQ
M6FNR,Available,Foundation,FNR
M6FNS,Available,Foundation,FNS
M6FNT,Available,Foundation,FNT
M6FNU,Available,Foundation,FNU
M6FNV,Available,Foundation,FNV
M6FNW,Available,Foundation,FNW
M6FNX,Available,Foundation,FNX
M6FNY,Available,Foundation,FNY
M6FNZ,Available,Foundation,FNZ
M6FOB,Available,Foundation,FOB
M6FOE,Available,Foundation,FOE
M6FOH,Available,Foundation,FOH
M6FOI,Available,Foundation,FOI
M6FOK,Available,Foundation,FOK
M6FOL,Available,Foundation,FOL
M6FOM,Available,Foundation,FOM
M6FON,Available,Foundation,FON
M6FOQ,Available,Foundation,FOQ
M6FOT,Available,Foundation,FOT
M6FOU,Available,Foundation,FOU
M6FOV,Available,Foundation,FOV
M6FOW,Available,Foundation,FOW
M6FPA,Available,Foundation,FPA
M6FPB,Available,Foundation,FPB
M6FPG,Available,Foundation,FPG
M6FPH,Available,Foundation,FPH
M6FPI,Available,Foundation,FPI
M6FPJ,Available,Foundation,FPJ
M6FPL,Available,Foundation,FPL
M6FPM,Available,Foundation,FPM
M6FPN,Available,Foundation,FPN
M6FPO,Available,Foundation,FPO
M6FPP,Available,Foundation,FPP
M6FPQ,Available,Foundation,FPQ
M6FPR,Available,Foundation,FPR
M6FPS,Available,Foundation,FPS
M6FPT,Available,Foundation,FPT
M6FPU,Available,Foundation,FPU
M6FPW,Available,Foundation,FPW
M6FPX,Available,Foundation,FPX
M6FPY,Available,Foundation,FPY
M6FPZ,Available,Foundation,FPZ
M6FQA,Available,Foundation,FQA
M6FQB,Available,Foundation,FQB
M6FQC,Available,Foundation,FQC
M6FQD,Available,Foundation,FQD
M6FQE,Available,Foundation,FQE
M6FQF,Available,Foundation,FQF
M6FQG,Available,Foundation,FQG
M6FQH,Available,Foundation,FQH
M6FQI,Available,Foundation,FQI
M6FQJ,Available,Foundation,FQJ
M6FQK,Available,Foundation,FQK
M6FQL,Available,Foundation,FQL
M6FQM,Available,Foundation,FQM
M6FQN,Available,Foundation,FQN
M6FQO,Available,Foundation,FQO
M6FQP,Available,Foundation,FQP
M6FQQ,Available,Foundation,FQQ
M6FQR,Available,Foundation,FQR
M6FQS,Available,Foundation,FQS
M6FQT,Available,Foundation,FQT
M6FQU,Available,Foundation,FQU
M6FQV,Available,Foundation,FQV
M6FQW,Available,Foundation,FQW
M6FQX,Available,Foundation,FQX
M6FQY,Available,Foundation,FQY
M6FQZ,Available,Foundation,FQZ
M6FRB,Available,Foundation,FRB
M6FRF,Available,Foundation,FRF
M6FRH,Available,Foundation,FRH
M6FRI,Available,Foundation,FRI
M6FRJ,Available,Foundation,FRJ
M6FRK,Available,Foundation,FRK
M6FRL,Available,Foundation,FRL
M6FRM,Available,Foundation,FRM
M6FRN,Available,Foundation,FRN
M6FRP,Available,Foundation,FRP
M6FRQ,Available,Foundation,FRQ
M6FRR,Available,Foundation,FRR
M6FRW,Available,Foundation,FRW
M6FRX,Available,Foundation,FRX
M6FRZ,Available,Foundation,FRZ
M6FSA,Available,Foundation,FSA
M6FSB,Available,Foundation,FSB
M6FSD,Available,Foundation,FSD
M6FSE,Available,Foundation,FSE
M6FSF,Available,Foundation,FSF
M6FSH,Available,Foundation,FSH
M6FSI,Available,Foundation,FSI
M6FSL,Available,Foundation,FSL
M6FSN,Available,Foundation,FSN
M6FSO,Available,Foundation,FSO
M6FSQ,Available,Foundation,FSQ
M6FSS,Available,Foundation,FSS
M6FSU,Available,Foundation,FSU
M6FSV,Available,Foundation,FSV
M6FSW,Available,Foundation,FSW
M6FSY,Available,Foundation,FSY
M6FSZ,Available,Foundation,FSZ
M6FTA,Available,Foundation,FTA
M6FTB,Available,Foundation,FTB
M6FTC,Available,Foundation,FTC
M6FTE,Available,Foundation,FTE
M6FTH,Available,Foundation,FTH
M6FTI,Available,Foundation,FTI
M6FTJ,Available,Foundation,FTJ
M6FTM,Available,Foundation,FTM
M6FTP,Available,Foundation,FTP
M6FTQ,Available,Foundation,FTQ
M6FTR,Available,Foundation,FTR
M6FTT,Available,Foundation,FTT
M6FTU,Available,Foundation,FTU
M6FUB,Available,Foundation,FUB
M6FUD,Available,Foundation,FUD
M6FUE,Available,Foundation,FUE
M6FUF,Available,Foundation,FUF
M6FUG,Available,Foundation,FUG
M6FUH,Available,Foundation,FUH
M6FUI,Available,Foundation,FUI
M6FUJ,Available,Foundation,FUJ
M6FUL,Available,Foundation,FUL
M6FUM,Available,Foundation,FUM
M6FUP,Available,Foundation,FUP
M6FUQ,Available,Foundation,FUQ
M6FUR,Available,Foundation,FUR
M6FUS,Available,Foundation,FUS
M6FUT,Available,Foundation,FUT
M6FUV,Available,Foundation,FUV
M6FUW,Available,Foundation,FUW
M6FUY,Available,Foundation,FUY
M6FVA,Available,Foundation,FVA
M6FVB,Available,Foundation,FVB
M6FVC,Available,Foundation,FVC
M6FVD,Available,Foundation,FVD
M6FVE,Available,Foundation,FVE
M6FVF,Available,Foundation,FVF
M6FVG,Available,Foundation,FVG
M6FVH,Available,Foundation,FVH
M6FVI,Available,Foundation,FVI
M6FVJ,Available,Foundation,FVJ
M6FVK,Available,Foundation,FVK
M6FVL,Available,Foundation,FVL
M6FVM,Available,Foundation,FVM
M6FVN,Available,Foundation,FVN
M6FVO,Available,Foundation,FVO
M6FVP,Available,Foundation,FVP
M6FVQ,Available,Foundation,FVQ
M6FVR,Available,Foundation,FVR
M6FVS,Available,Foundation,FVS
M6FVT,Available,Foundation,FVT
M6FVU,Available,Foundation,FVU
M6FVV,Available,Foundation,FVV
M6FVW,Available,Foundation,FVW
M6FVX,Available,Foundation,FVX
M6FVZ,Available,Foundation,FVZ
M6FWB,Available,Foundation,FWB
M6FWC,Available,Foundation,FWC
M6FWD,Available,Foundation,FWD
M6FWG,Available,Foundation,FWG
M6FWH,Available,Foundation,FWH
M6FWI,Available,Foundation,FWI
M6FWJ,Available,Foundation,FWJ
M6FWK,Available,Foundation,FWK
M6FWL,Available,Foundation,FWL
M6FWM,Available,Foundation,FWM
M6FWN,Available,Foundation,FWN
M6FWO,Available,Foundation,FWO
M6FWP,Available,Foundation,FWP
M6FWQ,Available,Foundation,FWQ
M6FWT,Available,Foundation,FWT
M6FWU,Available,Foundation,FWU
M6FWV,Available,Foundation,FWV
M6FWW,Available,Foundation,FWW
M6FWX,Available,Foundation,FWX
M6FWZ,Available,Foundation,FWZ
M6FXA,Available,Foundation,FXA
M6FXB,Available,Foundation,FXB
M6FXC,Available,Foundation,FXC
M6FXD,Available,Foundation,FXD
M6FXE,Available,Foundation,FXE
M6FXG,Available,Foundation,FXG
M6FXH,Available,Foundation,FXH
M6FXI,Available,Foundation,FXI
M6FXJ,Available,Foundation,FXJ
M6FXK,Available,Foundation,FXK
M6FXL,Available,Foundation,FXL
M6FXM,Available,Foundation,FXM
M6FXN,Available,Foundation,FXN
M6FXO,Available,Foundation,FXO
M6FXP,Available,Foundation,FXP
M6FXQ,Available,Foundation,FXQ
M6FXR,Available,Foundation,FXR
M6FXS,Available,Foundation,FXS
M6FXU,Available,Foundation,FXU
M6FXV,Available,Foundation,FXV
M6FXW,Available,Foundation,FXW
M6FXX,Available,Foundation,FXX
M6FXZ,Available,Foundation,FXZ
M6FYA,Available,Foundation,FYA
M6FYB,Available,Foundation,FYB
M6FYC,Available,Foundation,FYC
M6FYD,Available,Foundation,FYD
M6FYE,Available,Foundation,FYE
M6FYF,Available,Foundation,FYF
M6FYG,Available,Foundation,FYG
M6FYH,Available,Foundation,FYH
M6FYJ,Available,Foundation,FYJ
M6FYK,Available,Foundation,FYK
M6FYM,Available,Foundation,FYM
M6FYN,Available,Foundation,FYN
M6FYO,Available,Foundation,FYO
M6FYP,Available,Foundation,FYP
M6FYQ,Available,Foundation,FYQ
M6FYR,Available,Foundation,FYR
M6FYS,Available,Foundation,FYS
M6FYT,Available,Foundation,FYT
M6FYU,Available,Foundation,FYU
M6FYV,Available,Foundation,FYV
M6FYW,Available,Foundation,FYW
M6FYX,Available,Foundation,FYX
M6FYY,Available,Foundation,FYY
M6FYZ,Available,Foundation,FYZ
M6FZA,Available,Foundation,FZA
M6FZB,Available,Foundation,FZB
M6FZC,Available,Foundation,FZC
M6FZD,Available,Foundation,FZD
M6FZE,Available,Foundation,FZE
M6FZG,Available,Foundation,FZG
M6FZH,Available,Foundation,FZH
M6FZI,Available,Foundation,FZI
M6FZJ,Available,Foundation,FZJ
M6FZK,Available,Foundation,FZK
M6FZL,Available,Foundation,FZL
M6FZM,Available,Foundation,FZM
M6FZN,Available,Foundation,FZN
M6FZO,Available,Foundation,FZO
M6FZP,Available,Foundation,FZP
M6FZQ,Available,Foundation,FZQ
M6FZS,Available,Foundation,FZS
M6FZT,Available,Foundation,FZT
M6FZU,Available,Foundation,FZU
M6FZV,Available,Foundation,FZV
M6FZW,Available,Foundation,FZW
M6FZX,Available,Foundation,FZX
M6FZY,Available,Foundation,FZY
M6FZZ,Available,Foundation,FZZ
M6GCI,Available,Foundation,GCI
M6GCJ,Available,Foundation,GCJ
M6GCL,Available,Foundation,GCL
M6GCN,Available,Foundation,GCN
M6GCO,Available,Foundation,GCO
M6GCQ,Available,Foundation,GCQ
M6GCV,Available,Foundation,GCV
M6GCX,Available,Foundation,GCX
M6GCY,Available,Foundation,GCY
M6GCZ,Available,Foundation,GCZ
M6GDA,Available,Foundation,GDA
M6GDI,Available,Foundation,GDI
M6GDJ,Available,Foundation,GDJ
M6GDK,Available,Foundation,GDK
M6GDL,Available,Foundation,GDL
M6GDO,Available,Foundation,GDO
M6GDP,Available,Foundation,GDP
M6GDQ,Available,Foundation,GDQ
M6GDU,Available,Foundation,GDU
M6GDV,Available,Foundation,GDV
M6GEI,Available,Foundation,GEI
M6GEK,Available,Foundation,GEK
M6GEP,Available,Foundation,GEP
M6GEU,Available,Foundation,GEU
M6GEV,Available,Foundation,GEV
M6GEX,Available,Foundation,GEX
M6GEY,Available,Foundation,GEY
M6GFA,Available,Foundation,GFA
M6GFD,Available,Foundation,GFD
M6GFE,Available,Foundation,GFE
M6GFF,Available,Foundation,GFF
M6GFG,Available,Foundation,GFG
M6GFI,Available,Foundation,GFI
M6GFJ,Available,Foundation,GFJ
M6GFK,Available,Foundation,GFK
M6GFL,Available,Foundation,GFL
M6GFM,Available,Foundation,GFM
M6GFN,Available,Foundation,GFN
M6GFP,Available,Foundation,GFP
M6GFQ,Available,Foundation,GFQ
M6GFR,Available,Foundation,GFR
M6GFS,Available,Foundation,GFS
M6GFT,Available,Foundation,GFT
M6GFU,Available,Foundation,GFU
M6GFV,Available,Foundation,GFV
M6GFZ,Available,Foundation,GFZ
M6GGA,Available,Foundation,GGA
M6GGF,Available,Foundation,GGF
M6GGI,Available,Foundation,GGI
M6GGJ,Available,Foundation,GGJ
M6GGK,Available,Foundation,GGK
M6GGL,Available,Foundation,GGL
M6GGN,Available,Foundation,GGN
M6GGO,Available,Foundation,GGO
M6GGP,Available,Foundation,GGP
M6GGQ,Available,Foundation,GGQ
M6GGR,Available,Foundation,GGR
M6GGS,Available,Foundation,GGS
M6GGU,Available,Foundation,GGU
M6GGV,Available,Foundation,GGV
M6GGX,Available,Foundation,GGX
M6GHA,Available,Foundation,GHA
M6GHB,Available,Foundation,GHB
M6GHC,Available,Foundation,GHC
M6GHG,Available,Foundation,GHG
M6GHH,Available,Foundation,GHH
M6GHJ,Available,Foundation,GHJ
M6GHK,Available,Foundation,GHK
M6GHM,Available,Foundation,GHM
M6GHN,Available,Foundation,GHN
M6GHQ,Available,Foundation,GHQ
M6GHR,Available,Foundation,GHR
M6GHS,Available,Foundation,GHS
M6GHV,Available,Foundation,GHV
M6GHX,Available,Foundation,GHX
M6GHY,Available,Foundation,GHY
M6GIA,Available,Foundation,GIA
M6GID,Available,Foundation,GID
M6GIE,Available,Foundation,GIE
M6GIF,Available,Foundation,GIF
M6GIH,Available,Foundation,GIH
M6GII,Available,Foundation,GII
M6GIJ,Available,Foundation,GIJ
M6GIK,Available,Foundation,GIK
M6GIO,Available,Foundation,GIO
M6GIQ,Available,Foundation,GIQ
M6GIR,Available,Foundation,GIR
M6GIS,Available,Foundation,GIS
M6GIU,Available,Foundation,GIU
M6GIV,Available,Foundation,GIV
M6GIW,Available,Foundation,GIW
M6GIY,Available,Foundation,GIY
M6GJA,Available,Foundation,GJA
M6GJD,Available,Foundation,GJD
M6GJF,Available,Foundation,GJF
M6GJG,Available,Foundation,GJG
M6GJH,Available,Foundation,GJH
M6GJI,Available,Foundation,GJI
M6GJL,Available,Foundation,GJL
M6GJQ,Available,Foundation,GJQ
M6GJU,Available,Foundation,GJU
M6GJV,Available,Foundation,GJV
M6GJX,Available,Foundation,GJX
M6GJY,Available,Foundation,GJY
M6GJZ,Available,Foundation,GJZ
M6GKE,Available,Foundation,GKE
M6GKF,Available,Foundation,GKF
M6GKH,Available,Foundation,GKH
M6GKI,Available,Foundation,GKI
M6GKJ,Available,Foundation,GKJ
M6GKK,Available,Foundation,GKK
M6GKL,Available,Foundation,GKL
M6GKO,Available,Foundation,GKO
M6GKQ,Available,Foundation,GKQ
M6GKR,Available,Foundation,GKR
M6GKT,Available,Foundation,GKT
M6GKU,Available,Foundation,GKU
M6GKV,Available,Foundation,GKV
M6GKZ,Available,Foundation,GKZ
M6GLJ,Available,Foundation,GLJ
M6GLK,Available,Foundation,GLK
M6GLL,Available,Foundation,GLL
M6GLM,Available,Foundation,GLM
M6GLP,Available,Foundation,GLP
M6GLQ,Available,Foundation,GLQ
M6GLU,Available,Foundation,GLU
M6GLZ,Available,Foundation,GLZ
M6GMJ,Available,Foundation,GMJ
M6GMQ,Available,Foundation,GMQ
M6GMS,Available,Foundation,GMS
M6GMU,Available,Foundation,GMU
M6GMV,Available,Foundation,GMV
M6GNB,Available,Foundation,GNB
M6GNC,Available,Foundation,GNC
M6GNE,Available,Foundation,GNE
M6GNF,Available,Foundation,GNF
M6GNH,Available,Foundation,GNH
M6GNI,Available,Foundation,GNI
M6GNJ,Available,Foundation,GNJ
M6GNN,Available,Foundation,GNN
M6GNP,Available,Foundation,GNP
M6GNQ,Available,Foundation,GNQ
M6GNS,Available,Foundation,GNS
M6GNV,Available,Foundation,GNV
M6GNW,Available,Foundation,GNW
M6GNX,Available,Foundation,GNX
M6GNY,Available,Foundation,GNY
M6GOA,Available,Foundation,GOA
M6GOC,Available,Foundation,GOC
M6GOE,Available,Foundation,GOE
M6GOI,Available,Foundation,GOI
M6GOJ,Available,Foundation,GOJ
M6GOP,Available,Foundation,GOP
M6GOQ,Available,Foundation,GOQ
M6GOS,Available,Foundation,GOS
M6GOU,Available,Foundation,GOU
M6GOV,Available,Foundation,GOV
M6GOX,Available,Foundation,GOX
M6GOY,Available,Foundation,GOY
M6GPB,Available,Foundation,GPB
M6GPD,Available,Foundation,GPD
M6GPI,Available,Foundation,GPI
M6GPJ,Available,Foundation,GPJ
M6GPK,Available,Foundation,GPK
M6GPM,Available,Foundation,GPM
M6GPN,Available,Foundation,GPN
M6GPP,Available,Foundation,GPP
M6GPQ,Available,Foundation,GPQ
M6GPT,Available,Foundation,GPT
M6GPV,Available,Foundation,GPV
M6GPY,Available,Foundation,GPY
M6GQA,Available,Foundation,GQA
M6GQC,Available,Foundation,GQC
M6GQD,Available,Foundation,GQD
M6GQE,Available,Foundation,GQE
M6GQF,Available,Foundation,GQF
M6GQG,Available,Foundation,GQG
M6GQH,Available,Foundation,GQH
M6GQI,Available,Foundation,GQI
M6GQJ,Available,Foundation,GQJ
M6GQK,Available,Foundation,GQK
M6GQL,Available,Foundation,GQL
M6GQM,Available,Foundation,GQM
M6GQN,Available,Foundation,GQN
M6GQO,Available,Foundation,GQO
M6GQP,Available,Foundation,GQP
M6GQQ,Available,Foundation,GQQ
M6GQR,Available,Foundation,GQR
M6GQS,Available,Foundation,GQS
M6GQT,Available,Foundation,GQT
M6GQU,Available,Foundation,GQU
M6GQV,Available,Foundation,GQV
M6GQW,Available,Foundation,GQW
M6GQX,Available,Foundation,GQX
M6GQY,Available,Foundation,GQY
M6GQZ,Available,Foundation,GQZ
M6GRD,Available,Foundation,GRD
M6GRI,Available,Foundation,GRI
M6GRQ,Available,Foundation,GRQ
M6GSC,Available,Foundation,GSC
M6GSH,Available,Foundation,GSH
M6GSL,Available,Foundation,GSL
M6GSN,Available,Foundation,GSN
M6GSO,Available,Foundation,GSO
M6GSQ,Available,Foundation,GSQ
M6GSR,Available,Foundation,GSR
M6GSU,Available,Foundation,GSU
M6GSV,Available,Foundation,GSV
M6GSZ,Available,Foundation,GSZ
M6GTD,Available,Foundation,GTD
M6GTE,Available,Foundation,GTE
M6GTF,Available,Foundation,GTF
M6GTG,Available,Foundation,GTG
M6GTK,Available,Foundation,GTK
M6GTN,Available,Foundation,GTN
M6GTQ,Available,Foundation,GTQ
M6GTT,Available,Foundation,GTT
M6GTU,Available,Foundation,GTU
M6GTZ,Available,Foundation,GTZ
M6GUA,Available,Foundation,GUA
M6GUB,Available,Foundation,GUB
M6GUC,Available,Foundation,GUC
M6GUE,Available,Foundation,GUE
M6GUF,Available,Foundation,GUF
M6GUG,Available,Foundation,GUG
M6GUH,Available,Foundation,GUH
M6GUI,Available,Foundation,GUI
M6GUJ,Available,Foundation,GUJ
M6GUK,Available,Foundation,GUK
M6GUL,Available,Foundation,GUL
M6GUM,Available,Foundation,GUM
M6GUO,Available,Foundation,GUO
M6GUP,Available,Foundation,GUP
M6GUQ,Available,Foundation,GUQ
M6GUS,Available,Foundation,GUS
M6GUU,Available,Foundation,GUU
M6GUW,Available,Foundation,GUW
M6GUX,Available,Foundation,GUX
M6GVA,Available,Foundation,GVA
M6GVB,Available,Foundation,GVB
M6GVD,Available,Foundation,GVD
M6GVE,Available,Foundation,GVE
M6GVG,Available,Foundation,GVG
M6GVH,Available,Foundation,GVH
M6GVI,Available,Foundation,GVI
M6GVJ,Available,Foundation,GVJ
M6GVK,Available,Foundation,GVK
M6GVL,Available,Foundation,GVL
M6GVM,Available,Foundation,GVM
M6GVO,Available,Foundation,GVO
M6GVP,Available,Foundation,GVP
M6GVQ,Available,Foundation,GVQ
M6GVR,Available,Foundation,GVR
M6GVS,Available,Foundation,GVS
M6GVT,Available,Foundation,GVT
M6GVU,Available,Foundation,GVU
M6GVV,Available,Foundation,GVV
M6GVX,Available,Foundation,GVX
M6GVY,Available,Foundation,GVY
M6GVZ,Available,Foundation,GVZ
M6GWD,Available,Foundation,GWD
M6GWG,Available,Foundation,GWG
M6GWI,Available,Foundation,GWI
M6GWJ,Available,Foundation,GWJ
M6GWL,Available,Foundation,GWL
M6GWN,Available,Foundation,GWN
M6GWP,Available,Foundation,GWP
M6GWQ,Available,Foundation,GWQ
M6GWU,Available,Foundation,GWU
M6GWV,Available,Foundation,GWV
M6GWX,Available,Foundation,GWX
M6GWY,Available,Foundation,GWY
M6GWZ,Available,Foundation,GWZ
M6GXB,Available,Foundation,GXB
M6GXC,Available,Foundation,GXC
M6GXD,Available,Foundation,GXD
M6GXE,Available,Foundation,GXE
M6GXF,Available,Foundation,GXF
M6GXG,Available,Foundation,GXG
M6GXH,Available,Foundation,GXH
M6GXI,Available,Foundation,GXI
M6GXJ,Available,Foundation,GXJ
M6GXK,Available,Foundation,GXK
M6GXL,Available,Foundation,GXL
M6GXM,Available,Foundation,GXM
M6GXN,Available,Foundation,GXN
M6GXP,Available,Foundation,GXP
M6GXQ,Available,Foundation,GXQ
M6GXR,Available,Foundation,GXR
M6GXS,Available,Foundation,GXS
M6GXT,Available,Foundation,GXT
M6GXU,Available,Foundation,GXU
M6GXV,Available,Foundation,GXV
M6GXX,Available,Foundation,GXX
M6GXY,Available,Foundation,GXY
M6GXZ,Available,Foundation,GXZ
M6GYB,Available,Foundation,GYB
M6GYC,Available,Foundation,GYC
M6GYD,Available,Foundation,GYD
M6GYE,Available,Foundation,GYE
M6GYF,Available,Foundation,GYF
M6GYG,Available,Foundation,GYG
M6GYH,Available,Foundation,GYH
M6GYI,Available,Foundation,GYI
M6GYJ,Available,Foundation,GYJ
M6GYK,Available,Foundation,GYK
M6GYL,Available,Foundation,GYL
M6GYP,Available,Foundation,GYP
M6GYQ,Available,Foundation,GYQ
M6GYR,Available,Foundation,GYR
M6GYS,Available,Foundation,GYS
M6GYT,Available,Foundation,GYT
M6GYU,Available,Foundation,GYU
M6GYW,Available,Foundation,GYW
M6GYX,Available,Foundation,GYX
M6GYY,Available,Foundation,GYY
M6GYZ,Available,Foundation,GYZ
M6GZA,Available,Foundation,GZA
M6GZB,Available,Foundation,GZB
M6GZC,Available,Foundation,GZC
M6GZD,Available,Foundation,GZD
M6GZF,Available,Foundation,GZF
M6GZG,Available,Foundation,GZG
M6GZH,Available,Foundation,GZH
M6GZI,Available,Foundation,GZI
M6GZJ,Available,Foundation,GZJ
M6GZK,Available,Foundation,GZK
M6GZL,Available,Foundation,GZL
M6GZN,Available,Foundation,GZN
M6GZP,Available,Foundation,GZP
M6GZQ,Available,Foundation,GZQ
M6GZR,Available,Foundation,GZR
M6GZS,Available,Foundation,GZS
M6GZU,Available,Foundation,GZU
M6GZV,Available,Foundation,GZV
M6GZW,Available,Foundation,GZW
M6GZX,Available,Foundation,GZX
M6GZY,Available,Foundation,GZY
M6GZZ,Available,Foundation,GZZ
M6HAU,Available,Foundation,HAU
M6HBD,Available,Foundation,HBD
M6HBE,Available,Foundation,HBE
M6HBF,Available,Foundation,HBF
M6HBG,Available,Foundation,HBG
M6HBH,Available,Foundation,HBH
M6HBI,Available,Foundation,HBI
M6HBJ,Available,Foundation,HBJ
M6HBK,Available,Foundation,HBK
M6HBM,Available,Foundation,HBM
M6HBN,Available,Foundation,HBN
M6HBP,Available,Foundation,HBP
M6HBQ,Available,Foundation,HBQ
M6HBU,Available,Foundation,HBU
M6HBV,Available,Foundation,HBV
M6HBW,Available,Foundation,HBW
M6HBX,Available,Foundation,HBX
M6HBY,Available,Foundation,HBY
M6HBZ,Available,Foundation,HBZ
M6HCA,Available,Foundation,HCA
M6HCB,Available,Foundation,HCB
M6HCC,Available,Foundation,HCC
M6HCE,Available,Foundation,HCE
M6HCG,Available,Foundation,HCG
M6HCI,Available,Foundation,HCI
M6HCK,Available,Foundation,HCK
M6HCN,Available,Foundation,HCN
M6HCO,Available,Foundation,HCO
M6HCT,Available,Foundation,HCT
M6HCU,Available,Foundation,HCU
M6HCV,Available,Foundation,HCV
M6HCW,Available,Foundation,HCW
M6HCX,Available,Foundation,HCX
M6HCY,Available,Foundation,HCY
M6HCZ,Available,Foundation,HCZ
M6HDA,Available,Foundation,HDA
M6HDE,Available,Foundation,HDE
M6HDG,Available,Foundation,HDG
M6HDH,Available,Foundation,HDH
M6HDI,Available,Foundation,HDI
M6HDL,Available,Foundation,HDL
M6HDM,Available,Foundation,HDM
M6HDN,Available,Foundation,HDN
M6HDO,Available,Foundation,HDO
M6HDP,Available,Foundation,HDP
M6HDQ,Available,Foundation,HDQ
M6HDR,Available,Foundation,HDR
M6HDT,Available,Foundation,HDT
M6HDU,Available,Foundation,HDU
M6HDV,Available,Foundation,HDV
M6HDY,Available,Foundation,HDY
M6HEC,Available,Foundation,HEC
M6HEI,Available,Foundation,HEI
M6HEJ,Available,Foundation,HEJ
M6HEK,Available,Foundation,HEK
M6HEM,Available,Foundation,HEM
M6HEO,Available,Foundation,HEO
M6HEQ,Available,Foundation,HEQ
M6HER,Available,Foundation,HER
M6HET,Available,Foundation,HET
M6HEU,Available,Foundation,HEU
M6HEZ,Available,Foundation,HEZ
M6HFA,Available,Foundation,HFA
M6HFB,Available,Foundation,HFB
M6HFE,Available,Foundation,HFE
M6HFF,Available,Foundation,HFF
M6HFH,Available,Foundation,HFH
M6HFI,Available,Foundation,HFI
M6HFL,Available,Foundation,HFL
M6HFM,Available,Foundation,HFM
M6HFN,Available,Foundation,HFN
M6HFO,Available,Foundation,HFO
M6HFP,Available,Foundation,HFP
M6HFQ,Available,Foundation,HFQ
M6HFS,Available,Foundation,HFS
M6HFU,Available,Foundation,HFU
M6HFV,Available,Foundation,HFV
M6HFX,Available,Foundation,HFX
M6HFY,Available,Foundation,HFY
M6HFZ,Available,Foundation,HFZ
M6HGA,Available,Foundation,HGA
M6HGC,Available,Foundation,HGC
M6HGD,Available,Foundation,HGD
M6HGE,Available,Foundation,HGE
M6HGF,Available,Foundation,HGF
M6HGH,Available,Foundation,HGH
M6HGI,Available,Foundation,HGI
M6HGJ,Available,Foundation,HGJ
M6HGM,Available,Foundation,HGM
M6HGN,Available,Foundation,HGN
M6HGO,Available,Foundation,HGO
M6HGP,Available,Foundation,HGP
M6HGQ,Available,Foundation,HGQ
M6HGR,Available,Foundation,HGR
M6HGS,Available,Foundation,HGS
M6HGT,Available,Foundation,HGT
M6HGU,Available,Foundation,HGU
M6HGX,Available,Foundation,HGX
M6HGY,Available,Foundation,HGY
M6HGZ,Available,Foundation,HGZ
M6HHA,Available,Foundation,HHA
M6HHB,Available,Foundation,HHB
M6HHC,Available,Foundation,HHC
M6HHD,Available,Foundation,HHD
M6HHE,Available,Foundation,HHE
M6HHF,Available,Foundation,HHF
M6HHG,Available,Foundation,HHG
M6HHI,Available,Foundation,HHI
M6HHJ,Available,Foundation,HHJ
M6HHK,Available,Foundation,HHK
M6HHL,Available,Foundation,HHL
M6HHM,Available,Foundation,HHM
M6HHN,Available,Foundation,HHN
M6HHO,Available,Foundation,HHO
M6HHP,Available,Foundation,HHP
M6HHQ,Available,Foundation,HHQ
M6HHR,Available,Foundation,HHR
M6HHT,Available,Foundation,HHT
M6HHU,Available,Foundation,HHU
M6HHV,Available,Foundation,HHV
M6HHW,Available,Foundation,HHW
M6HHX,Available,Foundation,HHX
M6HHY,Available,Foundation,HHY
M6HHZ,Available,Foundation,HHZ
M6HIA,Available,Foundation,HIA
M6HIE,Available,Foundation,HIE
M6HIF,Available,Foundation,HIF
M6HIH,Available,Foundation,HIH
M6HII,Available,Foundation,HII
M6HIJ,Available,Foundation,HIJ
M6HIK,Available,Foundation,HIK
M6HIN,Available,Foundation,HIN
M6HIO,Available,Foundation,HIO
M6HIP,Available,Foundation,HIP
M6HIR,Available,Foundation,HIR
M6HIS,Available,Foundation,HIS
M6HIT,Available,Foundation,HIT
M6HIU,Available,Foundation,HIU
M6HIW,Available,Foundation,HIW
M6HIY,Available,Foundation,HIY
M6HIZ,Available,Foundation,HIZ
M6HJC,Available,Foundation,HJC
M6HJD,Available,Foundation,HJD
M6HJE,Available,Foundation,HJE
M6HJF,Available,Foundation,HJF
M6HJG,Available,Foundation,HJG
M6HJH,Available,Foundation,HJH
M6HJI,Available,Foundation,HJI
M6HJJ,Available,Foundation,HJJ
M6HJK,Available,Foundation,HJK
M6HJM,Available,Foundation,HJM
M6HJN,Available,Foundation,HJN
M6HJO,Available,Foundation,HJO
M6HJQ,Available,Foundation,HJQ
M6HJU,Available,Foundation,HJU
M6HJV,Available,Foundation,HJV
M6HJX,Available,Foundation,HJX
M6HJY,Available,Foundation,HJY
M6HJZ,Available,Foundation,HJZ
M6HKB,Available,Foundation,HKB
M6HKD,Available,Foundation,HKD
M6HKE,Available,Foundation,HKE
M6HKF,Available,Foundation,HKF
M6HKG,Available,Foundation,HKG
M6HKH,Available,Foundation,HKH
M6HKI,Available,Foundation,HKI
M6HKJ,Available,Foundation,HKJ
M6HKK,Available,Foundation,HKK
M6HKM,Available,Foundation,HKM
M6HKO,Available,Foundation,HKO
M6HKP,Available,Foundation,HKP
M6HKQ,Available,Foundation,HKQ
M6HKR,Available,Foundation,HKR
M6HKS,Available,Foundation,HKS
M6HKT,Available,Foundation,HKT
M6HKU,Available,Foundation,HKU
M6HKV,Available,Foundation,HKV
M6HKW,Available,Foundation,HKW
M6HKZ,Available,Foundation,HKZ
M6HLA,Available,Foundation,HLA
M6HLC,Available,Foundation,HLC
M6HLE,Available,Foundation,HLE
M6HLF,Available,Foundation,HLF
M6HLG,Available,Foundation,HLG
M6HLH,Available,Foundation,HLH
M6HLI,Available,Foundation,HLI
M6HLK,Available,Foundation,HLK
M6HLL,Available,Foundation,HLL
M6HLM,Available,Foundation,HLM
M6HLN,Available,Foundation,HLN
M6HLP,Available,Foundation,HLP
M6HLQ,Available,Foundation,HLQ
M6HLR,Available,Foundation,HLR
M6HLS,Available,Foundation,HLS
M6HLU,Available,Foundation,HLU
M6HLV,Available,Foundation,HLV
M6HLW,Available,Foundation,HLW
M6HLX,Available,Foundation,HLX
M6HLY,Available,Foundation,HLY
M6HME,Available,Foundation,HME
M6HMF,Available,Foundation,HMF
M6HMI,Available,Foundation,HMI
M6HMK,Available,Foundation,HMK
M6HML,Available,Foundation,HML
M6HMM,Available,Foundation,HMM
M6HMO,Available,Foundation,HMO
M6HMQ,Available,Foundation,HMQ
M6HMT,Available,Foundation,HMT
M6HMU,Available,Foundation,HMU
M6HMX,Available,Foundation,HMX
M6HMZ,Available,Foundation,HMZ
M6HNA,Available,Foundation,HNA
M6HND,Available,Foundation,HND
M6HNE,Available,Foundation,HNE
M6HNF,Available,Foundation,HNF
M6HNG,Available,Foundation,HNG
M6HNH,Available,Foundation,HNH
M6HNI,Available,Foundation,HNI
M6HNJ,Available,Foundation,HNJ
M6HNK,Available,Foundation,HNK
M6HNL,Available,Foundation,HNL
M6HNM,Available,Foundation,HNM
M6HNN,Available,Foundation,HNN
M6HNO,Available,Foundation,HNO
M6HNP,Available,Foundation,HNP
M6HNQ,Available,Foundation,HNQ
M6HNR,Available,Foundation,HNR
M6HNS,Available,Foundation,HNS
M6HNT,Available,Foundation,HNT
M6HNU,Available,Foundation,HNU
M6HNV,Available,Foundation,HNV
M6HNW,Available,Foundation,HNW
M6HNX,Available,Foundation,HNX
M6HNY,Available,Foundation,HNY
M6HOB,Available,Foundation,HOB
M6HOE,Available,Foundation,HOE
M6HOF,Available,Foundation,HOF
M6HOH,Available,Foundation,HOH
M6HOI,Available,Foundation,HOI
M6HOO,Available,Foundation,HOO
M6HOQ,Available,Foundation,HOQ
M6HOV,Available,Foundation,HOV
M6HOX,Available,Foundation,HOX
M6HOY,Available,Foundation,HOY
M6HOZ,Available,Foundation,HOZ
M6HPB,Available,Foundation,HPB
M6HPD,Available,Foundation,HPD
M6HPE,Available,Foundation,HPE
M6HPF,Available,Foundation,HPF
M6HPI,Available,Foundation,HPI
M6HPJ,Available,Foundation,HPJ
M6HPK,Available,Foundation,HPK
M6HPL,Available,Foundation,HPL
M6HPM,Available,Foundation,HPM
M6HPN,Available,Foundation,HPN
M6HPP,Available,Foundation,HPP
M6HPQ,Available,Foundation,HPQ
M6HPS,Available,Foundation,HPS
M6HPT,Available,Foundation,HPT
M6HPU,Available,Foundation,HPU
M6HPV,Available,Foundation,HPV
M6HPX,Available,Foundation,HPX
M6HPZ,Available,Foundation,HPZ
M6HQA,Available,Foundation,HQA
M6HQB,Available,Foundation,HQB
M6HQC,Available,Foundation,HQC
M6HQD,Available,Foundation,HQD
M6HQE,Available,Foundation,HQE
M6HQF,Available,Foundation,HQF
M6HQG,Available,Foundation,HQG
M6HQH,Available,Foundation,HQH
M6HQI,Available,Foundation,HQI
M6HQJ,Available,Foundation,HQJ
M6HQK,Available,Foundation,HQK
M6HQL,Available,Foundation,HQL
M6HQM,Available,Foundation,HQM
M6HQN,Available,Foundation,HQN
M6HQP,Available,Foundation,HQP
M6HQQ,Available,Foundation,HQQ
M6HQR,Available,Foundation,HQR
M6HQS,Available,Foundation,HQS
M6HQT,Available,Foundation,HQT
M6HQU,Available,Foundation,HQU
M6HQV,Available,Foundation,HQV
M6HQW,Available,Foundation,HQW
M6HQX,Available,Foundation,HQX
M6HQY,Available,Foundation,HQY
M6HQZ,Available,Foundation,HQZ
M6HRA,Available,Foundation,HRA
M6HRB,Available,Foundation,HRB
M6HRE,Available,Foundation,HRE
M6HRF,Available,Foundation,HRF
M6HRG,Available,Foundation,HRG
M6HRK,Available,Foundation,HRK
M6HRP,Available,Foundation,HRP
M6HRQ,Available,Foundation,HRQ
M6HRR,Available,Foundation,HRR
M6HRU,Available,Foundation,HRU
M6HRX,Available,Foundation,HRX
M6HRY,Available,Foundation,HRY
M6HSA,Available,Foundation,HSA
M6HSF,Available,Foundation,HSF
M6HSH,Available,Foundation,HSH
M6HSI,Available,Foundation,HSI
M6HSJ,Available,Foundation,HSJ
M6HSK,Available,Foundation,HSK
M6HSL,Available,Foundation,HSL
M6HSM,Available,Foundation,HSM
M6HSN,Available,Foundation,HSN
M6HSO,Available,Foundation,HSO
M6HSP,Available,Foundation,HSP
M6HSQ,Available,Foundation,HSQ
M6HSS,Available,Foundation,HSS
M6HSU,Available,Foundation,HSU
M6HSW,Available,Foundation,HSW
M6HSX,Available,Foundation,HSX
M6HSY,Available,Foundation,HSY
M6HSZ,Available,Foundation,HSZ
M6HTA,Available,Foundation,HTA
M6HTB,Available,Foundation,HTB
M6HTD,Available,Foundation,HTD
M6HTE,Available,Foundation,HTE
M6HTF,Available,Foundation,HTF
M6HTH,Available,Foundation,HTH
M6HTI,Available,Foundation,HTI
M6HTJ,Available,Foundation,HTJ
M6HTK,Available,Foundation,HTK
M6HTO,Available,Foundation,HTO
M6HTP,Available,Foundation,HTP
M6HTQ,Available,Foundation,HTQ
M6HTT,Available,Foundation,HTT
M6HTU,Available,Foundation,HTU
M6HTV,Available,Foundation,HTV
M6HUB,Available,Foundation,HUB
M6HUF,Available,Foundation,HUF
M6HUI,Available,Foundation,HUI
M6HUL,Available,Foundation,HUL
M6HUO,Available,Foundation,HUO
M6HUP,Available,Foundation,HUP
M6HUQ,Available,Foundation,HUQ
M6HUU,Available,Foundation,HUU
M6HUV,Available,Foundation,HUV
M6HUX,Available,Foundation,HUX
M6HUY,Available,Foundation,HUY
M6HVA,Available,Foundation,HVA
M6HVB,Available,Foundation,HVB
M6HVC,Available,Foundation,HVC
M6HVD,Available,Foundation,HVD
M6HVF,Available,Foundation,HVF
M6HVG,Available,Foundation,HVG
M6HVH,Available,Foundation,HVH
M6HVI,Available,Foundation,HVI
M6HVJ,Available,Foundation,HVJ
M6HVK,Available,Foundation,HVK
M6HVL,Available,Foundation,HVL
M6HVM,Available,Foundation,HVM
M6HVN,Available,Foundation,HVN
M6HVO,Available,Foundation,HVO
M6HVP,Available,Foundation,HVP
M6HVQ,Available,Foundation,HVQ
M6HVR,Available,Foundation,HVR
M6HVU,Available,Foundation,HVU
M6HVV,Available,Foundation,HVV
M6HVW,Available,Foundation,HVW
M6HVX,Available,Foundation,HVX
M6HVY,Available,Foundation,HVY
M6HVZ,Available,Foundation,HVZ
M6HWA,Available,Foundation,HWA
M6HWB,Available,Foundation,HWB
M6HWD,Available,Foundation,HWD
M6HWE,Available,Foundation,HWE
M6HWF,Available,Foundation,HWF
M6HWG,Available,Foundation,HWG
M6HWH,Available,Foundation,HWH
M6HWI,Available,Foundation,HWI
M6HWJ,Available,Foundation,HWJ
M6HWL,Available,Foundation,HWL
M6HWN,Available,Foundation,HWN
M6HWO,Available,Foundation,HWO
M6HWP,Available,Foundation,HWP
M6HWQ,Available,Foundation,HWQ
M6HWR,Available,Foundation,HWR
M6HWT,Available,Foundation,HWT
M6HWU,Available,Foundation,HWU
M6HWV,Available,Foundation,HWV
M6HWX,Available,Foundation,HWX
M6HWY,Available,Foundation,HWY
M6HWZ,Available,Foundation,HWZ
M6HXA,Available,Foundation,HXA
M6HXB,Available,Foundation,HXB
M6HXC,Available,Foundation,HXC
M6HXD,Available,Foundation,HXD
M6HXE,Available,Foundation,HXE
M6HXF,Available,Foundation,HXF
M6HXG,Available,Foundation,HXG
M6HXH,Available,Foundation,HXH
M6HXJ,Available,Foundation,HXJ
M6HXK,Available,Foundation,HXK
M6HXL,Available,Foundation,HXL
M6HXM,Available,Foundation,HXM
M6HXN,Available,Foundation,HXN
M6HXO,Available,Foundation,HXO
M6HXP,Available,Foundation,HXP
M6HXQ,Available,Foundation,HXQ
M6HXR,Available,Foundation,HXR
M6HXS,Available,Foundation,HXS
M6HXT,Available,Foundation,HXT
M6HXU,Available,Foundation,HXU
M6HXV,Available,Foundation,HXV
M6HXW,Available,Foundation,HXW
M6HXX,Available,Foundation,HXX
M6HXZ,Available,Foundation,HXZ
M6HYA,Available,Foundation,HYA
M6HYB,Available,Foundation,HYB
M6HYC,Available,Foundation,HYC
M6HYD,Available,Foundation,HYD
M6HYE,Available,Foundation,HYE
M6HYF,Available,Foundation,HYF
M6HYG,Available,Foundation,HYG
M6HYH,Available,Foundation,HYH
M6HYI,Available,Foundation,HYI
M6HYJ,Available,Foundation,HYJ
M6HYK,Available,Foundation,HYK
M6HYL,Available,Foundation,HYL
M6HYN,Available,Foundation,HYN
M6HYO,Available,Foundation,HYO
M6HYP,Available,Foundation,HYP
M6HYQ,Available,Foundation,HYQ
M6HYR,Available,Foundation,HYR
M6HYS,Available,Foundation,HYS
M6HYU,Available,Foundation,HYU
M6HYV,Available,Foundation,HYV
M6HYX,Available,Foundation,HYX
M6HYY,Available,Foundation,HYY
M6HYZ,Available,Foundation,HYZ
M6HZA,Available,Foundation,HZA
M6HZB,Available,Foundation,HZB
M6HZC,Available,Foundation,HZC
M6HZD,Available,Foundation,HZD
M6HZF,Available,Foundation,HZF
M6HZG,Available,Foundation,HZG
M6HZH,Available,Foundation,HZH
M6HZI,Available,Foundation,HZI
M6HZJ,Available,Foundation,HZJ
M6HZK,Available,Foundation,HZK
M6HZM,Available,Foundation,HZM
M6HZN,Available,Foundation,HZN
M6HZO,Available,Foundation,HZO
M6HZP,Available,Foundation,HZP
M6HZQ,Available,Foundation,HZQ
M6HZR,Available,Foundation,HZR
M6HZT,Available,Foundation,HZT
M6HZU,Available,Foundation,HZU
M6HZV,Available,Foundation,HZV
M6HZW,Available,Foundation,HZW
M6HZX,Available,Foundation,HZX
M6HZY,Available,Foundation,HZY
M6HZZ,Available,Foundation,HZZ
M6IAG,Available,Foundation,IAG
M6IAK,Available,Foundation,IAK
M6IAL,Available,Foundation,IAL
M6IAO,Available,Foundation,IAO
M6IAQ,Available,Foundation,IAQ
M6IAR,Available,Foundation,IAR
M6IAT,Available,Foundation,IAT
M6IAU,Available,Foundation,IAU
M6IAV,Available,Foundation,IAV
M6IAW,Available,Foundation,IAW
M6IAX,Available,Foundation,IAX
M6IAY,Available,Foundation,IAY
M6IAZ,Available,Foundation,IAZ
M6IBA,Available,Foundation,IBA
M6IBC,Available,Foundation,IBC
M6IBD,Available,Foundation,IBD
M6IBE,Available,Foundation,IBE
M6IBF,Available,Foundation,IBF
M6IBG,Available,Foundation,IBG
M6IBH,Available,Foundation,IBH
M6IBI,Available,Foundation,IBI
M6IBJ,Available,Foundation,IBJ
M6IBK,Available,Foundation,IBK
M6IBL,Available,Foundation,IBL
M6IBN,Available,Foundation,IBN
M6IBO,Available,Foundation,IBO
M6IBP,Available,Foundation,IBP
M6IBQ,Available,Foundation,IBQ
M6IBR,Available,Foundation,IBR
M6IBT,Available,Foundation,IBT
M6IBU,Available,Foundation,IBU
M6IBV,Available,Foundation,IBV
M6IBW,Available,Foundation,IBW
M6IBX,Available,Foundation,IBX
M6IBY,Available,Foundation,IBY
M6ICA,Available,Foundation,ICA
M6ICD,Available,Foundation,ICD
M6ICF,Available,Foundation,ICF
M6ICG,Available,Foundation,ICG
M6ICH,Available,Foundation,ICH
M6ICI,Available,Foundation,ICI
M6ICJ,Available,Foundation,ICJ
M6ICL,Available,Foundation,ICL
M6ICM,Available,Foundation,ICM
M6ICN,Available,Foundation,ICN
M6ICP,Available,Foundation,ICP
M6ICR,Available,Foundation,ICR
M6ICV,Available,Foundation,ICV
M6ICX,Available,Foundation,ICX
M6ICZ,Available,Foundation,ICZ
M6IDA,Available,Foundation,IDA
M6IDD,Available,Foundation,IDD
M6IDH,Available,Foundation,IDH
M6IDI,Available,Foundation,IDI
M6IDJ,Available,Foundation,IDJ
M6IDL,Available,Foundation,IDL
M6IDO,Available,Foundation,IDO
M6IDP,Available,Foundation,IDP
M6IDS,Available,Foundation,IDS
M6IDU,Available,Foundation,IDU
M6IDV,Available,Foundation,IDV
M6IDW,Available,Foundation,IDW
M6IDY,Available,Foundation,IDY
M6IEA,Available,Foundation,IEA
M6IEB,Available,Foundation,IEB
M6IEC,Available,Foundation,IEC
M6IEE,Available,Foundation,IEE
M6IEG,Available,Foundation,IEG
M6IEH,Available,Foundation,IEH
M6IEI,Available,Foundation,IEI
M6IEJ,Available,Foundation,IEJ
M6IEK,Available,Foundation,IEK
M6IEL,Available,Foundation,IEL
M6IEM,Available,Foundation,IEM
M6IEN,Available,Foundation,IEN
M6IEO,Available,Foundation,IEO
M6IEP,Available,Foundation,IEP
M6IEQ,Available,Foundation,IEQ
M6IES,Available,Foundation,IES
M6IET,Available,Foundation,IET
M6IEU,Available,Foundation,IEU
M6IEV,Available,Foundation,IEV
M6IEW,Available,Foundation,IEW
M6IEX,Available,Foundation,IEX
M6IEY,Available,Foundation,IEY
M6IEZ,Available,Foundation,IEZ
M6IFA,Available,Foundation,IFA
M6IFB,Available,Foundation,IFB
M6IFC,Available,Foundation,IFC
M6IFD,Available,Foundation,IFD
M6IFE,Available,Foundation,IFE
M6IFF,Available,Foundation,IFF
M6IFG,Available,Foundation,IFG
M6IFH,Available,Foundation,IFH
M6IFI,Available,Foundation,IFI
M6IFJ,Available,Foundation,IFJ
M6IFK,Available,Foundation,IFK
M6IFL,Available,Foundation,IFL
M6IFN,Available,Foundation,IFN
M6IFP,Available,Foundation,IFP
M6IFQ,Available,Foundation,IFQ
M6IFR,Available,Foundation,IFR
M6IFS,Available,Foundation,IFS
M6IFT,Available,Foundation,IFT
M6IFU,Available,Foundation,IFU
M6IFV,Available,Foundation,IFV
M6IFW,Available,Foundation,IFW
M6IFX,Available,Foundation,IFX
M6IFY,Available,Foundation,IFY
M6IFZ,Available,Foundation,IFZ
M6IGA,Available,Foundation,IGA
M6IGC,Available,Foundation,IGC
M6IGD,Available,Foundation,IGD
M6IGE,Available,Foundation,IGE
M6IGF,Available,Foundation,IGF
M6IGG,Available,Foundation,IGG
M6IGH,Available,Foundation,IGH
M6IGI,Available,Foundation,IGI
M6IGL,Available,Foundation,IGL
M6IGN,Available,Foundation,IGN
M6IGO,Available,Foundation,IGO
M6IGP,Available,Foundation,IGP
M6IGQ,Available,Foundation,IGQ
M6IGR,Available,Foundation,IGR
M6IGS,Available,Foundation,IGS
M6IGT,Available,Foundation,IGT
M6IGU,Available,Foundation,IGU
M6IGV,Available,Foundation,IGV
M6IGW,Available,Foundation,IGW
M6IGX,Available,Foundation,IGX
M6IGY,Available,Foundation,IGY
M6IGZ,Available,Foundation,IGZ
M6IHA,Available,Foundation,IHA
M6IHB,Available,Foundation,IHB
M6IHC,Available,Foundation,IHC
M6IHD,Available,Foundation,IHD
M6IHE,Available,Foundation,IHE
M6IHF,Available,Foundation,IHF
M6IHG,Available,Foundation,IHG
M6IHH,Available,Foundation,IHH
M6IHI,Available,Foundation,IHI
M6IHJ,Available,Foundation,IHJ
M6IHK,Available,Foundation,IHK
M6IHL,Available,Foundation,IHL
M6IHM,Available,Foundation,IHM
M6IHN,Available,Foundation,IHN
M6IHO,Available,Foundation,IHO
M6IHP,Available,Foundation,IHP
M6IHQ,Available,Foundation,IHQ
M6IHR,Available,Foundation,IHR
M6IHS,Available,Foundation,IHS
M6IHT,Available,Foundation,IHT
M6IHU,Available,Foundation,IHU
M6IHV,Available,Foundation,IHV
M6IHW,Available,Foundation,IHW
M6IHX,Available,Foundation,IHX
M6IHY,Available,Foundation,IHY
M6IHZ,Available,Foundation,IHZ
M6IIA,Available,Foundation,IIA
M6IIB,Available,Foundation,IIB
M6IIC,Available,Foundation,IIC
M6IID,Available,Foundation,IID
M6IIE,Available,Foundation,IIE
M6IIF,Available,Foundation,IIF
M6IIG,Available,Foundation,IIG
M6IIH,Available,Foundation,IIH
M6IIJ,Available,Foundation,IIJ
M6IIK,Available,Foundation,IIK
M6IIL,Available,Foundation,IIL
M6IIM,Available,Foundation,IIM
M6IIN,Available,Foundation,IIN
M6IIP,Available,Foundation,IIP
M6IIQ,Available,Foundation,IIQ
M6IIS,Available,Foundation,IIS
M6IIT,Available,Foundation,IIT
M6IIU,Available,Foundation,IIU
M6IIV,Available,Foundation,IIV
M6IIW,Available,Foundation,IIW
M6IIX,Available,Foundation,IIX
M6IIY,Available,Foundation,IIY
M6IIZ,Available,Foundation,IIZ
M6IJC,Available,Foundation,IJC
M6IJD,Available,Foundation,IJD
M6IJE,Available,Foundation,IJE
M6IJF,Available,Foundation,IJF
M6IJG,Available,Foundation,IJG
M6IJI,Available,Foundation,IJI
M6IJK,Available,Foundation,IJK
M6IJL,Available,Foundation,IJL
M6IJN,Available,Foundation,IJN
M6IJO,Available,Foundation,IJO
M6IJP,Available,Foundation,IJP
M6IJR,Available,Foundation,IJR
M6IJT,Available,Foundation,IJT
M6IJU,Available,Foundation,IJU
M6IJV,Available,Foundation,IJV
M6IJW,Available,Foundation,IJW
M6IJX,Available,Foundation,IJX
M6IJY,Available,Foundation,IJY
M6IJZ,Available,Foundation,IJZ
M6IKB,Available,Foundation,IKB
M6IKC,Available,Foundation,IKC
M6IKF,Available,Foundation,IKF
M6IKG,Available,Foundation,IKG
M6IKH,Available,Foundation,IKH
M6IKI,Available,Foundation,IKI
M6IKJ,Available,Foundation,IKJ
M6IKK,Available,Foundation,IKK
M6IKL,Available,Foundation,IKL
M6IKN,Available,Foundation,IKN
M6IKO,Available,Foundation,IKO
M6IKP,Available,Foundation,IKP
M6IKQ,Available,Foundation,IKQ
M6IKR,Available,Foundation,IKR
M6IKS,Available,Foundation,IKS
M6IKT,Available,Foundation,IKT
M6IKU,Available,Foundation,IKU
M6IKV,Available,Foundation,IKV
M6IKW,Available,Foundation,IKW
M6IKX,Available,Foundation,IKX
M6IKY,Available,Foundation,IKY
M6IKZ,Available,Foundation,IKZ
M6ILC,Available,Foundation,ILC
M6ILD,Available,Foundation,ILD
M6ILE,Available,Foundation,ILE
M6ILG,Available,Foundation,ILG
M6ILI,Available,Foundation,ILI
M6ILJ,Available,Foundation,ILJ
M6ILK,Available,Foundation,ILK
M6ILM,Available,Foundation,ILM
M6ILN,Available,Foundation,ILN
M6ILQ,Available,Foundation,ILQ
M6ILS,Available,Foundation,ILS
M6ILT,Available,Foundation,ILT
M6ILU,Available,Foundation,ILU
M6ILV,Available,Foundation,ILV
M6ILX,Available,Foundation,ILX
M6ILZ,Available,Foundation,ILZ
M6IMA,Available,Foundation,IMA
M6IMB,Available,Foundation,IMB
M6IME,Available,Foundation,IME
M6IMG,Available,Foundation,IMG
M6IMK,Available,Foundation,IMK
M6IML,Available,Foundation,IML
M6IMN,Available,Foundation,IMN
M6IMQ,Available,Foundation,IMQ
M6IMT,Available,Foundation,IMT
M6IMU,Available,Foundation,IMU
M6IMV,Available,Foundation,IMV
M6IMY,Available,Foundation,IMY
M6IMZ,Available,Foundation,IMZ
M6INA,Available,Foundation,INA
M6INB,Available,Foundation,INB
M6INC,Available,Foundation,INC
M6INE,Available,Foundation,INE
M6INF,Available,Foundation,INF
M6INH,Available,Foundation,INH
M6INJ,Available,Foundation,INJ
M6INL,Available,Foundation,INL
M6INP,Available,Foundation,INP
M6INQ,Available,Foundation,INQ
M6INR,Available,Foundation,INR
M6INU,Available,Foundation,INU
M6INY,Available,Foundation,INY
M6INZ,Available,Foundation,INZ
M6IOA,Available,Foundation,IOA
M6IOB,Available,Foundation,IOB
M6IOC,Available,Foundation,IOC
M6IOD,Available,Foundation,IOD
M6IOE,Available,Foundation,IOE
M6IOF,Available,Foundation,IOF
M6IOG,Available,Foundation,IOG
M6IOH,Available,Foundation,IOH
M6IOI,Available,Foundation,IOI
M6IOJ,Available,Foundation,IOJ
M6IOL,Available,Foundation,IOL
M6IOO,Available,Foundation,IOO
M6IOP,Available,Foundation,IOP
M6IOQ,Available,Foundation,IOQ
M6IOR,Available,Foundation,IOR
M6IOT,Available,Foundation,IOT
M6IOV,Available,Foundation,IOV
M6IOX,Available,Foundation,IOX
M6IOY,Available,Foundation,IOY
M6IOZ,Available,Foundation,IOZ
M6IPB,Available,Foundation,IPB
M6IPE,Available,Foundation,IPE
M6IPF,Available,Foundation,IPF
M6IPG,Available,Foundation,IPG
M6IPH,Available,Foundation,IPH
M6IPI,Available,Foundation,IPI
M6IPK,Available,Foundation,IPK
M6IPL,Available,Foundation,IPL
M6IPN,Available,Foundation,IPN
M6IPO,Available,Foundation,IPO
M6IPQ,Available,Foundation,IPQ
M6IPS,Available,Foundation,IPS
M6IPU,Available,Foundation,IPU
M6IPV,Available,Foundation,IPV
M6IPW,Available,Foundation,IPW
M6IPX,Available,Foundation,IPX
M6IPY,Available,Foundation,IPY
M6IQA,Available,Foundation,IQA
M6IQB,Available,Foundation,IQB
M6IQC,Available,Foundation,IQC
M6IQD,Available,Foundation,IQD
M6IQE,Available,Foundation,IQE
M6IQF,Available,Foundation,IQF
M6IQG,Available,Foundation,IQG
M6IQH,Available,Foundation,IQH
M6IQI,Available,Foundation,IQI
M6IQJ,Available,Foundation,IQJ
M6IQK,Available,Foundation,IQK
M6IQL,Available,Foundation,IQL
M6IQM,Available,Foundation,IQM
M6IQN,Available,Foundation,IQN
M6IQP,Available,Foundation,IQP
M6IQQ,Available,Foundation,IQQ
M6IQR,Available,Foundation,IQR
M6IQS,Available,Foundation,IQS
M6IQT,Available,Foundation,IQT
M6IQU,Available,Foundation,IQU
M6IQV,Available,Foundation,IQV
M6IQW,Available,Foundation,IQW
M6IQX,Available,Foundation,IQX
M6IQY,Available,Foundation,IQY
M6IQZ,Available,Foundation,IQZ
M6IRB,Available,Foundation,IRB
M6IRD,Available,Foundation,IRD
M6IRF,Available,Foundation,IRF
M6IRG,Available,Foundation,IRG
M6IRH,Available,Foundation,IRH
M6IRI,Available,Foundation,IRI
M6IRJ,Available,Foundation,IRJ
M6IRK,Available,Foundation,IRK
M6IRN,Available,Foundation,IRN
M6IRO,Available,Foundation,IRO
M6IRQ,Available,Foundation,IRQ
M6IRX,Available,Foundation,IRX
M6IRY,Available,Foundation,IRY
M6IRZ,Available,Foundation,IRZ
M6ISB,Available,Foundation,ISB
M6ISD,Available,Foundation,ISD
M6ISE,Available,Foundation,ISE
M6ISF,Available,Foundation,ISF
M6ISI,Available,Foundation,ISI
M6ISJ,Available,Foundation,ISJ
M6ISK,Available,Foundation,ISK
M6ISL,Available,Foundation,ISL
M6ISN,Available,Foundation,ISN
M6ISP,Available,Foundation,ISP
M6ISQ,Available,Foundation,ISQ
M6ISR,Available,Foundation,ISR
M6IST,Available,Foundation,IST
M6ISU,Available,Foundation,ISU
M6ISV,Available,Foundation,ISV
M6ISW,Available,Foundation,ISW
M6ISX,Available,Foundation,ISX
M6ISY,Available,Foundation,ISY
M6ITB,Available,Foundation,ITB
M6ITC,Available,Foundation,ITC
M6ITD,Available,Foundation,ITD
M6ITF,Available,Foundation,ITF
M6ITG,Available,Foundation,ITG
M6ITH,Available,Foundation,ITH
M6ITI,Available,Foundation,ITI
M6ITJ,Available,Foundation,ITJ
M6ITK,Available,Foundation,ITK
M6ITL,Available,Foundation,ITL
M6ITO,Available,Foundation,ITO
M6ITP,Available,Foundation,ITP
M6ITQ,Available,Foundation,ITQ
M6ITR,Available,Foundation,ITR
M6ITS,Available,Foundation,ITS
M6ITT,Available,Foundation,ITT
M6ITV,Available,Foundation,ITV
M6ITY,Available,Foundation,ITY
M6ITZ,Available,Foundation,ITZ
M6IUA,Available,Foundation,IUA
M6IUB,Available,Foundation,IUB
M6IUC,Available,Foundation,IUC
M6IUE,Available,Foundation,IUE
M6IUF,Available,Foundation,IUF
M6IUG,Available,Foundation,IUG
M6IUH,Available,Foundation,IUH
M6IUI,Available,Foundation,IUI
M6IUJ,Available,Foundation,IUJ
M6IUL,Available,Foundation,IUL
M6IUM,Available,Foundation,IUM
M6IUO,Available,Foundation,IUO
M6IUP,Available,Foundation,IUP
M6IUQ,Available,Foundation,IUQ
M6IUR,Available,Foundation,IUR
M6IUS,Available,Foundation,IUS
M6IUT,Available,Foundation,IUT
M6IUU,Available,Foundation,IUU
M6IUV,Available,Foundation,IUV
M6IUW,Available,Foundation,IUW
M6IUX,Available,Foundation,IUX
M6IUY,Available,Foundation,IUY
M6IUZ,Available,Foundation,IUZ
M6IVA,Available,Foundation,IVA
M6IVB,Available,Foundation,IVB
M6IVC,Available,Foundation,IVC
M6IVD,Available,Foundation,IVD
M6IVE,Available,Foundation,IVE
M6IVF,Available,Foundation,IVF
M6IVG,Available,Foundation,IVG
M6IVH,Available,Foundation,IVH
M6IVI,Available,Foundation,IVI
M6IVJ,Available,Foundation,IVJ
M6IVK,Available,Foundation,IVK
M6IVM,Available,Foundation,IVM
M6IVN,Available,Foundation,IVN
M6IVQ,Available,Foundation,IVQ
M6IVS,Available,Foundation,IVS
M6IVT,Available,Foundation,IVT
M6IVU,Available,Foundation,IVU
M6IVV,Available,Foundation,IVV
M6IVW,Available,Foundation,IVW
M6IVX,Available,Foundation,IVX
M6IVZ,Available,Foundation,IVZ
M6IWA,Available,Foundation,IWA
M6IWC,Available,Foundation,IWC
M6IWD,Available,Foundation,IWD
M6IWE,Available,Foundation,IWE
M6IWF,Available,Foundation,IWF
M6IWG,Available,Foundation,IWG
M6IWH,Available,Foundation,IWH
M6IWI,Available,Foundation,IWI
M6IWJ,Available,Foundation,IWJ
M6IWK,Available,Foundation,IWK
M6IWL,Available,Foundation,IWL
M6IWN,Available,Foundation,IWN
M6IWO,Available,Foundation,IWO
M6IWQ,Available,Foundation,IWQ
M6IWR,Available,Foundation,IWR
M6IWS,Available,Foundation,IWS
M6IWT,Available,Foundation,IWT
M6IWU,Available,Foundation,IWU
M6IWV,Available,Foundation,IWV
M6IWW,Available,Foundation,IWW
M6IWX,Available,Foundation,IWX
M6IWY,Available,Foundation,IWY
M6IXA,Available,Foundation,IXA
M6IXB,Available,Foundation,IXB
M6IXC,Available,Foundation,IXC
M6IXD,Available,Foundation,IXD
M6IXE,Available,Foundation,IXE
M6IXF,Available,Foundation,IXF
M6IXG,Available,Foundation,IXG
M6IXH,Available,Foundation,IXH
M6IXJ,Available,Foundation,IXJ
M6IXK,Available,Foundation,IXK
M6IXL,Available,Foundation,IXL
M6IXM,Available,Foundation,IXM
M6IXN,Available,Foundation,IXN
M6IXO,Available,Foundation,IXO
M6IXP,Available,Foundation,IXP
M6IXQ,Available,Foundation,IXQ
M6IXR,Available,Foundation,IXR
M6IXS,Available,Foundation,IXS
M6IXT,Available,Foundation,IXT
M6IXU,Available,Foundation,IXU
M6IXV,Available,Foundation,IXV
M6IXW,Available,Foundation,IXW
M6IXX,Available,Foundation,IXX
M6IXY,Available,Foundation,IXY
M6IXZ,Available,Foundation,IXZ
M6IYA,Available,Foundation,IYA
M6IYB,Available,Foundation,IYB
M6IYC,Available,Foundation,IYC
M6IYD,Available,Foundation,IYD
M6IYE,Available,Foundation,IYE
M6IYF,Available,Foundation,IYF
M6IYG,Available,Foundation,IYG
M6IYH,Available,Foundation,IYH
M6IYI,Available,Foundation,IYI
M6IYJ,Available,Foundation,IYJ
M6IYK,Available,Foundation,IYK
M6IYL,Available,Foundation,IYL
M6IYM,Available,Foundation,IYM
M6IYN,Available,Foundation,IYN
M6IYO,Available,Foundation,IYO
M6IYP,Available,Foundation,IYP
M6IYQ,Available,Foundation,IYQ
M6IYR,Available,Foundation,IYR
M6IYS,Available,Foundation,IYS
M6IYT,Available,Foundation,IYT
M6IYU,Available,Foundation,IYU
M6IYV,Available,Foundation,IYV
M6IYW,Available,Foundation,IYW
M6IYX,Available,Foundation,IYX
M6IYY,Available,Foundation,IYY
M6IYZ,Available,Foundation,IYZ
M6IZA,Available,Foundation,IZA
M6IZB,Available,Foundation,IZB
M6IZC,Available,Foundation,IZC
M6IZD,Available,Foundation,IZD
M6IZE,Available,Foundation,IZE
M6IZF,Available,Foundation,IZF
M6IZG,Available,Foundation,IZG
M6IZH,Available,Foundation,IZH
M6IZJ,Available,Foundation,IZJ
M6IZK,Available,Foundation,IZK
M6IZL,Available,Foundation,IZL
M6IZM,Available,Foundation,IZM
M6IZN,Available,Foundation,IZN
M6IZO,Available,Foundation,IZO
M6IZP,Available,Foundation,IZP
M6IZQ,Available,Foundation,IZQ
M6IZR,Available,Foundation,IZR
M6IZT,Available,Foundation,IZT
M6IZU,Available,Foundation,IZU
M6IZV,Available,Foundation,IZV
M6IZX,Available,Foundation,IZX
M6IZZ,Available,Foundation,IZZ
M6JEI,Available,Foundation,JEI
M6JEK,Available,Foundation,JEK
M6JEO,Available,Foundation,JEO
M6JEQ,Available,Foundation,JEQ
M6JEU,Available,Foundation,JEU
M6JEV,Available,Foundation,JEV
M6JEY,Available,Foundation,JEY
M6JFB,Available,Foundation,JFB
M6JFD,Available,Foundation,JFD
M6JFF,Available,Foundation,JFF
M6JFI,Available,Foundation,JFI
M6JFJ,Available,Foundation,JFJ
M6JFN,Available,Foundation,JFN
M6JFP,Available,Foundation,JFP
M6JFR,Available,Foundation,JFR
M6JFS,Available,Foundation,JFS
M6JFV,Available,Foundation,JFV
M6JFW,Available,Foundation,JFW
M6JFY,Available,Foundation,JFY
M6JGC,Available,Foundation,JGC
M6JGF,Available,Foundation,JGF
M6JGI,Available,Foundation,JGI
M6JGJ,Available,Foundation,JGJ
M6JGK,Available,Foundation,JGK
M6JGN,Available,Foundation,JGN
M6JGQ,Available,Foundation,JGQ
M6JGU,Available,Foundation,JGU
M6JGV,Available,Foundation,JGV
M6JGX,Available,Foundation,JGX
M6JGY,Available,Foundation,JGY
M6JGZ,Available,Foundation,JGZ
M6JHA,Available,Foundation,JHA
M6JHD,Available,Foundation,JHD
M6JHF,Available,Foundation,JHF
M6JHI,Available,Foundation,JHI
M6JHJ,Available,Foundation,JHJ
M6JHO,Available,Foundation,JHO
M6JHQ,Available,Foundation,JHQ
M6JHT,Available,Foundation,JHT
M6JHU,Available,Foundation,JHU
M6JHV,Available,Foundation,JHV
M6JHX,Available,Foundation,JHX
M6JHY,Available,Foundation,JHY
M6JHZ,Available,Foundation,JHZ
M6JIA,Available,Foundation,JIA
M6JIC,Available,Foundation,JIC
M6JID,Available,Foundation,JID
M6JIF,Available,Foundation,JIF
M6JIG,Available,Foundation,JIG
M6JIH,Available,Foundation,JIH
M6JIJ,Available,Foundation,JIJ
M6JIK,Available,Foundation,JIK
M6JIP,Available,Foundation,JIP
M6JIQ,Available,Foundation,JIQ
M6JIR,Available,Foundation,JIR
M6JIS,Available,Foundation,JIS
M6JIU,Available,Foundation,JIU
M6JIV,Available,Foundation,JIV
M6JIW,Available,Foundation,JIW
M6JIX,Available,Foundation,JIX
M6JIY,Available,Foundation,JIY
M6JIZ,Available,Foundation,JIZ
M6JJA,Available,Foundation,JJA
M6JJG,Available,Foundation,JJG
M6JJI,Available,Foundation,JJI
M6JJN,Available,Foundation,JJN
M6JJQ,Available,Foundation,JJQ
M6JJT,Available,Foundation,JJT
M6JJU,Available,Foundation,JJU
M6JJV,Available,Foundation,JJV
M6JJX,Available,Foundation,JJX
M6JJY,Available,Foundation,JJY
M6JJZ,Available,Foundation,JJZ
M6JKI,Available,Foundation,JKI
M6JKJ,Available,Foundation,JKJ
M6JKM,Available,Foundation,JKM
M6JKN,Available,Foundation,JKN
M6JKR,Available,Foundation,JKR
M6JKU,Available,Foundation,JKU
M6JKV,Available,Foundation,JKV
M6JLE,Available,Foundation,JLE
M6JLI,Available,Foundation,JLI
M6JLM,Available,Foundation,JLM
M6JLN,Available,Foundation,JLN
M6JLP,Available,Foundation,JLP
M6JLQ,Available,Foundation,JLQ
M6JLT,Available,Foundation,JLT
M6JLU,Available,Foundation,JLU
M6JLV,Available,Foundation,JLV
M6JLZ,Available,Foundation,JLZ
M6JMJ,Available,Foundation,JMJ
M6JMP,Available,Foundation,JMP
M6JMQ,Available,Foundation,JMQ
M6JMU,Available,Foundation,JMU
M6JMV,Available,Foundation,JMV
M6JNA,Available,Foundation,JNA
M6JND,Available,Foundation,JND
M6JNF,Available,Foundation,JNF
M6JNG,Available,Foundation,JNG
M6JNI,Available,Foundation,JNI
M6JNL,Available,Foundation,JNL
M6JNM,Available,Foundation,JNM
M6JNN,Available,Foundation,JNN
M6JNO,Available,Foundation,JNO
M6JNP,Available,Foundation,JNP
M6JNV,Available,Foundation,JNV
M6JNY,Available,Foundation,JNY
M6JNZ,Available,Foundation,JNZ
M6JOA,Available,Foundation,JOA
M6JOI,Available,Foundation,JOI
M6JOM,Available,Foundation,JOM
M6JOO,Available,Foundation,JOO
M6JOP,Available,Foundation,JOP
M6JOQ,Available,Foundation,JOQ
M6JOR,Available,Foundation,JOR
M6JOT,Available,Foundation,JOT
M6JOU,Available,Foundation,JOU
M6JOV,Available,Foundation,JOV
M6JOX,Available,Foundation,JOX
M6JOZ,Available,Foundation,JOZ
M6JPI,Available,Foundation,JPI
M6JPN,Available,Foundation,JPN
M6JPQ,Available,Foundation,JPQ
M6JPU,Available,Foundation,JPU
M6JPV,Available,Foundation,JPV
M6JPX,Available,Foundation,JPX
M6JPZ,Available,Foundation,JPZ
M6JQA,Available,Foundation,JQA
M6JQC,Available,Foundation,JQC
M6JQD,Available,Foundation,JQD
M6JQE,Available,Foundation,JQE
M6JQF,Available,Foundation,JQF
M6JQG,Available,Foundation,JQG
M6JQH,Available,Foundation,JQH
M6JQI,Available,Foundation,JQI
M6JQJ,Available,Foundation,JQJ
M6JQK,Available,Foundation,JQK
M6JQL,Available,Foundation,JQL
M6JQN,Available,Foundation,JQN
M6JQO,Available,Foundation,JQO
M6JQP,Available,Foundation,JQP
M6JQQ,Available,Foundation,JQQ
M6JQR,Available,Foundation,JQR
M6JQS,Available,Foundation,JQS
M6JQT,Available,Foundation,JQT
M6JQU,Available,Foundation,JQU
M6JQV,Available,Foundation,JQV
M6JQX,Available,Foundation,JQX
M6JQY,Available,Foundation,JQY
M6JQZ,Available,Foundation,JQZ
M6JRI,Available,Foundation,JRI
M6JRK,Available,Foundation,JRK
M6JRM,Available,Foundation,JRM
M6JRR,Available,Foundation,JRR
M6JRU,Available,Foundation,JRU
M6JRY,Available,Foundation,JRY
M6JSI,Available,Foundation,JSI
M6JSK,Available,Foundation,JSK
M6JSQ,Available,Foundation,JSQ
M6JSU,Available,Foundation,JSU
M6JSV,Available,Foundation,JSV
M6JSX,Available,Foundation,JSX
M6JSY,Available,Foundation,JSY
M6JTA,Available,Foundation,JTA
M6JTD,Available,Foundation,JTD
M6JTE,Available,Foundation,JTE
M6JTI,Available,Foundation,JTI
M6JTK,Available,Foundation,JTK
M6JTQ,Available,Foundation,JTQ
M6JTR,Available,Foundation,JTR
M6JTT,Available,Foundation,JTT
M6JTV,Available,Foundation,JTV
M6JTY,Available,Foundation,JTY
M6JTZ,Available,Foundation,JTZ
M6JUF,Available,Foundation,JUF
M6JUG,Available,Foundation,JUG
M6JUH,Available,Foundation,JUH
M6JUI,Available,Foundation,JUI
M6JUJ,Available,Foundation,JUJ
M6JUM,Available,Foundation,JUM
M6JUO,Available,Foundation,JUO
M6JUP,Available,Foundation,JUP
M6JUQ,Available,Foundation,JUQ
M6JUT,Available,Foundation,JUT
M6JUU,Available,Foundation,JUU
M6JUV,Available,Foundation,JUV
M6JUW,Available,Foundation,JUW
M6JUY,Available,Foundation,JUY
M6JVA,Available,Foundation,JVA
M6JVC,Available,Foundation,JVC
M6JVD,Available,Foundation,JVD
M6JVE,Available,Foundation,JVE
M6JVF,Available,Foundation,JVF
M6JVI,Available,Foundation,JVI
M6JVJ,Available,Foundation,JVJ
M6JVL,Available,Foundation,JVL
M6JVM,Available,Foundation,JVM
M6JVO,Available,Foundation,JVO
M6JVP,Available,Foundation,JVP
M6JVQ,Available,Foundation,JVQ
M6JVS,Available,Foundation,JVS
M6JVT,Available,Foundation,JVT
M6JVU,Available,Foundation,JVU
M6JVV,Available,Foundation,JVV
M6JVX,Available,Foundation,JVX
M6JVY,Available,Foundation,JVY
M6JVZ,Available,Foundation,JVZ
M6JWC,Available,Foundation,JWC
M6JWE,Available,Foundation,JWE
M6JWG,Available,Foundation,JWG
M6JWI,Available,Foundation,JWI
M6JWJ,Available,Foundation,JWJ
M6JWL,Available,Foundation,JWL
M6JWN,Available,Foundation,JWN
M6JWU,Available,Foundation,JWU
M6JWV,Available,Foundation,JWV
M6JWZ,Available,Foundation,JWZ
M6JXA,Available,Foundation,JXA
M6JXC,Available,Foundation,JXC
M6JXD,Available,Foundation,JXD
M6JXE,Available,Foundation,JXE
M6JXF,Available,Foundation,JXF
M6JXG,Available,Foundation,JXG
M6JXH,Available,Foundation,JXH
M6JXI,Available,Foundation,JXI
M6JXJ,Available,Foundation,JXJ
M6JXK,Available,Foundation,JXK
M6JXN,Available,Foundation,JXN
M6JXO,Available,Foundation,JXO
M6JXQ,Available,Foundation,JXQ
M6JXS,Available,Foundation,JXS
M6JXT,Available,Foundation,JXT
M6JXU,Available,Foundation,JXU
M6JXV,Available,Foundation,JXV
M6JXW,Available,Foundation,JXW
M6JXX,Available,Foundation,JXX
M6JXY,Available,Foundation,JXY
M6JXZ,Available,Foundation,JXZ
M6JYA,Available,Foundation,JYA
M6JYD,Available,Foundation,JYD
M6JYE,Available,Foundation,JYE
M6JYF,Available,Foundation,JYF
M6JYG,Available,Foundation,JYG
M6JYH,Available,Foundation,JYH
M6JYI,Available,Foundation,JYI
M6JYJ,Available,Foundation,JYJ
M6JYN,Available,Foundation,JYN
M6JYO,Available,Foundation,JYO
M6JYP,Available,Foundation,JYP
M6JYQ,Available,Foundation,JYQ
M6JYR,Available,Foundation,JYR
M6JYS,Available,Foundation,JYS
M6JYT,Available,Foundation,JYT
M6JYU,Available,Foundation,JYU
M6JYV,Available,Foundation,JYV
M6JYW,Available,Foundation,JYW
M6JYX,Available,Foundation,JYX
M6JYY,Available,Foundation,JYY
M6JZA,Available,Foundation,JZA
M6JZC,Available,Foundation,JZC
M6JZD,Available,Foundation,JZD
M6JZE,Available,Foundation,JZE
M6JZF,Available,Foundation,JZF
M6JZG,Available,Foundation,JZG
M6JZH,Available,Foundation,JZH
M6JZI,Available,Foundation,JZI
M6JZJ,Available,Foundation,JZJ
M6JZL,Available,Foundation,JZL
M6JZM,Available,Foundation,JZM
M6JZN,Available,Foundation,JZN
M6JZO,Available,Foundation,JZO
M6JZP,Available,Foundation,JZP
M6JZQ,Available,Foundation,JZQ
M6JZR,Available,Foundation,JZR
M6JZS,Available,Foundation,JZS
M6JZV,Available,Foundation,JZV
M6JZW,Available,Foundation,JZW
M6JZX,Available,Foundation,JZX
M6JZY,Available,Foundation,JZY
M6JZZ,Available,Foundation,JZZ
M6KBI,Available,Foundation,KBI
M6KBP,Available,Foundation,KBP
M6KBQ,Available,Foundation,KBQ
M6KBR,Available,Foundation,KBR
M6KBT,Available,Foundation,KBT
M6KBV,Available,Foundation,KBV
M6KBW,Available,Foundation,KBW
M6KBZ,Available,Foundation,KBZ
M6KCA,Available,Foundation,KCA
M6KCE,Available,Foundation,KCE
M6KCF,Available,Foundation,KCF
M6KCG,Available,Foundation,KCG
M6KCI,Available,Foundation,KCI
M6KCJ,Available,Foundation,KCJ
M6KCN,Available,Foundation,KCN
M6KCO,Available,Foundation,KCO
M6KCP,Available,Foundation,KCP
M6KCQ,Available,Foundation,KCQ
M6KCT,Available,Foundation,KCT
M6KCU,Available,Foundation,KCU
M6KCV,Available,Foundation,KCV
M6KCX,Available,Foundation,KCX
M6KCZ,Available,Foundation,KCZ
M6KDD,Available,Foundation,KDD
M6KDG,Available,Foundation,KDG
M6KDH,Available,Foundation,KDH
M6KDI,Available,Foundation,KDI
M6KDN,Available,Foundation,KDN
M6KDO,Available,Foundation,KDO
M6KDQ,Available,Foundation,KDQ
M6KDR,Available,Foundation,KDR
M6KDT,Available,Foundation,KDT
M6KDU,Available,Foundation,KDU
M6KDV,Available,Foundation,KDV
M6KDW,Available,Foundation,KDW
M6KDY,Available,Foundation,KDY
M6KDZ,Available,Foundation,KDZ
M6KEF,Available,Foundation,KEF
M6KEH,Available,Foundation,KEH
M6KEJ,Available,Foundation,KEJ
M6KEM,Available,Foundation,KEM
M6KEO,Available,Foundation,KEO
M6KEP,Available,Foundation,KEP
M6KEU,Available,Foundation,KEU
M6KEX,Available,Foundation,KEX
M6KFD,Available,Foundation,KFD
M6KFF,Available,Foundation,KFF
M6KFG,Available,Foundation,KFG
M6KFH,Available,Foundation,KFH
M6KFI,Available,Foundation,KFI
M6KFJ,Available,Foundation,KFJ
M6KFL,Available,Foundation,KFL
M6KFN,Available,Foundation,KFN
M6KFO,Available,Foundation,KFO
M6KFQ,Available,Foundation,KFQ
M6KFR,Available,Foundation,KFR
M6KFT,Available,Foundation,KFT
M6KFU,Available,Foundation,KFU
M6KFV,Available,Foundation,KFV
M6KFW,Available,Foundation,KFW
M6KFX,Available,Foundation,KFX
M6KFY,Available,Foundation,KFY
M6KFZ,Available,Foundation,KFZ
M6KGE,Available,Foundation,KGE
M6KGI,Available,Foundation,KGI
M6KGJ,Available,Foundation,KGJ
M6KGN,Available,Foundation,KGN
M6KGO,Available,Foundation,KGO
M6KGP,Available,Foundation,KGP
M6KGQ,Available,Foundation,KGQ
M6KGR,Available,Foundation,KGR
M6KGU,Available,Foundation,KGU
M6KGW,Available,Foundation,KGW
M6KGX,Available,Foundation,KGX
M6KGY,Available,Foundation,KGY
M6KGZ,Available,Foundation,KGZ
M6KHA,Available,Foundation,KHA
M6KHB,Available,Foundation,KHB
M6KHC,Available,Foundation,KHC
M6KHD,Available,Foundation,KHD
M6KHE,Available,Foundation,KHE
M6KHF,Available,Foundation,KHF
M6KHH,Available,Foundation,KHH
M6KHI,Available,Foundation,KHI
M6KHJ,Available,Foundation,KHJ
M6KHK,Available,Foundation,KHK
M6KHL,Available,Foundation,KHL
M6KHM,Available,Foundation,KHM
M6KHN,Available,Foundation,KHN
M6KHP,Available,Foundation,KHP
M6KHQ,Available,Foundation,KHQ
M6KHR,Available,Foundation,KHR
M6KHT,Available,Foundation,KHT
M6KHU,Available,Foundation,KHU
M6KHV,Available,Foundation,KHV
M6KHX,Available,Foundation,KHX
M6KHY,Available,Foundation,KHY
M6KIB,Available,Foundation,KIB
M6KIC,Available,Foundation,KIC
M6KIF,Available,Foundation,KIF
M6KIG,Available,Foundation,KIG
M6KIH,Available,Foundation,KIH
M6KII,Available,Foundation,KII
M6KIJ,Available,Foundation,KIJ
M6KIK,Available,Foundation,KIK
M6KIO,Available,Foundation,KIO
M6KIQ,Available,Foundation,KIQ
M6KIS,Available,Foundation,KIS
M6KIU,Available,Foundation,KIU
M6KIV,Available,Foundation,KIV
M6KIW,Available,Foundation,KIW
M6KIX,Available,Foundation,KIX
M6KIY,Available,Foundation,KIY
M6KIZ,Available,Foundation,KIZ
M6KJB,Available,Foundation,KJB
M6KJE,Available,Foundation,KJE
M6KJI,Available,Foundation,KJI
M6KJJ,Available,Foundation,KJJ
M6KJL,Available,Foundation,KJL
M6KJN,Available,Foundation,KJN
M6KJO,Available,Foundation,KJO
M6KJQ,Available,Foundation,KJQ
M6KJU,Available,Foundation,KJU
M6KJX,Available,Foundation,KJX
M6KJZ,Available,Foundation,KJZ
M6KKA,Available,Foundation,KKA
M6KKC,Available,Foundation,KKC
M6KKD,Available,Foundation,KKD
M6KKE,Available,Foundation,KKE
M6KKF,Available,Foundation,KKF
M6KKH,Available,Foundation,KKH
M6KKI,Available,Foundation,KKI
M6KKJ,Available,Foundation,KKJ
M6KKN,Available,Foundation,KKN
M6KKO,Available,Foundation,KKO
M6KKQ,Available,Foundation,KKQ
M6KKR,Available,Foundation,KKR
M6KKU,Available,Foundation,KKU
M6KKV,Available,Foundation,KKV
M6KKW,Available,Foundation,KKW
M6KKX,Available,Foundation,KKX
M6KKY,Available,Foundation,KKY
M6KKZ,Available,Foundation,KKZ
M6KLA,Available,Foundation,KLA
M6KLE,Available,Foundation,KLE
M6KLG,Available,Foundation,KLG
M6KLI,Available,Foundation,KLI
M6KLJ,Available,Foundation,KLJ
M6KLN,Available,Foundation,KLN
M6KLQ,Available,Foundation,KLQ
M6KLU,Available,Foundation,KLU
M6KLV,Available,Foundation,KLV
M6KLW,Available,Foundation,KLW
M6KLX,Available,Foundation,KLX
M6KMJ,Available,Foundation,KMJ
M6KMK,Available,Foundation,KMK
M6KMQ,Available,Foundation,KMQ
M6KMU,Available,Foundation,KMU
M6KMV,Available,Foundation,KMV
M6KMX,Available,Foundation,KMX
M6KMY,Available,Foundation,KMY
M6KMZ,Available,Foundation,KMZ
M6KNB,Available,Foundation,KNB
M6KND,Available,Foundation,KND
M6KNI,Available,Foundation,KNI
M6KNJ,Available,Foundation,KNJ
M6KNK,Available,Foundation,KNK
M6KNL,Available,Foundation,KNL
M6KNM,Available,Foundation,KNM
M6KNN,Available,Foundation,KNN
M6KNP,Available,Foundation,KNP
M6KNQ,Available,Foundation,KNQ
M6KNR,Available,Foundation,KNR
M6KNS,Available,Foundation,KNS
M6KNV,Available,Foundation,KNV
M6KNX,Available,Foundation,KNX
M6KNY,Available,Foundation,KNY
M6KOD,Available,Foundation,KOD
M6KOE,Available,Foundation,KOE
M6KOH,Available,Foundation,KOH
M6KOJ,Available,Foundation,KOJ
M6KON,Available,Foundation,KON
M6KOO,Available,Foundation,KOO
M6KOP,Available,Foundation,KOP
M6KOQ,Available,Foundation,KOQ
M6KOR,Available,Foundation,KOR
M6KOT,Available,Foundation,KOT
M6KOU,Available,Foundation,KOU
M6KOV,Available,Foundation,KOV
M6KOW,Available,Foundation,KOW
M6KOX,Available,Foundation,KOX
M6KOY,Available,Foundation,KOY
M6KOZ,Available,Foundation,KOZ
M6KPA,Available,Foundation,KPA
M6KPE,Available,Foundation,KPE
M6KPI,Available,Foundation,KPI
M6KPJ,Available,Foundation,KPJ
M6KPK,Available,Foundation,KPK
M6KPL,Available,Foundation,KPL
M6KPN,Available,Foundation,KPN
M6KPO,Available,Foundation,KPO
M6KPP,Available,Foundation,KPP
M6KPQ,Available,Foundation,KPQ
M6KPR,Available,Foundation,KPR
M6KPU,Available,Foundation,KPU
M6KPV,Available,Foundation,KPV
M6KPW,Available,Foundation,KPW
M6KPX,Available,Foundation,KPX
M6KPY,Available,Foundation,KPY
M6KPZ,Available,Foundation,KPZ
M6KQA,Available,Foundation,KQA
M6KQB,Available,Foundation,KQB
M6KQC,Available,Foundation,KQC
M6KQD,Available,Foundation,KQD
M6KQE,Available,Foundation,KQE
M6KQF,Available,Foundation,KQF
M6KQG,Available,Foundation,KQG
M6KQH,Available,Foundation,KQH
M6KQI,Available,Foundation,KQI
M6KQJ,Available,Foundation,KQJ
M6KQK,Available,Foundation,KQK
M6KQL,Available,Foundation,KQL
M6KQM,Available,Foundation,KQM
M6KQN,Available,Foundation,KQN
M6KQO,Available,Foundation,KQO
M6KQP,Available,Foundation,KQP
M6KQQ,Available,Foundation,KQQ
M6KQR,Available,Foundation,KQR
M6KQS,Available,Foundation,KQS
M6KQT,Available,Foundation,KQT
M6KQU,Available,Foundation,KQU
M6KQV,Available,Foundation,KQV
M6KQW,Available,Foundation,KQW
M6KQX,Available,Foundation,KQX
M6KQY,Available,Foundation,KQY
M6KQZ,Available,Foundation,KQZ
M6KRC,Available,Foundation,KRC
M6KRE,Available,Foundation,KRE
M6KRK,Available,Foundation,KRK
M6KRQ,Available,Foundation,KRQ
M6KRY,Available,Foundation,KRY
M6KRZ,Available,Foundation,KRZ
M6KSE,Available,Foundation,KSE
M6KSF,Available,Foundation,KSF
M6KSI,Available,Foundation,KSI
M6KSO,Available,Foundation,KSO
M6KSQ,Available,Foundation,KSQ
M6KSR,Available,Foundation,KSR
M6KSU,Available,Foundation,KSU
M6KSV,Available,Foundation,KSV
M6KSX,Available,Foundation,KSX
M6KSY,Available,Foundation,KSY
M6KSZ,Available,Foundation,KSZ
M6KTA,Available,Foundation,KTA
M6KTB,Available,Foundation,KTB
M6KTD,Available,Foundation,KTD
M6KTF,Available,Foundation,KTF
M6KTK,Available,Foundation,KTK
M6KTP,Available,Foundation,KTP
M6KTQ,Available,Foundation,KTQ
M6KTU,Available,Foundation,KTU
M6KTV,Available,Foundation,KTV
M6KTW,Available,Foundation,KTW
M6KUA,Available,Foundation,KUA
M6KUB,Available,Foundation,KUB
M6KUC,Available,Foundation,KUC
M6KUD,Available,Foundation,KUD
M6KUE,Available,Foundation,KUE
M6KUF,Available,Foundation,KUF
M6KUG,Available,Foundation,KUG
M6KUI,Available,Foundation,KUI
M6KUJ,Available,Foundation,KUJ
M6KUK,Available,Foundation,KUK
M6KUL,Available,Foundation,KUL
M6KUM,Available,Foundation,KUM
M6KUN,Available,Foundation,KUN
M6KUO,Available,Foundation,KUO
M6KUP,Available,Foundation,KUP
M6KUQ,Available,Foundation,KUQ
M6KUR,Available,Foundation,KUR
M6KUU,Available,Foundation,KUU
M6KUV,Available,Foundation,KUV
M6KUW,Available,Foundation,KUW
M6KUX,Available,Foundation,KUX
M6KUY,Available,Foundation,KUY
M6KUZ,Available,Foundation,KUZ
M6KVA,Available,Foundation,KVA
M6KVC,Available,Foundation,KVC
M6KVE,Available,Foundation,KVE
M6KVG,Available,Foundation,KVG
M6KVH,Available,Foundation,KVH
M6KVI,Available,Foundation,KVI
M6KVK,Available,Foundation,KVK
M6KVO,Available,Foundation,KVO
M6KVP,Available,Foundation,KVP
M6KVQ,Available,Foundation,KVQ
M6KVS,Available,Foundation,KVS
M6KVT,Available,Foundation,KVT
M6KVU,Available,Foundation,KVU
M6KVV,Available,Foundation,KVV
M6KVW,Available,Foundation,KVW
M6KVX,Available,Foundation,KVX
M6KVY,Available,Foundation,KVY
M6KVZ,Available,Foundation,KVZ
M6KWC,Available,Foundation,KWC
M6KWE,Available,Foundation,KWE
M6KWF,Available,Foundation,KWF
M6KWJ,Available,Foundation,KWJ
M6KWK,Available,Foundation,KWK
M6KWO,Available,Foundation,KWO
M6KWQ,Available,Foundation,KWQ
M6KWR,Available,Foundation,KWR
M6KWU,Available,Foundation,KWU
M6KWV,Available,Foundation,KWV
M6KWX,Available,Foundation,KWX
M6KWY,Available,Foundation,KWY
M6KWZ,Available,Foundation,KWZ
M6KXA,Available,Foundation,KXA
M6KXB,Available,Foundation,KXB
M6KXC,Available,Foundation,KXC
M6KXD,Available,Foundation,KXD
M6KXE,Available,Foundation,KXE
M6KXF,Available,Foundation,KXF
M6KXG,Available,Foundation,KXG
M6KXH,Available,Foundation,KXH
M6KXI,Available,Foundation,KXI
M6KXJ,Available,Foundation,KXJ
M6KXK,Available,Foundation,KXK
M6KXL,Available,Foundation,KXL
M6KXM,Available,Foundation,KXM
M6KXN,Available,Foundation,KXN
M6KXO,Available,Foundation,KXO
M6KXP,Available,Foundation,KXP
M6KXR,Available,Foundation,KXR
M6KXT,Available,Foundation,KXT
M6KXU,Available,Foundation,KXU
M6KXV,Available,Foundation,KXV
M6KXW,Available,Foundation,KXW
M6KXX,Available,Foundation,KXX
M6KXY,Available,Foundation,KXY
M6KYB,Available,Foundation,KYB
M6KYC,Available,Foundation,KYC
M6KYD,Available,Foundation,KYD
M6KYE,Available,Foundation,KYE
M6KYF,Available,Foundation,KYF
M6KYG,Available,Foundation,KYG
M6KYI,Available,Foundation,KYI
M6KYJ,Available,Foundation,KYJ
M6KYM,Available,Foundation,KYM
M6KYP,Available,Foundation,KYP
M6KYQ,Available,Foundation,KYQ
M6KYR,Available,Foundation,KYR
M6KYS,Available,Foundation,KYS
M6KYU,Available,Foundation,KYU
M6KYV,Available,Foundation,KYV
M6KYW,Available,Foundation,KYW
M6KYX,Available,Foundation,KYX
M6KYY,Available,Foundation,KYY
M6KYZ,Available,Foundation,KYZ
M6KZA,Available,Foundation,KZA
M6KZB,Available,Foundation,KZB
M6KZC,Available,Foundation,KZC
M6KZD,Available,Foundation,KZD
M6KZF,Available,Foundation,KZF
M6KZG,Available,Foundation,KZG
M6KZH,Available,Foundation,KZH
M6KZI,Available,Foundation,KZI
M6KZJ,Available,Foundation,KZJ
M6KZK,Available,Foundation,KZK
M6KZL,Available,Foundation,KZL
M6KZM,Available,Foundation,KZM
M6KZN,Available,Foundation,KZN
M6KZO,Available,Foundation,KZO
M6KZP,Available,Foundation,KZP
M6KZQ,Available,Foundation,KZQ
M6KZR,Available,Foundation,KZR
M6KZS,Available,Foundation,KZS
M6KZU,Available,Foundation,KZU
M6KZV,Available,Foundation,KZV
M6KZW,Available,Foundation,KZW
M6KZX,Available,Foundation,KZX
M6KZY,Available,Foundation,KZY
M6KZZ,Available,Foundation,KZZ
M6LBO,Available,Foundation,LBO
M6LBU,Available,Foundation,LBU
M6LCC,Available,Foundation,LCC
M6LCE,Available,Foundation,LCE
M6LCF,Available,Foundation,LCF
M6LCG,Available,Foundation,LCG
M6LCI,Available,Foundation,LCI
M6LCN,Available,Foundation,LCN
M6LCO,Available,Foundation,LCO
M6LCQ,Available,Foundation,LCQ
M6LCU,Available,Foundation,LCU
M6LCV,Available,Foundation,LCV
M6LCX,Available,Foundation,LCX
M6LDA,Available,Foundation,LDA
M6LDB,Available,Foundation,LDB
M6LDD,Available,Foundation,LDD
M6LDG,Available,Foundation,LDG
M6LDI,Available,Foundation,LDI
M6LDO,Available,Foundation,LDO
M6LDQ,Available,Foundation,LDQ
M6LDT,Available,Foundation,LDT
M6LDW,Available,Foundation,LDW
M6LDZ,Available,Foundation,LDZ
M6LEJ,Available,Foundation,LEJ
M6LEK,Available,Foundation,LEK
M6LEQ,Available,Foundation,LEQ
M6LEU,Available,Foundation,LEU
M6LFE,Available,Foundation,LFE
M6LFF,Available,Foundation,LFF
M6LFG,Available,Foundation,LFG
M6LFI,Available,Foundation,LFI
M6LFJ,Available,Foundation,LFJ
M6LFK,Available,Foundation,LFK
M6LFL,Available,Foundation,LFL
M6LFM,Available,Foundation,LFM
M6LFN,Available,Foundation,LFN
M6LFP,Available,Foundation,LFP
M6LFQ,Available,Foundation,LFQ
M6LFR,Available,Foundation,LFR
M6LFS,Available,Foundation,LFS
M6LFT,Available,Foundation,LFT
M6LFU,Available,Foundation,LFU
M6LFV,Available,Foundation,LFV
M6LFW,Available,Foundation,LFW
M6LFX,Available,Foundation,LFX
M6LFY,Available,Foundation,LFY
M6LFZ,Available,Foundation,LFZ
M6LGA,Available,Foundation,LGA
M6LGD,Available,Foundation,LGD
M6LGF,Available,Foundation,LGF
M6LGG,Available,Foundation,LGG
M6LGI,Available,Foundation,LGI
M6LGJ,Available,Foundation,LGJ
M6LGK,Available,Foundation,LGK
M6LGO,Available,Foundation,LGO
M6LGQ,Available,Foundation,LGQ
M6LGR,Available,Foundation,LGR
M6LGT,Available,Foundation,LGT
M6LGU,Available,Foundation,LGU
M6LGW,Available,Foundation,LGW
M6LGX,Available,Foundation,LGX
M6LGY,Available,Foundation,LGY
M6LHA,Available,Foundation,LHA
M6LHB,Available,Foundation,LHB
M6LHE,Available,Foundation,LHE
M6LHF,Available,Foundation,LHF
M6LHH,Available,Foundation,LHH
M6LHI,Available,Foundation,LHI
M6LHJ,Available,Foundation,LHJ
M6LHK,Available,Foundation,LHK
M6LHL,Available,Foundation,LHL
M6LHN,Available,Foundation,LHN
M6LHO,Available,Foundation,LHO
M6LHQ,Available,Foundation,LHQ
M6LHT,Available,Foundation,LHT
M6LHU,Available,Foundation,LHU
M6LHV,Available,Foundation,LHV
M6LHX,Available,Foundation,LHX
M6LHY,Available,Foundation,LHY
M6LHZ,Available,Foundation,LHZ
M6LIE,Available,Foundation,LIE
M6LIF,Available,Foundation,LIF
M6LIG,Available,Foundation,LIG
M6LIH,Available,Foundation,LIH
M6LII,Available,Foundation,LII
M6LIJ,Available,Foundation,LIJ
M6LIK,Available,Foundation,LIK
M6LIQ,Available,Foundation,LIQ
M6LIR,Available,Foundation,LIR
M6LIT,Available,Foundation,LIT
M6LIU,Available,Foundation,LIU
M6LIY,Available,Foundation,LIY
M6LJF,Available,Foundation,LJF
M6LJI,Available,Foundation,LJI
M6LJL,Available,Foundation,LJL
M6LJN,Available,Foundation,LJN
M6LJO,Available,Foundation,LJO
M6LJP,Available,Foundation,LJP
M6LJU,Available,Foundation,LJU
M6LJV,Available,Foundation,LJV
M6LJX,Available,Foundation,LJX
M6LJY,Available,Foundation,LJY
M6LJZ,Available,Foundation,LJZ
M6LKA,Available,Foundation,LKA
M6LKD,Available,Foundation,LKD
M6LKE,Available,Foundation,LKE
M6LKF,Available,Foundation,LKF
M6LKJ,Available,Foundation,LKJ
M6LKK,Available,Foundation,LKK
M6LKL,Available,Foundation,LKL
M6LKN,Available,Foundation,LKN
M6LKO,Available,Foundation,LKO
M6LKP,Available,Foundation,LKP
M6LKR,Available,Foundation,LKR
M6LKT,Available,Foundation,LKT
M6LKU,Available,Foundation,LKU
M6LKW,Available,Foundation,LKW
M6LKX,Available,Foundation,LKX
M6LKZ,Available,Foundation,LKZ
M6LLA,Available,Foundation,LLA
M6LLC,Available,Foundation,LLC
M6LLE,Available,Foundation,LLE
M6LLF,Available,Foundation,LLF
M6LLH,Available,Foundation,LLH
M6LLI,Available,Foundation,LLI
M6LLJ,Available,Foundation,LLJ
M6LLK,Available,Foundation,LLK
M6LLN,Available,Foundation,LLN
M6LLP,Available,Foundation,LLP
M6LLQ,Available,Foundation,LLQ
M6LLR,Available,Foundation,LLR
M6LLV,Available,Foundation,LLV
M6LLX,Available,Foundation,LLX
M6LLZ,Available,Foundation,LLZ
M6LME,Available,Foundation,LME
M6LML,Available,Foundation,LML
M6LMO,Available,Foundation,LMO
M6LMQ,Available,Foundation,LMQ
M6LMT,Available,Foundation,LMT
M6LMU,Available,Foundation,LMU
M6LMV,Available,Foundation,LMV
M6LMW,Available,Foundation,LMW
M6LMX,Available,Foundation,LMX
M6LMY,Available,Foundation,LMY
M6LNB,Available,Foundation,LNB
M6LNF,Available,Foundation,LNF
M6LNI,Available,Foundation,LNI
M6LNJ,Available,Foundation,LNJ
M6LNK,Available,Foundation,LNK
M6LNL,Available,Foundation,LNL
M6LNM,Available,Foundation,LNM
M6LNN,Available,Foundation,LNN
M6LNO,Available,Foundation,LNO
M6LNP,Available,Foundation,LNP
M6LNQ,Available,Foundation,LNQ
M6LNR,Available,Foundation,LNR
M6LNS,Available,Foundation,LNS
M6LNU,Available,Foundation,LNU
M6LNV,Available,Foundation,LNV
M6LNW,Available,Foundation,LNW
M6LNY,Available,Foundation,LNY
M6LOA,Available,Foundation,LOA
M6LOD,Available,Foundation,LOD
M6LOE,Available,Foundation,LOE
M6LOH,Available,Foundation,LOH
M6LOI,Available,Foundation,LOI
M6LOJ,Available,Foundation,LOJ
M6LOK,Available,Foundation,LOK
M6LOP,Available,Foundation,LOP
M6LOQ,Available,Foundation,LOQ
M6LOX,Available,Foundation,LOX
M6LOY,Available,Foundation,LOY
M6LPA,Available,Foundation,LPA
M6LPB,Available,Foundation,LPB
M6LPE,Available,Foundation,LPE
M6LPF,Available,Foundation,LPF
M6LPH,Available,Foundation,LPH
M6LPI,Available,Foundation,LPI
M6LPJ,Available,Foundation,LPJ
M6LPK,Available,Foundation,LPK
M6LPL,Available,Foundation,LPL
M6LPM,Available,Foundation,LPM
M6LPO,Available,Foundation,LPO
M6LPP,Available,Foundation,LPP
M6LPQ,Available,Foundation,LPQ
M6LPS,Available,Foundation,LPS
M6LPT,Available,Foundation,LPT
M6LPU,Available,Foundation,LPU
M6LPV,Available,Foundation,LPV
M6LPX,Available,Foundation,LPX
M6LPY,Available,Foundation,LPY
M6LPZ,Available,Foundation,LPZ
M6LQA,Available,Foundation,LQA
M6LQB,Available,Foundation,LQB
M6LQC,Available,Foundation,LQC
M6LQD,Available,Foundation,LQD
M6LQE,Available,Foundation,LQE
M6LQF,Available,Foundation,LQF
M6LQG,Available,Foundation,LQG
M6LQH,Available,Foundation,LQH
M6LQI,Available,Foundation,LQI
M6LQJ,Available,Foundation,LQJ
M6LQK,Available,Foundation,LQK
M6LQL,Available,Foundation,LQL
M6LQM,Available,Foundation,LQM
M6LQN,Available,Foundation,LQN
M6LQP,Available,Foundation,LQP
M6LQQ,Available,Foundation,LQQ
M6LQR,Available,Foundation,LQR
M6LQS,Available,Foundation,LQS
M6LQT,Available,Foundation,LQT
M6LQU,Available,Foundation,LQU
M6LQV,Available,Foundation,LQV
M6LQW,Available,Foundation,LQW
M6LQX,Available,Foundation,LQX
M6LQY,Available,Foundation,LQY
M6LQZ,Available,Foundation,LQZ
M6LRF,Available,Foundation,LRF
M6LRI,Available,Foundation,LRI
M6LRJ,Available,Foundation,LRJ
M6LRP,Available,Foundation,LRP
M6LRQ,Available,Foundation,LRQ
M6LRU,Available,Foundation,LRU
M6LRV,Available,Foundation,LRV
M6LRX,Available,Foundation,LRX
M6LRZ,Available,Foundation,LRZ
M6LSH,Available,Foundation,LSH
M6LSI,Available,Foundation,LSI
M6LSL,Available,Foundation,LSL
M6LSN,Available,Foundation,LSN
M6LSO,Available,Foundation,LSO
M6LSP,Available,Foundation,LSP
M6LSU,Available,Foundation,LSU
M6LSV,Available,Foundation,LSV
M6LSW,Available,Foundation,LSW
M6LSX,Available,Foundation,LSX
M6LSZ,Available,Foundation,LSZ
M6LTC,Available,Foundation,LTC
M6LTF,Available,Foundation,LTF
M6LTG,Available,Foundation,LTG
M6LTH,Available,Foundation,LTH
M6LTI,Available,Foundation,LTI
M6LTL,Available,Foundation,LTL
M6LTN,Available,Foundation,LTN
M6LTO,Available,Foundation,LTO
M6LTP,Available,Foundation,LTP
M6LTQ,Available,Foundation,LTQ
M6LTR,Available,Foundation,LTR
M6LTT,Available,Foundation,LTT
M6LTV,Available,Foundation,LTV
M6LTW,Available,Foundation,LTW
M6LTX,Available,Foundation,LTX
M6LTY,Available,Foundation,LTY
M6LTZ,Available,Foundation,LTZ
M6LUB,Available,Foundation,LUB
M6LUD,Available,Foundation,LUD
M6LUF,Available,Foundation,LUF
M6LUH,Available,Foundation,LUH
M6LUI,Available,Foundation,LUI
M6LUJ,Available,Foundation,LUJ
M6LUM,Available,Foundation,LUM
M6LUN,Available,Foundation,LUN
M6LUO,Available,Foundation,LUO
M6LUP,Available,Foundation,LUP
M6LUQ,Available,Foundation,LUQ
M6LUR,Available,Foundation,LUR
M6LUS,Available,Foundation,LUS
M6LUT,Available,Foundation,LUT
M6LUU,Available,Foundation,LUU
M6LUW,Available,Foundation,LUW
M6LUX,Available,Foundation,LUX
M6LUY,Available,Foundation,LUY
M6LUZ,Available,Foundation,LUZ
M6LVA,Available,Foundation,LVA
M6LVB,Available,Foundation,LVB
M6LVC,Available,Foundation,LVC
M6LVD,Available,Foundation,LVD
M6LVE,Available,Foundation,LVE
M6LVF,Available,Foundation,LVF
M6LVH,Available,Foundation,LVH
M6LVI,Available,Foundation,LVI
M6LVJ,Available,Foundation,LVJ
M6LVL,Available,Foundation,LVL
M6LVM,Available,Foundation,LVM
M6LVN,Available,Foundation,LVN
M6LVO,Available,Foundation,LVO
M6LVP,Available,Foundation,LVP
M6LVQ,Available,Foundation,LVQ
M6LVR,Available,Foundation,LVR
M6LVS,Available,Foundation,LVS
M6LVT,Available,Foundation,LVT
M6LVU,Available,Foundation,LVU
M6LVV,Available,Foundation,LVV
M6LVX,Available,Foundation,LVX
M6LVY,Available,Foundation,LVY
M6LVZ,Available,Foundation,LVZ
M6LWD,Available,Foundation,LWD
M6LWE,Available,Foundation,LWE
M6LWG,Available,Foundation,LWG
M6LWI,Available,Foundation,LWI
M6LWJ,Available,Foundation,LWJ
M6LWK,Available,Foundation,LWK
M6LWL,Available,Foundation,LWL
M6LWM,Available,Foundation,LWM
M6LWN,Available,Foundation,LWN
M6LWO,Available,Foundation,LWO
M6LWP,Available,Foundation,LWP
M6LWQ,Available,Foundation,LWQ
M6LWU,Available,Foundation,LWU
M6LWV,Available,Foundation,LWV
M6LWX,Available,Foundation,LWX
M6LWY,Available,Foundation,LWY
M6LWZ,Available,Foundation,LWZ
M6LXE,Available,Foundation,LXE
M6LXF,Available,Foundation,LXF
M6LXG,Available,Foundation,LXG
M6LXI,Available,Foundation,LXI
M6LXJ,Available,Foundation,LXJ
M6LXK,Available,Foundation,LXK
M6LXL,Available,Foundation,LXL
M6LXM,Available,Foundation,LXM
M6LXN,Available,Foundation,LXN
M6LXO,Available,Foundation,LXO
M6LXP,Available,Foundation,LXP
M6LXQ,Available,Foundation,LXQ
M6LXR,Available,Foundation,LXR
M6LXS,Available,Foundation,LXS
M6LXT,Available,Foundation,LXT
M6LXU,Available,Foundation,LXU
M6LXV,Available,Foundation,LXV
M6LXW,Available,Foundation,LXW
M6LXX,Available,Foundation,LXX
M6LYB,Available,Foundation,LYB
M6LYC,Available,Foundation,LYC
M6LYD,Available,Foundation,LYD
M6LYE,Available,Foundation,LYE
M6LYF,Available,Foundation,LYF
M6LYG,Available,Foundation,LYG
M6LYH,Available,Foundation,LYH
M6LYI,Available,Foundation,LYI
M6LYJ,Available,Foundation,LYJ
M6LYK,Available,Foundation,LYK
M6LYM,Available,Foundation,LYM
M6LYP,Available,Foundation,LYP
M6LYQ,Available,Foundation,LYQ
M6LYR,Available,Foundation,LYR
M6LYT,Available,Foundation,LYT
M6LYU,Available,Foundation,LYU
M6LYV,Available,Foundation,LYV
M6LYY,Available,Foundation,LYY
M6LYZ,Available,Foundation,LYZ
M6LZA,Available,Foundation,LZA
M6LZB,Available,Foundation,LZB
M6LZC,Available,Foundation,LZC
M6LZD,Available,Foundation,LZD
M6LZE,Available,Foundation,LZE
M6LZF,Available,Foundation,LZF
M6LZG,Available,Foundation,LZG
M6LZH,Available,Foundation,LZH
M6LZI,Available,Foundation,LZI
M6LZJ,Available,Foundation,LZJ
M6LZK,Available,Foundation,LZK
M6LZL,Available,Foundation,LZL
M6LZM,Available,Foundation,LZM
M6LZN,Available,Foundation,LZN
M6LZO,Available,Foundation,LZO
M6LZQ,Available,Foundation,LZQ
M6LZR,Available,Foundation,LZR
M6LZS,Available,Foundation,LZS
M6LZT,Available,Foundation,LZT
M6LZU,Available,Foundation,LZU
M6LZV,Available,Foundation,LZV
M6LZW,Available,Foundation,LZW
M6LZZ,Available,Foundation,LZZ
M6MFE,Available,Foundation,MFE
M6MFQ,Available,Foundation,MFQ
M6MFT,Available,Foundation,MFT
M6MFU,Available,Foundation,MFU
M6MFV,Available,Foundation,MFV
M6MFX,Available,Foundation,MFX
M6MGG,Available,Foundation,MGG
M6MGO,Available,Foundation,MGO
M6MGQ,Available,Foundation,MGQ
M6MGR,Available,Foundation,MGR
M6MGU,Available,Foundation,MGU
M6MGV,Available,Foundation,MGV
M6MGZ,Available,Foundation,MGZ
M6MHE,Available,Foundation,MHE
M6MHG,Available,Foundation,MHG
M6MHI,Available,Foundation,MHI
M6MHJ,Available,Foundation,MHJ
M6MHK,Available,Foundation,MHK
M6MHN,Available,Foundation,MHN
M6MHP,Available,Foundation,MHP
M6MHQ,Available,Foundation,MHQ
M6MHR,Available,Foundation,MHR
M6MHT,Available,Foundation,MHT
M6MHU,Available,Foundation,MHU
M6MHV,Available,Foundation,MHV
M6MHW,Available,Foundation,MHW
M6MHX,Available,Foundation,MHX
M6MHY,Available,Foundation,MHY
M6MIE,Available,Foundation,MIE
M6MIF,Available,Foundation,MIF
M6MIH,Available,Foundation,MIH
M6MII,Available,Foundation,MII
M6MIP,Available,Foundation,MIP
M6MIQ,Available,Foundation,MIQ
M6MIU,Available,Foundation,MIU
M6MIY,Available,Foundation,MIY
M6MJI,Available,Foundation,MJI
M6MJV,Available,Foundation,MJV
M6MJZ,Available,Foundation,MJZ
M6MKF,Available,Foundation,MKF
M6MKH,Available,Foundation,MKH
M6MKM,Available,Foundation,MKM
M6MKP,Available,Foundation,MKP
M6MKQ,Available,Foundation,MKQ
M6MKU,Available,Foundation,MKU
M6MKX,Available,Foundation,MKX
M6MKZ,Available,Foundation,MKZ
M6MLD,Available,Foundation,MLD
M6MLE,Available,Foundation,MLE
M6MLF,Available,Foundation,MLF
M6MLI,Available,Foundation,MLI
M6MLJ,Available,Foundation,MLJ
M6MLN,Available,Foundation,MLN
M6MLO,Available,Foundation,MLO
M6MLQ,Available,Foundation,MLQ
M6MLU,Available,Foundation,MLU
M6MLV,Available,Foundation,MLV
M6MLX,Available,Foundation,MLX
M6MMF,Available,Foundation,MMF
M6MMI,Available,Foundation,MMI
M6MMK,Available,Foundation,MMK
M6MMN,Available,Foundation,MMN
M6MMO,Available,Foundation,MMO
M6MMQ,Available,Foundation,MMQ
M6MMR,Available,Foundation,MMR
M6MMU,Available,Foundation,MMU
M6MMY,Available,Foundation,MMY
M6MNI,Available,Foundation,MNI
M6MNK,Available,Foundation,MNK
M6MNL,Available,Foundation,MNL
M6MNN,Available,Foundation,MNN
M6MNO,Available,Foundation,MNO
M6MNQ,Available,Foundation,MNQ
M6MNS,Available,Foundation,MNS
M6MNU,Available,Foundation,MNU
M6MNV,Available,Foundation,MNV
M6MNW,Available,Foundation,MNW
M6MNY,Available,Foundation,MNY
M6MNZ,Available,Foundation,MNZ
M6MOA,Available,Foundation,MOA
M6MOI,Available,Foundation,MOI
M6MOJ,Available,Foundation,MOJ
M6MOQ,Available,Foundation,MOQ
M6MOY,Available,Foundation,MOY
M6MPA,Available,Foundation,MPA
M6MPD,Available,Foundation,MPD
M6MPF,Available,Foundation,MPF
M6MPN,Available,Foundation,MPN
M6MPO,Available,Foundation,MPO
M6MPQ,Available,Foundation,MPQ
M6MPR,Available,Foundation,MPR
M6MPU,Available,Foundation,MPU
M6MPY,Available,Foundation,MPY
M6MPZ,Available,Foundation,MPZ
M6MQA,Available,Foundation,MQA
M6MQB,Available,Foundation,MQB
M6MQC,Available,Foundation,MQC
M6MQD,Available,Foundation,MQD
M6MQE,Available,Foundation,MQE
M6MQF,Available,Foundation,MQF
M6MQG,Available,Foundation,MQG
M6MQH,Available,Foundation,MQH
M6MQI,Available,Foundation,MQI
M6MQJ,Available,Foundation,MQJ
M6MQK,Available,Foundation,MQK
M6MQL,Available,Foundation,MQL
M6MQM,Available,Foundation,MQM
M6MQN,Available,Foundation,MQN
M6MQO,Available,Foundation,MQO
M6MQP,Available,Foundation,MQP
M6MQQ,Available,Foundation,MQQ
M6MQR,Available,Foundation,MQR
M6MQS,Available,Foundation,MQS
M6MQT,Available,Foundation,MQT
M6MQU,Available,Foundation,MQU
M6MQV,Available,Foundation,MQV
M6MQW,Available,Foundation,MQW
M6MQX,Available,Foundation,MQX
M6MQY,Available,Foundation,MQY
M6MQZ,Available,Foundation,MQZ
M6MRI,Available,Foundation,MRI
M6MRU,Available,Foundation,MRU
M6MSF,Available,Foundation,MSF
M6MSI,Available,Foundation,MSI
M6MSP,Available,Foundation,MSP
M6MSQ,Available,Foundation,MSQ
M6MSV,Available,Foundation,MSV
M6MSZ,Available,Foundation,MSZ
M6MTE,Available,Foundation,MTE
M6MTI,Available,Foundation,MTI
M6MTK,Available,Foundation,MTK
M6MTO,Available,Foundation,MTO
M6MTP,Available,Foundation,MTP
M6MTQ,Available,Foundation,MTQ
M6MTU,Available,Foundation,MTU
M6MTZ,Available,Foundation,MTZ
M6MUA,Available,Foundation,MUA
M6MUB,Available,Foundation,MUB
M6MUE,Available,Foundation,MUE
M6MUH,Available,Foundation,MUH
M6MUI,Available,Foundation,MUI
M6MUJ,Available,Foundation,MUJ
M6MUN,Available,Foundation,MUN
M6MUO,Available,Foundation,MUO
M6MUQ,Available,Foundation,MUQ
M6MUU,Available,Foundation,MUU
M6MUW,Available,Foundation,MUW
M6MUX,Available,Foundation,MUX
M6MUY,Available,Foundation,MUY
M6MVC,Available,Foundation,MVC
M6MVE,Available,Foundation,MVE
M6MVG,Available,Foundation,MVG
M6MVH,Available,Foundation,MVH
M6MVJ,Available,Foundation,MVJ
M6MVN,Available,Foundation,MVN
M6MVO,Available,Foundation,MVO
M6MVP,Available,Foundation,MVP
M6MVR,Available,Foundation,MVR
M6MVS,Available,Foundation,MVS
M6MVU,Available,Foundation,MVU
M6MVV,Available,Foundation,MVV
M6MVW,Available,Foundation,MVW
M6MVX,Available,Foundation,MVX
M6MVY,Available,Foundation,MVY
M6MVZ,Available,Foundation,MVZ
M6MWE,Available,Foundation,MWE
M6MWG,Available,Foundation,MWG
M6MWK,Available,Foundation,MWK
M6MWL,Available,Foundation,MWL
M6MWM,Available,Foundation,MWM
M6MWO,Available,Foundation,MWO
M6MWQ,Available,Foundation,MWQ
M6MWU,Available,Foundation,MWU
M6MWV,Available,Foundation,MWV
M6MWX,Available,Foundation,MWX
M6MWY,Available,Foundation,MWY
M6MWZ,Available,Foundation,MWZ
M6MXA,Available,Foundation,MXA
M6MXB,Available,Foundation,MXB
M6MXD,Available,Foundation,MXD
M6MXE,Available,Foundation,MXE
M6MXF,Available,Foundation,MXF
M6MXG,Available,Foundation,MXG
M6MXH,Available,Foundation,MXH
M6MXJ,Available,Foundation,MXJ
M6MXK,Available,Foundation,MXK
M6MXN,Available,Foundation,MXN
M6MXP,Available,Foundation,MXP
M6MXQ,Available,Foundation,MXQ
M6MXR,Available,Foundation,MXR
M6MXT,Available,Foundation,MXT
M6MXU,Available,Foundation,MXU
M6MXV,Available,Foundation,MXV
M6MXX,Available,Foundation,MXX
M6MXY,Available,Foundation,MXY
M6MXZ,Available,Foundation,MXZ
M6MYB,Available,Foundation,MYB
M6MYC,Available,Foundation,MYC
M6MYE,Available,Foundation,MYE
M6MYF,Available,Foundation,MYF
M6MYG,Available,Foundation,MYG
M6MYH,Available,Foundation,MYH
M6MYI,Available,Foundation,MYI
M6MYJ,Available,Foundation,MYJ
M6MYL,Available,Foundation,MYL
M6MYM,Available,Foundation,MYM
M6MYP,Available,Foundation,MYP
M6MYQ,Available,Foundation,MYQ
M6MYR,Available,Foundation,MYR
M6MYT,Available,Foundation,MYT
M6MYU,Available,Foundation,MYU
M6MYV,Available,Foundation,MYV
M6MYW,Available,Foundation,MYW
M6MYX,Available,Foundation,MYX
M6MYY,Available,Foundation,MYY
M6MYZ,Available,Foundation,MYZ
M6MZA,Available,Foundation,MZA
M6MZB,Available,Foundation,MZB
M6MZC,Available,Foundation,MZC
M6MZD,Available,Foundation,MZD
M6MZE,Available,Foundation,MZE
M6MZF,Available,Foundation,MZF
M6MZG,Available,Foundation,MZG
M6MZH,Available,Foundation,MZH
M6MZJ,Available,Foundation,MZJ
M6MZK,Available,Foundation,MZK
M6MZM,Available,Foundation,MZM
M6MZN,Available,Foundation,MZN
M6MZO,Available,Foundation,MZO
M6MZP,Available,Foundation,MZP
M6MZQ,Available,Foundation,MZQ
M6MZR,Available,Foundation,MZR
M6MZT,Available,Foundation,MZT
M6MZV,Available,Foundation,MZV
M6MZW,Available,Foundation,MZW
M6MZX,Available,Foundation,MZX
M6MZY,Available,Foundation,MZY
M6NAQ,Available,Foundation,NAQ
M6NAZ,Available,Foundation,NAZ
M6NBD,Available,Foundation,NBD
M6NBF,Available,Foundation,NBF
M6NBG,Available,Foundation,NBG
M6NBH,Available,Foundation,NBH
M6NBI,Available,Foundation,NBI
M6NBJ,Available,Foundation,NBJ
M6NBK,Available,Foundation,NBK
M6NBL,Available,Foundation,NBL
M6NBM,Available,Foundation,NBM
M6NBN,Available,Foundation,NBN
M6NBO,Available,Foundation,NBO
M6NBP,Available,Foundation,NBP
M6NBQ,Available,Foundation,NBQ
M6NBR,Available,Foundation,NBR
M6NBS,Available,Foundation,NBS
M6NBT,Available,Foundation,NBT
M6NBU,Available,Foundation,NBU
M6NBV,Available,Foundation,NBV
M6NBX,Available,Foundation,NBX
M6NBY,Available,Foundation,NBY
M6NBZ,Available,Foundation,NBZ
M6NCA,Available,Foundation,NCA
M6NCD,Available,Foundation,NCD
M6NCF,Available,Foundation,NCF
M6NCG,Available,Foundation,NCG
M6NCI,Available,Foundation,NCI
M6NCJ,Available,Foundation,NCJ
M6NCM,Available,Foundation,NCM
M6NCN,Available,Foundation,NCN
M6NCP,Available,Foundation,NCP
M6NCQ,Available,Foundation,NCQ
M6NCR,Available,Foundation,NCR
M6NCV,Available,Foundation,NCV
M6NCW,Available,Foundation,NCW
M6NCX,Available,Foundation,NCX
M6NDD,Available,Foundation,NDD
M6NDF,Available,Foundation,NDF
M6NDK,Available,Foundation,NDK
M6NDL,Available,Foundation,NDL
M6NDO,Available,Foundation,NDO
M6NDQ,Available,Foundation,NDQ
M6NDS,Available,Foundation,NDS
M6NDU,Available,Foundation,NDU
M6NDV,Available,Foundation,NDV
M6NDW,Available,Foundation,NDW
M6NDZ,Available,Foundation,NDZ
M6NEE,Available,Foundation,NEE
M6NEJ,Available,Foundation,NEJ
M6NEK,Available,Foundation,NEK
M6NEN,Available,Foundation,NEN
M6NEP,Available,Foundation,NEP
M6NEQ,Available,Foundation,NEQ
M6NEX,Available,Foundation,NEX
M6NFA,Available,Foundation,NFA
M6NFB,Available,Foundation,NFB
M6NFD,Available,Foundation,NFD
M6NFE,Available,Foundation,NFE
M6NFF,Available,Foundation,NFF
M6NFG,Available,Foundation,NFG
M6NFH,Available,Foundation,NFH
M6NFI,Available,Foundation,NFI
M6NFJ,Available,Foundation,NFJ
M6NFK,Available,Foundation,NFK
M6NFM,Available,Foundation,NFM
M6NFN,Available,Foundation,NFN
M6NFO,Available,Foundation,NFO
M6NFP,Available,Foundation,NFP
M6NFQ,Available,Foundation,NFQ
M6NFS,Available,Foundation,NFS
M6NFT,Available,Foundation,NFT
M6NFU,Available,Foundation,NFU
M6NFV,Available,Foundation,NFV
M6NFW,Available,Foundation,NFW
M6NFX,Available,Foundation,NFX
M6NFY,Available,Foundation,NFY
M6NFZ,Available,Foundation,NFZ
M6NGB,Available,Foundation,NGB
M6NGE,Available,Foundation,NGE
M6NGF,Available,Foundation,NGF
M6NGG,Available,Foundation,NGG
M6NGH,Available,Foundation,NGH
M6NGI,Available,Foundation,NGI
M6NGJ,Available,Foundation,NGJ
M6NGK,Available,Foundation,NGK
M6NGL,Available,Foundation,NGL
M6NGM,Available,Foundation,NGM
M6NGN,Available,Foundation,NGN
M6NGO,Available,Foundation,NGO
M6NGP,Available,Foundation,NGP
M6NGQ,Available,Foundation,NGQ
M6NGR,Available,Foundation,NGR
M6NGU,Available,Foundation,NGU
M6NGV,Available,Foundation,NGV
M6NGW,Available,Foundation,NGW
M6NGX,Available,Foundation,NGX
M6NGY,Available,Foundation,NGY
M6NGZ,Available,Foundation,NGZ
M6NHB,Available,Foundation,NHB
M6NHD,Available,Foundation,NHD
M6NHE,Available,Foundation,NHE
M6NHF,Available,Foundation,NHF
M6NHG,Available,Foundation,NHG
M6NHH,Available,Foundation,NHH
M6NHL,Available,Foundation,NHL
M6NHO,Available,Foundation,NHO
M6NHQ,Available,Foundation,NHQ
M6NHT,Available,Foundation,NHT
M6NHU,Available,Foundation,NHU
M6NHV,Available,Foundation,NHV
M6NHW,Available,Foundation,NHW
M6NHX,Available,Foundation,NHX
M6NHY,Available,Foundation,NHY
M6NHZ,Available,Foundation,NHZ
M6NIE,Available,Foundation,NIE
M6NIF,Available,Foundation,NIF
M6NIH,Available,Foundation,NIH
M6NII,Available,Foundation,NII
M6NIM,Available,Foundation,NIM
M6NIO,Available,Foundation,NIO
M6NIQ,Available,Foundation,NIQ
M6NIU,Available,Foundation,NIU
M6NIW,Available,Foundation,NIW
M6NIY,Available,Foundation,NIY
M6NIZ,Available,Foundation,NIZ
M6NJE,Available,Foundation,NJE
M6NJI,Available,Foundation,NJI
M6NJJ,Available,Foundation,NJJ
M6NJL,Available,Foundation,NJL
M6NJN,Available,Foundation,NJN
M6NJQ,Available,Foundation,NJQ
M6NJU,Available,Foundation,NJU
M6NJV,Available,Foundation,NJV
M6NJW,Available,Foundation,NJW
M6NJX,Available,Foundation,NJX
M6NJZ,Available,Foundation,NJZ
M6NKB,Available,Foundation,NKB
M6NKD,Available,Foundation,NKD
M6NKE,Available,Foundation,NKE
M6NKF,Available,Foundation,NKF
M6NKG,Available,Foundation,NKG
M6NKJ,Available,Foundation,NKJ
M6NKK,Available,Foundation,NKK
M6NKL,Available,Foundation,NKL
M6NKN,Available,Foundation,NKN
M6NKO,Available,Foundation,NKO
M6NKQ,Available,Foundation,NKQ
M6NKR,Available,Foundation,NKR
M6NKT,Available,Foundation,NKT
M6NKU,Available,Foundation,NKU
M6NKV,Available,Foundation,NKV
M6NKW,Available,Foundation,NKW
M6NKX,Available,Foundation,NKX
M6NKZ,Available,Foundation,NKZ
M6NLD,Available,Foundation,NLD
M6NLE,Available,Foundation,NLE
M6NLG,Available,Foundation,NLG
M6NLI,Available,Foundation,NLI
M6NLJ,Available,Foundation,NLJ
M6NLK,Available,Foundation,NLK
M6NLL,Available,Foundation,NLL
M6NLM,Available,Foundation,NLM
M6NLN,Available,Foundation,NLN
M6NLQ,Available,Foundation,NLQ
M6NLR,Available,Foundation,NLR
M6NLT,Available,Foundation,NLT
M6NLV,Available,Foundation,NLV
M6NLX,Available,Foundation,NLX
M6NLZ,Available,Foundation,NLZ
M6NMA,Available,Foundation,NMA
M6NMB,Available,Foundation,NMB
M6NMC,Available,Foundation,NMC
M6NME,Available,Foundation,NME
M6NMF,Available,Foundation,NMF
M6NMG,Available,Foundation,NMG
M6NMH,Available,Foundation,NMH
M6NMI,Available,Foundation,NMI
M6NMJ,Available,Foundation,NMJ
M6NMK,Available,Foundation,NMK
M6NML,Available,Foundation,NML
M6NMM,Available,Foundation,NMM
M6NMN,Available,Foundation,NMN
M6NMP,Available,Foundation,NMP
M6NMQ,Available,Foundation,NMQ
M6NMR,Available,Foundation,NMR
M6NMS,Available,Foundation,NMS
M6NMU,Available,Foundation,NMU
M6NMV,Available,Foundation,NMV
M6NMW,Available,Foundation,NMW
M6NMX,Available,Foundation,NMX
M6NMY,Available,Foundation,NMY
M6NMZ,Available,Foundation,NMZ
M6NNA,Available,Foundation,NNA
M6NNB,Available,Foundation,NNB
M6NNE,Available,Foundation,NNE
M6NNF,Available,Foundation,NNF
M6NNG,Available,Foundation,NNG
M6NNI,Available,Foundation,NNI
M6NNJ,Available,Foundation,NNJ
M6NNK,Available,Foundation,NNK
M6NNL,Available,Foundation,NNL
M6NNM,Available,Foundation,NNM
M6NNO,Available,Foundation,NNO
M6NNP,Available,Foundation,NNP
M6NNQ,Available,Foundation,NNQ
M6NNR,Available,Foundation,NNR
M6NNS,Available,Foundation,NNS
M6NNT,Available,Foundation,NNT
M6NNU,Available,Foundation,NNU
M6NNV,Available,Foundation,NNV
M6NNW,Available,Foundation,NNW
M6NNY,Available,Foundation,NNY
M6NNZ,Available,Foundation,NNZ
M6NOC,Available,Foundation,NOC
M6NOF,Available,Foundation,NOF
M6NOH,Available,Foundation,NOH
M6NOI,Available,Foundation,NOI
M6NON,Available,Foundation,NON
M6NOQ,Available,Foundation,NOQ
M6NOS,Available,Foundation,NOS
M6NOU,Available,Foundation,NOU
M6NOY,Available,Foundation,NOY
M6NPA,Available,Foundation,NPA
M6NPB,Available,Foundation,NPB
M6NPD,Available,Foundation,NPD
M6NPE,Available,Foundation,NPE
M6NPF,Available,Foundation,NPF
M6NPG,Available,Foundation,NPG
M6NPH,Available,Foundation,NPH
M6NPI,Available,Foundation,NPI
M6NPJ,Available,Foundation,NPJ
M6NPN,Available,Foundation,NPN
M6NPO,Available,Foundation,NPO
M6NPQ,Available,Foundation,NPQ
M6NPS,Available,Foundation,NPS
M6NPU,Available,Foundation,NPU
M6NPV,Available,Foundation,NPV
M6NPW,Available,Foundation,NPW
M6NPX,Available,Foundation,NPX
M6NPY,Available,Foundation,NPY
M6NPZ,Available,Foundation,NPZ
M6NQA,Available,Foundation,NQA
M6NQB,Available,Foundation,NQB
M6NQC,Available,Foundation,NQC
M6NQD,Available,Foundation,NQD
M6NQE,Available,Foundation,NQE
M6NQF,Available,Foundation,NQF
M6NQG,Available,Foundation,NQG
M6NQH,Available,Foundation,NQH
M6NQI,Available,Foundation,NQI
M6NQJ,Available,Foundation,NQJ
M6NQK,Available,Foundation,NQK
M6NQL,Available,Foundation,NQL
M6NQM,Available,Foundation,NQM
M6NQN,Available,Foundation,NQN
M6NQO,Available,Foundation,NQO
M6NQP,Available,Foundation,NQP
M6NQQ,Available,Foundation,NQQ
M6NQR,Available,Foundation,NQR
M6NQS,Available,Foundation,NQS
M6NQU,Available,Foundation,NQU
M6NQV,Available,Foundation,NQV
M6NQW,Available,Foundation,NQW
M6NQX,Available,Foundation,NQX
M6NQY,Available,Foundation,NQY
M6NQZ,Available,Foundation,NQZ
M6NRB,Available,Foundation,NRB
M6NRD,Available,Foundation,NRD
M6NRE,Available,Foundation,NRE
M6NRI,Available,Foundation,NRI
M6NRK,Available,Foundation,NRK
M6NRL,Available,Foundation,NRL
M6NRN,Available,Foundation,NRN
M6NRO,Available,Foundation,NRO
M6NRR,Available,Foundation,NRR
M6NRS,Available,Foundation,NRS
M6NRU,Available,Foundation,NRU
M6NRV,Available,Foundation,NRV
M6NRX,Available,Foundation,NRX
M6NRY,Available,Foundation,NRY
M6NRZ,Available,Foundation,NRZ
M6NSB,Available,Foundation,NSB
M6NSC,Available,Foundation,NSC
M6NSF,Available,Foundation,NSF
M6NSG,Available,Foundation,NSG
M6NSH,Available,Foundation,NSH
M6NSI,Available,Foundation,NSI
M6NSL,Available,Foundation,NSL
M6NSP,Available,Foundation,NSP
M6NSQ,Available,Foundation,NSQ
M6NSS,Available,Foundation,NSS
M6NSU,Available,Foundation,NSU
M6NSV,Available,Foundation,NSV
M6NSW,Available,Foundation,NSW
M6NSX,Available,Foundation,NSX
M6NSY,Available,Foundation,NSY
M6NSZ,Available,Foundation,NSZ
M6NTA,Available,Foundation,NTA
M6NTC,Available,Foundation,NTC
M6NTD,Available,Foundation,NTD
M6NTE,Available,Foundation,NTE
M6NTF,Available,Foundation,NTF
M6NTK,Available,Foundation,NTK
M6NTM,Available,Foundation,NTM
M6NTN,Available,Foundation,NTN
M6NTP,Available,Foundation,NTP
M6NTQ,Available,Foundation,NTQ
M6NTR,Available,Foundation,NTR
M6NTU,Available,Foundation,NTU
M6NTV,Available,Foundation,NTV
M6NTX,Available,Foundation,NTX
M6NTZ,Available,Foundation,NTZ
M6NUA,Available,Foundation,NUA
M6NUB,Available,Foundation,NUB
M6NUD,Available,Foundation,NUD
M6NUF,Available,Foundation,NUF
M6NUH,Available,Foundation,NUH
M6NUI,Available,Foundation,NUI
M6NUJ,Available,Foundation,NUJ
M6NUK,Available,Foundation,NUK
M6NUL,Available,Foundation,NUL
M6NUN,Available,Foundation,NUN
M6NUO,Available,Foundation,NUO
M6NUP,Available,Foundation,NUP
M6NUQ,Available,Foundation,NUQ
M6NUR,Available,Foundation,NUR
M6NUS,Available,Foundation,NUS
M6NUV,Available,Foundation,NUV
M6NUW,Available,Foundation,NUW
M6NUX,Available,Foundation,NUX
M6NUY,Available,Foundation,NUY
M6NUZ,Available,Foundation,NUZ
M6NVB,Available,Foundation,NVB
M6NVC,Available,Foundation,NVC
M6NVD,Available,Foundation,NVD
M6NVE,Available,Foundation,NVE
M6NVF,Available,Foundation,NVF
M6NVG,Available,Foundation,NVG
M6NVH,Available,Foundation,NVH
M6NVI,Available,Foundation,NVI
M6NVJ,Available,Foundation,NVJ
M6NVL,Available,Foundation,NVL
M6NVM,Available,Foundation,NVM
M6NVN,Available,Foundation,NVN
M6NVO,Available,Foundation,NVO
M6NVP,Available,Foundation,NVP
M6NVQ,Available,Foundation,NVQ
M6NVT,Available,Foundation,NVT
M6NVU,Available,Foundation,NVU
M6NVV,Available,Foundation,NVV
M6NVW,Available,Foundation,NVW
M6NVX,Available,Foundation,NVX
M6NVY,Available,Foundation,NVY
M6NVZ,Available,Foundation,NVZ
M6NWA,Available,Foundation,NWA
M6NWB,Available,Foundation,NWB
M6NWD,Available,Foundation,NWD
M6NWE,Available,Foundation,NWE
M6NWF,Available,Foundation,NWF
M6NWI,Available,Foundation,NWI
M6NWK,Available,Foundation,NWK
M6NWL,Available,Foundation,NWL
M6NWN,Available,Foundation,NWN
M6NWO,Available,Foundation,NWO
M6NWP,Available,Foundation,NWP
M6NWQ,Available,Foundation,NWQ
M6NWS,Available,Foundation,NWS
M6NWU,Available,Foundation,NWU
M6NWV,Available,Foundation,NWV
M6NWW,Available,Foundation,NWW
M6NWX,Available,Foundation,NWX
M6NWZ,Available,Foundation,NWZ
M6NXA,Available,Foundation,NXA
M6NXB,Available,Foundation,NXB
M6NXC,Available,Foundation,NXC
M6NXD,Available,Foundation,NXD
M6NXE,Available,Foundation,NXE
M6NXF,Available,Foundation,NXF
M6NXG,Available,Foundation,NXG
M6NXH,Available,Foundation,NXH
M6NXI,Available,Foundation,NXI
M6NXJ,Available,Foundation,NXJ
M6NXK,Available,Foundation,NXK
M6NXL,Available,Foundation,NXL
M6NXM,Available,Foundation,NXM
M6NXO,Available,Foundation,NXO
M6NXP,Available,Foundation,NXP
M6NXQ,Available,Foundation,NXQ
M6NXR,Available,Foundation,NXR
M6NXS,Available,Foundation,NXS
M6NXT,Available,Foundation,NXT
M6NXU,Available,Foundation,NXU
M6NXV,Available,Foundation,NXV
M6NXW,Available,Foundation,NXW
M6NXX,Available,Foundation,NXX
M6NXY,Available,Foundation,NXY
M6NYA,Available,Foundation,NYA
M6NYB,Available,Foundation,NYB
M6NYD,Available,Foundation,NYD
M6NYE,Available,Foundation,NYE
M6NYF,Available,Foundation,NYF
M6NYG,Available,Foundation,NYG
M6NYH,Available,Foundation,NYH
M6NYI,Available,Foundation,NYI
M6NYJ,Available,Foundation,NYJ
M6NYK,Available,Foundation,NYK
M6NYM,Available,Foundation,NYM
M6NYN,Available,Foundation,NYN
M6NYO,Available,Foundation,NYO
M6NYP,Available,Foundation,NYP
M6NYQ,Available,Foundation,NYQ
M6NYR,Available,Foundation,NYR
M6NYT,Available,Foundation,NYT
M6NYU,Available,Foundation,NYU
M6NYV,Available,Foundation,NYV
M6NYW,Available,Foundation,NYW
M6NYX,Available,Foundation,NYX
M6NYY,Available,Foundation,NYY
M6NYZ,Available,Foundation,NYZ
M6NZA,Available,Foundation,NZA
M6NZB,Available,Foundation,NZB
M6NZC,Available,Foundation,NZC
M6NZD,Available,Foundation,NZD
M6NZE,Available,Foundation,NZE
M6NZF,Available,Foundation,NZF
M6NZG,Available,Foundation,NZG
M6NZH,Available,Foundation,NZH
M6NZI,Available,Foundation,NZI
M6NZJ,Available,Foundation,NZJ
M6NZK,Available,Foundation,NZK
M6NZL,Available,Foundation,NZL
M6NZM,Available,Foundation,NZM
M6NZN,Available,Foundation,NZN
M6NZO,Available,Foundation,NZO
M6NZP,Available,Foundation,NZP
M6NZQ,Available,Foundation,NZQ
M6NZR,Available,Foundation,NZR
M6NZS,Available,Foundation,NZS
M6NZT,Available,Foundation,NZT
M6NZU,Available,Foundation,NZU
M6NZV,Available,Foundation,NZV
M6NZW,Available,Foundation,NZW
M6NZX,Available,Foundation,NZX
M6NZY,Available,Foundation,NZY
M6NZZ,Available,Foundation,NZZ
M6OAE,Available,Foundation,OAE
M6OAI,Available,Foundation,OAI
M6OAJ,Available,Foundation,OAJ
M6OAM,Available,Foundation,OAM
M6OAO,Available,Foundation,OAO
M6OAQ,Available,Foundation,OAQ
M6OAS,Available,Foundation,OAS
M6OAU,Available,Foundation,OAU
M6OAV,Available,Foundation,OAV
M6OAW,Available,Foundation,OAW
M6OAX,Available,Foundation,OAX
M6OAY,Available,Foundation,OAY
M6OBA,Available,Foundation,OBA
M6OBB,Available,Foundation,OBB
M6OBD,Available,Foundation,OBD
M6OBF,Available,Foundation,OBF
M6OBG,Available,Foundation,OBG
M6OBH,Available,Foundation,OBH
M6OBI,Available,Foundation,OBI
M6OBJ,Available,Foundation,OBJ
M6OBK,Available,Foundation,OBK
M6OBM,Available,Foundation,OBM
M6OBO,Available,Foundation,OBO
M6OBP,Available,Foundation,OBP
M6OBQ,Available,Foundation,OBQ
M6OBU,Available,Foundation,OBU
M6OBV,Available,Foundation,OBV
M6OBW,Available,Foundation,OBW
M6OBX,Available,Foundation,OBX
M6OBY,Available,Foundation,OBY
M6OBZ,Available,Foundation,OBZ
M6OCA,Available,Foundation,OCA
M6OCB,Available,Foundation,OCB
M6OCE,Available,Foundation,OCE
M6OCF,Available,Foundation,OCF
M6OCG,Available,Foundation,OCG
M6OCH,Available,Foundation,OCH
M6OCI,Available,Foundation,OCI
M6OCJ,Available,Foundation,OCJ
M6OCL,Available,Foundation,OCL
M6OCN,Available,Foundation,OCN
M6OCO,Available,Foundation,OCO
M6OCQ,Available,Foundation,OCQ
M6OCR,Available,Foundation,OCR
M6OCU,Available,Foundation,OCU
M6OCV,Available,Foundation,OCV
M6OCW,Available,Foundation,OCW
M6OCX,Available,Foundation,OCX
M6OCY,Available,Foundation,OCY
M6ODA,Available,Foundation,ODA
M6ODH,Available,Foundation,ODH
M6ODJ,Available,Foundation,ODJ
M6ODK,Available,Foundation,ODK
M6ODL,Available,Foundation,ODL
M6ODM,Available,Foundation,ODM
M6ODN,Available,Foundation,ODN
M6ODO,Available,Foundation,ODO
M6ODP,Available,Foundation,ODP
M6ODQ,Available,Foundation,ODQ
M6ODR,Available,Foundation,ODR
M6ODS,Available,Foundation,ODS
M6ODT,Available,Foundation,ODT
M6ODU,Available,Foundation,ODU
M6ODV,Available,Foundation,ODV
M6ODW,Available,Foundation,ODW
M6ODX,Available,Foundation,ODX
M6ODZ,Available,Foundation,ODZ
M6OEA,Available,Foundation,OEA
M6OEB,Available,Foundation,OEB
M6OED,Available,Foundation,OED
M6OEE,Available,Foundation,OEE
M6OEF,Available,Foundation,OEF
M6OEG,Available,Foundation,OEG
M6OEH,Available,Foundation,OEH
M6OEI,Available,Foundation,OEI
M6OEJ,Available,Foundation,OEJ
M6OEK,Available,Foundation,OEK
M6OEL,Available,Foundation,OEL
M6OEM,Available,Foundation,OEM
M6OEO,Available,Foundation,OEO
M6OEQ,Available,Foundation,OEQ
M6OER,Available,Foundation,OER
M6OES,Available,Foundation,OES
M6OET,Available,Foundation,OET
M6OEU,Available,Foundation,OEU
M6OEV,Available,Foundation,OEV
M6OEW,Available,Foundation,OEW
M6OEX,Available,Foundation,OEX
M6OEY,Available,Foundation,OEY
M6OEZ,Available,Foundation,OEZ
M6OFA,Available,Foundation,OFA
M6OFB,Available,Foundation,OFB
M6OFD,Available,Foundation,OFD
M6OFE,Available,Foundation,OFE
M6OFG,Available,Foundation,OFG
M6OFH,Available,Foundation,OFH
M6OFI,Available,Foundation,OFI
M6OFJ,Available,Foundation,OFJ
M6OFK,Available,Foundation,OFK
M6OFL,Available,Foundation,OFL
M6OFM,Available,Foundation,OFM
M6OFO,Available,Foundation,OFO
M6OFQ,Available,Foundation,OFQ
M6OFT,Available,Foundation,OFT
M6OFU,Available,Foundation,OFU
M6OFV,Available,Foundation,OFV
M6OFW,Available,Foundation,OFW
M6OFX,Available,Foundation,OFX
M6OFY,Available,Foundation,OFY
M6OFZ,Available,Foundation,OFZ
M6OGA,Available,Foundation,OGA
M6OGB,Available,Foundation,OGB
M6OGC,Available,Foundation,OGC
M6OGD,Available,Foundation,OGD
M6OGE,Available,Foundation,OGE
M6OGF,Available,Foundation,OGF
M6OGG,Available,Foundation,OGG
M6OGH,Available,Foundation,OGH
M6OGI,Available,Foundation,OGI
M6OGJ,Available,Foundation,OGJ
M6OGK,Available,Foundation,OGK
M6OGL,Available,Foundation,OGL
M6OGM,Available,Foundation,OGM
M6OGN,Available,Foundation,OGN
M6OGO,Available,Foundation,OGO
M6OGP,Available,Foundation,OGP
M6OGQ,Available,Foundation,OGQ
M6OGR,Available,Foundation,OGR
M6OGS,Available,Foundation,OGS
M6OGT,Available,Foundation,OGT
M6OGU,Available,Foundation,OGU
M6OGV,Available,Foundation,OGV
M6OGX,Available,Foundation,OGX
M6OGZ,Available,Foundation,OGZ
M6OHA,Available,Foundation,OHA
M6OHB,Available,Foundation,OHB
M6OHC,Available,Foundation,OHC
M6OHD,Available,Foundation,OHD
M6OHE,Available,Foundation,OHE
M6OHF,Available,Foundation,OHF
M6OHG,Available,Foundation,OHG
M6OHH,Available,Foundation,OHH
M6OHI,Available,Foundation,OHI
M6OHJ,Available,Foundation,OHJ
M6OHK,Available,Foundation,OHK
M6OHL,Available,Foundation,OHL
M6OHN,Available,Foundation,OHN
M6OHO,Available,Foundation,OHO
M6OHP,Available,Foundation,OHP
M6OHQ,Available,Foundation,OHQ
M6OHR,Available,Foundation,OHR
M6OHS,Available,Foundation,OHS
M6OHT,Available,Foundation,OHT
M6OHU,Available,Foundation,OHU
M6OHV,Available,Foundation,OHV
M6OHW,Available,Foundation,OHW
M6OHX,Available,Foundation,OHX
M6OHY,Available,Foundation,OHY
M6OHZ,Available,Foundation,OHZ
M6OIA,Available,Foundation,OIA
M6OIB,Available,Foundation,OIB
M6OIC,Available,Foundation,OIC
M6OID,Available,Foundation,OID
M6OIE,Available,Foundation,OIE
M6OIF,Available,Foundation,OIF
M6OIG,Available,Foundation,OIG
M6OIH,Available,Foundation,OIH
M6OII,Available,Foundation,OII
M6OIJ,Available,Foundation,OIJ
M6OIM,Available,Foundation,OIM
M6OIN,Available,Foundation,OIN
M6OIO,Available,Foundation,OIO
M6OIP,Available,Foundation,OIP
M6OIQ,Available,Foundation,OIQ
M6OIS,Available,Foundation,OIS
M6OIT,Available,Foundation,OIT
M6OIU,Available,Foundation,OIU
M6OIV,Available,Foundation,OIV
M6OIW,Available,Foundation,OIW
M6OIX,Available,Foundation,OIX
M6OIY,Available,Foundation,OIY
M6OIZ,Available,Foundation,OIZ
M6OJA,Available,Foundation,OJA
M6OJD,Available,Foundation,OJD
M6OJF,Available,Foundation,OJF
M6OJG,Available,Foundation,OJG
M6OJH,Available,Foundation,OJH
M6OJJ,Available,Foundation,OJJ
M6OJL,Available,Foundation,OJL
M6OJM,Available,Foundation,OJM
M6OJN,Available,Foundation,OJN
M6OJP,Available,Foundation,OJP
M6OJQ,Available,Foundation,OJQ
M6OJR,Available,Foundation,OJR
M6OJS,Available,Foundation,OJS
M6OJU,Available,Foundation,OJU
M6OJV,Available,Foundation,OJV
M6OJW,Available,Foundation,OJW
M6OJX,Available,Foundation,OJX
M6OJY,Available,Foundation,OJY
M6OJZ,Available,Foundation,OJZ
M6OKD,Available,Foundation,OKD
M6OKF,Available,Foundation,OKF
M6OKG,Available,Foundation,OKG
M6OKH,Available,Foundation,OKH
M6OKI,Available,Foundation,OKI
M6OKL,Available,Foundation,OKL
M6OKM,Available,Foundation,OKM
M6OKN,Available,Foundation,OKN
M6OKP,Available,Foundation,OKP
M6OKQ,Available,Foundation,OKQ
M6OKT,Available,Foundation,OKT
M6OKU,Available,Foundation,OKU
M6OKV,Available,Foundation,OKV
M6OKW,Available,Foundation,OKW
M6OKX,Available,Foundation,OKX
M6OKY,Available,Foundation,OKY
M6OKZ,Available,Foundation,OKZ
M6OLB,Available,Foundation,OLB
M6OLC,Available,Foundation,OLC
M6OLF,Available,Foundation,OLF
M6OLG,Available,Foundation,OLG
M6OLH,Available,Foundation,OLH
M6OLJ,Available,Foundation,OLJ
M6OLK,Available,Foundation,OLK
M6OLM,Available,Foundation,OLM
M6OLN,Available,Foundation,OLN
M6OLP,Available,Foundation,OLP
M6OLQ,Available,Foundation,OLQ
M6OLR,Available,Foundation,OLR
M6OLT,Available,Foundation,OLT
M6OLU,Available,Foundation,OLU
M6OLV,Available,Foundation,OLV
M6OLW,Available,Foundation,OLW
M6OLX,Available,Foundation,OLX
M6OLZ,Available,Foundation,OLZ
M6OME,Available,Foundation,OME
M6OMF,Available,Foundation,OMF
M6OMH,Available,Foundation,OMH
M6OMJ,Available,Foundation,OMJ
M6OMK,Available,Foundation,OMK
M6OML,Available,Foundation,OML
M6OMM,Available,Foundation,OMM
M6OMP,Available,Foundation,OMP
M6OMQ,Available,Foundation,OMQ
M6OMU,Available,Foundation,OMU
M6OMW,Available,Foundation,OMW
M6OMX,Available,Foundation,OMX
M6OMY,Available,Foundation,OMY
M6ONA,Available,Foundation,ONA
M6ONB,Available,Foundation,ONB
M6ONC,Available,Foundation,ONC
M6OND,Available,Foundation,OND
M6ONF,Available,Foundation,ONF
M6ONG,Available,Foundation,ONG
M6ONH,Available,Foundation,ONH
M6ONJ,Available,Foundation,ONJ
M6ONM,Available,Foundation,ONM
M6ONN,Available,Foundation,ONN
M6ONO,Available,Foundation,ONO
M6ONP,Available,Foundation,ONP
M6ONQ,Available,Foundation,ONQ
M6ONR,Available,Foundation,ONR
M6ONS,Available,Foundation,ONS
M6ONT,Available,Foundation,ONT
M6ONU,Available,Foundation,ONU
M6ONV,Available,Foundation,ONV
M6ONW,Available,Foundation,ONW
M6ONX,Available,Foundation,ONX
M6ONZ,Available,Foundation,ONZ
M6OOA,Available,Foundation,OOA
M6OOD,Available,Foundation,OOD
M6OOE,Available,Foundation,OOE
M6OOF,Available,Foundation,OOF
M6OOH,Available,Foundation,OOH
M6OOI,Available,Foundation,OOI
M6OOJ,Available,Foundation,OOJ
M6OOL,Available,Foundation,OOL
M6OOM,Available,Foundation,OOM
M6OOP,Available,Foundation,OOP
M6OOQ,Available,Foundation,OOQ
M6OOR,Available,Foundation,OOR
M6OOT,Available,Foundation,OOT
M6OOU,Available,Foundation,OOU
M6OOV,Available,Foundation,OOV
M6OOY,Available,Foundation,OOY
M6OOZ,Available,Foundation,OOZ
M6OPA,Available,Foundation,OPA
M6OPB,Available,Foundation,OPB
M6OPE,Available,Foundation,OPE
M6OPF,Available,Foundation,OPF
M6OPG,Available,Foundation,OPG
M6OPH,Available,Foundation,OPH
M6OPI,Available,Foundation,OPI
M6OPJ,Available,Foundation,OPJ
M6OPK,Available,Foundation,OPK
M6OPN,Available,Foundation,OPN
M6OPP,Available,Foundation,OPP
M6OPQ,Available,Foundation,OPQ
M6OPR,Available,Foundation,OPR
M6OPS,Available,Foundation,OPS
M6OPT,Available,Foundation,OPT
M6OPU,Available,Foundation,OPU
M6OPV,Available,Foundation,OPV
M6OPW,Available,Foundation,OPW
M6OPX,Available,Foundation,OPX
M6OPY,Available,Foundation,OPY
M6OPZ,Available,Foundation,OPZ
M6OQA,Available,Foundation,OQA
M6OQB,Available,Foundation,OQB
M6OQC,Available,Foundation,OQC
M6OQD,Available,Foundation,OQD
M6OQE,Available,Foundation,OQE
M6OQF,Available,Foundation,OQF
M6OQG,Available,Foundation,OQG
M6OQH,Available,Foundation,OQH
M6OQI,Available,Foundation,OQI
M6OQJ,Available,Foundation,OQJ
M6OQK,Available,Foundation,OQK
M6OQL,Available,Foundation,OQL
M6OQM,Available,Foundation,OQM
M6OQN,Available,Foundation,OQN
M6OQO,Available,Foundation,OQO
M6OQP,Available,Foundation,OQP
M6OQQ,Available,Foundation,OQQ
M6OQR,Available,Foundation,OQR
M6OQS,Available,Foundation,OQS
M6OQT,Available,Foundation,OQT
M6OQU,Available,Foundation,OQU
M6OQV,Available,Foundation,OQV
M6OQW,Available,Foundation,OQW
M6OQX,Available,Foundation,OQX
M6OQY,Available,Foundation,OQY
M6OQZ,Available,Foundation,OQZ
M6ORA,Available,Foundation,ORA
M6ORF,Available,Foundation,ORF
M6ORH,Available,Foundation,ORH
M6ORI,Available,Foundation,ORI
M6ORJ,Available,Foundation,ORJ
M6ORL,Available,Foundation,ORL
M6ORQ,Available,Foundation,ORQ
M6ORR,Available,Foundation,ORR
M6ORT,Available,Foundation,ORT
M6ORU,Available,Foundation,ORU
M6ORV,Available,Foundation,ORV
M6ORW,Available,Foundation,ORW
M6ORX,Available,Foundation,ORX
M6ORY,Available,Foundation,ORY
M6ORZ,Available,Foundation,ORZ
M6OSA,Available,Foundation,OSA
M6OSD,Available,Foundation,OSD
M6OSG,Available,Foundation,OSG
M6OSI,Available,Foundation,OSI
M6OSJ,Available,Foundation,OSJ
M6OSK,Available,Foundation,OSK
M6OSM,Available,Foundation,OSM
M6OSN,Available,Foundation,OSN
M6OSP,Available,Foundation,OSP
M6OSQ,Available,Foundation,OSQ
M6OSR,Available,Foundation,OSR
M6OST,Available,Foundation,OST
M6OSV,Available,Foundation,OSV
M6OSW,Available,Foundation,OSW
M6OSY,Available,Foundation,OSY
M6OSZ,Available,Foundation,OSZ
M6OTB,Available,Foundation,OTB
M6OTC,Available,Foundation,OTC
M6OTD,Available,Foundation,OTD
M6OTE,Available,Foundation,OTE
M6OTF,Available,Foundation,OTF
M6OTG,Available,Foundation,OTG
M6OTI,Available,Foundation,OTI
M6OTJ,Available,Foundation,OTJ
M6OTK,Available,Foundation,OTK
M6OTL,Available,Foundation,OTL
M6OTM,Available,Foundation,OTM
M6OTN,Available,Foundation,OTN
M6OTP,Available,Foundation,OTP
M6OTQ,Available,Foundation,OTQ
M6OTR,Available,Foundation,OTR
M6OTS,Available,Foundation,OTS
M6OTU,Available,Foundation,OTU
M6OTV,Available,Foundation,OTV
M6OTY,Available,Foundation,OTY
M6OTZ,Available,Foundation,OTZ
M6OUA,Available,Foundation,OUA
M6OUB,Available,Foundation,OUB
M6OUC,Available,Foundation,OUC
M6OUE,Available,Foundation,OUE
M6OUF,Available,Foundation,OUF
M6OUG,Available,Foundation,OUG
M6OUH,Available,Foundation,OUH
M6OUI,Available,Foundation,OUI
M6OUJ,Available,Foundation,OUJ
M6OUL,Available,Foundation,OUL
M6OUM,Available,Foundation,OUM
M6OUN,Available,Foundation,OUN
M6OUO,Available,Foundation,OUO
M6OUP,Available,Foundation,OUP
M6OUQ,Available,Foundation,OUQ
M6OUR,Available,Foundation,OUR
M6OUS,Available,Foundation,OUS
M6OUU,Available,Foundation,OUU
M6OUV,Available,Foundation,OUV
M6OUW,Available,Foundation,OUW
M6OUX,Available,Foundation,OUX
M6OUY,Available,Foundation,OUY
M6OUZ,Available,Foundation,OUZ
M6OVC,Available,Foundation,OVC
M6OVD,Available,Foundation,OVD
M6OVF,Available,Foundation,OVF
M6OVG,Available,Foundation,OVG
M6OVH,Available,Foundation,OVH
M6OVJ,Available,Foundation,OVJ
M6OVK,Available,Foundation,OVK
M6OVL,Available,Foundation,OVL
M6OVM,Available,Foundation,OVM
M6OVN,Available,Foundation,OVN
M6OVO,Available,Foundation,OVO
M6OVP,Available,Foundation,OVP
M6OVQ,Available,Foundation,OVQ
M6OVR,Available,Foundation,OVR
M6OVS,Available,Foundation,OVS
M6OVT,Available,Foundation,OVT
M6OVU,Available,Foundation,OVU
M6OVV,Available,Foundation,OVV
M6OVW,Available,Foundation,OVW
M6OVX,Available,Foundation,OVX
M6OVY,Available,Foundation,OVY
M6OVZ,Available,Foundation,OVZ
M6OWB,Available,Foundation,OWB
M6OWC,Available,Foundation,OWC
M6OWD,Available,Foundation,OWD
M6OWE,Available,Foundation,OWE
M6OWF,Available,Foundation,OWF
M6OWG,Available,Foundation,OWG
M6OWH,Available,Foundation,OWH
M6OWI,Available,Foundation,OWI
M6OWJ,Available,Foundation,OWJ
M6OWM,Available,Foundation,OWM
M6OWO,Available,Foundation,OWO
M6OWP,Available,Foundation,OWP
M6OWQ,Available,Foundation,OWQ
M6OWS,Available,Foundation,OWS
M6OWU,Available,Foundation,OWU
M6OWV,Available,Foundation,OWV
M6OWX,Available,Foundation,OWX
M6OWY,Available,Foundation,OWY
M6OWZ,Available,Foundation,OWZ
M6OXA,Available,Foundation,OXA
M6OXB,Available,Foundation,OXB
M6OXC,Available,Foundation,OXC
M6OXD,Available,Foundation,OXD
M6OXE,Available,Foundation,OXE
M6OXF,Available,Foundation,OXF
M6OXG,Available,Foundation,OXG
M6OXH,Available,Foundation,OXH
M6OXI,Available,Foundation,OXI
M6OXJ,Available,Foundation,OXJ
M6OXK,Available,Foundation,OXK
M6OXL,Available,Foundation,OXL
M6OXM,Available,Foundation,OXM
M6OXN,Available,Foundation,OXN
M6OXP,Available,Foundation,OXP
M6OXQ,Available,Foundation,OXQ
M6OXR,Available,Foundation,OXR
M6OXS,Available,Foundation,OXS
M6OXT,Available,Foundation,OXT
M6OXU,Available,Foundation,OXU
M6OXV,Available,Foundation,OXV
M6OXW,Available,Foundation,OXW
M6OXZ,Available,Foundation,OXZ
M6OYC,Available,Foundation,OYC
M6OYD,Available,Foundation,OYD
M6OYE,Available,Foundation,OYE
M6OYF,Available,Foundation,OYF
M6OYG,Available,Foundation,OYG
M6OYH,Available,Foundation,OYH
M6OYI,Available,Foundation,OYI
M6OYJ,Available,Foundation,OYJ
M6OYK,Available,Foundation,OYK
M6OYL,Available,Foundation,OYL
M6OYM,Available,Foundation,OYM
M6OYN,Available,Foundation,OYN
M6OYO,Available,Foundation,OYO
M6OYP,Available,Foundation,OYP
M6OYQ,Available,Foundation,OYQ
M6OYR,Available,Foundation,OYR
M6OYS,Available,Foundation,OYS
M6OYT,Available,Foundation,OYT
M6OYU,Available,Foundation,OYU
M6OYV,Available,Foundation,OYV
M6OYW,Available,Foundation,OYW
M6OYX,Available,Foundation,OYX
M6OYY,Available,Foundation,OYY
M6OYZ,Available,Foundation,OYZ
M6OZA,Available,Foundation,OZA
M6OZB,Available,Foundation,OZB
M6OZC,Available,Foundation,OZC
M6OZE,Available,Foundation,OZE
M6OZG,Available,Foundation,OZG
M6OZH,Available,Foundation,OZH
M6OZJ,Available,Foundation,OZJ
M6OZK,Available,Foundation,OZK
M6OZL,Available,Foundation,OZL
M6OZM,Available,Foundation,OZM
M6OZN,Available,Foundation,OZN
M6OZO,Available,Foundation,OZO
M6OZP,Available,Foundation,OZP
M6OZQ,Available,Foundation,OZQ
M6OZR,Available,Foundation,OZR
M6OZS,Available,Foundation,OZS
M6OZU,Available,Foundation,OZU
M6OZV,Available,Foundation,OZV
M6OZW,Available,Foundation,OZW
M6OZX,Available,Foundation,OZX
M6PBQ,Available,Foundation,PBQ
M6PCJ,Available,Foundation,PCJ
M6PCQ,Available,Foundation,PCQ
M6PCU,Available,Foundation,PCU
M6PCY,Available,Foundation,PCY
M6PDD,Available,Foundation,PDD
M6PDE,Available,Foundation,PDE
M6PDF,Available,Foundation,PDF
M6PDI,Available,Foundation,PDI
M6PDK,Available,Foundation,PDK
M6PDL,Available,Foundation,PDL
M6PDO,Available,Foundation,PDO
M6PDU,Available,Foundation,PDU
M6PDV,Available,Foundation,PDV
M6PDY,Available,Foundation,PDY
M6PDZ,Available,Foundation,PDZ
M6PED,Available,Foundation,PED
M6PEF,Available,Foundation,PEF
M6PEH,Available,Foundation,PEH
M6PEI,Available,Foundation,PEI
M6PEJ,Available,Foundation,PEJ
M6PEL,Available,Foundation,PEL
M6PEM,Available,Foundation,PEM
M6PEQ,Available,Foundation,PEQ
M6PES,Available,Foundation,PES
M6PEU,Available,Foundation,PEU
M6PEV,Available,Foundation,PEV
M6PEX,Available,Foundation,PEX
M6PEY,Available,Foundation,PEY
M6PFA,Available,Foundation,PFA
M6PFB,Available,Foundation,PFB
M6PFF,Available,Foundation,PFF
M6PFG,Available,Foundation,PFG
M6PFI,Available,Foundation,PFI
M6PFK,Available,Foundation,PFK
M6PFN,Available,Foundation,PFN
M6PFP,Available,Foundation,PFP
M6PFQ,Available,Foundation,PFQ
M6PFR,Available,Foundation,PFR
M6PFS,Available,Foundation,PFS
M6PFT,Available,Foundation,PFT
M6PFU,Available,Foundation,PFU
M6PFV,Available,Foundation,PFV
M6PFY,Available,Foundation,PFY
M6PFZ,Available,Foundation,PFZ
M6PGE,Available,Foundation,PGE
M6PGF,Available,Foundation,PGF
M6PGG,Available,Foundation,PGG
M6PGI,Available,Foundation,PGI
M6PGJ,Available,Foundation,PGJ
M6PGK,Available,Foundation,PGK
M6PGO,Available,Foundation,PGO
M6PGQ,Available,Foundation,PGQ
M6PGS,Available,Foundation,PGS
M6PGT,Available,Foundation,PGT
M6PGU,Available,Foundation,PGU
M6PGV,Available,Foundation,PGV
M6PGX,Available,Foundation,PGX
M6PGY,Available,Foundation,PGY
M6PGZ,Available,Foundation,PGZ
M6PHA,Available,Foundation,PHA
M6PHE,Available,Foundation,PHE
M6PHF,Available,Foundation,PHF
M6PHG,Available,Foundation,PHG
M6PHH,Available,Foundation,PHH
M6PHK,Available,Foundation,PHK
M6PHN,Available,Foundation,PHN
M6PHO,Available,Foundation,PHO
M6PHQ,Available,Foundation,PHQ
M6PHU,Available,Foundation,PHU
M6PHV,Available,Foundation,PHV
M6PHW,Available,Foundation,PHW
M6PHX,Available,Foundation,PHX
M6PHZ,Available,Foundation,PHZ
M6PIA,Available,Foundation,PIA
M6PIB,Available,Foundation,PIB
M6PID,Available,Foundation,PID
M6PIF,Available,Foundation,PIF
M6PII,Available,Foundation,PII
M6PIJ,Available,Foundation,PIJ
M6PIO,Available,Foundation,PIO
M6PIQ,Available,Foundation,PIQ
M6PIR,Available,Foundation,PIR
M6PIU,Available,Foundation,PIU
M6PIV,Available,Foundation,PIV
M6PIW,Available,Foundation,PIW
M6PIY,Available,Foundation,PIY
M6PIZ,Available,Foundation,PIZ
M6PJG,Available,Foundation,PJG
M6PJI,Available,Foundation,PJI
M6PJL,Available,Foundation,PJL
M6PJO,Available,Foundation,PJO
M6PJQ,Available,Foundation,PJQ
M6PJR,Available,Foundation,PJR
M6PJU,Available,Foundation,PJU
M6PJV,Available,Foundation,PJV
M6PJX,Available,Foundation,PJX
M6PJY,Available,Foundation,PJY
M6PJZ,Available,Foundation,PJZ
M6PKB,Available,Foundation,PKB
M6PKC,Available,Foundation,PKC
M6PKD,Available,Foundation,PKD
M6PKE,Available,Foundation,PKE
M6PKF,Available,Foundation,PKF
M6PKG,Available,Foundation,PKG
M6PKH,Available,Foundation,PKH
M6PKI,Available,Foundation,PKI
M6PKJ,Available,Foundation,PKJ
M6PKM,Available,Foundation,PKM
M6PKO,Available,Foundation,PKO
M6PKQ,Available,Foundation,PKQ
M6PKT,Available,Foundation,PKT
M6PKV,Available,Foundation,PKV
M6PKX,Available,Foundation,PKX
M6PKZ,Available,Foundation,PKZ
M6PLI,Available,Foundation,PLI
M6PLO,Available,Foundation,PLO
M6PLQ,Available,Foundation,PLQ
M6PLR,Available,Foundation,PLR
M6PLS,Available,Foundation,PLS
M6PLV,Available,Foundation,PLV
M6PLX,Available,Foundation,PLX
M6PME,Available,Foundation,PME
M6PMI,Available,Foundation,PMI
M6PMK,Available,Foundation,PMK
M6PMO,Available,Foundation,PMO
M6PMQ,Available,Foundation,PMQ
M6PMU,Available,Foundation,PMU
M6PMV,Available,Foundation,PMV
M6PMY,Available,Foundation,PMY
M6PNB,Available,Foundation,PNB
M6PNC,Available,Foundation,PNC
M6PNE,Available,Foundation,PNE
M6PNF,Available,Foundation,PNF
M6PNH,Available,Foundation,PNH
M6PNI,Available,Foundation,PNI
M6PNL,Available,Foundation,PNL
M6PNN,Available,Foundation,PNN
M6PNO,Available,Foundation,PNO
M6PNQ,Available,Foundation,PNQ
M6PNR,Available,Foundation,PNR
M6PNU,Available,Foundation,PNU
M6PNV,Available,Foundation,PNV
M6PNX,Available,Foundation,PNX
M6PNY,Available,Foundation,PNY
M6PNZ,Available,Foundation,PNZ
M6POB,Available,Foundation,POB
M6POF,Available,Foundation,POF
M6POG,Available,Foundation,POG
M6POI,Available,Foundation,POI
M6POJ,Available,Foundation,POJ
M6POQ,Available,Foundation,POQ
M6POU,Available,Foundation,POU
M6POV,Available,Foundation,POV
M6POY,Available,Foundation,POY
M6POZ,Available,Foundation,POZ
M6PPA,Available,Foundation,PPA
M6PPB,Available,Foundation,PPB
M6PPC,Available,Foundation,PPC
M6PPE,Available,Foundation,PPE
M6PPF,Available,Foundation,PPF
M6PPG,Available,Foundation,PPG
M6PPH,Available,Foundation,PPH
M6PPI,Available,Foundation,PPI
M6PPJ,Available,Foundation,PPJ
M6PPN,Available,Foundation,PPN
M6PPO,Available,Foundation,PPO
M6PPQ,Available,Foundation,PPQ
M6PPS,Available,Foundation,PPS
M6PPU,Available,Foundation,PPU
M6PPX,Available,Foundation,PPX
M6PQA,Available,Foundation,PQA
M6PQB,Available,Foundation,PQB
M6PQC,Available,Foundation,PQC
M6PQD,Available,Foundation,PQD
M6PQE,Available,Foundation,PQE
M6PQG,Available,Foundation,PQG
M6PQH,Available,Foundation,PQH
M6PQI,Available,Foundation,PQI
M6PQJ,Available,Foundation,PQJ
M6PQK,Available,Foundation,PQK
M6PQL,Available,Foundation,PQL
M6PQM,Available,Foundation,PQM
M6PQN,Available,Foundation,PQN
M6PQO,Available,Foundation,PQO
M6PQP,Available,Foundation,PQP
M6PQQ,Available,Foundation,PQQ
M6PQR,Available,Foundation,PQR
M6PQS,Available,Foundation,PQS
M6PQT,Available,Foundation,PQT
M6PQU,Available,Foundation,PQU
M6PQV,Available,Foundation,PQV
M6PQW,Available,Foundation,PQW
M6PQX,Available,Foundation,PQX
M6PQZ,Available,Foundation,PQZ
M6PRD,Available,Foundation,PRD
M6PRF,Available,Foundation,PRF
M6PRK,Available,Foundation,PRK
M6PRL,Available,Foundation,PRL
M6PRQ,Available,Foundation,PRQ
M6PRU,Available,Foundation,PRU
M6PRX,Available,Foundation,PRX
M6PRY,Available,Foundation,PRY
M6PSF,Available,Foundation,PSF
M6PSL,Available,Foundation,PSL
M6PSO,Available,Foundation,PSO
M6PSQ,Available,Foundation,PSQ
M6PSR,Available,Foundation,PSR
M6PSU,Available,Foundation,PSU
M6PSX,Available,Foundation,PSX
M6PTA,Available,Foundation,PTA
M6PTC,Available,Foundation,PTC
M6PTD,Available,Foundation,PTD
M6PTG,Available,Foundation,PTG
M6PTH,Available,Foundation,PTH
M6PTI,Available,Foundation,PTI
M6PTJ,Available,Foundation,PTJ
M6PTK,Available,Foundation,PTK
M6PTL,Available,Foundation,PTL
M6PTN,Available,Foundation,PTN
M6PTQ,Available,Foundation,PTQ
M6PTS,Available,Foundation,PTS
M6PTU,Available,Foundation,PTU
M6PTV,Available,Foundation,PTV
M6PTX,Available,Foundation,PTX
M6PTY,Available,Foundation,PTY
M6PTZ,Available,Foundation,PTZ
M6PUA,Available,Foundation,PUA
M6PUE,Available,Foundation,PUE
M6PUF,Available,Foundation,PUF
M6PUH,Available,Foundation,PUH
M6PUI,Available,Foundation,PUI
M6PUJ,Available,Foundation,PUJ
M6PUK,Available,Foundation,PUK
M6PUM,Available,Foundation,PUM
M6PUO,Available,Foundation,PUO
M6PUP,Available,Foundation,PUP
M6PUR,Available,Foundation,PUR
M6PUU,Available,Foundation,PUU
M6PUV,Available,Foundation,PUV
M6PUW,Available,Foundation,PUW
M6PUZ,Available,Foundation,PUZ
M6PVA,Available,Foundation,PVA
M6PVB,Available,Foundation,PVB
M6PVD,Available,Foundation,PVD
M6PVE,Available,Foundation,PVE
M6PVF,Available,Foundation,PVF
M6PVG,Available,Foundation,PVG
M6PVH,Available,Foundation,PVH
M6PVI,Available,Foundation,PVI
M6PVJ,Available,Foundation,PVJ
M6PVK,Available,Foundation,PVK
M6PVL,Available,Foundation,PVL
M6PVM,Available,Foundation,PVM
M6PVO,Available,Foundation,PVO
M6PVP,Available,Foundation,PVP
M6PVQ,Available,Foundation,PVQ
M6PVR,Available,Foundation,PVR
M6PVS,Available,Foundation,PVS
M6PVT,Available,Foundation,PVT
M6PVU,Available,Foundation,PVU
M6PVW,Available,Foundation,PVW
M6PVY,Available,Foundation,PVY
M6PVZ,Available,Foundation,PVZ
M6PWA,Available,Foundation,PWA
M6PWE,Available,Foundation,PWE
M6PWF,Available,Foundation,PWF
M6PWK,Available,Foundation,PWK
M6PWL,Available,Foundation,PWL
M6PWM,Available,Foundation,PWM
M6PWQ,Available,Foundation,PWQ
M6PWU,Available,Foundation,PWU
M6PWV,Available,Foundation,PWV
M6PWX,Available,Foundation,PWX
M6PWY,Available,Foundation,PWY
M6PWZ,Available,Foundation,PWZ
M6PXA,Available,Foundation,PXA
M6PXC,Available,Foundation,PXC
M6PXE,Available,Foundation,PXE
M6PXF,Available,Foundation,PXF
M6PXH,Available,Foundation,PXH
M6PXI,Available,Foundation,PXI
M6PXJ,Available,Foundation,PXJ
M6PXM,Available,Foundation,PXM
M6PXN,Available,Foundation,PXN
M6PXO,Available,Foundation,PXO
M6PXP,Available,Foundation,PXP
M6PXQ,Available,Foundation,PXQ
M6PXR,Available,Foundation,PXR
M6PXT,Available,Foundation,PXT
M6PXU,Available,Foundation,PXU
M6PXV,Available,Foundation,PXV
M6PXW,Available,Foundation,PXW
M6PXX,Available,Foundation,PXX
M6PXZ,Available,Foundation,PXZ
M6PYA,Available,Foundation,PYA
M6PYB,Available,Foundation,PYB
M6PYC,Available,Foundation,PYC
M6PYI,Available,Foundation,PYI
M6PYJ,Available,Foundation,PYJ
M6PYK,Available,Foundation,PYK
M6PYL,Available,Foundation,PYL
M6PYM,Available,Foundation,PYM
M6PYO,Available,Foundation,PYO
M6PYP,Available,Foundation,PYP
M6PYQ,Available,Foundation,PYQ
M6PYS,Available,Foundation,PYS
M6PYV,Available,Foundation,PYV
M6PYW,Available,Foundation,PYW
M6PYY,Available,Foundation,PYY
M6PYZ,Available,Foundation,PYZ
M6PZC,Available,Foundation,PZC
M6PZD,Available,Foundation,PZD
M6PZE,Available,Foundation,PZE
M6PZF,Available,Foundation,PZF
M6PZG,Available,Foundation,PZG
M6PZH,Available,Foundation,PZH
M6PZI,Available,Foundation,PZI
M6PZJ,Available,Foundation,PZJ
M6PZK,Available,Foundation,PZK
M6PZL,Available,Foundation,PZL
M6PZM,Available,Foundation,PZM
M6PZN,Available,Foundation,PZN
M6PZO,Available,Foundation,PZO
M6PZQ,Available,Foundation,PZQ
M6PZR,Available,Foundation,PZR
M6PZS,Available,Foundation,PZS
M6PZT,Available,Foundation,PZT
M6PZU,Available,Foundation,PZU
M6PZV,Available,Foundation,PZV
M6PZX,Available,Foundation,PZX
M6REO,Available,Foundation,REO
M6RET,Available,Foundation,RET
M6REU,Available,Foundation,REU
M6RFA,Available,Foundation,RFA
M6RFB,Available,Foundation,RFB
M6RFG,Available,Foundation,RFG
M6RFH,Available,Foundation,RFH
M6RFI,Available,Foundation,RFI
M6RFK,Available,Foundation,RFK
M6RFN,Available,Foundation,RFN
M6RFO,Available,Foundation,RFO
M6RFP,Available,Foundation,RFP
M6RFQ,Available,Foundation,RFQ
M6RFS,Available,Foundation,RFS
M6RFX,Available,Foundation,RFX
M6RFY,Available,Foundation,RFY
M6RFZ,Available,Foundation,RFZ
M6RGD,Available,Foundation,RGD
M6RGK,Available,Foundation,RGK
M6RGO,Available,Foundation,RGO
M6RGQ,Available,Foundation,RGQ
M6RGU,Available,Foundation,RGU
M6RGX,Available,Foundation,RGX
M6RGZ,Available,Foundation,RGZ
M6RHG,Available,Foundation,RHG
M6RHI,Available,Foundation,RHI
M6RHJ,Available,Foundation,RHJ
M6RHK,Available,Foundation,RHK
M6RHL,Available,Foundation,RHL
M6RHM,Available,Foundation,RHM
M6RHN,Available,Foundation,RHN
M6RHP,Available,Foundation,RHP
M6RHQ,Available,Foundation,RHQ
M6RHR,Available,Foundation,RHR
M6RHU,Available,Foundation,RHU
M6RHV,Available,Foundation,RHV
M6RHX,Available,Foundation,RHX
M6RIJ,Available,Foundation,RIJ
M6RIL,Available,Foundation,RIL
M6RIN,Available,Foundation,RIN
M6RIQ,Available,Foundation,RIQ
M6RIR,Available,Foundation,RIR
M6RIU,Available,Foundation,RIU
M6RIW,Available,Foundation,RIW
M6RIY,Available,Foundation,RIY
M6RIZ,Available,Foundation,RIZ
M6RJF,Available,Foundation,RJF
M6RJQ,Available,Foundation,RJQ
M6RJR,Available,Foundation,RJR
M6RJV,Available,Foundation,RJV
M6RJX,Available,Foundation,RJX
M6RJY,Available,Foundation,RJY
M6RKA,Available,Foundation,RKA
M6RKF,Available,Foundation,RKF
M6RKJ,Available,Foundation,RKJ
M6RKK,Available,Foundation,RKK
M6RKM,Available,Foundation,RKM
M6RKQ,Available,Foundation,RKQ
M6RKU,Available,Foundation,RKU
M6RKV,Available,Foundation,RKV
M6RLA,Available,Foundation,RLA
M6RLE,Available,Foundation,RLE
M6RLI,Available,Foundation,RLI
M6RLJ,Available,Foundation,RLJ
M6RLK,Available,Foundation,RLK
M6RLN,Available,Foundation,RLN
M6RLO,Available,Foundation,RLO
M6RLQ,Available,Foundation,RLQ
M6RLR,Available,Foundation,RLR
M6RLU,Available,Foundation,RLU
M6RLV,Available,Foundation,RLV
M6RLZ,Available,Foundation,RLZ
M6RMQ,Available,Foundation,RMQ
M6RMR,Available,Foundation,RMR
M6RMU,Available,Foundation,RMU
M6RMV,Available,Foundation,RMV
M6RMY,Available,Foundation,RMY
M6RNB,Available,Foundation,RNB
M6RNG,Available,Foundation,RNG
M6RNH,Available,Foundation,RNH
M6RNJ,Available,Foundation,RNJ
M6RNL,Available,Foundation,RNL
M6RNM,Available,Foundation,RNM
M6RNN,Available,Foundation,RNN
M6RNO,Available,Foundation,RNO
M6RNQ,Available,Foundation,RNQ
M6RNS,Available,Foundation,RNS
M6RNT,Available,Foundation,RNT
M6RNV,Available,Foundation,RNV
M6RNW,Available,Foundation,RNW
M6RNX,Available,Foundation,RNX
M6RNY,Available,Foundation,RNY
M6RNZ,Available,Foundation,RNZ
M6ROA,Available,Foundation,ROA
M6ROI,Available,Foundation,ROI
M6ROJ,Available,Foundation,ROJ
M6ROQ,Available,Foundation,ROQ
M6ROR,Available,Foundation,ROR
M6ROT,Available,Foundation,ROT
M6RPE,Available,Foundation,RPE
M6RPK,Available,Foundation,RPK
M6RPN,Available,Foundation,RPN
M6RPP,Available,Foundation,RPP
M6RPQ,Available,Foundation,RPQ
M6RPS,Available,Foundation,RPS
M6RPU,Available,Foundation,RPU
M6RPV,Available,Foundation,RPV
M6RPW,Available,Foundation,RPW
M6RPX,Available,Foundation,RPX
M6RPY,Available,Foundation,RPY
M6RQA,Available,Foundation,RQA
M6RQB,Available,Foundation,RQB
M6RQC,Available,Foundation,RQC
M6RQD,Available,Foundation,RQD
M6RQE,Available,Foundation,RQE
M6RQF,Available,Foundation,RQF
M6RQG,Available,Foundation,RQG
M6RQH,Available,Foundation,RQH
M6RQI,Available,Foundation,RQI
M6RQJ,Available,Foundation,RQJ
M6RQK,Available,Foundation,RQK
M6RQN,Available,Foundation,RQN
M6RQO,Available,Foundation,RQO
M6RQP,Available,Foundation,RQP
M6RQQ,Available,Foundation,RQQ
M6RQR,Available,Foundation,RQR
M6RQS,Available,Foundation,RQS
M6RQT,Available,Foundation,RQT
M6RQU,Available,Foundation,RQU
M6RQV,Available,Foundation,RQV
M6RQW,Available,Foundation,RQW
M6RQX,Available,Foundation,RQX
M6RQY,Available,Foundation,RQY
M6RQZ,Available,Foundation,RQZ
M6RRF,Available,Foundation,RRF
M6RRG,Available,Foundation,RRG
M6RRH,Available,Foundation,RRH
M6RRI,Available,Foundation,RRI
M6RRK,Available,Foundation,RRK
M6RRN,Available,Foundation,RRN
M6RRO,Available,Foundation,RRO
M6RRP,Available,Foundation,RRP
M6RRQ,Available,Foundation,RRQ
M6RRU,Available,Foundation,RRU
M6RRX,Available,Foundation,RRX
M6RSF,Available,Foundation,RSF
M6RSG,Available,Foundation,RSG
M6RSQ,Available,Foundation,RSQ
M6RSU,Available,Foundation,RSU
M6RSX,Available,Foundation,RSX
M6RSY,Available,Foundation,RSY
M6RSZ,Available,Foundation,RSZ
M6RTE,Available,Foundation,RTE
M6RTG,Available,Foundation,RTG
M6RTI,Available,Foundation,RTI
M6RTJ,Available,Foundation,RTJ
M6RTO,Available,Foundation,RTO
M6RTP,Available,Foundation,RTP
M6RTQ,Available,Foundation,RTQ
M6RTU,Available,Foundation,RTU
M6RUA,Available,Foundation,RUA
M6RUC,Available,Foundation,RUC
M6RUD,Available,Foundation,RUD
M6RUE,Available,Foundation,RUE
M6RUG,Available,Foundation,RUG
M6RUI,Available,Foundation,RUI
M6RUJ,Available,Foundation,RUJ
M6RUK,Available,Foundation,RUK
M6RUL,Available,Foundation,RUL
M6RUO,Available,Foundation,RUO
M6RUQ,Available,Foundation,RUQ
M6RUR,Available,Foundation,RUR
M6RUU,Available,Foundation,RUU
M6RUV,Available,Foundation,RUV
M6RUW,Available,Foundation,RUW
M6RUX,Available,Foundation,RUX
M6RUY,Available,Foundation,RUY
M6RVA,Available,Foundation,RVA
M6RVB,Available,Foundation,RVB
M6RVC,Available,Foundation,RVC
M6RVD,Available,Foundation,RVD
M6RVE,Available,Foundation,RVE
M6RVF,Available,Foundation,RVF
M6RVG,Available,Foundation,RVG
M6RVK,Available,Foundation,RVK
M6RVL,Available,Foundation,RVL
M6RVQ,Available,Foundation,RVQ
M6RVU,Available,Foundation,RVU
M6RVV,Available,Foundation,RVV
M6RVX,Available,Foundation,RVX
M6RVY,Available,Foundation,RVY
M6RVZ,Available,Foundation,RVZ
M6RWD,Available,Foundation,RWD
M6RWJ,Available,Foundation,RWJ
M6RWK,Available,Foundation,RWK
M6RWO,Available,Foundation,RWO
M6RWQ,Available,Foundation,RWQ
M6RWS,Available,Foundation,RWS
M6RWU,Available,Foundation,RWU
M6RWV,Available,Foundation,RWV
M6RWW,Available,Foundation,RWW
M6RWY,Available,Foundation,RWY
M6RWZ,Available,Foundation,RWZ
M6RXA,Available,Foundation,RXA
M6RXC,Available,Foundation,RXC
M6RXG,Available,Foundation,RXG
M6RXH,Available,Foundation,RXH
M6RXI,Available,Foundation,RXI
M6RXK,Available,Foundation,RXK
M6RXL,Available,Foundation,RXL
M6RXN,Available,Foundation,RXN
M6RXO,Available,Foundation,RXO
M6RXP,Available,Foundation,RXP
M6RXQ,Available,Foundation,RXQ
M6RXU,Available,Foundation,RXU
M6RXV,Available,Foundation,RXV
M6RXW,Available,Foundation,RXW
M6RXX,Available,Foundation,RXX
M6RXY,Available,Foundation,RXY
M6RXZ,Available,Foundation,RXZ
M6RYA,Available,Foundation,RYA
M6RYB,Available,Foundation,RYB
M6RYC,Available,Foundation,RYC
M6RYE,Available,Foundation,RYE
M6RYF,Available,Foundation,RYF
M6RYG,Available,Foundation,RYG
M6RYH,Available,Foundation,RYH
M6RYI,Available,Foundation,RYI
M6RYJ,Available,Foundation,RYJ
M6RYL,Available,Foundation,RYL
M6RYM,Available,Foundation,RYM
M6RYO,Available,Foundation,RYO
M6RYP,Available,Foundation,RYP
M6RYQ,Available,Foundation,RYQ
M6RYR,Available,Foundation,RYR
M6RYT,Available,Foundation,RYT
M6RYU,Available,Foundation,RYU
M6RYV,Available,Foundation,RYV
M6RYW,Available,Foundation,RYW
M6RYX,Available,Foundation,RYX
M6RYY,Available,Foundation,RYY
M6RYZ,Available,Foundation,RYZ
M6RZB,Available,Foundation,RZB
M6RZC,Available,Foundation,RZC
M6RZD,Available,Foundation,RZD
M6RZE,Available,Foundation,RZE
M6RZF,Available,Foundation,RZF
M6RZG,Available,Foundation,RZG
M6RZH,Available,Foundation,RZH
M6RZI,Available,Foundation,RZI
M6RZJ,Available,Foundation,RZJ
M6RZK,Available,Foundation,RZK
M6RZM,Available,Foundation,RZM
M6RZN,Available,Foundation,RZN
M6RZO,Available,Foundation,RZO
M6RZP,Available,Foundation,RZP
M6RZQ,Available,Foundation,RZQ
M6RZR,Available,Foundation,RZR
M6RZS,Available,Foundation,RZS
M6RZT,Available,Foundation,RZT
M6RZU,Available,Foundation,RZU
M6RZV,Available,Foundation,RZV
M6RZY,Available,Foundation,RZY
M6RZZ,Available,Foundation,RZZ
M6SEI,Available,Foundation,SEI
M6SEU,Available,Foundation,SEU
M6SEV,Available,Foundation,SEV
M6SEW,Available,Foundation,SEW
M6SEY,Available,Foundation,SEY
M6SEZ,Available,Foundation,SEZ
M6SFA,Available,Foundation,SFA
M6SFC,Available,Foundation,SFC
M6SFD,Available,Foundation,SFD
M6SFE,Available,Foundation,SFE
M6SFF,Available,Foundation,SFF
M6SFG,Available,Foundation,SFG
M6SFJ,Available,Foundation,SFJ
M6SFK,Available,Foundation,SFK
M6SFL,Available,Foundation,SFL
M6SFN,Available,Foundation,SFN
M6SFO,Available,Foundation,SFO
M6SFP,Available,Foundation,SFP
M6SFQ,Available,Foundation,SFQ
M6SFT,Available,Foundation,SFT
M6SFU,Available,Foundation,SFU
M6SFV,Available,Foundation,SFV
M6SFW,Available,Foundation,SFW
M6SFX,Available,Foundation,SFX
M6SFY,Available,Foundation,SFY
M6SFZ,Available,Foundation,SFZ
M6SGJ,Available,Foundation,SGJ
M6SGK,Available,Foundation,SGK
M6SGN,Available,Foundation,SGN
M6SGO,Available,Foundation,SGO
M6SGQ,Available,Foundation,SGQ
M6SGV,Available,Foundation,SGV
M6SGX,Available,Foundation,SGX
M6SGY,Available,Foundation,SGY
M6SGZ,Available,Foundation,SGZ
M6SHC,Available,Foundation,SHC
M6SHH,Available,Foundation,SHH
M6SHK,Available,Foundation,SHK
M6SHQ,Available,Foundation,SHQ
M6SHS,Available,Foundation,SHS
M6SHT,Available,Foundation,SHT
M6SHW,Available,Foundation,SHW
M6SHX,Available,Foundation,SHX
M6SHZ,Available,Foundation,SHZ
M6SIA,Available,Foundation,SIA
M6SIF,Available,Foundation,SIF
M6SIH,Available,Foundation,SIH
M6SII,Available,Foundation,SII
M6SIJ,Available,Foundation,SIJ
M6SIO,Available,Foundation,SIO
M6SIQ,Available,Foundation,SIQ
M6SIU,Available,Foundation,SIU
M6SIV,Available,Foundation,SIV
M6SIW,Available,Foundation,SIW
M6SIY,Available,Foundation,SIY
M6SJF,Available,Foundation,SJF
M6SJI,Available,Foundation,SJI
M6SJQ,Available,Foundation,SJQ
M6SJU,Available,Foundation,SJU
M6SJV,Available,Foundation,SJV
M6SJX,Available,Foundation,SJX
M6SJY,Available,Foundation,SJY
M6SJZ,Available,Foundation,SJZ
M6SKB,Available,Foundation,SKB
M6SKF,Available,Foundation,SKF
M6SKG,Available,Foundation,SKG
M6SKH,Available,Foundation,SKH
M6SKK,Available,Foundation,SKK
M6SKQ,Available,Foundation,SKQ
M6SKU,Available,Foundation,SKU
M6SKV,Available,Foundation,SKV
M6SKW,Available,Foundation,SKW
M6SKX,Available,Foundation,SKX
M6SKZ,Available,Foundation,SKZ
M6SLI,Available,Foundation,SLI
M6SLO,Available,Foundation,SLO
M6SLQ,Available,Foundation,SLQ
M6SLS,Available,Foundation,SLS
M6SLY,Available,Foundation,SLY
M6SLZ,Available,Foundation,SLZ
M6SMQ,Available,Foundation,SMQ
M6SMU,Available,Foundation,SMU
M6SMX,Available,Foundation,SMX
M6SMY,Available,Foundation,SMY
M6SNA,Available,Foundation,SNA
M6SNB,Available,Foundation,SNB
M6SND,Available,Foundation,SND
M6SNH,Available,Foundation,SNH
M6SNI,Available,Foundation,SNI
M6SNJ,Available,Foundation,SNJ
M6SNK,Available,Foundation,SNK
M6SNL,Available,Foundation,SNL
M6SNM,Available,Foundation,SNM
M6SNN,Available,Foundation,SNN
M6SNP,Available,Foundation,SNP
M6SNQ,Available,Foundation,SNQ
M6SNS,Available,Foundation,SNS
M6SNT,Available,Foundation,SNT
M6SNU,Available,Foundation,SNU
M6SNV,Available,Foundation,SNV
M6SNZ,Available,Foundation,SNZ
M6SOH,Available,Foundation,SOH
M6SOK,Available,Foundation,SOK
M6SOO,Available,Foundation,SOO
M6SOQ,Available,Foundation,SOQ
M6SOT,Available,Foundation,SOT
M6SOU,Available,Foundation,SOU
M6SOV,Available,Foundation,SOV
M6SOX,Available,Foundation,SOX
M6SOY,Available,Foundation,SOY
M6SOZ,Available,Foundation,SOZ
M6SPB,Available,Foundation,SPB
M6SPE,Available,Foundation,SPE
M6SPF,Available,Foundation,SPF
M6SPN,Available,Foundation,SPN
M6SPP,Available,Foundation,SPP
M6SPQ,Available,Foundation,SPQ
M6SPU,Available,Foundation,SPU
M6SQA,Available,Foundation,SQA
M6SQB,Available,Foundation,SQB
M6SQC,Available,Foundation,SQC
M6SQE,Available,Foundation,SQE
M6SQF,Available,Foundation,SQF
M6SQG,Available,Foundation,SQG
M6SQH,Available,Foundation,SQH
M6SQJ,Available,Foundation,SQJ
M6SQK,Available,Foundation,SQK
M6SQN,Available,Foundation,SQN
M6SQO,Available,Foundation,SQO
M6SQP,Available,Foundation,SQP
M6SQQ,Available,Foundation,SQQ
M6SQR,Available,Foundation,SQR
M6SQV,Available,Foundation,SQV
M6SQW,Available,Foundation,SQW
M6SQX,Available,Foundation,SQX
M6SQY,Available,Foundation,SQY
M6SQZ,Available,Foundation,SQZ
M6SRN,Available,Foundation,SRN
M6SRQ,Available,Foundation,SRQ
M6SRU,Available,Foundation,SRU
M6SRY,Available,Foundation,SRY
M6SSI,Available,Foundation,SSI
M6SSN,Available,Foundation,SSN
M6SSO,Available,Foundation,SSO
M6SSQ,Available,Foundation,SSQ
M6SSU,Available,Foundation,SSU
M6SSV,Available,Foundation,SSV
M6SSZ,Available,Foundation,SSZ
M6STQ,Available,Foundation,STQ
M6SUA,Available,Foundation,SUA
M6SUC,Available,Foundation,SUC
M6SUD,Available,Foundation,SUD
M6SUF,Available,Foundation,SUF
M6SUG,Available,Foundation,SUG
M6SUH,Available,Foundation,SUH
M6SUI,Available,Foundation,SUI
M6SUK,Available,Foundation,SUK
M6SUL,Available,Foundation,SUL
M6SUO,Available,Foundation,SUO
M6SUQ,Available,Foundation,SUQ
M6SUR,Available,Foundation,SUR
M6SUW,Available,Foundation,SUW
M6SUY,Available,Foundation,SUY
M6SVA,Available,Foundation,SVA
M6SVB,Available,Foundation,SVB
M6SVE,Available,Foundation,SVE
M6SVG,Available,Foundation,SVG
M6SVH,Available,Foundation,SVH
M6SVI,Available,Foundation,SVI
M6SVL,Available,Foundation,SVL
M6SVO,Available,Foundation,SVO
M6SVP,Available,Foundation,SVP
M6SVQ,Available,Foundation,SVQ
M6SVR,Available,Foundation,SVR
M6SVS,Available,Foundation,SVS
M6SVU,Available,Foundation,SVU
M6SVV,Available,Foundation,SVV
M6SVW,Available,Foundation,SVW
M6SVX,Available,Foundation,SVX
M6SWE,Available,Foundation,SWE
M6SWI,Available,Foundation,SWI
M6SWJ,Available,Foundation,SWJ
M6SWK,Available,Foundation,SWK
M6SWM,Available,Foundation,SWM
M6SWO,Available,Foundation,SWO
M6SWQ,Available,Foundation,SWQ
M6SWT,Available,Foundation,SWT
M6SWU,Available,Foundation,SWU
M6SWV,Available,Foundation,SWV
M6SWY,Available,Foundation,SWY
M6SWZ,Available,Foundation,SWZ
M6SXE,Available,Foundation,SXE
M6SXF,Available,Foundation,SXF
M6SXG,Available,Foundation,SXG
M6SXH,Available,Foundation,SXH
M6SXJ,Available,Foundation,SXJ
M6SXK,Available,Foundation,SXK
M6SXN,Available,Foundation,SXN
M6SXP,Available,Foundation,SXP
M6SXQ,Available,Foundation,SXQ
M6SXU,Available,Foundation,SXU
M6SXV,Available,Foundation,SXV
M6SXX,Available,Foundation,SXX
M6SXZ,Available,Foundation,SXZ
M6SYA,Available,Foundation,SYA
M6SYB,Available,Foundation,SYB
M6SYC,Available,Foundation,SYC
M6SYE,Available,Foundation,SYE
M6SYF,Available,Foundation,SYF
M6SYG,Available,Foundation,SYG
M6SYH,Available,Foundation,SYH
M6SYI,Available,Foundation,SYI
M6SYJ,Available,Foundation,SYJ
M6SYK,Available,Foundation,SYK
M6SYM,Available,Foundation,SYM
M6SYN,Available,Foundation,SYN
M6SYO,Available,Foundation,SYO
M6SYQ,Available,Foundation,SYQ
M6SYT,Available,Foundation,SYT
M6SYU,Available,Foundation,SYU
M6SYV,Available,Foundation,SYV
M6SYW,Available,Foundation,SYW
M6SYY,Available,Foundation,SYY
M6SYZ,Available,Foundation,SYZ
M6SZB,Available,Foundation,SZB
M6SZC,Available,Foundation,SZC
M6SZD,Available,Foundation,SZD
M6SZE,Available,Foundation,SZE
M6SZF,Available,Foundation,SZF
M6SZG,Available,Foundation,SZG
M6SZH,Available,Foundation,SZH
M6SZI,Available,Foundation,SZI
M6SZJ,Available,Foundation,SZJ
M6SZK,Available,Foundation,SZK
M6SZL,Available,Foundation,SZL
M6SZM,Available,Foundation,SZM
M6SZN,Available,Foundation,SZN
M6SZO,Available,Foundation,SZO
M6SZP,Available,Foundation,SZP
M6SZQ,Available,Foundation,SZQ
M6SZR,Available,Foundation,SZR
M6SZT,Available,Foundation,SZT
M6SZU,Available,Foundation,SZU
M6SZV,Available,Foundation,SZV
M6SZW,Available,Foundation,SZW
M6SZX,Available,Foundation,SZX
M6SZZ,Available,Foundation,SZZ
M6TCQ,Available,Foundation,TCQ
M6TDQ,Available,Foundation,TDQ
M6TDV,Available,Foundation,TDV
M6TDZ,Available,Foundation,TDZ
M6TEB,Available,Foundation,TEB
M6TEF,Available,Foundation,TEF
M6TEG,Available,Foundation,TEG
M6TEH,Available,Foundation,TEH
M6TEI,Available,Foundation,TEI
M6TEM,Available,Foundation,TEM
M6TEO,Available,Foundation,TEO
M6TEP,Available,Foundation,TEP
M6TEQ,Available,Foundation,TEQ
M6TFB,Available,Foundation,TFB
M6TFD,Available,Foundation,TFD
M6TFE,Available,Foundation,TFE
M6TFF,Available,Foundation,TFF
M6TFG,Available,Foundation,TFG
M6TFI,Available,Foundation,TFI
M6TFJ,Available,Foundation,TFJ
M6TFM,Available,Foundation,TFM
M6TFO,Available,Foundation,TFO
M6TFP,Available,Foundation,TFP
M6TFQ,Available,Foundation,TFQ
M6TFR,Available,Foundation,TFR
M6TFS,Available,Foundation,TFS
M6TFT,Available,Foundation,TFT
M6TFV,Available,Foundation,TFV
M6TFY,Available,Foundation,TFY
M6TFZ,Available,Foundation,TFZ
M6TGA,Available,Foundation,TGA
M6TGC,Available,Foundation,TGC
M6TGE,Available,Foundation,TGE
M6TGF,Available,Foundation,TGF
M6TGI,Available,Foundation,TGI
M6TGJ,Available,Foundation,TGJ
M6TGK,Available,Foundation,TGK
M6TGL,Available,Foundation,TGL
M6TGN,Available,Foundation,TGN
M6TGO,Available,Foundation,TGO
M6TGP,Available,Foundation,TGP
M6TGQ,Available,Foundation,TGQ
M6TGU,Available,Foundation,TGU
M6TGV,Available,Foundation,TGV
M6TGW,Available,Foundation,TGW
M6TGX,Available,Foundation,TGX
M6TGY,Available,Foundation,TGY
M6THA,Available,Foundation,THA
M6THF,Available,Foundation,THF
M6THH,Available,Foundation,THH
M6THI,Available,Foundation,THI
M6THJ,Available,Foundation,THJ
M6THK,Available,Foundation,THK
M6THN,Available,Foundation,THN
M6THQ,Available,Foundation,THQ
M6THT,Available,Foundation,THT
M6THV,Available,Foundation,THV
M6TIB,Available,Foundation,TIB
M6TIC,Available,Foundation,TIC
M6TID,Available,Foundation,TID
M6TIE,Available,Foundation,TIE
M6TIH,Available,Foundation,TIH
M6TIJ,Available,Foundation,TIJ
M6TIL,Available,Foundation,TIL
M6TIO,Available,Foundation,TIO
M6TIQ,Available,Foundation,TIQ
M6TIR,Available,Foundation,TIR
M6TIS,Available,Foundation,TIS
M6TIU,Available,Foundation,TIU
M6TIV,Available,Foundation,TIV
M6TIW,Available,Foundation,TIW
M6TIX,Available,Foundation,TIX
M6TIY,Available,Foundation,TIY
M6TIZ,Available,Foundation,TIZ
M6TJE,Available,Foundation,TJE
M6TJG,Available,Foundation,TJG
M6TJI,Available,Foundation,TJI
M6TJN,Available,Foundation,TJN
M6TJO,Available,Foundation,TJO
M6TJQ,Available,Foundation,TJQ
M6TJT,Available,Foundation,TJT
M6TJU,Available,Foundation,TJU
M6TJV,Available,Foundation,TJV
M6TJX,Available,Foundation,TJX
M6TKG,Available,Foundation,TKG
M6TKH,Available,Foundation,TKH
M6TKJ,Available,Foundation,TKJ
M6TKL,Available,Foundation,TKL
M6TKN,Available,Foundation,TKN
M6TKO,Available,Foundation,TKO
M6TKQ,Available,Foundation,TKQ
M6TKR,Available,Foundation,TKR
M6TKT,Available,Foundation,TKT
M6TKV,Available,Foundation,TKV
M6TKY,Available,Foundation,TKY
M6TKZ,Available,Foundation,TKZ
M6TLB,Available,Foundation,TLB
M6TLE,Available,Foundation,TLE
M6TLH,Available,Foundation,TLH
M6TLI,Available,Foundation,TLI
M6TLJ,Available,Foundation,TLJ
M6TLK,Available,Foundation,TLK
M6TLL,Available,Foundation,TLL
M6TLN,Available,Foundation,TLN
M6TLO,Available,Foundation,TLO
M6TLQ,Available,Foundation,TLQ
M6TLT,Available,Foundation,TLT
M6TLU,Available,Foundation,TLU
M6TLV,Available,Foundation,TLV
M6TLX,Available,Foundation,TLX
M6TLZ,Available,Foundation,TLZ
M6TMF,Available,Foundation,TMF
M6TMH,Available,Foundation,TMH
M6TMO,Available,Foundation,TMO
M6TMP,Available,Foundation,TMP
M6TMQ,Available,Foundation,TMQ
M6TMR,Available,Foundation,TMR
M6TMU,Available,Foundation,TMU
M6TMV,Available,Foundation,TMV
M6TNB,Available,Foundation,TNB
M6TNC,Available,Foundation,TNC
M6TND,Available,Foundation,TND
M6TNF,Available,Foundation,TNF
M6TNJ,Available,Foundation,TNJ
M6TNL,Available,Foundation,TNL
M6TNM,Available,Foundation,TNM
M6TNN,Available,Foundation,TNN
M6TNP,Available,Foundation,TNP
M6TNQ,Available,Foundation,TNQ
M6TNU,Available,Foundation,TNU
M6TNV,Available,Foundation,TNV
M6TNW,Available,Foundation,TNW
M6TNX,Available,Foundation,TNX
M6TNZ,Available,Foundation,TNZ
M6TOA,Available,Foundation,TOA
M6TOF,Available,Foundation,TOF
M6TOG,Available,Foundation,TOG
M6TOI,Available,Foundation,TOI
M6TOJ,Available,Foundation,TOJ
M6TOQ,Available,Foundation,TOQ
M6TOU,Available,Foundation,TOU
M6TOV,Available,Foundation,TOV
M6TOX,Available,Foundation,TOX
M6TPB,Available,Foundation,TPB
M6TPF,Available,Foundation,TPF
M6TPI,Available,Foundation,TPI
M6TPN,Available,Foundation,TPN
M6TPO,Available,Foundation,TPO
M6TPP,Available,Foundation,TPP
M6TPQ,Available,Foundation,TPQ
M6TPR,Available,Foundation,TPR
M6TPS,Available,Foundation,TPS
M6TPU,Available,Foundation,TPU
M6TPW,Available,Foundation,TPW
M6TPX,Available,Foundation,TPX
M6TQA,Available,Foundation,TQA
M6TQB,Available,Foundation,TQB
M6TQC,Available,Foundation,TQC
M6TQD,Available,Foundation,TQD
M6TQE,Available,Foundation,TQE
M6TQF,Available,Foundation,TQF
M6TQG,Available,Foundation,TQG
M6TQH,Available,Foundation,TQH
M6TQI,Available,Foundation,TQI
M6TQJ,Available,Foundation,TQJ
M6TQK,Available,Foundation,TQK
M6TQL,Available,Foundation,TQL
M6TQN,Available,Foundation,TQN
M6TQO,Available,Foundation,TQO
M6TQP,Available,Foundation,TQP
M6TQQ,Available,Foundation,TQQ
M6TQR,Available,Foundation,TQR
M6TQS,Available,Foundation,TQS
M6TQT,Available,Foundation,TQT
M6TQU,Available,Foundation,TQU
M6TQV,Available,Foundation,TQV
M6TQW,Available,Foundation,TQW
M6TQX,Available,Foundation,TQX
M6TQY,Available,Foundation,TQY
M6TQZ,Available,Foundation,TQZ
M6TRD,Available,Foundation,TRD
M6TRF,Available,Foundation,TRF
M6TRK,Available,Foundation,TRK
M6TRM,Available,Foundation,TRM
M6TRT,Available,Foundation,TRT
M6TRW,Available,Foundation,TRW
M6TRZ,Available,Foundation,TRZ
M6TSB,Available,Foundation,TSB
M6TSE,Available,Foundation,TSE
M6TSF,Available,Foundation,TSF
M6TSH,Available,Foundation,TSH
M6TSJ,Available,Foundation,TSJ
M6TSN,Available,Foundation,TSN
M6TSO,Available,Foundation,TSO
M6TSQ,Available,Foundation,TSQ
M6TSS,Available,Foundation,TSS
M6TST,Available,Foundation,TST
M6TSU,Available,Foundation,TSU
M6TSV,Available,Foundation,TSV
M6TSY,Available,Foundation,TSY
M6TSZ,Available,Foundation,TSZ
M6TTE,Available,Foundation,TTE
M6TTG,Available,Foundation,TTG
M6TTJ,Available,Foundation,TTJ
M6TTK,Available,Foundation,TTK
M6TTN,Available,Foundation,TTN
M6TTO,Available,Foundation,TTO
M6TTQ,Available,Foundation,TTQ
M6TTU,Available,Foundation,TTU
M6TTX,Available,Foundation,TTX
M6TTZ,Available,Foundation,TTZ
M6TUA,Available,Foundation,TUA
M6TUC,Available,Foundation,TUC
M6TUE,Available,Foundation,TUE
M6TUI,Available,Foundation,TUI
M6TUJ,Available,Foundation,TUJ
M6TUL,Available,Foundation,TUL
M6TUN,Available,Foundation,TUN
M6TUO,Available,Foundation,TUO
M6TUQ,Available,Foundation,TUQ
M6TUS,Available,Foundation,TUS
M6TUU,Available,Foundation,TUU
M6TUV,Available,Foundation,TUV
M6TUW,Available,Foundation,TUW
M6TUY,Available,Foundation,TUY
M6TUZ,Available,Foundation,TUZ
M6TVA,Available,Foundation,TVA
M6TVB,Available,Foundation,TVB
M6TVD,Available,Foundation,TVD
M6TVE,Available,Foundation,TVE
M6TVF,Available,Foundation,TVF
M6TVG,Available,Foundation,TVG
M6TVH,Available,Foundation,TVH
M6TVJ,Available,Foundation,TVJ
M6TVK,Available,Foundation,TVK
M6TVL,Available,Foundation,TVL
M6TVN,Available,Foundation,TVN
M6TVO,Available,Foundation,TVO
M6TVQ,Available,Foundation,TVQ
M6TVS,Available,Foundation,TVS
M6TVT,Available,Foundation,TVT
M6TVU,Available,Foundation,TVU
M6TVW,Available,Foundation,TVW
M6TVX,Available,Foundation,TVX
M6TVY,Available,Foundation,TVY
M6TVZ,Available,Foundation,TVZ
M6TWF,Available,Foundation,TWF
M6TWJ,Available,Foundation,TWJ
M6TWN,Available,Foundation,TWN
M6TWP,Available,Foundation,TWP
M6TWS,Available,Foundation,TWS
M6TWU,Available,Foundation,TWU
M6TWV,Available,Foundation,TWV
M6TWX,Available,Foundation,TWX
M6TWY,Available,Foundation,TWY
M6TXA,Available,Foundation,TXA
M6TXB,Available,Foundation,TXB
M6TXE,Available,Foundation,TXE
M6TXG,Available,Foundation,TXG
M6TXK,Available,Foundation,TXK
M6TXL,Available,Foundation,TXL
M6TXM,Available,Foundation,TXM
M6TXN,Available,Foundation,TXN
M6TXO,Available,Foundation,TXO
M6TXQ,Available,Foundation,TXQ
M6TXR,Available,Foundation,TXR
M6TXS,Available,Foundation,TXS
M6TXT,Available,Foundation,TXT
M6TXU,Available,Foundation,TXU
M6TXW,Available,Foundation,TXW
M6TXX,Available,Foundation,TXX
M6TXY,Available,Foundation,TXY
M6TXZ,Available,Foundation,TXZ
M6TYA,Available,Foundation,TYA
M6TYD,Available,Foundation,TYD
M6TYH,Available,Foundation,TYH
M6TYI,Available,Foundation,TYI
M6TYJ,Available,Foundation,TYJ
M6TYM,Available,Foundation,TYM
M6TYP,Available,Foundation,TYP
M6TYQ,Available,Foundation,TYQ
M6TYR,Available,Foundation,TYR
M6TYT,Available,Foundation,TYT
M6TYU,Available,Foundation,TYU
M6TYV,Available,Foundation,TYV
M6TYW,Available,Foundation,TYW
M6TYX,Available,Foundation,TYX
M6TYY,Available,Foundation,TYY
M6TYZ,Available,Foundation,TYZ
M6TZA,Available,Foundation,TZA
M6TZB,Available,Foundation,TZB
M6TZC,Available,Foundation,TZC
M6TZD,Available,Foundation,TZD
M6TZF,Available,Foundation,TZF
M6TZG,Available,Foundation,TZG
M6TZH,Available,Foundation,TZH
M6TZI,Available,Foundation,TZI
M6TZJ,Available,Foundation,TZJ
M6TZK,Available,Foundation,TZK
M6TZL,Available,Foundation,TZL
M6TZN,Available,Foundation,TZN
M6TZQ,Available,Foundation,TZQ
M6TZR,Available,Foundation,TZR
M6TZS,Available,Foundation,TZS
M6TZT,Available,Foundation,TZT
M6TZU,Available,Foundation,TZU
M6TZV,Available,Foundation,TZV
M6TZW,Available,Foundation,TZW
M6TZX,Available,Foundation,TZX
M6UAA,Available,Foundation,UAA
M6UAD,Available,Foundation,UAD
M6UAE,Available,Foundation,UAE
M6UAF,Available,Foundation,UAF
M6UAG,Available,Foundation,UAG
M6UAH,Available,Foundation,UAH
M6UAI,Available,Foundation,UAI
M6UAJ,Available,Foundation,UAJ
M6UAK,Available,Foundation,UAK
M6UAL,Available,Foundation,UAL
M6UAN,Available,Foundation,UAN
M6UAO,Available,Foundation,UAO
M6UAQ,Available,Foundation,UAQ
M6UAR,Available,Foundation,UAR
M6UAT,Available,Foundation,UAT
M6UAU,Available,Foundation,UAU
M6UAW,Available,Foundation,UAW
M6UAY,Available,Foundation,UAY
M6UAZ,Available,Foundation,UAZ
M6UBA,Available,Foundation,UBA
M6UBB,Available,Foundation,UBB
M6UBC,Available,Foundation,UBC
M6UBD,Available,Foundation,UBD
M6UBE,Available,Foundation,UBE
M6UBF,Available,Foundation,UBF
M6UBG,Available,Foundation,UBG
M6UBH,Available,Foundation,UBH
M6UBJ,Available,Foundation,UBJ
M6UBK,Available,Foundation,UBK
M6UBL,Available,Foundation,UBL
M6UBM,Available,Foundation,UBM
M6UBN,Available,Foundation,UBN
M6UBO,Available,Foundation,UBO
M6UBP,Available,Foundation,UBP
M6UBQ,Available,Foundation,UBQ
M6UBR,Available,Foundation,UBR
M6UBT,Available,Foundation,UBT
M6UBU,Available,Foundation,UBU
M6UBV,Available,Foundation,UBV
M6UBW,Available,Foundation,UBW
M6UBX,Available,Foundation,UBX
M6UBY,Available,Foundation,UBY
M6UBZ,Available,Foundation,UBZ
M6UCA,Available,Foundation,UCA
M6UCB,Available,Foundation,UCB
M6UCD,Available,Foundation,UCD
M6UCE,Available,Foundation,UCE
M6UCF,Available,Foundation,UCF
M6UCG,Available,Foundation,UCG
M6UCI,Available,Foundation,UCI
M6UCJ,Available,Foundation,UCJ
M6UCK,Available,Foundation,UCK
M6UCL,Available,Foundation,UCL
M6UCM,Available,Foundation,UCM
M6UCN,Available,Foundation,UCN
M6UCO,Available,Foundation,UCO
M6UCQ,Available,Foundation,UCQ
M6UCR,Available,Foundation,UCR
M6UCT,Available,Foundation,UCT
M6UCU,Available,Foundation,UCU
M6UCV,Available,Foundation,UCV
M6UCW,Available,Foundation,UCW
M6UCX,Available,Foundation,UCX
M6UCZ,Available,Foundation,UCZ
M6UDB,Available,Foundation,UDB
M6UDC,Available,Foundation,UDC
M6UDD,Available,Foundation,UDD
M6UDE,Available,Foundation,UDE
M6UDF,Available,Foundation,UDF
M6UDG,Available,Foundation,UDG
M6UDH,Available,Foundation,UDH
M6UDI,Available,Foundation,UDI
M6UDJ,Available,Foundation,UDJ
M6UDK,Available,Foundation,UDK
M6UDL,Available,Foundation,UDL
M6UDM,Available,Foundation,UDM
M6UDN,Available,Foundation,UDN
M6UDO,Available,Foundation,UDO
M6UDQ,Available,Foundation,UDQ
M6UDR,Available,Foundation,UDR
M6UDS,Available,Foundation,UDS
M6UDT,Available,Foundation,UDT
M6UDU,Available,Foundation,UDU
M6UDV,Available,Foundation,UDV
M6UDW,Available,Foundation,UDW
M6UDZ,Available,Foundation,UDZ
M6UEB,Available,Foundation,UEB
M6UEC,Available,Foundation,UEC
M6UED,Available,Foundation,UED
M6UEE,Available,Foundation,UEE
M6UEF,Available,Foundation,UEF
M6UEG,Available,Foundation,UEG
M6UEI,Available,Foundation,UEI
M6UEJ,Available,Foundation,UEJ
M6UEK,Available,Foundation,UEK
M6UEL,Available,Foundation,UEL
M6UEM,Available,Foundation,UEM
M6UEO,Available,Foundation,UEO
M6UEP,Available,Foundation,UEP
M6UEQ,Available,Foundation,UEQ
M6UER,Available,Foundation,UER
M6UET,Available,Foundation,UET
M6UEU,Available,Foundation,UEU
M6UEV,Available,Foundation,UEV
M6UEW,Available,Foundation,UEW
M6UEX,Available,Foundation,UEX
M6UEY,Available,Foundation,UEY
M6UEZ,Available,Foundation,UEZ
M6UFA,Available,Foundation,UFA
M6UFB,Available,Foundation,UFB
M6UFD,Available,Foundation,UFD
M6UFE,Available,Foundation,UFE
M6UFF,Available,Foundation,UFF
M6UFG,Available,Foundation,UFG
M6UFH,Available,Foundation,UFH
M6UFI,Available,Foundation,UFI
M6UFJ,Available,Foundation,UFJ
M6UFK,Available,Foundation,UFK
M6UFL,Available,Foundation,UFL
M6UFM,Available,Foundation,UFM
M6UFN,Available,Foundation,UFN
M6UFP,Available,Foundation,UFP
M6UFQ,Available,Foundation,UFQ
M6UFR,Available,Foundation,UFR
M6UFS,Available,Foundation,UFS
M6UFT,Available,Foundation,UFT
M6UFU,Available,Foundation,UFU
M6UFV,Available,Foundation,UFV
M6UFW,Available,Foundation,UFW
M6UFX,Available,Foundation,UFX
M6UFY,Available,Foundation,UFY
M6UFZ,Available,Foundation,UFZ
M6UGA,Available,Foundation,UGA
M6UGB,Available,Foundation,UGB
M6UGC,Available,Foundation,UGC
M6UGD,Available,Foundation,UGD
M6UGE,Available,Foundation,UGE
M6UGF,Available,Foundation,UGF
M6UGG,Available,Foundation,UGG
M6UGI,Available,Foundation,UGI
M6UGJ,Available,Foundation,UGJ
M6UGK,Available,Foundation,UGK
M6UGL,Available,Foundation,UGL
M6UGM,Available,Foundation,UGM
M6UGN,Available,Foundation,UGN
M6UGO,Available,Foundation,UGO
M6UGP,Available,Foundation,UGP
M6UGQ,Available,Foundation,UGQ
M6UGR,Available,Foundation,UGR
M6UGS,Available,Foundation,UGS
M6UGT,Available,Foundation,UGT
M6UGU,Available,Foundation,UGU
M6UGV,Available,Foundation,UGV
M6UGW,Available,Foundation,UGW
M6UGY,Available,Foundation,UGY
M6UGZ,Available,Foundation,UGZ
M6UHA,Available,Foundation,UHA
M6UHB,Available,Foundation,UHB
M6UHC,Available,Foundation,UHC
M6UHD,Available,Foundation,UHD
M6UHE,Available,Foundation,UHE
M6UHG,Available,Foundation,UHG
M6UHH,Available,Foundation,UHH
M6UHI,Available,Foundation,UHI
M6UHJ,Available,Foundation,UHJ
M6UHK,Available,Foundation,UHK
M6UHL,Available,Foundation,UHL
M6UHM,Available,Foundation,UHM
M6UHN,Available,Foundation,UHN
M6UHO,Available,Foundation,UHO
M6UHP,Available,Foundation,UHP
M6UHQ,Available,Foundation,UHQ
M6UHR,Available,Foundation,UHR
M6UHS,Available,Foundation,UHS
M6UHT,Available,Foundation,UHT
M6UHU,Available,Foundation,UHU
M6UHV,Available,Foundation,UHV
M6UHW,Available,Foundation,UHW
M6UHX,Available,Foundation,UHX
M6UHY,Available,Foundation,UHY
M6UHZ,Available,Foundation,UHZ
M6UIA,Available,Foundation,UIA
M6UIB,Available,Foundation,UIB
M6UIC,Available,Foundation,UIC
M6UID,Available,Foundation,UID
M6UIE,Available,Foundation,UIE
M6UIF,Available,Foundation,UIF
M6UIG,Available,Foundation,UIG
M6UIH,Available,Foundation,UIH
M6UII,Available,Foundation,UII
M6UIJ,Available,Foundation,UIJ
M6UIK,Available,Foundation,UIK
M6UIL,Available,Foundation,UIL
M6UIN,Available,Foundation,UIN
M6UIO,Available,Foundation,UIO
M6UIP,Available,Foundation,UIP
M6UIQ,Available,Foundation,UIQ
M6UIS,Available,Foundation,UIS
M6UIT,Available,Foundation,UIT
M6UIU,Available,Foundation,UIU
M6UIV,Available,Foundation,UIV
M6UIW,Available,Foundation,UIW
M6UIX,Available,Foundation,UIX
M6UIY,Available,Foundation,UIY
M6UIZ,Available,Foundation,UIZ
M6UJA,Available,Foundation,UJA
M6UJB,Available,Foundation,UJB
M6UJC,Available,Foundation,UJC
M6UJD,Available,Foundation,UJD
M6UJE,Available,Foundation,UJE
M6UJF,Available,Foundation,UJF
M6UJG,Available,Foundation,UJG
M6UJH,Available,Foundation,UJH
M6UJJ,Available,Foundation,UJJ
M6UJK,Available,Foundation,UJK
M6UJL,Available,Foundation,UJL
M6UJM,Available,Foundation,UJM
M6UJN,Available,Foundation,UJN
M6UJO,Available,Foundation,UJO
M6UJP,Available,Foundation,UJP
M6UJQ,Available,Foundation,UJQ
M6UJR,Available,Foundation,UJR
M6UJS,Available,Foundation,UJS
M6UJT,Available,Foundation,UJT
M6UJU,Available,Foundation,UJU
M6UJV,Available,Foundation,UJV
M6UJW,Available,Foundation,UJW
M6UJX,Available,Foundation,UJX
M6UJY,Available,Foundation,UJY
M6UJZ,Available,Foundation,UJZ
M6UKA,Available,Foundation,UKA
M6UKB,Available,Foundation,UKB
M6UKC,Available,Foundation,UKC
M6UKF,Available,Foundation,UKF
M6UKG,Available,Foundation,UKG
M6UKH,Available,Foundation,UKH
M6UKJ,Available,Foundation,UKJ
M6UKK,Available,Foundation,UKK
M6UKL,Available,Foundation,UKL
M6UKN,Available,Foundation,UKN
M6UKO,Available,Foundation,UKO
M6UKP,Available,Foundation,UKP
M6UKQ,Available,Foundation,UKQ
M6UKR,Available,Foundation,UKR
M6UKS,Available,Foundation,UKS
M6UKT,Available,Foundation,UKT
M6UKU,Available,Foundation,UKU
M6UKW,Available,Foundation,UKW
M6UKX,Available,Foundation,UKX
M6UKZ,Available,Foundation,UKZ
M6ULB,Available,Foundation,ULB
M6ULC,Available,Foundation,ULC
M6ULD,Available,Foundation,ULD
M6ULE,Available,Foundation,ULE
M6ULF,Available,Foundation,ULF
M6ULG,Available,Foundation,ULG
M6ULH,Available,Foundation,ULH
M6ULI,Available,Foundation,ULI
M6ULJ,Available,Foundation,ULJ
M6ULK,Available,Foundation,ULK
M6ULL,Available,Foundation,ULL
M6ULM,Available,Foundation,ULM
M6ULN,Available,Foundation,ULN
M6ULO,Available,Foundation,ULO
M6ULQ,Available,Foundation,ULQ
M6ULR,Available,Foundation,ULR
M6ULS,Available,Foundation,ULS
M6ULT,Available,Foundation,ULT
M6ULU,Available,Foundation,ULU
M6ULV,Available,Foundation,ULV
M6ULW,Available,Foundation,ULW
M6ULY,Available,Foundation,ULY
M6UMA,Available,Foundation,UMA
M6UMB,Available,Foundation,UMB
M6UMC,Available,Foundation,UMC
M6UMD,Available,Foundation,UMD
M6UME,Available,Foundation,UME
M6UMF,Available,Foundation,UMF
M6UMG,Available,Foundation,UMG
M6UMH,Available,Foundation,UMH
M6UMI,Available,Foundation,UMI
M6UMJ,Available,Foundation,UMJ
M6UMK,Available,Foundation,UMK
M6UML,Available,Foundation,UML
M6UMN,Available,Foundation,UMN
M6UMO,Available,Foundation,UMO
M6UMP,Available,Foundation,UMP
M6UMQ,Available,Foundation,UMQ
M6UMR,Available,Foundation,UMR
M6UMS,Available,Foundation,UMS
M6UMT,Available,Foundation,UMT
M6UMU,Available,Foundation,UMU
M6UMV,Available,Foundation,UMV
M6UMW,Available,Foundation,UMW
M6UMX,Available,Foundation,UMX
M6UMY,Available,Foundation,UMY
M6UMZ,Available,Foundation,UMZ
M6UNB,Available,Foundation,UNB
M6UNC,Available,Foundation,UNC
M6UND,Available,Foundation,UND
M6UNE,Available,Foundation,UNE
M6UNF,Available,Foundation,UNF
M6UNG,Available,Foundation,UNG
M6UNH,Available,Foundation,UNH
M6UNJ,Available,Foundation,UNJ
M6UNK,Available,Foundation,UNK
M6UNL,Available,Foundation,UNL
M6UNM,Available,Foundation,UNM
M6UNN,Available,Foundation,UNN
M6UNP,Available,Foundation,UNP
M6UNQ,Available,Foundation,UNQ
M6UNR,Available,Foundation,UNR
M6UNT,Available,Foundation,UNT
M6UNU,Available,Foundation,UNU
M6UNV,Available,Foundation,UNV
M6UNW,Available,Foundation,UNW
M6UNX,Available,Foundation,UNX
M6UNY,Available,Foundation,UNY
M6UNZ,Available,Foundation,UNZ
M6UOA,Available,Foundation,UOA
M6UOB,Available,Foundation,UOB
M6UOC,Available,Foundation,UOC
M6UOD,Available,Foundation,UOD
M6UOE,Available,Foundation,UOE
M6UOF,Available,Foundation,UOF
M6UOG,Available,Foundation,UOG
M6UOH,Available,Foundation,UOH
M6UOI,Available,Foundation,UOI
M6UOJ,Available,Foundation,UOJ
M6UOL,Available,Foundation,UOL
M6UOM,Available,Foundation,UOM
M6UON,Available,Foundation,UON
M6UOO,Available,Foundation,UOO
M6UOP,Available,Foundation,UOP
M6UOQ,Available,Foundation,UOQ
M6UOR,Available,Foundation,UOR
M6UOS,Available,Foundation,UOS
M6UOT,Available,Foundation,UOT
M6UOU,Available,Foundation,UOU
M6UOV,Available,Foundation,UOV
M6UOW,Available,Foundation,UOW
M6UOX,Available,Foundation,UOX
M6UOY,Available,Foundation,UOY
M6UOZ,Available,Foundation,UOZ
M6UPA,Available,Foundation,UPA
M6UPB,Available,Foundation,UPB
M6UPC,Available,Foundation,UPC
M6UPD,Available,Foundation,UPD
M6UPE,Available,Foundation,UPE
M6UPF,Available,Foundation,UPF
M6UPG,Available,Foundation,UPG
M6UPI,Available,Foundation,UPI
M6UPJ,Available,Foundation,UPJ
M6UPK,Available,Foundation,UPK
M6UPL,Available,Foundation,UPL
M6UPM,Available,Foundation,UPM
M6UPN,Available,Foundation,UPN
M6UPO,Available,Foundation,UPO
M6UPP,Available,Foundation,UPP
M6UPQ,Available,Foundation,UPQ
M6UPR,Available,Foundation,UPR
M6UPS,Available,Foundation,UPS
M6UPT,Available,Foundation,UPT
M6UPV,Available,Foundation,UPV
M6UPW,Available,Foundation,UPW
M6UPX,Available,Foundation,UPX
M6UPY,Available,Foundation,UPY
M6UPZ,Available,Foundation,UPZ
M6UQA,Available,Foundation,UQA
M6UQB,Available,Foundation,UQB
M6UQC,Available,Foundation,UQC
M6UQD,Available,Foundation,UQD
M6UQE,Available,Foundation,UQE
M6UQF,Available,Foundation,UQF
M6UQG,Available,Foundation,UQG
M6UQH,Available,Foundation,UQH
M6UQI,Available,Foundation,UQI
M6UQJ,Available,Foundation,UQJ
M6UQK,Available,Foundation,UQK
M6UQL,Available,Foundation,UQL
M6UQM,Available,Foundation,UQM
M6UQN,Available,Foundation,UQN
M6UQO,Available,Foundation,UQO
M6UQP,Available,Foundation,UQP
M6UQQ,Available,Foundation,UQQ
M6UQR,Available,Foundation,UQR
M6UQS,Available,Foundation,UQS
M6UQT,Available,Foundation,UQT
M6UQU,Available,Foundation,UQU
M6UQV,Available,Foundation,UQV
M6UQW,Available,Foundation,UQW
M6UQX,Available,Foundation,UQX
M6UQY,Available,Foundation,UQY
M6UQZ,Available,Foundation,UQZ
M6URA,Available,Foundation,URA
M6URD,Available,Foundation,URD
M6URE,Available,Foundation,URE
M6URF,Available,Foundation,URF
M6URG,Available,Foundation,URG
M6URH,Available,Foundation,URH
M6URI,Available,Foundation,URI
M6URJ,Available,Foundation,URJ
M6URK,Available,Foundation,URK
M6URL,Available,Foundation,URL
M6URM,Available,Foundation,URM
M6URO,Available,Foundation,URO
M6URP,Available,Foundation,URP
M6URQ,Available,Foundation,URQ
M6URS,Available,Foundation,URS
M6URT,Available,Foundation,URT
M6URV,Available,Foundation,URV
M6URW,Available,Foundation,URW
M6URX,Available,Foundation,URX
M6URY,Available,Foundation,URY
M6USC,Available,Foundation,USC
M6USD,Available,Foundation,USD
M6USF,Available,Foundation,USF
M6USG,Available,Foundation,USG
M6USH,Available,Foundation,USH
M6USI,Available,Foundation,USI
M6USJ,Available,Foundation,USJ
M6USL,Available,Foundation,USL
M6USN,Available,Foundation,USN
M6USO,Available,Foundation,USO
M6USQ,Available,Foundation,USQ
M6USR,Available,Foundation,USR
M6USS,Available,Foundation,USS
M6UST,Available,Foundation,UST
M6USU,Available,Foundation,USU
M6USW,Available,Foundation,USW
M6USX,Available,Foundation,USX
M6USY,Available,Foundation,USY
M6USZ,Available,Foundation,USZ
M6UTB,Available,Foundation,UTB
M6UTE,Available,Foundation,UTE
M6UTF,Available,Foundation,UTF
M6UTG,Available,Foundation,UTG
M6UTH,Available,Foundation,UTH
M6UTJ,Available,Foundation,UTJ
M6UTK,Available,Foundation,UTK
M6UTL,Available,Foundation,UTL
M6UTN,Available,Foundation,UTN
M6UTO,Available,Foundation,UTO
M6UTQ,Available,Foundation,UTQ
M6UTR,Available,Foundation,UTR
M6UTS,Available,Foundation,UTS
M6UTT,Available,Foundation,UTT
M6UTU,Available,Foundation,UTU
M6UTW,Available,Foundation,UTW
M6UTX,Available,Foundation,UTX
M6UTY,Available,Foundation,UTY
M6UTZ,Available,Foundation,UTZ
M6UUA,Available,Foundation,UUA
M6UUB,Available,Foundation,UUB
M6UUC,Available,Foundation,UUC
M6UUD,Available,Foundation,UUD
M6UUE,Available,Foundation,UUE
M6UUF,Available,Foundation,UUF
M6UUG,Available,Foundation,UUG
M6UUH,Available,Foundation,UUH
M6UUI,Available,Foundation,UUI
M6UUJ,Available,Foundation,UUJ
M6UUK,Available,Foundation,UUK
M6UUL,Available,Foundation,UUL
M6UUM,Available,Foundation,UUM
M6UUN,Available,Foundation,UUN
M6UUO,Available,Foundation,UUO
M6UUP,Available,Foundation,UUP
M6UUQ,Available,Foundation,UUQ
M6UUR,Available,Foundation,UUR
M6UUS,Available,Foundation,UUS
M6UUT,Available,Foundation,UUT
M6UUU,Available,Foundation,UUU
M6UUV,Available,Foundation,UUV
M6UUW,Available,Foundation,UUW
M6UUX,Available,Foundation,UUX
M6UUY,Available,Foundation,UUY
M6UUZ,Available,Foundation,UUZ
M6UVA,Available,Foundation,UVA
M6UVC,Available,Foundation,UVC
M6UVD,Available,Foundation,UVD
M6UVE,Available,Foundation,UVE
M6UVG,Available,Foundation,UVG
M6UVH,Available,Foundation,UVH
M6UVI,Available,Foundation,UVI
M6UVJ,Available,Foundation,UVJ
M6UVK,Available,Foundation,UVK
M6UVL,Available,Foundation,UVL
M6UVM,Available,Foundation,UVM
M6UVN,Available,Foundation,UVN
M6UVO,Available,Foundation,UVO
M6UVP,Available,Foundation,UVP
M6UVQ,Available,Foundation,UVQ
M6UVS,Available,Foundation,UVS
M6UVT,Available,Foundation,UVT
M6UVU,Available,Foundation,UVU
M6UVV,Available,Foundation,UVV
M6UVW,Available,Foundation,UVW
M6UVX,Available,Foundation,UVX
M6UVY,Available,Foundation,UVY
M6UVZ,Available,Foundation,UVZ
M6UWA,Available,Foundation,UWA
M6UWB,Available,Foundation,UWB
M6UWC,Available,Foundation,UWC
M6UWD,Available,Foundation,UWD
M6UWE,Available,Foundation,UWE
M6UWF,Available,Foundation,UWF
M6UWG,Available,Foundation,UWG
M6UWH,Available,Foundation,UWH
M6UWI,Available,Foundation,UWI
M6UWJ,Available,Foundation,UWJ
M6UWK,Available,Foundation,UWK
M6UWL,Available,Foundation,UWL
M6UWM,Available,Foundation,UWM
M6UWN,Available,Foundation,UWN
M6UWO,Available,Foundation,UWO
M6UWP,Available,Foundation,UWP
M6UWQ,Available,Foundation,UWQ
M6UWR,Available,Foundation,UWR
M6UWT,Available,Foundation,UWT
M6UWU,Available,Foundation,UWU
M6UWV,Available,Foundation,UWV
M6UWW,Available,Foundation,UWW
M6UWX,Available,Foundation,UWX
M6UWY,Available,Foundation,UWY
M6UWZ,Available,Foundation,UWZ
M6UXA,Available,Foundation,UXA
M6UXC,Available,Foundation,UXC
M6UXD,Available,Foundation,UXD
M6UXE,Available,Foundation,UXE
M6UXF,Available,Foundation,UXF
M6UXG,Available,Foundation,UXG
M6UXI,Available,Foundation,UXI
M6UXJ,Available,Foundation,UXJ
M6UXK,Available,Foundation,UXK
M6UXL,Available,Foundation,UXL
M6UXM,Available,Foundation,UXM
M6UXN,Available,Foundation,UXN
M6UXO,Available,Foundation,UXO
M6UXP,Available,Foundation,UXP
M6UXQ,Available,Foundation,UXQ
M6UXR,Available,Foundation,UXR
M6UXS,Available,Foundation,UXS
M6UXT,Available,Foundation,UXT
M6UXU,Available,Foundation,UXU
M6UXV,Available,Foundation,UXV
M6UXX,Available,Foundation,UXX
M6UXY,Available,Foundation,UXY
M6UXZ,Available,Foundation,UXZ
M6UYA,Available,Foundation,UYA
M6UYB,Available,Foundation,UYB
M6UYC,Available,Foundation,UYC
M6UYD,Available,Foundation,UYD
M6UYE,Available,Foundation,UYE
M6UYF,Available,Foundation,UYF
M6UYG,Available,Foundation,UYG
M6UYH,Available,Foundation,UYH
M6UYI,Available,Foundation,UYI
M6UYJ,Available,Foundation,UYJ
M6UYK,Available,Foundation,UYK
M6UYL,Available,Foundation,UYL
M6UYM,Available,Foundation,UYM
M6UYN,Available,Foundation,UYN
M6UYO,Available,Foundation,UYO
M6UYP,Available,Foundation,UYP
M6UYQ,Available,Foundation,UYQ
M6UYR,Available,Foundation,UYR
M6UYS,Available,Foundation,UYS
M6UYT,Available,Foundation,UYT
M6UYU,Available,Foundation,UYU
M6UYV,Available,Foundation,UYV
M6UYW,Available,Foundation,UYW
M6UYX,Available,Foundation,UYX
M6UYY,Available,Foundation,UYY
M6UYZ,Available,Foundation,UYZ
M6UZA,Available,Foundation,UZA
M6UZB,Available,Foundation,UZB
M6UZC,Available,Foundation,UZC
M6UZD,Available,Foundation,UZD
M6UZE,Available,Foundation,UZE
M6UZF,Available,Foundation,UZF
M6UZG,Available,Foundation,UZG
M6UZH,Available,Foundation,UZH
M6UZI,Available,Foundation,UZI
M6UZJ,Available,Foundation,UZJ
M6UZL,Available,Foundation,UZL
M6UZM,Available,Foundation,UZM
M6UZN,Available,Foundation,UZN
M6UZO,Available,Foundation,UZO
M6UZP,Available,Foundation,UZP
M6UZQ,Available,Foundation,UZQ
M6UZR,Available,Foundation,UZR
M6UZS,Available,Foundation,UZS
M6UZT,Available,Foundation,UZT
M6UZU,Available,Foundation,UZU
M6UZV,Available,Foundation,UZV
M6UZW,Available,Foundation,UZW
M6UZX,Available,Foundation,UZX
M6UZY,Available,Foundation,UZY
M6UZZ,Available,Foundation,UZZ
M6VAH,Available,Foundation,VAH
M6VAI,Available,Foundation,VAI
M6VAJ,Available,Foundation,VAJ
M6VAO,Available,Foundation,VAO
M6VAP,Available,Foundation,VAP
M6VAQ,Available,Foundation,VAQ
M6VAR,Available,Foundation,VAR
M6VAW,Available,Foundation,VAW
M6VAX,Available,Foundation,VAX
M6VAY,Available,Foundation,VAY
M6VAZ,Available,Foundation,VAZ
M6VBA,Available,Foundation,VBA
M6VBB,Available,Foundation,VBB
M6VBC,Available,Foundation,VBC
M6VBE,Available,Foundation,VBE
M6VBH,Available,Foundation,VBH
M6VBI,Available,Foundation,VBI
M6VBJ,Available,Foundation,VBJ
M6VBK,Available,Foundation,VBK
M6VBL,Available,Foundation,VBL
M6VBN,Available,Foundation,VBN
M6VBO,Available,Foundation,VBO
M6VBQ,Available,Foundation,VBQ
M6VBS,Available,Foundation,VBS
M6VBT,Available,Foundation,VBT
M6VBU,Available,Foundation,VBU
M6VBV,Available,Foundation,VBV
M6VBW,Available,Foundation,VBW
M6VBX,Available,Foundation,VBX
M6VBY,Available,Foundation,VBY
M6VBZ,Available,Foundation,VBZ
M6VCB,Available,Foundation,VCB
M6VCC,Available,Foundation,VCC
M6VCF,Available,Foundation,VCF
M6VCG,Available,Foundation,VCG
M6VCH,Available,Foundation,VCH
M6VCI,Available,Foundation,VCI
M6VCJ,Available,Foundation,VCJ
M6VCL,Available,Foundation,VCL
M6VCN,Available,Foundation,VCN
M6VCQ,Available,Foundation,VCQ
M6VCR,Available,Foundation,VCR
M6VCU,Available,Foundation,VCU
M6VCV,Available,Foundation,VCV
M6VCW,Available,Foundation,VCW
M6VCX,Available,Foundation,VCX
M6VCY,Available,Foundation,VCY
M6VCZ,Available,Foundation,VCZ
M6VDA,Available,Foundation,VDA
M6VDD,Available,Foundation,VDD
M6VDF,Available,Foundation,VDF
M6VDG,Available,Foundation,VDG
M6VDH,Available,Foundation,VDH
M6VDI,Available,Foundation,VDI
M6VDJ,Available,Foundation,VDJ
M6VDK,Available,Foundation,VDK
M6VDL,Available,Foundation,VDL
M6VDM,Available,Foundation,VDM
M6VDO,Available,Foundation,VDO
M6VDP,Available,Foundation,VDP
M6VDQ,Available,Foundation,VDQ
M6VDS,Available,Foundation,VDS
M6VDT,Available,Foundation,VDT
M6VDU,Available,Foundation,VDU
M6VDV,Available,Foundation,VDV
M6VDW,Available,Foundation,VDW
M6VDY,Available,Foundation,VDY
M6VDZ,Available,Foundation,VDZ
M6VEA,Available,Foundation,VEA
M6VED,Available,Foundation,VED
M6VEE,Available,Foundation,VEE
M6VEF,Available,Foundation,VEF
M6VEH,Available,Foundation,VEH
M6VEI,Available,Foundation,VEI
M6VEJ,Available,Foundation,VEJ
M6VEK,Available,Foundation,VEK
M6VEL,Available,Foundation,VEL
M6VEM,Available,Foundation,VEM
M6VEO,Available,Foundation,VEO
M6VEP,Available,Foundation,VEP
M6VEQ,Available,Foundation,VEQ
M6VES,Available,Foundation,VES
M6VET,Available,Foundation,VET
M6VEU,Available,Foundation,VEU
M6VEV,Available,Foundation,VEV
M6VEW,Available,Foundation,VEW
M6VEX,Available,Foundation,VEX
M6VEZ,Available,Foundation,VEZ
M6VFA,Available,Foundation,VFA
M6VFB,Available,Foundation,VFB
M6VFD,Available,Foundation,VFD
M6VFE,Available,Foundation,VFE
M6VFF,Available,Foundation,VFF
M6VFG,Available,Foundation,VFG
M6VFH,Available,Foundation,VFH
M6VFI,Available,Foundation,VFI
M6VFJ,Available,Foundation,VFJ
M6VFK,Available,Foundation,VFK
M6VFL,Available,Foundation,VFL
M6VFM,Available,Foundation,VFM
M6VFN,Available,Foundation,VFN
M6VFP,Available,Foundation,VFP
M6VFQ,Available,Foundation,VFQ
M6VFS,Available,Foundation,VFS
M6VFT,Available,Foundation,VFT
M6VFU,Available,Foundation,VFU
M6VFV,Available,Foundation,VFV
M6VFW,Available,Foundation,VFW
M6VFX,Available,Foundation,VFX
M6VFY,Available,Foundation,VFY
M6VFZ,Available,Foundation,VFZ
M6VGA,Available,Foundation,VGA
M6VGB,Available,Foundation,VGB
M6VGC,Available,Foundation,VGC
M6VGD,Available,Foundation,VGD
M6VGF,Available,Foundation,VGF
M6VGH,Available,Foundation,VGH
M6VGI,Available,Foundation,VGI
M6VGJ,Available,Foundation,VGJ
M6VGK,Available,Foundation,VGK
M6VGL,Available,Foundation,VGL
M6VGM,Available,Foundation,VGM
M6VGN,Available,Foundation,VGN
M6VGO,Available,Foundation,VGO
M6VGP,Available,Foundation,VGP
M6VGQ,Available,Foundation,VGQ
M6VGR,Available,Foundation,VGR
M6VGS,Available,Foundation,VGS
M6VGT,Available,Foundation,VGT
M6VGV,Available,Foundation,VGV
M6VGW,Available,Foundation,VGW
M6VGX,Available,Foundation,VGX
M6VGY,Available,Foundation,VGY
M6VGZ,Available,Foundation,VGZ
M6VHA,Available,Foundation,VHA
M6VHB,Available,Foundation,VHB
M6VHE,Available,Foundation,VHE
M6VHG,Available,Foundation,VHG
M6VHH,Available,Foundation,VHH
M6VHI,Available,Foundation,VHI
M6VHJ,Available,Foundation,VHJ
M6VHK,Available,Foundation,VHK
M6VHL,Available,Foundation,VHL
M6VHM,Available,Foundation,VHM
M6VHN,Available,Foundation,VHN
M6VHO,Available,Foundation,VHO
M6VHP,Available,Foundation,VHP
M6VHQ,Available,Foundation,VHQ
M6VHR,Available,Foundation,VHR
M6VHT,Available,Foundation,VHT
M6VHU,Available,Foundation,VHU
M6VHV,Available,Foundation,VHV
M6VHW,Available,Foundation,VHW
M6VHX,Available,Foundation,VHX
M6VHY,Available,Foundation,VHY
M6VHZ,Available,Foundation,VHZ
M6VIA,Available,Foundation,VIA
M6VIB,Available,Foundation,VIB
M6VID,Available,Foundation,VID
M6VIE,Available,Foundation,VIE
M6VIF,Available,Foundation,VIF
M6VIG,Available,Foundation,VIG
M6VIH,Available,Foundation,VIH
M6VII,Available,Foundation,VII
M6VIJ,Available,Foundation,VIJ
M6VIO,Available,Foundation,VIO
M6VIQ,Available,Foundation,VIQ
M6VIT,Available,Foundation,VIT
M6VIU,Available,Foundation,VIU
M6VIW,Available,Foundation,VIW
M6VIY,Available,Foundation,VIY
M6VJA,Available,Foundation,VJA
M6VJB,Available,Foundation,VJB
M6VJC,Available,Foundation,VJC
M6VJD,Available,Foundation,VJD
M6VJE,Available,Foundation,VJE
M6VJF,Available,Foundation,VJF
M6VJG,Available,Foundation,VJG
M6VJH,Available,Foundation,VJH
M6VJI,Available,Foundation,VJI
M6VJJ,Available,Foundation,VJJ
M6VJL,Available,Foundation,VJL
M6VJM,Available,Foundation,VJM
M6VJN,Available,Foundation,VJN
M6VJO,Available,Foundation,VJO
M6VJP,Available,Foundation,VJP
M6VJQ,Available,Foundation,VJQ
M6VJR,Available,Foundation,VJR
M6VJS,Available,Foundation,VJS
M6VJT,Available,Foundation,VJT
M6VJU,Available,Foundation,VJU
M6VJV,Available,Foundation,VJV
M6VJW,Available,Foundation,VJW
M6VJX,Available,Foundation,VJX
M6VJY,Available,Foundation,VJY
M6VJZ,Available,Foundation,VJZ
M6VKA,Available,Foundation,VKA
M6VKB,Available,Foundation,VKB
M6VKC,Available,Foundation,VKC
M6VKD,Available,Foundation,VKD
M6VKF,Available,Foundation,VKF
M6VKH,Available,Foundation,VKH
M6VKI,Available,Foundation,VKI
M6VKJ,Available,Foundation,VKJ
M6VKK,Available,Foundation,VKK
M6VKL,Available,Foundation,VKL
M6VKM,Available,Foundation,VKM
M6VKO,Available,Foundation,VKO
M6VKP,Available,Foundation,VKP
M6VKQ,Available,Foundation,VKQ
M6VKR,Available,Foundation,VKR
M6VKS,Available,Foundation,VKS
M6VKT,Available,Foundation,VKT
M6VKU,Available,Foundation,VKU
M6VKW,Available,Foundation,VKW
M6VKX,Available,Foundation,VKX
M6VKZ,Available,Foundation,VKZ
M6VLB,Available,Foundation,VLB
M6VLD,Available,Foundation,VLD
M6VLE,Available,Foundation,VLE
M6VLG,Available,Foundation,VLG
M6VLH,Available,Foundation,VLH
M6VLI,Available,Foundation,VLI
M6VLJ,Available,Foundation,VLJ
M6VLK,Available,Foundation,VLK
M6VLL,Available,Foundation,VLL
M6VLM,Available,Foundation,VLM
M6VLN,Available,Foundation,VLN
M6VLO,Available,Foundation,VLO
M6VLP,Available,Foundation,VLP
M6VLQ,Available,Foundation,VLQ
M6VLR,Available,Foundation,VLR
M6VLS,Available,Foundation,VLS
M6VLT,Available,Foundation,VLT
M6VLU,Available,Foundation,VLU
M6VLW,Available,Foundation,VLW
M6VLX,Available,Foundation,VLX
M6VLY,Available,Foundation,VLY
M6VLZ,Available,Foundation,VLZ
M6VMB,Available,Foundation,VMB
M6VMC,Available,Foundation,VMC
M6VMD,Available,Foundation,VMD
M6VME,Available,Foundation,VME
M6VMF,Available,Foundation,VMF
M6VMH,Available,Foundation,VMH
M6VMI,Available,Foundation,VMI
M6VMJ,Available,Foundation,VMJ
M6VMK,Available,Foundation,VMK
M6VML,Available,Foundation,VML
M6VMM,Available,Foundation,VMM
M6VMN,Available,Foundation,VMN
M6VMO,Available,Foundation,VMO
M6VMQ,Available,Foundation,VMQ
M6VMR,Available,Foundation,VMR
M6VMS,Available,Foundation,VMS
M6VMT,Available,Foundation,VMT
M6VMU,Available,Foundation,VMU
M6VMV,Available,Foundation,VMV
M6VMX,Available,Foundation,VMX
M6VMY,Available,Foundation,VMY
M6VNA,Available,Foundation,VNA
M6VNB,Available,Foundation,VNB
M6VNC,Available,Foundation,VNC
M6VND,Available,Foundation,VND
M6VNF,Available,Foundation,VNF
M6VNG,Available,Foundation,VNG
M6VNH,Available,Foundation,VNH
M6VNI,Available,Foundation,VNI
M6VNJ,Available,Foundation,VNJ
M6VNK,Available,Foundation,VNK
M6VNL,Available,Foundation,VNL
M6VNM,Available,Foundation,VNM
M6VNN,Available,Foundation,VNN
M6VNO,Available,Foundation,VNO
M6VNQ,Available,Foundation,VNQ
M6VNR,Available,Foundation,VNR
M6VNS,Available,Foundation,VNS
M6VNT,Available,Foundation,VNT
M6VNU,Available,Foundation,VNU
M6VNV,Available,Foundation,VNV
M6VNW,Available,Foundation,VNW
M6VNX,Available,Foundation,VNX
M6VNY,Available,Foundation,VNY
M6VNZ,Available,Foundation,VNZ
M6VOA,Available,Foundation,VOA
M6VOB,Available,Foundation,VOB
M6VOD,Available,Foundation,VOD
M6VOF,Available,Foundation,VOF
M6VOG,Available,Foundation,VOG
M6VOH,Available,Foundation,VOH
M6VOI,Available,Foundation,VOI
M6VOK,Available,Foundation,VOK
M6VOM,Available,Foundation,VOM
M6VOO,Available,Foundation,VOO
M6VOQ,Available,Foundation,VOQ
M6VOR,Available,Foundation,VOR
M6VOT,Available,Foundation,VOT
M6VOU,Available,Foundation,VOU
M6VOV,Available,Foundation,VOV
M6VOZ,Available,Foundation,VOZ
M6VPA,Available,Foundation,VPA
M6VPB,Available,Foundation,VPB
M6VPD,Available,Foundation,VPD
M6VPE,Available,Foundation,VPE
M6VPF,Available,Foundation,VPF
M6VPH,Available,Foundation,VPH
M6VPI,Available,Foundation,VPI
M6VPJ,Available,Foundation,VPJ
M6VPL,Available,Foundation,VPL
M6VPM,Available,Foundation,VPM
M6VPN,Available,Foundation,VPN
M6VPO,Available,Foundation,VPO
M6VPP,Available,Foundation,VPP
M6VPQ,Available,Foundation,VPQ
M6VPR,Available,Foundation,VPR
M6VPS,Available,Foundation,VPS
M6VPU,Available,Foundation,VPU
M6VPV,Available,Foundation,VPV
M6VPW,Available,Foundation,VPW
M6VPX,Available,Foundation,VPX
M6VPY,Available,Foundation,VPY
M6VQA,Available,Foundation,VQA
M6VQB,Available,Foundation,VQB
M6VQC,Available,Foundation,VQC
M6VQD,Available,Foundation,VQD
M6VQE,Available,Foundation,VQE
M6VQF,Available,Foundation,VQF
M6VQG,Available,Foundation,VQG
M6VQH,Available,Foundation,VQH
M6VQI,Available,Foundation,VQI
M6VQJ,Available,Foundation,VQJ
M6VQK,Available,Foundation,VQK
M6VQL,Available,Foundation,VQL
M6VQM,Available,Foundation,VQM
M6VQN,Available,Foundation,VQN
M6VQO,Available,Foundation,VQO
M6VQP,Available,Foundation,VQP
M6VQQ,Available,Foundation,VQQ
M6VQR,Available,Foundation,VQR
M6VQS,Available,Foundation,VQS
M6VQT,Available,Foundation,VQT
M6VQU,Available,Foundation,VQU
M6VQW,Available,Foundation,VQW
M6VQX,Available,Foundation,VQX
M6VQY,Available,Foundation,VQY
M6VQZ,Available,Foundation,VQZ
M6VRA,Available,Foundation,VRA
M6VRB,Available,Foundation,VRB
M6VRC,Available,Foundation,VRC
M6VRE,Available,Foundation,VRE
M6VRF,Available,Foundation,VRF
M6VRG,Available,Foundation,VRG
M6VRH,Available,Foundation,VRH
M6VRI,Available,Foundation,VRI
M6VRJ,Available,Foundation,VRJ
M6VRK,Available,Foundation,VRK
M6VRL,Available,Foundation,VRL
M6VRM,Available,Foundation,VRM
M6VRN,Available,Foundation,VRN
M6VRP,Available,Foundation,VRP
M6VRQ,Available,Foundation,VRQ
M6VRR,Available,Foundation,VRR
M6VRT,Available,Foundation,VRT
M6VRU,Available,Foundation,VRU
M6VRV,Available,Foundation,VRV
M6VRW,Available,Foundation,VRW
M6VRX,Available,Foundation,VRX
M6VRY,Available,Foundation,VRY
M6VRZ,Available,Foundation,VRZ
M6VSC,Available,Foundation,VSC
M6VSD,Available,Foundation,VSD
M6VSE,Available,Foundation,VSE
M6VSF,Available,Foundation,VSF
M6VSG,Available,Foundation,VSG
M6VSH,Available,Foundation,VSH
M6VSI,Available,Foundation,VSI
M6VSJ,Available,Foundation,VSJ
M6VSK,Available,Foundation,VSK
M6VSL,Available,Foundation,VSL
M6VSM,Available,Foundation,VSM
M6VSN,Available,Foundation,VSN
M6VSO,Available,Foundation,VSO
M6VSQ,Available,Foundation,VSQ
M6VSR,Available,Foundation,VSR
M6VSS,Available,Foundation,VSS
M6VST,Available,Foundation,VST
M6VSU,Available,Foundation,VSU
M6VSV,Available,Foundation,VSV
M6VSW,Available,Foundation,VSW
M6VSX,Available,Foundation,VSX
M6VSY,Available,Foundation,VSY
M6VSZ,Available,Foundation,VSZ
M6VTA,Available,Foundation,VTA
M6VTB,Available,Foundation,VTB
M6VTD,Available,Foundation,VTD
M6VTE,Available,Foundation,VTE
M6VTF,Available,Foundation,VTF
M6VTG,Available,Foundation,VTG
M6VTH,Available,Foundation,VTH
M6VTI,Available,Foundation,VTI
M6VTJ,Available,Foundation,VTJ
M6VTK,Available,Foundation,VTK
M6VTM,Available,Foundation,VTM
M6VTN,Available,Foundation,VTN
M6VTO,Available,Foundation,VTO
M6VTP,Available,Foundation,VTP
M6VTQ,Available,Foundation,VTQ
M6VTR,Available,Foundation,VTR
M6VTT,Available,Foundation,VTT
M6VTU,Available,Foundation,VTU
M6VTV,Available,Foundation,VTV
M6VTW,Available,Foundation,VTW
M6VTY,Available,Foundation,VTY
M6VTZ,Available,Foundation,VTZ
M6VUA,Available,Foundation,VUA
M6VUB,Available,Foundation,VUB
M6VUC,Available,Foundation,VUC
M6VUD,Available,Foundation,VUD
M6VUE,Available,Foundation,VUE
M6VUF,Available,Foundation,VUF
M6VUG,Available,Foundation,VUG
M6VUH,Available,Foundation,VUH
M6VUI,Available,Foundation,VUI
M6VUJ,Available,Foundation,VUJ
M6VUK,Available,Foundation,VUK
M6VUM,Available,Foundation,VUM
M6VUN,Available,Foundation,VUN
M6VUO,Available,Foundation,VUO
M6VUP,Available,Foundation,VUP
M6VUQ,Available,Foundation,VUQ
M6VUR,Available,Foundation,VUR
M6VUS,Available,Foundation,VUS
M6VUT,Available,Foundation,VUT
M6VUU,Available,Foundation,VUU
M6VUW,Available,Foundation,VUW
M6VUX,Available,Foundation,VUX
M6VUY,Available,Foundation,VUY
M6VUZ,Available,Foundation,VUZ
M6VVA,Available,Foundation,VVA
M6VVB,Available,Foundation,VVB
M6VVD,Available,Foundation,VVD
M6VVE,Available,Foundation,VVE
M6VVF,Available,Foundation,VVF
M6VVG,Available,Foundation,VVG
M6VVH,Available,Foundation,VVH
M6VVI,Available,Foundation,VVI
M6VVJ,Available,Foundation,VVJ
M6VVK,Available,Foundation,VVK
M6VVM,Available,Foundation,VVM
M6VVO,Available,Foundation,VVO
M6VVQ,Available,Foundation,VVQ
M6VVR,Available,Foundation,VVR
M6VVS,Available,Foundation,VVS
M6VVU,Available,Foundation,VVU
M6VVX,Available,Foundation,VVX
M6VVY,Available,Foundation,VVY
M6VVZ,Available,Foundation,VVZ
M6VWC,Available,Foundation,VWC
M6VWD,Available,Foundation,VWD
M6VWE,Available,Foundation,VWE
M6VWF,Available,Foundation,VWF
M6VWH,Available,Foundation,VWH
M6VWI,Available,Foundation,VWI
M6VWJ,Available,Foundation,VWJ
M6VWK,Available,Foundation,VWK
M6VWL,Available,Foundation,VWL
M6VWM,Available,Foundation,VWM
M6VWO,Available,Foundation,VWO
M6VWQ,Available,Foundation,VWQ
M6VWR,Available,Foundation,VWR
M6VWS,Available,Foundation,VWS
M6VWU,Available,Foundation,VWU
M6VWV,Available,Foundation,VWV
M6VWW,Available,Foundation,VWW
M6VWX,Available,Foundation,VWX
M6VWY,Available,Foundation,VWY
M6VWZ,Available,Foundation,VWZ
M6VXA,Available,Foundation,VXA
M6VXB,Available,Foundation,VXB
M6VXC,Available,Foundation,VXC
M6VXD,Available,Foundation,VXD
M6VXE,Available,Foundation,VXE
M6VXF,Available,Foundation,VXF
M6VXG,Available,Foundation,VXG
M6VXH,Available,Foundation,VXH
M6VXJ,Available,Foundation,VXJ
M6VXK,Available,Foundation,VXK
M6VXL,Available,Foundation,VXL
M6VXM,Available,Foundation,VXM
M6VXN,Available,Foundation,VXN
M6VXP,Available,Foundation,VXP
M6VXQ,Available,Foundation,VXQ
M6VXS,Available,Foundation,VXS
M6VXT,Available,Foundation,VXT
M6VXU,Available,Foundation,VXU
M6VXV,Available,Foundation,VXV
M6VXW,Available,Foundation,VXW
M6VXX,Available,Foundation,VXX
M6VXY,Available,Foundation,VXY
M6VXZ,Available,Foundation,VXZ
M6VYA,Available,Foundation,VYA
M6VYB,Available,Foundation,VYB
M6VYC,Available,Foundation,VYC
M6VYD,Available,Foundation,VYD
M6VYE,Available,Foundation,VYE
M6VYF,Available,Foundation,VYF
M6VYG,Available,Foundation,VYG
M6VYH,Available,Foundation,VYH
M6VYI,Available,Foundation,VYI
M6VYJ,Available,Foundation,VYJ
M6VYK,Available,Foundation,VYK
M6VYL,Available,Foundation,VYL
M6VYM,Available,Foundation,VYM
M6VYN,Available,Foundation,VYN
M6VYO,Available,Foundation,VYO
M6VYP,Available,Foundation,VYP
M6VYQ,Available,Foundation,VYQ
M6VYR,Available,Foundation,VYR
M6VYS,Available,Foundation,VYS
M6VYT,Available,Foundation,VYT
M6VYU,Available,Foundation,VYU
M6VYV,Available,Foundation,VYV
M6VYW,Available,Foundation,VYW
M6VYX,Available,Foundation,VYX
M6VYY,Available,Foundation,VYY
M6VZA,Available,Foundation,VZA
M6VZB,Available,Foundation,VZB
M6VZC,Available,Foundation,VZC
M6VZD,Available,Foundation,VZD
M6VZE,Available,Foundation,VZE
M6VZF,Available,Foundation,VZF
M6VZG,Available,Foundation,VZG
M6VZH,Available,Foundation,VZH
M6VZI,Available,Foundation,VZI
M6VZJ,Available,Foundation,VZJ
M6VZK,Available,Foundation,VZK
M6VZL,Available,Foundation,VZL
M6VZM,Available,Foundation,VZM
M6VZN,Available,Foundation,VZN
M6VZO,Available,Foundation,VZO
M6VZP,Available,Foundation,VZP
M6VZQ,Available,Foundation,VZQ
M6VZR,Available,Foundation,VZR
M6VZS,Available,Foundation,VZS
M6VZT,Available,Foundation,VZT
M6VZU,Available,Foundation,VZU
M6VZV,Available,Foundation,VZV
M6VZW,Available,Foundation,VZW
M6VZX,Available,Foundation,VZX
M6VZY,Available,Foundation,VZY
M6VZZ,Available,Foundation,VZZ
M6WBG,Available,Foundation,WBG
M6WBP,Available,Foundation,WBP
M6WBQ,Available,Foundation,WBQ
M6WBV,Available,Foundation,WBV
M6WBW,Available,Foundation,WBW
M6WBZ,Available,Foundation,WBZ
M6WCB,Available,Foundation,WCB
M6WCF,Available,Foundation,WCF
M6WCG,Available,Foundation,WCG
M6WCH,Available,Foundation,WCH
M6WCI,Available,Foundation,WCI
M6WCJ,Available,Foundation,WCJ
M6WCK,Available,Foundation,WCK
M6WCL,Available,Foundation,WCL
M6WCM,Available,Foundation,WCM
M6WCN,Available,Foundation,WCN
M6WCO,Available,Foundation,WCO
M6WCP,Available,Foundation,WCP
M6WCQ,Available,Foundation,WCQ
M6WCS,Available,Foundation,WCS
M6WCU,Available,Foundation,WCU
M6WCV,Available,Foundation,WCV
M6WCX,Available,Foundation,WCX
M6WCY,Available,Foundation,WCY
M6WCZ,Available,Foundation,WCZ
M6WDA,Available,Foundation,WDA
M6WDF,Available,Foundation,WDF
M6WDG,Available,Foundation,WDG
M6WDH,Available,Foundation,WDH
M6WDI,Available,Foundation,WDI
M6WDK,Available,Foundation,WDK
M6WDN,Available,Foundation,WDN
M6WDO,Available,Foundation,WDO
M6WDQ,Available,Foundation,WDQ
M6WDU,Available,Foundation,WDU
M6WDV,Available,Foundation,WDV
M6WDZ,Available,Foundation,WDZ
M6WEA,Available,Foundation,WEA
M6WEF,Available,Foundation,WEF
M6WEH,Available,Foundation,WEH
M6WEI,Available,Foundation,WEI
M6WEK,Available,Foundation,WEK
M6WEO,Available,Foundation,WEO
M6WEP,Available,Foundation,WEP
M6WEQ,Available,Foundation,WEQ
M6WEU,Available,Foundation,WEU
M6WFB,Available,Foundation,WFB
M6WFF,Available,Foundation,WFF
M6WFG,Available,Foundation,WFG
M6WFH,Available,Foundation,WFH
M6WFI,Available,Foundation,WFI
M6WFJ,Available,Foundation,WFJ
M6WFK,Available,Foundation,WFK
M6WFL,Available,Foundation,WFL
M6WFM,Available,Foundation,WFM
M6WFN,Available,Foundation,WFN
M6WFP,Available,Foundation,WFP
M6WFQ,Available,Foundation,WFQ
M6WFR,Available,Foundation,WFR
M6WFS,Available,Foundation,WFS
M6WFT,Available,Foundation,WFT
M6WFU,Available,Foundation,WFU
M6WFV,Available,Foundation,WFV
M6WFW,Available,Foundation,WFW
M6WFX,Available,Foundation,WFX
M6WFY,Available,Foundation,WFY
M6WFZ,Available,Foundation,WFZ
M6WGB,Available,Foundation,WGB
M6WGC,Available,Foundation,WGC
M6WGE,Available,Foundation,WGE
M6WGF,Available,Foundation,WGF
M6WGG,Available,Foundation,WGG
M6WGH,Available,Foundation,WGH
M6WGI,Available,Foundation,WGI
M6WGJ,Available,Foundation,WGJ
M6WGN,Available,Foundation,WGN
M6WGO,Available,Foundation,WGO
M6WGP,Available,Foundation,WGP
M6WGQ,Available,Foundation,WGQ
M6WGR,Available,Foundation,WGR
M6WGS,Available,Foundation,WGS
M6WGT,Available,Foundation,WGT
M6WGU,Available,Foundation,WGU
M6WGV,Available,Foundation,WGV
M6WGW,Available,Foundation,WGW
M6WGX,Available,Foundation,WGX
M6WGY,Available,Foundation,WGY
M6WGZ,Available,Foundation,WGZ
M6WHA,Available,Foundation,WHA
M6WHB,Available,Foundation,WHB
M6WHD,Available,Foundation,WHD
M6WHE,Available,Foundation,WHE
M6WHF,Available,Foundation,WHF
M6WHG,Available,Foundation,WHG
M6WHH,Available,Foundation,WHH
M6WHI,Available,Foundation,WHI
M6WHJ,Available,Foundation,WHJ
M6WHK,Available,Foundation,WHK
M6WHL,Available,Foundation,WHL
M6WHM,Available,Foundation,WHM
M6WHQ,Available,Foundation,WHQ
M6WHS,Available,Foundation,WHS
M6WHV,Available,Foundation,WHV
M6WHX,Available,Foundation,WHX
M6WHZ,Available,Foundation,WHZ
M6WIB,Available,Foundation,WIB
M6WID,Available,Foundation,WID
M6WIE,Available,Foundation,WIE
M6WIF,Available,Foundation,WIF
M6WIH,Available,Foundation,WIH
M6WII,Available,Foundation,WII
M6WIJ,Available,Foundation,WIJ
M6WIK,Available,Foundation,WIK
M6WIM,Available,Foundation,WIM
M6WIO,Available,Foundation,WIO
M6WIQ,Available,Foundation,WIQ
M6WIR,Available,Foundation,WIR
M6WIS,Available,Foundation,WIS
M6WIU,Available,Foundation,WIU
M6WIV,Available,Foundation,WIV
M6WIW,Available,Foundation,WIW
M6WIX,Available,Foundation,WIX
M6WIY,Available,Foundation,WIY
M6WJD,Available,Foundation,WJD
M6WJE,Available,Foundation,WJE
M6WJG,Available,Foundation,WJG
M6WJI,Available,Foundation,WJI
M6WJM,Available,Foundation,WJM
M6WJQ,Available,Foundation,WJQ
M6WJT,Available,Foundation,WJT
M6WJU,Available,Foundation,WJU
M6WJX,Available,Foundation,WJX
M6WJY,Available,Foundation,WJY
M6WJZ,Available,Foundation,WJZ
M6WKB,Available,Foundation,WKB
M6WKC,Available,Foundation,WKC
M6WKG,Available,Foundation,WKG
M6WKH,Available,Foundation,WKH
M6WKI,Available,Foundation,WKI
M6WKJ,Available,Foundation,WKJ
M6WKK,Available,Foundation,WKK
M6WKM,Available,Foundation,WKM
M6WKO,Available,Foundation,WKO
M6WKP,Available,Foundation,WKP
M6WKQ,Available,Foundation,WKQ
M6WKU,Available,Foundation,WKU
M6WKV,Available,Foundation,WKV
M6WKW,Available,Foundation,WKW
M6WKX,Available,Foundation,WKX
M6WLE,Available,Foundation,WLE
M6WLG,Available,Foundation,WLG
M6WLI,Available,Foundation,WLI
M6WLJ,Available,Foundation,WLJ
M6WLN,Available,Foundation,WLN
M6WLO,Available,Foundation,WLO
M6WLP,Available,Foundation,WLP
M6WLQ,Available,Foundation,WLQ
M6WLR,Available,Foundation,WLR
M6WLT,Available,Foundation,WLT
M6WLU,Available,Foundation,WLU
M6WLV,Available,Foundation,WLV
M6WLW,Available,Foundation,WLW
M6WLX,Available,Foundation,WLX
M6WLZ,Available,Foundation,WLZ
M6WME,Available,Foundation,WME
M6WMF,Available,Foundation,WMF
M6WMG,Available,Foundation,WMG
M6WMH,Available,Foundation,WMH
M6WMI,Available,Foundation,WMI
M6WMK,Available,Foundation,WMK
M6WML,Available,Foundation,WML
M6WMN,Available,Foundation,WMN
M6WMQ,Available,Foundation,WMQ
M6WMS,Available,Foundation,WMS
M6WMU,Available,Foundation,WMU
M6WMW,Available,Foundation,WMW
M6WMX,Available,Foundation,WMX
M6WMY,Available,Foundation,WMY
M6WNA,Available,Foundation,WNA
M6WNB,Available,Foundation,WNB
M6WND,Available,Foundation,WND
M6WNF,Available,Foundation,WNF
M6WNH,Available,Foundation,WNH
M6WNI,Available,Foundation,WNI
M6WNJ,Available,Foundation,WNJ
M6WNL,Available,Foundation,WNL
M6WNN,Available,Foundation,WNN
M6WNO,Available,Foundation,WNO
M6WNP,Available,Foundation,WNP
M6WNQ,Available,Foundation,WNQ
M6WNR,Available,Foundation,WNR
M6WNS,Available,Foundation,WNS
M6WNT,Available,Foundation,WNT
M6WNU,Available,Foundation,WNU
M6WNV,Available,Foundation,WNV
M6WNW,Available,Foundation,WNW
M6WNX,Available,Foundation,WNX
M6WNY,Available,Foundation,WNY
M6WNZ,Available,Foundation,WNZ
M6WOA,Available,Foundation,WOA
M6WOB,Available,Foundation,WOB
M6WOC,Available,Foundation,WOC
M6WOE,Available,Foundation,WOE
M6WOH,Available,Foundation,WOH
M6WOI,Available,Foundation,WOI
M6WOJ,Available,Foundation,WOJ
M6WOK,Available,Foundation,WOK
M6WON,Available,Foundation,WON
M6WOQ,Available,Foundation,WOQ
M6WOS,Available,Foundation,WOS
M6WOU,Available,Foundation,WOU
M6WOX,Available,Foundation,WOX
M6WOY,Available,Foundation,WOY
M6WPA,Available,Foundation,WPA
M6WPB,Available,Foundation,WPB
M6WPC,Available,Foundation,WPC
M6WPD,Available,Foundation,WPD
M6WPE,Available,Foundation,WPE
M6WPF,Available,Foundation,WPF
M6WPI,Available,Foundation,WPI
M6WPJ,Available,Foundation,WPJ
M6WPK,Available,Foundation,WPK
M6WPL,Available,Foundation,WPL
M6WPN,Available,Foundation,WPN
M6WPO,Available,Foundation,WPO
M6WPP,Available,Foundation,WPP
M6WPQ,Available,Foundation,WPQ
M6WPR,Available,Foundation,WPR
M6WPS,Available,Foundation,WPS
M6WPU,Available,Foundation,WPU
M6WPV,Available,Foundation,WPV
M6WPX,Available,Foundation,WPX
M6WPY,Available,Foundation,WPY
M6WQA,Available,Foundation,WQA
M6WQB,Available,Foundation,WQB
M6WQC,Available,Foundation,WQC
M6WQD,Available,Foundation,WQD
M6WQE,Available,Foundation,WQE
M6WQF,Available,Foundation,WQF
M6WQG,Available,Foundation,WQG
M6WQH,Available,Foundation,WQH
M6WQI,Available,Foundation,WQI
M6WQJ,Available,Foundation,WQJ
M6WQK,Available,Foundation,WQK
M6WQL,Available,Foundation,WQL
M6WQM,Available,Foundation,WQM
M6WQN,Available,Foundation,WQN
M6WQO,Available,Foundation,WQO
M6WQP,Available,Foundation,WQP
M6WQQ,Available,Foundation,WQQ
M6WQR,Available,Foundation,WQR
M6WQS,Available,Foundation,WQS
M6WQT,Available,Foundation,WQT
M6WQU,Available,Foundation,WQU
M6WQV,Available,Foundation,WQV
M6WQX,Available,Foundation,WQX
M6WQY,Available,Foundation,WQY
M6WQZ,Available,Foundation,WQZ
M6WRA,Available,Foundation,WRA
M6WRF,Available,Foundation,WRF
M6WRH,Available,Foundation,WRH
M6WRI,Available,Foundation,WRI
M6WRL,Available,Foundation,WRL
M6WRP,Available,Foundation,WRP
M6WRQ,Available,Foundation,WRQ
M6WRR,Available,Foundation,WRR
M6WRS,Available,Foundation,WRS
M6WRU,Available,Foundation,WRU
M6WRV,Available,Foundation,WRV
M6WRW,Available,Foundation,WRW
M6WSA,Available,Foundation,WSA
M6WSE,Available,Foundation,WSE
M6WSF,Available,Foundation,WSF
M6WSI,Available,Foundation,WSI
M6WSJ,Available,Foundation,WSJ
M6WSL,Available,Foundation,WSL
M6WSO,Available,Foundation,WSO
M6WSP,Available,Foundation,WSP
M6WSQ,Available,Foundation,WSQ
M6WSR,Available,Foundation,WSR
M6WSS,Available,Foundation,WSS
M6WSU,Available,Foundation,WSU
M6WSV,Available,Foundation,WSV
M6WSW,Available,Foundation,WSW
M6WSY,Available,Foundation,WSY
M6WSZ,Available,Foundation,WSZ
M6WTB,Available,Foundation,WTB
M6WTI,Available,Foundation,WTI
M6WTJ,Available,Foundation,WTJ
M6WTK,Available,Foundation,WTK
M6WTL,Available,Foundation,WTL
M6WTO,Available,Foundation,WTO
M6WTQ,Available,Foundation,WTQ
M6WTR,Available,Foundation,WTR
M6WTT,Available,Foundation,WTT
M6WTU,Available,Foundation,WTU
M6WTV,Available,Foundation,WTV
M6WTW,Available,Foundation,WTW
M6WTY,Available,Foundation,WTY
M6WTZ,Available,Foundation,WTZ
M6WUA,Available,Foundation,WUA
M6WUB,Available,Foundation,WUB
M6WUC,Available,Foundation,WUC
M6WUD,Available,Foundation,WUD
M6WUE,Available,Foundation,WUE
M6WUG,Available,Foundation,WUG
M6WUI,Available,Foundation,WUI
M6WUJ,Available,Foundation,WUJ
M6WUK,Available,Foundation,WUK
M6WUL,Available,Foundation,WUL
M6WUM,Available,Foundation,WUM
M6WUO,Available,Foundation,WUO
M6WUP,Available,Foundation,WUP
M6WUQ,Available,Foundation,WUQ
M6WUR,Available,Foundation,WUR
M6WUS,Available,Foundation,WUS
M6WUT,Available,Foundation,WUT
M6WUU,Available,Foundation,WUU
M6WUV,Available,Foundation,WUV
M6WUW,Available,Foundation,WUW
M6WUY,Available,Foundation,WUY
M6WUZ,Available,Foundation,WUZ
M6WVA,Available,Foundation,WVA
M6WVB,Available,Foundation,WVB
M6WVF,Available,Foundation,WVF
M6WVG,Available,Foundation,WVG
M6WVH,Available,Foundation,WVH
M6WVJ,Available,Foundation,WVJ
M6WVK,Available,Foundation,WVK
M6WVL,Available,Foundation,WVL
M6WVM,Available,Foundation,WVM
M6WVN,Available,Foundation,WVN
M6WVO,Available,Foundation,WVO
M6WVP,Available,Foundation,WVP
M6WVQ,Available,Foundation,WVQ
M6WVR,Available,Foundation,WVR
M6WVS,Available,Foundation,WVS
M6WVT,Available,Foundation,WVT
M6WVU,Available,Foundation,WVU
M6WVV,Available,Foundation,WVV
M6WVW,Available,Foundation,WVW
M6WVX,Available,Foundation,WVX
M6WVY,Available,Foundation,WVY
M6WVZ,Available,Foundation,WVZ
M6WWC,Available,Foundation,WWC
M6WWF,Available,Foundation,WWF
M6WWG,Available,Foundation,WWG
M6WWH,Available,Foundation,WWH
M6WWI,Available,Foundation,WWI
M6WWJ,Available,Foundation,WWJ
M6WWK,Available,Foundation,WWK
M6WWL,Available,Foundation,WWL
M6WWM,Available,Foundation,WWM
M6WWN,Available,Foundation,WWN
M6WWO,Available,Foundation,WWO
M6WWQ,Available,Foundation,WWQ
M6WWR,Available,Foundation,WWR
M6WWS,Available,Foundation,WWS
M6WWU,Available,Foundation,WWU
M6WWV,Available,Foundation,WWV
M6WWX,Available,Foundation,WWX
M6WWY,Available,Foundation,WWY
M6WWZ,Available,Foundation,WWZ
M6WXA,Available,Foundation,WXA
M6WXB,Available,Foundation,WXB
M6WXC,Available,Foundation,WXC
M6WXD,Available,Foundation,WXD
M6WXE,Available,Foundation,WXE
M6WXF,Available,Foundation,WXF
M6WXH,Available,Foundation,WXH
M6WXI,Available,Foundation,WXI
M6WXK,Available,Foundation,WXK
M6WXL,Available,Foundation,WXL
M6WXQ,Available,Foundation,WXQ
M6WXR,Available,Foundation,WXR
M6WXS,Available,Foundation,WXS
M6WXT,Available,Foundation,WXT
M6WXU,Available,Foundation,WXU
M6WXV,Available,Foundation,WXV
M6WXW,Available,Foundation,WXW
M6WXX,Available,Foundation,WXX
M6WXZ,Available,Foundation,WXZ
M6WYA,Available,Foundation,WYA
M6WYB,Available,Foundation,WYB
M6WYC,Available,Foundation,WYC
M6WYE,Available,Foundation,WYE
M6WYF,Available,Foundation,WYF
M6WYG,Available,Foundation,WYG
M6WYH,Available,Foundation,WYH
M6WYI,Available,Foundation,WYI
M6WYJ,Available,Foundation,WYJ
M6WYK,Available,Foundation,WYK
M6WYL,Available,Foundation,WYL
M6WYM,Available,Foundation,WYM
M6WYN,Available,Foundation,WYN
M6WYO,Available,Foundation,WYO
M6WYP,Available,Foundation,WYP
M6WYQ,Available,Foundation,WYQ
M6WYR,Available,Foundation,WYR
M6WYU,Available,Foundation,WYU
M6WYV,Available,Foundation,WYV
M6WYW,Available,Foundation,WYW
M6WYX,Available,Foundation,WYX
M6WYY,Available,Foundation,WYY
M6WYZ,Available,Foundation,WYZ
M6WZA,Available,Foundation,WZA
M6WZC,Available,Foundation,WZC
M6WZD,Available,Foundation,WZD
M6WZE,Available,Foundation,WZE
M6WZF,Available,Foundation,WZF
M6WZG,Available,Foundation,WZG
M6WZH,Available,Foundation,WZH
M6WZI,Available,Foundation,WZI
M6WZJ,Available,Foundation,WZJ
M6WZM,Available,Foundation,WZM
M6WZN,Available,Foundation,WZN
M6WZO,Available,Foundation,WZO
M6WZP,Available,Foundation,WZP
M6WZQ,Available,Foundation,WZQ
M6WZR,Available,Foundation,WZR
M6WZS,Available,Foundation,WZS
M6WZU,Available,Foundation,WZU
M6WZV,Available,Foundation,WZV
M6WZW,Available,Foundation,WZW
M6WZX,Available,Foundation,WZX
M6WZZ,Available,Foundation,WZZ
M6XAH,Available,Foundation,XAH
M6XAI,Available,Foundation,XAI
M6XAJ,Available,Foundation,XAJ
M6XAK,Available,Foundation,XAK
M6XAN,Available,Foundation,XAN
M6XAO,Available,Foundation,XAO
M6XAQ,Available,Foundation,XAQ
M6XAR,Available,Foundation,XAR
M6XAS,Available,Foundation,XAS
M6XAU,Available,Foundation,XAU
M6XAV,Available,Foundation,XAV
M6XAW,Available,Foundation,XAW
M6XAY,Available,Foundation,XAY
M6XBA,Available,Foundation,XBA
M6XBB,Available,Foundation,XBB
M6XBC,Available,Foundation,XBC
M6XBD,Available,Foundation,XBD
M6XBE,Available,Foundation,XBE
M6XBG,Available,Foundation,XBG
M6XBH,Available,Foundation,XBH
M6XBI,Available,Foundation,XBI
M6XBJ,Available,Foundation,XBJ
M6XBK,Available,Foundation,XBK
M6XBM,Available,Foundation,XBM
M6XBN,Available,Foundation,XBN
M6XBO,Available,Foundation,XBO
M6XBP,Available,Foundation,XBP
M6XBQ,Available,Foundation,XBQ
M6XBR,Available,Foundation,XBR
M6XBS,Available,Foundation,XBS
M6XBT,Available,Foundation,XBT
M6XBU,Available,Foundation,XBU
M6XBV,Available,Foundation,XBV
M6XBW,Available,Foundation,XBW
M6XBY,Available,Foundation,XBY
M6XBZ,Available,Foundation,XBZ
M6XCA,Available,Foundation,XCA
M6XCC,Available,Foundation,XCC
M6XCD,Available,Foundation,XCD
M6XCE,Available,Foundation,XCE
M6XCG,Available,Foundation,XCG
M6XCH,Available,Foundation,XCH
M6XCI,Available,Foundation,XCI
M6XCJ,Available,Foundation,XCJ
M6XCK,Available,Foundation,XCK
M6XCL,Available,Foundation,XCL
M6XCN,Available,Foundation,XCN
M6XCP,Available,Foundation,XCP
M6XCQ,Available,Foundation,XCQ
M6XCR,Available,Foundation,XCR
M6XCS,Available,Foundation,XCS
M6XCT,Available,Foundation,XCT
M6XCU,Available,Foundation,XCU
M6XCV,Available,Foundation,XCV
M6XCW,Available,Foundation,XCW
M6XCX,Available,Foundation,XCX
M6XCY,Available,Foundation,XCY
M6XCZ,Available,Foundation,XCZ
M6XDA,Available,Foundation,XDA
M6XDC,Available,Foundation,XDC
M6XDE,Available,Foundation,XDE
M6XDF,Available,Foundation,XDF
M6XDH,Available,Foundation,XDH
M6XDI,Available,Foundation,XDI
M6XDK,Available,Foundation,XDK
M6XDL,Available,Foundation,XDL
M6XDN,Available,Foundation,XDN
M6XDP,Available,Foundation,XDP
M6XDQ,Available,Foundation,XDQ
M6XDR,Available,Foundation,XDR
M6XDS,Available,Foundation,XDS
M6XDT,Available,Foundation,XDT
M6XDU,Available,Foundation,XDU
M6XDV,Available,Foundation,XDV
M6XDX,Available,Foundation,XDX
M6XEA,Available,Foundation,XEA
M6XEB,Available,Foundation,XEB
M6XEC,Available,Foundation,XEC
M6XEF,Available,Foundation,XEF
M6XEG,Available,Foundation,XEG
M6XEH,Available,Foundation,XEH
M6XEI,Available,Foundation,XEI
M6XEJ,Available,Foundation,XEJ
M6XEK,Available,Foundation,XEK
M6XEL,Available,Foundation,XEL
M6XEN,Available,Foundation,XEN
M6XEO,Available,Foundation,XEO
M6XEP,Available,Foundation,XEP
M6XEQ,Available,Foundation,XEQ
M6XES,Available,Foundation,XES
M6XEU,Available,Foundation,XEU
M6XEV,Available,Foundation,XEV
M6XEW,Available,Foundation,XEW
M6XEX,Available,Foundation,XEX
M6XEY,Available,Foundation,XEY
M6XEZ,Available,Foundation,XEZ
M6XFA,Available,Foundation,XFA
M6XFB,Available,Foundation,XFB
M6XFC,Available,Foundation,XFC
M6XFD,Available,Foundation,XFD
M6XFE,Available,Foundation,XFE
M6XFF,Available,Foundation,XFF
M6XFG,Available,Foundation,XFG
M6XFH,Available,Foundation,XFH
M6XFI,Available,Foundation,XFI
M6XFJ,Available,Foundation,XFJ
M6XFK,Available,Foundation,XFK
M6XFL,Available,Foundation,XFL
M6XFM,Available,Foundation,XFM
M6XFN,Available,Foundation,XFN
M6XFO,Available,Foundation,XFO
M6XFP,Available,Foundation,XFP
M6XFQ,Available,Foundation,XFQ
M6XFR,Available,Foundation,XFR
M6XFS,Available,Foundation,XFS
M6XFT,Available,Foundation,XFT
M6XFU,Available,Foundation,XFU
M6XFV,Available,Foundation,XFV
M6XFW,Available,Foundation,XFW
M6XFX,Available,Foundation,XFX
M6XFY,Available,Foundation,XFY
M6XFZ,Available,Foundation,XFZ
M6XGA,Available,Foundation,XGA
M6XGB,Available,Foundation,XGB
M6XGC,Available,Foundation,XGC
M6XGD,Available,Foundation,XGD
M6XGE,Available,Foundation,XGE
M6XGF,Available,Foundation,XGF
M6XGG,Available,Foundation,XGG
M6XGH,Available,Foundation,XGH
M6XGI,Available,Foundation,XGI
M6XGJ,Available,Foundation,XGJ
M6XGK,Available,Foundation,XGK
M6XGL,Available,Foundation,XGL
M6XGM,Available,Foundation,XGM
M6XGO,Available,Foundation,XGO
M6XGQ,Available,Foundation,XGQ
M6XGR,Available,Foundation,XGR
M6XGS,Available,Foundation,XGS
M6XGT,Available,Foundation,XGT
M6XGU,Available,Foundation,XGU
M6XGV,Available,Foundation,XGV
M6XGW,Available,Foundation,XGW
M6XGX,Available,Foundation,XGX
M6XGY,Available,Foundation,XGY
M6XGZ,Available,Foundation,XGZ
M6XHA,Available,Foundation,XHA
M6XHB,Available,Foundation,XHB
M6XHC,Available,Foundation,XHC
M6XHD,Available,Foundation,XHD
M6XHE,Available,Foundation,XHE
M6XHG,Available,Foundation,XHG
M6XHH,Available,Foundation,XHH
M6XHI,Available,Foundation,XHI
M6XHJ,Available,Foundation,XHJ
M6XHK,Available,Foundation,XHK
M6XHL,Available,Foundation,XHL
M6XHM,Available,Foundation,XHM
M6XHN,Available,Foundation,XHN
M6XHO,Available,Foundation,XHO
M6XHP,Available,Foundation,XHP
M6XHQ,Available,Foundation,XHQ
M6XHR,Available,Foundation,XHR
M6XHS,Available,Foundation,XHS
M6XHT,Available,Foundation,XHT
M6XHU,Available,Foundation,XHU
M6XHV,Available,Foundation,XHV
M6XHW,Available,Foundation,XHW
M6XHX,Available,Foundation,XHX
M6XHY,Available,Foundation,XHY
M6XHZ,Available,Foundation,XHZ
M6XIA,Available,Foundation,XIA
M6XIB,Available,Foundation,XIB
M6XIC,Available,Foundation,XIC
M6XID,Available,Foundation,XID
M6XIE,Available,Foundation,XIE
M6XIF,Available,Foundation,XIF
M6XIG,Available,Foundation,XIG
M6XIH,Available,Foundation,XIH
M6XII,Available,Foundation,XII
M6XIJ,Available,Foundation,XIJ
M6XIK,Available,Foundation,XIK
M6XIL,Available,Foundation,XIL
M6XIM,Available,Foundation,XIM
M6XIN,Available,Foundation,XIN
M6XIO,Available,Foundation,XIO
M6XIP,Available,Foundation,XIP
M6XIQ,Available,Foundation,XIQ
M6XIR,Available,Foundation,XIR
M6XIU,Available,Foundation,XIU
M6XIV,Available,Foundation,XIV
M6XIW,Available,Foundation,XIW
M6XIX,Available,Foundation,XIX
M6XIY,Available,Foundation,XIY
M6XIZ,Available,Foundation,XIZ
M6XJA,Available,Foundation,XJA
M6XJB,Available,Foundation,XJB
M6XJC,Available,Foundation,XJC
M6XJD,Available,Foundation,XJD
M6XJE,Available,Foundation,XJE
M6XJF,Available,Foundation,XJF
M6XJG,Available,Foundation,XJG
M6XJH,Available,Foundation,XJH
M6XJI,Available,Foundation,XJI
M6XJJ,Available,Foundation,XJJ
M6XJL,Available,Foundation,XJL
M6XJM,Available,Foundation,XJM
M6XJN,Available,Foundation,XJN
M6XJO,Available,Foundation,XJO
M6XJQ,Available,Foundation,XJQ
M6XJR,Available,Foundation,XJR
M6XJS,Available,Foundation,XJS
M6XJT,Available,Foundation,XJT
M6XJU,Available,Foundation,XJU
M6XJV,Available,Foundation,XJV
M6XJW,Available,Foundation,XJW
M6XJX,Available,Foundation,XJX
M6XJY,Available,Foundation,XJY
M6XJZ,Available,Foundation,XJZ
M6XKA,Available,Foundation,XKA
M6XKB,Available,Foundation,XKB
M6XKC,Available,Foundation,XKC
M6XKD,Available,Foundation,XKD
M6XKF,Available,Foundation,XKF
M6XKG,Available,Foundation,XKG
M6XKH,Available,Foundation,XKH
M6XKI,Available,Foundation,XKI
M6XKJ,Available,Foundation,XKJ
M6XKK,Available,Foundation,XKK
M6XKL,Available,Foundation,XKL
M6XKM,Available,Foundation,XKM
M6XKN,Available,Foundation,XKN
M6XKO,Available,Foundation,XKO
M6XKP,Available,Foundation,XKP
M6XKQ,Available,Foundation,XKQ
M6XKR,Available,Foundation,XKR
M6XKS,Available,Foundation,XKS
M6XKU,Available,Foundation,XKU
M6XKV,Available,Foundation,XKV
M6XKW,Available,Foundation,XKW
M6XKY,Available,Foundation,XKY
M6XKZ,Available,Foundation,XKZ
M6XLB,Available,Foundation,XLB
M6XLC,Available,Foundation,XLC
M6XLD,Available,Foundation,XLD
M6XLE,Available,Foundation,XLE
M6XLF,Available,Foundation,XLF
M6XLG,Available,Foundation,XLG
M6XLH,Available,Foundation,XLH
M6XLI,Available,Foundation,XLI
M6XLJ,Available,Foundation,XLJ
M6XLK,Available,Foundation,XLK
M6XLM,Available,Foundation,XLM
M6XLN,Available,Foundation,XLN
M6XLO,Available,Foundation,XLO
M6XLP,Available,Foundation,XLP
M6XLQ,Available,Foundation,XLQ
M6XLR,Available,Foundation,XLR
M6XLT,Available,Foundation,XLT
M6XLU,Available,Foundation,XLU
M6XLV,Available,Foundation,XLV
M6XLW,Available,Foundation,XLW
M6XLZ,Available,Foundation,XLZ
M6XMA,Available,Foundation,XMA
M6XMD,Available,Foundation,XMD
M6XME,Available,Foundation,XME
M6XMF,Available,Foundation,XMF
M6XMH,Available,Foundation,XMH
M6XMI,Available,Foundation,XMI
M6XMJ,Available,Foundation,XMJ
M6XMK,Available,Foundation,XMK
M6XML,Available,Foundation,XML
M6XMM,Available,Foundation,XMM
M6XMO,Available,Foundation,XMO
M6XMQ,Available,Foundation,XMQ
M6XMR,Available,Foundation,XMR
M6XMS,Available,Foundation,XMS
M6XMT,Available,Foundation,XMT
M6XMU,Available,Foundation,XMU
M6XMV,Available,Foundation,XMV
M6XMW,Available,Foundation,XMW
M6XMX,Available,Foundation,XMX
M6XMY,Available,Foundation,XMY
M6XMZ,Available,Foundation,XMZ
M6XNA,Available,Foundation,XNA
M6XNB,Available,Foundation,XNB
M6XNC,Available,Foundation,XNC
M6XND,Available,Foundation,XND
M6XNE,Available,Foundation,XNE
M6XNF,Available,Foundation,XNF
M6XNG,Available,Foundation,XNG
M6XNH,Available,Foundation,XNH
M6XNI,Available,Foundation,XNI
M6XNJ,Available,Foundation,XNJ
M6XNK,Available,Foundation,XNK
M6XNL,Available,Foundation,XNL
M6XNM,Available,Foundation,XNM
M6XNN,Available,Foundation,XNN
M6XNP,Available,Foundation,XNP
M6XNQ,Available,Foundation,XNQ
M6XNR,Available,Foundation,XNR
M6XNS,Available,Foundation,XNS
M6XNT,Available,Foundation,XNT
M6XNU,Available,Foundation,XNU
M6XNV,Available,Foundation,XNV
M6XNW,Available,Foundation,XNW
M6XNX,Available,Foundation,XNX
M6XNY,Available,Foundation,XNY
M6XNZ,Available,Foundation,XNZ
M6XOA,Available,Foundation,XOA
M6XOB,Available,Foundation,XOB
M6XOE,Available,Foundation,XOE
M6XOF,Available,Foundation,XOF
M6XOG,Available,Foundation,XOG
M6XOH,Available,Foundation,XOH
M6XOI,Available,Foundation,XOI
M6XOJ,Available,Foundation,XOJ
M6XOK,Available,Foundation,XOK
M6XOL,Available,Foundation,XOL
M6XOM,Available,Foundation,XOM
M6XON,Available,Foundation,XON
M6XOO,Available,Foundation,XOO
M6XOQ,Available,Foundation,XOQ
M6XOS,Available,Foundation,XOS
M6XOT,Available,Foundation,XOT
M6XOU,Available,Foundation,XOU
M6XOV,Available,Foundation,XOV
M6XOW,Available,Foundation,XOW
M6XOY,Available,Foundation,XOY
M6XPA,Available,Foundation,XPA
M6XPB,Available,Foundation,XPB
M6XPC,Available,Foundation,XPC
M6XPD,Available,Foundation,XPD
M6XPE,Available,Foundation,XPE
M6XPF,Available,Foundation,XPF
M6XPH,Available,Foundation,XPH
M6XPI,Available,Foundation,XPI
M6XPJ,Available,Foundation,XPJ
M6XPK,Available,Foundation,XPK
M6XPL,Available,Foundation,XPL
M6XPM,Available,Foundation,XPM
M6XPN,Available,Foundation,XPN
M6XPO,Available,Foundation,XPO
M6XPP,Available,Foundation,XPP
M6XPQ,Available,Foundation,XPQ
M6XPR,Available,Foundation,XPR
M6XPS,Available,Foundation,XPS
M6XPU,Available,Foundation,XPU
M6XPV,Available,Foundation,XPV
M6XPW,Available,Foundation,XPW
M6XPX,Available,Foundation,XPX
M6XPY,Available,Foundation,XPY
M6XPZ,Available,Foundation,XPZ
M6XQA,Available,Foundation,XQA
M6XQB,Available,Foundation,XQB
M6XQC,Available,Foundation,XQC
M6XQD,Available,Foundation,XQD
M6XQE,Available,Foundation,XQE
M6XQF,Available,Foundation,XQF
M6XQG,Available,Foundation,XQG
M6XQH,Available,Foundation,XQH
M6XQI,Available,Foundation,XQI
M6XQJ,Available,Foundation,XQJ
M6XQK,Available,Foundation,XQK
M6XQL,Available,Foundation,XQL
M6XQM,Available,Foundation,XQM
M6XQN,Available,Foundation,XQN
M6XQO,Available,Foundation,XQO
M6XQP,Available,Foundation,XQP
M6XQQ,Available,Foundation,XQQ
M6XQR,Available,Foundation,XQR
M6XQS,Available,Foundation,XQS
M6XQT,Available,Foundation,XQT
M6XQU,Available,Foundation,XQU
M6XQV,Available,Foundation,XQV
M6XQW,Available,Foundation,XQW
M6XQY,Available,Foundation,XQY
M6XQZ,Available,Foundation,XQZ
M6XRA,Available,Foundation,XRA
M6XRD,Available,Foundation,XRD
M6XRF,Available,Foundation,XRF
M6XRG,Available,Foundation,XRG
M6XRI,Available,Foundation,XRI
M6XRJ,Available,Foundation,XRJ
M6XRK,Available,Foundation,XRK
M6XRL,Available,Foundation,XRL
M6XRM,Available,Foundation,XRM
M6XRP,Available,Foundation,XRP
M6XRQ,Available,Foundation,XRQ
M6XRR,Available,Foundation,XRR
M6XRS,Available,Foundation,XRS
M6XRU,Available,Foundation,XRU
M6XRV,Available,Foundation,XRV
M6XRW,Available,Foundation,XRW
M6XRX,Available,Foundation,XRX
M6XRY,Available,Foundation,XRY
M6XRZ,Available,Foundation,XRZ
M6XSA,Available,Foundation,XSA
M6XSE,Available,Foundation,XSE
M6XSG,Available,Foundation,XSG
M6XSH,Available,Foundation,XSH
M6XSK,Available,Foundation,XSK
M6XSL,Available,Foundation,XSL
M6XSM,Available,Foundation,XSM
M6XSN,Available,Foundation,XSN
M6XSO,Available,Foundation,XSO
M6XSP,Available,Foundation,XSP
M6XSQ,Available,Foundation,XSQ
M6XSR,Available,Foundation,XSR
M6XSU,Available,Foundation,XSU
M6XSV,Available,Foundation,XSV
M6XSW,Available,Foundation,XSW
M6XSX,Available,Foundation,XSX
M6XSY,Available,Foundation,XSY
M6XSZ,Available,Foundation,XSZ
M6XTA,Available,Foundation,XTA
M6XTB,Available,Foundation,XTB
M6XTE,Available,Foundation,XTE
M6XTG,Available,Foundation,XTG
M6XTH,Available,Foundation,XTH
M6XTI,Available,Foundation,XTI
M6XTJ,Available,Foundation,XTJ
M6XTK,Available,Foundation,XTK
M6XTN,Available,Foundation,XTN
M6XTO,Available,Foundation,XTO
M6XTQ,Available,Foundation,XTQ
M6XTR,Available,Foundation,XTR
M6XTS,Available,Foundation,XTS
M6XTT,Available,Foundation,XTT
M6XTU,Available,Foundation,XTU
M6XTV,Available,Foundation,XTV
M6XTW,Available,Foundation,XTW
M6XTX,Available,Foundation,XTX
M6XUA,Available,Foundation,XUA
M6XUB,Available,Foundation,XUB
M6XUC,Available,Foundation,XUC
M6XUE,Available,Foundation,XUE
M6XUF,Available,Foundation,XUF
M6XUG,Available,Foundation,XUG
M6XUH,Available,Foundation,XUH
M6XUI,Available,Foundation,XUI
M6XUJ,Available,Foundation,XUJ
M6XUL,Available,Foundation,XUL
M6XUM,Available,Foundation,XUM
M6XUN,Available,Foundation,XUN
M6XUO,Available,Foundation,XUO
M6XUQ,Available,Foundation,XUQ
M6XUR,Available,Foundation,XUR
M6XUS,Available,Foundation,XUS
M6XUT,Available,Foundation,XUT
M6XUU,Available,Foundation,XUU
M6XUV,Available,Foundation,XUV
M6XUW,Available,Foundation,XUW
M6XUX,Available,Foundation,XUX
M6XUY,Available,Foundation,XUY
M6XUZ,Available,Foundation,XUZ
M6XVA,Available,Foundation,XVA
M6XVB,Available,Foundation,XVB
M6XVD,Available,Foundation,XVD
M6XVF,Available,Foundation,XVF
M6XVG,Available,Foundation,XVG
M6XVH,Available,Foundation,XVH
M6XVI,Available,Foundation,XVI
M6XVJ,Available,Foundation,XVJ
M6XVK,Available,Foundation,XVK
M6XVL,Available,Foundation,XVL
M6XVM,Available,Foundation,XVM
M6XVN,Available,Foundation,XVN
M6XVO,Available,Foundation,XVO
M6XVP,Available,Foundation,XVP
M6XVQ,Available,Foundation,XVQ
M6XVR,Available,Foundation,XVR
M6XVS,Available,Foundation,XVS
M6XVT,Available,Foundation,XVT
M6XVU,Available,Foundation,XVU
M6XVV,Available,Foundation,XVV
M6XVW,Available,Foundation,XVW
M6XVX,Available,Foundation,XVX
M6XVY,Available,Foundation,XVY
M6XWA,Available,Foundation,XWA
M6XWB,Available,Foundation,XWB
M6XWC,Available,Foundation,XWC
M6XWE,Available,Foundation,XWE
M6XWF,Available,Foundation,XWF
M6XWG,Available,Foundation,XWG
M6XWH,Available,Foundation,XWH
M6XWI,Available,Foundation,XWI
M6XWJ,Available,Foundation,XWJ
M6XWK,Available,Foundation,XWK
M6XWL,Available,Foundation,XWL
M6XWM,Available,Foundation,XWM
M6XWN,Available,Foundation,XWN
M6XWO,Available,Foundation,XWO
M6XWP,Available,Foundation,XWP
M6XWQ,Available,Foundation,XWQ
M6XWR,Available,Foundation,XWR
M6XWS,Available,Foundation,XWS
M6XWT,Available,Foundation,XWT
M6XWU,Available,Foundation,XWU
M6XWV,Available,Foundation,XWV
M6XWW,Available,Foundation,XWW
M6XWX,Available,Foundation,XWX
M6XWY,Available,Foundation,XWY
M6XWZ,Available,Foundation,XWZ
M6XXA,Available,Foundation,XXA
M6XXB,Available,Foundation,XXB
M6XXC,Available,Foundation,XXC
M6XXD,Available,Foundation,XXD
M6XXE,Available,Foundation,XXE
M6XXF,Available,Foundation,XXF
M6XXG,Available,Foundation,XXG
M6XXH,Available,Foundation,XXH
M6XXI,Available,Foundation,XXI
M6XXJ,Available,Foundation,XXJ
M6XXK,Available,Foundation,XXK
M6XXM,Available,Foundation,XXM
M6XXN,Available,Foundation,XXN
M6XXO,Available,Foundation,XXO
M6XXP,Available,Foundation,XXP
M6XXQ,Available,Foundation,XXQ
M6XXR,Available,Foundation,XXR
M6XXS,Available,Foundation,XXS
M6XXT,Available,Foundation,XXT
M6XXU,Available,Foundation,XXU
M6XXW,Available,Foundation,XXW
M6XXY,Available,Foundation,XXY
M6XXZ,Available,Foundation,XXZ
M6XYA,Available,Foundation,XYA
M6XYB,Available,Foundation,XYB
M6XYC,Available,Foundation,XYC
M6XYD,Available,Foundation,XYD
M6XYE,Available,Foundation,XYE
M6XYF,Available,Foundation,XYF
M6XYG,Available,Foundation,XYG
M6XYI,Available,Foundation,XYI
M6XYJ,Available,Foundation,XYJ
M6XYK,Available,Foundation,XYK
M6XYM,Available,Foundation,XYM
M6XYN,Available,Foundation,XYN
M6XYO,Available,Foundation,XYO
M6XYP,Available,Foundation,XYP
M6XYQ,Available,Foundation,XYQ
M6XYR,Available,Foundation,XYR
M6XYS,Available,Foundation,XYS
M6XYT,Available,Foundation,XYT
M6XYU,Available,Foundation,XYU
M6XYV,Available,Foundation,XYV
M6XYW,Available,Foundation,XYW
M6XYY,Available,Foundation,XYY
M6XZA,Available,Foundation,XZA
M6XZB,Available,Foundation,XZB
M6XZC,Available,Foundation,XZC
M6XZD,Available,Foundation,XZD
M6XZE,Available,Foundation,XZE
M6XZF,Available,Foundation,XZF
M6XZG,Available,Foundation,XZG
M6XZH,Available,Foundation,XZH
M6XZI,Available,Foundation,XZI
M6XZJ,Available,Foundation,XZJ
M6XZK,Available,Foundation,XZK
M6XZL,Available,Foundation,XZL
M6XZM,Available,Foundation,XZM
M6XZN,Available,Foundation,XZN
M6XZO,Available,Foundation,XZO
M6XZP,Available,Foundation,XZP
M6XZQ,Available,Foundation,XZQ
M6XZR,Available,Foundation,XZR
M6XZS,Available,Foundation,XZS
M6XZT,Available,Foundation,XZT
M6XZU,Available,Foundation,XZU
M6XZV,Available,Foundation,XZV
M6XZW,Available,Foundation,XZW
M6XZY,Available,Foundation,XZY
M6XZZ,Available,Foundation,XZZ
M6YAD,Available,Foundation,YAD
M6YAE,Available,Foundation,YAE
M6YAF,Available,Foundation,YAF
M6YAH,Available,Foundation,YAH
M6YAJ,Available,Foundation,YAJ
M6YAL,Available,Foundation,YAL
M6YAO,Available,Foundation,YAO
M6YAP,Available,Foundation,YAP
M6YAQ,Available,Foundation,YAQ
M6YAS,Available,Foundation,YAS
M6YAT,Available,Foundation,YAT
M6YAU,Available,Foundation,YAU
M6YAV,Available,Foundation,YAV
M6YAW,Available,Foundation,YAW
M6YAX,Available,Foundation,YAX
M6YBA,Available,Foundation,YBA
M6YBB,Available,Foundation,YBB
M6YBC,Available,Foundation,YBC
M6YBD,Available,Foundation,YBD
M6YBE,Available,Foundation,YBE
M6YBF,Available,Foundation,YBF
M6YBG,Available,Foundation,YBG
M6YBH,Available,Foundation,YBH
M6YBI,Available,Foundation,YBI
M6YBJ,Available,Foundation,YBJ
M6YBK,Available,Foundation,YBK
M6YBL,Available,Foundation,YBL
M6YBM,Available,Foundation,YBM
M6YBN,Available,Foundation,YBN
M6YBO,Available,Foundation,YBO
M6YBP,Available,Foundation,YBP
M6YBQ,Available,Foundation,YBQ
M6YBR,Available,Foundation,YBR
M6YBS,Available,Foundation,YBS
M6YBT,Available,Foundation,YBT
M6YBU,Available,Foundation,YBU
M6YBV,Available,Foundation,YBV
M6YBW,Available,Foundation,YBW
M6YBX,Available,Foundation,YBX
M6YBY,Available,Foundation,YBY
M6YCB,Available,Foundation,YCB
M6YCC,Available,Foundation,YCC
M6YCD,Available,Foundation,YCD
M6YCE,Available,Foundation,YCE
M6YCF,Available,Foundation,YCF
M6YCG,Available,Foundation,YCG
M6YCH,Available,Foundation,YCH
M6YCI,Available,Foundation,YCI
M6YCK,Available,Foundation,YCK
M6YCL,Available,Foundation,YCL
M6YCM,Available,Foundation,YCM
M6YCO,Available,Foundation,YCO
M6YCP,Available,Foundation,YCP
M6YCR,Available,Foundation,YCR
M6YCS,Available,Foundation,YCS
M6YCU,Available,Foundation,YCU
M6YCV,Available,Foundation,YCV
M6YCW,Available,Foundation,YCW
M6YCX,Available,Foundation,YCX
M6YCY,Available,Foundation,YCY
M6YCZ,Available,Foundation,YCZ
M6YDA,Available,Foundation,YDA
M6YDB,Available,Foundation,YDB
M6YDE,Available,Foundation,YDE
M6YDF,Available,Foundation,YDF
M6YDG,Available,Foundation,YDG
M6YDH,Available,Foundation,YDH
M6YDI,Available,Foundation,YDI
M6YDJ,Available,Foundation,YDJ
M6YDK,Available,Foundation,YDK
M6YDL,Available,Foundation,YDL
M6YDM,Available,Foundation,YDM
M6YDN,Available,Foundation,YDN
M6YDO,Available,Foundation,YDO
M6YDQ,Available,Foundation,YDQ
M6YDU,Available,Foundation,YDU
M6YDW,Available,Foundation,YDW
M6YDY,Available,Foundation,YDY
M6YDZ,Available,Foundation,YDZ
M6YEC,Available,Foundation,YEC
M6YED,Available,Foundation,YED
M6YEE,Available,Foundation,YEE
M6YEF,Available,Foundation,YEF
M6YEG,Available,Foundation,YEG
M6YEI,Available,Foundation,YEI
M6YEJ,Available,Foundation,YEJ
M6YEK,Available,Foundation,YEK
M6YEL,Available,Foundation,YEL
M6YEM,Available,Foundation,YEM
M6YEN,Available,Foundation,YEN
M6YEP,Available,Foundation,YEP
M6YEQ,Available,Foundation,YEQ
M6YER,Available,Foundation,YER
M6YEU,Available,Foundation,YEU
M6YEV,Available,Foundation,YEV
M6YEX,Available,Foundation,YEX
M6YEZ,Available,Foundation,YEZ
M6YFA,Available,Foundation,YFA
M6YFB,Available,Foundation,YFB
M6YFC,Available,Foundation,YFC
M6YFD,Available,Foundation,YFD
M6YFE,Available,Foundation,YFE
M6YFF,Available,Foundation,YFF
M6YFG,Available,Foundation,YFG
M6YFH,Available,Foundation,YFH
M6YFI,Available,Foundation,YFI
M6YFJ,Available,Foundation,YFJ
M6YFK,Available,Foundation,YFK
M6YFL,Available,Foundation,YFL
M6YFM,Available,Foundation,YFM
M6YFN,Available,Foundation,YFN
M6YFO,Available,Foundation,YFO
M6YFP,Available,Foundation,YFP
M6YFQ,Available,Foundation,YFQ
M6YFR,Available,Foundation,YFR
M6YFS,Available,Foundation,YFS
M6YFU,Available,Foundation,YFU
M6YFV,Available,Foundation,YFV
M6YFW,Available,Foundation,YFW
M6YFY,Available,Foundation,YFY
M6YFZ,Available,Foundation,YFZ
M6YGA,Available,Foundation,YGA
M6YGC,Available,Foundation,YGC
M6YGD,Available,Foundation,YGD
M6YGE,Available,Foundation,YGE
M6YGF,Available,Foundation,YGF
M6YGG,Available,Foundation,YGG
M6YGH,Available,Foundation,YGH
M6YGJ,Available,Foundation,YGJ
M6YGK,Available,Foundation,YGK
M6YGL,Available,Foundation,YGL
M6YGM,Available,Foundation,YGM
M6YGN,Available,Foundation,YGN
M6YGO,Available,Foundation,YGO
M6YGP,Available,Foundation,YGP
M6YGQ,Available,Foundation,YGQ
M6YGR,Available,Foundation,YGR
M6YGS,Available,Foundation,YGS
M6YGT,Available,Foundation,YGT
M6YGU,Available,Foundation,YGU
M6YGV,Available,Foundation,YGV
M6YGW,Available,Foundation,YGW
M6YGX,Available,Foundation,YGX
M6YGY,Available,Foundation,YGY
M6YGZ,Available,Foundation,YGZ
M6YHA,Available,Foundation,YHA
M6YHB,Available,Foundation,YHB
M6YHC,Available,Foundation,YHC
M6YHD,Available,Foundation,YHD
M6YHE,Available,Foundation,YHE
M6YHG,Available,Foundation,YHG
M6YHH,Available,Foundation,YHH
M6YHI,Available,Foundation,YHI
M6YHJ,Available,Foundation,YHJ
M6YHK,Available,Foundation,YHK
M6YHL,Available,Foundation,YHL
M6YHM,Available,Foundation,YHM
M6YHN,Available,Foundation,YHN
M6YHO,Available,Foundation,YHO
M6YHP,Available,Foundation,YHP
M6YHQ,Available,Foundation,YHQ
M6YHR,Available,Foundation,YHR
M6YHT,Available,Foundation,YHT
M6YHU,Available,Foundation,YHU
M6YHW,Available,Foundation,YHW
M6YHX,Available,Foundation,YHX
M6YHY,Available,Foundation,YHY
M6YHZ,Available,Foundation,YHZ
M6YIA,Available,Foundation,YIA
M6YIB,Available,Foundation,YIB
M6YIC,Available,Foundation,YIC
M6YIE,Available,Foundation,YIE
M6YIF,Available,Foundation,YIF
M6YIG,Available,Foundation,YIG
M6YIH,Available,Foundation,YIH
M6YII,Available,Foundation,YII
M6YIJ,Available,Foundation,YIJ
M6YIK,Available,Foundation,YIK
M6YIL,Available,Foundation,YIL
M6YIM,Available,Foundation,YIM
M6YIO,Available,Foundation,YIO
M6YIP,Available,Foundation,YIP
M6YIQ,Available,Foundation,YIQ
M6YIR,Available,Foundation,YIR
M6YIS,Available,Foundation,YIS
M6YIT,Available,Foundation,YIT
M6YIU,Available,Foundation,YIU
M6YIV,Available,Foundation,YIV
M6YIW,Available,Foundation,YIW
M6YIX,Available,Foundation,YIX
M6YIY,Available,Foundation,YIY
M6YIZ,Available,Foundation,YIZ
M6YJA,Available,Foundation,YJA
M6YJB,Available,Foundation,YJB
M6YJC,Available,Foundation,YJC
M6YJD,Available,Foundation,YJD
M6YJE,Available,Foundation,YJE
M6YJF,Available,Foundation,YJF
M6YJG,Available,Foundation,YJG
M6YJH,Available,Foundation,YJH
M6YJI,Available,Foundation,YJI
M6YJJ,Available,Foundation,YJJ
M6YJK,Available,Foundation,YJK
M6YJL,Available,Foundation,YJL
M6YJM,Available,Foundation,YJM
M6YJN,Available,Foundation,YJN
M6YJO,Available,Foundation,YJO
M6YJP,Available,Foundation,YJP
M6YJQ,Available,Foundation,YJQ
M6YJR,Available,Foundation,YJR
M6YJS,Available,Foundation,YJS
M6YJT,Available,Foundation,YJT
M6YJU,Available,Foundation,YJU
M6YJV,Available,Foundation,YJV
M6YJW,Available,Foundation,YJW
M6YJX,Available,Foundation,YJX
M6YJY,Available,Foundation,YJY
M6YJZ,Available,Foundation,YJZ
M6YKA,Available,Foundation,YKA
M6YKB,Available,Foundation,YKB
M6YKC,Available,Foundation,YKC
M6YKD,Available,Foundation,YKD
M6YKE,Available,Foundation,YKE
M6YKF,Available,Foundation,YKF
M6YKG,Available,Foundation,YKG
M6YKH,Available,Foundation,YKH
M6YKJ,Available,Foundation,YKJ
M6YKL,Available,Foundation,YKL
M6YKM,Available,Foundation,YKM
M6YKN,Available,Foundation,YKN
M6YKO,Available,Foundation,YKO
M6YKQ,Available,Foundation,YKQ
M6YKR,Available,Foundation,YKR
M6YKT,Available,Foundation,YKT
M6YKU,Available,Foundation,YKU
M6YKW,Available,Foundation,YKW
M6YKX,Available,Foundation,YKX
M6YKY,Available,Foundation,YKY
M6YKZ,Available,Foundation,YKZ
M6YLA,Available,Foundation,YLA
M6YLB,Available,Foundation,YLB
M6YLC,Available,Foundation,YLC
M6YLD,Available,Foundation,YLD
M6YLE,Available,Foundation,YLE
M6YLF,Available,Foundation,YLF
M6YLG,Available,Foundation,YLG
M6YLI,Available,Foundation,YLI
M6YLK,Available,Foundation,YLK
M6YLL,Available,Foundation,YLL
M6YLM,Available,Foundation,YLM
M6YLN,Available,Foundation,YLN
M6YLO,Available,Foundation,YLO
M6YLP,Available,Foundation,YLP
M6YLQ,Available,Foundation,YLQ
M6YLS,Available,Foundation,YLS
M6YLU,Available,Foundation,YLU
M6YLV,Available,Foundation,YLV
M6YLW,Available,Foundation,YLW
M6YLX,Available,Foundation,YLX
M6YLY,Available,Foundation,YLY
M6YLZ,Available,Foundation,YLZ
M6YMB,Available,Foundation,YMB
M6YMC,Available,Foundation,YMC
M6YMF,Available,Foundation,YMF
M6YMG,Available,Foundation,YMG
M6YMH,Available,Foundation,YMH
M6YMI,Available,Foundation,YMI
M6YMJ,Available,Foundation,YMJ
M6YMK,Available,Foundation,YMK
M6YML,Available,Foundation,YML
M6YMM,Available,Foundation,YMM
M6YMO,Available,Foundation,YMO
M6YMP,Available,Foundation,YMP
M6YMQ,Available,Foundation,YMQ
M6YMS,Available,Foundation,YMS
M6YMT,Available,Foundation,YMT
M6YMU,Available,Foundation,YMU
M6YMV,Available,Foundation,YMV
M6YMW,Available,Foundation,YMW
M6YMX,Available,Foundation,YMX
M6YMZ,Available,Foundation,YMZ
M6YNA,Available,Foundation,YNA
M6YNB,Available,Foundation,YNB
M6YNC,Available,Foundation,YNC
M6YND,Available,Foundation,YND
M6YNF,Available,Foundation,YNF
M6YNH,Available,Foundation,YNH
M6YNI,Available,Foundation,YNI
M6YNJ,Available,Foundation,YNJ
M6YNL,Available,Foundation,YNL
M6YNM,Available,Foundation,YNM
M6YNN,Available,Foundation,YNN
M6YNO,Available,Foundation,YNO
M6YNP,Available,Foundation,YNP
M6YNQ,Available,Foundation,YNQ
M6YNR,Available,Foundation,YNR
M6YNS,Available,Foundation,YNS
M6YNU,Available,Foundation,YNU
M6YNV,Available,Foundation,YNV
M6YNW,Available,Foundation,YNW
M6YNX,Available,Foundation,YNX
M6YNY,Available,Foundation,YNY
M6YNZ,Available,Foundation,YNZ
M6YOA,Available,Foundation,YOA
M6YOB,Available,Foundation,YOB
M6YOC,Available,Foundation,YOC
M6YOE,Available,Foundation,YOE
M6YOF,Available,Foundation,YOF
M6YOG,Available,Foundation,YOG
M6YOH,Available,Foundation,YOH
M6YOI,Available,Foundation,YOI
M6YOJ,Available,Foundation,YOJ
M6YOK,Available,Foundation,YOK
M6YOL,Available,Foundation,YOL
M6YOM,Available,Foundation,YOM
M6YOO,Available,Foundation,YOO
M6YOP,Available,Foundation,YOP
M6YOQ,Available,Foundation,YOQ
M6YOS,Available,Foundation,YOS
M6YOV,Available,Foundation,YOV
M6YOW,Available,Foundation,YOW
M6YOZ,Available,Foundation,YOZ
M6YPA,Available,Foundation,YPA
M6YPB,Available,Foundation,YPB
M6YPC,Available,Foundation,YPC
M6YPD,Available,Foundation,YPD
M6YPE,Available,Foundation,YPE
M6YPF,Available,Foundation,YPF
M6YPG,Available,Foundation,YPG
M6YPI,Available,Foundation,YPI
M6YPJ,Available,Foundation,YPJ
M6YPL,Available,Foundation,YPL
M6YPM,Available,Foundation,YPM
M6YPO,Available,Foundation,YPO
M6YPP,Available,Foundation,YPP
M6YPQ,Available,Foundation,YPQ
M6YPR,Available,Foundation,YPR
M6YPS,Available,Foundation,YPS
M6YPT,Available,Foundation,YPT
M6YPU,Available,Foundation,YPU
M6YPV,Available,Foundation,YPV
M6YPW,Available,Foundation,YPW
M6YPX,Available,Foundation,YPX
M6YPY,Available,Foundation,YPY
M6YPZ,Available,Foundation,YPZ
M6YQA,Available,Foundation,YQA
M6YQB,Available,Foundation,YQB
M6YQC,Available,Foundation,YQC
M6YQD,Available,Foundation,YQD
M6YQE,Available,Foundation,YQE
M6YQF,Available,Foundation,YQF
M6YQG,Available,Foundation,YQG
M6YQH,Available,Foundation,YQH
M6YQI,Available,Foundation,YQI
M6YQJ,Available,Foundation,YQJ
M6YQK,Available,Foundation,YQK
M6YQL,Available,Foundation,YQL
M6YQM,Available,Foundation,YQM
M6YQN,Available,Foundation,YQN
M6YQO,Available,Foundation,YQO
M6YQP,Available,Foundation,YQP
M6YQQ,Available,Foundation,YQQ
M6YQR,Available,Foundation,YQR
M6YQS,Available,Foundation,YQS
M6YQT,Available,Foundation,YQT
M6YQU,Available,Foundation,YQU
M6YQV,Available,Foundation,YQV
M6YQW,Available,Foundation,YQW
M6YQX,Available,Foundation,YQX
M6YQY,Available,Foundation,YQY
M6YQZ,Available,Foundation,YQZ
M6YRA,Available,Foundation,YRA
M6YRB,Available,Foundation,YRB
M6YRC,Available,Foundation,YRC
M6YRD,Available,Foundation,YRD
M6YRE,Available,Foundation,YRE
M6YRF,Available,Foundation,YRF
M6YRG,Available,Foundation,YRG
M6YRH,Available,Foundation,YRH
M6YRI,Available,Foundation,YRI
M6YRJ,Available,Foundation,YRJ
M6YRK,Available,Foundation,YRK
M6YRL,Available,Foundation,YRL
M6YRM,Available,Foundation,YRM
M6YRN,Available,Foundation,YRN
M6YRP,Available,Foundation,YRP
M6YRQ,Available,Foundation,YRQ
M6YRR,Available,Foundation,YRR
M6YRS,Available,Foundation,YRS
M6YRT,Available,Foundation,YRT
M6YRV,Available,Foundation,YRV
M6YRX,Available,Foundation,YRX
M6YRY,Available,Foundation,YRY
M6YRZ,Available,Foundation,YRZ
M6YSA,Available,Foundation,YSA
M6YSB,Available,Foundation,YSB
M6YSC,Available,Foundation,YSC
M6YSE,Available,Foundation,YSE
M6YSF,Available,Foundation,YSF
M6YSG,Available,Foundation,YSG
M6YSH,Available,Foundation,YSH
M6YSI,Available,Foundation,YSI
M6YSJ,Available,Foundation,YSJ
M6YSK,Available,Foundation,YSK
M6YSL,Available,Foundation,YSL
M6YSM,Available,Foundation,YSM
M6YSN,Available,Foundation,YSN
M6YSO,Available,Foundation,YSO
M6YSP,Available,Foundation,YSP
M6YSQ,Available,Foundation,YSQ
M6YSR,Available,Foundation,YSR
M6YSS,Available,Foundation,YSS
M6YST,Available,Foundation,YST
M6YSU,Available,Foundation,YSU
M6YSV,Available,Foundation,YSV
M6YSW,Available,Foundation,YSW
M6YSX,Available,Foundation,YSX
M6YSY,Available,Foundation,YSY
M6YSZ,Available,Foundation,YSZ
M6YTA,Available,Foundation,YTA
M6YTB,Available,Foundation,YTB
M6YTC,Available,Foundation,YTC
M6YTD,Available,Foundation,YTD
M6YTE,Available,Foundation,YTE
M6YTF,Available,Foundation,YTF
M6YTG,Available,Foundation,YTG
M6YTH,Available,Foundation,YTH
M6YTI,Available,Foundation,YTI
M6YTJ,Available,Foundation,YTJ
M6YTK,Available,Foundation,YTK
M6YTL,Available,Foundation,YTL
M6YTM,Available,Foundation,YTM
M6YTN,Available,Foundation,YTN
M6YTO,Available,Foundation,YTO
M6YTP,Available,Foundation,YTP
M6YTQ,Available,Foundation,YTQ
M6YTR,Available,Foundation,YTR
M6YTT,Available,Foundation,YTT
M6YTU,Available,Foundation,YTU
M6YTV,Available,Foundation,YTV
M6YTW,Available,Foundation,YTW
M6YTX,Available,Foundation,YTX
M6YTY,Available,Foundation,YTY
M6YTZ,Available,Foundation,YTZ
M6YUA,Available,Foundation,YUA
M6YUB,Available,Foundation,YUB
M6YUC,Available,Foundation,YUC
M6YUD,Available,Foundation,YUD
M6YUE,Available,Foundation,YUE
M6YUF,Available,Foundation,YUF
M6YUG,Available,Foundation,YUG
M6YUH,Available,Foundation,YUH
M6YUI,Available,Foundation,YUI
M6YUL,Available,Foundation,YUL
M6YUM,Available,Foundation,YUM
M6YUN,Available,Foundation,YUN
M6YUO,Available,Foundation,YUO
M6YUQ,Available,Foundation,YUQ
M6YUR,Available,Foundation,YUR
M6YUS,Available,Foundation,YUS
M6YUT,Available,Foundation,YUT
M6YUU,Available,Foundation,YUU
M6YUV,Available,Foundation,YUV
M6YUW,Available,Foundation,YUW
M6YUX,Available,Foundation,YUX
M6YUY,Available,Foundation,YUY
M6YUZ,Available,Foundation,YUZ
M6YVA,Available,Foundation,YVA
M6YVB,Available,Foundation,YVB
M6YVC,Available,Foundation,YVC
M6YVD,Available,Foundation,YVD
M6YVE,Available,Foundation,YVE
M6YVF,Available,Foundation,YVF
M6YVG,Available,Foundation,YVG
M6YVH,Available,Foundation,YVH
M6YVI,Available,Foundation,YVI
M6YVJ,Available,Foundation,YVJ
M6YVK,Available,Foundation,YVK
M6YVL,Available,Foundation,YVL
M6YVN,Available,Foundation,YVN
M6YVO,Available,Foundation,YVO
M6YVP,Available,Foundation,YVP
M6YVQ,Available,Foundation,YVQ
M6YVS,Available,Foundation,YVS
M6YVT,Available,Foundation,YVT
M6YVU,Available,Foundation,YVU
M6YVV,Available,Foundation,YVV
M6YVW,Available,Foundation,YVW
M6YVX,Available,Foundation,YVX
M6YVY,Available,Foundation,YVY
M6YVZ,Available,Foundation,YVZ
M6YWB,Available,Foundation,YWB
M6YWC,Available,Foundation,YWC
M6YWD,Available,Foundation,YWD
M6YWE,Available,Foundation,YWE
M6YWF,Available,Foundation,YWF
M6YWG,Available,Foundation,YWG
M6YWH,Available,Foundation,YWH
M6YWI,Available,Foundation,YWI
M6YWJ,Available,Foundation,YWJ
M6YWK,Available,Foundation,YWK
M6YWL,Available,Foundation,YWL
M6YWM,Available,Foundation,YWM
M6YWN,Available,Foundation,YWN
M6YWO,Available,Foundation,YWO
M6YWP,Available,Foundation,YWP
M6YWQ,Available,Foundation,YWQ
M6YWR,Available,Foundation,YWR
M6YWS,Available,Foundation,YWS
M6YWT,Available,Foundation,YWT
M6YWU,Available,Foundation,YWU
M6YWV,Available,Foundation,YWV
M6YWW,Available,Foundation,YWW
M6YWY,Available,Foundation,YWY
M6YWZ,Available,Foundation,YWZ
M6YXA,Available,Foundation,YXA
M6YXB,Available,Foundation,YXB
M6YXC,Available,Foundation,YXC
M6YXD,Available,Foundation,YXD
M6YXE,Available,Foundation,YXE
M6YXF,Available,Foundation,YXF
M6YXG,Available,Foundation,YXG
M6YXH,Available,Foundation,YXH
M6YXI,Available,Foundation,YXI
M6YXJ,Available,Foundation,YXJ
M6YXK,Available,Foundation,YXK
M6YXL,Available,Foundation,YXL
M6YXN,Available,Foundation,YXN
M6YXO,Available,Foundation,YXO
M6YXP,Available,Foundation,YXP
M6YXQ,Available,Foundation,YXQ
M6YXR,Available,Foundation,YXR
M6YXS,Available,Foundation,YXS
M6YXT,Available,Foundation,YXT
M6YXU,Available,Foundation,YXU
M6YXV,Available,Foundation,YXV
M6YXW,Available,Foundation,YXW
M6YXX,Available,Foundation,YXX
M6YXY,Available,Foundation,YXY
M6YYA,Available,Foundation,YYA
M6YYB,Available,Foundation,YYB
M6YYC,Available,Foundation,YYC
M6YYD,Available,Foundation,YYD
M6YYE,Available,Foundation,YYE
M6YYF,Available,Foundation,YYF
M6YYG,Available,Foundation,YYG
M6YYH,Available,Foundation,YYH
M6YYI,Available,Foundation,YYI
M6YYJ,Available,Foundation,YYJ
M6YYN,Available,Foundation,YYN
M6YYO,Available,Foundation,YYO
M6YYP,Available,Foundation,YYP
M6YYQ,Available,Foundation,YYQ
M6YYR,Available,Foundation,YYR
M6YYS,Available,Foundation,YYS
M6YYT,Available,Foundation,YYT
M6YYU,Available,Foundation,YYU
M6YYV,Available,Foundation,YYV
M6YYW,Available,Foundation,YYW
M6YYX,Available,Foundation,YYX
M6YZA,Available,Foundation,YZA
M6YZB,Available,Foundation,YZB
M6YZC,Available,Foundation,YZC
M6YZD,Available,Foundation,YZD
M6YZE,Available,Foundation,YZE
M6YZG,Available,Foundation,YZG
M6YZH,Available,Foundation,YZH
M6YZI,Available,Foundation,YZI
M6YZJ,Available,Foundation,YZJ
M6YZK,Available,Foundation,YZK
M6YZL,Available,Foundation,YZL
M6YZM,Available,Foundation,YZM
M6YZN,Available,Foundation,YZN
M6YZO,Available,Foundation,YZO
M6YZP,Available,Foundation,YZP
M6YZQ,Available,Foundation,YZQ
M6YZR,Available,Foundation,YZR
M6YZS,Available,Foundation,YZS
M6YZT,Available,Foundation,YZT
M6YZU,Available,Foundation,YZU
M6YZV,Available,Foundation,YZV
M6YZW,Available,Foundation,YZW
M6ZAU,Available,Foundation,ZAU
M6ZAV,Available,Foundation,ZAV
M6ZBB,Available,Foundation,ZBB
M6ZBC,Available,Foundation,ZBC
M6ZBE,Available,Foundation,ZBE
M6ZBG,Available,Foundation,ZBG
M6ZBI,Available,Foundation,ZBI
M6ZBJ,Available,Foundation,ZBJ
M6ZBK,Available,Foundation,ZBK
M6ZBL,Available,Foundation,ZBL
M6ZBM,Available,Foundation,ZBM
M6ZBN,Available,Foundation,ZBN
M6ZBO,Available,Foundation,ZBO
M6ZBP,Available,Foundation,ZBP
M6ZBQ,Available,Foundation,ZBQ
M6ZBS,Available,Foundation,ZBS
M6ZBU,Available,Foundation,ZBU
M6ZBV,Available,Foundation,ZBV
M6ZBW,Available,Foundation,ZBW
M6ZBX,Available,Foundation,ZBX
M6ZBY,Available,Foundation,ZBY
M6ZBZ,Available,Foundation,ZBZ
M6ZCA,Available,Foundation,ZCA
M6ZCB,Available,Foundation,ZCB
M6ZCC,Available,Foundation,ZCC
M6ZCD,Available,Foundation,ZCD
M6ZCE,Available,Foundation,ZCE
M6ZCF,Available,Foundation,ZCF
M6ZCG,Available,Foundation,ZCG
M6ZCH,Available,Foundation,ZCH
M6ZCI,Available,Foundation,ZCI
M6ZCJ,Available,Foundation,ZCJ
M6ZCK,Available,Foundation,ZCK
M6ZCL,Available,Foundation,ZCL
M6ZCM,Available,Foundation,ZCM
M6ZCN,Available,Foundation,ZCN
M6ZCO,Available,Foundation,ZCO
M6ZCP,Available,Foundation,ZCP
M6ZCQ,Available,Foundation,ZCQ
M6ZCS,Available,Foundation,ZCS
M6ZCT,Available,Foundation,ZCT
M6ZCU,Available,Foundation,ZCU
M6ZCV,Available,Foundation,ZCV
M6ZCW,Available,Foundation,ZCW
M6ZCX,Available,Foundation,ZCX
M6ZCY,Available,Foundation,ZCY
M6ZCZ,Available,Foundation,ZCZ
M6ZDE,Available,Foundation,ZDE
M6ZDF,Available,Foundation,ZDF
M6ZDG,Available,Foundation,ZDG
M6ZDH,Available,Foundation,ZDH
M6ZDI,Available,Foundation,ZDI
M6ZDJ,Available,Foundation,ZDJ
M6ZDL,Available,Foundation,ZDL
M6ZDM,Available,Foundation,ZDM
M6ZDN,Available,Foundation,ZDN
M6ZDO,Available,Foundation,ZDO
M6ZDP,Available,Foundation,ZDP
M6ZDQ,Available,Foundation,ZDQ
M6ZDR,Available,Foundation,ZDR
M6ZDS,Available,Foundation,ZDS
M6ZDT,Available,Foundation,ZDT
M6ZDU,Available,Foundation,ZDU
M6ZDV,Available,Foundation,ZDV
M6ZDY,Available,Foundation,ZDY
M6ZEA,Available,Foundation,ZEA
M6ZEB,Available,Foundation,ZEB
M6ZEC,Available,Foundation,ZEC
M6ZEE,Available,Foundation,ZEE
M6ZEG,Available,Foundation,ZEG
M6ZEH,Available,Foundation,ZEH
M6ZEI,Available,Foundation,ZEI
M6ZEM,Available,Foundation,ZEM
M6ZEO,Available,Foundation,ZEO
M6ZEQ,Available,Foundation,ZEQ
M6ZER,Available,Foundation,ZER
M6ZES,Available,Foundation,ZES
M6ZEU,Available,Foundation,ZEU
M6ZEV,Available,Foundation,ZEV
M6ZEW,Available,Foundation,ZEW
M6ZEX,Available,Foundation,ZEX
M6ZFA,Available,Foundation,ZFA
M6ZFB,Available,Foundation,ZFB
M6ZFC,Available,Foundation,ZFC
M6ZFD,Available,Foundation,ZFD
M6ZFE,Available,Foundation,ZFE
M6ZFF,Available,Foundation,ZFF
M6ZFG,Available,Foundation,ZFG
M6ZFH,Available,Foundation,ZFH
M6ZFI,Available,Foundation,ZFI
M6ZFJ,Available,Foundation,ZFJ
M6ZFK,Available,Foundation,ZFK
M6ZFL,Available,Foundation,ZFL
M6ZFM,Available,Foundation,ZFM
M6ZFN,Available,Foundation,ZFN
M6ZFO,Available,Foundation,ZFO
M6ZFP,Available,Foundation,ZFP
M6ZFQ,Available,Foundation,ZFQ
M6ZFR,Available,Foundation,ZFR
M6ZFS,Available,Foundation,ZFS
M6ZFT,Available,Foundation,ZFT
M6ZFU,Available,Foundation,ZFU
M6ZFV,Available,Foundation,ZFV
M6ZFW,Available,Foundation,ZFW
M6ZFY,Available,Foundation,ZFY
M6ZFZ,Available,Foundation,ZFZ
M6ZGA,Available,Foundation,ZGA
M6ZGB,Available,Foundation,ZGB
M6ZGC,Available,Foundation,ZGC
M6ZGD,Available,Foundation,ZGD
M6ZGE,Available,Foundation,ZGE
M6ZGF,Available,Foundation,ZGF
M6ZGG,Available,Foundation,ZGG
M6ZGH,Available,Foundation,ZGH
M6ZGI,Available,Foundation,ZGI
M6ZGJ,Available,Foundation,ZGJ
M6ZGK,Available,Foundation,ZGK
M6ZGL,Available,Foundation,ZGL
M6ZGM,Available,Foundation,ZGM
M6ZGN,Available,Foundation,ZGN
M6ZGO,Available,Foundation,ZGO
M6ZGP,Available,Foundation,ZGP
M6ZGQ,Available,Foundation,ZGQ
M6ZGR,Available,Foundation,ZGR
M6ZGS,Available,Foundation,ZGS
M6ZGT,Available,Foundation,ZGT
M6ZGU,Available,Foundation,ZGU
M6ZGV,Available,Foundation,ZGV
M6ZGW,Available,Foundation,ZGW
M6ZGX,Available,Foundation,ZGX
M6ZGY,Available,Foundation,ZGY
M6ZGZ,Available,Foundation,ZGZ
M6ZHA,Available,Foundation,ZHA
M6ZHB,Available,Foundation,ZHB
M6ZHC,Available,Foundation,ZHC
M6ZHD,Available,Foundation,ZHD
M6ZHE,Available,Foundation,ZHE
M6ZHF,Available,Foundation,ZHF
M6ZHG,Available,Foundation,ZHG
M6ZHH,Available,Foundation,ZHH
M6ZHI,Available,Foundation,ZHI
M6ZHJ,Available,Foundation,ZHJ
M6ZHK,Available,Foundation,ZHK
M6ZHL,Available,Foundation,ZHL
M6ZHM,Available,Foundation,ZHM
M6ZHN,Available,Foundation,ZHN
M6ZHO,Available,Foundation,ZHO
M6ZHP,Available,Foundation,ZHP
M6ZHQ,Available,Foundation,ZHQ
M6ZHR,Available,Foundation,ZHR
M6ZHS,Available,Foundation,ZHS
M6ZHT,Available,Foundation,ZHT
M6ZHU,Available,Foundation,ZHU
M6ZHV,Available,Foundation,ZHV
M6ZHW,Available,Foundation,ZHW
M6ZHX,Available,Foundation,ZHX
M6ZHY,Available,Foundation,ZHY
M6ZHZ,Available,Foundation,ZHZ
M6ZIA,Available,Foundation,ZIA
M6ZIB,Available,Foundation,ZIB
M6ZIC,Available,Foundation,ZIC
M6ZID,Available,Foundation,ZID
M6ZIE,Available,Foundation,ZIE
M6ZIF,Available,Foundation,ZIF
M6ZIH,Available,Foundation,ZIH
M6ZII,Available,Foundation,ZII
M6ZIJ,Available,Foundation,ZIJ
M6ZIK,Available,Foundation,ZIK
M6ZIL,Available,Foundation,ZIL
M6ZIN,Available,Foundation,ZIN
M6ZIO,Available,Foundation,ZIO
M6ZIQ,Available,Foundation,ZIQ
M6ZIR,Available,Foundation,ZIR
M6ZIS,Available,Foundation,ZIS
M6ZIU,Available,Foundation,ZIU
M6ZIV,Available,Foundation,ZIV
M6ZIW,Available,Foundation,ZIW
M6ZIX,Available,Foundation,ZIX
M6ZJA,Available,Foundation,ZJA
M6ZJB,Available,Foundation,ZJB
M6ZJD,Available,Foundation,ZJD
M6ZJE,Available,Foundation,ZJE
M6ZJF,Available,Foundation,ZJF
M6ZJG,Available,Foundation,ZJG
M6ZJH,Available,Foundation,ZJH
M6ZJI,Available,Foundation,ZJI
M6ZJJ,Available,Foundation,ZJJ
M6ZJK,Available,Foundation,ZJK
M6ZJL,Available,Foundation,ZJL
M6ZJM,Available,Foundation,ZJM
M6ZJN,Available,Foundation,ZJN
M6ZJP,Available,Foundation,ZJP
M6ZJQ,Available,Foundation,ZJQ
M6ZJR,Available,Foundation,ZJR
M6ZJU,Available,Foundation,ZJU
M6ZJV,Available,Foundation,ZJV
M6ZJW,Available,Foundation,ZJW
M6ZJX,Available,Foundation,ZJX
M6ZJY,Available,Foundation,ZJY
M6ZJZ,Available,Foundation,ZJZ
M6ZKB,Available,Foundation,ZKB
M6ZKE,Available,Foundation,ZKE
M6ZKF,Available,Foundation,ZKF
M6ZKH,Available,Foundation,ZKH
M6ZKI,Available,Foundation,ZKI
M6ZKJ,Available,Foundation,ZKJ
M6ZKK,Available,Foundation,ZKK
M6ZKL,Available,Foundation,ZKL
M6ZKM,Available,Foundation,ZKM
M6ZKN,Available,Foundation,ZKN
M6ZKO,Available,Foundation,ZKO
M6ZKP,Available,Foundation,ZKP
M6ZKQ,Available,Foundation,ZKQ
M6ZKR,Available,Foundation,ZKR
M6ZKS,Available,Foundation,ZKS
M6ZKT,Available,Foundation,ZKT
M6ZKU,Available,Foundation,ZKU
M6ZKV,Available,Foundation,ZKV
M6ZKW,Available,Foundation,ZKW
M6ZKY,Available,Foundation,ZKY
M6ZKZ,Available,Foundation,ZKZ
M6ZLA,Available,Foundation,ZLA
M6ZLB,Available,Foundation,ZLB
M6ZLE,Available,Foundation,ZLE
M6ZLF,Available,Foundation,ZLF
M6ZLH,Available,Foundation,ZLH
M6ZLI,Available,Foundation,ZLI
M6ZLJ,Available,Foundation,ZLJ
M6ZLK,Available,Foundation,ZLK
M6ZLL,Available,Foundation,ZLL
M6ZLM,Available,Foundation,ZLM
M6ZLO,Available,Foundation,ZLO
M6ZLQ,Available,Foundation,ZLQ
M6ZLR,Available,Foundation,ZLR
M6ZLS,Available,Foundation,ZLS
M6ZLT,Available,Foundation,ZLT
M6ZLU,Available,Foundation,ZLU
M6ZLV,Available,Foundation,ZLV
M6ZLW,Available,Foundation,ZLW
M6ZLY,Available,Foundation,ZLY
M6ZLZ,Available,Foundation,ZLZ
M6ZMA,Available,Foundation,ZMA
M6ZMB,Available,Foundation,ZMB
M6ZMC,Available,Foundation,ZMC
M6ZME,Available,Foundation,ZME
M6ZMF,Available,Foundation,ZMF
M6ZMG,Available,Foundation,ZMG
M6ZMH,Available,Foundation,ZMH
M6ZMI,Available,Foundation,ZMI
M6ZMJ,Available,Foundation,ZMJ
M6ZMK,Available,Foundation,ZMK
M6ZML,Available,Foundation,ZML
M6ZMM,Available,Foundation,ZMM
M6ZMN,Available,Foundation,ZMN
M6ZMO,Available,Foundation,ZMO
M6ZMP,Available,Foundation,ZMP
M6ZMQ,Available,Foundation,ZMQ
M6ZMR,Available,Foundation,ZMR
M6ZMS,Available,Foundation,ZMS
M6ZMT,Available,Foundation,ZMT
M6ZMU,Available,Foundation,ZMU
M6ZMW,Available,Foundation,ZMW
M6ZMX,Available,Foundation,ZMX
M6ZMY,Available,Foundation,ZMY
M6ZMZ,Available,Foundation,ZMZ
M6ZNA,Available,Foundation,ZNA
M6ZNB,Available,Foundation,ZNB
M6ZNC,Available,Foundation,ZNC
M6ZND,Available,Foundation,ZND
M6ZNE,Available,Foundation,ZNE
M6ZNG,Available,Foundation,ZNG
M6ZNH,Available,Foundation,ZNH
M6ZNI,Available,Foundation,ZNI
M6ZNJ,Available,Foundation,ZNJ
M6ZNK,Available,Foundation,ZNK
M6ZNL,Available,Foundation,ZNL
M6ZNM,Available,Foundation,ZNM
M6ZNN,Available,Foundation,ZNN
M6ZNO,Available,Foundation,ZNO
M6ZNP,Available,Foundation,ZNP
M6ZNQ,Available,Foundation,ZNQ
M6ZNR,Available,Foundation,ZNR
M6ZNS,Available,Foundation,ZNS
M6ZNT,Available,Foundation,ZNT
M6ZNU,Available,Foundation,ZNU
M6ZNV,Available,Foundation,ZNV
M6ZNW,Available,Foundation,ZNW
M6ZNX,Available,Foundation,ZNX
M6ZNY,Available,Foundation,ZNY
M6ZOA,Available,Foundation,ZOA
M6ZOB,Available,Foundation,ZOB
M6ZOC,Available,Foundation,ZOC
M6ZOD,Available,Foundation,ZOD
M6ZOF,Available,Foundation,ZOF
M6ZOH,Available,Foundation,ZOH
M6ZOI,Available,Foundation,ZOI
M6ZOJ,Available,Foundation,ZOJ
M6ZOK,Available,Foundation,ZOK
M6ZON,Available,Foundation,ZON
M6ZOP,Available,Foundation,ZOP
M6ZOQ,Available,Foundation,ZOQ
M6ZOR,Available,Foundation,ZOR
M6ZOS,Available,Foundation,ZOS
M6ZOU,Available,Foundation,ZOU
M6ZOV,Available,Foundation,ZOV
M6ZOW,Available,Foundation,ZOW
M6ZOX,Available,Foundation,ZOX
M6ZOY,Available,Foundation,ZOY
M6ZPA,Available,Foundation,ZPA
M6ZPB,Available,Foundation,ZPB
M6ZPC,Available,Foundation,ZPC
M6ZPD,Available,Foundation,ZPD
M6ZPE,Available,Foundation,ZPE
M6ZPF,Available,Foundation,ZPF
M6ZPH,Available,Foundation,ZPH
M6ZPJ,Available,Foundation,ZPJ
M6ZPK,Available,Foundation,ZPK
M6ZPL,Available,Foundation,ZPL
M6ZPN,Available,Foundation,ZPN
M6ZPO,Available,Foundation,ZPO
M6ZPP,Available,Foundation,ZPP
M6ZPQ,Available,Foundation,ZPQ
M6ZPR,Available,Foundation,ZPR
M6ZPS,Available,Foundation,ZPS
M6ZPT,Available,Foundation,ZPT
M6ZPU,Available,Foundation,ZPU
M6ZPV,Available,Foundation,ZPV
M6ZPW,Available,Foundation,ZPW
M6ZPX,Available,Foundation,ZPX
M6ZQA,Available,Foundation,ZQA
M6ZQB,Available,Foundation,ZQB
M6ZQC,Available,Foundation,ZQC
M6ZQD,Available,Foundation,ZQD
M6ZQE,Available,Foundation,ZQE
M6ZQF,Available,Foundation,ZQF
M6ZQG,Available,Foundation,ZQG
M6ZQH,Available,Foundation,ZQH
M6ZQI,Available,Foundation,ZQI
M6ZQJ,Available,Foundation,ZQJ
M6ZQK,Available,Foundation,ZQK
M6ZQL,Available,Foundation,ZQL
M6ZQM,Available,Foundation,ZQM
M6ZQN,Available,Foundation,ZQN
M6ZQO,Available,Foundation,ZQO
M6ZQP,Available,Foundation,ZQP
M6ZQR,Available,Foundation,ZQR
M6ZQS,Available,Foundation,ZQS
M6ZQT,Available,Foundation,ZQT
M6ZQU,Available,Foundation,ZQU
M6ZQV,Available,Foundation,ZQV
M6ZQW,Available,Foundation,ZQW
M6ZQX,Available,Foundation,ZQX
M6ZQY,Available,Foundation,ZQY
M6ZQZ,Available,Foundation,ZQZ
M6ZRA,Available,Foundation,ZRA
M6ZRC,Available,Foundation,ZRC
M6ZRD,Available,Foundation,ZRD
M6ZRE,Available,Foundation,ZRE
M6ZRF,Available,Foundation,ZRF
M6ZRG,Available,Foundation,ZRG
M6ZRH,Available,Foundation,ZRH
M6ZRI,Available,Foundation,ZRI
M6ZRJ,Available,Foundation,ZRJ
M6ZRK,Available,Foundation,ZRK
M6ZRM,Available,Foundation,ZRM
M6ZRN,Available,Foundation,ZRN
M6ZRO,Available,Foundation,ZRO
M6ZRP,Available,Foundation,ZRP
M6ZRQ,Available,Foundation,ZRQ
M6ZRR,Available,Foundation,ZRR
M6ZRS,Available,Foundation,ZRS
M6ZRU,Available,Foundation,ZRU
M6ZRV,Available,Foundation,ZRV
M6ZRW,Available,Foundation,ZRW
M6ZRX,Available,Foundation,ZRX
M6ZRY,Available,Foundation,ZRY
M6ZRZ,Available,Foundation,ZRZ
M6ZSA,Available,Foundation,ZSA
M6ZSD,Available,Foundation,ZSD
M6ZSF,Available,Foundation,ZSF
M6ZSG,Available,Foundation,ZSG
M6ZSH,Available,Foundation,ZSH
M6ZSI,Available,Foundation,ZSI
M6ZSJ,Available,Foundation,ZSJ
M6ZSL,Available,Foundation,ZSL
M6ZSM,Available,Foundation,ZSM
M6ZSN,Available,Foundation,ZSN
M6ZSO,Available,Foundation,ZSO
M6ZSP,Available,Foundation,ZSP
M6ZSQ,Available,Foundation,ZSQ
M6ZSS,Available,Foundation,ZSS
M6ZSV,Available,Foundation,ZSV
M6ZSW,Available,Foundation,ZSW
M6ZSX,Available,Foundation,ZSX
M6ZSY,Available,Foundation,ZSY
M6ZSZ,Available,Foundation,ZSZ
M6ZTA,Available,Foundation,ZTA
M6ZTB,Available,Foundation,ZTB
M6ZTD,Available,Foundation,ZTD
M6ZTE,Available,Foundation,ZTE
M6ZTF,Available,Foundation,ZTF
M6ZTG,Available,Foundation,ZTG
M6ZTH,Available,Foundation,ZTH
M6ZTI,Available,Foundation,ZTI
M6ZTJ,Available,Foundation,ZTJ
M6ZTK,Available,Foundation,ZTK
M6ZTL,Available,Foundation,ZTL
M6ZTN,Available,Foundation,ZTN
M6ZTO,Available,Foundation,ZTO
M6ZTQ,Available,Foundation,ZTQ
M6ZTR,Available,Foundation,ZTR
M6ZTS,Available,Foundation,ZTS
M6ZTT,Available,Foundation,ZTT
M6ZTU,Available,Foundation,ZTU
M6ZTV,Available,Foundation,ZTV
M6ZTW,Available,Foundation,ZTW
M6ZTY,Available,Foundation,ZTY
M6ZTZ,Available,Foundation,ZTZ
M6ZUA,Available,Foundation,ZUA
M6ZUB,Available,Foundation,ZUB
M6ZUC,Available,Foundation,ZUC
M6ZUD,Available,Foundation,ZUD
M6ZUE,Available,Foundation,ZUE
M6ZUF,Available,Foundation,ZUF
M6ZUG,Available,Foundation,ZUG
M6ZUH,Available,Foundation,ZUH
M6ZUI,Available,Foundation,ZUI
M6ZUJ,Available,Foundation,ZUJ
M6ZUK,Available,Foundation,ZUK
M6ZUL,Available,Foundation,ZUL
M6ZUN,Available,Foundation,ZUN
M6ZUO,Available,Foundation,ZUO
M6ZUP,Available,Foundation,ZUP
M6ZUQ,Available,Foundation,ZUQ
M6ZUR,Available,Foundation,ZUR
M6ZUS,Available,Foundation,ZUS
M6ZUU,Available,Foundation,ZUU
M6ZUV,Available,Foundation,ZUV
M6ZUW,Available,Foundation,ZUW
M6ZUX,Available,Foundation,ZUX
M6ZUZ,Available,Foundation,ZUZ
M6ZVA,Available,Foundation,ZVA
M6ZVB,Available,Foundation,ZVB
M6ZVC,Available,Foundation,ZVC
M6ZVE,Available,Foundation,ZVE
M6ZVF,Available,Foundation,ZVF
M6ZVG,Available,Foundation,ZVG
M6ZVH,Available,Foundation,ZVH
M6ZVI,Available,Foundation,ZVI
M6ZVJ,Available,Foundation,ZVJ
M6ZVK,Available,Foundation,ZVK
M6ZVM,Available,Foundation,ZVM
M6ZVN,Available,Foundation,ZVN
M6ZVO,Available,Foundation,ZVO
M6ZVP,Available,Foundation,ZVP
M6ZVQ,Available,Foundation,ZVQ
M6ZVR,Available,Foundation,ZVR
M6ZVS,Available,Foundation,ZVS
M6ZVT,Available,Foundation,ZVT
M6ZVU,Available,Foundation,ZVU
M6ZVV,Available,Foundation,ZVV
M6ZVW,Available,Foundation,ZVW
M6ZVX,Available,Foundation,ZVX
M6ZVY,Available,Foundation,ZVY
M6ZVZ,Available,Foundation,ZVZ
M6ZWA,Available,Foundation,ZWA
M6ZWC,Available,Foundation,ZWC
M6ZWD,Available,Foundation,ZWD
M6ZWE,Available,Foundation,ZWE
M6ZWF,Available,Foundation,ZWF
M6ZWG,Available,Foundation,ZWG
M6ZWH,Available,Foundation,ZWH
M6ZWI,Available,Foundation,ZWI
M6ZWJ,Available,Foundation,ZWJ
M6ZWK,Available,Foundation,ZWK
M6ZWL,Available,Foundation,ZWL
M6ZWM,Available,Foundation,ZWM
M6ZWN,Available,Foundation,ZWN
M6ZWO,Available,Foundation,ZWO
M6ZWQ,Available,Foundation,ZWQ
M6ZWR,Available,Foundation,ZWR
M6ZWS,Available,Foundation,ZWS
M6ZWT,Available,Foundation,ZWT
M6ZWU,Available,Foundation,ZWU
M6ZWV,Available,Foundation,ZWV
M6ZWW,Available,Foundation,ZWW
M6ZWX,Available,Foundation,ZWX
M6ZWY,Available,Foundation,ZWY
M6ZWZ,Available,Foundation,ZWZ
M6ZXC,Available,Foundation,ZXC
M6ZXD,Available,Foundation,ZXD
M6ZXE,Available,Foundation,ZXE
M6ZXF,Available,Foundation,ZXF
M6ZXG,Available,Foundation,ZXG
M6ZXH,Available,Foundation,ZXH
M6ZXJ,Available,Foundation,ZXJ
M6ZXK,Available,Foundation,ZXK
M6ZXL,Available,Foundation,ZXL
M6ZXM,Available,Foundation,ZXM
M6ZXN,Available,Foundation,ZXN
M6ZXO,Available,Foundation,ZXO
M6ZXP,Available,Foundation,ZXP
M6ZXQ,Available,Foundation,ZXQ
M6ZXS,Available,Foundation,ZXS
M6ZXU,Available,Foundation,ZXU
M6ZXV,Available,Foundation,ZXV
M6ZXW,Available,Foundation,ZXW
M6ZXX,Available,Foundation,ZXX
M6ZXY,Available,Foundation,ZXY
M6ZYA,Available,Foundation,ZYA
M6ZYB,Available,Foundation,ZYB
M6ZYC,Available,Foundation,ZYC
M6ZYD,Available,Foundation,ZYD
M6ZYE,Available,Foundation,ZYE
M6ZYF,Available,Foundation,ZYF
M6ZYG,Available,Foundation,ZYG
M6ZYH,Available,Foundation,ZYH
M6ZYI,Available,Foundation,ZYI
M6ZYJ,Available,Foundation,ZYJ
M6ZYK,Available,Foundation,ZYK
M6ZYL,Available,Foundation,ZYL
M6ZYM,Available,Foundation,ZYM
M6ZYN,Available,Foundation,ZYN
M6ZYO,Available,Foundation,ZYO
M6ZYP,Available,Foundation,ZYP
M6ZYQ,Available,Foundation,ZYQ
M6ZYR,Available,Foundation,ZYR
M6ZYS,Available,Foundation,ZYS
M6ZYT,Available,Foundation,ZYT
M6ZYU,Available,Foundation,ZYU
M6ZYV,Available,Foundation,ZYV
M6ZYW,Available,Foundation,ZYW
M6ZYY,Available,Foundation,ZYY
M6ZZA,Available,Foundation,ZZA
M6ZZB,Available,Foundation,ZZB
M6ZZC,Available,Foundation,ZZC
M6ZZF,Available,Foundation,ZZF
M6ZZG,Available,Foundation,ZZG
M6ZZH,Available,Foundation,ZZH
M6ZZJ,Available,Foundation,ZZJ
M6ZZK,Available,Foundation,ZZK
M6ZZL,Available,Foundation,ZZL
M6ZZM,Available,Foundation,ZZM
M6ZZN,Available,Foundation,ZZN
M6ZZP,Available,Foundation,ZZP
M6ZZQ,Available,Foundation,ZZQ
M6ZZU,Available,Foundation,ZZU
M6ZZV,Available,Foundation,ZZV
M6ZZW,Available,Foundation,ZZW
M6ZZX,Available,Foundation,ZZX
