callsign,status,licence_class,suffix
M6FEQ,Available,Amateur Foundation Radio Licence,FEQ
M6FEU,Available,Amateur Foundation Radio Licence,FEU
M6FEV,Available,Amateur Foundation Radio Licence,FEV
M6FEX,Available,Amateur Foundation Radio Licence,FEX
M6FFA,Available,Amateur Foundation Radio Licence,FFA
M6FFB,Available,Amateur Foundation Radio Licence,FFB
M6FFE,Available,Amateur Foundation Radio Licence,FFE
M6FFG,Available,Amateur Foundation Radio Licence,FFG
M6FFI,Available,Amateur Foundation Radio Licence,FFI
M6FFJ,Available,Amateur Foundation Radio Licence,FFJ
M6FFK,Available,Amateur Foundation Radio Licence,FFK
M6FFL,Available,Amateur Foundation Radio Licence,FFL
M6FFN,Available,Amateur Foundation Radio Licence,FFN
M6FFO,Available,Amateur Foundation Radio Licence,FFO
M6FFP,Available,Amateur Foundation Radio Licence,FFP
M6FFQ,Available,Amateur Foundation Radio Licence,FFQ
M6FFU,Available,Amateur Foundation Radio Licence,FFU
M6FFV,Available,Amateur Foundation Radio Licence,FFV
M6FFW,Available,Amateur Foundation Radio Licence,FFW
M6FFX,Available,Amateur Foundation Radio Licence,FFX
M6FFY,Available,Amateur Foundation Radio Licence,FFY
M6FFZ,Available,Amateur Foundation Radio Licence,FFZ
M6FGA,Available,Amateur Foundation Radio Licence,FGA
M6FGB,Available,Amateur Foundation Radio Licence,FGB
M6FGC,Available,Amateur Foundation Radio Licence,FGC
M6FGD,Available,Amateur Foundation Radio Licence,FGD
M6FGE,Available,Amateur Foundation Radio Licence,FGE
M6FGI,Available,Amateur Foundation Radio Licence,FGI
M6FGJ,Available,Amateur Foundation Radio Licence,FGJ
M6FGK,Available,Amateur Foundation Radio Licence,FGK
M6FGL,Available,Amateur Foundation Radio Licence,FGL
M6FGM,Available,Amateur Foundation Radio Licence,FGM
M6FGN,Available,Amateur Foundation Radio Licence,FGN
M6FGO,Available,Amateur Foundation Radio Licence,FGO
M6FGQ,Available,Amateur Foundation Radio Licence,FGQ
M6FGR,Available,Amateur Foundation Radio Licence,FGR
M6FGS,Available,Amateur Foundation Radio Licence,FGS
M6FGT,Available,Amateur Foundation Radio Licence,FGT
M6FGU,Available,Amateur Foundation Radio Licence,FGU
M6FGV,Available,Amateur Foundation Radio Licence,FGV
M6FGX,Available,Amateur Foundation Radio Licence,FGX
M6FGZ,Available,Amateur Foundation Radio Licence,FGZ
M6FHA,Available,Amateur Foundation Radio Licence,FHA
M6FHB,Available,Amateur Foundation Radio Licence,FHB
M6FHD,Available,Amateur Foundation Radio Licence,FHD
M6FHE,Available,Amateur Foundation Radio Licence,FHE
M6FHF,Available,Amateur Foundation Radio Licence,FHF
M6FHG,Available,Amateur Foundation Radio Licence,FHG
M6FHJ,Available,Amateur Foundation Radio Licence,FHJ
M6FHK,Available,Amateur Foundation Radio Licence,FHK
M6FHL,Available,Amateur Foundation Radio Licence,FHL
M6FHN,Available,Amateur Foundation Radio Licence,FHN
M6FHO,Available,Amateur Foundation Radio Licence,FHO
M6FHP,Available,Amateur Foundation Radio Licence,FHP
M6FHQ,Available,Amateur Foundation Radio Licence,FHQ
M6FHS,Available,Amateur Foundation Radio Licence,FHS
M6FHT,Available,Amateur Foundation Radio Licence,FHT
M6FHU,Available,Amateur Foundation Radio Licence,FHU
M6FHV,Available,Amateur Foundation Radio Licence,FHV
M6FHX,Available,Amateur Foundation Radio Licence,FHX
M6FHY,Available,Amateur Foundation Radio Licence,FHY
M6FIB,Available,Amateur Foundation Radio Licence,FIB
M6FID,Available,Amateur Foundation Radio Licence,FID
M6FIE,Available,Amateur Foundation Radio Licence,FIE
M6FIF,Available,Amateur Foundation Radio Licence,FIF
M6FIH,Available,Amateur Foundation Radio Licence,FIH
M6FII,Available,Amateur Foundation Radio Licence,FII
M6FIJ,Available,Amateur Foundation Radio Licence,FIJ
M6FIK,Available,Amateur Foundation Radio Licence,FIK
M6FIM,Available,Amateur Foundation Radio Licence,FIM
M6FIO,Available,Amateur Foundation Radio Licence,FIO
M6FIP,Available,Amateur Foundation Radio Licence,FIP
M6FIQ,Available,Amateur Foundation Radio Licence,FIQ
M6FIU,Available,Amateur Foundation Radio Licence,FIU
M6FIV,Available,Amateur Foundation Radio Licence,FIV
M6FIW,Available,Amateur Foundation Radio Licence,FIW
M6FIY,Available,Amateur Foundation Radio Licence,FIY
M6FJE,Available,Amateur Foundation Radio Licence,FJE
M6FJF,Available,Amateur Foundation Radio Licence,FJF
M6FJG,Available,Amateur Foundation Radio Licence,FJG
M6FJH,Available,Amateur Foundation Radio Licence,FJH
M6FJI,Available,Amateur Foundation Radio Licence,FJI
M6FJK,Available,Amateur Foundation Radio Licence,FJK
M6FJL,Available,Amateur Foundation Radio Licence,FJL
M6FJM,Available,Amateur Foundation Radio Licence,FJM
M6FJN,Available,Amateur Foundation Radio Licence,FJN
M6FJO,Available,Amateur Foundation Radio Licence,FJO
M6FJP,Available,Amateur Foundation Radio Licence,FJP
M6FJQ,Available,Amateur Foundation Radio Licence,FJQ
M6FJS,Available,Amateur Foundation Radio Licence,FJS
M6FJT,Available,Amateur Foundation Radio Licence,FJT
M6FJU,Available,Amateur Foundation Radio Licence,FJU
M6FJV,Available,Amateur Foundation Radio Licence,FJV
M6FJW,Available,Amateur Foundation Radio Licence,FJW
M6FJX,Available,Amateur Foundation Radio Licence,FJX
M6FJZ,Available,Amateur Foundation Radio Licence,FJZ
M6FKA,Available,Amateur Foundation Radio Licence,FKA
M6FKB,Available,Amateur Foundation Radio Licence,FKB
M6FKC,Available,Amateur Foundation Radio Licence,FKC
M6FKD,Available,Amateur Foundation Radio Licence,FKD
M6FKE,Available,Amateur Foundation Radio Licence,FKE
M6FKF,Available,Amateur Foundation Radio Licence,FKF
M6FKG,Available,Amateur Foundation Radio Licence,FKG
M6FKH,Available,Amateur Foundation Radio Licence,FKH
M6FKI,Available,Amateur Foundation Radio Licence,FKI
M6FKL,Available,Amateur Foundation Radio Licence,FKL
M6FKN,Available,Amateur Foundation Radio Licence,FKN
M6FKO,Available,Amateur Foundation Radio Licence,FKO
M6FKP,Available,Amateur Foundation Radio Licence,FKP
M6FKQ,Available,Amateur Foundation Radio Licence,FKQ
M6FKR,Available,Amateur Foundation Radio Licence,FKR
M6FKS,Available,Amateur Foundation Radio Licence,FKS
M6FKT,Available,Amateur Foundation Radio Licence,FKT
M6FKV,Available,Amateur Foundation Radio Licence,FKV
M6FKW,Available,Amateur Foundation Radio Licence,FKW
M6FKX,Available,Amateur Foundation Radio Licence,FKX
M6FKY,Available,Amateur Foundation Radio Licence,FKY
M6FKZ,Available,Amateur Foundation Radio Licence,FKZ
M6FLF,Available,Amateur Foundation Radio Licence,FLF
M6FLJ,Available,Amateur Foundation Radio Licence,FLJ
M6FLQ,Available,Amateur Foundation Radio Licence,FLQ
M6FLR,Available,Amateur Foundation Radio Licence,FLR
M6FLS,Available,Amateur Foundation Radio Licence,FLS
M6FLU,Available,Amateur Foundation Radio Licence,FLU
M6FLV,Available,Amateur Foundation Radio Licence,FLV
M6FLW,Available,Amateur Foundation Radio Licence,FLW
M6FLZ,Available,Amateur Foundation Radio Licence,FLZ
M6FMB,Available,Amateur Foundation Radio Licence,FMB
M6FMF,Available,Amateur Foundation Radio Licence,FMF
M6FMH,Available,Amateur Foundation Radio Licence,FMH
M6FMI,Available,Amateur Foundation Radio Licence,FMI
M6FMK,Available,Amateur Foundation Radio Licence,FMK
M6FMN,Available,Amateur Foundation Radio Licence,FMN
M6FMP,Available,Amateur Foundation Radio Licence,FMP
M6FMQ,Available,Amateur Foundation Radio Licence,FMQ
M6FMR,Available,Amateur Foundation Radio Licence,FMR
M6FMT,Available,Amateur Foundation Radio Licence,FMT
M6FMV,Available,Amateur Foundation Radio Licence,FMV
M6FMW,Available,Amateur Foundation Radio Licence,FMW
M6FMX,Available,Amateur Foundation Radio Licence,FMX
M6FMY,Available,Amateur Foundation Radio Licence,FMY
M6FMZ,Available,Amateur Foundation Radio Licence,FMZ
M6FNA,Available,Amateur Foundation Radio Licence,FNA
M6FNC,Available,Amateur Foundation Radio Licence,FNC
M6FND,Available,Amateur Foundation Radio Licence,FND
M6FNE,Available,Amateur Foundation Radio Licence,FNE
M6FNF,Available,Amateur Foundation Radio Licence,FNF
M6FNH,Available,Amateur Foundation Radio Licence,FNH
M6FNI,Available,Amateur Foundation Radio Licence,FNI
M6FNJ,Available,Amateur Foundation Radio Licence,FNJ
M6FNL,Available,Amateur Foundation Radio Licence,FNL
M6FNN,Available,Amateur Foundation Radio Licence,FNN
M6FNO,Available,Amateur Foundation Radio Licence,FNO
M6FNP,Available,Amateur Foundation Radio Licence,FNP
M6FNQ,Available,Amateur Foundation Radio Licence,FNQ
M6FNS,Available,Amateur Foundation Radio Licence,FNS
M6FNT,Available,Amateur Foundation Radio Licence,FNT
M6FNU,Available,Amateur Foundation Radio Licence,FNU
M6FNV,Available,Amateur Foundation Radio Licence,FNV
M6FNW,Available,Amateur Foundation Radio Licence,FNW
M6FNX,Available,Amateur Foundation Radio Licence,FNX
M6FNY,Available,Amateur Foundation Radio Licence,FNY
M6FNZ,Available,Amateur Foundation Radio Licence,FNZ
M6FOE,Available,Amateur Foundation Radio Licence,FOE
M6FOH,Available,Amateur Foundation Radio Licence,FOH
M6FOI,Available,Amateur Foundation Radio Licence,FOI
M6FOK,Available,Amateur Foundation Radio Licence,FOK
M6FOL,Available,Amateur Foundation Radio Licence,FOL
M6FON,Available,Amateur Foundation Radio Licence,FON
M6FOQ,Available,Amateur Foundation Radio Licence,FOQ
M6FOT,Available,Amateur Foundation Radio Licence,FOT
M6FOV,Available,Amateur Foundation Radio Licence,FOV
M6FOW,Available,Amateur Foundation Radio Licence,FOW
M6FPA,Available,Amateur Foundation Radio Licence,FPA
M6FPB,Available,Amateur Foundation Radio Licence,FPB
M6FPH,Available,Amateur Foundation Radio Licence,FPH
M6FPI,Available,Amateur Foundation Radio Licence,FPI
M6FPJ,Available,Amateur Foundation Radio Licence,FPJ
M6FPL,Available,Amateur Foundation Radio Licence,FPL
M6FPM,Available,Amateur Foundation Radio Licence,FPM
M6FPN,Available,Amateur Foundation Radio Licence,FPN
M6FPP,Available,Amateur Foundation Radio Licence,FPP
M6FPQ,Available,Amateur Foundation Radio Licence,FPQ
M6FPR,Available,Amateur Foundation Radio Licence,FPR
M6FPT,Available,Amateur Foundation Radio Licence,FPT
M6FPU,Available,Amateur Foundation Radio Licence,FPU
M6FPW,Available,Amateur Foundation Radio Licence,FPW
M6FPX,Available,Amateur Foundation Radio Licence,FPX
M6FPY,Available,Amateur Foundation Radio Licence,FPY
M6FPZ,Available,Amateur Foundation Radio Licence,FPZ
M6FQA,Available,Amateur Foundation Radio Licence,FQA
M6FQB,Available,Amateur Foundation Radio Licence,FQB
M6FQD,Available,Amateur Foundation Radio Licence,FQD
M6FQE,Available,Amateur Foundation Radio Licence,FQE
M6FQF,Available,Amateur Foundation Radio Licence,FQF
M6FQG,Available,Amateur Foundation Radio Licence,FQG
M6FQH,Available,Amateur Foundation Radio Licence,FQH
M6FQI,Available,Amateur Foundation Radio Licence,FQI
M6FQJ,Available,Amateur Foundation Radio Licence,FQJ
M6FQK,Available,Amateur Foundation Radio Licence,FQK
M6FQL,Available,Amateur Foundation Radio Licence,FQL
M6FQM,Available,Amateur Foundation Radio Licence,FQM
M6FQN,Available,Amateur Foundation Radio Licence,FQN
M6FQO,Available,Amateur Foundation Radio Licence,FQO
M6FQP,Available,Amateur Foundation Radio Licence,FQP
M6FQQ,Available,Amateur Foundation Radio Licence,FQQ
M6FQR,Available,Amateur Foundation Radio Licence,FQR
M6FQS,Available,Amateur Foundation Radio Licence,FQS
M6FQT,Available,Amateur Foundation Radio Licence,FQT
M6FQU,Available,Amateur Foundation Radio Licence,FQU
M6FQV,Available,Amateur Foundation Radio Licence,FQV
M6FQW,Available,Amateur Foundation Radio Licence,FQW
M6FQX,Available,Amateur Foundation Radio Licence,FQX
M6FQY,Available,Amateur Foundation Radio Licence,FQY
M6FQZ,Available,Amateur Foundation Radio Licence,FQZ
M6FRB,Available,Amateur Foundation Radio Licence,FRB
M6FRF,Available,Amateur Foundation Radio Licence,FRF
M6FRH,Available,Amateur Foundation Radio Licence,FRH
M6FRJ,Available,Amateur Foundation Radio Licence,FRJ
M6FRL,Available,Amateur Foundation Radio Licence,FRL
M6FRM,Available,Amateur Foundation Radio Licence,FRM
M6FRN,Available,Amateur Foundation Radio Licence,FRN
M6FRP,Available,Amateur Foundation Radio Licence,FRP
M6FRQ,Available,Amateur Foundation Radio Licence,FRQ
M6FRR,Available,Amateur Foundation Radio Licence,FRR
M6FRW,Available,Amateur Foundation Radio Licence,FRW
M6FRX,Available,Amateur Foundation Radio Licence,FRX
M6FRZ,Available,Amateur Foundation Radio Licence,FRZ
M6FSA,Available,Amateur Foundation Radio Licence,FSA
M6FSD,Available,Amateur Foundation Radio Licence,FSD
M6FSE,Available,Amateur Foundation Radio Licence,FSE
M6FSI,Available,Amateur Foundation Radio Licence,FSI
M6FSL,Available,Amateur Foundation Radio Licence,FSL
M6FSN,Available,Amateur Foundation Radio Licence,FSN
M6FSO,Available,Amateur Foundation Radio Licence,FSO
M6FSQ,Available,Amateur Foundation Radio Licence,FSQ
M6FSS,Available,Amateur Foundation Radio Licence,FSS
M6FSU,Available,Amateur Foundation Radio Licence,FSU
M6FSV,Available,Amateur Foundation Radio Licence,FSV
M6FSW,Available,Amateur Foundation Radio Licence,FSW
M6FSY,Available,Amateur Foundation Radio Licence,FSY
M6FSZ,Available,Amateur Foundation Radio Licence,FSZ
M6FTA,Available,Amateur Foundation Radio Licence,FTA
M6FTB,Available,Amateur Foundation Radio Licence,FTB
M6FTC,Available,Amateur Foundation Radio Licence,FTC
M6FTE,Available,Amateur Foundation Radio Licence,FTE
M6FTH,Available,Amateur Foundation Radio Licence,FTH
M6FTI,Available,Amateur Foundation Radio Licence,FTI
M6FTQ,Available,Amateur Foundation Radio Licence,FTQ
M6FTR,Available,Amateur Foundation Radio Licence,FTR
M6FTT,Available,Amateur Foundation Radio Licence,FTT
M6FTU,Available,Amateur Foundation Radio Licence,FTU
M6FUD,Available,Amateur Foundation Radio Licence,FUD
M6FUE,Available,Amateur Foundation Radio Licence,FUE
M6FUF,Available,Amateur Foundation Radio Licence,FUF
M6FUG,Available,Amateur Foundation Radio Licence,FUG
M6FUH,Available,Amateur Foundation Radio Licence,FUH
M6FUI,Available,Amateur Foundation Radio Licence,FUI
M6FUJ,Available,Amateur Foundation Radio Licence,FUJ
M6FUL,Available,Amateur Foundation Radio Licence,FUL
M6FUM,Available,Amateur Foundation Radio Licence,FUM
M6FUP,Available,Amateur Foundation Radio Licence,FUP
M6FUQ,Available,Amateur Foundation Radio Licence,FUQ
M6FUT,Available,Amateur Foundation Radio Licence,FUT
M6FUV,Available,Amateur Foundation Radio Licence,FUV
M6FUW,Available,Amateur Foundation Radio Licence,FUW
M6FUY,Available,Amateur Foundation Radio Licence,FUY
M6FVA,Available,Amateur Foundation Radio Licence,FVA
M6FVB,Available,Amateur Foundation Radio Licence,FVB
M6FVC,Available,Amateur Foundation Radio Licence,FVC
M6FVD,Available,Amateur Foundation Radio Licence,FVD
M6FVE,Available,Amateur Foundation Radio Licence,FVE
M6FVF,Available,Amateur Foundation Radio Licence,FVF
M6FVG,Available,Amateur Foundation Radio Licence,FVG
M6FVH,Available,Amateur Foundation Radio Licence,FVH
M6FVI,Available,Amateur Foundation Radio Licence,FVI
M6FVJ,Available,Amateur Foundation Radio Licence,FVJ
M6FVK,Available,Amateur Foundation Radio Licence,FVK
M6FVL,Available,Amateur Foundation Radio Licence,FVL
M6FVM,Available,Amateur Foundation Radio Licence,FVM
M6FVN,Available,Amateur Foundation Radio Licence,FVN
M6FVO,Available,Amateur Foundation Radio Licence,FVO
M6FVP,Available,Amateur Foundation Radio Licence,FVP
M6FVQ,Available,Amateur Foundation Radio Licence,FVQ
M6FVR,Available,Amateur Foundation Radio Licence,FVR
M6FVT,Available,Amateur Foundation Radio Licence,FVT
M6FVU,Available,Amateur Foundation Radio Licence,FVU
M6FVV,Available,Amateur Foundation Radio Licence,FVV
M6FVW,Available,Amateur Foundation Radio Licence,FVW
M6FVX,Available,Amateur Foundation Radio Licence,FVX
M6FVZ,Available,Amateur Foundation Radio Licence,FVZ
M6FWB,Available,Amateur Foundation Radio Licence,FWB
M6FWC,Available,Amateur Foundation Radio Licence,FWC
M6FWD,Available,Amateur Foundation Radio Licence,FWD
M6FWG,Available,Amateur Foundation Radio Licence,FWG
M6FWH,Available,Amateur Foundation Radio Licence,FWH
M6FWI,Available,Amateur Foundation Radio Licence,FWI
M6FWJ,Available,Amateur Foundation Radio Licence,FWJ
M6FWL,Available,Amateur Foundation Radio Licence,FWL
M6FWM,Available,Amateur Foundation Radio Licence,FWM
M6FWN,Available,Amateur Foundation Radio Licence,FWN
M6FWO,Available,Amateur Foundation Radio Licence,FWO
M6FWP,Available,Amateur Foundation Radio Licence,FWP
M6FWQ,Available,Amateur Foundation Radio Licence,FWQ
M6FWT,Available,Amateur Foundation Radio Licence,FWT
M6FWU,Available,Amateur Foundation Radio Licence,FWU
M6FWV,Available,Amateur Foundation Radio Licence,FWV
M6FWW,Available,Amateur Foundation Radio Licence,FWW
M6FWX,Available,Amateur Foundation Radio Licence,FWX
M6FWZ,Available,Amateur Foundation Radio Licence,FWZ
M6FXA,Available,Amateur Foundation Radio Licence,FXA
M6FXC,Available,Amateur Foundation Radio Licence,FXC
M6FXD,Available,Amateur Foundation Radio Licence,FXD
M6FXE,Available,Amateur Foundation Radio Licence,FXE
M6FXG,Available,Amateur Foundation Radio Licence,FXG
M6FXH,Available,Amateur Foundation Radio Licence,FXH
M6FXI,Available,Amateur Foundation Radio Licence,FXI
M6FXJ,Available,Amateur Foundation Radio Licence,FXJ
M6FXK,Available,Amateur Foundation Radio Licence,FXK
M6FXL,Available,Amateur Foundation Radio Licence,FXL
M6FXM,Available,Amateur Foundation Radio Licence,FXM
M6FXN,Available,Amateur Foundation Radio Licence,FXN
M6FXO,Available,Amateur Foundation Radio Licence,FXO
M6FXP,Available,Amateur Foundation Radio Licence,FXP
M6FXQ,Available,Amateur Foundation Radio Licence,FXQ
M6FXS,Available,Amateur Foundation Radio Licence,FXS
M6FXU,Available,Amateur Foundation Radio Licence,FXU
M6FXV,Available,Amateur Foundation Radio Licence,FXV
M6FXW,Available,Amateur Foundation Radio Licence,FXW
M6FXX,Available,Amateur Foundation Radio Licence,FXX
M6FXZ,Available,Amateur Foundation Radio Licence,FXZ
M6FYA,Available,Amateur Foundation Radio Licence,FYA
M6FYC,Available,Amateur Foundation Radio Licence,FYC
M6FYD,Available,Amateur Foundation Radio Licence,FYD
M6FYE,Available,Amateur Foundation Radio Licence,FYE
M6FYF,Available,Amateur Foundation Radio Licence,FYF
M6FYG,Available,Amateur Foundation Radio Licence,FYG
M6FYH,Available,Amateur Foundation Radio Licence,FYH
M6FYJ,Available,Amateur Foundation Radio Licence,FYJ
M6FYK,Available,Amateur Foundation Radio Licence,FYK
M6FYM,Available,Amateur Foundation Radio Licence,FYM
M6FYN,Available,Amateur Foundation Radio Licence,FYN
M6FYO,Available,Amateur Foundation Radio Licence,FYO
M6FYP,Available,Amateur Foundation Radio Licence,FYP
M6FYQ,Available,Amateur Foundation Radio Licence,FYQ
M6FYR,Available,Amateur Foundation Radio Licence,FYR
M6FYS,Available,Amateur Foundation Radio Licence,FYS
M6FYT,Available,Amateur Foundation Radio Licence,FYT
M6FYU,Available,Amateur Foundation Radio Licence,FYU
M6FYW,Available,Amateur Foundation Radio Licence,FYW
M6FYX,Available,Amateur Foundation Radio Licence,FYX
M6FYY,Available,Amateur Foundation Radio Licence,FYY
M6FZA,Available,Amateur Foundation Radio Licence,FZA
M6FZB,Available,Amateur Foundation Radio Licence,FZB
M6FZC,Available,Amateur Foundation Radio Licence,FZC
M6FZD,Available,Amateur Foundation Radio Licence,FZD
M6FZE,Available,Amateur Foundation Radio Licence,FZE
M6FZG,Available,Amateur Foundation Radio Licence,FZG
M6FZH,Available,Amateur Foundation Radio Licence,FZH
M6FZI,Available,Amateur Foundation Radio Licence,FZI
M6FZJ,Available,Amateur Foundation Radio Licence,FZJ
M6FZK,Available,Amateur Foundation Radio Licence,FZK
M6FZL,Available,Amateur Foundation Radio Licence,FZL
M6FZM,Available,Amateur Foundation Radio Licence,FZM
M6FZN,Available,Amateur Foundation Radio Licence,FZN
M6FZO,Available,Amateur Foundation Radio Licence,FZO
M6FZP,Available,Amateur Foundation Radio Licence,FZP
M6FZQ,Available,Amateur Foundation Radio Licence,FZQ
M6FZT,Available,Amateur Foundation Radio Licence,FZT
M6FZU,Available,Amateur Foundation Radio Licence,FZU
M6FZV,Available,Amateur Foundation Radio Licence,FZV
M6FZX,Available,Amateur Foundation Radio Licence,FZX
M6FZZ,Available,Amateur Foundation Radio Licence,FZZ
M6GFJ,Available,Amateur Foundation Radio Licence,GFJ
M6GFP,Available,Amateur Foundation Radio Licence,GFP
M6GFS,Available,Amateur Foundation Radio Licence,GFS
M6GFT,Available,Amateur Foundation Radio Licence,GFT
M6GFV,Available,Amateur Foundation Radio Licence,GFV
M6GFZ,Available,Amateur Foundation Radio Licence,GFZ
M6GGF,Available,Amateur Foundation Radio Licence,GGF
M6GGI,Available,Amateur Foundation Radio Licence,GGI
M6GGJ,Available,Amateur Foundation Radio Licence,GGJ
M6GGK,Available,Amateur Foundation Radio Licence,GGK
M6GGL,Available,Amateur Foundation Radio Licence,GGL
M6GGN,Available,Amateur Foundation Radio Licence,GGN
M6GGO,Available,Amateur Foundation Radio Licence,GGO
M6GGQ,Available,Amateur Foundation Radio Licence,GGQ
M6GGR,Available,Amateur Foundation Radio Licence,GGR
M6GGU,Available,Amateur Foundation Radio Licence,GGU
M6GGX,Available,Amateur Foundation Radio Licence,GGX
M6GHA,Available,Amateur Foundation Radio Licence,GHA
M6GHC,Available,Amateur Foundation Radio Licence,GHC
M6GHH,Available,Amateur Foundation Radio Licence,GHH
M6GHJ,Available,Amateur Foundation Radio Licence,GHJ
M6GHK,Available,Amateur Foundation Radio Licence,GHK
M6GHN,Available,Amateur Foundation Radio Licence,GHN
M6GHQ,Available,Amateur Foundation Radio Licence,GHQ
M6GHR,Available,Amateur Foundation Radio Licence,GHR
M6GHS,Available,Amateur Foundation Radio Licence,GHS
M6GHV,Available,Amateur Foundation Radio Licence,GHV
M6GHX,Available,Amateur Foundation Radio Licence,GHX
M6GHY,Available,Amateur Foundation Radio Licence,GHY
M6GID,Available,Amateur Foundation Radio Licence,GID
M6GIF,Available,Amateur Foundation Radio Licence,GIF
M6GII,Available,Amateur Foundation Radio Licence,GII
M6GIJ,Available,Amateur Foundation Radio Licence,GIJ
M6GIK,Available,Amateur Foundation Radio Licence,GIK
M6GIO,Available,Amateur Foundation Radio Licence,GIO
M6GIQ,Available,Amateur Foundation Radio Licence,GIQ
M6GIS,Available,Amateur Foundation Radio Licence,GIS
M6GIU,Available,Amateur Foundation Radio Licence,GIU
M6GIV,Available,Amateur Foundation Radio Licence,GIV
M6GIW,Available,Amateur Foundation Radio Licence,GIW
M6GIY,Available,Amateur Foundation Radio Licence,GIY
M6GJA,Available,Amateur Foundation Radio Licence,GJA
M6GJD,Available,Amateur Foundation Radio Licence,GJD
M6GJF,Available,Amateur Foundation Radio Licence,GJF
M6GJG,Available,Amateur Foundation Radio Licence,GJG
M6GJI,Available,Amateur Foundation Radio Licence,GJI
M6GJL,Available,Amateur Foundation Radio Licence,GJL
M6GJQ,Available,Amateur Foundation Radio Licence,GJQ
M6GJU,Available,Amateur Foundation Radio Licence,GJU
M6GJV,Available,Amateur Foundation Radio Licence,GJV
M6GJX,Available,Amateur Foundation Radio Licence,GJX
M6GJY,Available,Amateur Foundation Radio Licence,GJY
M6GJZ,Available,Amateur Foundation Radio Licence,GJZ
M6GKE,Available,Amateur Foundation Radio Licence,GKE
M6GKF,Available,Amateur Foundation Radio Licence,GKF
M6GKH,Available,Amateur Foundation Radio Licence,GKH
M6GKI,Available,Amateur Foundation Radio Licence,GKI
M6GKJ,Available,Amateur Foundation Radio Licence,GKJ
M6GKK,Available,Amateur Foundation Radio Licence,GKK
M6GKL,Available,Amateur Foundation Radio Licence,GKL
M6GKQ,Available,Amateur Foundation Radio Licence,GKQ
M6GKR,Available,Amateur Foundation Radio Licence,GKR
M6GKT,Available,Amateur Foundation Radio Licence,GKT
M6GKU,Available,Amateur Foundation Radio Licence,GKU
M6GKV,Available,Amateur Foundation Radio Licence,GKV
M6GKZ,Available,Amateur Foundation Radio Licence,GKZ
M6GLK,Available,Amateur Foundation Radio Licence,GLK
M6GLQ,Available,Amateur Foundation Radio Licence,GLQ
M6GLZ,Available,Amateur Foundation Radio Licence,GLZ
M6GMQ,Available,Amateur Foundation Radio Licence,GMQ
M6GMS,Available,Amateur Foundation Radio Licence,GMS
M6GMU,Available,Amateur Foundation Radio Licence,GMU
M6GMV,Available,Amateur Foundation Radio Licence,GMV
M6GNB,Available,Amateur Foundation Radio Licence,GNB
M6GNC,Available,Amateur Foundation Radio Licence,GNC
M6GNE,Available,Amateur Foundation Radio Licence,GNE
M6GNF,Available,Amateur Foundation Radio Licence,GNF
M6GNH,Available,Amateur Foundation Radio Licence,GNH
M6GNI,Available,Amateur Foundation Radio Licence,GNI
M6GNJ,Available,Amateur Foundation Radio Licence,GNJ
M6GNQ,Available,Amateur Foundation Radio Licence,GNQ
M6GNS,Available,Amateur Foundation Radio Licence,GNS
M6GNV,Available,Amateur Foundation Radio Licence,GNV
M6GNX,Available,Amateur Foundation Radio Licence,GNX
M6GNY,Available,Amateur Foundation Radio Licence,GNY
M6GOC,Available,Amateur Foundation Radio Licence,GOC
M6GOE,Available,Amateur Foundation Radio Licence,GOE
M6GOI,Available,Amateur Foundation Radio Licence,GOI
M6GOJ,Available,Amateur Foundation Radio Licence,GOJ
M6GOP,Available,Amateur Foundation Radio Licence,GOP
M6GOQ,Available,Amateur Foundation Radio Licence,GOQ
M6GOS,Available,Amateur Foundation Radio Licence,GOS
M6GOU,Available,Amateur Foundation Radio Licence,GOU
M6GOX,Available,Amateur Foundation Radio Licence,GOX
M6GOY,Available,Amateur Foundation Radio Licence,GOY
M6GPD,Available,Amateur Foundation Radio Licence,GPD
M6GPI,Available,Amateur Foundation Radio Licence,GPI
M6GPJ,Available,Amateur Foundation Radio Licence,GPJ
M6GPM,Available,Amateur Foundation Radio Licence,GPM
M6GPN,Available,Amateur Foundation Radio Licence,GPN
M6GPP,Available,Amateur Foundation Radio Licence,GPP
M6GPQ,Available,Amateur Foundation Radio Licence,GPQ
M6GPV,Available,Amateur Foundation Radio Licence,GPV
M6GPY,Available,Amateur Foundation Radio Licence,GPY
M6GQA,Available,Amateur Foundation Radio Licence,GQA
M6GQC,Available,Amateur Foundation Radio Licence,GQC
M6GQD,Available,Amateur Foundation Radio Licence,GQD
M6GQE,Available,Amateur Foundation Radio Licence,GQE
M6GQF,Available,Amateur Foundation Radio Licence,GQF
M6GQG,Available,Amateur Foundation Radio Licence,GQG
M6GQH,Available,Amateur Foundation Radio Licence,GQH
M6GQI,Available,Amateur Foundation Radio Licence,GQI
M6GQJ,Available,Amateur Foundation Radio Licence,GQJ
M6GQK,Available,Amateur Foundation Radio Licence,GQK
M6GQL,Available,Amateur Foundation Radio Licence,GQL
M6GQM,Available,Amateur Foundation Radio Licence,GQM
M6GQN,Available,Amateur Foundation Radio Licence,GQN
M6GQO,Available,Amateur Foundation Radio Licence,GQO
M6GQP,Available,Amateur Foundation Radio Licence,GQP
M6GQQ,Available,Amateur Foundation Radio Licence,GQQ
M6GQR,Available,Amateur Foundation Radio Licence,GQR
M6GQS,Available,Amateur Foundation Radio Licence,GQS
M6GQT,Available,Amateur Foundation Radio Licence,GQT
M6GQU,Available,Amateur Foundation Radio Licence,GQU
M6GQV,Available,Amateur Foundation Radio Licence,GQV
M6GQW,Available,Amateur Foundation Radio Licence,GQW
M6GQX,Available,Amateur Foundation Radio Licence,GQX
M6GQY,Available,Amateur Foundation Radio Licence,GQY
M6GQZ,Available,Amateur Foundation Radio Licence,GQZ
M6GRQ,Available,Amateur Foundation Radio Licence,GRQ
M6GSC,Available,Amateur Foundation Radio Licence,GSC
M6GSH,Available,Amateur Foundation Radio Licence,GSH
M6GSN,Available,Amateur Foundation Radio Licence,GSN
M6GSQ,Available,Amateur Foundation Radio Licence,GSQ
M6GSV,Available,Amateur Foundation Radio Licence,GSV
M6GSZ,Available,Amateur Foundation Radio Licence,GSZ
M6GTK,Available,Amateur Foundation Radio Licence,GTK
M6GTQ,Available,Amateur Foundation Radio Licence,GTQ
M6GTT,Available,Amateur Foundation Radio Licence,GTT
M6GTU,Available,Amateur Foundation Radio Licence,GTU
M6GUA,Available,Amateur Foundation Radio Licence,GUA
M6GUB,Available,Amateur Foundation Radio Licence,GUB
M6GUC,Available,Amateur Foundation Radio Licence,GUC
M6GUF,Available,Amateur Foundation Radio Licence,GUF
M6GUG,Available,Amateur Foundation Radio Licence,GUG
M6GUJ,Available,Amateur Foundation Radio Licence,GUJ
M6GUK,Available,Amateur Foundation Radio Licence,GUK
M6GUO,Available,Amateur Foundation Radio Licence,GUO
M6GUP,Available,Amateur Foundation Radio Licence,GUP
M6GUQ,Available,Amateur Foundation Radio Licence,GUQ
M6GUU,Available,Amateur Foundation Radio Licence,GUU
M6GUW,Available,Amateur Foundation Radio Licence,GUW
M6GUX,Available,Amateur Foundation Radio Licence,GUX
M6GVA,Available,Amateur Foundation Radio Licence,GVA
M6GVB,Available,Amateur Foundation Radio Licence,GVB
M6GVD,Available,Amateur Foundation Radio Licence,GVD
M6GVE,Available,Amateur Foundation Radio Licence,GVE
M6GVG,Available,Amateur Foundation Radio Licence,GVG
M6GVH,Available,Amateur Foundation Radio Licence,GVH
M6GVI,Available,Amateur Foundation Radio Licence,GVI
M6GVJ,Available,Amateur Foundation Radio Licence,GVJ
M6GVK,Available,Amateur Foundation Radio Licence,GVK
M6GVL,Available,Amateur Foundation Radio Licence,GVL
M6GVM,Available,Amateur Foundation Radio Licence,GVM
M6GVP,Available,Amateur Foundation Radio Licence,GVP
M6GVQ,Available,Amateur Foundation Radio Licence,GVQ
M6GVR,Available,Amateur Foundation Radio Licence,GVR
M6GVU,Available,Amateur Foundation Radio Licence,GVU
M6GVV,Available,Amateur Foundation Radio Licence,GVV
M6GVX,Available,Amateur Foundation Radio Licence,GVX
M6GVY,Available,Amateur Foundation Radio Licence,GVY
M6GWD,Available,Amateur Foundation Radio Licence,GWD
M6GWI,Available,Amateur Foundation Radio Licence,GWI
M6GWJ,Available,Amateur Foundation Radio Licence,GWJ
M6GWL,Available,Amateur Foundation Radio Licence,GWL
M6GWN,Available,Amateur Foundation Radio Licence,GWN
M6GWP,Available,Amateur Foundation Radio Licence,GWP
M6GWQ,Available,Amateur Foundation Radio Licence,GWQ
M6GWU,Available,Amateur Foundation Radio Licence,GWU
M6GWV,Available,Amateur Foundation Radio Licence,GWV
M6GWX,Available,Amateur Foundation Radio Licence,GWX
M6GWZ,Available,Amateur Foundation Radio Licence,GWZ
M6GXB,Available,Amateur Foundation Radio Licence,GXB
M6GXC,Available,Amateur Foundation Radio Licence,GXC
M6GXD,Available,Amateur Foundation Radio Licence,GXD
M6GXE,Available,Amateur Foundation Radio Licence,GXE
M6GXF,Available,Amateur Foundation Radio Licence,GXF
M6GXG,Available,Amateur Foundation Radio Licence,GXG
M6GXH,Available,Amateur Foundation Radio Licence,GXH
M6GXI,Available,Amateur Foundation Radio Licence,GXI
M6GXJ,Available,Amateur Foundation Radio Licence,GXJ
M6GXK,Available,Amateur Foundation Radio Licence,GXK
M6GXL,Available,Amateur Foundation Radio Licence,GXL
M6GXM,Available,Amateur Foundation Radio Licence,GXM
M6GXN,Available,Amateur Foundation Radio Licence,GXN
M6GXP,Available,Amateur Foundation Radio Licence,GXP
M6GXQ,Available,Amateur Foundation Radio Licence,GXQ
M6GXR,Available,Amateur Foundation Radio Licence,GXR
M6GXS,Available,Amateur Foundation Radio Licence,GXS
M6GXT,Available,Amateur Foundation Radio Licence,GXT
M6GXU,Available,Amateur Foundation Radio Licence,GXU
M6GXV,Available,Amateur Foundation Radio Licence,GXV
M6GXX,Available,Amateur Foundation Radio Licence,GXX
M6GXY,Available,Amateur Foundation Radio Licence,GXY
M6GXZ,Available,Amateur Foundation Radio Licence,GXZ
M6GYC,Available,Amateur Foundation Radio Licence,GYC
M6GYD,Available,Amateur Foundation Radio Licence,GYD
M6GYE,Available,Amateur Foundation Radio Licence,GYE
M6GYF,Available,Amateur Foundation Radio Licence,GYF
M6GYG,Available,Amateur Foundation Radio Licence,GYG
M6GYH,Available,Amateur Foundation Radio Licence,GYH
M6GYI,Available,Amateur Foundation Radio Licence,GYI
M6GYJ,Available,Amateur Foundation Radio Licence,GYJ
M6GYK,Available,Amateur Foundation Radio Licence,GYK
M6GYL,Available,Amateur Foundation Radio Licence,GYL
M6GYQ,Available,Amateur Foundation Radio Licence,GYQ
M6GYR,Available,Amateur Foundation Radio Licence,GYR
M6GYS,Available,Amateur Foundation Radio Licence,GYS
M6GYU,Available,Amateur Foundation Radio Licence,GYU
M6GYX,Available,Amateur Foundation Radio Licence,GYX
M6GYY,Available,Amateur Foundation Radio Licence,GYY
M6GYZ,Available,Amateur Foundation Radio Licence,GYZ
M6GZB,Available,Amateur Foundation Radio Licence,GZB
M6GZC,Available,Amateur Foundation Radio Licence,GZC
M6GZD,Available,Amateur Foundation Radio Licence,GZD
M6GZF,Available,Amateur Foundation Radio Licence,GZF
M6GZG,Available,Amateur Foundation Radio Licence,GZG
M6GZH,Available,Amateur Foundation Radio Licence,GZH
M6GZI,Available,Amateur Foundation Radio Licence,GZI
M6GZJ,Available,Amateur Foundation Radio Licence,GZJ
M6GZK,Available,Amateur Foundation Radio Licence,GZK
M6GZL,Available,Amateur Foundation Radio Licence,GZL
M6GZN,Available,Amateur Foundation Radio Licence,GZN
M6GZP,Available,Amateur Foundation Radio Licence,GZP
M6GZQ,Available,Amateur Foundation Radio Licence,GZQ
M6GZR,Available,Amateur Foundation Radio Licence,GZR
M6GZS,Available,Amateur Foundation Radio Licence,GZS
M6GZU,Available,Amateur Foundation Radio Licence,GZU
M6GZV,Available,Amateur Foundation Radio Licence,GZV
M6GZW,Available,Amateur Foundation Radio Licence,GZW
M6GZX,Available,Amateur Foundation Radio Licence,GZX
M6HBI,Available,Amateur Foundation Radio Licence,HBI
M6HBJ,Available,Amateur Foundation Radio Licence,HBJ
M6HBM,Available,Amateur Foundation Radio Licence,HBM
M6HBN,Available,Amateur Foundation Radio Licence,HBN
M6HBP,Available,Amateur Foundation Radio Licence,HBP
M6HBQ,Available,Amateur Foundation Radio Licence,HBQ
M6HBU,Available,Amateur Foundation Radio Licence,HBU
M6HBV,Available,Amateur Foundation Radio Licence,HBV
M6HBW,Available,Amateur Foundation Radio Licence,HBW
M6HBX,Available,Amateur Foundation Radio Licence,HBX
M6HBY,Available,Amateur Foundation Radio Licence,HBY
M6HBZ,Available,Amateur Foundation Radio Licence,HBZ
M6HCA,Available,Amateur Foundation Radio Licence,HCA
M6HCB,Available,Amateur Foundation Radio Licence,HCB
M6HCC,Available,Amateur Foundation Radio Licence,HCC
M6HCE,Available,Amateur Foundation Radio Licence,HCE
M6HCG,Available,Amateur Foundation Radio Licence,HCG
M6HCI,Available,Amateur Foundation Radio Licence,HCI
M6HCN,Available,Amateur Foundation Radio Licence,HCN
M6HCO,Available,Amateur Foundation Radio Licence,HCO
M6HCT,Available,Amateur Foundation Radio Licence,HCT
M6HCU,Available,Amateur Foundation Radio Licence,HCU
M6HCV,Available,Amateur Foundation Radio Licence,HCV
M6HCX,Available,Amateur Foundation Radio Licence,HCX
M6HCY,Available,Amateur Foundation Radio Licence,HCY
M6HCZ,Available,Amateur Foundation Radio Licence,HCZ
M6HDG,Available,Amateur Foundation Radio Licence,HDG
M6HDH,Available,Amateur Foundation Radio Licence,HDH
M6HDI,Available,Amateur Foundation Radio Licence,HDI
M6HDN,Available,Amateur Foundation Radio Licence,HDN
M6HDO,Available,Amateur Foundation Radio Licence,HDO
M6HDP,Available,Amateur Foundation Radio Licence,HDP
M6HDQ,Available,Amateur Foundation Radio Licence,HDQ
M6HDT,Available,Amateur Foundation Radio Licence,HDT
M6HDU,Available,Amateur Foundation Radio Licence,HDU
M6HDV,Available,Amateur Foundation Radio Licence,HDV
M6HDY,Available,Amateur Foundation Radio Licence,HDY
M6HEI,Available,Amateur Foundation Radio Licence,HEI
M6HEK,Available,Amateur Foundation Radio Licence,HEK
M6HEO,Available,Amateur Foundation Radio Licence,HEO
M6HEQ,Available,Amateur Foundation Radio Licence,HEQ
M6HET,Available,Amateur Foundation Radio Licence,HET
M6HEU,Available,Amateur Foundation Radio Licence,HEU
M6HEZ,Available,Amateur Foundation Radio Licence,HEZ
M6HFE,Available,Amateur Foundation Radio Licence,HFE
M6HFF,Available,Amateur Foundation Radio Licence,HFF
M6HFH,Available,Amateur Foundation Radio Licence,HFH
M6HFI,Available,Amateur Foundation Radio Licence,HFI
M6HFL,Available,Amateur Foundation Radio Licence,HFL
M6HFM,Available,Amateur Foundation Radio Licence,HFM
M6HFN,Available,Amateur Foundation Radio Licence,HFN
M6HFO,Available,Amateur Foundation Radio Licence,HFO
M6HFP,Available,Amateur Foundation Radio Licence,HFP
M6HFU,Available,Amateur Foundation Radio Licence,HFU
M6HFV,Available,Amateur Foundation Radio Licence,HFV
M6HFX,Available,Amateur Foundation Radio Licence,HFX
M6HFY,Available,Amateur Foundation Radio Licence,HFY
M6HFZ,Available,Amateur Foundation Radio Licence,HFZ
M6HGA,Available,Amateur Foundation Radio Licence,HGA
M6HGD,Available,Amateur Foundation Radio Licence,HGD
M6HGE,Available,Amateur Foundation Radio Licence,HGE
M6HGF,Available,Amateur Foundation Radio Licence,HGF
M6HGH,Available,Amateur Foundation Radio Licence,HGH
M6HGI,Available,Amateur Foundation Radio Licence,HGI
M6HGM,Available,Amateur Foundation Radio Licence,HGM
M6HGN,Available,Amateur Foundation Radio Licence,HGN
M6HGO,Available,Amateur Foundation Radio Licence,HGO
M6HGP,Available,Amateur Foundation Radio Licence,HGP
M6HGQ,Available,Amateur Foundation Radio Licence,HGQ
M6HGR,Available,Amateur Foundation Radio Licence,HGR
M6HGS,Available,Amateur Foundation Radio Licence,HGS
M6HGU,Available,Amateur Foundation Radio Licence,HGU
M6HGX,Available,Amateur Foundation Radio Licence,HGX
M6HGY,Available,Amateur Foundation Radio Licence,HGY
M6HGZ,Available,Amateur Foundation Radio Licence,HGZ
M6HHA,Available,Amateur Foundation Radio Licence,HHA
M6HHB,Available,Amateur Foundation Radio Licence,HHB
M6HHC,Available,Amateur Foundation Radio Licence,HHC
M6HHD,Available,Amateur Foundation Radio Licence,HHD
M6HHE,Available,Amateur Foundation Radio Licence,HHE
M6HHF,Available,Amateur Foundation Radio Licence,HHF
M6HHG,Available,Amateur Foundation Radio Licence,HHG
M6HHI,Available,Amateur Foundation Radio Licence,HHI
M6HHJ,Available,Amateur Foundation Radio Licence,HHJ
M6HHK,Available,Amateur Foundation Radio Licence,HHK
M6HHL,Available,Amateur Foundation Radio Licence,HHL
M6HHM,Available,Amateur Foundation Radio Licence,HHM
M6HHN,Available,Amateur Foundation Radio Licence,HHN
M6HHO,Available,Amateur Foundation Radio Licence,HHO
M6HHP,Available,Amateur Foundation Radio Licence,HHP
M6HHQ,Available,Amateur Foundation Radio Licence,HHQ
M6HHR,Available,Amateur Foundation Radio Licence,HHR
M6HHT,Available,Amateur Foundation Radio Licence,HHT
M6HHU,Available,Amateur Foundation Radio Licence,HHU
M6HHV,Available,Amateur Foundation Radio Licence,HHV
M6HHW,Available,Amateur Foundation Radio Licence,HHW
M6HHX,Available,Amateur Foundation Radio Licence,HHX
M6HHY,Available,Amateur Foundation Radio Licence,HHY
M6HHZ,Available,Amateur Foundation Radio Licence,HHZ
M6HIA,Available,Amateur Foundation Radio Licence,HIA
M6HIE,Available,Amateur Foundation Radio Licence,HIE
M6HIF,Available,Amateur Foundation Radio Licence,HIF
M6HIH,Available,Amateur Foundation Radio Licence,HIH
M6HII,Available,Amateur Foundation Radio Licence,HII
M6HIJ,Available,Amateur Foundation Radio Licence,HIJ
M6HIK,Available,Amateur Foundation Radio Licence,HIK
M6HIN,Available,Amateur Foundation Radio Licence,HIN
M6HIO,Available,Amateur Foundation Radio Licence,HIO
M6HIP,Available,Amateur Foundation Radio Licence,HIP
M6HIR,Available,Amateur Foundation Radio Licence,HIR
M6HIS,Available,Amateur Foundation Radio Licence,HIS
M6HIU,Available,Amateur Foundation Radio Licence,HIU
M6HIW,Available,Amateur Foundation Radio Licence,HIW
M6HIY,Available,Amateur Foundation Radio Licence,HIY
M6HIZ,Available,Amateur Foundation Radio Licence,HIZ
M6HJE,Available,Amateur Foundation Radio Licence,HJE
M6HJF,Available,Amateur Foundation Radio Licence,HJF
M6HJG,Available,Amateur Foundation Radio Licence,HJG
M6HJH,Available,Amateur Foundation Radio Licence,HJH
M6HJI,Available,Amateur Foundation Radio Licence,HJI
M6HJJ,Available,Amateur Foundation Radio Licence,HJJ
M6HJK,Available,Amateur Foundation Radio Licence,HJK
M6HJN,Available,Amateur Foundation Radio Licence,HJN
M6HJO,Available,Amateur Foundation Radio Licence,HJO
M6HJQ,Available,Amateur Foundation Radio Licence,HJQ
M6HJU,Available,Amateur Foundation Radio Licence,HJU
M6HJV,Available,Amateur Foundation Radio Licence,HJV
M6HJX,Available,Amateur Foundation Radio Licence,HJX
M6HJY,Available,Amateur Foundation Radio Licence,HJY
M6HJZ,Available,Amateur Foundation Radio Licence,HJZ
M6HKB,Available,Amateur Foundation Radio Licence,HKB
M6HKD,Available,Amateur Foundation Radio Licence,HKD
M6HKE,Available,Amateur Foundation Radio Licence,HKE
M6HKF,Available,Amateur Foundation Radio Licence,HKF
M6HKH,Available,Amateur Foundation Radio Licence,HKH
M6HKI,Available,Amateur Foundation Radio Licence,HKI
M6HKJ,Available,Amateur Foundation Radio Licence,HKJ
M6HKK,Available,Amateur Foundation Radio Licence,HKK
M6HKM,Available,Amateur Foundation Radio Licence,HKM
M6HKO,Available,Amateur Foundation Radio Licence,HKO
M6HKP,Available,Amateur Foundation Radio Licence,HKP
M6HKQ,Available,Amateur Foundation Radio Licence,HKQ
M6HKS,Available,Amateur Foundation Radio Licence,HKS
M6HKT,Available,Amateur Foundation Radio Licence,HKT
M6HKU,Available,Amateur Foundation Radio Licence,HKU
M6HKV,Available,Amateur Foundation Radio Licence,HKV
M6HKW,Available,Amateur Foundation Radio Licence,HKW
M6HKZ,Available,Amateur Foundation Radio Licence,HKZ
M6HLA,Available,Amateur Foundation Radio Licence,HLA
M6HLE,Available,Amateur Foundation Radio Licence,HLE
M6HLF,Available,Amateur Foundation Radio Licence,HLF
M6HLG,Available,Amateur Foundation Radio Licence,HLG
M6HLH,Available,Amateur Foundation Radio Licence,HLH
M6HLI,Available,Amateur Foundation Radio Licence,HLI
M6HLK,Available,Amateur Foundation Radio Licence,HLK
M6HLL,Available,Amateur Foundation Radio Licence,HLL
M6HLN,Available,Amateur Foundation Radio Licence,HLN
M6HLP,Available,Amateur Foundation Radio Licence,HLP
M6HLQ,Available,Amateur Foundation Radio Licence,HLQ
M6HLS,Available,Amateur Foundation Radio Licence,HLS
M6HLU,Available,Amateur Foundation Radio Licence,HLU
M6HLV,Available,Amateur Foundation Radio Licence,HLV
M6HLW,Available,Amateur Foundation Radio Licence,HLW
M6HLX,Available,Amateur Foundation Radio Licence,HLX
M6HME,Available,Amateur Foundation Radio Licence,HME
M6HMF,Available,Amateur Foundation Radio Licence,HMF
M6HMI,Available,Amateur Foundation Radio Licence,HMI
M6HMK,Available,Amateur Foundation Radio Licence,HMK
M6HMM,Available,Amateur Foundation Radio Licence,HMM
M6HMO,Available,Amateur Foundation Radio Licence,HMO
M6HMQ,Available,Amateur Foundation Radio Licence,HMQ
M6HMT,Available,Amateur Foundation Radio Licence,HMT
M6HMU,Available,Amateur Foundation Radio Licence,HMU
M6HMZ,Available,Amateur Foundation Radio Licence,HMZ
M6HNA,Available,Amateur Foundation Radio Licence,HNA
M6HND,Available,Amateur Foundation Radio Licence,HND
M6HNF,Available,Amateur Foundation Radio Licence,HNF
M6HNG,Available,Amateur Foundation Radio Licence,HNG
M6HNH,Available,Amateur Foundation Radio Licence,HNH
M6HNI,Available,Amateur Foundation Radio Licence,HNI
M6HNJ,Available,Amateur Foundation Radio Licence,HNJ
M6HNK,Available,Amateur Foundation Radio Licence,HNK
M6HNL,Available,Amateur Foundation Radio Licence,HNL
M6HNM,Available,Amateur Foundation Radio Licence,HNM
M6HNN,Available,Amateur Foundation Radio Licence,HNN
M6HNO,Available,Amateur Foundation Radio Licence,HNO
M6HNP,Available,Amateur Foundation Radio Licence,HNP
M6HNQ,Available,Amateur Foundation Radio Licence,HNQ
M6HNR,Available,Amateur Foundation Radio Licence,HNR
M6HNS,Available,Amateur Foundation Radio Licence,HNS
M6HNU,Available,Amateur Foundation Radio Licence,HNU
M6HNV,Available,Amateur Foundation Radio Licence,HNV
M6HNW,Available,Amateur Foundation Radio Licence,HNW
M6HNX,Available,Amateur Foundation Radio Licence,HNX
M6HOE,Available,Amateur Foundation Radio Licence,HOE
M6HOH,Available,Amateur Foundation Radio Licence,HOH
M6HOI,Available,Amateur Foundation Radio Licence,HOI
M6HOO,Available,Amateur Foundation Radio Licence,HOO
M6HOQ,Available,Amateur Foundation Radio Licence,HOQ
M6HOV,Available,Amateur Foundation Radio Licence,HOV
M6HOX,Available,Amateur Foundation Radio Licence,HOX
M6HOZ,Available,Amateur Foundation Radio Licence,HOZ
M6HPB,Available,Amateur Foundation Radio Licence,HPB
M6HPD,Available,Amateur Foundation Radio Licence,HPD
M6HPE,Available,Amateur Foundation Radio Licence,HPE
M6HPF,Available,Amateur Foundation Radio Licence,HPF
M6HPI,Available,Amateur Foundation Radio Licence,HPI
M6HPJ,Available,Amateur Foundation Radio Licence,HPJ
M6HPK,Available,Amateur Foundation Radio Licence,HPK
M6HPM,Available,Amateur Foundation Radio Licence,HPM
M6HPN,Available,Amateur Foundation Radio Licence,HPN
M6HPP,Available,Amateur Foundation Radio Licence,HPP
M6HPQ,Available,Amateur Foundation Radio Licence,HPQ
M6HPS,Available,Amateur Foundation Radio Licence,HPS
M6HPT,Available,Amateur Foundation Radio Licence,HPT
M6HPU,Available,Amateur Foundation Radio Licence,HPU
M6HPV,Available,Amateur Foundation Radio Licence,HPV
M6HPZ,Available,Amateur Foundation Radio Licence,HPZ
M6HQA,Available,Amateur Foundation Radio Licence,HQA
M6HQB,Available,Amateur Foundation Radio Licence,HQB
M6HQC,Available,Amateur Foundation Radio Licence,HQC
M6HQD,Available,Amateur Foundation Radio Licence,HQD
M6HQE,Available,Amateur Foundation Radio Licence,HQE
M6HQF,Available,Amateur Foundation Radio Licence,HQF
M6HQG,Available,Amateur Foundation Radio Licence,HQG
M6HQH,Available,Amateur Foundation Radio Licence,HQH
M6HQI,Available,Amateur Foundation Radio Licence,HQI
M6HQJ,Available,Amateur Foundation Radio Licence,HQJ
M6HQK,Available,Amateur Foundation Radio Licence,HQK
M6HQL,Available,Amateur Foundation Radio Licence,HQL
M6HQM,Available,Amateur Foundation Radio Licence,HQM
M6HQN,Available,Amateur Foundation Radio Licence,HQN
M6HQP,Available,Amateur Foundation Radio Licence,HQP
M6HQQ,Available,Amateur Foundation Radio Licence,HQQ
M6HQR,Available,Amateur Foundation Radio Licence,HQR
M6HQS,Available,Amateur Foundation Radio Licence,HQS
M6HQT,Available,Amateur Foundation Radio Licence,HQT
M6HQU,Available,Amateur Foundation Radio Licence,HQU
M6HQV,Available,Amateur Foundation Radio Licence,HQV
M6HQW,Available,Amateur Foundation Radio Licence,HQW
M6HQX,Available,Amateur Foundation Radio Licence,HQX
M6HQY,Available,Amateur Foundation Radio Licence,HQY
M6HRA,Available,Amateur Foundation Radio Licence,HRA
M6HRB,Available,Amateur Foundation Radio Licence,HRB
M6HRE,Available,Amateur Foundation Radio Licence,HRE
M6HRG,Available,Amateur Foundation Radio Licence,HRG
M6HRK,Available,Amateur Foundation Radio Licence,HRK
M6HRP,Available,Amateur Foundation Radio Licence,HRP
M6HRQ,Available,Amateur Foundation Radio Licence,HRQ
M6HRU,Available,Amateur Foundation Radio Licence,HRU
M6HRX,Available,Amateur Foundation Radio Licence,HRX
M6HSA,Available,Amateur Foundation Radio Licence,HSA
M6HSF,Available,Amateur Foundation Radio Licence,HSF
M6HSH,Available,Amateur Foundation Radio Licence,HSH
M6HSI,Available,Amateur Foundation Radio Licence,HSI
M6HSJ,Available,Amateur Foundation Radio Licence,HSJ
M6HSL,Available,Amateur Foundation Radio Licence,HSL
M6HSM,Available,Amateur Foundation Radio Licence,HSM
M6HSO,Available,Amateur Foundation Radio Licence,HSO
M6HSP,Available,Amateur Foundation Radio Licence,HSP
M6HSQ,Available,Amateur Foundation Radio Licence,HSQ
M6HSS,Available,Amateur Foundation Radio Licence,HSS
M6HSU,Available,Amateur Foundation Radio Licence,HSU
M6HSW,Available,Amateur Foundation Radio Licence,HSW
M6HSX,Available,Amateur Foundation Radio Licence,HSX
M6HSY,Available,Amateur Foundation Radio Licence,HSY
M6HSZ,Available,Amateur Foundation Radio Licence,HSZ
M6HTA,Available,Amateur Foundation Radio Licence,HTA
M6HTB,Available,Amateur Foundation Radio Licence,HTB
M6HTD,Available,Amateur Foundation Radio Licence,HTD
M6HTE,Available,Amateur Foundation Radio Licence,HTE
M6HTF,Available,Amateur Foundation Radio Licence,HTF
M6HTI,Available,Amateur Foundation Radio Licence,HTI
M6HTK,Available,Amateur Foundation Radio Licence,HTK
M6HTO,Available,Amateur Foundation Radio Licence,HTO
M6HTP,Available,Amateur Foundation Radio Licence,HTP
M6HTQ,Available,Amateur Foundation Radio Licence,HTQ
M6HTT,Available,Amateur Foundation Radio Licence,HTT
M6HTU,Available,Amateur Foundation Radio Licence,HTU
M6HTV,Available,Amateur Foundation Radio Licence,HTV
M6HUB,Available,Amateur Foundation Radio Licence,HUB
M6HUF,Available,Amateur Foundation Radio Licence,HUF
M6HUI,Available,Amateur Foundation Radio Licence,HUI
M6HUL,Available,Amateur Foundation Radio Licence,HUL
M6HUO,Available,Amateur Foundation Radio Licence,HUO
M6HUP,Available,Amateur Foundation Radio Licence,HUP
M6HUQ,Available,Amateur Foundation Radio Licence,HUQ
M6HUU,Available,Amateur Foundation Radio Licence,HUU
M6HUV,Available,Amateur Foundation Radio Licence,HUV
M6HUX,Available,Amateur Foundation Radio Licence,HUX
M6HUY,Available,Amateur Foundation Radio Licence,HUY
M6HVA,Available,Amateur Foundation Radio Licence,HVA
M6HVB,Available,Amateur Foundation Radio Licence,HVB
M6HVC,Available,Amateur Foundation Radio Licence,HVC
M6HVD,Available,Amateur Foundation Radio Licence,HVD
M6HVF,Available,Amateur Foundation Radio Licence,HVF
M6HVG,Available,Amateur Foundation Radio Licence,HVG
M6HVH,Available,Amateur Foundation Radio Licence,HVH
M6HVJ,Available,Amateur Foundation Radio Licence,HVJ
M6HVK,Available,Amateur Foundation Radio Licence,HVK
M6HVM,Available,Amateur Foundation Radio Licence,HVM
M6HVO,Available,Amateur Foundation Radio Licence,HVO
M6HVP,Available,Amateur Foundation Radio Licence,HVP
M6HVQ,Available,Amateur Foundation Radio Licence,HVQ
M6HVR,Available,Amateur Foundation Radio Licence,HVR
M6HVU,Available,Amateur Foundation Radio Licence,HVU
M6HVV,Available,Amateur Foundation Radio Licence,HVV
M6HVW,Available,Amateur Foundation Radio Licence,HVW
M6HVX,Available,Amateur Foundation Radio Licence,HVX
M6HVY,Available,Amateur Foundation Radio Licence,HVY
M6HVZ,Available,Amateur Foundation Radio Licence,HVZ
M6HWA,Available,Amateur Foundation Radio Licence,HWA
M6HWB,Available,Amateur Foundation Radio Licence,HWB
M6HWD,Available,Amateur Foundation Radio Licence,HWD
M6HWE,Available,Amateur Foundation Radio Licence,HWE
M6HWF,Available,Amateur Foundation Radio Licence,HWF
M6HWG,Available,Amateur Foundation Radio Licence,HWG
M6HWH,Available,Amateur Foundation Radio Licence,HWH
M6HWI,Available,Amateur Foundation Radio Licence,HWI
M6HWJ,Available,Amateur Foundation Radio Licence,HWJ
M6HWL,Available,Amateur Foundation Radio Licence,HWL
M6HWN,Available,Amateur Foundation Radio Licence,HWN
M6HWO,Available,Amateur Foundation Radio Licence,HWO
M6HWQ,Available,Amateur Foundation Radio Licence,HWQ
M6HWR,Available,Amateur Foundation Radio Licence,HWR
M6HWT,Available,Amateur Foundation Radio Licence,HWT
M6HWU,Available,Amateur Foundation Radio Licence,HWU
M6HWV,Available,Amateur Foundation Radio Licence,HWV
M6HWX,Available,Amateur Foundation Radio Licence,HWX
M6HWY,Available,Amateur Foundation Radio Licence,HWY
M6HWZ,Available,Amateur Foundation Radio Licence,HWZ
M6HXA,Available,Amateur Foundation Radio Licence,HXA
M6HXB,Available,Amateur Foundation Radio Licence,HXB
M6HXD,Available,Amateur Foundation Radio Licence,HXD
M6HXE,Available,Amateur Foundation Radio Licence,HXE
M6HXF,Available,Amateur Foundation Radio Licence,HXF
M6HXG,Available,Amateur Foundation Radio Licence,HXG
M6HXH,Available,Amateur Foundation Radio Licence,HXH
M6HXJ,Available,Amateur Foundation Radio Licence,HXJ
M6HXK,Available,Amateur Foundation Radio Licence,HXK
M6HXL,Available,Amateur Foundation Radio Licence,HXL
M6HXM,Available,Amateur Foundation Radio Licence,HXM
M6HXN,Available,Amateur Foundation Radio Licence,HXN
M6HXO,Available,Amateur Foundation Radio Licence,HXO
M6HXP,Available,Amateur Foundation Radio Licence,HXP
M6HXQ,Available,Amateur Foundation Radio Licence,HXQ
M6HXR,Available,Amateur Foundation Radio Licence,HXR
M6HXS,Available,Amateur Foundation Radio Licence,HXS
M6HXT,Available,Amateur Foundation Radio Licence,HXT
M6HXU,Available,Amateur Foundation Radio Licence,HXU
M6HXV,Available,Amateur Foundation Radio Licence,HXV
M6HXW,Available,Amateur Foundation Radio Licence,HXW
M6HXX,Available,Amateur Foundation Radio Licence,HXX
M6HXZ,Available,Amateur Foundation Radio Licence,HXZ
M6HYA,Available,Amateur Foundation Radio Licence,HYA
M6HYB,Available,Amateur Foundation Radio Licence,HYB
M6HYC,Available,Amateur Foundation Radio Licence,HYC
M6HYD,Available,Amateur Foundation Radio Licence,HYD
M6HYE,Available,Amateur Foundation Radio Licence,HYE
M6HYF,Available,Amateur Foundation Radio Licence,HYF
M6HYG,Available,Amateur Foundation Radio Licence,HYG
M6HYH,Available,Amateur Foundation Radio Licence,HYH
M6HYI,Available,Amateur Foundation Radio Licence,HYI
M6HYJ,Available,Amateur Foundation Radio Licence,HYJ
M6HYK,Available,Amateur Foundation Radio Licence,HYK
M6HYL,Available,Amateur Foundation Radio Licence,HYL
M6HYN,Available,Amateur Foundation Radio Licence,HYN
M6HYO,Available,Amateur Foundation Radio Licence,HYO
M6HYQ,Available,Amateur Foundation Radio Licence,HYQ
M6HYR,Available,Amateur Foundation Radio Licence,HYR
M6HYS,Available,Amateur Foundation Radio Licence,HYS
M6HYU,Available,Amateur Foundation Radio Licence,HYU
M6HYV,Available,Amateur Foundation Radio Licence,HYV
M6HYX,Available,Amateur Foundation Radio Licence,HYX
M6HYY,Available,Amateur Foundation Radio Licence,HYY
M6HYZ,Available,Amateur Foundation Radio Licence,HYZ
M6HZA,Available,Amateur Foundation Radio Licence,HZA
M6HZB,Available,Amateur Foundation Radio Licence,HZB
M6HZC,Available,Amateur Foundation Radio Licence,HZC
M6HZF,Available,Amateur Foundation Radio Licence,HZF
M6HZG,Available,Amateur Foundation Radio Licence,HZG
M6HZH,Available,Amateur Foundation Radio Licence,HZH
M6HZI,Available,Amateur Foundation Radio Licence,HZI
M6HZJ,Available,Amateur Foundation Radio Licence,HZJ
M6HZK,Available,Amateur Foundation Radio Licence,HZK
M6HZM,Available,Amateur Foundation Radio Licence,HZM
M6HZN,Available,Amateur Foundation Radio Licence,HZN
M6HZO,Available,Amateur Foundation Radio Licence,HZO
M6HZP,Available,Amateur Foundation Radio Licence,HZP
M6HZQ,Available,Amateur Foundation Radio Licence,HZQ
M6HZR,Available,Amateur Foundation Radio Licence,HZR
M6HZT,Available,Amateur Foundation Radio Licence,HZT
M6HZU,Available,Amateur Foundation Radio Licence,HZU
M6HZV,Available,Amateur Foundation Radio Licence,HZV
M6HZW,Available,Amateur Foundation Radio Licence,HZW
M6HZX,Available,Amateur Foundation Radio Licence,HZX
M6HZY,Available,Amateur Foundation Radio Licence,HZY
M6HZZ,Available,Amateur Foundation Radio Licence,HZZ
M6IAW,Available,Amateur Foundation Radio Licence,IAW
M6IAX,Available,Amateur Foundation Radio Licence,IAX
M6IAY,Available,Amateur Foundation Radio Licence,IAY
M6IBA,Available,Amateur Foundation Radio Licence,IBA
M6IBD,Available,Amateur Foundation Radio Licence,IBD
M6IBE,Available,Amateur Foundation Radio Licence,IBE
M6IBF,Available,Amateur Foundation Radio Licence,IBF
M6IBH,Available,Amateur Foundation Radio Licence,IBH
M6IBI,Available,Amateur Foundation Radio Licence,IBI
M6IBJ,Available,Amateur Foundation Radio Licence,IBJ
M6IBK,Available,Amateur Foundation Radio Licence,IBK
M6IBN,Available,Amateur Foundation Radio Licence,IBN
M6IBO,Available,Amateur Foundation Radio Licence,IBO
M6IBP,Available,Amateur Foundation Radio Licence,IBP
M6IBQ,Available,Amateur Foundation Radio Licence,IBQ
M6IBT,Available,Amateur Foundation Radio Licence,IBT
M6IBU,Available,Amateur Foundation Radio Licence,IBU
M6IBV,Available,Amateur Foundation Radio Licence,IBV
M6IBY,Available,Amateur Foundation Radio Licence,IBY
M6ICD,Available,Amateur Foundation Radio Licence,ICD
M6ICF,Available,Amateur Foundation Radio Licence,ICF
M6ICG,Available,Amateur Foundation Radio Licence,ICG
M6ICI,Available,Amateur Foundation Radio Licence,ICI
M6ICJ,Available,Amateur Foundation Radio Licence,ICJ
M6ICL,Available,Amateur Foundation Radio Licence,ICL
M6ICM,Available,Amateur Foundation Radio Licence,ICM
M6ICR,Available,Amateur Foundation Radio Licence,ICR
M6ICV,Available,Amateur Foundation Radio Licence,ICV
M6ICX,Available,Amateur Foundation Radio Licence,ICX
M6ICZ,Available,Amateur Foundation Radio Licence,ICZ
M6IDD,Available,Amateur Foundation Radio Licence,IDD
M6IDH,Available,Amateur Foundation Radio Licence,IDH
M6IDI,Available,Amateur Foundation Radio Licence,IDI
M6IDL,Available,Amateur Foundation Radio Licence,IDL
M6IDO,Available,Amateur Foundation Radio Licence,IDO
M6IDS,Available,Amateur Foundation Radio Licence,IDS
M6IDU,Available,Amateur Foundation Radio Licence,IDU
M6IDV,Available,Amateur Foundation Radio Licence,IDV
M6IDW,Available,Amateur Foundation Radio Licence,IDW
M6IDY,Available,Amateur Foundation Radio Licence,IDY
M6IEA,Available,Amateur Foundation Radio Licence,IEA
M6IEB,Available,Amateur Foundation Radio Licence,IEB
M6IEC,Available,Amateur Foundation Radio Licence,IEC
M6IEG,Available,Amateur Foundation Radio Licence,IEG
M6IEH,Available,Amateur Foundation Radio Licence,IEH
M6IEI,Available,Amateur Foundation Radio Licence,IEI
M6IEJ,Available,Amateur Foundation Radio Licence,IEJ
M6IEK,Available,Amateur Foundation Radio Licence,IEK
M6IEL,Available,Amateur Foundation Radio Licence,IEL
M6IEM,Available,Amateur Foundation Radio Licence,IEM
M6IEN,Available,Amateur Foundation Radio Licence,IEN
M6IEP,Available,Amateur Foundation Radio Licence,IEP
M6IEQ,Available,Amateur Foundation Radio Licence,IEQ
M6IES,Available,Amateur Foundation Radio Licence,IES
M6IET,Available,Amateur Foundation Radio Licence,IET
M6IEU,Available,Amateur Foundation Radio Licence,IEU
M6IEV,Available,Amateur Foundation Radio Licence,IEV
M6IEW,Available,Amateur Foundation Radio Licence,IEW
M6IEX,Available,Amateur Foundation Radio Licence,IEX
M6IEY,Available,Amateur Foundation Radio Licence,IEY
M6IEZ,Available,Amateur Foundation Radio Licence,IEZ
M6IFA,Available,Amateur Foundation Radio Licence,IFA
M6IFB,Available,Amateur Foundation Radio Licence,IFB
M6IFC,Available,Amateur Foundation Radio Licence,IFC
M6IFD,Available,Amateur Foundation Radio Licence,IFD
M6IFE,Available,Amateur Foundation Radio Licence,IFE
M6IFF,Available,Amateur Foundation Radio Licence,IFF
M6IFG,Available,Amateur Foundation Radio Licence,IFG
M6IFI,Available,Amateur Foundation Radio Licence,IFI
M6IFJ,Available,Amateur Foundation Radio Licence,IFJ
M6IFK,Available,Amateur Foundation Radio Licence,IFK
M6IFL,Available,Amateur Foundation Radio Licence,IFL
M6IFN,Available,Amateur Foundation Radio Licence,IFN
M6IFP,Available,Amateur Foundation Radio Licence,IFP
M6IFQ,Available,Amateur Foundation Radio Licence,IFQ
M6IFR,Available,Amateur Foundation Radio Licence,IFR
M6IFS,Available,Amateur Foundation Radio Licence,IFS
M6IFT,Available,Amateur Foundation Radio Licence,IFT
M6IFU,Available,Amateur Foundation Radio Licence,IFU
M6IFV,Available,Amateur Foundation Radio Licence,IFV
M6IFX,Available,Amateur Foundation Radio Licence,IFX
M6IFY,Available,Amateur Foundation Radio Licence,IFY
M6IFZ,Available,Amateur Foundation Radio Licence,IFZ
M6IGA,Available,Amateur Foundation Radio Licence,IGA
M6IGC,Available,Amateur Foundation Radio Licence,IGC
M6IGD,Available,Amateur Foundation Radio Licence,IGD
M6IGE,Available,Amateur Foundation Radio Licence,IGE
M6IGF,Available,Amateur Foundation Radio Licence,IGF
M6IGG,Available,Amateur Foundation Radio Licence,IGG
M6IGH,Available,Amateur Foundation Radio Licence,IGH
M6IGI,Available,Amateur Foundation Radio Licence,IGI
M6IGL,Available,Amateur Foundation Radio Licence,IGL
M6IGO,Available,Amateur Foundation Radio Licence,IGO
M6IGP,Available,Amateur Foundation Radio Licence,IGP
M6IGQ,Available,Amateur Foundation Radio Licence,IGQ
M6IGR,Available,Amateur Foundation Radio Licence,IGR
M6IGS,Available,Amateur Foundation Radio Licence,IGS
M6IGT,Available,Amateur Foundation Radio Licence,IGT
M6IGU,Available,Amateur Foundation Radio Licence,IGU
M6IGV,Available,Amateur Foundation Radio Licence,IGV
M6IGX,Available,Amateur Foundation Radio Licence,IGX
M6IGY,Available,Amateur Foundation Radio Licence,IGY
M6IHA,Available,Amateur Foundation Radio Licence,IHA
M6IHB,Available,Amateur Foundation Radio Licence,IHB
M6IHD,Available,Amateur Foundation Radio Licence,IHD
M6IHE,Available,Amateur Foundation Radio Licence,IHE
M6IHF,Available,Amateur Foundation Radio Licence,IHF
M6IHG,Available,Amateur Foundation Radio Licence,IHG
M6IHH,Available,Amateur Foundation Radio Licence,IHH
M6IHI,Available,Amateur Foundation Radio Licence,IHI
M6IHJ,Available,Amateur Foundation Radio Licence,IHJ
M6IHK,Available,Amateur Foundation Radio Licence,IHK
M6IHM,Available,Amateur Foundation Radio Licence,IHM
M6IHN,Available,Amateur Foundation Radio Licence,IHN
M6IHO,Available,Amateur Foundation Radio Licence,IHO
M6IHP,Available,Amateur Foundation Radio Licence,IHP
M6IHQ,Available,Amateur Foundation Radio Licence,IHQ
M6IHR,Available,Amateur Foundation Radio Licence,IHR
M6IHS,Available,Amateur Foundation Radio Licence,IHS
M6IHT,Available,Amateur Foundation Radio Licence,IHT
M6IHU,Available,Amateur Foundation Radio Licence,IHU
M6IHV,Available,Amateur Foundation Radio Licence,IHV
M6IHW,Available,Amateur Foundation Radio Licence,IHW
M6IHX,Available,Amateur Foundation Radio Licence,IHX
M6IHY,Available,Amateur Foundation Radio Licence,IHY
M6IHZ,Available,Amateur Foundation Radio Licence,IHZ
M6IIA,Available,Amateur Foundation Radio Licence,IIA
M6IIB,Available,Amateur Foundation Radio Licence,IIB
M6IID,Available,Amateur Foundation Radio Licence,IID
M6IIE,Available,Amateur Foundation Radio Licence,IIE
M6IIF,Available,Amateur Foundation Radio Licence,IIF
M6IIG,Available,Amateur Foundation Radio Licence,IIG
M6IIH,Available,Amateur Foundation Radio Licence,IIH
M6IIJ,Available,Amateur Foundation Radio Licence,IIJ
M6IIK,Available,Amateur Foundation Radio Licence,IIK
M6IIL,Available,Amateur Foundation Radio Licence,IIL
M6IIM,Available,Amateur Foundation Radio Licence,IIM
M6IIN,Available,Amateur Foundation Radio Licence,IIN
M6IIP,Available,Amateur Foundation Radio Licence,IIP
M6IIQ,Available,Amateur Foundation Radio Licence,IIQ
M6IIS,Available,Amateur Foundation Radio Licence,IIS
M6IIT,Available,Amateur Foundation Radio Licence,IIT
M6IIU,Available,Amateur Foundation Radio Licence,IIU
M6IIV,Available,Amateur Foundation Radio Licence,IIV
M6IIW,Available,Amateur Foundation Radio Licence,IIW
M6IIX,Available,Amateur Foundation Radio Licence,IIX
M6IIY,Available,Amateur Foundation Radio Licence,IIY
M6IIZ,Available,Amateur Foundation Radio Licence,IIZ
M6IJC,Available,Amateur Foundation Radio Licence,IJC
M6IJE,Available,Amateur Foundation Radio Licence,IJE
M6IJF,Available,Amateur Foundation Radio Licence,IJF
M6IJG,Available,Amateur Foundation Radio Licence,IJG
M6IJI,Available,Amateur Foundation Radio Licence,IJI
M6IJK,Available,Amateur Foundation Radio Licence,IJK
M6IJL,Available,Amateur Foundation Radio Licence,IJL
M6IJN,Available,Amateur Foundation Radio Licence,IJN
M6IJO,Available,Amateur Foundation Radio Licence,IJO
M6IJR,Available,Amateur Foundation Radio Licence,IJR
M6IJT,Available,Amateur Foundation Radio Licence,IJT
M6IJU,Available,Amateur Foundation Radio Licence,IJU
M6IJV,Available,Amateur Foundation Radio Licence,IJV
M6IJX,Available,Amateur Foundation Radio Licence,IJX
M6IJY,Available,Amateur Foundation Radio Licence,IJY
M6IJZ,Available,Amateur Foundation Radio Licence,IJZ
M6IKB,Available,Amateur Foundation Radio Licence,IKB
M6IKC,Available,Amateur Foundation Radio Licence,IKC
M6IKF,Available,Amateur Foundation Radio Licence,IKF
M6IKG,Available,Amateur Foundation Radio Licence,IKG
M6IKH,Available,Amateur Foundation Radio Licence,IKH
M6IKI,Available,Amateur Foundation Radio Licence,IKI
M6IKJ,Available,Amateur Foundation Radio Licence,IKJ
M6IKK,Available,Amateur Foundation Radio Licence,IKK
M6IKL,Available,Amateur Foundation Radio Licence,IKL
M6IKN,Available,Amateur Foundation Radio Licence,IKN
M6IKP,Available,Amateur Foundation Radio Licence,IKP
M6IKQ,Available,Amateur Foundation Radio Licence,IKQ
M6IKR,Available,Amateur Foundation Radio Licence,IKR
M6IKS,Available,Amateur Foundation Radio Licence,IKS
M6IKT,Available,Amateur Foundation Radio Licence,IKT
M6IKU,Available,Amateur Foundation Radio Licence,IKU
M6IKV,Available,Amateur Foundation Radio Licence,IKV
M6IKW,Available,Amateur Foundation Radio Licence,IKW
M6IKX,Available,Amateur Foundation Radio Licence,IKX
M6IKY,Available,Amateur Foundation Radio Licence,IKY
M6IKZ,Available,Amateur Foundation Radio Licence,IKZ
M6ILC,Available,Amateur Foundation Radio Licence,ILC
M6ILD,Available,Amateur Foundation Radio Licence,ILD
M6ILE,Available,Amateur Foundation Radio Licence,ILE
M6ILG,Available,Amateur Foundation Radio Licence,ILG
M6ILI,Available,Amateur Foundation Radio Licence,ILI
M6ILJ,Available,Amateur Foundation Radio Licence,ILJ
M6ILK,Available,Amateur Foundation Radio Licence,ILK
M6ILQ,Available,Amateur Foundation Radio Licence,ILQ
M6ILT,Available,Amateur Foundation Radio Licence,ILT
M6ILU,Available,Amateur Foundation Radio Licence,ILU
M6ILV,Available,Amateur Foundation Radio Licence,ILV
M6ILX,Available,Amateur Foundation Radio Licence,ILX
M6ILZ,Available,Amateur Foundation Radio Licence,ILZ
M6IMB,Available,Amateur Foundation Radio Licence,IMB
M6IME,Available,Amateur Foundation Radio Licence,IME
M6IMG,Available,Amateur Foundation Radio Licence,IMG
M6IMK,Available,Amateur Foundation Radio Licence,IMK
M6IML,Available,Amateur Foundation Radio Licence,IML
M6IMN,Available,Amateur Foundation Radio Licence,IMN
M6IMQ,Available,Amateur Foundation Radio Licence,IMQ
M6IMU,Available,Amateur Foundation Radio Licence,IMU
M6IMV,Available,Amateur Foundation Radio Licence,IMV
M6IMY,Available,Amateur Foundation Radio Licence,IMY
M6IMZ,Available,Amateur Foundation Radio Licence,IMZ
M6INB,Available,Amateur Foundation Radio Licence,INB
M6INC,Available,Amateur Foundation Radio Licence,INC
M6INF,Available,Amateur Foundation Radio Licence,INF
M6INH,Available,Amateur Foundation Radio Licence,INH
M6INJ,Available,Amateur Foundation Radio Licence,INJ
M6INL,Available,Amateur Foundation Radio Licence,INL
M6INP,Available,Amateur Foundation Radio Licence,INP
M6INQ,Available,Amateur Foundation Radio Licence,INQ
M6INR,Available,Amateur Foundation Radio Licence,INR
M6INU,Available,Amateur Foundation Radio Licence,INU
M6INY,Available,Amateur Foundation Radio Licence,INY
M6INZ,Available,Amateur Foundation Radio Licence,INZ
M6IOB,Available,Amateur Foundation Radio Licence,IOB
M6IOC,Available,Amateur Foundation Radio Licence,IOC
M6IOD,Available,Amateur Foundation Radio Licence,IOD
M6IOE,Available,Amateur Foundation Radio Licence,IOE
M6IOF,Available,Amateur Foundation Radio Licence,IOF
M6IOG,Available,Amateur Foundation Radio Licence,IOG
M6IOH,Available,Amateur Foundation Radio Licence,IOH
M6IOJ,Available,Amateur Foundation Radio Licence,IOJ
M6IOL,Available,Amateur Foundation Radio Licence,IOL
M6IOO,Available,Amateur Foundation Radio Licence,IOO
M6IOP,Available,Amateur Foundation Radio Licence,IOP
M6IOQ,Available,Amateur Foundation Radio Licence,IOQ
M6IOR,Available,Amateur Foundation Radio Licence,IOR
M6IOT,Available,Amateur Foundation Radio Licence,IOT
M6IOV,Available,Amateur Foundation Radio Licence,IOV
M6IOX,Available,Amateur Foundation Radio Licence,IOX
M6IOY,Available,Amateur Foundation Radio Licence,IOY
M6IOZ,Available,Amateur Foundation Radio Licence,IOZ
M6IPB,Available,Amateur Foundation Radio Licence,IPB
M6IPE,Available,Amateur Foundation Radio Licence,IPE
M6IPF,Available,Amateur Foundation Radio Licence,IPF
M6IPG,Available,Amateur Foundation Radio Licence,IPG
M6IPH,Available,Amateur Foundation Radio Licence,IPH
M6IPI,Available,Amateur Foundation Radio Licence,IPI
M6IPK,Available,Amateur Foundation Radio Licence,IPK
M6IPN,Available,Amateur Foundation Radio Licence,IPN
M6IPO,Available,Amateur Foundation Radio Licence,IPO
M6IPQ,Available,Amateur Foundation Radio Licence,IPQ
M6IPU,Available,Amateur Foundation Radio Licence,IPU
M6IPW,Available,Amateur Foundation Radio Licence,IPW
M6IPY,Available,Amateur Foundation Radio Licence,IPY
M6IQA,Available,Amateur Foundation Radio Licence,IQA
M6IQB,Available,Amateur Foundation Radio Licence,IQB
M6IQC,Available,Amateur Foundation Radio Licence,IQC
M6IQD,Available,Amateur Foundation Radio Licence,IQD
M6IQE,Available,Amateur Foundation Radio Licence,IQE
M6IQF,Available,Amateur Foundation Radio Licence,IQF
M6IQG,Available,Amateur Foundation Radio Licence,IQG
M6IQH,Available,Amateur Foundation Radio Licence,IQH
M6IQI,Available,Amateur Foundation Radio Licence,IQI
M6IQJ,Available,Amateur Foundation Radio Licence,IQJ
M6IQK,Available,Amateur Foundation Radio Licence,IQK
M6IQL,Available,Amateur Foundation Radio Licence,IQL
M6IQM,Available,Amateur Foundation Radio Licence,IQM
M6IQN,Available,Amateur Foundation Radio Licence,IQN
M6IQP,Available,Amateur Foundation Radio Licence,IQP
M6IQQ,Available,Amateur Foundation Radio Licence,IQQ
M6IQR,Available,Amateur Foundation Radio Licence,IQR
M6IQS,Available,Amateur Foundation Radio Licence,IQS
M6IQT,Available,Amateur Foundation Radio Licence,IQT
M6IQU,Available,Amateur Foundation Radio Licence,IQU
M6IQV,Available,Amateur Foundation Radio Licence,IQV
M6IQW,Available,Amateur Foundation Radio Licence,IQW
M6IQX,Available,Amateur Foundation Radio Licence,IQX
M6IQY,Available,Amateur Foundation Radio Licence,IQY
M6IQZ,Available,Amateur Foundation Radio Licence,IQZ
M6IRB,Available,Amateur Foundation Radio Licence,IRB
M6IRD,Available,Amateur Foundation Radio Licence,IRD
M6IRF,Available,Amateur Foundation Radio Licence,IRF
M6IRG,Available,Amateur Foundation Radio Licence,IRG
M6IRH,Available,Amateur Foundation Radio Licence,IRH
M6IRI,Available,Amateur Foundation Radio Licence,IRI
M6IRN,Available,Amateur Foundation Radio Licence,IRN
M6IRO,Available,Amateur Foundation Radio Licence,IRO
M6IRX,Available,Amateur Foundation Radio Licence,IRX
M6IRY,Available,Amateur Foundation Radio Licence,IRY
M6IRZ,Available,Amateur Foundation Radio Licence,IRZ
M6ISB,Available,Amateur Foundation Radio Licence,ISB
M6ISD,Available,Amateur Foundation Radio Licence,ISD
M6ISE,Available,Amateur Foundation Radio Licence,ISE
M6ISF,Available,Amateur Foundation Radio Licence,ISF
M6ISI,Available,Amateur Foundation Radio Licence,ISI
M6ISJ,Available,Amateur Foundation Radio Licence,ISJ
M6ISK,Available,Amateur Foundation Radio Licence,ISK
M6ISL,Available,Amateur Foundation Radio Licence,ISL
M6ISN,Available,Amateur Foundation Radio Licence,ISN
M6ISP,Available,Amateur Foundation Radio Licence,ISP
M6ISQ,Available,Amateur Foundation Radio Licence,ISQ
M6ISR,Available,Amateur Foundation Radio Licence,ISR
M6ISU,Available,Amateur Foundation Radio Licence,ISU
M6ISV,Available,Amateur Foundation Radio Licence,ISV
M6ISW,Available,Amateur Foundation Radio Licence,ISW
M6ISX,Available,Amateur Foundation Radio Licence,ISX
M6ISY,Available,Amateur Foundation Radio Licence,ISY
M6ITB,Available,Amateur Foundation Radio Licence,ITB
M6ITC,Available,Amateur Foundation Radio Licence,ITC
M6ITD,Available,Amateur Foundation Radio Licence,ITD
M6ITF,Available,Amateur Foundation Radio Licence,ITF
M6ITG,Available,Amateur Foundation Radio Licence,ITG
M6ITH,Available,Amateur Foundation Radio Licence,ITH
M6ITI,Available,Amateur Foundation Radio Licence,ITI
M6ITJ,Available,Amateur Foundation Radio Licence,ITJ
M6ITK,Available,Amateur Foundation Radio Licence,ITK
M6ITL,Available,Amateur Foundation Radio Licence,ITL
M6ITO,Available,Amateur Foundation Radio Licence,ITO
M6ITP,Available,Amateur Foundation Radio Licence,ITP
M6ITQ,Available,Amateur Foundation Radio Licence,ITQ
M6ITR,Available,Amateur Foundation Radio Licence,ITR
M6ITS,Available,Amateur Foundation Radio Licence,ITS
M6ITZ,Available,Amateur Foundation Radio Licence,ITZ
M6IUA,Available,Amateur Foundation Radio Licence,IUA
M6IUB,Available,Amateur Foundation Radio Licence,IUB
M6IUC,Available,Amateur Foundation Radio Licence,IUC
M6IUE,Available,Amateur Foundation Radio Licence,IUE
M6IUF,Available,Amateur Foundation Radio Licence,IUF
M6IUG,Available,Amateur Foundation Radio Licence,IUG
M6IUH,Available,Amateur Foundation Radio Licence,IUH
M6IUI,Available,Amateur Foundation Radio Licence,IUI
M6IUJ,Available,Amateur Foundation Radio Licence,IUJ
M6IUL,Available,Amateur Foundation Radio Licence,IUL
M6IUM,Available,Amateur Foundation Radio Licence,IUM
M6IUO,Available,Amateur Foundation Radio Licence,IUO
M6IUP,Available,Amateur Foundation Radio Licence,IUP
M6IUQ,Available,Amateur Foundation Radio Licence,IUQ
M6IUR,Available,Amateur Foundation Radio Licence,IUR
M6IUS,Available,Amateur Foundation Radio Licence,IUS
M6IUT,Available,Amateur Foundation Radio Licence,IUT
M6IUU,Available,Amateur Foundation Radio Licence,IUU
M6IUV,Available,Amateur Foundation Radio Licence,IUV
M6IUW,Available,Amateur Foundation Radio Licence,IUW
M6IUX,Available,Amateur Foundation Radio Licence,IUX
M6IUY,Available,Amateur Foundation Radio Licence,IUY
M6IVA,Available,Amateur Foundation Radio Licence,IVA
M6IVB,Available,Amateur Foundation Radio Licence,IVB
M6IVC,Available,Amateur Foundation Radio Licence,IVC
M6IVD,Available,Amateur Foundation Radio Licence,IVD
M6IVE,Available,Amateur Foundation Radio Licence,IVE
M6IVF,Available,Amateur Foundation Radio Licence,IVF
M6IVG,Available,Amateur Foundation Radio Licence,IVG
M6IVH,Available,Amateur Foundation Radio Licence,IVH
M6IVI,Available,Amateur Foundation Radio Licence,IVI
M6IVJ,Available,Amateur Foundation Radio Licence,IVJ
M6IVK,Available,Amateur Foundation Radio Licence,IVK
M6IVM,Available,Amateur Foundation Radio Licence,IVM
M6IVQ,Available,Amateur Foundation Radio Licence,IVQ
M6IVT,Available,Amateur Foundation Radio Licence,IVT
M6IVU,Available,Amateur Foundation Radio Licence,IVU
M6IVV,Available,Amateur Foundation Radio Licence,IVV
M6IVW,Available,Amateur Foundation Radio Licence,IVW
M6IVX,Available,Amateur Foundation Radio Licence,IVX
M6IVZ,Available,Amateur Foundation Radio Licence,IVZ
M6IWA,Available,Amateur Foundation Radio Licence,IWA
M6IWC,Available,Amateur Foundation Radio Licence,IWC
M6IWD,Available,Amateur Foundation Radio Licence,IWD
M6IWE,Available,Amateur Foundation Radio Licence,IWE
M6IWG,Available,Amateur Foundation Radio Licence,IWG
M6IWH,Available,Amateur Foundation Radio Licence,IWH
M6IWI,Available,Amateur Foundation Radio Licence,IWI
M6IWJ,Available,Amateur Foundation Radio Licence,IWJ
M6IWK,Available,Amateur Foundation Radio Licence,IWK
M6IWL,Available,Amateur Foundation Radio Licence,IWL
M6IWN,Available,Amateur Foundation Radio Licence,IWN
M6IWO,Available,Amateur Foundation Radio Licence,IWO
M6IWQ,Available,Amateur Foundation Radio Licence,IWQ
M6IWR,Available,Amateur Foundation Radio Licence,IWR
M6IWS,Available,Amateur Foundation Radio Licence,IWS
M6IWT,Available,Amateur Foundation Radio Licence,IWT
M6IWU,Available,Amateur Foundation Radio Licence,IWU
M6IWV,Available,Amateur Foundation Radio Licence,IWV
M6IWW,Available,Amateur Foundation Radio Licence,IWW
M6IWX,Available,Amateur Foundation Radio Licence,IWX
M6IWY,Available,Amateur Foundation Radio Licence,IWY
M6IXA,Available,Amateur Foundation Radio Licence,IXA
M6IXB,Available,Amateur Foundation Radio Licence,IXB
M6IXC,Available,Amateur Foundation Radio Licence,IXC
M6IXD,Available,Amateur Foundation Radio Licence,IXD
M6IXE,Available,Amateur Foundation Radio Licence,IXE
M6IXF,Available,Amateur Foundation Radio Licence,IXF
M6IXG,Available,Amateur Foundation Radio Licence,IXG
M6IXH,Available,Amateur Foundation Radio Licence,IXH
M6IXJ,Available,Amateur Foundation Radio Licence,IXJ
M6IXK,Available,Amateur Foundation Radio Licence,IXK
M6IXL,Available,Amateur Foundation Radio Licence,IXL
M6IXM,Available,Amateur Foundation Radio Licence,IXM
M6IXN,Available,Amateur Foundation Radio Licence,IXN
M6IXO,Available,Amateur Foundation Radio Licence,IXO
M6IXP,Available,Amateur Foundation Radio Licence,IXP
M6IXQ,Available,Amateur Foundation Radio Licence,IXQ
M6IXR,Available,Amateur Foundation Radio Licence,IXR
M6IXS,Available,Amateur Foundation Radio Licence,IXS
M6IXT,Available,Amateur Foundation Radio Licence,IXT
M6IXU,Available,Amateur Foundation Radio Licence,IXU
M6IXV,Available,Amateur Foundation Radio Licence,IXV
M6IXW,Available,Amateur Foundation Radio Licence,IXW
M6IXX,Available,Amateur Foundation Radio Licence,IXX
M6IXY,Available,Amateur Foundation Radio Licence,IXY
M6IXZ,Available,Amateur Foundation Radio Licence,IXZ
M6IYA,Available,Amateur Foundation Radio Licence,IYA
M6IYB,Available,Amateur Foundation Radio Licence,IYB
M6IYC,Available,Amateur Foundation Radio Licence,IYC
M6IYD,Available,Amateur Foundation Radio Licence,IYD
M6IYE,Available,Amateur Foundation Radio Licence,IYE
M6IYF,Available,Amateur Foundation Radio Licence,IYF
M6IYG,Available,Amateur Foundation Radio Licence,IYG
M6IYH,Available,Amateur Foundation Radio Licence,IYH
M6IYI,Available,Amateur Foundation Radio Licence,IYI
M6IYJ,Available,Amateur Foundation Radio Licence,IYJ
M6IYK,Available,Amateur Foundation Radio Licence,IYK
M6IYL,Available,Amateur Foundation Radio Licence,IYL
M6IYM,Available,Amateur Foundation Radio Licence,IYM
M6IYN,Available,Amateur Foundation Radio Licence,IYN
M6IYO,Available,Amateur Foundation Radio Licence,IYO
M6IYP,Available,Amateur Foundation Radio Licence,IYP
M6IYQ,Available,Amateur Foundation Radio Licence,IYQ
M6IYR,Available,Amateur Foundation Radio Licence,IYR
M6IYS,Available,Amateur Foundation Radio Licence,IYS
M6IYT,Available,Amateur Foundation Radio Licence,IYT
M6IYU,Available,Amateur Foundation Radio Licence,IYU
M6IYV,Available,Amateur Foundation Radio Licence,IYV
M6IYW,Available,Amateur Foundation Radio Licence,IYW
M6IYX,Available,Amateur Foundation Radio Licence,IYX
M6IYY,Available,Amateur Foundation Radio Licence,IYY
M6IYZ,Available,Amateur Foundation Radio Licence,IYZ
M6IZB,Available,Amateur Foundation Radio Licence,IZB
M6IZC,Available,Amateur Foundation Radio Licence,IZC
M6IZD,Available,Amateur Foundation Radio Licence,IZD
M6IZE,Available,Amateur Foundation Radio Licence,IZE
M6IZF,Available,Amateur Foundation Radio Licence,IZF
M6IZG,Available,Amateur Foundation Radio Licence,IZG
M6IZH,Available,Amateur Foundation Radio Licence,IZH
M6IZJ,Available,Amateur Foundation Radio Licence,IZJ
M6IZK,Available,Amateur Foundation Radio Licence,IZK
M6IZL,Available,Amateur Foundation Radio Licence,IZL
M6IZM,Available,Amateur Foundation Radio Licence,IZM
M6IZN,Available,Amateur Foundation Radio Licence,IZN
M6IZO,Available,Amateur Foundation Radio Licence,IZO
M6IZQ,Available,Amateur Foundation Radio Licence,IZQ
M6IZR,Available,Amateur Foundation Radio Licence,IZR
M6IZT,Available,Amateur Foundation Radio Licence,IZT
M6IZU,Available,Amateur Foundation Radio Licence,IZU
M6IZV,Available,Amateur Foundation Radio Licence,IZV
M6IZX,Available,Amateur Foundation Radio Licence,IZX
M6IZZ,Available,Amateur Foundation Radio Licence,IZZ
M6JHV,Available,Amateur Foundation Radio Licence,JHV
M6JHX,Available,Amateur Foundation Radio Licence,JHX
M6JHY,Available,Amateur Foundation Radio Licence,JHY
M6JIA,Available,Amateur Foundation Radio Licence,JIA
M6JIC,Available,Amateur Foundation Radio Licence,JIC
M6JID,Available,Amateur Foundation Radio Licence,JID
M6JIF,Available,Amateur Foundation Radio Licence,JIF
M6JIG,Available,Amateur Foundation Radio Licence,JIG
M6JIH,Available,Amateur Foundation Radio Licence,JIH
M6JIP,Available,Amateur Foundation Radio Licence,JIP
M6JIQ,Available,Amateur Foundation Radio Licence,JIQ
M6JIR,Available,Amateur Foundation Radio Licence,JIR
M6JIS,Available,Amateur Foundation Radio Licence,JIS
M6JIU,Available,Amateur Foundation Radio Licence,JIU
M6JIV,Available,Amateur Foundation Radio Licence,JIV
M6JIW,Available,Amateur Foundation Radio Licence,JIW
M6JIX,Available,Amateur Foundation Radio Licence,JIX
M6JIY,Available,Amateur Foundation Radio Licence,JIY
M6JJA,Available,Amateur Foundation Radio Licence,JJA
M6JJG,Available,Amateur Foundation Radio Licence,JJG
M6JJI,Available,Amateur Foundation Radio Licence,JJI
M6JJN,Available,Amateur Foundation Radio Licence,JJN
M6JJQ,Available,Amateur Foundation Radio Licence,JJQ
M6JJT,Available,Amateur Foundation Radio Licence,JJT
M6JJU,Available,Amateur Foundation Radio Licence,JJU
M6JJV,Available,Amateur Foundation Radio Licence,JJV
M6JJX,Available,Amateur Foundation Radio Licence,JJX
M6JJY,Available,Amateur Foundation Radio Licence,JJY
M6JJZ,Available,Amateur Foundation Radio Licence,JJZ
M6JKJ,Available,Amateur Foundation Radio Licence,JKJ
M6JKN,Available,Amateur Foundation Radio Licence,JKN
M6JKU,Available,Amateur Foundation Radio Licence,JKU
M6JKV,Available,Amateur Foundation Radio Licence,JKV
M6JLE,Available,Amateur Foundation Radio Licence,JLE
M6JLQ,Available,Amateur Foundation Radio Licence,JLQ
M6JLT,Available,Amateur Foundation Radio Licence,JLT
M6JLU,Available,Amateur Foundation Radio Licence,JLU
M6JLV,Available,Amateur Foundation Radio Licence,JLV
M6JLZ,Available,Amateur Foundation Radio Licence,JLZ
M6JMJ,Available,Amateur Foundation Radio Licence,JMJ
M6JMQ,Available,Amateur Foundation Radio Licence,JMQ
M6JMU,Available,Amateur Foundation Radio Licence,JMU
M6JMV,Available,Amateur Foundation Radio Licence,JMV
M6JNA,Available,Amateur Foundation Radio Licence,JNA
M6JND,Available,Amateur Foundation Radio Licence,JND
M6JNF,Available,Amateur Foundation Radio Licence,JNF
M6JNG,Available,Amateur Foundation Radio Licence,JNG
M6JNI,Available,Amateur Foundation Radio Licence,JNI
M6JNL,Available,Amateur Foundation Radio Licence,JNL
M6JNM,Available,Amateur Foundation Radio Licence,JNM
M6JNN,Available,Amateur Foundation Radio Licence,JNN
M6JNO,Available,Amateur Foundation Radio Licence,JNO
M6JNV,Available,Amateur Foundation Radio Licence,JNV
M6JNY,Available,Amateur Foundation Radio Licence,JNY
M6JNZ,Available,Amateur Foundation Radio Licence,JNZ
M6JOA,Available,Amateur Foundation Radio Licence,JOA
M6JOI,Available,Amateur Foundation Radio Licence,JOI
M6JOM,Available,Amateur Foundation Radio Licence,JOM
M6JOP,Available,Amateur Foundation Radio Licence,JOP
M6JOQ,Available,Amateur Foundation Radio Licence,JOQ
M6JOV,Available,Amateur Foundation Radio Licence,JOV
M6JOX,Available,Amateur Foundation Radio Licence,JOX
M6JOZ,Available,Amateur Foundation Radio Licence,JOZ
M6JPI,Available,Amateur Foundation Radio Licence,JPI
M6JPQ,Available,Amateur Foundation Radio Licence,JPQ
M6JPU,Available,Amateur Foundation Radio Licence,JPU
M6JPV,Available,Amateur Foundation Radio Licence,JPV
M6JPZ,Available,Amateur Foundation Radio Licence,JPZ
M6JQA,Available,Amateur Foundation Radio Licence,JQA
M6JQC,Available,Amateur Foundation Radio Licence,JQC
M6JQD,Available,Amateur Foundation Radio Licence,JQD
M6JQE,Available,Amateur Foundation Radio Licence,JQE
M6JQF,Available,Amateur Foundation Radio Licence,JQF
M6JQG,Available,Amateur Foundation Radio Licence,JQG
M6JQH,Available,Amateur Foundation Radio Licence,JQH
M6JQI,Available,Amateur Foundation Radio Licence,JQI
M6JQJ,Available,Amateur Foundation Radio Licence,JQJ
M6JQK,Available,Amateur Foundation Radio Licence,JQK
M6JQL,Available,Amateur Foundation Radio Licence,JQL
M6JQO,Available,Amateur Foundation Radio Licence,JQO
M6JQP,Available,Amateur Foundation Radio Licence,JQP
M6JQQ,Available,Amateur Foundation Radio Licence,JQQ
M6JQR,Available,Amateur Foundation Radio Licence,JQR
M6JQS,Available,Amateur Foundation Radio Licence,JQS
M6JQT,Available,Amateur Foundation Radio Licence,JQT
M6JQU,Available,Amateur Foundation Radio Licence,JQU
M6JQV,Available,Amateur Foundation Radio Licence,JQV
M6JQX,Available,Amateur Foundation Radio Licence,JQX
M6JQY,Available,Amateur Foundation Radio Licence,JQY
M6JQZ,Available,Amateur Foundation Radio Licence,JQZ
M6JRI,Available,Amateur Foundation Radio Licence,JRI
M6JRK,Available,Amateur Foundation Radio Licence,JRK
M6JRU,Available,Amateur Foundation Radio Licence,JRU
M6JRY,Available,Amateur Foundation Radio Licence,JRY
M6JSI,Available,Amateur Foundation Radio Licence,JSI
M6JSQ,Available,Amateur Foundation Radio Licence,JSQ
M6JSU,Available,Amateur Foundation Radio Licence,JSU
M6JSV,Available,Amateur Foundation Radio Licence,JSV
M6JTD,Available,Amateur Foundation Radio Licence,JTD
M6JTE,Available,Amateur Foundation Radio Licence,JTE
M6JTK,Available,Amateur Foundation Radio Licence,JTK
M6JTQ,Available,Amateur Foundation Radio Licence,JTQ
M6JTT,Available,Amateur Foundation Radio Licence,JTT
M6JTV,Available,Amateur Foundation Radio Licence,JTV
M6JTY,Available,Amateur Foundation Radio Licence,JTY
M6JTZ,Available,Amateur Foundation Radio Licence,JTZ
M6JUF,Available,Amateur Foundation Radio Licence,JUF
M6JUG,Available,Amateur Foundation Radio Licence,JUG
M6JUH,Available,Amateur Foundation Radio Licence,JUH
M6JUI,Available,Amateur Foundation Radio Licence,JUI
M6JUJ,Available,Amateur Foundation Radio Licence,JUJ
M6JUM,Available,Amateur Foundation Radio Licence,JUM
M6JUO,Available,Amateur Foundation Radio Licence,JUO
M6JUP,Available,Amateur Foundation Radio Licence,JUP
M6JUQ,Available,Amateur Foundation Radio Licence,JUQ
M6JUT,Available,Amateur Foundation Radio Licence,JUT
M6JUU,Available,Amateur Foundation Radio Licence,JUU
M6JUW,Available,Amateur Foundation Radio Licence,JUW
M6JUY,Available,Amateur Foundation Radio Licence,JUY
M6JVA,Available,Amateur Foundation Radio Licence,JVA
M6JVC,Available,Amateur Foundation Radio Licence,JVC
M6JVD,Available,Amateur Foundation Radio Licence,JVD
M6JVE,Available,Amateur Foundation Radio Licence,JVE
M6JVF,Available,Amateur Foundation Radio Licence,JVF
M6JVI,Available,Amateur Foundation Radio Licence,JVI
M6JVJ,Available,Amateur Foundation Radio Licence,JVJ
M6JVL,Available,Amateur Foundation Radio Licence,JVL
M6JVM,Available,Amateur Foundation Radio Licence,JVM
M6JVO,Available,Amateur Foundation Radio Licence,JVO
M6JVP,Available,Amateur Foundation Radio Licence,JVP
M6JVQ,Available,Amateur Foundation Radio Licence,JVQ
M6JVS,Available,Amateur Foundation Radio Licence,JVS
M6JVT,Available,Amateur Foundation Radio Licence,JVT
M6JVU,Available,Amateur Foundation Radio Licence,JVU
M6JVX,Available,Amateur Foundation Radio Licence,JVX
M6JVY,Available,Amateur Foundation Radio Licence,JVY
M6JVZ,Available,Amateur Foundation Radio Licence,JVZ
M6JWE,Available,Amateur Foundation Radio Licence,JWE
M6JWG,Available,Amateur Foundation Radio Licence,JWG
M6JWI,Available,Amateur Foundation Radio Licence,JWI
M6JWJ,Available,Amateur Foundation Radio Licence,JWJ
M6JWN,Available,Amateur Foundation Radio Licence,JWN
M6JWU,Available,Amateur Foundation Radio Licence,JWU
M6JWV,Available,Amateur Foundation Radio Licence,JWV
M6JWZ,Available,Amateur Foundation Radio Licence,JWZ
M6JXA,Available,Amateur Foundation Radio Licence,JXA
M6JXD,Available,Amateur Foundation Radio Licence,JXD
M6JXE,Available,Amateur Foundation Radio Licence,JXE
M6JXF,Available,Amateur Foundation Radio Licence,JXF
M6JXG,Available,Amateur Foundation Radio Licence,JXG
M6JXI,Available,Amateur Foundation Radio Licence,JXI
M6JXJ,Available,Amateur Foundation Radio Licence,JXJ
M6JXK,Available,Amateur Foundation Radio Licence,JXK
M6JXN,Available,Amateur Foundation Radio Licence,JXN
M6JXO,Available,Amateur Foundation Radio Licence,JXO
M6JXQ,Available,Amateur Foundation Radio Licence,JXQ
M6JXS,Available,Amateur Foundation Radio Licence,JXS
M6JXT,Available,Amateur Foundation Radio Licence,JXT
M6JXU,Available,Amateur Foundation Radio Licence,JXU
M6JXW,Available,Amateur Foundation Radio Licence,JXW
M6JXX,Available,Amateur Foundation Radio Licence,JXX
M6JXZ,Available,Amateur Foundation Radio Licence,JXZ
M6JYA,Available,Amateur Foundation Radio Licence,JYA
M6JYD,Available,Amateur Foundation Radio Licence,JYD
M6JYE,Available,Amateur Foundation Radio Licence,JYE
M6JYF,Available,Amateur Foundation Radio Licence,JYF
M6JYG,Available,Amateur Foundation Radio Licence,JYG
M6JYH,Available,Amateur Foundation Radio Licence,JYH
M6JYI,Available,Amateur Foundation Radio Licence,JYI
M6JYJ,Available,Amateur Foundation Radio Licence,JYJ
M6JYN,Available,Amateur Foundation Radio Licence,JYN
M6JYP,Available,Amateur Foundation Radio Licence,JYP
M6JYQ,Available,Amateur Foundation Radio Licence,JYQ
M6JYR,Available,Amateur Foundation Radio Licence,JYR
M6JYS,Available,Amateur Foundation Radio Licence,JYS
M6JYT,Available,Amateur Foundation Radio Licence,JYT
M6JYU,Available,Amateur Foundation Radio Licence,JYU
M6JYV,Available,Amateur Foundation Radio Licence,JYV
M6JYW,Available,Amateur Foundation Radio Licence,JYW
M6JYX,Available,Amateur Foundation Radio Licence,JYX
M6JYY,Available,Amateur Foundation Radio Licence,JYY
M6JZA,Available,Amateur Foundation Radio Licence,JZA
M6JZD,Available,Amateur Foundation Radio Licence,JZD
M6JZE,Available,Amateur Foundation Radio Licence,JZE
M6JZF,Available,Amateur Foundation Radio Licence,JZF
M6JZG,Available,Amateur Foundation Radio Licence,JZG
M6JZH,Available,Amateur Foundation Radio Licence,JZH
M6JZI,Available,Amateur Foundation Radio Licence,JZI
M6JZJ,Available,Amateur Foundation Radio Licence,JZJ
M6JZL,Available,Amateur Foundation Radio Licence,JZL
M6JZM,Available,Amateur Foundation Radio Licence,JZM
M6JZN,Available,Amateur Foundation Radio Licence,JZN
M6JZO,Available,Amateur Foundation Radio Licence,JZO
M6JZP,Available,Amateur Foundation Radio Licence,JZP
M6JZQ,Available,Amateur Foundation Radio Licence,JZQ
M6JZR,Available,Amateur Foundation Radio Licence,JZR
M6JZS,Available,Amateur Foundation Radio Licence,JZS
M6JZV,Available,Amateur Foundation Radio Licence,JZV
M6JZW,Available,Amateur Foundation Radio Licence,JZW
M6JZZ,Available,Amateur Foundation Radio Licence,JZZ
M6KBZ,Available,Amateur Foundation Radio Licence,KBZ
M6KCI,Available,Amateur Foundation Radio Licence,KCI
M6KCU,Available,Amateur Foundation Radio Licence,KCU
M6KCX,Available,Amateur Foundation Radio Licence,KCX
M6KDG,Available,Amateur Foundation Radio Licence,KDG
M6KDH,Available,Amateur Foundation Radio Licence,KDH
M6KDI,Available,Amateur Foundation Radio Licence,KDI
M6KDN,Available,Amateur Foundation Radio Licence,KDN
M6KDQ,Available,Amateur Foundation Radio Licence,KDQ
M6KDR,Available,Amateur Foundation Radio Licence,KDR
M6KDU,Available,Amateur Foundation Radio Licence,KDU
M6KDV,Available,Amateur Foundation Radio Licence,KDV
M6KDZ,Available,Amateur Foundation Radio Licence,KDZ
M6KEH,Available,Amateur Foundation Radio Licence,KEH
M6KEJ,Available,Amateur Foundation Radio Licence,KEJ
M6KEM,Available,Amateur Foundation Radio Licence,KEM
M6KEO,Available,Amateur Foundation Radio Licence,KEO
M6KEP,Available,Amateur Foundation Radio Licence,KEP
M6KEU,Available,Amateur Foundation Radio Licence,KEU
M6KEX,Available,Amateur Foundation Radio Licence,KEX
M6KFF,Available,Amateur Foundation Radio Licence,KFF
M6KFG,Available,Amateur Foundation Radio Licence,KFG
M6KFH,Available,Amateur Foundation Radio Licence,KFH
M6KFI,Available,Amateur Foundation Radio Licence,KFI
M6KFJ,Available,Amateur Foundation Radio Licence,KFJ
M6KFL,Available,Amateur Foundation Radio Licence,KFL
M6KFN,Available,Amateur Foundation Radio Licence,KFN
M6KFO,Available,Amateur Foundation Radio Licence,KFO
M6KFQ,Available,Amateur Foundation Radio Licence,KFQ
M6KFR,Available,Amateur Foundation Radio Licence,KFR
M6KFT,Available,Amateur Foundation Radio Licence,KFT
M6KFU,Available,Amateur Foundation Radio Licence,KFU
M6KFV,Available,Amateur Foundation Radio Licence,KFV
M6KFX,Available,Amateur Foundation Radio Licence,KFX
M6KFY,Available,Amateur Foundation Radio Licence,KFY
M6KFZ,Available,Amateur Foundation Radio Licence,KFZ
M6KGI,Available,Amateur Foundation Radio Licence,KGI
M6KGJ,Available,Amateur Foundation Radio Licence,KGJ
M6KGN,Available,Amateur Foundation Radio Licence,KGN
M6KGO,Available,Amateur Foundation Radio Licence,KGO
M6KGP,Available,Amateur Foundation Radio Licence,KGP
M6KGQ,Available,Amateur Foundation Radio Licence,KGQ
M6KGU,Available,Amateur Foundation Radio Licence,KGU
M6KGX,Available,Amateur Foundation Radio Licence,KGX
M6KGY,Available,Amateur Foundation Radio Licence,KGY
M6KGZ,Available,Amateur Foundation Radio Licence,KGZ
M6KHB,Available,Amateur Foundation Radio Licence,KHB
M6KHC,Available,Amateur Foundation Radio Licence,KHC
M6KHD,Available,Amateur Foundation Radio Licence,KHD
M6KHE,Available,Amateur Foundation Radio Licence,KHE
M6KHF,Available,Amateur Foundation Radio Licence,KHF
M6KHH,Available,Amateur Foundation Radio Licence,KHH
M6KHI,Available,Amateur Foundation Radio Licence,KHI
M6KHJ,Available,Amateur Foundation Radio Licence,KHJ
M6KHK,Available,Amateur Foundation Radio Licence,KHK
M6KHL,Available,Amateur Foundation Radio Licence,KHL
M6KHN,Available,Amateur Foundation Radio Licence,KHN
M6KHP,Available,Amateur Foundation Radio Licence,KHP
M6KHQ,Available,Amateur Foundation Radio Licence,KHQ
M6KHR,Available,Amateur Foundation Radio Licence,KHR
M6KHT,Available,Amateur Foundation Radio Licence,KHT
M6KHU,Available,Amateur Foundation Radio Licence,KHU
M6KHV,Available,Amateur Foundation Radio Licence,KHV
M6KHX,Available,Amateur Foundation Radio Licence,KHX
M6KHY,Available,Amateur Foundation Radio Licence,KHY
M6KIC,Available,Amateur Foundation Radio Licence,KIC
M6KIG,Available,Amateur Foundation Radio Licence,KIG
M6KIH,Available,Amateur Foundation Radio Licence,KIH
M6KII,Available,Amateur Foundation Radio Licence,KII
M6KIJ,Available,Amateur Foundation Radio Licence,KIJ
M6KIO,Available,Amateur Foundation Radio Licence,KIO
M6KIQ,Available,Amateur Foundation Radio Licence,KIQ
M6KIS,Available,Amateur Foundation Radio Licence,KIS
M6KIU,Available,Amateur Foundation Radio Licence,KIU
M6KIV,Available,Amateur Foundation Radio Licence,KIV
M6KIW,Available,Amateur Foundation Radio Licence,KIW
M6KIX,Available,Amateur Foundation Radio Licence,KIX
M6KIY,Available,Amateur Foundation Radio Licence,KIY
M6KIZ,Available,Amateur Foundation Radio Licence,KIZ
M6KJE,Available,Amateur Foundation Radio Licence,KJE
M6KJI,Available,Amateur Foundation Radio Licence,KJI
M6KJJ,Available,Amateur Foundation Radio Licence,KJJ
M6KJL,Available,Amateur Foundation Radio Licence,KJL
M6KJO,Available,Amateur Foundation Radio Licence,KJO
M6KJU,Available,Amateur Foundation Radio Licence,KJU
M6KJX,Available,Amateur Foundation Radio Licence,KJX
M6KJZ,Available,Amateur Foundation Radio Licence,KJZ
M6KKE,Available,Amateur Foundation Radio Licence,KKE
M6KKF,Available,Amateur Foundation Radio Licence,KKF
M6KKI,Available,Amateur Foundation Radio Licence,KKI
M6KKJ,Available,Amateur Foundation Radio Licence,KKJ
M6KKO,Available,Amateur Foundation Radio Licence,KKO
M6KKQ,Available,Amateur Foundation Radio Licence,KKQ
M6KKR,Available,Amateur Foundation Radio Licence,KKR
M6KKU,Available,Amateur Foundation Radio Licence,KKU
M6KKV,Available,Amateur Foundation Radio Licence,KKV
M6KKW,Available,Amateur Foundation Radio Licence,KKW
M6KKX,Available,Amateur Foundation Radio Licence,KKX
M6KKZ,Available,Amateur Foundation Radio Licence,KKZ
M6KLE,Available,Amateur Foundation Radio Licence,KLE
M6KLG,Available,Amateur Foundation Radio Licence,KLG
M6KLI,Available,Amateur Foundation Radio Licence,KLI
M6KLQ,Available,Amateur Foundation Radio Licence,KLQ
M6KLU,Available,Amateur Foundation Radio Licence,KLU
M6KLV,Available,Amateur Foundation Radio Licence,KLV
M6KLX,Available,Amateur Foundation Radio Licence,KLX
M6KMK,Available,Amateur Foundation Radio Licence,KMK
M6KMQ,Available,Amateur Foundation Radio Licence,KMQ
M6KMU,Available,Amateur Foundation Radio Licence,KMU
M6KMV,Available,Amateur Foundation Radio Licence,KMV
M6KMX,Available,Amateur Foundation Radio Licence,KMX
M6KMY,Available,Amateur Foundation Radio Licence,KMY
M6KNB,Available,Amateur Foundation Radio Licence,KNB
M6KND,Available,Amateur Foundation Radio Licence,KND
M6KNJ,Available,Amateur Foundation Radio Licence,KNJ
M6KNK,Available,Amateur Foundation Radio Licence,KNK
M6KNL,Available,Amateur Foundation Radio Licence,KNL
M6KNM,Available,Amateur Foundation Radio Licence,KNM
M6KNN,Available,Amateur Foundation Radio Licence,KNN
M6KNP,Available,Amateur Foundation Radio Licence,KNP
M6KNQ,Available,Amateur Foundation Radio Licence,KNQ
M6KNR,Available,Amateur Foundation Radio Licence,KNR
M6KNS,Available,Amateur Foundation Radio Licence,KNS
M6KNV,Available,Amateur Foundation Radio Licence,KNV
M6KNY,Available,Amateur Foundation Radio Licence,KNY
M6KOD,Available,Amateur Foundation Radio Licence,KOD
M6KOE,Available,Amateur Foundation Radio Licence,KOE
M6KOH,Available,Amateur Foundation Radio Licence,KOH
M6KOJ,Available,Amateur Foundation Radio Licence,KOJ
M6KOO,Available,Amateur Foundation Radio Licence,KOO
M6KOQ,Available,Amateur Foundation Radio Licence,KOQ
M6KOU,Available,Amateur Foundation Radio Licence,KOU
M6KOV,Available,Amateur Foundation Radio Licence,KOV
M6KOW,Available,Amateur Foundation Radio Licence,KOW
M6KOX,Available,Amateur Foundation Radio Licence,KOX
M6KOY,Available,Amateur Foundation Radio Licence,KOY
M6KOZ,Available,Amateur Foundation Radio Licence,KOZ
M6KPE,Available,Amateur Foundation Radio Licence,KPE
M6KPI,Available,Amateur Foundation Radio Licence,KPI
M6KPJ,Available,Amateur Foundation Radio Licence,KPJ
M6KPO,Available,Amateur Foundation Radio Licence,KPO
M6KPP,Available,Amateur Foundation Radio Licence,KPP
M6KPQ,Available,Amateur Foundation Radio Licence,KPQ
M6KPR,Available,Amateur Foundation Radio Licence,KPR
M6KPU,Available,Amateur Foundation Radio Licence,KPU
M6KPV,Available,Amateur Foundation Radio Licence,KPV
M6KPW,Available,Amateur Foundation Radio Licence,KPW
M6KPX,Available,Amateur Foundation Radio Licence,KPX
M6KPY,Available,Amateur Foundation Radio Licence,KPY
M6KPZ,Available,Amateur Foundation Radio Licence,KPZ
M6KQA,Available,Amateur Foundation Radio Licence,KQA
M6KQB,Available,Amateur Foundation Radio Licence,KQB
M6KQC,Available,Amateur Foundation Radio Licence,KQC
M6KQD,Available,Amateur Foundation Radio Licence,KQD
M6KQE,Available,Amateur Foundation Radio Licence,KQE
M6KQF,Available,Amateur Foundation Radio Licence,KQF
M6KQG,Available,Amateur Foundation Radio Licence,KQG
M6KQH,Available,Amateur Foundation Radio Licence,KQH
M6KQI,Available,Amateur Foundation Radio Licence,KQI
M6KQK,Available,Amateur Foundation Radio Licence,KQK
M6KQL,Available,Amateur Foundation Radio Licence,KQL
M6KQM,Available,Amateur Foundation Radio Licence,KQM
M6KQN,Available,Amateur Foundation Radio Licence,KQN
M6KQO,Available,Amateur Foundation Radio Licence,KQO
M6KQP,Available,Amateur Foundation Radio Licence,KQP
M6KQQ,Available,Amateur Foundation Radio Licence,KQQ
M6KQR,Available,Amateur Foundation Radio Licence,KQR
M6KQS,Available,Amateur Foundation Radio Licence,KQS
M6KQT,Available,Amateur Foundation Radio Licence,KQT
M6KQU,Available,Amateur Foundation Radio Licence,KQU
M6KQV,Available,Amateur Foundation Radio Licence,KQV
M6KQW,Available,Amateur Foundation Radio Licence,KQW
M6KQX,Available,Amateur Foundation Radio Licence,KQX
M6KQY,Available,Amateur Foundation Radio Licence,KQY
M6KQZ,Available,Amateur Foundation Radio Licence,KQZ
M6KRC,Available,Amateur Foundation Radio Licence,KRC
M6KRE,Available,Amateur Foundation Radio Licence,KRE
M6KRQ,Available,Amateur Foundation Radio Licence,KRQ
M6KRY,Available,Amateur Foundation Radio Licence,KRY
M6KRZ,Available,Amateur Foundation Radio Licence,KRZ
M6KSE,Available,Amateur Foundation Radio Licence,KSE
M6KSF,Available,Amateur Foundation Radio Licence,KSF
M6KSI,Available,Amateur Foundation Radio Licence,KSI
M6KSO,Available,Amateur Foundation Radio Licence,KSO
M6KSQ,Available,Amateur Foundation Radio Licence,KSQ
M6KSU,Available,Amateur Foundation Radio Licence,KSU
M6KSX,Available,Amateur Foundation Radio Licence,KSX
M6KSY,Available,Amateur Foundation Radio Licence,KSY
M6KSZ,Available,Amateur Foundation Radio Licence,KSZ
M6KTB,Available,Amateur Foundation Radio Licence,KTB
M6KTD,Available,Amateur Foundation Radio Licence,KTD
M6KTF,Available,Amateur Foundation Radio Licence,KTF
M6KTK,Available,Amateur Foundation Radio Licence,KTK
M6KTP,Available,Amateur Foundation Radio Licence,KTP
M6KTQ,Available,Amateur Foundation Radio Licence,KTQ
M6KTU,Available,Amateur Foundation Radio Licence,KTU
M6KTV,Available,Amateur Foundation Radio Licence,KTV
M6KTW,Available,Amateur Foundation Radio Licence,KTW
M6KUA,Available,Amateur Foundation Radio Licence,KUA
M6KUB,Available,Amateur Foundation Radio Licence,KUB
M6KUC,Available,Amateur Foundation Radio Licence,KUC
M6KUD,Available,Amateur Foundation Radio Licence,KUD
M6KUE,Available,Amateur Foundation Radio Licence,KUE
M6KUF,Available,Amateur Foundation Radio Licence,KUF
M6KUG,Available,Amateur Foundation Radio Licence,KUG
M6KUI,Available,Amateur Foundation Radio Licence,KUI
M6KUJ,Available,Amateur Foundation Radio Licence,KUJ
M6KUK,Available,Amateur Foundation Radio Licence,KUK
M6KUL,Available,Amateur Foundation Radio Licence,KUL
M6KUM,Available,Amateur Foundation Radio Licence,KUM
M6KUN,Available,Amateur Foundation Radio Licence,KUN
M6KUO,Available,Amateur Foundation Radio Licence,KUO
M6KUP,Available,Amateur Foundation Radio Licence,KUP
M6KUQ,Available,Amateur Foundation Radio Licence,KUQ
M6KUR,Available,Amateur Foundation Radio Licence,KUR
M6KUU,Available,Amateur Foundation Radio Licence,KUU
M6KUV,Available,Amateur Foundation Radio Licence,KUV
M6KUW,Available,Amateur Foundation Radio Licence,KUW
M6KUX,Available,Amateur Foundation Radio Licence,KUX
M6KUY,Available,Amateur Foundation Radio Licence,KUY
M6KUZ,Available,Amateur Foundation Radio Licence,KUZ
M6KVA,Available,Amateur Foundation Radio Licence,KVA
M6KVE,Available,Amateur Foundation Radio Licence,KVE
M6KVH,Available,Amateur Foundation Radio Licence,KVH
M6KVK,Available,Amateur Foundation Radio Licence,KVK
M6KVP,Available,Amateur Foundation Radio Licence,KVP
M6KVQ,Available,Amateur Foundation Radio Licence,KVQ
M6KVS,Available,Amateur Foundation Radio Licence,KVS
M6KVU,Available,Amateur Foundation Radio Licence,KVU
M6KVV,Available,Amateur Foundation Radio Licence,KVV
M6KVW,Available,Amateur Foundation Radio Licence,KVW
M6KVX,Available,Amateur Foundation Radio Licence,KVX
M6KVY,Available,Amateur Foundation Radio Licence,KVY
M6KVZ,Available,Amateur Foundation Radio Licence,KVZ
M6KWC,Available,Amateur Foundation Radio Licence,KWC
M6KWJ,Available,Amateur Foundation Radio Licence,KWJ
M6KWO,Available,Amateur Foundation Radio Licence,KWO
M6KWQ,Available,Amateur Foundation Radio Licence,KWQ
M6KWU,Available,Amateur Foundation Radio Licence,KWU
M6KWV,Available,Amateur Foundation Radio Licence,KWV
M6KWX,Available,Amateur Foundation Radio Licence,KWX
M6KWY,Available,Amateur Foundation Radio Licence,KWY
M6KWZ,Available,Amateur Foundation Radio Licence,KWZ
M6KXA,Available,Amateur Foundation Radio Licence,KXA
M6KXB,Available,Amateur Foundation Radio Licence,KXB
M6KXC,Available,Amateur Foundation Radio Licence,KXC
M6KXD,Available,Amateur Foundation Radio Licence,KXD
M6KXE,Available,Amateur Foundation Radio Licence,KXE
M6KXF,Available,Amateur Foundation Radio Licence,KXF
M6KXG,Available,Amateur Foundation Radio Licence,KXG
M6KXH,Available,Amateur Foundation Radio Licence,KXH
M6KXI,Available,Amateur Foundation Radio Licence,KXI
M6KXJ,Available,Amateur Foundation Radio Licence,KXJ
M6KXK,Available,Amateur Foundation Radio Licence,KXK
M6KXL,Available,Amateur Foundation Radio Licence,KXL
M6KXM,Available,Amateur Foundation Radio Licence,KXM
M6KXN,Available,Amateur Foundation Radio Licence,KXN
M6KXO,Available,Amateur Foundation Radio Licence,KXO
M6KXP,Available,Amateur Foundation Radio Licence,KXP
M6KXR,Available,Amateur Foundation Radio Licence,KXR
M6KXT,Available,Amateur Foundation Radio Licence,KXT
M6KXU,Available,Amateur Foundation Radio Licence,KXU
M6KXV,Available,Amateur Foundation Radio Licence,KXV
M6KXW,Available,Amateur Foundation Radio Licence,KXW
M6KXX,Available,Amateur Foundation Radio Licence,KXX
M6KXY,Available,Amateur Foundation Radio Licence,KXY
M6KYB,Available,Amateur Foundation Radio Licence,KYB
M6KYC,Available,Amateur Foundation Radio Licence,KYC
M6KYD,Available,Amateur Foundation Radio Licence,KYD
M6KYF,Available,Amateur Foundation Radio Licence,KYF
M6KYG,Available,Amateur Foundation Radio Licence,KYG
M6KYI,Available,Amateur Foundation Radio Licence,KYI
M6KYJ,Available,Amateur Foundation Radio Licence,KYJ
M6KYM,Available,Amateur Foundation Radio Licence,KYM
M6KYP,Available,Amateur Foundation Radio Licence,KYP
M6KYQ,Available,Amateur Foundation Radio Licence,KYQ
M6KYR,Available,Amateur Foundation Radio Licence,KYR
M6KYS,Available,Amateur Foundation Radio Licence,KYS
M6KYU,Available,Amateur Foundation Radio Licence,KYU
M6KYV,Available,Amateur Foundation Radio Licence,KYV
M6KYW,Available,Amateur Foundation Radio Licence,KYW
M6KYX,Available,Amateur Foundation Radio Licence,KYX
M6KYY,Available,Amateur Foundation Radio Licence,KYY
M6KYZ,Available,Amateur Foundation Radio Licence,KYZ
M6KZA,Available,Amateur Foundation Radio Licence,KZA
M6KZB,Available,Amateur Foundation Radio Licence,KZB
M6KZC,Available,Amateur Foundation Radio Licence,KZC
M6KZD,Available,Amateur Foundation Radio Licence,KZD
M6KZF,Available,Amateur Foundation Radio Licence,KZF
M6KZG,Available,Amateur Foundation Radio Licence,KZG
M6KZH,Available,Amateur Foundation Radio Licence,KZH
M6KZI,Available,Amateur Foundation Radio Licence,KZI
M6KZJ,Available,Amateur Foundation Radio Licence,KZJ
M6KZK,Available,Amateur Foundation Radio Licence,KZK
M6KZL,Available,Amateur Foundation Radio Licence,KZL
M6KZM,Available,Amateur Foundation Radio Licence,KZM
M6KZN,Available,Amateur Foundation Radio Licence,KZN
M6KZO,Available,Amateur Foundation Radio Licence,KZO
M6KZP,Available,Amateur Foundation Radio Licence,KZP
M6KZQ,Available,Amateur Foundation Radio Licence,KZQ
M6KZR,Available,Amateur Foundation Radio Licence,KZR
M6KZS,Available,Amateur Foundation Radio Licence,KZS
M6KZU,Available,Amateur Foundation Radio Licence,KZU
M6KZV,Available,Amateur Foundation Radio Licence,KZV
M6KZW,Available,Amateur Foundation Radio Licence,KZW
M6KZX,Available,Amateur Foundation Radio Licence,KZX
M6KZY,Available,Amateur Foundation Radio Licence,KZY
M6KZZ,Available,Amateur Foundation Radio Licence,KZZ
M6LEJ,Available,Amateur Foundation Radio Licence,LEJ
M6LEQ,Available,Amateur Foundation Radio Licence,LEQ
M6LEU,Available,Amateur Foundation Radio Licence,LEU
M6LFE,Available,Amateur Foundation Radio Licence,LFE
M6LFF,Available,Amateur Foundation Radio Licence,LFF
M6LFG,Available,Amateur Foundation Radio Licence,LFG
M6LFI,Available,Amateur Foundation Radio Licence,LFI
M6LFJ,Available,Amateur Foundation Radio Licence,LFJ
M6LFK,Available,Amateur Foundation Radio Licence,LFK
M6LFL,Available,Amateur Foundation Radio Licence,LFL
M6LFM,Available,Amateur Foundation Radio Licence,LFM
M6LFN,Available,Amateur Foundation Radio Licence,LFN
M6LFP,Available,Amateur Foundation Radio Licence,LFP
M6LFQ,Available,Amateur Foundation Radio Licence,LFQ
M6LFR,Available,Amateur Foundation Radio Licence,LFR
M6LFS,Available,Amateur Foundation Radio Licence,LFS
M6LFT,Available,Amateur Foundation Radio Licence,LFT
M6LFU,Available,Amateur Foundation Radio Licence,LFU
M6LFV,Available,Amateur Foundation Radio Licence,LFV
M6LFW,Available,Amateur Foundation Radio Licence,LFW
M6LFX,Available,Amateur Foundation Radio Licence,LFX
M6LFY,Available,Amateur Foundation Radio Licence,LFY
M6LFZ,Available,Amateur Foundation Radio Licence,LFZ
M6LGA,Available,Amateur Foundation Radio Licence,LGA
M6LGD,Available,Amateur Foundation Radio Licence,LGD
M6LGF,Available,Amateur Foundation Radio Licence,LGF
M6LGG,Available,Amateur Foundation Radio Licence,LGG
M6LGI,Available,Amateur Foundation Radio Licence,LGI
M6LGJ,Available,Amateur Foundation Radio Licence,LGJ
M6LGK,Available,Amateur Foundation Radio Licence,LGK
M6LGO,Available,Amateur Foundation Radio Licence,LGO
M6LGQ,Available,Amateur Foundation Radio Licence,LGQ
M6LGU,Available,Amateur Foundation Radio Licence,LGU
M6LHE,Available,Amateur Foundation Radio Licence,LHE
M6LHF,Available,Amateur Foundation Radio Licence,LHF
M6LHH,Available,Amateur Foundation Radio Licence,LHH
M6LHI,Available,Amateur Foundation Radio Licence,LHI
M6LHJ,Available,Amateur Foundation Radio Licence,LHJ
M6LHK,Available,Amateur Foundation Radio Licence,LHK
M6LHL,Available,Amateur Foundation Radio Licence,LHL
M6LHN,Available,Amateur Foundation Radio Licence,LHN
M6LHQ,Available,Amateur Foundation Radio Licence,LHQ
M6LHT,Available,Amateur Foundation Radio Licence,LHT
M6LHU,Available,Amateur Foundation Radio Licence,LHU
M6LHX,Available,Amateur Foundation Radio Licence,LHX
M6LHY,Available,Amateur Foundation Radio Licence,LHY
M6LHZ,Available,Amateur Foundation Radio Licence,LHZ
M6LIF,Available,Amateur Foundation Radio Licence,LIF
M6LIG,Available,Amateur Foundation Radio Licence,LIG
M6LII,Available,Amateur Foundation Radio Licence,LII
M6LIJ,Available,Amateur Foundation Radio Licence,LIJ
M6LIQ,Available,Amateur Foundation Radio Licence,LIQ
M6LIR,Available,Amateur Foundation Radio Licence,LIR
M6LIU,Available,Amateur Foundation Radio Licence,LIU
M6LIY,Available,Amateur Foundation Radio Licence,LIY
M6LJF,Available,Amateur Foundation Radio Licence,LJF
M6LJI,Available,Amateur Foundation Radio Licence,LJI
M6LJL,Available,Amateur Foundation Radio Licence,LJL
M6LJN,Available,Amateur Foundation Radio Licence,LJN
M6LJU,Available,Amateur Foundation Radio Licence,LJU
M6LJV,Available,Amateur Foundation Radio Licence,LJV
M6LJX,Available,Amateur Foundation Radio Licence,LJX
M6LJY,Available,Amateur Foundation Radio Licence,LJY
M6LJZ,Available,Amateur Foundation Radio Licence,LJZ
M6LKD,Available,Amateur Foundation Radio Licence,LKD
M6LKE,Available,Amateur Foundation Radio Licence,LKE
M6LKJ,Available,Amateur Foundation Radio Licence,LKJ
M6LKK,Available,Amateur Foundation Radio Licence,LKK
M6LKL,Available,Amateur Foundation Radio Licence,LKL
M6LKN,Available,Amateur Foundation Radio Licence,LKN
M6LKO,Available,Amateur Foundation Radio Licence,LKO
M6LKP,Available,Amateur Foundation Radio Licence,LKP
M6LKR,Available,Amateur Foundation Radio Licence,LKR
M6LKU,Available,Amateur Foundation Radio Licence,LKU
M6LKW,Available,Amateur Foundation Radio Licence,LKW
M6LKX,Available,Amateur Foundation Radio Licence,LKX
M6LKZ,Available,Amateur Foundation Radio Licence,LKZ
M6LLF,Available,Amateur Foundation Radio Licence,LLF
M6LLI,Available,Amateur Foundation Radio Licence,LLI
M6LLK,Available,Amateur Foundation Radio Licence,LLK
M6LLN,Available,Amateur Foundation Radio Licence,LLN
M6LLP,Available,Amateur Foundation Radio Licence,LLP
M6LLQ,Available,Amateur Foundation Radio Licence,LLQ
M6LLR,Available,Amateur Foundation Radio Licence,LLR
M6LLV,Available,Amateur Foundation Radio Licence,LLV
M6LLZ,Available,Amateur Foundation Radio Licence,LLZ
M6LME,Available,Amateur Foundation Radio Licence,LME
M6LMO,Available,Amateur Foundation Radio Licence,LMO
M6LMQ,Available,Amateur Foundation Radio Licence,LMQ
M6LMT,Available,Amateur Foundation Radio Licence,LMT
M6LMU,Available,Amateur Foundation Radio Licence,LMU
M6LMV,Available,Amateur Foundation Radio Licence,LMV
M6LMY,Available,Amateur Foundation Radio Licence,LMY
M6LNB,Available,Amateur Foundation Radio Licence,LNB
M6LNF,Available,Amateur Foundation Radio Licence,LNF
M6LNI,Available,Amateur Foundation Radio Licence,LNI
M6LNJ,Available,Amateur Foundation Radio Licence,LNJ
M6LNL,Available,Amateur Foundation Radio Licence,LNL
M6LNM,Available,Amateur Foundation Radio Licence,LNM
M6LNN,Available,Amateur Foundation Radio Licence,LNN
M6LNO,Available,Amateur Foundation Radio Licence,LNO
M6LNP,Available,Amateur Foundation Radio Licence,LNP
M6LNQ,Available,Amateur Foundation Radio Licence,LNQ
M6LNR,Available,Amateur Foundation Radio Licence,LNR
M6LNU,Available,Amateur Foundation Radio Licence,LNU
M6LNV,Available,Amateur Foundation Radio Licence,LNV
M6LNW,Available,Amateur Foundation Radio Licence,LNW
M6LNY,Available,Amateur Foundation Radio Licence,LNY
M6LOA,Available,Amateur Foundation Radio Licence,LOA
M6LOH,Available,Amateur Foundation Radio Licence,LOH
M6LOI,Available,Amateur Foundation Radio Licence,LOI
M6LOJ,Available,Amateur Foundation Radio Licence,LOJ
M6LOK,Available,Amateur Foundation Radio Licence,LOK
M6LOP,Available,Amateur Foundation Radio Licence,LOP
M6LOQ,Available,Amateur Foundation Radio Licence,LOQ
M6LOX,Available,Amateur Foundation Radio Licence,LOX
M6LOY,Available,Amateur Foundation Radio Licence,LOY
M6LPE,Available,Amateur Foundation Radio Licence,LPE
M6LPF,Available,Amateur Foundation Radio Licence,LPF
M6LPH,Available,Amateur Foundation Radio Licence,LPH
M6LPI,Available,Amateur Foundation Radio Licence,LPI
M6LPJ,Available,Amateur Foundation Radio Licence,LPJ
M6LPK,Available,Amateur Foundation Radio Licence,LPK
M6LPM,Available,Amateur Foundation Radio Licence,LPM
M6LPO,Available,Amateur Foundation Radio Licence,LPO
M6LPP,Available,Amateur Foundation Radio Licence,LPP
M6LPQ,Available,Amateur Foundation Radio Licence,LPQ
M6LPU,Available,Amateur Foundation Radio Licence,LPU
M6LPV,Available,Amateur Foundation Radio Licence,LPV
M6LPX,Available,Amateur Foundation Radio Licence,LPX
M6LPY,Available,Amateur Foundation Radio Licence,LPY
M6LPZ,Available,Amateur Foundation Radio Licence,LPZ
M6LQA,Available,Amateur Foundation Radio Licence,LQA
M6LQB,Available,Amateur Foundation Radio Licence,LQB
M6LQC,Available,Amateur Foundation Radio Licence,LQC
M6LQD,Available,Amateur Foundation Radio Licence,LQD
M6LQE,Available,Amateur Foundation Radio Licence,LQE
M6LQF,Available,Amateur Foundation Radio Licence,LQF
M6LQG,Available,Amateur Foundation Radio Licence,LQG
M6LQI,Available,Amateur Foundation Radio Licence,LQI
M6LQJ,Available,Amateur Foundation Radio Licence,LQJ
M6LQK,Available,Amateur Foundation Radio Licence,LQK
M6LQL,Available,Amateur Foundation Radio Licence,LQL
M6LQM,Available,Amateur Foundation Radio Licence,LQM
M6LQN,Available,Amateur Foundation Radio Licence,LQN
M6LQP,Available,Amateur Foundation Radio Licence,LQP
M6LQQ,Available,Amateur Foundation Radio Licence,LQQ
M6LQR,Available,Amateur Foundation Radio Licence,LQR
M6LQS,Available,Amateur Foundation Radio Licence,LQS
M6LQT,Available,Amateur Foundation Radio Licence,LQT
M6LQU,Available,Amateur Foundation Radio Licence,LQU
M6LQV,Available,Amateur Foundation Radio Licence,LQV
M6LQW,Available,Amateur Foundation Radio Licence,LQW
M6LQX,Available,Amateur Foundation Radio Licence,LQX
M6LQY,Available,Amateur Foundation Radio Licence,LQY
M6LQZ,Available,Amateur Foundation Radio Licence,LQZ
M6LRF,Available,Amateur Foundation Radio Licence,LRF
M6LRI,Available,Amateur Foundation Radio Licence,LRI
M6LRJ,Available,Amateur Foundation Radio Licence,LRJ
M6LRP,Available,Amateur Foundation Radio Licence,LRP
M6LRQ,Available,Amateur Foundation Radio Licence,LRQ
M6LRU,Available,Amateur Foundation Radio Licence,LRU
M6LRV,Available,Amateur Foundation Radio Licence,LRV
M6LRX,Available,Amateur Foundation Radio Licence,LRX
M6LRZ,Available,Amateur Foundation Radio Licence,LRZ
M6LSI,Available,Amateur Foundation Radio Licence,LSI
M6LSL,Available,Amateur Foundation Radio Licence,LSL
M6LSN,Available,Amateur Foundation Radio Licence,LSN
M6LSO,Available,Amateur Foundation Radio Licence,LSO
M6LSP,Available,Amateur Foundation Radio Licence,LSP
M6LSU,Available,Amateur Foundation Radio Licence,LSU
M6LSV,Available,Amateur Foundation Radio Licence,LSV
M6LSW,Available,Amateur Foundation Radio Licence,LSW
M6LSZ,Available,Amateur Foundation Radio Licence,LSZ
M6LTG,Available,Amateur Foundation Radio Licence,LTG
M6LTH,Available,Amateur Foundation Radio Licence,LTH
M6LTI,Available,Amateur Foundation Radio Licence,LTI
M6LTL,Available,Amateur Foundation Radio Licence,LTL
M6LTN,Available,Amateur Foundation Radio Licence,LTN
M6LTP,Available,Amateur Foundation Radio Licence,LTP
M6LTQ,Available,Amateur Foundation Radio Licence,LTQ
M6LTT,Available,Amateur Foundation Radio Licence,LTT
M6LTV,Available,Amateur Foundation Radio Licence,LTV
M6LTW,Available,Amateur Foundation Radio Licence,LTW
M6LTX,Available,Amateur Foundation Radio Licence,LTX
M6LTY,Available,Amateur Foundation Radio Licence,LTY
M6LTZ,Available,Amateur Foundation Radio Licence,LTZ
M6LUB,Available,Amateur Foundation Radio Licence,LUB
M6LUF,Available,Amateur Foundation Radio Licence,LUF
M6LUH,Available,Amateur Foundation Radio Licence,LUH
M6LUI,Available,Amateur Foundation Radio Licence,LUI
M6LUJ,Available,Amateur Foundation Radio Licence,LUJ
M6LUO,Available,Amateur Foundation Radio Licence,LUO
M6LUP,Available,Amateur Foundation Radio Licence,LUP
M6LUQ,Available,Amateur Foundation Radio Licence,LUQ
M6LUR,Available,Amateur Foundation Radio Licence,LUR
M6LUS,Available,Amateur Foundation Radio Licence,LUS
M6LUU,Available,Amateur Foundation Radio Licence,LUU
M6LUW,Available,Amateur Foundation Radio Licence,LUW
M6LUY,Available,Amateur Foundation Radio Licence,LUY
M6LUZ,Available,Amateur Foundation Radio Licence,LUZ
M6LVB,Available,Amateur Foundation Radio Licence,LVB
M6LVC,Available,Amateur Foundation Radio Licence,LVC
M6LVD,Available,Amateur Foundation Radio Licence,LVD
M6LVF,Available,Amateur Foundation Radio Licence,LVF
M6LVH,Available,Amateur Foundation Radio Licence,LVH
M6LVI,Available,Amateur Foundation Radio Licence,LVI
M6LVJ,Available,Amateur Foundation Radio Licence,LVJ
M6LVL,Available,Amateur Foundation Radio Licence,LVL
M6LVM,Available,Amateur Foundation Radio Licence,LVM
M6LVN,Available,Amateur Foundation Radio Licence,LVN
M6LVO,Available,Amateur Foundation Radio Licence,LVO
M6LVP,Available,Amateur Foundation Radio Licence,LVP
M6LVQ,Available,Amateur Foundation Radio Licence,LVQ
M6LVR,Available,Amateur Foundation Radio Licence,LVR
M6LVS,Available,Amateur Foundation Radio Licence,LVS
M6LVT,Available,Amateur Foundation Radio Licence,LVT
M6LVU,Available,Amateur Foundation Radio Licence,LVU
M6LVV,Available,Amateur Foundation Radio Licence,LVV
M6LVX,Available,Amateur Foundation Radio Licence,LVX
M6LVY,Available,Amateur Foundation Radio Licence,LVY
M6LVZ,Available,Amateur Foundation Radio Licence,LVZ
M6LWD,Available,Amateur Foundation Radio Licence,LWD
M6LWE,Available,Amateur Foundation Radio Licence,LWE
M6LWG,Available,Amateur Foundation Radio Licence,LWG
M6LWI,Available,Amateur Foundation Radio Licence,LWI
M6LWK,Available,Amateur Foundation Radio Licence,LWK
M6LWL,Available,Amateur Foundation Radio Licence,LWL
M6LWM,Available,Amateur Foundation Radio Licence,LWM
M6LWN,Available,Amateur Foundation Radio Licence,LWN
M6LWO,Available,Amateur Foundation Radio Licence,LWO
M6LWP,Available,Amateur Foundation Radio Licence,LWP
M6LWQ,Available,Amateur Foundation Radio Licence,LWQ
M6LWU,Available,Amateur Foundation Radio Licence,LWU
M6LWV,Available,Amateur Foundation Radio Licence,LWV
M6LWX,Available,Amateur Foundation Radio Licence,LWX
M6LWY,Available,Amateur Foundation Radio Licence,LWY
M6LWZ,Available,Amateur Foundation Radio Licence,LWZ
M6LXE,Available,Amateur Foundation Radio Licence,LXE
M6LXF,Available,Amateur Foundation Radio Licence,LXF
M6LXG,Available,Amateur Foundation Radio Licence,LXG
M6LXI,Available,Amateur Foundation Radio Licence,LXI
M6LXJ,Available,Amateur Foundation Radio Licence,LXJ
M6LXK,Available,Amateur Foundation Radio Licence,LXK
M6LXL,Available,Amateur Foundation Radio Licence,LXL
M6LXM,Available,Amateur Foundation Radio Licence,LXM
M6LXN,Available,Amateur Foundation Radio Licence,LXN
M6LXO,Available,Amateur Foundation Radio Licence,LXO
M6LXP,Available,Amateur Foundation Radio Licence,LXP
M6LXQ,Available,Amateur Foundation Radio Licence,LXQ
M6LXR,Available,Amateur Foundation Radio Licence,LXR
M6LXS,Available,Amateur Foundation Radio Licence,LXS
M6LXT,Available,Amateur Foundation Radio Licence,LXT
M6LXU,Available,Amateur Foundation Radio Licence,LXU
M6LXV,Available,Amateur Foundation Radio Licence,LXV
M6LXW,Available,Amateur Foundation Radio Licence,LXW
M6LYB,Available,Amateur Foundation Radio Licence,LYB
M6LYC,Available,Amateur Foundation Radio Licence,LYC
M6LYE,Available,Amateur Foundation Radio Licence,LYE
M6LYF,Available,Amateur Foundation Radio Licence,LYF
M6LYG,Available,Amateur Foundation Radio Licence,LYG
M6LYH,Available,Amateur Foundation Radio Licence,LYH
M6LYI,Available,Amateur Foundation Radio Licence,LYI
M6LYJ,Available,Amateur Foundation Radio Licence,LYJ
M6LYK,Available,Amateur Foundation Radio Licence,LYK
M6LYQ,Available,Amateur Foundation Radio Licence,LYQ
M6LYT,Available,Amateur Foundation Radio Licence,LYT
M6LYU,Available,Amateur Foundation Radio Licence,LYU
M6LYV,Available,Amateur Foundation Radio Licence,LYV
M6LYY,Available,Amateur Foundation Radio Licence,LYY
M6LYZ,Available,Amateur Foundation Radio Licence,LYZ
M6LZA,Available,Amateur Foundation Radio Licence,LZA
M6LZB,Available,Amateur Foundation Radio Licence,LZB
M6LZC,Available,Amateur Foundation Radio Licence,LZC
M6LZD,Available,Amateur Foundation Radio Licence,LZD
M6LZE,Available,Amateur Foundation Radio Licence,LZE
M6LZF,Available,Amateur Foundation Radio Licence,LZF
M6LZG,Available,Amateur Foundation Radio Licence,LZG
M6LZH,Available,Amateur Foundation Radio Licence,LZH
M6LZI,Available,Amateur Foundation Radio Licence,LZI
M6LZJ,Available,Amateur Foundation Radio Licence,LZJ
M6LZK,Available,Amateur Foundation Radio Licence,LZK
M6LZL,Available,Amateur Foundation Radio Licence,LZL
M6LZM,Available,Amateur Foundation Radio Licence,LZM
M6LZN,Available,Amateur Foundation Radio Licence,LZN
M6LZO,Available,Amateur Foundation Radio Licence,LZO
M6LZQ,Available,Amateur Foundation Radio Licence,LZQ
M6LZR,Available,Amateur Foundation Radio Licence,LZR
M6LZS,Available,Amateur Foundation Radio Licence,LZS
M6LZT,Available,Amateur Foundation Radio Licence,LZT
M6LZU,Available,Amateur Foundation Radio Licence,LZU
M6LZV,Available,Amateur Foundation Radio Licence,LZV
M6LZW,Available,Amateur Foundation Radio Licence,LZW
M6LZZ,Available,Amateur Foundation Radio Licence,LZZ
M6MLI,Available,Amateur Foundation Radio Licence,MLI
M6MLO,Available,Amateur Foundation Radio Licence,MLO
M6MLQ,Available,Amateur Foundation Radio Licence,MLQ
M6MLU,Available,Amateur Foundation Radio Licence,MLU
M6MLV,Available,Amateur Foundation Radio Licence,MLV
M6MMF,Available,Amateur Foundation Radio Licence,MMF
M6MMK,Available,Amateur Foundation Radio Licence,MMK
M6MMN,Available,Amateur Foundation Radio Licence,MMN
M6MMO,Available,Amateur Foundation Radio Licence,MMO
M6MMU,Available,Amateur Foundation Radio Licence,MMU
M6MMY,Available,Amateur Foundation Radio Licence,MMY
M6MNI,Available,Amateur Foundation Radio Licence,MNI
M6MNK,Available,Amateur Foundation Radio Licence,MNK
M6MNL,Available,Amateur Foundation Radio Licence,MNL
M6MNO,Available,Amateur Foundation Radio Licence,MNO
M6MNQ,Available,Amateur Foundation Radio Licence,MNQ
M6MNU,Available,Amateur Foundation Radio Licence,MNU
M6MNV,Available,Amateur Foundation Radio Licence,MNV
M6MNW,Available,Amateur Foundation Radio Licence,MNW
M6MNY,Available,Amateur Foundation Radio Licence,MNY
M6MNZ,Available,Amateur Foundation Radio Licence,MNZ
M6MOI,Available,Amateur Foundation Radio Licence,MOI
M6MOQ,Available,Amateur Foundation Radio Licence,MOQ
M6MOY,Available,Amateur Foundation Radio Licence,MOY
M6MPA,Available,Amateur Foundation Radio Licence,MPA
M6MPD,Available,Amateur Foundation Radio Licence,MPD
M6MPF,Available,Amateur Foundation Radio Licence,MPF
M6MPN,Available,Amateur Foundation Radio Licence,MPN
M6MPO,Available,Amateur Foundation Radio Licence,MPO
M6MPQ,Available,Amateur Foundation Radio Licence,MPQ
M6MPR,Available,Amateur Foundation Radio Licence,MPR
M6MPU,Available,Amateur Foundation Radio Licence,MPU
M6MPZ,Available,Amateur Foundation Radio Licence,MPZ
M6MQA,Available,Amateur Foundation Radio Licence,MQA
M6MQB,Available,Amateur Foundation Radio Licence,MQB
M6MQC,Available,Amateur Foundation Radio Licence,MQC
M6MQD,Available,Amateur Foundation Radio Licence,MQD
M6MQE,Available,Amateur Foundation Radio Licence,MQE
M6MQF,Available,Amateur Foundation Radio Licence,MQF
M6MQG,Available,Amateur Foundation Radio Licence,MQG
M6MQH,Available,Amateur Foundation Radio Licence,MQH
M6MQI,Available,Amateur Foundation Radio Licence,MQI
M6MQJ,Available,Amateur Foundation Radio Licence,MQJ
M6MQK,Available,Amateur Foundation Radio Licence,MQK
M6MQL,Available,Amateur Foundation Radio Licence,MQL
M6MQM,Available,Amateur Foundation Radio Licence,MQM
M6MQN,Available,Amateur Foundation Radio Licence,MQN
M6MQO,Available,Amateur Foundation Radio Licence,MQO
M6MQP,Available,Amateur Foundation Radio Licence,MQP
M6MQQ,Available,Amateur Foundation Radio Licence,MQQ
M6MQR,Available,Amateur Foundation Radio Licence,MQR
M6MQS,Available,Amateur Foundation Radio Licence,MQS
M6MQT,Available,Amateur Foundation Radio Licence,MQT
M6MQU,Available,Amateur Foundation Radio Licence,MQU
M6MQV,Available,Amateur Foundation Radio Licence,MQV
M6MQW,Available,Amateur Foundation Radio Licence,MQW
M6MQY,Available,Amateur Foundation Radio Licence,MQY
M6MQZ,Available,Amateur Foundation Radio Licence,MQZ
M6MRI,Available,Amateur Foundation Radio Licence,MRI
M6MSQ,Available,Amateur Foundation Radio Licence,MSQ
M6MSV,Available,Amateur Foundation Radio Licence,MSV
M6MTE,Available,Amateur Foundation Radio Licence,MTE
M6MTI,Available,Amateur Foundation Radio Licence,MTI
M6MTQ,Available,Amateur Foundation Radio Licence,MTQ
M6MTZ,Available,Amateur Foundation Radio Licence,MTZ
M6MUA,Available,Amateur Foundation Radio Licence,MUA
M6MUE,Available,Amateur Foundation Radio Licence,MUE
M6MUH,Available,Amateur Foundation Radio Licence,MUH
M6MUI,Available,Amateur Foundation Radio Licence,MUI
M6MUN,Available,Amateur Foundation Radio Licence,MUN
M6MUO,Available,Amateur Foundation Radio Licence,MUO
M6MUU,Available,Amateur Foundation Radio Licence,MUU
M6MUW,Available,Amateur Foundation Radio Licence,MUW
M6MUX,Available,Amateur Foundation Radio Licence,MUX
M6MUY,Available,Amateur Foundation Radio Licence,MUY
M6MVC,Available,Amateur Foundation Radio Licence,MVC
M6MVE,Available,Amateur Foundation Radio Licence,MVE
M6MVG,Available,Amateur Foundation Radio Licence,MVG
M6MVH,Available,Amateur Foundation Radio Licence,MVH
M6MVJ,Available,Amateur Foundation Radio Licence,MVJ
M6MVN,Available,Amateur Foundation Radio Licence,MVN
M6MVO,Available,Amateur Foundation Radio Licence,MVO
M6MVR,Available,Amateur Foundation Radio Licence,MVR
M6MVS,Available,Amateur Foundation Radio Licence,MVS
M6MVU,Available,Amateur Foundation Radio Licence,MVU
M6MVX,Available,Amateur Foundation Radio Licence,MVX
M6MVY,Available,Amateur Foundation Radio Licence,MVY
M6MVZ,Available,Amateur Foundation Radio Licence,MVZ
M6MWE,Available,Amateur Foundation Radio Licence,MWE
M6MWG,Available,Amateur Foundation Radio Licence,MWG
M6MWK,Available,Amateur Foundation Radio Licence,MWK
M6MWO,Available,Amateur Foundation Radio Licence,MWO
M6MWQ,Available,Amateur Foundation Radio Licence,MWQ
M6MWU,Available,Amateur Foundation Radio Licence,MWU
M6MWV,Available,Amateur Foundation Radio Licence,MWV
M6MWX,Available,Amateur Foundation Radio Licence,MWX
M6MWY,Available,Amateur Foundation Radio Licence,MWY
M6MWZ,Available,Amateur Foundation Radio Licence,MWZ
M6MXA,Available,Amateur Foundation Radio Licence,MXA
M6MXB,Available,Amateur Foundation Radio Licence,MXB
M6MXD,Available,Amateur Foundation Radio Licence,MXD
M6MXE,Available,Amateur Foundation Radio Licence,MXE
M6MXF,Available,Amateur Foundation Radio Licence,MXF
M6MXG,Available,Amateur Foundation Radio Licence,MXG
M6MXH,Available,Amateur Foundation Radio Licence,MXH
M6MXJ,Available,Amateur Foundation Radio Licence,MXJ
M6MXK,Available,Amateur Foundation Radio Licence,MXK
M6MXN,Available,Amateur Foundation Radio Licence,MXN
M6MXP,Available,Amateur Foundation Radio Licence,MXP
M6MXQ,Available,Amateur Foundation Radio Licence,MXQ
M6MXT,Available,Amateur Foundation Radio Licence,MXT
M6MXU,Available,Amateur Foundation Radio Licence,MXU
M6MXV,Available,Amateur Foundation Radio Licence,MXV
M6MXY,Available,Amateur Foundation Radio Licence,MXY
M6MYB,Available,Amateur Foundation Radio Licence,MYB
M6MYC,Available,Amateur Foundation Radio Licence,MYC
M6MYE,Available,Amateur Foundation Radio Licence,MYE
M6MYF,Available,Amateur Foundation Radio Licence,MYF
M6MYG,Available,Amateur Foundation Radio Licence,MYG
M6MYH,Available,Amateur Foundation Radio Licence,MYH
M6MYI,Available,Amateur Foundation Radio Licence,MYI
M6MYL,Available,Amateur Foundation Radio Licence,MYL
M6MYP,Available,Amateur Foundation Radio Licence,MYP
M6MYQ,Available,Amateur Foundation Radio Licence,MYQ
M6MYU,Available,Amateur Foundation Radio Licence,MYU
M6MYV,Available,Amateur Foundation Radio Licence,MYV
M6MYW,Available,Amateur Foundation Radio Licence,MYW
M6MYX,Available,Amateur Foundation Radio Licence,MYX
M6MYY,Available,Amateur Foundation Radio Licence,MYY
M6MYZ,Available,Amateur Foundation Radio Licence,MYZ
M6MZA,Available,Amateur Foundation Radio Licence,MZA
M6MZB,Available,Amateur Foundation Radio Licence,MZB
M6MZC,Available,Amateur Foundation Radio Licence,MZC
M6MZD,Available,Amateur Foundation Radio Licence,MZD
M6MZE,Available,Amateur Foundation Radio Licence,MZE
M6MZF,Available,Amateur Foundation Radio Licence,MZF
M6MZG,Available,Amateur Foundation Radio Licence,MZG
M6MZH,Available,Amateur Foundation Radio Licence,MZH
M6MZK,Available,Amateur Foundation Radio Licence,MZK
M6MZM,Available,Amateur Foundation Radio Licence,MZM
M6MZN,Available,Amateur Foundation Radio Licence,MZN
M6MZO,Available,Amateur Foundation Radio Licence,MZO
M6MZP,Available,Amateur Foundation Radio Licence,MZP
M6MZQ,Available,Amateur Foundation Radio Licence,MZQ
M6MZR,Available,Amateur Foundation Radio Licence,MZR
M6MZT,Available,Amateur Foundation Radio Licence,MZT
M6MZV,Available,Amateur Foundation Radio Licence,MZV
M6MZW,Available,Amateur Foundation Radio Licence,MZW
M6MZX,Available,Amateur Foundation Radio Licence,MZX
M6NBM,Available,Amateur Foundation Radio Licence,NBM
M6NBN,Available,Amateur Foundation Radio Licence,NBN
M6NBO,Available,Amateur Foundation Radio Licence,NBO
M6NBP,Available,Amateur Foundation Radio Licence,NBP
M6NBQ,Available,Amateur Foundation Radio Licence,NBQ
M6NBR,Available,Amateur Foundation Radio Licence,NBR
M6NBS,Available,Amateur Foundation Radio Licence,NBS
M6NBU,Available,Amateur Foundation Radio Licence,NBU
M6NBV,Available,Amateur Foundation Radio Licence,NBV
M6NBX,Available,Amateur Foundation Radio Licence,NBX
M6NBY,Available,Amateur Foundation Radio Licence,NBY
M6NBZ,Available,Amateur Foundation Radio Licence,NBZ
M6NCD,Available,Amateur Foundation Radio Licence,NCD
M6NCF,Available,Amateur Foundation Radio Licence,NCF
M6NCI,Available,Amateur Foundation Radio Licence,NCI
M6NCJ,Available,Amateur Foundation Radio Licence,NCJ
M6NCM,Available,Amateur Foundation Radio Licence,NCM
M6NCN,Available,Amateur Foundation Radio Licence,NCN
M6NCQ,Available,Amateur Foundation Radio Licence,NCQ
M6NCR,Available,Amateur Foundation Radio Licence,NCR
M6NCV,Available,Amateur Foundation Radio Licence,NCV
M6NCW,Available,Amateur Foundation Radio Licence,NCW
M6NCX,Available,Amateur Foundation Radio Licence,NCX
M6NDD,Available,Amateur Foundation Radio Licence,NDD
M6NDF,Available,Amateur Foundation Radio Licence,NDF
M6NDK,Available,Amateur Foundation Radio Licence,NDK
M6NDL,Available,Amateur Foundation Radio Licence,NDL
M6NDO,Available,Amateur Foundation Radio Licence,NDO
M6NDQ,Available,Amateur Foundation Radio Licence,NDQ
M6NDS,Available,Amateur Foundation Radio Licence,NDS
M6NDU,Available,Amateur Foundation Radio Licence,NDU
M6NDW,Available,Amateur Foundation Radio Licence,NDW
M6NDZ,Available,Amateur Foundation Radio Licence,NDZ
M6NEJ,Available,Amateur Foundation Radio Licence,NEJ
M6NEK,Available,Amateur Foundation Radio Licence,NEK
M6NEN,Available,Amateur Foundation Radio Licence,NEN
M6NEP,Available,Amateur Foundation Radio Licence,NEP
M6NEQ,Available,Amateur Foundation Radio Licence,NEQ
M6NFA,Available,Amateur Foundation Radio Licence,NFA
M6NFB,Available,Amateur Foundation Radio Licence,NFB
M6NFD,Available,Amateur Foundation Radio Licence,NFD
M6NFE,Available,Amateur Foundation Radio Licence,NFE
M6NFF,Available,Amateur Foundation Radio Licence,NFF
M6NFG,Available,Amateur Foundation Radio Licence,NFG
M6NFJ,Available,Amateur Foundation Radio Licence,NFJ
M6NFK,Available,Amateur Foundation Radio Licence,NFK
M6NFM,Available,Amateur Foundation Radio Licence,NFM
M6NFN,Available,Amateur Foundation Radio Licence,NFN
M6NFO,Available,Amateur Foundation Radio Licence,NFO
M6NFP,Available,Amateur Foundation Radio Licence,NFP
M6NFQ,Available,Amateur Foundation Radio Licence,NFQ
M6NFS,Available,Amateur Foundation Radio Licence,NFS
M6NFT,Available,Amateur Foundation Radio Licence,NFT
M6NFU,Available,Amateur Foundation Radio Licence,NFU
M6NFV,Available,Amateur Foundation Radio Licence,NFV
M6NFW,Available,Amateur Foundation Radio Licence,NFW
M6NFX,Available,Amateur Foundation Radio Licence,NFX
M6NFY,Available,Amateur Foundation Radio Licence,NFY
M6NFZ,Available,Amateur Foundation Radio Licence,NFZ
M6NGB,Available,Amateur Foundation Radio Licence,NGB
M6NGE,Available,Amateur Foundation Radio Licence,NGE
M6NGF,Available,Amateur Foundation Radio Licence,NGF
M6NGH,Available,Amateur Foundation Radio Licence,NGH
M6NGJ,Available,Amateur Foundation Radio Licence,NGJ
M6NGL,Available,Amateur Foundation Radio Licence,NGL
M6NGM,Available,Amateur Foundation Radio Licence,NGM
M6NGN,Available,Amateur Foundation Radio Licence,NGN
M6NGO,Available,Amateur Foundation Radio Licence,NGO
M6NGP,Available,Amateur Foundation Radio Licence,NGP
M6NGQ,Available,Amateur Foundation Radio Licence,NGQ
M6NGV,Available,Amateur Foundation Radio Licence,NGV
M6NGX,Available,Amateur Foundation Radio Licence,NGX
M6NGY,Available,Amateur Foundation Radio Licence,NGY
M6NGZ,Available,Amateur Foundation Radio Licence,NGZ
M6NHE,Available,Amateur Foundation Radio Licence,NHE
M6NHF,Available,Amateur Foundation Radio Licence,NHF
M6NHG,Available,Amateur Foundation Radio Licence,NHG
M6NHH,Available,Amateur Foundation Radio Licence,NHH
M6NHL,Available,Amateur Foundation Radio Licence,NHL
M6NHO,Available,Amateur Foundation Radio Licence,NHO
M6NHQ,Available,Amateur Foundation Radio Licence,NHQ
M6NHU,Available,Amateur Foundation Radio Licence,NHU
M6NHV,Available,Amateur Foundation Radio Licence,NHV
M6NHW,Available,Amateur Foundation Radio Licence,NHW
M6NHY,Available,Amateur Foundation Radio Licence,NHY
M6NHZ,Available,Amateur Foundation Radio Licence,NHZ
M6NIE,Available,Amateur Foundation Radio Licence,NIE
M6NIH,Available,Amateur Foundation Radio Licence,NIH
M6NII,Available,Amateur Foundation Radio Licence,NII
M6NIM,Available,Amateur Foundation Radio Licence,NIM
M6NIO,Available,Amateur Foundation Radio Licence,NIO
M6NIU,Available,Amateur Foundation Radio Licence,NIU
M6NIW,Available,Amateur Foundation Radio Licence,NIW
M6NIY,Available,Amateur Foundation Radio Licence,NIY
M6NIZ,Available,Amateur Foundation Radio Licence,NIZ
M6NJE,Available,Amateur Foundation Radio Licence,NJE
M6NJI,Available,Amateur Foundation Radio Licence,NJI
M6NJJ,Available,Amateur Foundation Radio Licence,NJJ
M6NJL,Available,Amateur Foundation Radio Licence,NJL
M6NJN,Available,Amateur Foundation Radio Licence,NJN
M6NJQ,Available,Amateur Foundation Radio Licence,NJQ
M6NJU,Available,Amateur Foundation Radio Licence,NJU
M6NJV,Available,Amateur Foundation Radio Licence,NJV
M6NKD,Available,Amateur Foundation Radio Licence,NKD
M6NKE,Available,Amateur Foundation Radio Licence,NKE
M6NKF,Available,Amateur Foundation Radio Licence,NKF
M6NKG,Available,Amateur Foundation Radio Licence,NKG
M6NKJ,Available,Amateur Foundation Radio Licence,NKJ
M6NKK,Available,Amateur Foundation Radio Licence,NKK
M6NKL,Available,Amateur Foundation Radio Licence,NKL
M6NKN,Available,Amateur Foundation Radio Licence,NKN
M6NKO,Available,Amateur Foundation Radio Licence,NKO
M6NKQ,Available,Amateur Foundation Radio Licence,NKQ
M6NKR,Available,Amateur Foundation Radio Licence,NKR
M6NKT,Available,Amateur Foundation Radio Licence,NKT
M6NKU,Available,Amateur Foundation Radio Licence,NKU
M6NKV,Available,Amateur Foundation Radio Licence,NKV
M6NKW,Available,Amateur Foundation Radio Licence,NKW
M6NKX,Available,Amateur Foundation Radio Licence,NKX
M6NKZ,Available,Amateur Foundation Radio Licence,NKZ
M6NLD,Available,Amateur Foundation Radio Licence,NLD
M6NLE,Available,Amateur Foundation Radio Licence,NLE
M6NLG,Available,Amateur Foundation Radio Licence,NLG
M6NLI,Available,Amateur Foundation Radio Licence,NLI
M6NLJ,Available,Amateur Foundation Radio Licence,NLJ
M6NLK,Available,Amateur Foundation Radio Licence,NLK
M6NLL,Available,Amateur Foundation Radio Licence,NLL
M6NLM,Available,Amateur Foundation Radio Licence,NLM
M6NLN,Available,Amateur Foundation Radio Licence,NLN
M6NLQ,Available,Amateur Foundation Radio Licence,NLQ
M6NLR,Available,Amateur Foundation Radio Licence,NLR
M6NLT,Available,Amateur Foundation Radio Licence,NLT
M6NLV,Available,Amateur Foundation Radio Licence,NLV
M6NLX,Available,Amateur Foundation Radio Licence,NLX
M6NLZ,Available,Amateur Foundation Radio Licence,NLZ
M6NMA,Available,Amateur Foundation Radio Licence,NMA
M6NMF,Available,Amateur Foundation Radio Licence,NMF
M6NMH,Available,Amateur Foundation Radio Licence,NMH
M6NMI,Available,Amateur Foundation Radio Licence,NMI
M6NMJ,Available,Amateur Foundation Radio Licence,NMJ
M6NMK,Available,Amateur Foundation Radio Licence,NMK
M6NML,Available,Amateur Foundation Radio Licence,NML
M6NMM,Available,Amateur Foundation Radio Licence,NMM
M6NMP,Available,Amateur Foundation Radio Licence,NMP
M6NMQ,Available,Amateur Foundation Radio Licence,NMQ
M6NMR,Available,Amateur Foundation Radio Licence,NMR
M6NMU,Available,Amateur Foundation Radio Licence,NMU
M6NMV,Available,Amateur Foundation Radio Licence,NMV
M6NMW,Available,Amateur Foundation Radio Licence,NMW
M6NMX,Available,Amateur Foundation Radio Licence,NMX
M6NMY,Available,Amateur Foundation Radio Licence,NMY
M6NMZ,Available,Amateur Foundation Radio Licence,NMZ
M6NNA,Available,Amateur Foundation Radio Licence,NNA
M6NNE,Available,Amateur Foundation Radio Licence,NNE
M6NNF,Available,Amateur Foundation Radio Licence,NNF
M6NNI,Available,Amateur Foundation Radio Licence,NNI
M6NNK,Available,Amateur Foundation Radio Licence,NNK
M6NNL,Available,Amateur Foundation Radio Licence,NNL
M6NNM,Available,Amateur Foundation Radio Licence,NNM
M6NNO,Available,Amateur Foundation Radio Licence,NNO
M6NNP,Available,Amateur Foundation Radio Licence,NNP
M6NNQ,Available,Amateur Foundation Radio Licence,NNQ
M6NNR,Available,Amateur Foundation Radio Licence,NNR
M6NNS,Available,Amateur Foundation Radio Licence,NNS
M6NNT,Available,Amateur Foundation Radio Licence,NNT
M6NNV,Available,Amateur Foundation Radio Licence,NNV
M6NNW,Available,Amateur Foundation Radio Licence,NNW
M6NNZ,Available,Amateur Foundation Radio Licence,NNZ
M6NOF,Available,Amateur Foundation Radio Licence,NOF
M6NOI,Available,Amateur Foundation Radio Licence,NOI
M6NON,Available,Amateur Foundation Radio Licence,NON
M6NOQ,Available,Amateur Foundation Radio Licence,NOQ
M6NOU,Available,Amateur Foundation Radio Licence,NOU
M6NOY,Available,Amateur Foundation Radio Licence,NOY
M6NPA,Available,Amateur Foundation Radio Licence,NPA
M6NPB,Available,Amateur Foundation Radio Licence,NPB
M6NPE,Available,Amateur Foundation Radio Licence,NPE
M6NPG,Available,Amateur Foundation Radio Licence,NPG
M6NPH,Available,Amateur Foundation Radio Licence,NPH
M6NPI,Available,Amateur Foundation Radio Licence,NPI
M6NPJ,Available,Amateur Foundation Radio Licence,NPJ
M6NPO,Available,Amateur Foundation Radio Licence,NPO
M6NPQ,Available,Amateur Foundation Radio Licence,NPQ
M6NPV,Available,Amateur Foundation Radio Licence,NPV
M6NPX,Available,Amateur Foundation Radio Licence,NPX
M6NPY,Available,Amateur Foundation Radio Licence,NPY
M6NPZ,Available,Amateur Foundation Radio Licence,NPZ
M6NQA,Available,Amateur Foundation Radio Licence,NQA
M6NQB,Available,Amateur Foundation Radio Licence,NQB
M6NQC,Available,Amateur Foundation Radio Licence,NQC
M6NQD,Available,Amateur Foundation Radio Licence,NQD
M6NQE,Available,Amateur Foundation Radio Licence,NQE
M6NQF,Available,Amateur Foundation Radio Licence,NQF
M6NQG,Available,Amateur Foundation Radio Licence,NQG
M6NQH,Available,Amateur Foundation Radio Licence,NQH
M6NQI,Available,Amateur Foundation Radio Licence,NQI
M6NQJ,Available,Amateur Foundation Radio Licence,NQJ
M6NQK,Available,Amateur Foundation Radio Licence,NQK
M6NQL,Available,Amateur Foundation Radio Licence,NQL
M6NQM,Available,Amateur Foundation Radio Licence,NQM
M6NQN,Available,Amateur Foundation Radio Licence,NQN
M6NQO,Available,Amateur Foundation Radio Licence,NQO
M6NQP,Available,Amateur Foundation Radio Licence,NQP
M6NQQ,Available,Amateur Foundation Radio Licence,NQQ
M6NQS,Available,Amateur Foundation Radio Licence,NQS
M6NQU,Available,Amateur Foundation Radio Licence,NQU
M6NQV,Available,Amateur Foundation Radio Licence,NQV
M6NQW,Available,Amateur Foundation Radio Licence,NQW
M6NQX,Available,Amateur Foundation Radio Licence,NQX
M6NQY,Available,Amateur Foundation Radio Licence,NQY
M6NQZ,Available,Amateur Foundation Radio Licence,NQZ
M6NRD,Available,Amateur Foundation Radio Licence,NRD
M6NRE,Available,Amateur Foundation Radio Licence,NRE
M6NRI,Available,Amateur Foundation Radio Licence,NRI
M6NRK,Available,Amateur Foundation Radio Licence,NRK
M6NRL,Available,Amateur Foundation Radio Licence,NRL
M6NRN,Available,Amateur Foundation Radio Licence,NRN
M6NRO,Available,Amateur Foundation Radio Licence,NRO
M6NRR,Available,Amateur Foundation Radio Licence,NRR
M6NRS,Available,Amateur Foundation Radio Licence,NRS
M6NRU,Available,Amateur Foundation Radio Licence,NRU
M6NRV,Available,Amateur Foundation Radio Licence,NRV
M6NRX,Available,Amateur Foundation Radio Licence,NRX
M6NRY,Available,Amateur Foundation Radio Licence,NRY
M6NRZ,Available,Amateur Foundation Radio Licence,NRZ
M6NSB,Available,Amateur Foundation Radio Licence,NSB
M6NSC,Available,Amateur Foundation Radio Licence,NSC
M6NSF,Available,Amateur Foundation Radio Licence,NSF
M6NSG,Available,Amateur Foundation Radio Licence,NSG
M6NSH,Available,Amateur Foundation Radio Licence,NSH
M6NSI,Available,Amateur Foundation Radio Licence,NSI
M6NSL,Available,Amateur Foundation Radio Licence,NSL
M6NSP,Available,Amateur Foundation Radio Licence,NSP
M6NSQ,Available,Amateur Foundation Radio Licence,NSQ
M6NSS,Available,Amateur Foundation Radio Licence,NSS
M6NSU,Available,Amateur Foundation Radio Licence,NSU
M6NSV,Available,Amateur Foundation Radio Licence,NSV
M6NSX,Available,Amateur Foundation Radio Licence,NSX
M6NSY,Available,Amateur Foundation Radio Licence,NSY
M6NSZ,Available,Amateur Foundation Radio Licence,NSZ
M6NTC,Available,Amateur Foundation Radio Licence,NTC
M6NTD,Available,Amateur Foundation Radio Licence,NTD
M6NTF,Available,Amateur Foundation Radio Licence,NTF
M6NTK,Available,Amateur Foundation Radio Licence,NTK
M6NTM,Available,Amateur Foundation Radio Licence,NTM
M6NTN,Available,Amateur Foundation Radio Licence,NTN
M6NTP,Available,Amateur Foundation Radio Licence,NTP
M6NTQ,Available,Amateur Foundation Radio Licence,NTQ
M6NTV,Available,Amateur Foundation Radio Licence,NTV
M6NTX,Available,Amateur Foundation Radio Licence,NTX
M6NTZ,Available,Amateur Foundation Radio Licence,NTZ
M6NUA,Available,Amateur Foundation Radio Licence,NUA
M6NUB,Available,Amateur Foundation Radio Licence,NUB
M6NUD,Available,Amateur Foundation Radio Licence,NUD
M6NUH,Available,Amateur Foundation Radio Licence,NUH
M6NUI,Available,Amateur Foundation Radio Licence,NUI
M6NUJ,Available,Amateur Foundation Radio Licence,NUJ
M6NUK,Available,Amateur Foundation Radio Licence,NUK
M6NUL,Available,Amateur Foundation Radio Licence,NUL
M6NUN,Available,Amateur Foundation Radio Licence,NUN
M6NUO,Available,Amateur Foundation Radio Licence,NUO
M6NUP,Available,Amateur Foundation Radio Licence,NUP
M6NUQ,Available,Amateur Foundation Radio Licence,NUQ
M6NUS,Available,Amateur Foundation Radio Licence,NUS
M6NUV,Available,Amateur Foundation Radio Licence,NUV
M6NUW,Available,Amateur Foundation Radio Licence,NUW
M6NUX,Available,Amateur Foundation Radio Licence,NUX
M6NUY,Available,Amateur Foundation Radio Licence,NUY
M6NUZ,Available,Amateur Foundation Radio Licence,NUZ
M6NVC,Available,Amateur Foundation Radio Licence,NVC
M6NVD,Available,Amateur Foundation Radio Licence,NVD
M6NVE,Available,Amateur Foundation Radio Licence,NVE
M6NVF,Available,Amateur Foundation Radio Licence,NVF
M6NVG,Available,Amateur Foundation Radio Licence,NVG
M6NVH,Available,Amateur Foundation Radio Licence,NVH
M6NVI,Available,Amateur Foundation Radio Licence,NVI
M6NVJ,Available,Amateur Foundation Radio Licence,NVJ
M6NVL,Available,Amateur Foundation Radio Licence,NVL
M6NVM,Available,Amateur Foundation Radio Licence,NVM
M6NVN,Available,Amateur Foundation Radio Licence,NVN
M6NVO,Available,Amateur Foundation Radio Licence,NVO
M6NVP,Available,Amateur Foundation Radio Licence,NVP
M6NVQ,Available,Amateur Foundation Radio Licence,NVQ
M6NVT,Available,Amateur Foundation Radio Licence,NVT
M6NVU,Available,Amateur Foundation Radio Licence,NVU
M6NVV,Available,Amateur Foundation Radio Licence,NVV
M6NVW,Available,Amateur Foundation Radio Licence,NVW
M6NVX,Available,Amateur Foundation Radio Licence,NVX
M6NVY,Available,Amateur Foundation Radio Licence,NVY
M6NVZ,Available,Amateur Foundation Radio Licence,NVZ
M6NWD,Available,Amateur Foundation Radio Licence,NWD
M6NWE,Available,Amateur Foundation Radio Licence,NWE
M6NWF,Available,Amateur Foundation Radio Licence,NWF
M6NWK,Available,Amateur Foundation Radio Licence,NWK
M6NWL,Available,Amateur Foundation Radio Licence,NWL
M6NWN,Available,Amateur Foundation Radio Licence,NWN
M6NWO,Available,Amateur Foundation Radio Licence,NWO
M6NWQ,Available,Amateur Foundation Radio Licence,NWQ
M6NWS,Available,Amateur Foundation Radio Licence,NWS
M6NWU,Available,Amateur Foundation Radio Licence,NWU
M6NWV,Available,Amateur Foundation Radio Licence,NWV
M6NWW,Available,Amateur Foundation Radio Licence,NWW
M6NWX,Available,Amateur Foundation Radio Licence,NWX
M6NWZ,Available,Amateur Foundation Radio Licence,NWZ
M6NXA,Available,Amateur Foundation Radio Licence,NXA
M6NXB,Available,Amateur Foundation Radio Licence,NXB
M6NXC,Available,Amateur Foundation Radio Licence,NXC
M6NXE,Available,Amateur Foundation Radio Licence,NXE
M6NXF,Available,Amateur Foundation Radio Licence,NXF
M6NXG,Available,Amateur Foundation Radio Licence,NXG
M6NXH,Available,Amateur Foundation Radio Licence,NXH
M6NXI,Available,Amateur Foundation Radio Licence,NXI
M6NXJ,Available,Amateur Foundation Radio Licence,NXJ
M6NXK,Available,Amateur Foundation Radio Licence,NXK
M6NXL,Available,Amateur Foundation Radio Licence,NXL
M6NXM,Available,Amateur Foundation Radio Licence,NXM
M6NXO,Available,Amateur Foundation Radio Licence,NXO
M6NXP,Available,Amateur Foundation Radio Licence,NXP
M6NXQ,Available,Amateur Foundation Radio Licence,NXQ
M6NXR,Available,Amateur Foundation Radio Licence,NXR
M6NXS,Available,Amateur Foundation Radio Licence,NXS
M6NXT,Available,Amateur Foundation Radio Licence,NXT
M6NXU,Available,Amateur Foundation Radio Licence,NXU
M6NXV,Available,Amateur Foundation Radio Licence,NXV
M6NXW,Available,Amateur Foundation Radio Licence,NXW
M6NXX,Available,Amateur Foundation Radio Licence,NXX
M6NYB,Available,Amateur Foundation Radio Licence,NYB
M6NYD,Available,Amateur Foundation Radio Licence,NYD
M6NYG,Available,Amateur Foundation Radio Licence,NYG
M6NYH,Available,Amateur Foundation Radio Licence,NYH
M6NYI,Available,Amateur Foundation Radio Licence,NYI
M6NYJ,Available,Amateur Foundation Radio Licence,NYJ
M6NYM,Available,Amateur Foundation Radio Licence,NYM
M6NYN,Available,Amateur Foundation Radio Licence,NYN
M6NYO,Available,Amateur Foundation Radio Licence,NYO
M6NYP,Available,Amateur Foundation Radio Licence,NYP
M6NYQ,Available,Amateur Foundation Radio Licence,NYQ
M6NYR,Available,Amateur Foundation Radio Licence,NYR
M6NYT,Available,Amateur Foundation Radio Licence,NYT
M6NYU,Available,Amateur Foundation Radio Licence,NYU
M6NYV,Available,Amateur Foundation Radio Licence,NYV
M6NYW,Available,Amateur Foundation Radio Licence,NYW
M6NYX,Available,Amateur Foundation Radio Licence,NYX
M6NZA,Available,Amateur Foundation Radio Licence,NZA
M6NZB,Available,Amateur Foundation Radio Licence,NZB
M6NZC,Available,Amateur Foundation Radio Licence,NZC
M6NZD,Available,Amateur Foundation Radio Licence,NZD
M6NZE,Available,Amateur Foundation Radio Licence,NZE
M6NZF,Available,Amateur Foundation Radio Licence,NZF
M6NZG,Available,Amateur Foundation Radio Licence,NZG
M6NZH,Available,Amateur Foundation Radio Licence,NZH
M6NZI,Available,Amateur Foundation Radio Licence,NZI
M6NZJ,Available,Amateur Foundation Radio Licence,NZJ
M6NZK,Available,Amateur Foundation Radio Licence,NZK
M6NZM,Available,Amateur Foundation Radio Licence,NZM
M6NZN,Available,Amateur Foundation Radio Licence,NZN
M6NZO,Available,Amateur Foundation Radio Licence,NZO
M6NZP,Available,Amateur Foundation Radio Licence,NZP
M6NZQ,Available,Amateur Foundation Radio Licence,NZQ
M6NZR,Available,Amateur Foundation Radio Licence,NZR
M6NZS,Available,Amateur Foundation Radio Licence,NZS
M6NZT,Available,Amateur Foundation Radio Licence,NZT
M6NZU,Available,Amateur Foundation Radio Licence,NZU
M6NZV,Available,Amateur Foundation Radio Licence,NZV
M6NZW,Available,Amateur Foundation Radio Licence,NZW
M6NZX,Available,Amateur Foundation Radio Licence,NZX
M6NZY,Available,Amateur Foundation Radio Licence,NZY
M6NZZ,Available,Amateur Foundation Radio Licence,NZZ
M6OAI,Available,Amateur Foundation Radio Licence,OAI
M6OAJ,Available,Amateur Foundation Radio Licence,OAJ
M6OAQ,Available,Amateur Foundation Radio Licence,OAQ
M6OAS,Available,Amateur Foundation Radio Licence,OAS
M6OAU,Available,Amateur Foundation Radio Licence,OAU
M6OAV,Available,Amateur Foundation Radio Licence,OAV
M6OAX,Available,Amateur Foundation Radio Licence,OAX
M6OAY,Available,Amateur Foundation Radio Licence,OAY
M6OBA,Available,Amateur Foundation Radio Licence,OBA
M6OBB,Available,Amateur Foundation Radio Licence,OBB
M6OBF,Available,Amateur Foundation Radio Licence,OBF
M6OBH,Available,Amateur Foundation Radio Licence,OBH
M6OBI,Available,Amateur Foundation Radio Licence,OBI
M6OBM,Available,Amateur Foundation Radio Licence,OBM
M6OBO,Available,Amateur Foundation Radio Licence,OBO
M6OBP,Available,Amateur Foundation Radio Licence,OBP
M6OBQ,Available,Amateur Foundation Radio Licence,OBQ
M6OBU,Available,Amateur Foundation Radio Licence,OBU
M6OBV,Available,Amateur Foundation Radio Licence,OBV
M6OBW,Available,Amateur Foundation Radio Licence,OBW
M6OBX,Available,Amateur Foundation Radio Licence,OBX
M6OBY,Available,Amateur Foundation Radio Licence,OBY
M6OBZ,Available,Amateur Foundation Radio Licence,OBZ
M6OCA,Available,Amateur Foundation Radio Licence,OCA
M6OCE,Available,Amateur Foundation Radio Licence,OCE
M6OCG,Available,Amateur Foundation Radio Licence,OCG
M6OCI,Available,Amateur Foundation Radio Licence,OCI
M6OCN,Available,Amateur Foundation Radio Licence,OCN
M6OCQ,Available,Amateur Foundation Radio Licence,OCQ
M6OCR,Available,Amateur Foundation Radio Licence,OCR
M6OCU,Available,Amateur Foundation Radio Licence,OCU
M6OCV,Available,Amateur Foundation Radio Licence,OCV
M6OCX,Available,Amateur Foundation Radio Licence,OCX
M6OCY,Available,Amateur Foundation Radio Licence,OCY
M6ODH,Available,Amateur Foundation Radio Licence,ODH
M6ODJ,Available,Amateur Foundation Radio Licence,ODJ
M6ODK,Available,Amateur Foundation Radio Licence,ODK
M6ODL,Available,Amateur Foundation Radio Licence,ODL
M6ODN,Available,Amateur Foundation Radio Licence,ODN
M6ODO,Available,Amateur Foundation Radio Licence,ODO
M6ODQ,Available,Amateur Foundation Radio Licence,ODQ
M6ODR,Available,Amateur Foundation Radio Licence,ODR
M6ODS,Available,Amateur Foundation Radio Licence,ODS
M6ODU,Available,Amateur Foundation Radio Licence,ODU
M6ODV,Available,Amateur Foundation Radio Licence,ODV
M6ODW,Available,Amateur Foundation Radio Licence,ODW
M6ODZ,Available,Amateur Foundation Radio Licence,ODZ
M6OEA,Available,Amateur Foundation Radio Licence,OEA
M6OEB,Available,Amateur Foundation Radio Licence,OEB
M6OED,Available,Amateur Foundation Radio Licence,OED
M6OEF,Available,Amateur Foundation Radio Licence,OEF
M6OEG,Available,Amateur Foundation Radio Licence,OEG
M6OEH,Available,Amateur Foundation Radio Licence,OEH
M6OEI,Available,Amateur Foundation Radio Licence,OEI
M6OEJ,Available,Amateur Foundation Radio Licence,OEJ
M6OEK,Available,Amateur Foundation Radio Licence,OEK
M6OEO,Available,Amateur Foundation Radio Licence,OEO
M6OEQ,Available,Amateur Foundation Radio Licence,OEQ
M6OER,Available,Amateur Foundation Radio Licence,OER
M6OES,Available,Amateur Foundation Radio Licence,OES
M6OET,Available,Amateur Foundation Radio Licence,OET
M6OEU,Available,Amateur Foundation Radio Licence,OEU
M6OEV,Available,Amateur Foundation Radio Licence,OEV
M6OEW,Available,Amateur Foundation Radio Licence,OEW
M6OEX,Available,Amateur Foundation Radio Licence,OEX
M6OEY,Available,Amateur Foundation Radio Licence,OEY
M6OEZ,Available,Amateur Foundation Radio Licence,OEZ
M6OFA,Available,Amateur Foundation Radio Licence,OFA
M6OFB,Available,Amateur Foundation Radio Licence,OFB
M6OFD,Available,Amateur Foundation Radio Licence,OFD
M6OFE,Available,Amateur Foundation Radio Licence,OFE
M6OFG,Available,Amateur Foundation Radio Licence,OFG
M6OFH,Available,Amateur Foundation Radio Licence,OFH
M6OFI,Available,Amateur Foundation Radio Licence,OFI
M6OFJ,Available,Amateur Foundation Radio Licence,OFJ
M6OFK,Available,Amateur Foundation Radio Licence,OFK
M6OFL,Available,Amateur Foundation Radio Licence,OFL
M6OFM,Available,Amateur Foundation Radio Licence,OFM
M6OFO,Available,Amateur Foundation Radio Licence,OFO
M6OFQ,Available,Amateur Foundation Radio Licence,OFQ
M6OFT,Available,Amateur Foundation Radio Licence,OFT
M6OFU,Available,Amateur Foundation Radio Licence,OFU
M6OFV,Available,Amateur Foundation Radio Licence,OFV
M6OFW,Available,Amateur Foundation Radio Licence,OFW
M6OFY,Available,Amateur Foundation Radio Licence,OFY
M6OFZ,Available,Amateur Foundation Radio Licence,OFZ
M6OGA,Available,Amateur Foundation Radio Licence,OGA
M6OGC,Available,Amateur Foundation Radio Licence,OGC
M6OGD,Available,Amateur Foundation Radio Licence,OGD
M6OGE,Available,Amateur Foundation Radio Licence,OGE
M6OGF,Available,Amateur Foundation Radio Licence,OGF
M6OGG,Available,Amateur Foundation Radio Licence,OGG
M6OGH,Available,Amateur Foundation Radio Licence,OGH
M6OGI,Available,Amateur Foundation Radio Licence,OGI
M6OGJ,Available,Amateur Foundation Radio Licence,OGJ
M6OGL,Available,Amateur Foundation Radio Licence,OGL
M6OGM,Available,Amateur Foundation Radio Licence,OGM
M6OGN,Available,Amateur Foundation Radio Licence,OGN
M6OGO,Available,Amateur Foundation Radio Licence,OGO
M6OGP,Available,Amateur Foundation Radio Licence,OGP
M6OGQ,Available,Amateur Foundation Radio Licence,OGQ
M6OGR,Available,Amateur Foundation Radio Licence,OGR
M6OGS,Available,Amateur Foundation Radio Licence,OGS
M6OGT,Available,Amateur Foundation Radio Licence,OGT
M6OGU,Available,Amateur Foundation Radio Licence,OGU
M6OGV,Available,Amateur Foundation Radio Licence,OGV
M6OGX,Available,Amateur Foundation Radio Licence,OGX
M6OGZ,Available,Amateur Foundation Radio Licence,OGZ
M6OHA,Available,Amateur Foundation Radio Licence,OHA
M6OHC,Available,Amateur Foundation Radio Licence,OHC
M6OHD,Available,Amateur Foundation Radio Licence,OHD
M6OHE,Available,Amateur Foundation Radio Licence,OHE
M6OHF,Available,Amateur Foundation Radio Licence,OHF
M6OHG,Available,Amateur Foundation Radio Licence,OHG
M6OHI,Available,Amateur Foundation Radio Licence,OHI
M6OHJ,Available,Amateur Foundation Radio Licence,OHJ
M6OHK,Available,Amateur Foundation Radio Licence,OHK
M6OHO,Available,Amateur Foundation Radio Licence,OHO
M6OHP,Available,Amateur Foundation Radio Licence,OHP
M6OHQ,Available,Amateur Foundation Radio Licence,OHQ
M6OHR,Available,Amateur Foundation Radio Licence,OHR
M6OHS,Available,Amateur Foundation Radio Licence,OHS
M6OHT,Available,Amateur Foundation Radio Licence,OHT
M6OHU,Available,Amateur Foundation Radio Licence,OHU
M6OHW,Available,Amateur Foundation Radio Licence,OHW
M6OHX,Available,Amateur Foundation Radio Licence,OHX
M6OHY,Available,Amateur Foundation Radio Licence,OHY
M6OHZ,Available,Amateur Foundation Radio Licence,OHZ
M6OIA,Available,Amateur Foundation Radio Licence,OIA
M6OIB,Available,Amateur Foundation Radio Licence,OIB
M6OID,Available,Amateur Foundation Radio Licence,OID
M6OIE,Available,Amateur Foundation Radio Licence,OIE
M6OIF,Available,Amateur Foundation Radio Licence,OIF
M6OIG,Available,Amateur Foundation Radio Licence,OIG
M6OIH,Available,Amateur Foundation Radio Licence,OIH
M6OII,Available,Amateur Foundation Radio Licence,OII
M6OIJ,Available,Amateur Foundation Radio Licence,OIJ
M6OIM,Available,Amateur Foundation Radio Licence,OIM
M6OIN,Available,Amateur Foundation Radio Licence,OIN
M6OIO,Available,Amateur Foundation Radio Licence,OIO
M6OIP,Available,Amateur Foundation Radio Licence,OIP
M6OIQ,Available,Amateur Foundation Radio Licence,OIQ
M6OIS,Available,Amateur Foundation Radio Licence,OIS
M6OIT,Available,Amateur Foundation Radio Licence,OIT
M6OIU,Available,Amateur Foundation Radio Licence,OIU
M6OIV,Available,Amateur Foundation Radio Licence,OIV
M6OIW,Available,Amateur Foundation Radio Licence,OIW
M6OIX,Available,Amateur Foundation Radio Licence,OIX
M6OIY,Available,Amateur Foundation Radio Licence,OIY
M6OIZ,Available,Amateur Foundation Radio Licence,OIZ
M6OJA,Available,Amateur Foundation Radio Licence,OJA
M6OJD,Available,Amateur Foundation Radio Licence,OJD
M6OJF,Available,Amateur Foundation Radio Licence,OJF
M6OJG,Available,Amateur Foundation Radio Licence,OJG
M6OJH,Available,Amateur Foundation Radio Licence,OJH
M6OJJ,Available,Amateur Foundation Radio Licence,OJJ
M6OJL,Available,Amateur Foundation Radio Licence,OJL
M6OJM,Available,Amateur Foundation Radio Licence,OJM
M6OJN,Available,Amateur Foundation Radio Licence,OJN
M6OJP,Available,Amateur Foundation Radio Licence,OJP
M6OJQ,Available,Amateur Foundation Radio Licence,OJQ
M6OJR,Available,Amateur Foundation Radio Licence,OJR
M6OJS,Available,Amateur Foundation Radio Licence,OJS
M6OJU,Available,Amateur Foundation Radio Licence,OJU
M6OJV,Available,Amateur Foundation Radio Licence,OJV
M6OJW,Available,Amateur Foundation Radio Licence,OJW
M6OJX,Available,Amateur Foundation Radio Licence,OJX
M6OJY,Available,Amateur Foundation Radio Licence,OJY
M6OJZ,Available,Amateur Foundation Radio Licence,OJZ
M6OKD,Available,Amateur Foundation Radio Licence,OKD
M6OKF,Available,Amateur Foundation Radio Licence,OKF
M6OKG,Available,Amateur Foundation Radio Licence,OKG
M6OKL,Available,Amateur Foundation Radio Licence,OKL
M6OKN,Available,Amateur Foundation Radio Licence,OKN
M6OKP,Available,Amateur Foundation Radio Licence,OKP
M6OKQ,Available,Amateur Foundation Radio Licence,OKQ
M6OKT,Available,Amateur Foundation Radio Licence,OKT
M6OKU,Available,Amateur Foundation Radio Licence,OKU
M6OKV,Available,Amateur Foundation Radio Licence,OKV
M6OKW,Available,Amateur Foundation Radio Licence,OKW
M6OKX,Available,Amateur Foundation Radio Licence,OKX
M6OKY,Available,Amateur Foundation Radio Licence,OKY
M6OKZ,Available,Amateur Foundation Radio Licence,OKZ
M6OLB,Available,Amateur Foundation Radio Licence,OLB
M6OLC,Available,Amateur Foundation Radio Licence,OLC
M6OLF,Available,Amateur Foundation Radio Licence,OLF
M6OLG,Available,Amateur Foundation Radio Licence,OLG
M6OLH,Available,Amateur Foundation Radio Licence,OLH
M6OLJ,Available,Amateur Foundation Radio Licence,OLJ
M6OLK,Available,Amateur Foundation Radio Licence,OLK
M6OLM,Available,Amateur Foundation Radio Licence,OLM
M6OLN,Available,Amateur Foundation Radio Licence,OLN
M6OLP,Available,Amateur Foundation Radio Licence,OLP
M6OLQ,Available,Amateur Foundation Radio Licence,OLQ
M6OLR,Available,Amateur Foundation Radio Licence,OLR
M6OLT,Available,Amateur Foundation Radio Licence,OLT
M6OLU,Available,Amateur Foundation Radio Licence,OLU
M6OLV,Available,Amateur Foundation Radio Licence,OLV
M6OLW,Available,Amateur Foundation Radio Licence,OLW
M6OLX,Available,Amateur Foundation Radio Licence,OLX
M6OLZ,Available,Amateur Foundation Radio Licence,OLZ
M6OME,Available,Amateur Foundation Radio Licence,OME
M6OMF,Available,Amateur Foundation Radio Licence,OMF
M6OMH,Available,Amateur Foundation Radio Licence,OMH
M6OMJ,Available,Amateur Foundation Radio Licence,OMJ
M6OMK,Available,Amateur Foundation Radio Licence,OMK
M6OML,Available,Amateur Foundation Radio Licence,OML
M6OMM,Available,Amateur Foundation Radio Licence,OMM
M6OMP,Available,Amateur Foundation Radio Licence,OMP
M6OMQ,Available,Amateur Foundation Radio Licence,OMQ
M6OMU,Available,Amateur Foundation Radio Licence,OMU
M6OMW,Available,Amateur Foundation Radio Licence,OMW
M6OMX,Available,Amateur Foundation Radio Licence,OMX
M6OMY,Available,Amateur Foundation Radio Licence,OMY
M6ONA,Available,Amateur Foundation Radio Licence,ONA
M6ONB,Available,Amateur Foundation Radio Licence,ONB
M6ONC,Available,Amateur Foundation Radio Licence,ONC
M6OND,Available,Amateur Foundation Radio Licence,OND
M6ONF,Available,Amateur Foundation Radio Licence,ONF
M6ONH,Available,Amateur Foundation Radio Licence,ONH
M6ONJ,Available,Amateur Foundation Radio Licence,ONJ
M6ONM,Available,Amateur Foundation Radio Licence,ONM
M6ONN,Available,Amateur Foundation Radio Licence,ONN
M6ONP,Available,Amateur Foundation Radio Licence,ONP
M6ONQ,Available,Amateur Foundation Radio Licence,ONQ
M6ONS,Available,Amateur Foundation Radio Licence,ONS
M6ONT,Available,Amateur Foundation Radio Licence,ONT
M6ONU,Available,Amateur Foundation Radio Licence,ONU
M6ONV,Available,Amateur Foundation Radio Licence,ONV
M6ONW,Available,Amateur Foundation Radio Licence,ONW
M6OOA,Available,Amateur Foundation Radio Licence,OOA
M6OOE,Available,Amateur Foundation Radio Licence,OOE
M6OOF,Available,Amateur Foundation Radio Licence,OOF
M6OOH,Available,Amateur Foundation Radio Licence,OOH
M6OOI,Available,Amateur Foundation Radio Licence,OOI
M6OOL,Available,Amateur Foundation Radio Licence,OOL
M6OOQ,Available,Amateur Foundation Radio Licence,OOQ
M6OOR,Available,Amateur Foundation Radio Licence,OOR
M6OOT,Available,Amateur Foundation Radio Licence,OOT
M6OOU,Available,Amateur Foundation Radio Licence,OOU
M6OOV,Available,Amateur Foundation Radio Licence,OOV
M6OOY,Available,Amateur Foundation Radio Licence,OOY
M6OPB,Available,Amateur Foundation Radio Licence,OPB
M6OPE,Available,Amateur Foundation Radio Licence,OPE
M6OPF,Available,Amateur Foundation Radio Licence,OPF
M6OPG,Available,Amateur Foundation Radio Licence,OPG
M6OPH,Available,Amateur Foundation Radio Licence,OPH
M6OPI,Available,Amateur Foundation Radio Licence,OPI
M6OPJ,Available,Amateur Foundation Radio Licence,OPJ
M6OPK,Available,Amateur Foundation Radio Licence,OPK
M6OPN,Available,Amateur Foundation Radio Licence,OPN
M6OPP,Available,Amateur Foundation Radio Licence,OPP
M6OPQ,Available,Amateur Foundation Radio Licence,OPQ
M6OPT,Available,Amateur Foundation Radio Licence,OPT
M6OPU,Available,Amateur Foundation Radio Licence,OPU
M6OPV,Available,Amateur Foundation Radio Licence,OPV
M6OPW,Available,Amateur Foundation Radio Licence,OPW
M6OPX,Available,Amateur Foundation Radio Licence,OPX
M6OPY,Available,Amateur Foundation Radio Licence,OPY
M6OPZ,Available,Amateur Foundation Radio Licence,OPZ
M6OQA,Available,Amateur Foundation Radio Licence,OQA
M6OQB,Available,Amateur Foundation Radio Licence,OQB
M6OQC,Available,Amateur Foundation Radio Licence,OQC
M6OQD,Available,Amateur Foundation Radio Licence,OQD
M6OQE,Available,Amateur Foundation Radio Licence,OQE
M6OQF,Available,Amateur Foundation Radio Licence,OQF
M6OQG,Available,Amateur Foundation Radio Licence,OQG
M6OQH,Available,Amateur Foundation Radio Licence,OQH
M6OQI,Available,Amateur Foundation Radio Licence,OQI
M6OQJ,Available,Amateur Foundation Radio Licence,OQJ
M6OQK,Available,Amateur Foundation Radio Licence,OQK
M6OQL,Available,Amateur Foundation Radio Licence,OQL
M6OQM,Available,Amateur Foundation Radio Licence,OQM
M6OQN,Available,Amateur Foundation Radio Licence,OQN
M6OQO,Available,Amateur Foundation Radio Licence,OQO
M6OQP,Available,Amateur Foundation Radio Licence,OQP
M6OQQ,Available,Amateur Foundation Radio Licence,OQQ
M6OQR,Available,Amateur Foundation Radio Licence,OQR
M6OQS,Available,Amateur Foundation Radio Licence,OQS
M6OQT,Available,Amateur Foundation Radio Licence,OQT
M6OQU,Available,Amateur Foundation Radio Licence,OQU
M6OQV,Available,Amateur Foundation Radio Licence,OQV
M6OQW,Available,Amateur Foundation Radio Licence,OQW
M6OQX,Available,Amateur Foundation Radio Licence,OQX
M6OQY,Available,Amateur Foundation Radio Licence,OQY
M6OQZ,Available,Amateur Foundation Radio Licence,OQZ
M6ORF,Available,Amateur Foundation Radio Licence,ORF
M6ORH,Available,Amateur Foundation Radio Licence,ORH
M6ORJ,Available,Amateur Foundation Radio Licence,ORJ
M6ORL,Available,Amateur Foundation Radio Licence,ORL
M6ORQ,Available,Amateur Foundation Radio Licence,ORQ
M6ORR,Available,Amateur Foundation Radio Licence,ORR
M6ORT,Available,Amateur Foundation Radio Licence,ORT
M6ORU,Available,Amateur Foundation Radio Licence,ORU
M6ORV,Available,Amateur Foundation Radio Licence,ORV
M6ORW,Available,Amateur Foundation Radio Licence,ORW
M6ORX,Available,Amateur Foundation Radio Licence,ORX
M6ORY,Available,Amateur Foundation Radio Licence,ORY
M6ORZ,Available,Amateur Foundation Radio Licence,ORZ
M6OSA,Available,Amateur Foundation Radio Licence,OSA
M6OSD,Available,Amateur Foundation Radio Licence,OSD
M6OSG,Available,Amateur Foundation Radio Licence,OSG
M6OSJ,Available,Amateur Foundation Radio Licence,OSJ
M6OSK,Available,Amateur Foundation Radio Licence,OSK
M6OSM,Available,Amateur Foundation Radio Licence,OSM
M6OSN,Available,Amateur Foundation Radio Licence,OSN
M6OSP,Available,Amateur Foundation Radio Licence,OSP
M6OSQ,Available,Amateur Foundation Radio Licence,OSQ
M6OSR,Available,Amateur Foundation Radio Licence,OSR
M6OSV,Available,Amateur Foundation Radio Licence,OSV
M6OSW,Available,Amateur Foundation Radio Licence,OSW
M6OSZ,Available,Amateur Foundation Radio Licence,OSZ
M6OTC,Available,Amateur Foundation Radio Licence,OTC
M6OTD,Available,Amateur Foundation Radio Licence,OTD
M6OTE,Available,Amateur Foundation Radio Licence,OTE
M6OTF,Available,Amateur Foundation Radio Licence,OTF
M6OTI,Available,Amateur Foundation Radio Licence,OTI
M6OTJ,Available,Amateur Foundation Radio Licence,OTJ
M6OTK,Available,Amateur Foundation Radio Licence,OTK
M6OTM,Available,Amateur Foundation Radio Licence,OTM
M6OTN,Available,Amateur Foundation Radio Licence,OTN
M6OTP,Available,Amateur Foundation Radio Licence,OTP
M6OTQ,Available,Amateur Foundation Radio Licence,OTQ
M6OTR,Available,Amateur Foundation Radio Licence,OTR
M6OTS,Available,Amateur Foundation Radio Licence,OTS
M6OTU,Available,Amateur Foundation Radio Licence,OTU
M6OTV,Available,Amateur Foundation Radio Licence,OTV
M6OTY,Available,Amateur Foundation Radio Licence,OTY
M6OUA,Available,Amateur Foundation Radio Licence,OUA
M6OUB,Available,Amateur Foundation Radio Licence,OUB
M6OUC,Available,Amateur Foundation Radio Licence,OUC
M6OUE,Available,Amateur Foundation Radio Licence,OUE
M6OUF,Available,Amateur Foundation Radio Licence,OUF
M6OUG,Available,Amateur Foundation Radio Licence,OUG
M6OUH,Available,Amateur Foundation Radio Licence,OUH
M6OUI,Available,Amateur Foundation Radio Licence,OUI
M6OUJ,Available,Amateur Foundation Radio Licence,OUJ
M6OUL,Available,Amateur Foundation Radio Licence,OUL
M6OUM,Available,Amateur Foundation Radio Licence,OUM
M6OUN,Available,Amateur Foundation Radio Licence,OUN
M6OUO,Available,Amateur Foundation Radio Licence,OUO
M6OUP,Available,Amateur Foundation Radio Licence,OUP
M6OUQ,Available,Amateur Foundation Radio Licence,OUQ
M6OUR,Available,Amateur Foundation Radio Licence,OUR
M6OUS,Available,Amateur Foundation Radio Licence,OUS
M6OUU,Available,Amateur Foundation Radio Licence,OUU
M6OUV,Available,Amateur Foundation Radio Licence,OUV
M6OUW,Available,Amateur Foundation Radio Licence,OUW
M6OUX,Available,Amateur Foundation Radio Licence,OUX
M6OUY,Available,Amateur Foundation Radio Licence,OUY
M6OUZ,Available,Amateur Foundation Radio Licence,OUZ
M6OVC,Available,Amateur Foundation Radio Licence,OVC
M6OVD,Available,Amateur Foundation Radio Licence,OVD
M6OVF,Available,Amateur Foundation Radio Licence,OVF
M6OVG,Available,Amateur Foundation Radio Licence,OVG
M6OVH,Available,Amateur Foundation Radio Licence,OVH
M6OVJ,Available,Amateur Foundation Radio Licence,OVJ
M6OVK,Available,Amateur Foundation Radio Licence,OVK
M6OVL,Available,Amateur Foundation Radio Licence,OVL
M6OVM,Available,Amateur Foundation Radio Licence,OVM
M6OVN,Available,Amateur Foundation Radio Licence,OVN
M6OVO,Available,Amateur Foundation Radio Licence,OVO
M6OVP,Available,Amateur Foundation Radio Licence,OVP
M6OVQ,Available,Amateur Foundation Radio Licence,OVQ
M6OVS,Available,Amateur Foundation Radio Licence,OVS
M6OVT,Available,Amateur Foundation Radio Licence,OVT
M6OVU,Available,Amateur Foundation Radio Licence,OVU
M6OVV,Available,Amateur Foundation Radio Licence,OVV
M6OVW,Available,Amateur Foundation Radio Licence,OVW
M6OVX,Available,Amateur Foundation Radio Licence,OVX
M6OVY,Available,Amateur Foundation Radio Licence,OVY
M6OVZ,Available,Amateur Foundation Radio Licence,OVZ
M6OWB,Available,Amateur Foundation Radio Licence,OWB
M6OWC,Available,Amateur Foundation Radio Licence,OWC
M6OWD,Available,Amateur Foundation Radio Licence,OWD
M6OWE,Available,Amateur Foundation Radio Licence,OWE
M6OWF,Available,Amateur Foundation Radio Licence,OWF
M6OWG,Available,Amateur Foundation Radio Licence,OWG
M6OWH,Available,Amateur Foundation Radio Licence,OWH
M6OWI,Available,Amateur Foundation Radio Licence,OWI
M6OWJ,Available,Amateur Foundation Radio Licence,OWJ
M6OWM,Available,Amateur Foundation Radio Licence,OWM
M6OWO,Available,Amateur Foundation Radio Licence,OWO
M6OWP,Available,Amateur Foundation Radio Licence,OWP
M6OWQ,Available,Amateur Foundation Radio Licence,OWQ
M6OWS,Available,Amateur Foundation Radio Licence,OWS
M6OWU,Available,Amateur Foundation Radio Licence,OWU
M6OWV,Available,Amateur Foundation Radio Licence,OWV
M6OWX,Available,Amateur Foundation Radio Licence,OWX
M6OWY,Available,Amateur Foundation Radio Licence,OWY
M6OWZ,Available,Amateur Foundation Radio Licence,OWZ
M6OXA,Available,Amateur Foundation Radio Licence,OXA
M6OXC,Available,Amateur Foundation Radio Licence,OXC
M6OXD,Available,Amateur Foundation Radio Licence,OXD
M6OXE,Available,Amateur Foundation Radio Licence,OXE
M6OXG,Available,Amateur Foundation Radio Licence,OXG
M6OXH,Available,Amateur Foundation Radio Licence,OXH
M6OXI,Available,Amateur Foundation Radio Licence,OXI
M6OXJ,Available,Amateur Foundation Radio Licence,OXJ
M6OXK,Available,Amateur Foundation Radio Licence,OXK
M6OXL,Available,Amateur Foundation Radio Licence,OXL
M6OXM,Available,Amateur Foundation Radio Licence,OXM
M6OXN,Available,Amateur Foundation Radio Licence,OXN
M6OXP,Available,Amateur Foundation Radio Licence,OXP
M6OXQ,Available,Amateur Foundation Radio Licence,OXQ
M6OXR,Available,Amateur Foundation Radio Licence,OXR
M6OXS,Available,Amateur Foundation Radio Licence,OXS
M6OXT,Available,Amateur Foundation Radio Licence,OXT
M6OXU,Available,Amateur Foundation Radio Licence,OXU
M6OXV,Available,Amateur Foundation Radio Licence,OXV
M6OXW,Available,Amateur Foundation Radio Licence,OXW
M6OXZ,Available,Amateur Foundation Radio Licence,OXZ
M6OYC,Available,Amateur Foundation Radio Licence,OYC
M6OYE,Available,Amateur Foundation Radio Licence,OYE
M6OYG,Available,Amateur Foundation Radio Licence,OYG
M6OYH,Available,Amateur Foundation Radio Licence,OYH
M6OYI,Available,Amateur Foundation Radio Licence,OYI
M6OYJ,Available,Amateur Foundation Radio Licence,OYJ
M6OYK,Available,Amateur Foundation Radio Licence,OYK
M6OYL,Available,Amateur Foundation Radio Licence,OYL
M6OYM,Available,Amateur Foundation Radio Licence,OYM
M6OYN,Available,Amateur Foundation Radio Licence,OYN
M6OYO,Available,Amateur Foundation Radio Licence,OYO
M6OYP,Available,Amateur Foundation Radio Licence,OYP
M6OYQ,Available,Amateur Foundation Radio Licence,OYQ
M6OYR,Available,Amateur Foundation Radio Licence,OYR
M6OYS,Available,Amateur Foundation Radio Licence,OYS
M6OYT,Available,Amateur Foundation Radio Licence,OYT
M6OYU,Available,Amateur Foundation Radio Licence,OYU
M6OYV,Available,Amateur Foundation Radio Licence,OYV
M6OYW,Available,Amateur Foundation Radio Licence,OYW
M6OYX,Available,Amateur Foundation Radio Licence,OYX
M6OYY,Available,Amateur Foundation Radio Licence,OYY
M6OYZ,Available,Amateur Foundation Radio Licence,OYZ
M6OZA,Available,Amateur Foundation Radio Licence,OZA
M6OZB,Available,Amateur Foundation Radio Licence,OZB
M6OZC,Available,Amateur Foundation Radio Licence,OZC
M6OZE,Available,Amateur Foundation Radio Licence,OZE
M6OZG,Available,Amateur Foundation Radio Licence,OZG
M6OZH,Available,Amateur Foundation Radio Licence,OZH
M6OZJ,Available,Amateur Foundation Radio Licence,OZJ
M6OZK,Available,Amateur Foundation Radio Licence,OZK
M6OZL,Available,Amateur Foundation Radio Licence,OZL
M6OZM,Available,Amateur Foundation Radio Licence,OZM
M6OZN,Available,Amateur Foundation Radio Licence,OZN
M6OZP,Available,Amateur Foundation Radio Licence,OZP
M6OZQ,Available,Amateur Foundation Radio Licence,OZQ
M6OZR,Available,Amateur Foundation Radio Licence,OZR
M6OZS,Available,Amateur Foundation Radio Licence,OZS
M6OZU,Available,Amateur Foundation Radio Licence,OZU
M6OZV,Available,Amateur Foundation Radio Licence,OZV
M6OZW,Available,Amateur Foundation Radio Licence,OZW
M6OZX,Available,Amateur Foundation Radio Licence,OZX
M6PEV,Available,Amateur Foundation Radio Licence,PEV
M6PFB,Available,Amateur Foundation Radio Licence,PFB
M6PFG,Available,Amateur Foundation Radio Licence,PFG
M6PFI,Available,Amateur Foundation Radio Licence,PFI
M6PFK,Available,Amateur Foundation Radio Licence,PFK
M6PFN,Available,Amateur Foundation Radio Licence,PFN
M6PFP,Available,Amateur Foundation Radio Licence,PFP
M6PFQ,Available,Amateur Foundation Radio Licence,PFQ
M6PFS,Available,Amateur Foundation Radio Licence,PFS
M6PFT,Available,Amateur Foundation Radio Licence,PFT
M6PFU,Available,Amateur Foundation Radio Licence,PFU
M6PFY,Available,Amateur Foundation Radio Licence,PFY
M6PFZ,Available,Amateur Foundation Radio Licence,PFZ
M6PGE,Available,Amateur Foundation Radio Licence,PGE
M6PGF,Available,Amateur Foundation Radio Licence,PGF
M6PGI,Available,Amateur Foundation Radio Licence,PGI
M6PGJ,Available,Amateur Foundation Radio Licence,PGJ
M6PGK,Available,Amateur Foundation Radio Licence,PGK
M6PGO,Available,Amateur Foundation Radio Licence,PGO
M6PGQ,Available,Amateur Foundation Radio Licence,PGQ
M6PGS,Available,Amateur Foundation Radio Licence,PGS
M6PGU,Available,Amateur Foundation Radio Licence,PGU
M6PGV,Available,Amateur Foundation Radio Licence,PGV
M6PGX,Available,Amateur Foundation Radio Licence,PGX
M6PGY,Available,Amateur Foundation Radio Licence,PGY
M6PGZ,Available,Amateur Foundation Radio Licence,PGZ
M6PHE,Available,Amateur Foundation Radio Licence,PHE
M6PHF,Available,Amateur Foundation Radio Licence,PHF
M6PHH,Available,Amateur Foundation Radio Licence,PHH
M6PHN,Available,Amateur Foundation Radio Licence,PHN
M6PHO,Available,Amateur Foundation Radio Licence,PHO
M6PHQ,Available,Amateur Foundation Radio Licence,PHQ
M6PHU,Available,Amateur Foundation Radio Licence,PHU
M6PHV,Available,Amateur Foundation Radio Licence,PHV
M6PHZ,Available,Amateur Foundation Radio Licence,PHZ
M6PIA,Available,Amateur Foundation Radio Licence,PIA
M6PIB,Available,Amateur Foundation Radio Licence,PIB
M6PID,Available,Amateur Foundation Radio Licence,PID
M6PIF,Available,Amateur Foundation Radio Licence,PIF
M6PII,Available,Amateur Foundation Radio Licence,PII
M6PIJ,Available,Amateur Foundation Radio Licence,PIJ
M6PIO,Available,Amateur Foundation Radio Licence,PIO
M6PIQ,Available,Amateur Foundation Radio Licence,PIQ
M6PIR,Available,Amateur Foundation Radio Licence,PIR
M6PIU,Available,Amateur Foundation Radio Licence,PIU
M6PIV,Available,Amateur Foundation Radio Licence,PIV
M6PIW,Available,Amateur Foundation Radio Licence,PIW
M6PIY,Available,Amateur Foundation Radio Licence,PIY
M6PJG,Available,Amateur Foundation Radio Licence,PJG
M6PJI,Available,Amateur Foundation Radio Licence,PJI
M6PJL,Available,Amateur Foundation Radio Licence,PJL
M6PJO,Available,Amateur Foundation Radio Licence,PJO
M6PJQ,Available,Amateur Foundation Radio Licence,PJQ
M6PJR,Available,Amateur Foundation Radio Licence,PJR
M6PJU,Available,Amateur Foundation Radio Licence,PJU
M6PJV,Available,Amateur Foundation Radio Licence,PJV
M6PJX,Available,Amateur Foundation Radio Licence,PJX
M6PJY,Available,Amateur Foundation Radio Licence,PJY
M6PJZ,Available,Amateur Foundation Radio Licence,PJZ
M6PKC,Available,Amateur Foundation Radio Licence,PKC
M6PKE,Available,Amateur Foundation Radio Licence,PKE
M6PKF,Available,Amateur Foundation Radio Licence,PKF
M6PKH,Available,Amateur Foundation Radio Licence,PKH
M6PKI,Available,Amateur Foundation Radio Licence,PKI
M6PKJ,Available,Amateur Foundation Radio Licence,PKJ
M6PKQ,Available,Amateur Foundation Radio Licence,PKQ
M6PKV,Available,Amateur Foundation Radio Licence,PKV
M6PKX,Available,Amateur Foundation Radio Licence,PKX
M6PKZ,Available,Amateur Foundation Radio Licence,PKZ
M6PLI,Available,Amateur Foundation Radio Licence,PLI
M6PLO,Available,Amateur Foundation Radio Licence,PLO
M6PLQ,Available,Amateur Foundation Radio Licence,PLQ
M6PLR,Available,Amateur Foundation Radio Licence,PLR
M6PLS,Available,Amateur Foundation Radio Licence,PLS
M6PLX,Available,Amateur Foundation Radio Licence,PLX
M6PME,Available,Amateur Foundation Radio Licence,PME
M6PMI,Available,Amateur Foundation Radio Licence,PMI
M6PMO,Available,Amateur Foundation Radio Licence,PMO
M6PMQ,Available,Amateur Foundation Radio Licence,PMQ
M6PMU,Available,Amateur Foundation Radio Licence,PMU
M6PMV,Available,Amateur Foundation Radio Licence,PMV
M6PMY,Available,Amateur Foundation Radio Licence,PMY
M6PNB,Available,Amateur Foundation Radio Licence,PNB
M6PNC,Available,Amateur Foundation Radio Licence,PNC
M6PNE,Available,Amateur Foundation Radio Licence,PNE
M6PNF,Available,Amateur Foundation Radio Licence,PNF
M6PNH,Available,Amateur Foundation Radio Licence,PNH
M6PNI,Available,Amateur Foundation Radio Licence,PNI
M6PNO,Available,Amateur Foundation Radio Licence,PNO
M6PNQ,Available,Amateur Foundation Radio Licence,PNQ
M6PNR,Available,Amateur Foundation Radio Licence,PNR
M6PNU,Available,Amateur Foundation Radio Licence,PNU
M6PNV,Available,Amateur Foundation Radio Licence,PNV
M6PNX,Available,Amateur Foundation Radio Licence,PNX
M6POB,Available,Amateur Foundation Radio Licence,POB
M6POF,Available,Amateur Foundation Radio Licence,POF
M6POG,Available,Amateur Foundation Radio Licence,POG
M6POJ,Available,Amateur Foundation Radio Licence,POJ
M6POQ,Available,Amateur Foundation Radio Licence,POQ
M6POU,Available,Amateur Foundation Radio Licence,POU
M6POY,Available,Amateur Foundation Radio Licence,POY
M6PPA,Available,Amateur Foundation Radio Licence,PPA
M6PPB,Available,Amateur Foundation Radio Licence,PPB
M6PPC,Available,Amateur Foundation Radio Licence,PPC
M6PPE,Available,Amateur Foundation Radio Licence,PPE
M6PPF,Available,Amateur Foundation Radio Licence,PPF
M6PPI,Available,Amateur Foundation Radio Licence,PPI
M6PPN,Available,Amateur Foundation Radio Licence,PPN
M6PPO,Available,Amateur Foundation Radio Licence,PPO
M6PPQ,Available,Amateur Foundation Radio Licence,PPQ
M6PPU,Available,Amateur Foundation Radio Licence,PPU
M6PPX,Available,Amateur Foundation Radio Licence,PPX
M6PQA,Available,Amateur Foundation Radio Licence,PQA
M6PQB,Available,Amateur Foundation Radio Licence,PQB
M6PQC,Available,Amateur Foundation Radio Licence,PQC
M6PQD,Available,Amateur Foundation Radio Licence,PQD
M6PQE,Available,Amateur Foundation Radio Licence,PQE
M6PQG,Available,Amateur Foundation Radio Licence,PQG
M6PQH,Available,Amateur Foundation Radio Licence,PQH
M6PQI,Available,Amateur Foundation Radio Licence,PQI
M6PQJ,Available,Amateur Foundation Radio Licence,PQJ
M6PQK,Available,Amateur Foundation Radio Licence,PQK
M6PQL,Available,Amateur Foundation Radio Licence,PQL
M6PQM,Available,Amateur Foundation Radio Licence,PQM
M6PQN,Available,Amateur Foundation Radio Licence,PQN
M6PQO,Available,Amateur Foundation Radio Licence,PQO
M6PQP,Available,Amateur Foundation Radio Licence,PQP
M6PQQ,Available,Amateur Foundation Radio Licence,PQQ
M6PQR,Available,Amateur Foundation Radio Licence,PQR
M6PQS,Available,Amateur Foundation Radio Licence,PQS
M6PQT,Available,Amateur Foundation Radio Licence,PQT
M6PQU,Available,Amateur Foundation Radio Licence,PQU
M6PQV,Available,Amateur Foundation Radio Licence,PQV
M6PQW,Available,Amateur Foundation Radio Licence,PQW
M6PQX,Available,Amateur Foundation Radio Licence,PQX
M6PQZ,Available,Amateur Foundation Radio Licence,PQZ
M6PRD,Available,Amateur Foundation Radio Licence,PRD
M6PRF,Available,Amateur Foundation Radio Licence,PRF
M6PRK,Available,Amateur Foundation Radio Licence,PRK
M6PRL,Available,Amateur Foundation Radio Licence,PRL
M6PRQ,Available,Amateur Foundation Radio Licence,PRQ
M6PRU,Available,Amateur Foundation Radio Licence,PRU
M6PRY,Available,Amateur Foundation Radio Licence,PRY
M6PSF,Available,Amateur Foundation Radio Licence,PSF
M6PSL,Available,Amateur Foundation Radio Licence,PSL
M6PSQ,Available,Amateur Foundation Radio Licence,PSQ
M6PSR,Available,Amateur Foundation Radio Licence,PSR
M6PTA,Available,Amateur Foundation Radio Licence,PTA
M6PTD,Available,Amateur Foundation Radio Licence,PTD
M6PTH,Available,Amateur Foundation Radio Licence,PTH
M6PTI,Available,Amateur Foundation Radio Licence,PTI
M6PTJ,Available,Amateur Foundation Radio Licence,PTJ
M6PTK,Available,Amateur Foundation Radio Licence,PTK
M6PTL,Available,Amateur Foundation Radio Licence,PTL
M6PTQ,Available,Amateur Foundation Radio Licence,PTQ
M6PTU,Available,Amateur Foundation Radio Licence,PTU
M6PTV,Available,Amateur Foundation Radio Licence,PTV
M6PTX,Available,Amateur Foundation Radio Licence,PTX
M6PTZ,Available,Amateur Foundation Radio Licence,PTZ
M6PUA,Available,Amateur Foundation Radio Licence,PUA
M6PUE,Available,Amateur Foundation Radio Licence,PUE
M6PUH,Available,Amateur Foundation Radio Licence,PUH
M6PUI,Available,Amateur Foundation Radio Licence,PUI
M6PUJ,Available,Amateur Foundation Radio Licence,PUJ
M6PUK,Available,Amateur Foundation Radio Licence,PUK
M6PUM,Available,Amateur Foundation Radio Licence,PUM
M6PUO,Available,Amateur Foundation Radio Licence,PUO
M6PUU,Available,Amateur Foundation Radio Licence,PUU
M6PUV,Available,Amateur Foundation Radio Licence,PUV
M6PUW,Available,Amateur Foundation Radio Licence,PUW
M6PUZ,Available,Amateur Foundation Radio Licence,PUZ
M6PVA,Available,Amateur Foundation Radio Licence,PVA
M6PVB,Available,Amateur Foundation Radio Licence,PVB
M6PVD,Available,Amateur Foundation Radio Licence,PVD
M6PVE,Available,Amateur Foundation Radio Licence,PVE
M6PVF,Available,Amateur Foundation Radio Licence,PVF
M6PVG,Available,Amateur Foundation Radio Licence,PVG
M6PVH,Available,Amateur Foundation Radio Licence,PVH
M6PVI,Available,Amateur Foundation Radio Licence,PVI
M6PVJ,Available,Amateur Foundation Radio Licence,PVJ
M6PVK,Available,Amateur Foundation Radio Licence,PVK
M6PVO,Available,Amateur Foundation Radio Licence,PVO
M6PVP,Available,Amateur Foundation Radio Licence,PVP
M6PVQ,Available,Amateur Foundation Radio Licence,PVQ
M6PVR,Available,Amateur Foundation Radio Licence,PVR
M6PVS,Available,Amateur Foundation Radio Licence,PVS
M6PVT,Available,Amateur Foundation Radio Licence,PVT
M6PVU,Available,Amateur Foundation Radio Licence,PVU
M6PVW,Available,Amateur Foundation Radio Licence,PVW
M6PVY,Available,Amateur Foundation Radio Licence,PVY
M6PVZ,Available,Amateur Foundation Radio Licence,PVZ
M6PWE,Available,Amateur Foundation Radio Licence,PWE
M6PWF,Available,Amateur Foundation Radio Licence,PWF
M6PWQ,Available,Amateur Foundation Radio Licence,PWQ
M6PWU,Available,Amateur Foundation Radio Licence,PWU
M6PWV,Available,Amateur Foundation Radio Licence,PWV
M6PWX,Available,Amateur Foundation Radio Licence,PWX
M6PWZ,Available,Amateur Foundation Radio Licence,PWZ
M6PXA,Available,Amateur Foundation Radio Licence,PXA
M6PXC,Available,Amateur Foundation Radio Licence,PXC
M6PXE,Available,Amateur Foundation Radio Licence,PXE
M6PXH,Available,Amateur Foundation Radio Licence,PXH
M6PXI,Available,Amateur Foundation Radio Licence,PXI
M6PXJ,Available,Amateur Foundation Radio Licence,PXJ
M6PXM,Available,Amateur Foundation Radio Licence,PXM
M6PXN,Available,Amateur Foundation Radio Licence,PXN
M6PXO,Available,Amateur Foundation Radio Licence,PXO
M6PXQ,Available,Amateur Foundation Radio Licence,PXQ
M6PXR,Available,Amateur Foundation Radio Licence,PXR
M6PXT,Available,Amateur Foundation Radio Licence,PXT
M6PXU,Available,Amateur Foundation Radio Licence,PXU
M6PXV,Available,Amateur Foundation Radio Licence,PXV
M6PXW,Available,Amateur Foundation Radio Licence,PXW
M6PXX,Available,Amateur Foundation Radio Licence,PXX
M6PXZ,Available,Amateur Foundation Radio Licence,PXZ
M6PYA,Available,Amateur Foundation Radio Licence,PYA
M6PYB,Available,Amateur Foundation Radio Licence,PYB
M6PYC,Available,Amateur Foundation Radio Licence,PYC
M6PYI,Available,Amateur Foundation Radio Licence,PYI
M6PYJ,Available,Amateur Foundation Radio Licence,PYJ
M6PYK,Available,Amateur Foundation Radio Licence,PYK
M6PYL,Available,Amateur Foundation Radio Licence,PYL
M6PYM,Available,Amateur Foundation Radio Licence,PYM
M6PYO,Available,Amateur Foundation Radio Licence,PYO
M6PYP,Available,Amateur Foundation Radio Licence,PYP
M6PYQ,Available,Amateur Foundation Radio Licence,PYQ
M6PYS,Available,Amateur Foundation Radio Licence,PYS
M6PYV,Available,Amateur Foundation Radio Licence,PYV
M6PYW,Available,Amateur Foundation Radio Licence,PYW
M6PYY,Available,Amateur Foundation Radio Licence,PYY
M6PYZ,Available,Amateur Foundation Radio Licence,PYZ
M6PZC,Available,Amateur Foundation Radio Licence,PZC
M6PZD,Available,Amateur Foundation Radio Licence,PZD
M6PZE,Available,Amateur Foundation Radio Licence,PZE
M6PZF,Available,Amateur Foundation Radio Licence,PZF
M6PZG,Available,Amateur Foundation Radio Licence,PZG
M6PZH,Available,Amateur Foundation Radio Licence,PZH
M6PZI,Available,Amateur Foundation Radio Licence,PZI
M6PZJ,Available,Amateur Foundation Radio Licence,PZJ
M6PZK,Available,Amateur Foundation Radio Licence,PZK
M6PZL,Available,Amateur Foundation Radio Licence,PZL
M6PZM,Available,Amateur Foundation Radio Licence,PZM
M6PZN,Available,Amateur Foundation Radio Licence,PZN
M6PZO,Available,Amateur Foundation Radio Licence,PZO
M6PZQ,Available,Amateur Foundation Radio Licence,PZQ
M6PZR,Available,Amateur Foundation Radio Licence,PZR
M6PZS,Available,Amateur Foundation Radio Licence,PZS
M6PZT,Available,Amateur Foundation Radio Licence,PZT
M6PZU,Available,Amateur Foundation Radio Licence,PZU
M6PZV,Available,Amateur Foundation Radio Licence,PZV
M6PZX,Available,Amateur Foundation Radio Licence,PZX
M6RHU,Available,Amateur Foundation Radio Licence,RHU
M6RHV,Available,Amateur Foundation Radio Licence,RHV
M6RIJ,Available,Amateur Foundation Radio Licence,RIJ
M6RIL,Available,Amateur Foundation Radio Licence,RIL
M6RIN,Available,Amateur Foundation Radio Licence,RIN
M6RIQ,Available,Amateur Foundation Radio Licence,RIQ
M6RIU,Available,Amateur Foundation Radio Licence,RIU
M6RIY,Available,Amateur Foundation Radio Licence,RIY
M6RIZ,Available,Amateur Foundation Radio Licence,RIZ
M6RJF,Available,Amateur Foundation Radio Licence,RJF
M6RJQ,Available,Amateur Foundation Radio Licence,RJQ
M6RJV,Available,Amateur Foundation Radio Licence,RJV
M6RJX,Available,Amateur Foundation Radio Licence,RJX
M6RJY,Available,Amateur Foundation Radio Licence,RJY
M6RKF,Available,Amateur Foundation Radio Licence,RKF
M6RKJ,Available,Amateur Foundation Radio Licence,RKJ
M6RKK,Available,Amateur Foundation Radio Licence,RKK
M6RKQ,Available,Amateur Foundation Radio Licence,RKQ
M6RKU,Available,Amateur Foundation Radio Licence,RKU
M6RLI,Available,Amateur Foundation Radio Licence,RLI
M6RLN,Available,Amateur Foundation Radio Licence,RLN
M6RLO,Available,Amateur Foundation Radio Licence,RLO
M6RLQ,Available,Amateur Foundation Radio Licence,RLQ
M6RLR,Available,Amateur Foundation Radio Licence,RLR
M6RLU,Available,Amateur Foundation Radio Licence,RLU
M6RLZ,Available,Amateur Foundation Radio Licence,RLZ
M6RMQ,Available,Amateur Foundation Radio Licence,RMQ
M6RMU,Available,Amateur Foundation Radio Licence,RMU
M6RNB,Available,Amateur Foundation Radio Licence,RNB
M6RNH,Available,Amateur Foundation Radio Licence,RNH
M6RNJ,Available,Amateur Foundation Radio Licence,RNJ
M6RNL,Available,Amateur Foundation Radio Licence,RNL
M6RNM,Available,Amateur Foundation Radio Licence,RNM
M6RNQ,Available,Amateur Foundation Radio Licence,RNQ
M6RNT,Available,Amateur Foundation Radio Licence,RNT
M6RNV,Available,Amateur Foundation Radio Licence,RNV
M6RNW,Available,Amateur Foundation Radio Licence,RNW
M6RNX,Available,Amateur Foundation Radio Licence,RNX
M6RNY,Available,Amateur Foundation Radio Licence,RNY
M6RNZ,Available,Amateur Foundation Radio Licence,RNZ
M6ROA,Available,Amateur Foundation Radio Licence,ROA
M6ROI,Available,Amateur Foundation Radio Licence,ROI
M6ROJ,Available,Amateur Foundation Radio Licence,ROJ
M6ROQ,Available,Amateur Foundation Radio Licence,ROQ
M6RPE,Available,Amateur Foundation Radio Licence,RPE
M6RPN,Available,Amateur Foundation Radio Licence,RPN
M6RPP,Available,Amateur Foundation Radio Licence,RPP
M6RPQ,Available,Amateur Foundation Radio Licence,RPQ
M6RPS,Available,Amateur Foundation Radio Licence,RPS
M6RPU,Available,Amateur Foundation Radio Licence,RPU
M6RPV,Available,Amateur Foundation Radio Licence,RPV
M6RPY,Available,Amateur Foundation Radio Licence,RPY
M6RQA,Available,Amateur Foundation Radio Licence,RQA
M6RQB,Available,Amateur Foundation Radio Licence,RQB
M6RQC,Available,Amateur Foundation Radio Licence,RQC
M6RQD,Available,Amateur Foundation Radio Licence,RQD
M6RQE,Available,Amateur Foundation Radio Licence,RQE
M6RQF,Available,Amateur Foundation Radio Licence,RQF
M6RQG,Available,Amateur Foundation Radio Licence,RQG
M6RQH,Available,Amateur Foundation Radio Licence,RQH
M6RQI,Available,Amateur Foundation Radio Licence,RQI
M6RQJ,Available,Amateur Foundation Radio Licence,RQJ
M6RQK,Available,Amateur Foundation Radio Licence,RQK
M6RQN,Available,Amateur Foundation Radio Licence,RQN
M6RQO,Available,Amateur Foundation Radio Licence,RQO
M6RQP,Available,Amateur Foundation Radio Licence,RQP
M6RQQ,Available,Amateur Foundation Radio Licence,RQQ
M6RQR,Available,Amateur Foundation Radio Licence,RQR
M6RQS,Available,Amateur Foundation Radio Licence,RQS
M6RQT,Available,Amateur Foundation Radio Licence,RQT
M6RQU,Available,Amateur Foundation Radio Licence,RQU
M6RQV,Available,Amateur Foundation Radio Licence,RQV
M6RQW,Available,Amateur Foundation Radio Licence,RQW
M6RQX,Available,Amateur Foundation Radio Licence,RQX
M6RQY,Available,Amateur Foundation Radio Licence,RQY
M6RQZ,Available,Amateur Foundation Radio Licence,RQZ
M6RRF,Available,Amateur Foundation Radio Licence,RRF
M6RRI,Available,Amateur Foundation Radio Licence,RRI
M6RRN,Available,Amateur Foundation Radio Licence,RRN
M6RRO,Available,Amateur Foundation Radio Licence,RRO
M6RRP,Available,Amateur Foundation Radio Licence,RRP
M6RRQ,Available,Amateur Foundation Radio Licence,RRQ
M6RRX,Available,Amateur Foundation Radio Licence,RRX
M6RSF,Available,Amateur Foundation Radio Licence,RSF
M6RSQ,Available,Amateur Foundation Radio Licence,RSQ
M6RSU,Available,Amateur Foundation Radio Licence,RSU
M6RSZ,Available,Amateur Foundation Radio Licence,RSZ
M6RTG,Available,Amateur Foundation Radio Licence,RTG
M6RTP,Available,Amateur Foundation Radio Licence,RTP
M6RTQ,Available,Amateur Foundation Radio Licence,RTQ
M6RTU,Available,Amateur Foundation Radio Licence,RTU
M6RUA,Available,Amateur Foundation Radio Licence,RUA
M6RUC,Available,Amateur Foundation Radio Licence,RUC
M6RUD,Available,Amateur Foundation Radio Licence,RUD
M6RUE,Available,Amateur Foundation Radio Licence,RUE
M6RUI,Available,Amateur Foundation Radio Licence,RUI
M6RUJ,Available,Amateur Foundation Radio Licence,RUJ
M6RUK,Available,Amateur Foundation Radio Licence,RUK
M6RUL,Available,Amateur Foundation Radio Licence,RUL
M6RUO,Available,Amateur Foundation Radio Licence,RUO
M6RUQ,Available,Amateur Foundation Radio Licence,RUQ
M6RUR,Available,Amateur Foundation Radio Licence,RUR
M6RUU,Available,Amateur Foundation Radio Licence,RUU
M6RUV,Available,Amateur Foundation Radio Licence,RUV
M6RUW,Available,Amateur Foundation Radio Licence,RUW
M6RUX,Available,Amateur Foundation Radio Licence,RUX
M6RUY,Available,Amateur Foundation Radio Licence,RUY
M6RVA,Available,Amateur Foundation Radio Licence,RVA
M6RVB,Available,Amateur Foundation Radio Licence,RVB
M6RVC,Available,Amateur Foundation Radio Licence,RVC
M6RVF,Available,Amateur Foundation Radio Licence,RVF
M6RVG,Available,Amateur Foundation Radio Licence,RVG
M6RVK,Available,Amateur Foundation Radio Licence,RVK
M6RVL,Available,Amateur Foundation Radio Licence,RVL
M6RVQ,Available,Amateur Foundation Radio Licence,RVQ
M6RVU,Available,Amateur Foundation Radio Licence,RVU
M6RVV,Available,Amateur Foundation Radio Licence,RVV
M6RVX,Available,Amateur Foundation Radio Licence,RVX
M6RVY,Available,Amateur Foundation Radio Licence,RVY
M6RVZ,Available,Amateur Foundation Radio Licence,RVZ
M6RWD,Available,Amateur Foundation Radio Licence,RWD
M6RWK,Available,Amateur Foundation Radio Licence,RWK
M6RWO,Available,Amateur Foundation Radio Licence,RWO
M6RWQ,Available,Amateur Foundation Radio Licence,RWQ
M6RWU,Available,Amateur Foundation Radio Licence,RWU
M6RWY,Available,Amateur Foundation Radio Licence,RWY
M6RWZ,Available,Amateur Foundation Radio Licence,RWZ
M6RXG,Available,Amateur Foundation Radio Licence,RXG
M6RXH,Available,Amateur Foundation Radio Licence,RXH
M6RXI,Available,Amateur Foundation Radio Licence,RXI
M6RXK,Available,Amateur Foundation Radio Licence,RXK
M6RXO,Available,Amateur Foundation Radio Licence,RXO
M6RXP,Available,Amateur Foundation Radio Licence,RXP
M6RXQ,Available,Amateur Foundation Radio Licence,RXQ
M6RXU,Available,Amateur Foundation Radio Licence,RXU
M6RXV,Available,Amateur Foundation Radio Licence,RXV
M6RXW,Available,Amateur Foundation Radio Licence,RXW
M6RXX,Available,Amateur Foundation Radio Licence,RXX
M6RXY,Available,Amateur Foundation Radio Licence,RXY
M6RYB,Available,Amateur Foundation Radio Licence,RYB
M6RYE,Available,Amateur Foundation Radio Licence,RYE
M6RYF,Available,Amateur Foundation Radio Licence,RYF
M6RYG,Available,Amateur Foundation Radio Licence,RYG
M6RYH,Available,Amateur Foundation Radio Licence,RYH
M6RYI,Available,Amateur Foundation Radio Licence,RYI
M6RYJ,Available,Amateur Foundation Radio Licence,RYJ
M6RYM,Available,Amateur Foundation Radio Licence,RYM
M6RYP,Available,Amateur Foundation Radio Licence,RYP
M6RYQ,Available,Amateur Foundation Radio Licence,RYQ
M6RYR,Available,Amateur Foundation Radio Licence,RYR
M6RYT,Available,Amateur Foundation Radio Licence,RYT
M6RYU,Available,Amateur Foundation Radio Licence,RYU
M6RYV,Available,Amateur Foundation Radio Licence,RYV
M6RYW,Available,Amateur Foundation Radio Licence,RYW
M6RYX,Available,Amateur Foundation Radio Licence,RYX
M6RYY,Available,Amateur Foundation Radio Licence,RYY
M6RYZ,Available,Amateur Foundation Radio Licence,RYZ
M6RZB,Available,Amateur Foundation Radio Licence,RZB
M6RZC,Available,Amateur Foundation Radio Licence,RZC
M6RZD,Available,Amateur Foundation Radio Licence,RZD
M6RZE,Available,Amateur Foundation Radio Licence,RZE
M6RZF,Available,Amateur Foundation Radio Licence,RZF
M6RZG,Available,Amateur Foundation Radio Licence,RZG
M6RZH,Available,Amateur Foundation Radio Licence,RZH
M6RZI,Available,Amateur Foundation Radio Licence,RZI
M6RZJ,Available,Amateur Foundation Radio Licence,RZJ
M6RZK,Available,Amateur Foundation Radio Licence,RZK
M6RZM,Available,Amateur Foundation Radio Licence,RZM
M6RZN,Available,Amateur Foundation Radio Licence,RZN
M6RZP,Available,Amateur Foundation Radio Licence,RZP
M6RZQ,Available,Amateur Foundation Radio Licence,RZQ
M6RZR,Available,Amateur Foundation Radio Licence,RZR
M6RZS,Available,Amateur Foundation Radio Licence,RZS
M6RZT,Available,Amateur Foundation Radio Licence,RZT
M6RZU,Available,Amateur Foundation Radio Licence,RZU
M6RZV,Available,Amateur Foundation Radio Licence,RZV
M6RZY,Available,Amateur Foundation Radio Licence,RZY
M6SGO,Available,Amateur Foundation Radio Licence,SGO
M6SGQ,Available,Amateur Foundation Radio Licence,SGQ
M6SGY,Available,Amateur Foundation Radio Licence,SGY
M6SGZ,Available,Amateur Foundation Radio Licence,SGZ
M6SHH,Available,Amateur Foundation Radio Licence,SHH
M6SHQ,Available,Amateur Foundation Radio Licence,SHQ
M6SHS,Available,Amateur Foundation Radio Licence,SHS
M6SHX,Available,Amateur Foundation Radio Licence,SHX
M6SHZ,Available,Amateur Foundation Radio Licence,SHZ
M6SIA,Available,Amateur Foundation Radio Licence,SIA
M6SIH,Available,Amateur Foundation Radio Licence,SIH
M6SIJ,Available,Amateur Foundation Radio Licence,SIJ
M6SIO,Available,Amateur Foundation Radio Licence,SIO
M6SIQ,Available,Amateur Foundation Radio Licence,SIQ
M6SIU,Available,Amateur Foundation Radio Licence,SIU
M6SIW,Available,Amateur Foundation Radio Licence,SIW
M6SIY,Available,Amateur Foundation Radio Licence,SIY
M6SJQ,Available,Amateur Foundation Radio Licence,SJQ
M6SJU,Available,Amateur Foundation Radio Licence,SJU
M6SJV,Available,Amateur Foundation Radio Licence,SJV
M6SJX,Available,Amateur Foundation Radio Licence,SJX
M6SJZ,Available,Amateur Foundation Radio Licence,SJZ
M6SKF,Available,Amateur Foundation Radio Licence,SKF
M6SKH,Available,Amateur Foundation Radio Licence,SKH
M6SKK,Available,Amateur Foundation Radio Licence,SKK
M6SKQ,Available,Amateur Foundation Radio Licence,SKQ
M6SKV,Available,Amateur Foundation Radio Licence,SKV
M6SKZ,Available,Amateur Foundation Radio Licence,SKZ
M6SLO,Available,Amateur Foundation Radio Licence,SLO
M6SLQ,Available,Amateur Foundation Radio Licence,SLQ
M6SLS,Available,Amateur Foundation Radio Licence,SLS
M6SLZ,Available,Amateur Foundation Radio Licence,SLZ
M6SMQ,Available,Amateur Foundation Radio Licence,SMQ
M6SMU,Available,Amateur Foundation Radio Licence,SMU
M6SMX,Available,Amateur Foundation Radio Licence,SMX
M6SNA,Available,Amateur Foundation Radio Licence,SNA
M6SNI,Available,Amateur Foundation Radio Licence,SNI
M6SNJ,Available,Amateur Foundation Radio Licence,SNJ
M6SNL,Available,Amateur Foundation Radio Licence,SNL
M6SNM,Available,Amateur Foundation Radio Licence,SNM
M6SNN,Available,Amateur Foundation Radio Licence,SNN
M6SNP,Available,Amateur Foundation Radio Licence,SNP
M6SNQ,Available,Amateur Foundation Radio Licence,SNQ
M6SNU,Available,Amateur Foundation Radio Licence,SNU
M6SNV,Available,Amateur Foundation Radio Licence,SNV
M6SNZ,Available,Amateur Foundation Radio Licence,SNZ
M6SOH,Available,Amateur Foundation Radio Licence,SOH
M6SOQ,Available,Amateur Foundation Radio Licence,SOQ
M6SOU,Available,Amateur Foundation Radio Licence,SOU
M6SOV,Available,Amateur Foundation Radio Licence,SOV
M6SOY,Available,Amateur Foundation Radio Licence,SOY
M6SPP,Available,Amateur Foundation Radio Licence,SPP
M6SPQ,Available,Amateur Foundation Radio Licence,SPQ
M6SQA,Available,Amateur Foundation Radio Licence,SQA
M6SQB,Available,Amateur Foundation Radio Licence,SQB
M6SQC,Available,Amateur Foundation Radio Licence,SQC
M6SQE,Available,Amateur Foundation Radio Licence,SQE
M6SQF,Available,Amateur Foundation Radio Licence,SQF
M6SQG,Available,Amateur Foundation Radio Licence,SQG
M6SQH,Available,Amateur Foundation Radio Licence,SQH
M6SQJ,Available,Amateur Foundation Radio Licence,SQJ
M6SQK,Available,Amateur Foundation Radio Licence,SQK
M6SQO,Available,Amateur Foundation Radio Licence,SQO
M6SQP,Available,Amateur Foundation Radio Licence,SQP
M6SQQ,Available,Amateur Foundation Radio Licence,SQQ
M6SQV,Available,Amateur Foundation Radio Licence,SQV
M6SQW,Available,Amateur Foundation Radio Licence,SQW
M6SQX,Available,Amateur Foundation Radio Licence,SQX
M6SQY,Available,Amateur Foundation Radio Licence,SQY
M6SQZ,Available,Amateur Foundation Radio Licence,SQZ
M6SRN,Available,Amateur Foundation Radio Licence,SRN
M6SRQ,Available,Amateur Foundation Radio Licence,SRQ
M6SRU,Available,Amateur Foundation Radio Licence,SRU
M6SSI,Available,Amateur Foundation Radio Licence,SSI
M6SSN,Available,Amateur Foundation Radio Licence,SSN
M6SSO,Available,Amateur Foundation Radio Licence,SSO
M6SSQ,Available,Amateur Foundation Radio Licence,SSQ
M6SSU,Available,Amateur Foundation Radio Licence,SSU
M6SSV,Available,Amateur Foundation Radio Licence,SSV
M6SSZ,Available,Amateur Foundation Radio Licence,SSZ
M6STQ,Available,Amateur Foundation Radio Licence,STQ
M6SUA,Available,Amateur Foundation Radio Licence,SUA
M6SUC,Available,Amateur Foundation Radio Licence,SUC
M6SUD,Available,Amateur Foundation Radio Licence,SUD
M6SUG,Available,Amateur Foundation Radio Licence,SUG
M6SUH,Available,Amateur Foundation Radio Licence,SUH
M6SUK,Available,Amateur Foundation Radio Licence,SUK
M6SUO,Available,Amateur Foundation Radio Licence,SUO
M6SUQ,Available,Amateur Foundation Radio Licence,SUQ
M6SUR,Available,Amateur Foundation Radio Licence,SUR
M6SUW,Available,Amateur Foundation Radio Licence,SUW
M6SUY,Available,Amateur Foundation Radio Licence,SUY
M6SVA,Available,Amateur Foundation Radio Licence,SVA
M6SVB,Available,Amateur Foundation Radio Licence,SVB
M6SVE,Available,Amateur Foundation Radio Licence,SVE
M6SVH,Available,Amateur Foundation Radio Licence,SVH
M6SVI,Available,Amateur Foundation Radio Licence,SVI
M6SVL,Available,Amateur Foundation Radio Licence,SVL
M6SVO,Available,Amateur Foundation Radio Licence,SVO
M6SVP,Available,Amateur Foundation Radio Licence,SVP
M6SVQ,Available,Amateur Foundation Radio Licence,SVQ
M6SVU,Available,Amateur Foundation Radio Licence,SVU
M6SVX,Available,Amateur Foundation Radio Licence,SVX
M6SWJ,Available,Amateur Foundation Radio Licence,SWJ
M6SWK,Available,Amateur Foundation Radio Licence,SWK
M6SWQ,Available,Amateur Foundation Radio Licence,SWQ
M6SWT,Available,Amateur Foundation Radio Licence,SWT
M6SWU,Available,Amateur Foundation Radio Licence,SWU
M6SWV,Available,Amateur Foundation Radio Licence,SWV
M6SWY,Available,Amateur Foundation Radio Licence,SWY
M6SWZ,Available,Amateur Foundation Radio Licence,SWZ
M6SXE,Available,Amateur Foundation Radio Licence,SXE
M6SXF,Available,Amateur Foundation Radio Licence,SXF
M6SXG,Available,Amateur Foundation Radio Licence,SXG
M6SXH,Available,Amateur Foundation Radio Licence,SXH
M6SXJ,Available,Amateur Foundation Radio Licence,SXJ
M6SXK,Available,Amateur Foundation Radio Licence,SXK
M6SXN,Available,Amateur Foundation Radio Licence,SXN
M6SXQ,Available,Amateur Foundation Radio Licence,SXQ
M6SXU,Available,Amateur Foundation Radio Licence,SXU
M6SXV,Available,Amateur Foundation Radio Licence,SXV
M6SXX,Available,Amateur Foundation Radio Licence,SXX
M6SXZ,Available,Amateur Foundation Radio Licence,SXZ
M6SYA,Available,Amateur Foundation Radio Licence,SYA
M6SYB,Available,Amateur Foundation Radio Licence,SYB
M6SYC,Available,Amateur Foundation Radio Licence,SYC
M6SYE,Available,Amateur Foundation Radio Licence,SYE
M6SYF,Available,Amateur Foundation Radio Licence,SYF
M6SYI,Available,Amateur Foundation Radio Licence,SYI
M6SYJ,Available,Amateur Foundation Radio Licence,SYJ
M6SYK,Available,Amateur Foundation Radio Licence,SYK
M6SYM,Available,Amateur Foundation Radio Licence,SYM
M6SYO,Available,Amateur Foundation Radio Licence,SYO
M6SYQ,Available,Amateur Foundation Radio Licence,SYQ
M6SYT,Available,Amateur Foundation Radio Licence,SYT
M6SYU,Available,Amateur Foundation Radio Licence,SYU
M6SYV,Available,Amateur Foundation Radio Licence,SYV
M6SYY,Available,Amateur Foundation Radio Licence,SYY
M6SYZ,Available,Amateur Foundation Radio Licence,SYZ
M6SZB,Available,Amateur Foundation Radio Licence,SZB
M6SZC,Available,Amateur Foundation Radio Licence,SZC
M6SZD,Available,Amateur Foundation Radio Licence,SZD
M6SZF,Available,Amateur Foundation Radio Licence,SZF
M6SZG,Available,Amateur Foundation Radio Licence,SZG
M6SZH,Available,Amateur Foundation Radio Licence,SZH
M6SZI,Available,Amateur Foundation Radio Licence,SZI
M6SZJ,Available,Amateur Foundation Radio Licence,SZJ
M6SZK,Available,Amateur Foundation Radio Licence,SZK
M6SZL,Available,Amateur Foundation Radio Licence,SZL
M6SZM,Available,Amateur Foundation Radio Licence,SZM
M6SZN,Available,Amateur Foundation Radio Licence,SZN
M6SZO,Available,Amateur Foundation Radio Licence,SZO
M6SZP,Available,Amateur Foundation Radio Licence,SZP
M6SZQ,Available,Amateur Foundation Radio Licence,SZQ
M6SZR,Available,Amateur Foundation Radio Licence,SZR
M6SZT,Available,Amateur Foundation Radio Licence,SZT
M6SZU,Available,Amateur Foundation Radio Licence,SZU
M6SZV,Available,Amateur Foundation Radio Licence,SZV
M6SZW,Available,Amateur Foundation Radio Licence,SZW
M6SZX,Available,Amateur Foundation Radio Licence,SZX
M6SZZ,Available,Amateur Foundation Radio Licence,SZZ
M6TFV,Available,Amateur Foundation Radio Licence,TFV
M6TFY,Available,Amateur Foundation Radio Licence,TFY
M6TFZ,Available,Amateur Foundation Radio Licence,TFZ
M6TGA,Available,Amateur Foundation Radio Licence,TGA
M6TGF,Available,Amateur Foundation Radio Licence,TGF
M6TGI,Available,Amateur Foundation Radio Licence,TGI
M6TGJ,Available,Amateur Foundation Radio Licence,TGJ
M6TGK,Available,Amateur Foundation Radio Licence,TGK
M6TGL,Available,Amateur Foundation Radio Licence,TGL
M6TGN,Available,Amateur Foundation Radio Licence,TGN
M6TGP,Available,Amateur Foundation Radio Licence,TGP
M6TGQ,Available,Amateur Foundation Radio Licence,TGQ
M6TGU,Available,Amateur Foundation Radio Licence,TGU
M6TGV,Available,Amateur Foundation Radio Licence,TGV
M6TGX,Available,Amateur Foundation Radio Licence,TGX
M6TGY,Available,Amateur Foundation Radio Licence,TGY
M6THF,Available,Amateur Foundation Radio Licence,THF
M6THH,Available,Amateur Foundation Radio Licence,THH
M6THI,Available,Amateur Foundation Radio Licence,THI
M6THJ,Available,Amateur Foundation Radio Licence,THJ
M6THK,Available,Amateur Foundation Radio Licence,THK
M6THN,Available,Amateur Foundation Radio Licence,THN
M6THQ,Available,Amateur Foundation Radio Licence,THQ
M6THV,Available,Amateur Foundation Radio Licence,THV
M6TIB,Available,Amateur Foundation Radio Licence,TIB
M6TID,Available,Amateur Foundation Radio Licence,TID
M6TIH,Available,Amateur Foundation Radio Licence,TIH
M6TIJ,Available,Amateur Foundation Radio Licence,TIJ
M6TIL,Available,Amateur Foundation Radio Licence,TIL
M6TIO,Available,Amateur Foundation Radio Licence,TIO
M6TIQ,Available,Amateur Foundation Radio Licence,TIQ
M6TIR,Available,Amateur Foundation Radio Licence,TIR
M6TIS,Available,Amateur Foundation Radio Licence,TIS
M6TIU,Available,Amateur Foundation Radio Licence,TIU
M6TIV,Available,Amateur Foundation Radio Licence,TIV
M6TIX,Available,Amateur Foundation Radio Licence,TIX
M6TIY,Available,Amateur Foundation Radio Licence,TIY
M6TIZ,Available,Amateur Foundation Radio Licence,TIZ
M6TJE,Available,Amateur Foundation Radio Licence,TJE
M6TJG,Available,Amateur Foundation Radio Licence,TJG
M6TJI,Available,Amateur Foundation Radio Licence,TJI
M6TJN,Available,Amateur Foundation Radio Licence,TJN
M6TJO,Available,Amateur Foundation Radio Licence,TJO
M6TJQ,Available,Amateur Foundation Radio Licence,TJQ
M6TJT,Available,Amateur Foundation Radio Licence,TJT
M6TJU,Available,Amateur Foundation Radio Licence,TJU
M6TJV,Available,Amateur Foundation Radio Licence,TJV
M6TJX,Available,Amateur Foundation Radio Licence,TJX
M6TKG,Available,Amateur Foundation Radio Licence,TKG
M6TKH,Available,Amateur Foundation Radio Licence,TKH
M6TKJ,Available,Amateur Foundation Radio Licence,TKJ
M6TKL,Available,Amateur Foundation Radio Licence,TKL
M6TKN,Available,Amateur Foundation Radio Licence,TKN
M6TKQ,Available,Amateur Foundation Radio Licence,TKQ
M6TKR,Available,Amateur Foundation Radio Licence,TKR
M6TKT,Available,Amateur Foundation Radio Licence,TKT
M6TKV,Available,Amateur Foundation Radio Licence,TKV
M6TKY,Available,Amateur Foundation Radio Licence,TKY
M6TKZ,Available,Amateur Foundation Radio Licence,TKZ
M6TLE,Available,Amateur Foundation Radio Licence,TLE
M6TLH,Available,Amateur Foundation Radio Licence,TLH
M6TLI,Available,Amateur Foundation Radio Licence,TLI
M6TLJ,Available,Amateur Foundation Radio Licence,TLJ
M6TLN,Available,Amateur Foundation Radio Licence,TLN
M6TLO,Available,Amateur Foundation Radio Licence,TLO
M6TLQ,Available,Amateur Foundation Radio Licence,TLQ
M6TLU,Available,Amateur Foundation Radio Licence,TLU
M6TLV,Available,Amateur Foundation Radio Licence,TLV
M6TLZ,Available,Amateur Foundation Radio Licence,TLZ
M6TMQ,Available,Amateur Foundation Radio Licence,TMQ
M6TMR,Available,Amateur Foundation Radio Licence,TMR
M6TMU,Available,Amateur Foundation Radio Licence,TMU
M6TMV,Available,Amateur Foundation Radio Licence,TMV
M6TNC,Available,Amateur Foundation Radio Licence,TNC
M6TNJ,Available,Amateur Foundation Radio Licence,TNJ
M6TNL,Available,Amateur Foundation Radio Licence,TNL
M6TNM,Available,Amateur Foundation Radio Licence,TNM
M6TNN,Available,Amateur Foundation Radio Licence,TNN
M6TNP,Available,Amateur Foundation Radio Licence,TNP
M6TNQ,Available,Amateur Foundation Radio Licence,TNQ
M6TNV,Available,Amateur Foundation Radio Licence,TNV
M6TNX,Available,Amateur Foundation Radio Licence,TNX
M6TNZ,Available,Amateur Foundation Radio Licence,TNZ
M6TOI,Available,Amateur Foundation Radio Licence,TOI
M6TOJ,Available,Amateur Foundation Radio Licence,TOJ
M6TOQ,Available,Amateur Foundation Radio Licence,TOQ
M6TOU,Available,Amateur Foundation Radio Licence,TOU
M6TOV,Available,Amateur Foundation Radio Licence,TOV
M6TPB,Available,Amateur Foundation Radio Licence,TPB
M6TPF,Available,Amateur Foundation Radio Licence,TPF
M6TPI,Available,Amateur Foundation Radio Licence,TPI
M6TPO,Available,Amateur Foundation Radio Licence,TPO
M6TPP,Available,Amateur Foundation Radio Licence,TPP
M6TPQ,Available,Amateur Foundation Radio Licence,TPQ
M6TPR,Available,Amateur Foundation Radio Licence,TPR
M6TPS,Available,Amateur Foundation Radio Licence,TPS
M6TPU,Available,Amateur Foundation Radio Licence,TPU
M6TPW,Available,Amateur Foundation Radio Licence,TPW
M6TQA,Available,Amateur Foundation Radio Licence,TQA
M6TQB,Available,Amateur Foundation Radio Licence,TQB
M6TQC,Available,Amateur Foundation Radio Licence,TQC
M6TQD,Available,Amateur Foundation Radio Licence,TQD
M6TQE,Available,Amateur Foundation Radio Licence,TQE
M6TQF,Available,Amateur Foundation Radio Licence,TQF
M6TQG,Available,Amateur Foundation Radio Licence,TQG
M6TQH,Available,Amateur Foundation Radio Licence,TQH
M6TQI,Available,Amateur Foundation Radio Licence,TQI
M6TQJ,Available,Amateur Foundation Radio Licence,TQJ
M6TQK,Available,Amateur Foundation Radio Licence,TQK
M6TQL,Available,Amateur Foundation Radio Licence,TQL
M6TQN,Available,Amateur Foundation Radio Licence,TQN
M6TQO,Available,Amateur Foundation Radio Licence,TQO
M6TQP,Available,Amateur Foundation Radio Licence,TQP
M6TQQ,Available,Amateur Foundation Radio Licence,TQQ
M6TQR,Available,Amateur Foundation Radio Licence,TQR
M6TQS,Available,Amateur Foundation Radio Licence,TQS
M6TQT,Available,Amateur Foundation Radio Licence,TQT
M6TQU,Available,Amateur Foundation Radio Licence,TQU
M6TQV,Available,Amateur Foundation Radio Licence,TQV
M6TQX,Available,Amateur Foundation Radio Licence,TQX
M6TQY,Available,Amateur Foundation Radio Licence,TQY
M6TQZ,Available,Amateur Foundation Radio Licence,TQZ
M6TRF,Available,Amateur Foundation Radio Licence,TRF
M6TRM,Available,Amateur Foundation Radio Licence,TRM
M6TRZ,Available,Amateur Foundation Radio Licence,TRZ
M6TSH,Available,Amateur Foundation Radio Licence,TSH
M6TSJ,Available,Amateur Foundation Radio Licence,TSJ
M6TSN,Available,Amateur Foundation Radio Licence,TSN
M6TSQ,Available,Amateur Foundation Radio Licence,TSQ
M6TSS,Available,Amateur Foundation Radio Licence,TSS
M6TSU,Available,Amateur Foundation Radio Licence,TSU
M6TSV,Available,Amateur Foundation Radio Licence,TSV
M6TSY,Available,Amateur Foundation Radio Licence,TSY
M6TSZ,Available,Amateur Foundation Radio Licence,TSZ
M6TTG,Available,Amateur Foundation Radio Licence,TTG
M6TTJ,Available,Amateur Foundation Radio Licence,TTJ
M6TTK,Available,Amateur Foundation Radio Licence,TTK
M6TTO,Available,Amateur Foundation Radio Licence,TTO
M6TTQ,Available,Amateur Foundation Radio Licence,TTQ
M6TTU,Available,Amateur Foundation Radio Licence,TTU
M6TTZ,Available,Amateur Foundation Radio Licence,TTZ
M6TUA,Available,Amateur Foundation Radio Licence,TUA
M6TUC,Available,Amateur Foundation Radio Licence,TUC
M6TUE,Available,Amateur Foundation Radio Licence,TUE
M6TUJ,Available,Amateur Foundation Radio Licence,TUJ
M6TUL,Available,Amateur Foundation Radio Licence,TUL
M6TUO,Available,Amateur Foundation Radio Licence,TUO
M6TUQ,Available,Amateur Foundation Radio Licence,TUQ
M6TUU,Available,Amateur Foundation Radio Licence,TUU
M6TUW,Available,Amateur Foundation Radio Licence,TUW
M6TUY,Available,Amateur Foundation Radio Licence,TUY
M6TVB,Available,Amateur Foundation Radio Licence,TVB
M6TVD,Available,Amateur Foundation Radio Licence,TVD
M6TVE,Available,Amateur Foundation Radio Licence,TVE
M6TVF,Available,Amateur Foundation Radio Licence,TVF
M6TVH,Available,Amateur Foundation Radio Licence,TVH
M6TVJ,Available,Amateur Foundation Radio Licence,TVJ
M6TVK,Available,Amateur Foundation Radio Licence,TVK
M6TVL,Available,Amateur Foundation Radio Licence,TVL
M6TVN,Available,Amateur Foundation Radio Licence,TVN
M6TVO,Available,Amateur Foundation Radio Licence,TVO
M6TVQ,Available,Amateur Foundation Radio Licence,TVQ
M6TVT,Available,Amateur Foundation Radio Licence,TVT
M6TVU,Available,Amateur Foundation Radio Licence,TVU
M6TVW,Available,Amateur Foundation Radio Licence,TVW
M6TVX,Available,Amateur Foundation Radio Licence,TVX
M6TWF,Available,Amateur Foundation Radio Licence,TWF
M6TWJ,Available,Amateur Foundation Radio Licence,TWJ
M6TWN,Available,Amateur Foundation Radio Licence,TWN
M6TWP,Available,Amateur Foundation Radio Licence,TWP
M6TWS,Available,Amateur Foundation Radio Licence,TWS
M6TWU,Available,Amateur Foundation Radio Licence,TWU
M6TWV,Available,Amateur Foundation Radio Licence,TWV
M6TWY,Available,Amateur Foundation Radio Licence,TWY
M6TXA,Available,Amateur Foundation Radio Licence,TXA
M6TXE,Available,Amateur Foundation Radio Licence,TXE
M6TXG,Available,Amateur Foundation Radio Licence,TXG
M6TXL,Available,Amateur Foundation Radio Licence,TXL
M6TXM,Available,Amateur Foundation Radio Licence,TXM
M6TXN,Available,Amateur Foundation Radio Licence,TXN
M6TXO,Available,Amateur Foundation Radio Licence,TXO
M6TXQ,Available,Amateur Foundation Radio Licence,TXQ
M6TXR,Available,Amateur Foundation Radio Licence,TXR
M6TXW,Available,Amateur Foundation Radio Licence,TXW
M6TXX,Available,Amateur Foundation Radio Licence,TXX
M6TXY,Available,Amateur Foundation Radio Licence,TXY
M6TXZ,Available,Amateur Foundation Radio Licence,TXZ
M6TYD,Available,Amateur Foundation Radio Licence,TYD
M6TYH,Available,Amateur Foundation Radio Licence,TYH
M6TYI,Available,Amateur Foundation Radio Licence,TYI
M6TYJ,Available,Amateur Foundation Radio Licence,TYJ
M6TYQ,Available,Amateur Foundation Radio Licence,TYQ
M6TYT,Available,Amateur Foundation Radio Licence,TYT
M6TYU,Available,Amateur Foundation Radio Licence,TYU
M6TYV,Available,Amateur Foundation Radio Licence,TYV
M6TYW,Available,Amateur Foundation Radio Licence,TYW
M6TYX,Available,Amateur Foundation Radio Licence,TYX
M6TYY,Available,Amateur Foundation Radio Licence,TYY
M6TYZ,Available,Amateur Foundation Radio Licence,TYZ
M6TZB,Available,Amateur Foundation Radio Licence,TZB
M6TZC,Available,Amateur Foundation Radio Licence,TZC
M6TZD,Available,Amateur Foundation Radio Licence,TZD
M6TZF,Available,Amateur Foundation Radio Licence,TZF
M6TZG,Available,Amateur Foundation Radio Licence,TZG
M6TZH,Available,Amateur Foundation Radio Licence,TZH
M6TZI,Available,Amateur Foundation Radio Licence,TZI
M6TZJ,Available,Amateur Foundation Radio Licence,TZJ
M6TZK,Available,Amateur Foundation Radio Licence,TZK
M6TZL,Available,Amateur Foundation Radio Licence,TZL
M6TZN,Available,Amateur Foundation Radio Licence,TZN
M6TZQ,Available,Amateur Foundation Radio Licence,TZQ
M6TZS,Available,Amateur Foundation Radio Licence,TZS
M6TZT,Available,Amateur Foundation Radio Licence,TZT
M6TZU,Available,Amateur Foundation Radio Licence,TZU
M6TZV,Available,Amateur Foundation Radio Licence,TZV
M6TZW,Available,Amateur Foundation Radio Licence,TZW
M6TZX,Available,Amateur Foundation Radio Licence,TZX
M6UAD,Available,Amateur Foundation Radio Licence,UAD
M6UAG,Available,Amateur Foundation Radio Licence,UAG
M6UAH,Available,Amateur Foundation Radio Licence,UAH
M6UAI,Available,Amateur Foundation Radio Licence,UAI
M6UAK,Available,Amateur Foundation Radio Licence,UAK
M6UAL,Available,Amateur Foundation Radio Licence,UAL
M6UAN,Available,Amateur Foundation Radio Licence,UAN
M6UAO,Available,Amateur Foundation Radio Licence,UAO
M6UAT,Available,Amateur Foundation Radio Licence,UAT
M6UAU,Available,Amateur Foundation Radio Licence,UAU
M6UAW,Available,Amateur Foundation Radio Licence,UAW
M6UAY,Available,Amateur Foundation Radio Licence,UAY
M6UAZ,Available,Amateur Foundation Radio Licence,UAZ
M6UBA,Available,Amateur Foundation Radio Licence,UBA
M6UBB,Available,Amateur Foundation Radio Licence,UBB
M6UBC,Available,Amateur Foundation Radio Licence,UBC
M6UBD,Available,Amateur Foundation Radio Licence,UBD
M6UBE,Available,Amateur Foundation Radio Licence,UBE
M6UBF,Available,Amateur Foundation Radio Licence,UBF
M6UBG,Available,Amateur Foundation Radio Licence,UBG
M6UBH,Available,Amateur Foundation Radio Licence,UBH
M6UBK,Available,Amateur Foundation Radio Licence,UBK
M6UBL,Available,Amateur Foundation Radio Licence,UBL
M6UBM,Available,Amateur Foundation Radio Licence,UBM
M6UBN,Available,Amateur Foundation Radio Licence,UBN
M6UBO,Available,Amateur Foundation Radio Licence,UBO
M6UBP,Available,Amateur Foundation Radio Licence,UBP
M6UBQ,Available,Amateur Foundation Radio Licence,UBQ
M6UBR,Available,Amateur Foundation Radio Licence,UBR
M6UBU,Available,Amateur Foundation Radio Licence,UBU
M6UBV,Available,Amateur Foundation Radio Licence,UBV
M6UBW,Available,Amateur Foundation Radio Licence,UBW
M6UBX,Available,Amateur Foundation Radio Licence,UBX
M6UBY,Available,Amateur Foundation Radio Licence,UBY
M6UBZ,Available,Amateur Foundation Radio Licence,UBZ
M6UCA,Available,Amateur Foundation Radio Licence,UCA
M6UCB,Available,Amateur Foundation Radio Licence,UCB
M6UCD,Available,Amateur Foundation Radio Licence,UCD
M6UCE,Available,Amateur Foundation Radio Licence,UCE
M6UCF,Available,Amateur Foundation Radio Licence,UCF
M6UCG,Available,Amateur Foundation Radio Licence,UCG
M6UCI,Available,Amateur Foundation Radio Licence,UCI
M6UCJ,Available,Amateur Foundation Radio Licence,UCJ
M6UCL,Available,Amateur Foundation Radio Licence,UCL
M6UCM,Available,Amateur Foundation Radio Licence,UCM
M6UCN,Available,Amateur Foundation Radio Licence,UCN
M6UCO,Available,Amateur Foundation Radio Licence,UCO
M6UCQ,Available,Amateur Foundation Radio Licence,UCQ
M6UCR,Available,Amateur Foundation Radio Licence,UCR
M6UCT,Available,Amateur Foundation Radio Licence,UCT
M6UCU,Available,Amateur Foundation Radio Licence,UCU
M6UCV,Available,Amateur Foundation Radio Licence,UCV
M6UCX,Available,Amateur Foundation Radio Licence,UCX
M6UCZ,Available,Amateur Foundation Radio Licence,UCZ
M6UDB,Available,Amateur Foundation Radio Licence,UDB
M6UDC,Available,Amateur Foundation Radio Licence,UDC
M6UDD,Available,Amateur Foundation Radio Licence,UDD
M6UDE,Available,Amateur Foundation Radio Licence,UDE
M6UDF,Available,Amateur Foundation Radio Licence,UDF
M6UDG,Available,Amateur Foundation Radio Licence,UDG
M6UDH,Available,Amateur Foundation Radio Licence,UDH
M6UDI,Available,Amateur Foundation Radio Licence,UDI
M6UDJ,Available,Amateur Foundation Radio Licence,UDJ
M6UDK,Available,Amateur Foundation Radio Licence,UDK
M6UDL,Available,Amateur Foundation Radio Licence,UDL
M6UDN,Available,Amateur Foundation Radio Licence,UDN
M6UDO,Available,Amateur Foundation Radio Licence,UDO
M6UDQ,Available,Amateur Foundation Radio Licence,UDQ
M6UDS,Available,Amateur Foundation Radio Licence,UDS
M6UDT,Available,Amateur Foundation Radio Licence,UDT
M6UDU,Available,Amateur Foundation Radio Licence,UDU
M6UDV,Available,Amateur Foundation Radio Licence,UDV
M6UDW,Available,Amateur Foundation Radio Licence,UDW
M6UEB,Available,Amateur Foundation Radio Licence,UEB
M6UEC,Available,Amateur Foundation Radio Licence,UEC
M6UEE,Available,Amateur Foundation Radio Licence,UEE
M6UEF,Available,Amateur Foundation Radio Licence,UEF
M6UEG,Available,Amateur Foundation Radio Licence,UEG
M6UEI,Available,Amateur Foundation Radio Licence,UEI
M6UEJ,Available,Amateur Foundation Radio Licence,UEJ
M6UEK,Available,Amateur Foundation Radio Licence,UEK
M6UEL,Available,Amateur Foundation Radio Licence,UEL
M6UEM,Available,Amateur Foundation Radio Licence,UEM
M6UEO,Available,Amateur Foundation Radio Licence,UEO
M6UEP,Available,Amateur Foundation Radio Licence,UEP
M6UEQ,Available,Amateur Foundation Radio Licence,UEQ
M6UER,Available,Amateur Foundation Radio Licence,UER
M6UET,Available,Amateur Foundation Radio Licence,UET
M6UEU,Available,Amateur Foundation Radio Licence,UEU
M6UEV,Available,Amateur Foundation Radio Licence,UEV
M6UEW,Available,Amateur Foundation Radio Licence,UEW
M6UEX,Available,Amateur Foundation Radio Licence,UEX
M6UEY,Available,Amateur Foundation Radio Licence,UEY
M6UEZ,Available,Amateur Foundation Radio Licence,UEZ
M6UFA,Available,Amateur Foundation Radio Licence,UFA
M6UFB,Available,Amateur Foundation Radio Licence,UFB
M6UFD,Available,Amateur Foundation Radio Licence,UFD
M6UFE,Available,Amateur Foundation Radio Licence,UFE
M6UFF,Available,Amateur Foundation Radio Licence,UFF
M6UFG,Available,Amateur Foundation Radio Licence,UFG
M6UFH,Available,Amateur Foundation Radio Licence,UFH
M6UFI,Available,Amateur Foundation Radio Licence,UFI
M6UFJ,Available,Amateur Foundation Radio Licence,UFJ
M6UFK,Available,Amateur Foundation Radio Licence,UFK
M6UFL,Available,Amateur Foundation Radio Licence,UFL
M6UFM,Available,Amateur Foundation Radio Licence,UFM
M6UFN,Available,Amateur Foundation Radio Licence,UFN
M6UFP,Available,Amateur Foundation Radio Licence,UFP
M6UFQ,Available,Amateur Foundation Radio Licence,UFQ
M6UFR,Available,Amateur Foundation Radio Licence,UFR
M6UFS,Available,Amateur Foundation Radio Licence,UFS
M6UFT,Available,Amateur Foundation Radio Licence,UFT
M6UFU,Available,Amateur Foundation Radio Licence,UFU
M6UFV,Available,Amateur Foundation Radio Licence,UFV
M6UFW,Available,Amateur Foundation Radio Licence,UFW
M6UFX,Available,Amateur Foundation Radio Licence,UFX
M6UFY,Available,Amateur Foundation Radio Licence,UFY
M6UFZ,Available,Amateur Foundation Radio Licence,UFZ
M6UGA,Available,Amateur Foundation Radio Licence,UGA
M6UGB,Available,Amateur Foundation Radio Licence,UGB
M6UGC,Available,Amateur Foundation Radio Licence,UGC
M6UGD,Available,Amateur Foundation Radio Licence,UGD
M6UGE,Available,Amateur Foundation Radio Licence,UGE
M6UGF,Available,Amateur Foundation Radio Licence,UGF
M6UGG,Available,Amateur Foundation Radio Licence,UGG
M6UGI,Available,Amateur Foundation Radio Licence,UGI
M6UGJ,Available,Amateur Foundation Radio Licence,UGJ
M6UGK,Available,Amateur Foundation Radio Licence,UGK
M6UGL,Available,Amateur Foundation Radio Licence,UGL
M6UGM,Available,Amateur Foundation Radio Licence,UGM
M6UGN,Available,Amateur Foundation Radio Licence,UGN
M6UGO,Available,Amateur Foundation Radio Licence,UGO
M6UGP,Available,Amateur Foundation Radio Licence,UGP
M6UGQ,Available,Amateur Foundation Radio Licence,UGQ
M6UGR,Available,Amateur Foundation Radio Licence,UGR
M6UGS,Available,Amateur Foundation Radio Licence,UGS
M6UGT,Available,Amateur Foundation Radio Licence,UGT
M6UGU,Available,Amateur Foundation Radio Licence,UGU
M6UGV,Available,Amateur Foundation Radio Licence,UGV
M6UGW,Available,Amateur Foundation Radio Licence,UGW
M6UGY,Available,Amateur Foundation Radio Licence,UGY
M6UGZ,Available,Amateur Foundation Radio Licence,UGZ
M6UHA,Available,Amateur Foundation Radio Licence,UHA
M6UHB,Available,Amateur Foundation Radio Licence,UHB
M6UHC,Available,Amateur Foundation Radio Licence,UHC
M6UHD,Available,Amateur Foundation Radio Licence,UHD
M6UHE,Available,Amateur Foundation Radio Licence,UHE
M6UHG,Available,Amateur Foundation Radio Licence,UHG
M6UHH,Available,Amateur Foundation Radio Licence,UHH
M6UHI,Available,Amateur Foundation Radio Licence,UHI
M6UHJ,Available,Amateur Foundation Radio Licence,UHJ
M6UHK,Available,Amateur Foundation Radio Licence,UHK
M6UHL,Available,Amateur Foundation Radio Licence,UHL
M6UHM,Available,Amateur Foundation Radio Licence,UHM
M6UHN,Available,Amateur Foundation Radio Licence,UHN
M6UHO,Available,Amateur Foundation Radio Licence,UHO
M6UHP,Available,Amateur Foundation Radio Licence,UHP
M6UHQ,Available,Amateur Foundation Radio Licence,UHQ
M6UHR,Available,Amateur Foundation Radio Licence,UHR
M6UHS,Available,Amateur Foundation Radio Licence,UHS
M6UHT,Available,Amateur Foundation Radio Licence,UHT
M6UHV,Available,Amateur Foundation Radio Licence,UHV
M6UHW,Available,Amateur Foundation Radio Licence,UHW
M6UHX,Available,Amateur Foundation Radio Licence,UHX
M6UHY,Available,Amateur Foundation Radio Licence,UHY
M6UHZ,Available,Amateur Foundation Radio Licence,UHZ
M6UIA,Available,Amateur Foundation Radio Licence,UIA
M6UIB,Available,Amateur Foundation Radio Licence,UIB
M6UIC,Available,Amateur Foundation Radio Licence,UIC
M6UID,Available,Amateur Foundation Radio Licence,UID
M6UIE,Available,Amateur Foundation Radio Licence,UIE
M6UIF,Available,Amateur Foundation Radio Licence,UIF
M6UIG,Available,Amateur Foundation Radio Licence,UIG
M6UIH,Available,Amateur Foundation Radio Licence,UIH
M6UII,Available,Amateur Foundation Radio Licence,UII
M6UIJ,Available,Amateur Foundation Radio Licence,UIJ
M6UIK,Available,Amateur Foundation Radio Licence,UIK
M6UIL,Available,Amateur Foundation Radio Licence,UIL
M6UIN,Available,Amateur Foundation Radio Licence,UIN
M6UIO,Available,Amateur Foundation Radio Licence,UIO
M6UIP,Available,Amateur Foundation Radio Licence,UIP
M6UIQ,Available,Amateur Foundation Radio Licence,UIQ
M6UIS,Available,Amateur Foundation Radio Licence,UIS
M6UIT,Available,Amateur Foundation Radio Licence,UIT
M6UIU,Available,Amateur Foundation Radio Licence,UIU
M6UIV,Available,Amateur Foundation Radio Licence,UIV
M6UIW,Available,Amateur Foundation Radio Licence,UIW
M6UIX,Available,Amateur Foundation Radio Licence,UIX
M6UIY,Available,Amateur Foundation Radio Licence,UIY
M6UIZ,Available,Amateur Foundation Radio Licence,UIZ
M6UJA,Available,Amateur Foundation Radio Licence,UJA
M6UJB,Available,Amateur Foundation Radio Licence,UJB
M6UJC,Available,Amateur Foundation Radio Licence,UJC
M6UJD,Available,Amateur Foundation Radio Licence,UJD
M6UJE,Available,Amateur Foundation Radio Licence,UJE
M6UJF,Available,Amateur Foundation Radio Licence,UJF
M6UJG,Available,Amateur Foundation Radio Licence,UJG
M6UJH,Available,Amateur Foundation Radio Licence,UJH
M6UJJ,Available,Amateur Foundation Radio Licence,UJJ
M6UJK,Available,Amateur Foundation Radio Licence,UJK
M6UJL,Available,Amateur Foundation Radio Licence,UJL
M6UJN,Available,Amateur Foundation Radio Licence,UJN
M6UJO,Available,Amateur Foundation Radio Licence,UJO
M6UJP,Available,Amateur Foundation Radio Licence,UJP
M6UJQ,Available,Amateur Foundation Radio Licence,UJQ
M6UJR,Available,Amateur Foundation Radio Licence,UJR
M6UJS,Available,Amateur Foundation Radio Licence,UJS
M6UJT,Available,Amateur Foundation Radio Licence,UJT
M6UJU,Available,Amateur Foundation Radio Licence,UJU
M6UJV,Available,Amateur Foundation Radio Licence,UJV
M6UJW,Available,Amateur Foundation Radio Licence,UJW
M6UJX,Available,Amateur Foundation Radio Licence,UJX
M6UJY,Available,Amateur Foundation Radio Licence,UJY
M6UJZ,Available,Amateur Foundation Radio Licence,UJZ
M6UKB,Available,Amateur Foundation Radio Licence,UKB
M6UKF,Available,Amateur Foundation Radio Licence,UKF
M6UKG,Available,Amateur Foundation Radio Licence,UKG
M6UKH,Available,Amateur Foundation Radio Licence,UKH
M6UKJ,Available,Amateur Foundation Radio Licence,UKJ
M6UKK,Available,Amateur Foundation Radio Licence,UKK
M6UKL,Available,Amateur Foundation Radio Licence,UKL
M6UKN,Available,Amateur Foundation Radio Licence,UKN
M6UKO,Available,Amateur Foundation Radio Licence,UKO
M6UKP,Available,Amateur Foundation Radio Licence,UKP
M6UKQ,Available,Amateur Foundation Radio Licence,UKQ
M6UKS,Available,Amateur Foundation Radio Licence,UKS
M6UKT,Available,Amateur Foundation Radio Licence,UKT
M6UKU,Available,Amateur Foundation Radio Licence,UKU
M6UKW,Available,Amateur Foundation Radio Licence,UKW
M6UKX,Available,Amateur Foundation Radio Licence,UKX
M6UKZ,Available,Amateur Foundation Radio Licence,UKZ
M6ULB,Available,Amateur Foundation Radio Licence,ULB
M6ULC,Available,Amateur Foundation Radio Licence,ULC
M6ULD,Available,Amateur Foundation Radio Licence,ULD
M6ULE,Available,Amateur Foundation Radio Licence,ULE
M6ULG,Available,Amateur Foundation Radio Licence,ULG
M6ULH,Available,Amateur Foundation Radio Licence,ULH
M6ULI,Available,Amateur Foundation Radio Licence,ULI
M6ULJ,Available,Amateur Foundation Radio Licence,ULJ
M6ULK,Available,Amateur Foundation Radio Licence,ULK
M6ULM,Available,Amateur Foundation Radio Licence,ULM
M6ULN,Available,Amateur Foundation Radio Licence,ULN
M6ULO,Available,Amateur Foundation Radio Licence,ULO
M6ULQ,Available,Amateur Foundation Radio Licence,ULQ
M6ULR,Available,Amateur Foundation Radio Licence,ULR
M6ULS,Available,Amateur Foundation Radio Licence,ULS
M6ULT,Available,Amateur Foundation Radio Licence,ULT
M6ULU,Available,Amateur Foundation Radio Licence,ULU
M6ULV,Available,Amateur Foundation Radio Licence,ULV
M6ULW,Available,Amateur Foundation Radio Licence,ULW
M6ULY,Available,Amateur Foundation Radio Licence,ULY
M6UMB,Available,Amateur Foundation Radio Licence,UMB
M6UMD,Available,Amateur Foundation Radio Licence,UMD
M6UME,Available,Amateur Foundation Radio Licence,UME
M6UMG,Available,Amateur Foundation Radio Licence,UMG
M6UMI,Available,Amateur Foundation Radio Licence,UMI
M6UMJ,Available,Amateur Foundation Radio Licence,UMJ
M6UMK,Available,Amateur Foundation Radio Licence,UMK
M6UML,Available,Amateur Foundation Radio Licence,UML
M6UMN,Available,Amateur Foundation Radio Licence,UMN
M6UMO,Available,Amateur Foundation Radio Licence,UMO
M6UMP,Available,Amateur Foundation Radio Licence,UMP
M6UMQ,Available,Amateur Foundation Radio Licence,UMQ
M6UMR,Available,Amateur Foundation Radio Licence,UMR
M6UMS,Available,Amateur Foundation Radio Licence,UMS
M6UMT,Available,Amateur Foundation Radio Licence,UMT
M6UMU,Available,Amateur Foundation Radio Licence,UMU
M6UMV,Available,Amateur Foundation Radio Licence,UMV
M6UMW,Available,Amateur Foundation Radio Licence,UMW
M6UMX,Available,Amateur Foundation Radio Licence,UMX
M6UMY,Available,Amateur Foundation Radio Licence,UMY
M6UMZ,Available,Amateur Foundation Radio Licence,UMZ
M6UNB,Available,Amateur Foundation Radio Licence,UNB
M6UNC,Available,Amateur Foundation Radio Licence,UNC
M6UND,Available,Amateur Foundation Radio Licence,UND
M6UNE,Available,Amateur Foundation Radio Licence,UNE
M6UNF,Available,Amateur Foundation Radio Licence,UNF
M6UNG,Available,Amateur Foundation Radio Licence,UNG
M6UNH,Available,Amateur Foundation Radio Licence,UNH
M6UNJ,Available,Amateur Foundation Radio Licence,UNJ
M6UNK,Available,Amateur Foundation Radio Licence,UNK
M6UNL,Available,Amateur Foundation Radio Licence,UNL
M6UNM,Available,Amateur Foundation Radio Licence,UNM
M6UNN,Available,Amateur Foundation Radio Licence,UNN
M6UNP,Available,Amateur Foundation Radio Licence,UNP
M6UNQ,Available,Amateur Foundation Radio Licence,UNQ
M6UNR,Available,Amateur Foundation Radio Licence,UNR
M6UNT,Available,Amateur Foundation Radio Licence,UNT
M6UNU,Available,Amateur Foundation Radio Licence,UNU
M6UNV,Available,Amateur Foundation Radio Licence,UNV
M6UNW,Available,Amateur Foundation Radio Licence,UNW
M6UNX,Available,Amateur Foundation Radio Licence,UNX
M6UNY,Available,Amateur Foundation Radio Licence,UNY
M6UNZ,Available,Amateur Foundation Radio Licence,UNZ
M6UOA,Available,Amateur Foundation Radio Licence,UOA
M6UOB,Available,Amateur Foundation Radio Licence,UOB
M6UOC,Available,Amateur Foundation Radio Licence,UOC
M6UOD,Available,Amateur Foundation Radio Licence,UOD
M6UOE,Available,Amateur Foundation Radio Licence,UOE
M6UOF,Available,Amateur Foundation Radio Licence,UOF
M6UOG,Available,Amateur Foundation Radio Licence,UOG
M6UOH,Available,Amateur Foundation Radio Licence,UOH
M6UOI,Available,Amateur Foundation Radio Licence,UOI
M6UOJ,Available,Amateur Foundation Radio Licence,UOJ
M6UOL,Available,Amateur Foundation Radio Licence,UOL
M6UOM,Available,Amateur Foundation Radio Licence,UOM
M6UON,Available,Amateur Foundation Radio Licence,UON
M6UOO,Available,Amateur Foundation Radio Licence,UOO
M6UOP,Available,Amateur Foundation Radio Licence,UOP
M6UOQ,Available,Amateur Foundation Radio Licence,UOQ
M6UOR,Available,Amateur Foundation Radio Licence,UOR
M6UOT,Available,Amateur Foundation Radio Licence,UOT
M6UOU,Available,Amateur Foundation Radio Licence,UOU
M6UOV,Available,Amateur Foundation Radio Licence,UOV
M6UOW,Available,Amateur Foundation Radio Licence,UOW
M6UOX,Available,Amateur Foundation Radio Licence,UOX
M6UOY,Available,Amateur Foundation Radio Licence,UOY
M6UOZ,Available,Amateur Foundation Radio Licence,UOZ
M6UPA,Available,Amateur Foundation Radio Licence,UPA
M6UPB,Available,Amateur Foundation Radio Licence,UPB
M6UPC,Available,Amateur Foundation Radio Licence,UPC
M6UPD,Available,Amateur Foundation Radio Licence,UPD
M6UPF,Available,Amateur Foundation Radio Licence,UPF
M6UPG,Available,Amateur Foundation Radio Licence,UPG
M6UPI,Available,Amateur Foundation Radio Licence,UPI
M6UPJ,Available,Amateur Foundation Radio Licence,UPJ
M6UPK,Available,Amateur Foundation Radio Licence,UPK
M6UPL,Available,Amateur Foundation Radio Licence,UPL
M6UPM,Available,Amateur Foundation Radio Licence,UPM
M6UPN,Available,Amateur Foundation Radio Licence,UPN
M6UPO,Available,Amateur Foundation Radio Licence,UPO
M6UPP,Available,Amateur Foundation Radio Licence,UPP
M6UPQ,Available,Amateur Foundation Radio Licence,UPQ
M6UPR,Available,Amateur Foundation Radio Licence,UPR
M6UPT,Available,Amateur Foundation Radio Licence,UPT
M6UPV,Available,Amateur Foundation Radio Licence,UPV
M6UPW,Available,Amateur Foundation Radio Licence,UPW
M6UPX,Available,Amateur Foundation Radio Licence,UPX
M6UPY,Available,Amateur Foundation Radio Licence,UPY
M6UPZ,Available,Amateur Foundation Radio Licence,UPZ
M6UQA,Available,Amateur Foundation Radio Licence,UQA
M6UQB,Available,Amateur Foundation Radio Licence,UQB
M6UQC,Available,Amateur Foundation Radio Licence,UQC
M6UQD,Available,Amateur Foundation Radio Licence,UQD
M6UQE,Available,Amateur Foundation Radio Licence,UQE
M6UQF,Available,Amateur Foundation Radio Licence,UQF
M6UQG,Available,Amateur Foundation Radio Licence,UQG
M6UQH,Available,Amateur Foundation Radio Licence,UQH
M6UQI,Available,Amateur Foundation Radio Licence,UQI
M6UQJ,Available,Amateur Foundation Radio Licence,UQJ
M6UQK,Available,Amateur Foundation Radio Licence,UQK
M6UQL,Available,Amateur Foundation Radio Licence,UQL
M6UQM,Available,Amateur Foundation Radio Licence,UQM
M6UQN,Available,Amateur Foundation Radio Licence,UQN
M6UQO,Available,Amateur Foundation Radio Licence,UQO
M6UQP,Available,Amateur Foundation Radio Licence,UQP
M6UQQ,Available,Amateur Foundation Radio Licence,UQQ
M6UQR,Available,Amateur Foundation Radio Licence,UQR
M6UQS,Available,Amateur Foundation Radio Licence,UQS
M6UQT,Available,Amateur Foundation Radio Licence,UQT
M6UQU,Available,Amateur Foundation Radio Licence,UQU
M6UQV,Available,Amateur Foundation Radio Licence,UQV
M6UQW,Available,Amateur Foundation Radio Licence,UQW
M6UQX,Available,Amateur Foundation Radio Licence,UQX
M6UQY,Available,Amateur Foundation Radio Licence,UQY
M6UQZ,Available,Amateur Foundation Radio Licence,UQZ
M6URA,Available,Amateur Foundation Radio Licence,URA
M6URD,Available,Amateur Foundation Radio Licence,URD
M6URE,Available,Amateur Foundation Radio Licence,URE
M6URH,Available,Amateur Foundation Radio Licence,URH
M6URI,Available,Amateur Foundation Radio Licence,URI
M6URJ,Available,Amateur Foundation Radio Licence,URJ
M6URK,Available,Amateur Foundation Radio Licence,URK
M6URM,Available,Amateur Foundation Radio Licence,URM
M6URO,Available,Amateur Foundation Radio Licence,URO
M6URP,Available,Amateur Foundation Radio Licence,URP
M6URQ,Available,Amateur Foundation Radio Licence,URQ
M6URT,Available,Amateur Foundation Radio Licence,URT
M6URV,Available,Amateur Foundation Radio Licence,URV
M6URW,Available,Amateur Foundation Radio Licence,URW
M6URY,Available,Amateur Foundation Radio Licence,URY
M6USC,Available,Amateur Foundation Radio Licence,USC
M6USF,Available,Amateur Foundation Radio Licence,USF
M6USH,Available,Amateur Foundation Radio Licence,USH
M6USI,Available,Amateur Foundation Radio Licence,USI
M6USJ,Available,Amateur Foundation Radio Licence,USJ
M6USL,Available,Amateur Foundation Radio Licence,USL
M6USN,Available,Amateur Foundation Radio Licence,USN
M6USO,Available,Amateur Foundation Radio Licence,USO
M6USQ,Available,Amateur Foundation Radio Licence,USQ
M6USR,Available,Amateur Foundation Radio Licence,USR
M6USS,Available,Amateur Foundation Radio Licence,USS
M6UST,Available,Amateur Foundation Radio Licence,UST
M6USU,Available,Amateur Foundation Radio Licence,USU
M6USW,Available,Amateur Foundation Radio Licence,USW
M6USX,Available,Amateur Foundation Radio Licence,USX
M6USY,Available,Amateur Foundation Radio Licence,USY
M6USZ,Available,Amateur Foundation Radio Licence,USZ
M6UTE,Available,Amateur Foundation Radio Licence,UTE
M6UTF,Available,Amateur Foundation Radio Licence,UTF
M6UTG,Available,Amateur Foundation Radio Licence,UTG
M6UTH,Available,Amateur Foundation Radio Licence,UTH
M6UTJ,Available,Amateur Foundation Radio Licence,UTJ
M6UTK,Available,Amateur Foundation Radio Licence,UTK
M6UTL,Available,Amateur Foundation Radio Licence,UTL
M6UTN,Available,Amateur Foundation Radio Licence,UTN
M6UTO,Available,Amateur Foundation Radio Licence,UTO
M6UTQ,Available,Amateur Foundation Radio Licence,UTQ
M6UTR,Available,Amateur Foundation Radio Licence,UTR
M6UTS,Available,Amateur Foundation Radio Licence,UTS
M6UTT,Available,Amateur Foundation Radio Licence,UTT
M6UTU,Available,Amateur Foundation Radio Licence,UTU
M6UTW,Available,Amateur Foundation Radio Licence,UTW
M6UTX,Available,Amateur Foundation Radio Licence,UTX
M6UTY,Available,Amateur Foundation Radio Licence,UTY
M6UTZ,Available,Amateur Foundation Radio Licence,UTZ
M6UUA,Available,Amateur Foundation Radio Licence,UUA
M6UUB,Available,Amateur Foundation Radio Licence,UUB
M6UUC,Available,Amateur Foundation Radio Licence,UUC
M6UUD,Available,Amateur Foundation Radio Licence,UUD
M6UUE,Available,Amateur Foundation Radio Licence,UUE
M6UUF,Available,Amateur Foundation Radio Licence,UUF
M6UUG,Available,Amateur Foundation Radio Licence,UUG
M6UUH,Available,Amateur Foundation Radio Licence,UUH
M6UUI,Available,Amateur Foundation Radio Licence,UUI
M6UUK,Available,Amateur Foundation Radio Licence,UUK
M6UUL,Available,Amateur Foundation Radio Licence,UUL
M6UUM,Available,Amateur Foundation Radio Licence,UUM
M6UUN,Available,Amateur Foundation Radio Licence,UUN
M6UUO,Available,Amateur Foundation Radio Licence,UUO
M6UUP,Available,Amateur Foundation Radio Licence,UUP
M6UUQ,Available,Amateur Foundation Radio Licence,UUQ
M6UUR,Available,Amateur Foundation Radio Licence,UUR
M6UUS,Available,Amateur Foundation Radio Licence,UUS
M6UUT,Available,Amateur Foundation Radio Licence,UUT
M6UUV,Available,Amateur Foundation Radio Licence,UUV
M6UUW,Available,Amateur Foundation Radio Licence,UUW
M6UUX,Available,Amateur Foundation Radio Licence,UUX
M6UUY,Available,Amateur Foundation Radio Licence,UUY
M6UUZ,Available,Amateur Foundation Radio Licence,UUZ
M6UVA,Available,Amateur Foundation Radio Licence,UVA
M6UVC,Available,Amateur Foundation Radio Licence,UVC
M6UVD,Available,Amateur Foundation Radio Licence,UVD
M6UVE,Available,Amateur Foundation Radio Licence,UVE
M6UVG,Available,Amateur Foundation Radio Licence,UVG
M6UVH,Available,Amateur Foundation Radio Licence,UVH
M6UVI,Available,Amateur Foundation Radio Licence,UVI
M6UVJ,Available,Amateur Foundation Radio Licence,UVJ
M6UVK,Available,Amateur Foundation Radio Licence,UVK
M6UVL,Available,Amateur Foundation Radio Licence,UVL
M6UVM,Available,Amateur Foundation Radio Licence,UVM
M6UVN,Available,Amateur Foundation Radio Licence,UVN
M6UVO,Available,Amateur Foundation Radio Licence,UVO
M6UVP,Available,Amateur Foundation Radio Licence,UVP
M6UVQ,Available,Amateur Foundation Radio Licence,UVQ
M6UVS,Available,Amateur Foundation Radio Licence,UVS
M6UVT,Available,Amateur Foundation Radio Licence,UVT
M6UVU,Available,Amateur Foundation Radio Licence,UVU
M6UVV,Available,Amateur Foundation Radio Licence,UVV
M6UVW,Available,Amateur Foundation Radio Licence,UVW
M6UVX,Available,Amateur Foundation Radio Licence,UVX
M6UVY,Available,Amateur Foundation Radio Licence,UVY
M6UVZ,Available,Amateur Foundation Radio Licence,UVZ
M6UWA,Available,Amateur Foundation Radio Licence,UWA
M6UWB,Available,Amateur Foundation Radio Licence,UWB
M6UWC,Available,Amateur Foundation Radio Licence,UWC
M6UWD,Available,Amateur Foundation Radio Licence,UWD
M6UWE,Available,Amateur Foundation Radio Licence,UWE
M6UWF,Available,Amateur Foundation Radio Licence,UWF
M6UWG,Available,Amateur Foundation Radio Licence,UWG
M6UWH,Available,Amateur Foundation Radio Licence,UWH
M6UWI,Available,Amateur Foundation Radio Licence,UWI
M6UWJ,Available,Amateur Foundation Radio Licence,UWJ
M6UWL,Available,Amateur Foundation Radio Licence,UWL
M6UWM,Available,Amateur Foundation Radio Licence,UWM
M6UWN,Available,Amateur Foundation Radio Licence,UWN
M6UWO,Available,Amateur Foundation Radio Licence,UWO
M6UWP,Available,Amateur Foundation Radio Licence,UWP
M6UWQ,Available,Amateur Foundation Radio Licence,UWQ
M6UWR,Available,Amateur Foundation Radio Licence,UWR
M6UWT,Available,Amateur Foundation Radio Licence,UWT
M6UWU,Available,Amateur Foundation Radio Licence,UWU
M6UWV,Available,Amateur Foundation Radio Licence,UWV
M6UWW,Available,Amateur Foundation Radio Licence,UWW
M6UWX,Available,Amateur Foundation Radio Licence,UWX
M6UWY,Available,Amateur Foundation Radio Licence,UWY
M6UWZ,Available,Amateur Foundation Radio Licence,UWZ
M6UXA,Available,Amateur Foundation Radio Licence,UXA
M6UXC,Available,Amateur Foundation Radio Licence,UXC
M6UXD,Available,Amateur Foundation Radio Licence,UXD
M6UXE,Available,Amateur Foundation Radio Licence,UXE
M6UXF,Available,Amateur Foundation Radio Licence,UXF
M6UXG,Available,Amateur Foundation Radio Licence,UXG
M6UXI,Available,Amateur Foundation Radio Licence,UXI
M6UXJ,Available,Amateur Foundation Radio Licence,UXJ
M6UXK,Available,Amateur Foundation Radio Licence,UXK
M6UXL,Available,Amateur Foundation Radio Licence,UXL
M6UXM,Available,Amateur Foundation Radio Licence,UXM
M6UXN,Available,Amateur Foundation Radio Licence,UXN
M6UXO,Available,Amateur Foundation Radio Licence,UXO
M6UXP,Available,Amateur Foundation Radio Licence,UXP
M6UXQ,Available,Amateur Foundation Radio Licence,UXQ
M6UXR,Available,Amateur Foundation Radio Licence,UXR
M6UXS,Available,Amateur Foundation Radio Licence,UXS
M6UXT,Available,Amateur Foundation Radio Licence,UXT
M6UXU,Available,Amateur Foundation Radio Licence,UXU
M6UXV,Available,Amateur Foundation Radio Licence,UXV
M6UXX,Available,Amateur Foundation Radio Licence,UXX
M6UXY,Available,Amateur Foundation Radio Licence,UXY
M6UXZ,Available,Amateur Foundation Radio Licence,UXZ
M6UYA,Available,Amateur Foundation Radio Licence,UYA
M6UYB,Available,Amateur Foundation Radio Licence,UYB
M6UYC,Available,Amateur Foundation Radio Licence,UYC
M6UYD,Available,Amateur Foundation Radio Licence,UYD
M6UYE,Available,Amateur Foundation Radio Licence,UYE
M6UYF,Available,Amateur Foundation Radio Licence,UYF
M6UYG,Available,Amateur Foundation Radio Licence,UYG
M6UYH,Available,Amateur Foundation Radio Licence,UYH
M6UYI,Available,Amateur Foundation Radio Licence,UYI
M6UYJ,Available,Amateur Foundation Radio Licence,UYJ
M6UYK,Available,Amateur Foundation Radio Licence,UYK
M6UYL,Available,Amateur Foundation Radio Licence,UYL
M6UYM,Available,Amateur Foundation Radio Licence,UYM
M6UYN,Available,Amateur Foundation Radio Licence,UYN
M6UYO,Available,Amateur Foundation Radio Licence,UYO
M6UYP,Available,Amateur Foundation Radio Licence,UYP
M6UYQ,Available,Amateur Foundation Radio Licence,UYQ
M6UYR,Available,Amateur Foundation Radio Licence,UYR
M6UYS,Available,Amateur Foundation Radio Licence,UYS
M6UYT,Available,Amateur Foundation Radio Licence,UYT
M6UYU,Available,Amateur Foundation Radio Licence,UYU
M6UYV,Available,Amateur Foundation Radio Licence,UYV
M6UYW,Available,Amateur Foundation Radio Licence,UYW
M6UYX,Available,Amateur Foundation Radio Licence,UYX
M6UYY,Available,Amateur Foundation Radio Licence,UYY
M6UYZ,Available,Amateur Foundation Radio Licence,UYZ
M6UZA,Available,Amateur Foundation Radio Licence,UZA
M6UZB,Available,Amateur Foundation Radio Licence,UZB
M6UZC,Available,Amateur Foundation Radio Licence,UZC
M6UZD,Available,Amateur Foundation Radio Licence,UZD
M6UZE,Available,Amateur Foundation Radio Licence,UZE
M6UZF,Available,Amateur Foundation Radio Licence,UZF
M6UZG,Available,Amateur Foundation Radio Licence,UZG
M6UZI,Available,Amateur Foundation Radio Licence,UZI
M6UZJ,Available,Amateur Foundation Radio Licence,UZJ
M6UZL,Available,Amateur Foundation Radio Licence,UZL
M6UZM,Available,Amateur Foundation Radio Licence,UZM
M6UZN,Available,Amateur Foundation Radio Licence,UZN
M6UZO,Available,Amateur Foundation Radio Licence,UZO
M6UZP,Available,Amateur Foundation Radio Licence,UZP
M6UZQ,Available,Amateur Foundation Radio Licence,UZQ
M6UZR,Available,Amateur Foundation Radio Licence,UZR
M6UZS,Available,Amateur Foundation Radio Licence,UZS
M6UZT,Available,Amateur Foundation Radio Licence,UZT
M6UZU,Available,Amateur Foundation Radio Licence,UZU
M6UZV,Available,Amateur Foundation Radio Licence,UZV
M6UZW,Available,Amateur Foundation Radio Licence,UZW
M6UZX,Available,Amateur Foundation Radio Licence,UZX
M6UZY,Available,Amateur Foundation Radio Licence,UZY
M6VAH,Available,Amateur Foundation Radio Licence,VAH
M6VAI,Available,Amateur Foundation Radio Licence,VAI
M6VAP,Available,Amateur Foundation Radio Licence,VAP
M6VAQ,Available,Amateur Foundation Radio Licence,VAQ
M6VAW,Available,Amateur Foundation Radio Licence,VAW
M6VAX,Available,Amateur Foundation Radio Licence,VAX
M6VAY,Available,Amateur Foundation Radio Licence,VAY
M6VAZ,Available,Amateur Foundation Radio Licence,VAZ
M6VBB,Available,Amateur Foundation Radio Licence,VBB
M6VBC,Available,Amateur Foundation Radio Licence,VBC
M6VBE,Available,Amateur Foundation Radio Licence,VBE
M6VBH,Available,Amateur Foundation Radio Licence,VBH
M6VBI,Available,Amateur Foundation Radio Licence,VBI
M6VBK,Available,Amateur Foundation Radio Licence,VBK
M6VBL,Available,Amateur Foundation Radio Licence,VBL
M6VBN,Available,Amateur Foundation Radio Licence,VBN
M6VBO,Available,Amateur Foundation Radio Licence,VBO
M6VBQ,Available,Amateur Foundation Radio Licence,VBQ
M6VBS,Available,Amateur Foundation Radio Licence,VBS
M6VBT,Available,Amateur Foundation Radio Licence,VBT
M6VBU,Available,Amateur Foundation Radio Licence,VBU
M6VBV,Available,Amateur Foundation Radio Licence,VBV
M6VBW,Available,Amateur Foundation Radio Licence,VBW
M6VBY,Available,Amateur Foundation Radio Licence,VBY
M6VBZ,Available,Amateur Foundation Radio Licence,VBZ
M6VCF,Available,Amateur Foundation Radio Licence,VCF
M6VCG,Available,Amateur Foundation Radio Licence,VCG
M6VCH,Available,Amateur Foundation Radio Licence,VCH
M6VCI,Available,Amateur Foundation Radio Licence,VCI
M6VCJ,Available,Amateur Foundation Radio Licence,VCJ
M6VCL,Available,Amateur Foundation Radio Licence,VCL
M6VCQ,Available,Amateur Foundation Radio Licence,VCQ
M6VCR,Available,Amateur Foundation Radio Licence,VCR
M6VCU,Available,Amateur Foundation Radio Licence,VCU
M6VCV,Available,Amateur Foundation Radio Licence,VCV
M6VCW,Available,Amateur Foundation Radio Licence,VCW
M6VCX,Available,Amateur Foundation Radio Licence,VCX
M6VCY,Available,Amateur Foundation Radio Licence,VCY
M6VCZ,Available,Amateur Foundation Radio Licence,VCZ
M6VDA,Available,Amateur Foundation Radio Licence,VDA
M6VDD,Available,Amateur Foundation Radio Licence,VDD
M6VDF,Available,Amateur Foundation Radio Licence,VDF
M6VDG,Available,Amateur Foundation Radio Licence,VDG
M6VDH,Available,Amateur Foundation Radio Licence,VDH
M6VDI,Available,Amateur Foundation Radio Licence,VDI
M6VDJ,Available,Amateur Foundation Radio Licence,VDJ
M6VDK,Available,Amateur Foundation Radio Licence,VDK
M6VDL,Available,Amateur Foundation Radio Licence,VDL
M6VDM,Available,Amateur Foundation Radio Licence,VDM
M6VDO,Available,Amateur Foundation Radio Licence,VDO
M6VDP,Available,Amateur Foundation Radio Licence,VDP
M6VDQ,Available,Amateur Foundation Radio Licence,VDQ
M6VDS,Available,Amateur Foundation Radio Licence,VDS
M6VDT,Available,Amateur Foundation Radio Licence,VDT
M6VDU,Available,Amateur Foundation Radio Licence,VDU
M6VDV,Available,Amateur Foundation Radio Licence,VDV
M6VDW,Available,Amateur Foundation Radio Licence,VDW
M6VDY,Available,Amateur Foundation Radio Licence,VDY
M6VDZ,Available,Amateur Foundation Radio Licence,VDZ
M6VEA,Available,Amateur Foundation Radio Licence,VEA
M6VED,Available,Amateur Foundation Radio Licence,VED
M6VEE,Available,Amateur Foundation Radio Licence,VEE
M6VEF,Available,Amateur Foundation Radio Licence,VEF
M6VEH,Available,Amateur Foundation Radio Licence,VEH
M6VEI,Available,Amateur Foundation Radio Licence,VEI
M6VEJ,Available,Amateur Foundation Radio Licence,VEJ
M6VEK,Available,Amateur Foundation Radio Licence,VEK
M6VEM,Available,Amateur Foundation Radio Licence,VEM
M6VEO,Available,Amateur Foundation Radio Licence,VEO
M6VEP,Available,Amateur Foundation Radio Licence,VEP
M6VEQ,Available,Amateur Foundation Radio Licence,VEQ
M6VES,Available,Amateur Foundation Radio Licence,VES
M6VEU,Available,Amateur Foundation Radio Licence,VEU
M6VEV,Available,Amateur Foundation Radio Licence,VEV
M6VEW,Available,Amateur Foundation Radio Licence,VEW
M6VEX,Available,Amateur Foundation Radio Licence,VEX
M6VEZ,Available,Amateur Foundation Radio Licence,VEZ
M6VFB,Available,Amateur Foundation Radio Licence,VFB
M6VFD,Available,Amateur Foundation Radio Licence,VFD
M6VFE,Available,Amateur Foundation Radio Licence,VFE
M6VFF,Available,Amateur Foundation Radio Licence,VFF
M6VFG,Available,Amateur Foundation Radio Licence,VFG
M6VFH,Available,Amateur Foundation Radio Licence,VFH
M6VFI,Available,Amateur Foundation Radio Licence,VFI
M6VFJ,Available,Amateur Foundation Radio Licence,VFJ
M6VFK,Available,Amateur Foundation Radio Licence,VFK
M6VFL,Available,Amateur Foundation Radio Licence,VFL
M6VFM,Available,Amateur Foundation Radio Licence,VFM
M6VFN,Available,Amateur Foundation Radio Licence,VFN
M6VFP,Available,Amateur Foundation Radio Licence,VFP
M6VFQ,Available,Amateur Foundation Radio Licence,VFQ
M6VFS,Available,Amateur Foundation Radio Licence,VFS
M6VFT,Available,Amateur Foundation Radio Licence,VFT
M6VFU,Available,Amateur Foundation Radio Licence,VFU
M6VFV,Available,Amateur Foundation Radio Licence,VFV
M6VFW,Available,Amateur Foundation Radio Licence,VFW
M6VFY,Available,Amateur Foundation Radio Licence,VFY
M6VFZ,Available,Amateur Foundation Radio Licence,VFZ
M6VGB,Available,Amateur Foundation Radio Licence,VGB
M6VGC,Available,Amateur Foundation Radio Licence,VGC
M6VGD,Available,Amateur Foundation Radio Licence,VGD
M6VGF,Available,Amateur Foundation Radio Licence,VGF
M6VGH,Available,Amateur Foundation Radio Licence,VGH
M6VGI,Available,Amateur Foundation Radio Licence,VGI
M6VGJ,Available,Amateur Foundation Radio Licence,VGJ
M6VGK,Available,Amateur Foundation Radio Licence,VGK
M6VGL,Available,Amateur Foundation Radio Licence,VGL
M6VGM,Available,Amateur Foundation Radio Licence,VGM
M6VGN,Available,Amateur Foundation Radio Licence,VGN
M6VGO,Available,Amateur Foundation Radio Licence,VGO
M6VGP,Available,Amateur Foundation Radio Licence,VGP
M6VGQ,Available,Amateur Foundation Radio Licence,VGQ
M6VGR,Available,Amateur Foundation Radio Licence,VGR
M6VGT,Available,Amateur Foundation Radio Licence,VGT
M6VGW,Available,Amateur Foundation Radio Licence,VGW
M6VGX,Available,Amateur Foundation Radio Licence,VGX
M6VGY,Available,Amateur Foundation Radio Licence,VGY
M6VGZ,Available,Amateur Foundation Radio Licence,VGZ
M6VHA,Available,Amateur Foundation Radio Licence,VHA
M6VHB,Available,Amateur Foundation Radio Licence,VHB
M6VHE,Available,Amateur Foundation Radio Licence,VHE
M6VHG,Available,Amateur Foundation Radio Licence,VHG
M6VHH,Available,Amateur Foundation Radio Licence,VHH
M6VHI,Available,Amateur Foundation Radio Licence,VHI
M6VHJ,Available,Amateur Foundation Radio Licence,VHJ
M6VHK,Available,Amateur Foundation Radio Licence,VHK
M6VHL,Available,Amateur Foundation Radio Licence,VHL
M6VHM,Available,Amateur Foundation Radio Licence,VHM
M6VHN,Available,Amateur Foundation Radio Licence,VHN
M6VHO,Available,Amateur Foundation Radio Licence,VHO
M6VHP,Available,Amateur Foundation Radio Licence,VHP
M6VHQ,Available,Amateur Foundation Radio Licence,VHQ
M6VHR,Available,Amateur Foundation Radio Licence,VHR
M6VHT,Available,Amateur Foundation Radio Licence,VHT
M6VHU,Available,Amateur Foundation Radio Licence,VHU
M6VHV,Available,Amateur Foundation Radio Licence,VHV
M6VHW,Available,Amateur Foundation Radio Licence,VHW
M6VHX,Available,Amateur Foundation Radio Licence,VHX
M6VHY,Available,Amateur Foundation Radio Licence,VHY
M6VIB,Available,Amateur Foundation Radio Licence,VIB
M6VIE,Available,Amateur Foundation Radio Licence,VIE
M6VIF,Available,Amateur Foundation Radio Licence,VIF
M6VIG,Available,Amateur Foundation Radio Licence,VIG
M6VIH,Available,Amateur Foundation Radio Licence,VIH
M6VIJ,Available,Amateur Foundation Radio Licence,VIJ
M6VIO,Available,Amateur Foundation Radio Licence,VIO
M6VIQ,Available,Amateur Foundation Radio Licence,VIQ
M6VIT,Available,Amateur Foundation Radio Licence,VIT
M6VIU,Available,Amateur Foundation Radio Licence,VIU
M6VIW,Available,Amateur Foundation Radio Licence,VIW
M6VIY,Available,Amateur Foundation Radio Licence,VIY
M6VJA,Available,Amateur Foundation Radio Licence,VJA
M6VJC,Available,Amateur Foundation Radio Licence,VJC
M6VJD,Available,Amateur Foundation Radio Licence,VJD
M6VJE,Available,Amateur Foundation Radio Licence,VJE
M6VJF,Available,Amateur Foundation Radio Licence,VJF
M6VJH,Available,Amateur Foundation Radio Licence,VJH
M6VJI,Available,Amateur Foundation Radio Licence,VJI
M6VJJ,Available,Amateur Foundation Radio Licence,VJJ
M6VJL,Available,Amateur Foundation Radio Licence,VJL
M6VJM,Available,Amateur Foundation Radio Licence,VJM
M6VJN,Available,Amateur Foundation Radio Licence,VJN
M6VJO,Available,Amateur Foundation Radio Licence,VJO
M6VJP,Available,Amateur Foundation Radio Licence,VJP
M6VJQ,Available,Amateur Foundation Radio Licence,VJQ
M6VJU,Available,Amateur Foundation Radio Licence,VJU
M6VJV,Available,Amateur Foundation Radio Licence,VJV
M6VJW,Available,Amateur Foundation Radio Licence,VJW
M6VJX,Available,Amateur Foundation Radio Licence,VJX
M6VJY,Available,Amateur Foundation Radio Licence,VJY
M6VJZ,Available,Amateur Foundation Radio Licence,VJZ
M6VKA,Available,Amateur Foundation Radio Licence,VKA
M6VKB,Available,Amateur Foundation Radio Licence,VKB
M6VKC,Available,Amateur Foundation Radio Licence,VKC
M6VKD,Available,Amateur Foundation Radio Licence,VKD
M6VKF,Available,Amateur Foundation Radio Licence,VKF
M6VKI,Available,Amateur Foundation Radio Licence,VKI
M6VKJ,Available,Amateur Foundation Radio Licence,VKJ
M6VKL,Available,Amateur Foundation Radio Licence,VKL
M6VKM,Available,Amateur Foundation Radio Licence,VKM
M6VKP,Available,Amateur Foundation Radio Licence,VKP
M6VKQ,Available,Amateur Foundation Radio Licence,VKQ
M6VKR,Available,Amateur Foundation Radio Licence,VKR
M6VKS,Available,Amateur Foundation Radio Licence,VKS
M6VKT,Available,Amateur Foundation Radio Licence,VKT
M6VKU,Available,Amateur Foundation Radio Licence,VKU
M6VKX,Available,Amateur Foundation Radio Licence,VKX
M6VKZ,Available,Amateur Foundation Radio Licence,VKZ
M6VLE,Available,Amateur Foundation Radio Licence,VLE
M6VLH,Available,Amateur Foundation Radio Licence,VLH
M6VLI,Available,Amateur Foundation Radio Licence,VLI
M6VLJ,Available,Amateur Foundation Radio Licence,VLJ
M6VLK,Available,Amateur Foundation Radio Licence,VLK
M6VLL,Available,Amateur Foundation Radio Licence,VLL
M6VLM,Available,Amateur Foundation Radio Licence,VLM
M6VLN,Available,Amateur Foundation Radio Licence,VLN
M6VLO,Available,Amateur Foundation Radio Licence,VLO
M6VLP,Available,Amateur Foundation Radio Licence,VLP
M6VLQ,Available,Amateur Foundation Radio Licence,VLQ
M6VLR,Available,Amateur Foundation Radio Licence,VLR
M6VLS,Available,Amateur Foundation Radio Licence,VLS
M6VLT,Available,Amateur Foundation Radio Licence,VLT
M6VLU,Available,Amateur Foundation Radio Licence,VLU
M6VLW,Available,Amateur Foundation Radio Licence,VLW
M6VLX,Available,Amateur Foundation Radio Licence,VLX
M6VLY,Available,Amateur Foundation Radio Licence,VLY
M6VLZ,Available,Amateur Foundation Radio Licence,VLZ
M6VMB,Available,Amateur Foundation Radio Licence,VMB
M6VMD,Available,Amateur Foundation Radio Licence,VMD
M6VME,Available,Amateur Foundation Radio Licence,VME
M6VMF,Available,Amateur Foundation Radio Licence,VMF
M6VMH,Available,Amateur Foundation Radio Licence,VMH
M6VMI,Available,Amateur Foundation Radio Licence,VMI
M6VMK,Available,Amateur Foundation Radio Licence,VMK
M6VML,Available,Amateur Foundation Radio Licence,VML
M6VMM,Available,Amateur Foundation Radio Licence,VMM
M6VMN,Available,Amateur Foundation Radio Licence,VMN
M6VMO,Available,Amateur Foundation Radio Licence,VMO
M6VMQ,Available,Amateur Foundation Radio Licence,VMQ
M6VMR,Available,Amateur Foundation Radio Licence,VMR
M6VMS,Available,Amateur Foundation Radio Licence,VMS
M6VMT,Available,Amateur Foundation Radio Licence,VMT
M6VMU,Available,Amateur Foundation Radio Licence,VMU
M6VMV,Available,Amateur Foundation Radio Licence,VMV
M6VMX,Available,Amateur Foundation Radio Licence,VMX
M6VMY,Available,Amateur Foundation Radio Licence,VMY
M6VNA,Available,Amateur Foundation Radio Licence,VNA
M6VNB,Available,Amateur Foundation Radio Licence,VNB
M6VNC,Available,Amateur Foundation Radio Licence,VNC
M6VND,Available,Amateur Foundation Radio Licence,VND
M6VNF,Available,Amateur Foundation Radio Licence,VNF
M6VNG,Available,Amateur Foundation Radio Licence,VNG
M6VNH,Available,Amateur Foundation Radio Licence,VNH
M6VNI,Available,Amateur Foundation Radio Licence,VNI
M6VNJ,Available,Amateur Foundation Radio Licence,VNJ
M6VNK,Available,Amateur Foundation Radio Licence,VNK
M6VNM,Available,Amateur Foundation Radio Licence,VNM
M6VNN,Available,Amateur Foundation Radio Licence,VNN
M6VNO,Available,Amateur Foundation Radio Licence,VNO
M6VNQ,Available,Amateur Foundation Radio Licence,VNQ
M6VNR,Available,Amateur Foundation Radio Licence,VNR
M6VNS,Available,Amateur Foundation Radio Licence,VNS
M6VNT,Available,Amateur Foundation Radio Licence,VNT
M6VNU,Available,Amateur Foundation Radio Licence,VNU
M6VNV,Available,Amateur Foundation Radio Licence,VNV
M6VNW,Available,Amateur Foundation Radio Licence,VNW
M6VNX,Available,Amateur Foundation Radio Licence,VNX
M6VNY,Available,Amateur Foundation Radio Licence,VNY
M6VNZ,Available,Amateur Foundation Radio Licence,VNZ
M6VOA,Available,Amateur Foundation Radio Licence,VOA
M6VOB,Available,Amateur Foundation Radio Licence,VOB
M6VOD,Available,Amateur Foundation Radio Licence,VOD
M6VOF,Available,Amateur Foundation Radio Licence,VOF
M6VOH,Available,Amateur Foundation Radio Licence,VOH
M6VOI,Available,Amateur Foundation Radio Licence,VOI
M6VOK,Available,Amateur Foundation Radio Licence,VOK
M6VOM,Available,Amateur Foundation Radio Licence,VOM
M6VOO,Available,Amateur Foundation Radio Licence,VOO
M6VOQ,Available,Amateur Foundation Radio Licence,VOQ
M6VOT,Available,Amateur Foundation Radio Licence,VOT
M6VOU,Available,Amateur Foundation Radio Licence,VOU
M6VOV,Available,Amateur Foundation Radio Licence,VOV
M6VOZ,Available,Amateur Foundation Radio Licence,VOZ
M6VPA,Available,Amateur Foundation Radio Licence,VPA
M6VPB,Available,Amateur Foundation Radio Licence,VPB
M6VPD,Available,Amateur Foundation Radio Licence,VPD
M6VPE,Available,Amateur Foundation Radio Licence,VPE
M6VPH,Available,Amateur Foundation Radio Licence,VPH
M6VPI,Available,Amateur Foundation Radio Licence,VPI
M6VPJ,Available,Amateur Foundation Radio Licence,VPJ
M6VPL,Available,Amateur Foundation Radio Licence,VPL
M6VPM,Available,Amateur Foundation Radio Licence,VPM
M6VPO,Available,Amateur Foundation Radio Licence,VPO
M6VPP,Available,Amateur Foundation Radio Licence,VPP
M6VPQ,Available,Amateur Foundation Radio Licence,VPQ
M6VPR,Available,Amateur Foundation Radio Licence,VPR
M6VPS,Available,Amateur Foundation Radio Licence,VPS
M6VPU,Available,Amateur Foundation Radio Licence,VPU
M6VPV,Available,Amateur Foundation Radio Licence,VPV
M6VPW,Available,Amateur Foundation Radio Licence,VPW
M6VPX,Available,Amateur Foundation Radio Licence,VPX
M6VPY,Available,Amateur Foundation Radio Licence,VPY
M6VQA,Available,Amateur Foundation Radio Licence,VQA
M6VQB,Available,Amateur Foundation Radio Licence,VQB
M6VQD,Available,Amateur Foundation Radio Licence,VQD
M6VQE,Available,Amateur Foundation Radio Licence,VQE
M6VQF,Available,Amateur Foundation Radio Licence,VQF
M6VQG,Available,Amateur Foundation Radio Licence,VQG
M6VQH,Available,Amateur Foundation Radio Licence,VQH
M6VQI,Available,Amateur Foundation Radio Licence,VQI
M6VQJ,Available,Amateur Foundation Radio Licence,VQJ
M6VQK,Available,Amateur Foundation Radio Licence,VQK
M6VQL,Available,Amateur Foundation Radio Licence,VQL
M6VQM,Available,Amateur Foundation Radio Licence,VQM
M6VQN,Available,Amateur Foundation Radio Licence,VQN
M6VQO,Available,Amateur Foundation Radio Licence,VQO
M6VQP,Available,Amateur Foundation Radio Licence,VQP
M6VQQ,Available,Amateur Foundation Radio Licence,VQQ
M6VQR,Available,Amateur Foundation Radio Licence,VQR
M6VQS,Available,Amateur Foundation Radio Licence,VQS
M6VQT,Available,Amateur Foundation Radio Licence,VQT
M6VQU,Available,Amateur Foundation Radio Licence,VQU
M6VQW,Available,Amateur Foundation Radio Licence,VQW
M6VQX,Available,Amateur Foundation Radio Licence,VQX
M6VQY,Available,Amateur Foundation Radio Licence,VQY
M6VQZ,Available,Amateur Foundation Radio Licence,VQZ
M6VRA,Available,Amateur Foundation Radio Licence,VRA
M6VRB,Available,Amateur Foundation Radio Licence,VRB
M6VRC,Available,Amateur Foundation Radio Licence,VRC
M6VRE,Available,Amateur Foundation Radio Licence,VRE
M6VRF,Available,Amateur Foundation Radio Licence,VRF
M6VRG,Available,Amateur Foundation Radio Licence,VRG
M6VRI,Available,Amateur Foundation Radio Licence,VRI
M6VRJ,Available,Amateur Foundation Radio Licence,VRJ
M6VRK,Available,Amateur Foundation Radio Licence,VRK
M6VRL,Available,Amateur Foundation Radio Licence,VRL
M6VRN,Available,Amateur Foundation Radio Licence,VRN
M6VRP,Available,Amateur Foundation Radio Licence,VRP
M6VRQ,Available,Amateur Foundation Radio Licence,VRQ
M6VRR,Available,Amateur Foundation Radio Licence,VRR
M6VRU,Available,Amateur Foundation Radio Licence,VRU
M6VRV,Available,Amateur Foundation Radio Licence,VRV
M6VRW,Available,Amateur Foundation Radio Licence,VRW
M6VRX,Available,Amateur Foundation Radio Licence,VRX
M6VRY,Available,Amateur Foundation Radio Licence,VRY
M6VRZ,Available,Amateur Foundation Radio Licence,VRZ
M6VSC,Available,Amateur Foundation Radio Licence,VSC
M6VSD,Available,Amateur Foundation Radio Licence,VSD
M6VSE,Available,Amateur Foundation Radio Licence,VSE
M6VSF,Available,Amateur Foundation Radio Licence,VSF
M6VSG,Available,Amateur Foundation Radio Licence,VSG
M6VSH,Available,Amateur Foundation Radio Licence,VSH
M6VSI,Available,Amateur Foundation Radio Licence,VSI
M6VSJ,Available,Amateur Foundation Radio Licence,VSJ
M6VSK,Available,Amateur Foundation Radio Licence,VSK
M6VSL,Available,Amateur Foundation Radio Licence,VSL
M6VSM,Available,Amateur Foundation Radio Licence,VSM
M6VSN,Available,Amateur Foundation Radio Licence,VSN
M6VSO,Available,Amateur Foundation Radio Licence,VSO
M6VSQ,Available,Amateur Foundation Radio Licence,VSQ
M6VSR,Available,Amateur Foundation Radio Licence,VSR
M6VSS,Available,Amateur Foundation Radio Licence,VSS
M6VSU,Available,Amateur Foundation Radio Licence,VSU
M6VSV,Available,Amateur Foundation Radio Licence,VSV
M6VSW,Available,Amateur Foundation Radio Licence,VSW
M6VSX,Available,Amateur Foundation Radio Licence,VSX
M6VSY,Available,Amateur Foundation Radio Licence,VSY
M6VSZ,Available,Amateur Foundation Radio Licence,VSZ
M6VTA,Available,Amateur Foundation Radio Licence,VTA
M6VTB,Available,Amateur Foundation Radio Licence,VTB
M6VTD,Available,Amateur Foundation Radio Licence,VTD
M6VTE,Available,Amateur Foundation Radio Licence,VTE
M6VTF,Available,Amateur Foundation Radio Licence,VTF
M6VTG,Available,Amateur Foundation Radio Licence,VTG
M6VTH,Available,Amateur Foundation Radio Licence,VTH
M6VTI,Available,Amateur Foundation Radio Licence,VTI
M6VTJ,Available,Amateur Foundation Radio Licence,VTJ
M6VTK,Available,Amateur Foundation Radio Licence,VTK
M6VTM,Available,Amateur Foundation Radio Licence,VTM
M6VTN,Available,Amateur Foundation Radio Licence,VTN
M6VTO,Available,Amateur Foundation Radio Licence,VTO
M6VTP,Available,Amateur Foundation Radio Licence,VTP
M6VTQ,Available,Amateur Foundation Radio Licence,VTQ
M6VTT,Available,Amateur Foundation Radio Licence,VTT
M6VTU,Available,Amateur Foundation Radio Licence,VTU
M6VTV,Available,Amateur Foundation Radio Licence,VTV
M6VTW,Available,Amateur Foundation Radio Licence,VTW
M6VTY,Available,Amateur Foundation Radio Licence,VTY
M6VTZ,Available,Amateur Foundation Radio Licence,VTZ
M6VUA,Available,Amateur Foundation Radio Licence,VUA
M6VUB,Available,Amateur Foundation Radio Licence,VUB
M6VUC,Available,Amateur Foundation Radio Licence,VUC
M6VUD,Available,Amateur Foundation Radio Licence,VUD
M6VUE,Available,Amateur Foundation Radio Licence,VUE
M6VUF,Available,Amateur Foundation Radio Licence,VUF
M6VUG,Available,Amateur Foundation Radio Licence,VUG
M6VUH,Available,Amateur Foundation Radio Licence,VUH
M6VUI,Available,Amateur Foundation Radio Licence,VUI
M6VUJ,Available,Amateur Foundation Radio Licence,VUJ
M6VUK,Available,Amateur Foundation Radio Licence,VUK
M6VUM,Available,Amateur Foundation Radio Licence,VUM
M6VUN,Available,Amateur Foundation Radio Licence,VUN
M6VUO,Available,Amateur Foundation Radio Licence,VUO
M6VUP,Available,Amateur Foundation Radio Licence,VUP
M6VUQ,Available,Amateur Foundation Radio Licence,VUQ
M6VUR,Available,Amateur Foundation Radio Licence,VUR
M6VUS,Available,Amateur Foundation Radio Licence,VUS
M6VUT,Available,Amateur Foundation Radio Licence,VUT
M6VUU,Available,Amateur Foundation Radio Licence,VUU
M6VUW,Available,Amateur Foundation Radio Licence,VUW
M6VUX,Available,Amateur Foundation Radio Licence,VUX
M6VUY,Available,Amateur Foundation Radio Licence,VUY
M6VUZ,Available,Amateur Foundation Radio Licence,VUZ
M6VVA,Available,Amateur Foundation Radio Licence,VVA
M6VVB,Available,Amateur Foundation Radio Licence,VVB
M6VVD,Available,Amateur Foundation Radio Licence,VVD
M6VVE,Available,Amateur Foundation Radio Licence,VVE
M6VVF,Available,Amateur Foundation Radio Licence,VVF
M6VVG,Available,Amateur Foundation Radio Licence,VVG
M6VVH,Available,Amateur Foundation Radio Licence,VVH
M6VVI,Available,Amateur Foundation Radio Licence,VVI
M6VVJ,Available,Amateur Foundation Radio Licence,VVJ
M6VVK,Available,Amateur Foundation Radio Licence,VVK
M6VVM,Available,Amateur Foundation Radio Licence,VVM
M6VVO,Available,Amateur Foundation Radio Licence,VVO
M6VVQ,Available,Amateur Foundation Radio Licence,VVQ
M6VVR,Available,Amateur Foundation Radio Licence,VVR
M6VVS,Available,Amateur Foundation Radio Licence,VVS
M6VVU,Available,Amateur Foundation Radio Licence,VVU
M6VVX,Available,Amateur Foundation Radio Licence,VVX
M6VVY,Available,Amateur Foundation Radio Licence,VVY
M6VVZ,Available,Amateur Foundation Radio Licence,VVZ
M6VWC,Available,Amateur Foundation Radio Licence,VWC
M6VWE,Available,Amateur Foundation Radio Licence,VWE
M6VWF,Available,Amateur Foundation Radio Licence,VWF
M6VWH,Available,Amateur Foundation Radio Licence,VWH
M6VWI,Available,Amateur Foundation Radio Licence,VWI
M6VWJ,Available,Amateur Foundation Radio Licence,VWJ
M6VWK,Available,Amateur Foundation Radio Licence,VWK
M6VWL,Available,Amateur Foundation Radio Licence,VWL
M6VWM,Available,Amateur Foundation Radio Licence,VWM
M6VWO,Available,Amateur Foundation Radio Licence,VWO
M6VWQ,Available,Amateur Foundation Radio Licence,VWQ
M6VWR,Available,Amateur Foundation Radio Licence,VWR
M6VWS,Available,Amateur Foundation Radio Licence,VWS
M6VWU,Available,Amateur Foundation Radio Licence,VWU
M6VWV,Available,Amateur Foundation Radio Licence,VWV
M6VWW,Available,Amateur Foundation Radio Licence,VWW
M6VWX,Available,Amateur Foundation Radio Licence,VWX
M6VWY,Available,Amateur Foundation Radio Licence,VWY
M6VWZ,Available,Amateur Foundation Radio Licence,VWZ
M6VXA,Available,Amateur Foundation Radio Licence,VXA
M6VXC,Available,Amateur Foundation Radio Licence,VXC
M6VXD,Available,Amateur Foundation Radio Licence,VXD
M6VXE,Available,Amateur Foundation Radio Licence,VXE
M6VXF,Available,Amateur Foundation Radio Licence,VXF
M6VXG,Available,Amateur Foundation Radio Licence,VXG
M6VXH,Available,Amateur Foundation Radio Licence,VXH
M6VXJ,Available,Amateur Foundation Radio Licence,VXJ
M6VXK,Available,Amateur Foundation Radio Licence,VXK
M6VXM,Available,Amateur Foundation Radio Licence,VXM
M6VXN,Available,Amateur Foundation Radio Licence,VXN
M6VXP,Available,Amateur Foundation Radio Licence,VXP
M6VXQ,Available,Amateur Foundation Radio Licence,VXQ
M6VXS,Available,Amateur Foundation Radio Licence,VXS
M6VXU,Available,Amateur Foundation Radio Licence,VXU
M6VXV,Available,Amateur Foundation Radio Licence,VXV
M6VXW,Available,Amateur Foundation Radio Licence,VXW
M6VXY,Available,Amateur Foundation Radio Licence,VXY
M6VXZ,Available,Amateur Foundation Radio Licence,VXZ
M6VYA,Available,Amateur Foundation Radio Licence,VYA
M6VYB,Available,Amateur Foundation Radio Licence,VYB
M6VYC,Available,Amateur Foundation Radio Licence,VYC
M6VYD,Available,Amateur Foundation Radio Licence,VYD
M6VYE,Available,Amateur Foundation Radio Licence,VYE
M6VYF,Available,Amateur Foundation Radio Licence,VYF
M6VYG,Available,Amateur Foundation Radio Licence,VYG
M6VYH,Available,Amateur Foundation Radio Licence,VYH
M6VYI,Available,Amateur Foundation Radio Licence,VYI
M6VYJ,Available,Amateur Foundation Radio Licence,VYJ
M6VYK,Available,Amateur Foundation Radio Licence,VYK
M6VYL,Available,Amateur Foundation Radio Licence,VYL
M6VYM,Available,Amateur Foundation Radio Licence,VYM
M6VYN,Available,Amateur Foundation Radio Licence,VYN
M6VYO,Available,Amateur Foundation Radio Licence,VYO
M6VYP,Available,Amateur Foundation Radio Licence,VYP
M6VYQ,Available,Amateur Foundation Radio Licence,VYQ
M6VYR,Available,Amateur Foundation Radio Licence,VYR
M6VYS,Available,Amateur Foundation Radio Licence,VYS
M6VYT,Available,Amateur Foundation Radio Licence,VYT
M6VYU,Available,Amateur Foundation Radio Licence,VYU
M6VYV,Available,Amateur Foundation Radio Licence,VYV
M6VYW,Available,Amateur Foundation Radio Licence,VYW
M6VYX,Available,Amateur Foundation Radio Licence,VYX
M6VYY,Available,Amateur Foundation Radio Licence,VYY
M6VZA,Available,Amateur Foundation Radio Licence,VZA
M6VZB,Available,Amateur Foundation Radio Licence,VZB
M6VZC,Available,Amateur Foundation Radio Licence,VZC
M6VZD,Available,Amateur Foundation Radio Licence,VZD
M6VZE,Available,Amateur Foundation Radio Licence,VZE
M6VZG,Available,Amateur Foundation Radio Licence,VZG
M6VZH,Available,Amateur Foundation Radio Licence,VZH
M6VZI,Available,Amateur Foundation Radio Licence,VZI
M6VZJ,Available,Amateur Foundation Radio Licence,VZJ
M6VZK,Available,Amateur Foundation Radio Licence,VZK
M6VZL,Available,Amateur Foundation Radio Licence,VZL
M6VZN,Available,Amateur Foundation Radio Licence,VZN
M6VZP,Available,Amateur Foundation Radio Licence,VZP
M6VZQ,Available,Amateur Foundation Radio Licence,VZQ
M6VZR,Available,Amateur Foundation Radio Licence,VZR
M6VZS,Available,Amateur Foundation Radio Licence,VZS
M6VZT,Available,Amateur Foundation Radio Licence,VZT
M6VZU,Available,Amateur Foundation Radio Licence,VZU
M6VZV,Available,Amateur Foundation Radio Licence,VZV
M6VZW,Available,Amateur Foundation Radio Licence,VZW
M6VZX,Available,Amateur Foundation Radio Licence,VZX
M6VZY,Available,Amateur Foundation Radio Licence,VZY
M6VZZ,Available,Amateur Foundation Radio Licence,VZZ
M6WCI,Available,Amateur Foundation Radio Licence,WCI
M6WCN,Available,Amateur Foundation Radio Licence,WCN
M6WCQ,Available,Amateur Foundation Radio Licence,WCQ
M6WCS,Available,Amateur Foundation Radio Licence,WCS
M6WCU,Available,Amateur Foundation Radio Licence,WCU
M6WCV,Available,Amateur Foundation Radio Licence,WCV
M6WCY,Available,Amateur Foundation Radio Licence,WCY
M6WCZ,Available,Amateur Foundation Radio Licence,WCZ
M6WDA,Available,Amateur Foundation Radio Licence,WDA
M6WDF,Available,Amateur Foundation Radio Licence,WDF
M6WDG,Available,Amateur Foundation Radio Licence,WDG
M6WDI,Available,Amateur Foundation Radio Licence,WDI
M6WDK,Available,Amateur Foundation Radio Licence,WDK
M6WDN,Available,Amateur Foundation Radio Licence,WDN
M6WDO,Available,Amateur Foundation Radio Licence,WDO
M6WDQ,Available,Amateur Foundation Radio Licence,WDQ
M6WDU,Available,Amateur Foundation Radio Licence,WDU
M6WDV,Available,Amateur Foundation Radio Licence,WDV
M6WDZ,Available,Amateur Foundation Radio Licence,WDZ
M6WEA,Available,Amateur Foundation Radio Licence,WEA
M6WEF,Available,Amateur Foundation Radio Licence,WEF
M6WEH,Available,Amateur Foundation Radio Licence,WEH
M6WEI,Available,Amateur Foundation Radio Licence,WEI
M6WEK,Available,Amateur Foundation Radio Licence,WEK
M6WEO,Available,Amateur Foundation Radio Licence,WEO
M6WEP,Available,Amateur Foundation Radio Licence,WEP
M6WEQ,Available,Amateur Foundation Radio Licence,WEQ
M6WEU,Available,Amateur Foundation Radio Licence,WEU
M6WFF,Available,Amateur Foundation Radio Licence,WFF
M6WFG,Available,Amateur Foundation Radio Licence,WFG
M6WFI,Available,Amateur Foundation Radio Licence,WFI
M6WFJ,Available,Amateur Foundation Radio Licence,WFJ
M6WFK,Available,Amateur Foundation Radio Licence,WFK
M6WFL,Available,Amateur Foundation Radio Licence,WFL
M6WFM,Available,Amateur Foundation Radio Licence,WFM
M6WFN,Available,Amateur Foundation Radio Licence,WFN
M6WFP,Available,Amateur Foundation Radio Licence,WFP
M6WFQ,Available,Amateur Foundation Radio Licence,WFQ
M6WFR,Available,Amateur Foundation Radio Licence,WFR
M6WFS,Available,Amateur Foundation Radio Licence,WFS
M6WFT,Available,Amateur Foundation Radio Licence,WFT
M6WFU,Available,Amateur Foundation Radio Licence,WFU
M6WFV,Available,Amateur Foundation Radio Licence,WFV
M6WFW,Available,Amateur Foundation Radio Licence,WFW
M6WFX,Available,Amateur Foundation Radio Licence,WFX
M6WFZ,Available,Amateur Foundation Radio Licence,WFZ
M6WGE,Available,Amateur Foundation Radio Licence,WGE
M6WGF,Available,Amateur Foundation Radio Licence,WGF
M6WGG,Available,Amateur Foundation Radio Licence,WGG
M6WGH,Available,Amateur Foundation Radio Licence,WGH
M6WGI,Available,Amateur Foundation Radio Licence,WGI
M6WGJ,Available,Amateur Foundation Radio Licence,WGJ
M6WGN,Available,Amateur Foundation Radio Licence,WGN
M6WGO,Available,Amateur Foundation Radio Licence,WGO
M6WGP,Available,Amateur Foundation Radio Licence,WGP
M6WGQ,Available,Amateur Foundation Radio Licence,WGQ
M6WGR,Available,Amateur Foundation Radio Licence,WGR
M6WGS,Available,Amateur Foundation Radio Licence,WGS
M6WGU,Available,Amateur Foundation Radio Licence,WGU
M6WGV,Available,Amateur Foundation Radio Licence,WGV
M6WGW,Available,Amateur Foundation Radio Licence,WGW
M6WGX,Available,Amateur Foundation Radio Licence,WGX
M6WGY,Available,Amateur Foundation Radio Licence,WGY
M6WGZ,Available,Amateur Foundation Radio Licence,WGZ
M6WHA,Available,Amateur Foundation Radio Licence,WHA
M6WHD,Available,Amateur Foundation Radio Licence,WHD
M6WHE,Available,Amateur Foundation Radio Licence,WHE
M6WHF,Available,Amateur Foundation Radio Licence,WHF
M6WHG,Available,Amateur Foundation Radio Licence,WHG
M6WHH,Available,Amateur Foundation Radio Licence,WHH
M6WHI,Available,Amateur Foundation Radio Licence,WHI
M6WHJ,Available,Amateur Foundation Radio Licence,WHJ
M6WHK,Available,Amateur Foundation Radio Licence,WHK
M6WHL,Available,Amateur Foundation Radio Licence,WHL
M6WHM,Available,Amateur Foundation Radio Licence,WHM
M6WHQ,Available,Amateur Foundation Radio Licence,WHQ
M6WHS,Available,Amateur Foundation Radio Licence,WHS
M6WHV,Available,Amateur Foundation Radio Licence,WHV
M6WHX,Available,Amateur Foundation Radio Licence,WHX
M6WHZ,Available,Amateur Foundation Radio Licence,WHZ
M6WIB,Available,Amateur Foundation Radio Licence,WIB
M6WIE,Available,Amateur Foundation Radio Licence,WIE
M6WIH,Available,Amateur Foundation Radio Licence,WIH
M6WII,Available,Amateur Foundation Radio Licence,WII
M6WIJ,Available,Amateur Foundation Radio Licence,WIJ
M6WIK,Available,Amateur Foundation Radio Licence,WIK
M6WIM,Available,Amateur Foundation Radio Licence,WIM
M6WIO,Available,Amateur Foundation Radio Licence,WIO
M6WIQ,Available,Amateur Foundation Radio Licence,WIQ
M6WIS,Available,Amateur Foundation Radio Licence,WIS
M6WIU,Available,Amateur Foundation Radio Licence,WIU
M6WIV,Available,Amateur Foundation Radio Licence,WIV
M6WIW,Available,Amateur Foundation Radio Licence,WIW
M6WIX,Available,Amateur Foundation Radio Licence,WIX
M6WIY,Available,Amateur Foundation Radio Licence,WIY
M6WJD,Available,Amateur Foundation Radio Licence,WJD
M6WJE,Available,Amateur Foundation Radio Licence,WJE
M6WJG,Available,Amateur Foundation Radio Licence,WJG
M6WJI,Available,Amateur Foundation Radio Licence,WJI
M6WJQ,Available,Amateur Foundation Radio Licence,WJQ
M6WJT,Available,Amateur Foundation Radio Licence,WJT
M6WJU,Available,Amateur Foundation Radio Licence,WJU
M6WJX,Available,Amateur Foundation Radio Licence,WJX
M6WJY,Available,Amateur Foundation Radio Licence,WJY
M6WJZ,Available,Amateur Foundation Radio Licence,WJZ
M6WKB,Available,Amateur Foundation Radio Licence,WKB
M6WKH,Available,Amateur Foundation Radio Licence,WKH
M6WKJ,Available,Amateur Foundation Radio Licence,WKJ
M6WKK,Available,Amateur Foundation Radio Licence,WKK
M6WKM,Available,Amateur Foundation Radio Licence,WKM
M6WKO,Available,Amateur Foundation Radio Licence,WKO
M6WKP,Available,Amateur Foundation Radio Licence,WKP
M6WKQ,Available,Amateur Foundation Radio Licence,WKQ
M6WKU,Available,Amateur Foundation Radio Licence,WKU
M6WKV,Available,Amateur Foundation Radio Licence,WKV
M6WKX,Available,Amateur Foundation Radio Licence,WKX
M6WLE,Available,Amateur Foundation Radio Licence,WLE
M6WLG,Available,Amateur Foundation Radio Licence,WLG
M6WLI,Available,Amateur Foundation Radio Licence,WLI
M6WLJ,Available,Amateur Foundation Radio Licence,WLJ
M6WLN,Available,Amateur Foundation Radio Licence,WLN
M6WLO,Available,Amateur Foundation Radio Licence,WLO
M6WLP,Available,Amateur Foundation Radio Licence,WLP
M6WLQ,Available,Amateur Foundation Radio Licence,WLQ
M6WLR,Available,Amateur Foundation Radio Licence,WLR
M6WLT,Available,Amateur Foundation Radio Licence,WLT
M6WLU,Available,Amateur Foundation Radio Licence,WLU
M6WLV,Available,Amateur Foundation Radio Licence,WLV
M6WLW,Available,Amateur Foundation Radio Licence,WLW
M6WLX,Available,Amateur Foundation Radio Licence,WLX
M6WLZ,Available,Amateur Foundation Radio Licence,WLZ
M6WMF,Available,Amateur Foundation Radio Licence,WMF
M6WMG,Available,Amateur Foundation Radio Licence,WMG
M6WMI,Available,Amateur Foundation Radio Licence,WMI
M6WMK,Available,Amateur Foundation Radio Licence,WMK
M6WML,Available,Amateur Foundation Radio Licence,WML
M6WMN,Available,Amateur Foundation Radio Licence,WMN
M6WMQ,Available,Amateur Foundation Radio Licence,WMQ
M6WMS,Available,Amateur Foundation Radio Licence,WMS
M6WMU,Available,Amateur Foundation Radio Licence,WMU
M6WMW,Available,Amateur Foundation Radio Licence,WMW
M6WMX,Available,Amateur Foundation Radio Licence,WMX
M6WMY,Available,Amateur Foundation Radio Licence,WMY
M6WNA,Available,Amateur Foundation Radio Licence,WNA
M6WNB,Available,Amateur Foundation Radio Licence,WNB
M6WNF,Available,Amateur Foundation Radio Licence,WNF
M6WNH,Available,Amateur Foundation Radio Licence,WNH
M6WNI,Available,Amateur Foundation Radio Licence,WNI
M6WNL,Available,Amateur Foundation Radio Licence,WNL
M6WNN,Available,Amateur Foundation Radio Licence,WNN
M6WNO,Available,Amateur Foundation Radio Licence,WNO
M6WNP,Available,Amateur Foundation Radio Licence,WNP
M6WNQ,Available,Amateur Foundation Radio Licence,WNQ
M6WNR,Available,Amateur Foundation Radio Licence,WNR
M6WNS,Available,Amateur Foundation Radio Licence,WNS
M6WNT,Available,Amateur Foundation Radio Licence,WNT
M6WNU,Available,Amateur Foundation Radio Licence,WNU
M6WNV,Available,Amateur Foundation Radio Licence,WNV
M6WNX,Available,Amateur Foundation Radio Licence,WNX
M6WNY,Available,Amateur Foundation Radio Licence,WNY
M6WNZ,Available,Amateur Foundation Radio Licence,WNZ
M6WOA,Available,Amateur Foundation Radio Licence,WOA
M6WOB,Available,Amateur Foundation Radio Licence,WOB
M6WOC,Available,Amateur Foundation Radio Licence,WOC
M6WOE,Available,Amateur Foundation Radio Licence,WOE
M6WOH,Available,Amateur Foundation Radio Licence,WOH
M6WOI,Available,Amateur Foundation Radio Licence,WOI
M6WOJ,Available,Amateur Foundation Radio Licence,WOJ
M6WOQ,Available,Amateur Foundation Radio Licence,WOQ
M6WOS,Available,Amateur Foundation Radio Licence,WOS
M6WOU,Available,Amateur Foundation Radio Licence,WOU
M6WOX,Available,Amateur Foundation Radio Licence,WOX
M6WOY,Available,Amateur Foundation Radio Licence,WOY
M6WPA,Available,Amateur Foundation Radio Licence,WPA
M6WPB,Available,Amateur Foundation Radio Licence,WPB
M6WPD,Available,Amateur Foundation Radio Licence,WPD
M6WPE,Available,Amateur Foundation Radio Licence,WPE
M6WPF,Available,Amateur Foundation Radio Licence,WPF
M6WPI,Available,Amateur Foundation Radio Licence,WPI
M6WPK,Available,Amateur Foundation Radio Licence,WPK
M6WPL,Available,Amateur Foundation Radio Licence,WPL
M6WPN,Available,Amateur Foundation Radio Licence,WPN
M6WPO,Available,Amateur Foundation Radio Licence,WPO
M6WPP,Available,Amateur Foundation Radio Licence,WPP
M6WPQ,Available,Amateur Foundation Radio Licence,WPQ
M6WPR,Available,Amateur Foundation Radio Licence,WPR
M6WPS,Available,Amateur Foundation Radio Licence,WPS
M6WPU,Available,Amateur Foundation Radio Licence,WPU
M6WPV,Available,Amateur Foundation Radio Licence,WPV
M6WPX,Available,Amateur Foundation Radio Licence,WPX
M6WPY,Available,Amateur Foundation Radio Licence,WPY
M6WQA,Available,Amateur Foundation Radio Licence,WQA
M6WQB,Available,Amateur Foundation Radio Licence,WQB
M6WQC,Available,Amateur Foundation Radio Licence,WQC
M6WQD,Available,Amateur Foundation Radio Licence,WQD
M6WQE,Available,Amateur Foundation Radio Licence,WQE
M6WQF,Available,Amateur Foundation Radio Licence,WQF
M6WQG,Available,Amateur Foundation Radio Licence,WQG
M6WQH,Available,Amateur Foundation Radio Licence,WQH
M6WQI,Available,Amateur Foundation Radio Licence,WQI
M6WQJ,Available,Amateur Foundation Radio Licence,WQJ
M6WQK,Available,Amateur Foundation Radio Licence,WQK
M6WQL,Available,Amateur Foundation Radio Licence,WQL
M6WQM,Available,Amateur Foundation Radio Licence,WQM
M6WQN,Available,Amateur Foundation Radio Licence,WQN
M6WQO,Available,Amateur Foundation Radio Licence,WQO
M6WQP,Available,Amateur Foundation Radio Licence,WQP
M6WQQ,Available,Amateur Foundation Radio Licence,WQQ
M6WQR,Available,Amateur Foundation Radio Licence,WQR
M6WQS,Available,Amateur Foundation Radio Licence,WQS
M6WQT,Available,Amateur Foundation Radio Licence,WQT
M6WQU,Available,Amateur Foundation Radio Licence,WQU
M6WQV,Available,Amateur Foundation Radio Licence,WQV
M6WQX,Available,Amateur Foundation Radio Licence,WQX
M6WQY,Available,Amateur Foundation Radio Licence,WQY
M6WQZ,Available,Amateur Foundation Radio Licence,WQZ
M6WRF,Available,Amateur Foundation Radio Licence,WRF
M6WRH,Available,Amateur Foundation Radio Licence,WRH
M6WRI,Available,Amateur Foundation Radio Licence,WRI
M6WRL,Available,Amateur Foundation Radio Licence,WRL
M6WRQ,Available,Amateur Foundation Radio Licence,WRQ
M6WRR,Available,Amateur Foundation Radio Licence,WRR
M6WRU,Available,Amateur Foundation Radio Licence,WRU
M6WRV,Available,Amateur Foundation Radio Licence,WRV
M6WSE,Available,Amateur Foundation Radio Licence,WSE
M6WSF,Available,Amateur Foundation Radio Licence,WSF
M6WSI,Available,Amateur Foundation Radio Licence,WSI
M6WSJ,Available,Amateur Foundation Radio Licence,WSJ
M6WSO,Available,Amateur Foundation Radio Licence,WSO
M6WSP,Available,Amateur Foundation Radio Licence,WSP
M6WSQ,Available,Amateur Foundation Radio Licence,WSQ
M6WSR,Available,Amateur Foundation Radio Licence,WSR
M6WSS,Available,Amateur Foundation Radio Licence,WSS
M6WSV,Available,Amateur Foundation Radio Licence,WSV
M6WSW,Available,Amateur Foundation Radio Licence,WSW
M6WSY,Available,Amateur Foundation Radio Licence,WSY
M6WSZ,Available,Amateur Foundation Radio Licence,WSZ
M6WTB,Available,Amateur Foundation Radio Licence,WTB
M6WTI,Available,Amateur Foundation Radio Licence,WTI
M6WTJ,Available,Amateur Foundation Radio Licence,WTJ
M6WTK,Available,Amateur Foundation Radio Licence,WTK
M6WTL,Available,Amateur Foundation Radio Licence,WTL
M6WTO,Available,Amateur Foundation Radio Licence,WTO
M6WTQ,Available,Amateur Foundation Radio Licence,WTQ
M6WTR,Available,Amateur Foundation Radio Licence,WTR
M6WTU,Available,Amateur Foundation Radio Licence,WTU
M6WTV,Available,Amateur Foundation Radio Licence,WTV
M6WTY,Available,Amateur Foundation Radio Licence,WTY
M6WUA,Available,Amateur Foundation Radio Licence,WUA
M6WUB,Available,Amateur Foundation Radio Licence,WUB
M6WUC,Available,Amateur Foundation Radio Licence,WUC
M6WUD,Available,Amateur Foundation Radio Licence,WUD
M6WUE,Available,Amateur Foundation Radio Licence,WUE
M6WUG,Available,Amateur Foundation Radio Licence,WUG
M6WUI,Available,Amateur Foundation Radio Licence,WUI
M6WUJ,Available,Amateur Foundation Radio Licence,WUJ
M6WUK,Available,Amateur Foundation Radio Licence,WUK
M6WUM,Available,Amateur Foundation Radio Licence,WUM
M6WUO,Available,Amateur Foundation Radio Licence,WUO
M6WUP,Available,Amateur Foundation Radio Licence,WUP
M6WUQ,Available,Amateur Foundation Radio Licence,WUQ
M6WUR,Available,Amateur Foundation Radio Licence,WUR
M6WUS,Available,Amateur Foundation Radio Licence,WUS
M6WUT,Available,Amateur Foundation Radio Licence,WUT
M6WUU,Available,Amateur Foundation Radio Licence,WUU
M6WUV,Available,Amateur Foundation Radio Licence,WUV
M6WUW,Available,Amateur Foundation Radio Licence,WUW
M6WUY,Available,Amateur Foundation Radio Licence,WUY
M6WUZ,Available,Amateur Foundation Radio Licence,WUZ
M6WVA,Available,Amateur Foundation Radio Licence,WVA
M6WVB,Available,Amateur Foundation Radio Licence,WVB
M6WVF,Available,Amateur Foundation Radio Licence,WVF
M6WVG,Available,Amateur Foundation Radio Licence,WVG
M6WVH,Available,Amateur Foundation Radio Licence,WVH
M6WVJ,Available,Amateur Foundation Radio Licence,WVJ
M6WVK,Available,Amateur Foundation Radio Licence,WVK
M6WVL,Available,Amateur Foundation Radio Licence,WVL
M6WVM,Available,Amateur Foundation Radio Licence,WVM
M6WVN,Available,Amateur Foundation Radio Licence,WVN
M6WVO,Available,Amateur Foundation Radio Licence,WVO
M6WVP,Available,Amateur Foundation Radio Licence,WVP
M6WVQ,Available,Amateur Foundation Radio Licence,WVQ
M6WVR,Available,Amateur Foundation Radio Licence,WVR
M6WVS,Available,Amateur Foundation Radio Licence,WVS
M6WVT,Available,Amateur Foundation Radio Licence,WVT
M6WVU,Available,Amateur Foundation Radio Licence,WVU
M6WVV,Available,Amateur Foundation Radio Licence,WVV
M6WVW,Available,Amateur Foundation Radio Licence,WVW
M6WVX,Available,Amateur Foundation Radio Licence,WVX
M6WVY,Available,Amateur Foundation Radio Licence,WVY
M6WVZ,Available,Amateur Foundation Radio Licence,WVZ
M6WWC,Available,Amateur Foundation Radio Licence,WWC
M6WWF,Available,Amateur Foundation Radio Licence,WWF
M6WWG,Available,Amateur Foundation Radio Licence,WWG
M6WWH,Available,Amateur Foundation Radio Licence,WWH
M6WWI,Available,Amateur Foundation Radio Licence,WWI
M6WWK,Available,Amateur Foundation Radio Licence,WWK
M6WWL,Available,Amateur Foundation Radio Licence,WWL
M6WWM,Available,Amateur Foundation Radio Licence,WWM
M6WWN,Available,Amateur Foundation Radio Licence,WWN
M6WWO,Available,Amateur Foundation Radio Licence,WWO
M6WWQ,Available,Amateur Foundation Radio Licence,WWQ
M6WWS,Available,Amateur Foundation Radio Licence,WWS
M6WWU,Available,Amateur Foundation Radio Licence,WWU
M6WWV,Available,Amateur Foundation Radio Licence,WWV
M6WWX,Available,Amateur Foundation Radio Licence,WWX
M6WWY,Available,Amateur Foundation Radio Licence,WWY
M6WWZ,Available,Amateur Foundation Radio Licence,WWZ
M6WXB,Available,Amateur Foundation Radio Licence,WXB
M6WXC,Available,Amateur Foundation Radio Licence,WXC
M6WXE,Available,Amateur Foundation Radio Licence,WXE
M6WXF,Available,Amateur Foundation Radio Licence,WXF
M6WXH,Available,Amateur Foundation Radio Licence,WXH
M6WXI,Available,Amateur Foundation Radio Licence,WXI
M6WXK,Available,Amateur Foundation Radio Licence,WXK
M6WXL,Available,Amateur Foundation Radio Licence,WXL
M6WXQ,Available,Amateur Foundation Radio Licence,WXQ
M6WXR,Available,Amateur Foundation Radio Licence,WXR
M6WXT,Available,Amateur Foundation Radio Licence,WXT
M6WXU,Available,Amateur Foundation Radio Licence,WXU
M6WXV,Available,Amateur Foundation Radio Licence,WXV
M6WXW,Available,Amateur Foundation Radio Licence,WXW
M6WXX,Available,Amateur Foundation Radio Licence,WXX
M6WXZ,Available,Amateur Foundation Radio Licence,WXZ
M6WYA,Available,Amateur Foundation Radio Licence,WYA
M6WYB,Available,Amateur Foundation Radio Licence,WYB
M6WYC,Available,Amateur Foundation Radio Licence,WYC
M6WYE,Available,Amateur Foundation Radio Licence,WYE
M6WYF,Available,Amateur Foundation Radio Licence,WYF
M6WYG,Available,Amateur Foundation Radio Licence,WYG
M6WYH,Available,Amateur Foundation Radio Licence,WYH
M6WYI,Available,Amateur Foundation Radio Licence,WYI
M6WYJ,Available,Amateur Foundation Radio Licence,WYJ
M6WYK,Available,Amateur Foundation Radio Licence,WYK
M6WYL,Available,Amateur Foundation Radio Licence,WYL
M6WYM,Available,Amateur Foundation Radio Licence,WYM
M6WYO,Available,Amateur Foundation Radio Licence,WYO
M6WYP,Available,Amateur Foundation Radio Licence,WYP
M6WYQ,Available,Amateur Foundation Radio Licence,WYQ
M6WYU,Available,Amateur Foundation Radio Licence,WYU
M6WYV,Available,Amateur Foundation Radio Licence,WYV
M6WYW,Available,Amateur Foundation Radio Licence,WYW
M6WYX,Available,Amateur Foundation Radio Licence,WYX
M6WYY,Available,Amateur Foundation Radio Licence,WYY
M6WZA,Available,Amateur Foundation Radio Licence,WZA
M6WZC,Available,Amateur Foundation Radio Licence,WZC
M6WZD,Available,Amateur Foundation Radio Licence,WZD
M6WZE,Available,Amateur Foundation Radio Licence,WZE
M6WZF,Available,Amateur Foundation Radio Licence,WZF
M6WZG,Available,Amateur Foundation Radio Licence,WZG
M6WZH,Available,Amateur Foundation Radio Licence,WZH
M6WZI,Available,Amateur Foundation Radio Licence,WZI
M6WZJ,Available,Amateur Foundation Radio Licence,WZJ
M6WZM,Available,Amateur Foundation Radio Licence,WZM
M6WZO,Available,Amateur Foundation Radio Licence,WZO
M6WZP,Available,Amateur Foundation Radio Licence,WZP
M6WZQ,Available,Amateur Foundation Radio Licence,WZQ
M6WZR,Available,Amateur Foundation Radio Licence,WZR
M6WZS,Available,Amateur Foundation Radio Licence,WZS
M6WZU,Available,Amateur Foundation Radio Licence,WZU
M6WZV,Available,Amateur Foundation Radio Licence,WZV
M6WZW,Available,Amateur Foundation Radio Licence,WZW
M6WZX,Available,Amateur Foundation Radio Licence,WZX
M6WZZ,Available,Amateur Foundation Radio Licence,WZZ
M6XAO,Available,Amateur Foundation Radio Licence,XAO
M6XAQ,Available,Amateur Foundation Radio Licence,XAQ
M6XAR,Available,Amateur Foundation Radio Licence,XAR
M6XAV,Available,Amateur Foundation Radio Licence,XAV
M6XAW,Available,Amateur Foundation Radio Licence,XAW
M6XBA,Available,Amateur Foundation Radio Licence,XBA
M6XBB,Available,Amateur Foundation Radio Licence,XBB
M6XBE,Available,Amateur Foundation Radio Licence,XBE
M6XBG,Available,Amateur Foundation Radio Licence,XBG
M6XBI,Available,Amateur Foundation Radio Licence,XBI
M6XBJ,Available,Amateur Foundation Radio Licence,XBJ
M6XBK,Available,Amateur Foundation Radio Licence,XBK
M6XBN,Available,Amateur Foundation Radio Licence,XBN
M6XBO,Available,Amateur Foundation Radio Licence,XBO
M6XBQ,Available,Amateur Foundation Radio Licence,XBQ
M6XBR,Available,Amateur Foundation Radio Licence,XBR
M6XBS,Available,Amateur Foundation Radio Licence,XBS
M6XBT,Available,Amateur Foundation Radio Licence,XBT
M6XBU,Available,Amateur Foundation Radio Licence,XBU
M6XBV,Available,Amateur Foundation Radio Licence,XBV
M6XBW,Available,Amateur Foundation Radio Licence,XBW
M6XBY,Available,Amateur Foundation Radio Licence,XBY
M6XBZ,Available,Amateur Foundation Radio Licence,XBZ
M6XCA,Available,Amateur Foundation Radio Licence,XCA
M6XCC,Available,Amateur Foundation Radio Licence,XCC
M6XCD,Available,Amateur Foundation Radio Licence,XCD
M6XCE,Available,Amateur Foundation Radio Licence,XCE
M6XCG,Available,Amateur Foundation Radio Licence,XCG
M6XCH,Available,Amateur Foundation Radio Licence,XCH
M6XCI,Available,Amateur Foundation Radio Licence,XCI
M6XCJ,Available,Amateur Foundation Radio Licence,XCJ
M6XCK,Available,Amateur Foundation Radio Licence,XCK
M6XCL,Available,Amateur Foundation Radio Licence,XCL
M6XCN,Available,Amateur Foundation Radio Licence,XCN
M6XCP,Available,Amateur Foundation Radio Licence,XCP
M6XCQ,Available,Amateur Foundation Radio Licence,XCQ
M6XCR,Available,Amateur Foundation Radio Licence,XCR
M6XCS,Available,Amateur Foundation Radio Licence,XCS
M6XCU,Available,Amateur Foundation Radio Licence,XCU
M6XCV,Available,Amateur Foundation Radio Licence,XCV
M6XCW,Available,Amateur Foundation Radio Licence,XCW
M6XCX,Available,Amateur Foundation Radio Licence,XCX
M6XCY,Available,Amateur Foundation Radio Licence,XCY
M6XCZ,Available,Amateur Foundation Radio Licence,XCZ
M6XDE,Available,Amateur Foundation Radio Licence,XDE
M6XDF,Available,Amateur Foundation Radio Licence,XDF
M6XDI,Available,Amateur Foundation Radio Licence,XDI
M6XDK,Available,Amateur Foundation Radio Licence,XDK
M6XDL,Available,Amateur Foundation Radio Licence,XDL
M6XDN,Available,Amateur Foundation Radio Licence,XDN
M6XDP,Available,Amateur Foundation Radio Licence,XDP
M6XDQ,Available,Amateur Foundation Radio Licence,XDQ
M6XDR,Available,Amateur Foundation Radio Licence,XDR
M6XDS,Available,Amateur Foundation Radio Licence,XDS
M6XDT,Available,Amateur Foundation Radio Licence,XDT
M6XDU,Available,Amateur Foundation Radio Licence,XDU
M6XDV,Available,Amateur Foundation Radio Licence,XDV
M6XEA,Available,Amateur Foundation Radio Licence,XEA
M6XEB,Available,Amateur Foundation Radio Licence,XEB
M6XEC,Available,Amateur Foundation Radio Licence,XEC
M6XEF,Available,Amateur Foundation Radio Licence,XEF
M6XEG,Available,Amateur Foundation Radio Licence,XEG
M6XEH,Available,Amateur Foundation Radio Licence,XEH
M6XEI,Available,Amateur Foundation Radio Licence,XEI
M6XEJ,Available,Amateur Foundation Radio Licence,XEJ
M6XEK,Available,Amateur Foundation Radio Licence,XEK
M6XEL,Available,Amateur Foundation Radio Licence,XEL
M6XEQ,Available,Amateur Foundation Radio Licence,XEQ
M6XES,Available,Amateur Foundation Radio Licence,XES
M6XEU,Available,Amateur Foundation Radio Licence,XEU
M6XEV,Available,Amateur Foundation Radio Licence,XEV
M6XEW,Available,Amateur Foundation Radio Licence,XEW
M6XEX,Available,Amateur Foundation Radio Licence,XEX
M6XEY,Available,Amateur Foundation Radio Licence,XEY
M6XEZ,Available,Amateur Foundation Radio Licence,XEZ
M6XFA,Available,Amateur Foundation Radio Licence,XFA
M6XFB,Available,Amateur Foundation Radio Licence,XFB
M6XFC,Available,Amateur Foundation Radio Licence,XFC
M6XFD,Available,Amateur Foundation Radio Licence,XFD
M6XFE,Available,Amateur Foundation Radio Licence,XFE
M6XFF,Available,Amateur Foundation Radio Licence,XFF
M6XFG,Available,Amateur Foundation Radio Licence,XFG
M6XFH,Available,Amateur Foundation Radio Licence,XFH
M6XFI,Available,Amateur Foundation Radio Licence,XFI
M6XFJ,Available,Amateur Foundation Radio Licence,XFJ
M6XFK,Available,Amateur Foundation Radio Licence,XFK
M6XFL,Available,Amateur Foundation Radio Licence,XFL
M6XFN,Available,Amateur Foundation Radio Licence,XFN
M6XFO,Available,Amateur Foundation Radio Licence,XFO
M6XFP,Available,Amateur Foundation Radio Licence,XFP
M6XFQ,Available,Amateur Foundation Radio Licence,XFQ
M6XFR,Available,Amateur Foundation Radio Licence,XFR
M6XFS,Available,Amateur Foundation Radio Licence,XFS
M6XFT,Available,Amateur Foundation Radio Licence,XFT
M6XFU,Available,Amateur Foundation Radio Licence,XFU
M6XFW,Available,Amateur Foundation Radio Licence,XFW
M6XFX,Available,Amateur Foundation Radio Licence,XFX
M6XFY,Available,Amateur Foundation Radio Licence,XFY
M6XFZ,Available,Amateur Foundation Radio Licence,XFZ
M6XGA,Available,Amateur Foundation Radio Licence,XGA
M6XGB,Available,Amateur Foundation Radio Licence,XGB
M6XGC,Available,Amateur Foundation Radio Licence,XGC
M6XGD,Available,Amateur Foundation Radio Licence,XGD
M6XGE,Available,Amateur Foundation Radio Licence,XGE
M6XGF,Available,Amateur Foundation Radio Licence,XGF
M6XGG,Available,Amateur Foundation Radio Licence,XGG
M6XGH,Available,Amateur Foundation Radio Licence,XGH
M6XGI,Available,Amateur Foundation Radio Licence,XGI
M6XGK,Available,Amateur Foundation Radio Licence,XGK
M6XGL,Available,Amateur Foundation Radio Licence,XGL
M6XGM,Available,Amateur Foundation Radio Licence,XGM
M6XGO,Available,Amateur Foundation Radio Licence,XGO
M6XGQ,Available,Amateur Foundation Radio Licence,XGQ
M6XGR,Available,Amateur Foundation Radio Licence,XGR
M6XGS,Available,Amateur Foundation Radio Licence,XGS
M6XGT,Available,Amateur Foundation Radio Licence,XGT
M6XGU,Available,Amateur Foundation Radio Licence,XGU
M6XGV,Available,Amateur Foundation Radio Licence,XGV
M6XGW,Available,Amateur Foundation Radio Licence,XGW
M6XGX,Available,Amateur Foundation Radio Licence,XGX
M6XGY,Available,Amateur Foundation Radio Licence,XGY
M6XGZ,Available,Amateur Foundation Radio Licence,XGZ
M6XHA,Available,Amateur Foundation Radio Licence,XHA
M6XHB,Available,Amateur Foundation Radio Licence,XHB
M6XHC,Available,Amateur Foundation Radio Licence,XHC
M6XHD,Available,Amateur Foundation Radio Licence,XHD
M6XHE,Available,Amateur Foundation Radio Licence,XHE
M6XHG,Available,Amateur Foundation Radio Licence,XHG
M6XHH,Available,Amateur Foundation Radio Licence,XHH
M6XHI,Available,Amateur Foundation Radio Licence,XHI
M6XHJ,Available,Amateur Foundation Radio Licence,XHJ
M6XHK,Available,Amateur Foundation Radio Licence,XHK
M6XHL,Available,Amateur Foundation Radio Licence,XHL
M6XHM,Available,Amateur Foundation Radio Licence,XHM
M6XHN,Available,Amateur Foundation Radio Licence,XHN
M6XHO,Available,Amateur Foundation Radio Licence,XHO
M6XHP,Available,Amateur Foundation Radio Licence,XHP
M6XHQ,Available,Amateur Foundation Radio Licence,XHQ
M6XHR,Available,Amateur Foundation Radio Licence,XHR
M6XHS,Available,Amateur Foundation Radio Licence,XHS
M6XHT,Available,Amateur Foundation Radio Licence,XHT
M6XHU,Available,Amateur Foundation Radio Licence,XHU
M6XHV,Available,Amateur Foundation Radio Licence,XHV
M6XHW,Available,Amateur Foundation Radio Licence,XHW
M6XHX,Available,Amateur Foundation Radio Licence,XHX
M6XHY,Available,Amateur Foundation Radio Licence,XHY
M6XHZ,Available,Amateur Foundation Radio Licence,XHZ
M6XIA,Available,Amateur Foundation Radio Licence,XIA
M6XIB,Available,Amateur Foundation Radio Licence,XIB
M6XIC,Available,Amateur Foundation Radio Licence,XIC
M6XID,Available,Amateur Foundation Radio Licence,XID
M6XIF,Available,Amateur Foundation Radio Licence,XIF
M6XIG,Available,Amateur Foundation Radio Licence,XIG
M6XIH,Available,Amateur Foundation Radio Licence,XIH
M6XII,Available,Amateur Foundation Radio Licence,XII
M6XIJ,Available,Amateur Foundation Radio Licence,XIJ
M6XIK,Available,Amateur Foundation Radio Licence,XIK
M6XIL,Available,Amateur Foundation Radio Licence,XIL
M6XIN,Available,Amateur Foundation Radio Licence,XIN
M6XIO,Available,Amateur Foundation Radio Licence,XIO
M6XIP,Available,Amateur Foundation Radio Licence,XIP
M6XIQ,Available,Amateur Foundation Radio Licence,XIQ
M6XIR,Available,Amateur Foundation Radio Licence,XIR
M6XIU,Available,Amateur Foundation Radio Licence,XIU
M6XIV,Available,Amateur Foundation Radio Licence,XIV
M6XIW,Available,Amateur Foundation Radio Licence,XIW
M6XIX,Available,Amateur Foundation Radio Licence,XIX
M6XIY,Available,Amateur Foundation Radio Licence,XIY
M6XIZ,Available,Amateur Foundation Radio Licence,XIZ
M6XJA,Available,Amateur Foundation Radio Licence,XJA
M6XJC,Available,Amateur Foundation Radio Licence,XJC
M6XJD,Available,Amateur Foundation Radio Licence,XJD
M6XJE,Available,Amateur Foundation Radio Licence,XJE
M6XJF,Available,Amateur Foundation Radio Licence,XJF
M6XJG,Available,Amateur Foundation Radio Licence,XJG
M6XJH,Available,Amateur Foundation Radio Licence,XJH
M6XJI,Available,Amateur Foundation Radio Licence,XJI
M6XJJ,Available,Amateur Foundation Radio Licence,XJJ
M6XJL,Available,Amateur Foundation Radio Licence,XJL
M6XJM,Available,Amateur Foundation Radio Licence,XJM
M6XJN,Available,Amateur Foundation Radio Licence,XJN
M6XJO,Available,Amateur Foundation Radio Licence,XJO
M6XJQ,Available,Amateur Foundation Radio Licence,XJQ
M6XJR,Available,Amateur Foundation Radio Licence,XJR
M6XJT,Available,Amateur Foundation Radio Licence,XJT
M6XJU,Available,Amateur Foundation Radio Licence,XJU
M6XJV,Available,Amateur Foundation Radio Licence,XJV
M6XJW,Available,Amateur Foundation Radio Licence,XJW
M6XJX,Available,Amateur Foundation Radio Licence,XJX
M6XJY,Available,Amateur Foundation Radio Licence,XJY
M6XJZ,Available,Amateur Foundation Radio Licence,XJZ
M6XKB,Available,Amateur Foundation Radio Licence,XKB
M6XKC,Available,Amateur Foundation Radio Licence,XKC
M6XKD,Available,Amateur Foundation Radio Licence,XKD
M6XKF,Available,Amateur Foundation Radio Licence,XKF
M6XKH,Available,Amateur Foundation Radio Licence,XKH
M6XKI,Available,Amateur Foundation Radio Licence,XKI
M6XKJ,Available,Amateur Foundation Radio Licence,XKJ
M6XKK,Available,Amateur Foundation Radio Licence,XKK
M6XKL,Available,Amateur Foundation Radio Licence,XKL
M6XKM,Available,Amateur Foundation Radio Licence,XKM
M6XKN,Available,Amateur Foundation Radio Licence,XKN
M6XKO,Available,Amateur Foundation Radio Licence,XKO
M6XKP,Available,Amateur Foundation Radio Licence,XKP
M6XKQ,Available,Amateur Foundation Radio Licence,XKQ
M6XKR,Available,Amateur Foundation Radio Licence,XKR
M6XKS,Available,Amateur Foundation Radio Licence,XKS
M6XKU,Available,Amateur Foundation Radio Licence,XKU
M6XKV,Available,Amateur Foundation Radio Licence,XKV
M6XKW,Available,Amateur Foundation Radio Licence,XKW
M6XKY,Available,Amateur Foundation Radio Licence,XKY
M6XKZ,Available,Amateur Foundation Radio Licence,XKZ
M6XLC,Available,Amateur Foundation Radio Licence,XLC
M6XLD,Available,Amateur Foundation Radio Licence,XLD
M6XLE,Available,Amateur Foundation Radio Licence,XLE
M6XLF,Available,Amateur Foundation Radio Licence,XLF
M6XLG,Available,Amateur Foundation Radio Licence,XLG
M6XLH,Available,Amateur Foundation Radio Licence,XLH
M6XLI,Available,Amateur Foundation Radio Licence,XLI
M6XLJ,Available,Amateur Foundation Radio Licence,XLJ
M6XLK,Available,Amateur Foundation Radio Licence,XLK
M6XLM,Available,Amateur Foundation Radio Licence,XLM
M6XLN,Available,Amateur Foundation Radio Licence,XLN
M6XLO,Available,Amateur Foundation Radio Licence,XLO
M6XLQ,Available,Amateur Foundation Radio Licence,XLQ
M6XLR,Available,Amateur Foundation Radio Licence,XLR
M6XLT,Available,Amateur Foundation Radio Licence,XLT
M6XLU,Available,Amateur Foundation Radio Licence,XLU
M6XLW,Available,Amateur Foundation Radio Licence,XLW
M6XLZ,Available,Amateur Foundation Radio Licence,XLZ
M6XMD,Available,Amateur Foundation Radio Licence,XMD
M6XME,Available,Amateur Foundation Radio Licence,XME
M6XMF,Available,Amateur Foundation Radio Licence,XMF
M6XMH,Available,Amateur Foundation Radio Licence,XMH
M6XMI,Available,Amateur Foundation Radio Licence,XMI
M6XMJ,Available,Amateur Foundation Radio Licence,XMJ
M6XMK,Available,Amateur Foundation Radio Licence,XMK
M6XMM,Available,Amateur Foundation Radio Licence,XMM
M6XMO,Available,Amateur Foundation Radio Licence,XMO
M6XMQ,Available,Amateur Foundation Radio Licence,XMQ
M6XMR,Available,Amateur Foundation Radio Licence,XMR
M6XMS,Available,Amateur Foundation Radio Licence,XMS
M6XMU,Available,Amateur Foundation Radio Licence,XMU
M6XMV,Available,Amateur Foundation Radio Licence,XMV
M6XMY,Available,Amateur Foundation Radio Licence,XMY
M6XMZ,Available,Amateur Foundation Radio Licence,XMZ
M6XNA,Available,Amateur Foundation Radio Licence,XNA
M6XNB,Available,Amateur Foundation Radio Licence,XNB
M6XNC,Available,Amateur Foundation Radio Licence,XNC
M6XND,Available,Amateur Foundation Radio Licence,XND
M6XNE,Available,Amateur Foundation Radio Licence,XNE
M6XNF,Available,Amateur Foundation Radio Licence,XNF
M6XNG,Available,Amateur Foundation Radio Licence,XNG
M6XNH,Available,Amateur Foundation Radio Licence,XNH
M6XNI,Available,Amateur Foundation Radio Licence,XNI
M6XNJ,Available,Amateur Foundation Radio Licence,XNJ
M6XNK,Available,Amateur Foundation Radio Licence,XNK
M6XNL,Available,Amateur Foundation Radio Licence,XNL
M6XNM,Available,Amateur Foundation Radio Licence,XNM
M6XNN,Available,Amateur Foundation Radio Licence,XNN
M6XNP,Available,Amateur Foundation Radio Licence,XNP
M6XNQ,Available,Amateur Foundation Radio Licence,XNQ
M6XNR,Available,Amateur Foundation Radio Licence,XNR
M6XNS,Available,Amateur Foundation Radio Licence,XNS
M6XNT,Available,Amateur Foundation Radio Licence,XNT
M6XNV,Available,Amateur Foundation Radio Licence,XNV
M6XNW,Available,Amateur Foundation Radio Licence,XNW
M6XNX,Available,Amateur Foundation Radio Licence,XNX
M6XNY,Available,Amateur Foundation Radio Licence,XNY
M6XNZ,Available,Amateur Foundation Radio Licence,XNZ
M6XOA,Available,Amateur Foundation Radio Licence,XOA
M6XOB,Available,Amateur Foundation Radio Licence,XOB
M6XOE,Available,Amateur Foundation Radio Licence,XOE
M6XOG,Available,Amateur Foundation Radio Licence,XOG
M6XOH,Available,Amateur Foundation Radio Licence,XOH
M6XOI,Available,Amateur Foundation Radio Licence,XOI
M6XOJ,Available,Amateur Foundation Radio Licence,XOJ
M6XOK,Available,Amateur Foundation Radio Licence,XOK
M6XOL,Available,Amateur Foundation Radio Licence,XOL
M6XOM,Available,Amateur Foundation Radio Licence,XOM
M6XON,Available,Amateur Foundation Radio Licence,XON
M6XOO,Available,Amateur Foundation Radio Licence,XOO
M6XOQ,Available,Amateur Foundation Radio Licence,XOQ
M6XOT,Available,Amateur Foundation Radio Licence,XOT
M6XOU,Available,Amateur Foundation Radio Licence,XOU
M6XOV,Available,Amateur Foundation Radio Licence,XOV
M6XOW,Available,Amateur Foundation Radio Licence,XOW
M6XOY,Available,Amateur Foundation Radio Licence,XOY
M6XPC,Available,Amateur Foundation Radio Licence,XPC
M6XPD,Available,Amateur Foundation Radio Licence,XPD
M6XPE,Available,Amateur Foundation Radio Licence,XPE
M6XPF,Available,Amateur Foundation Radio Licence,XPF
M6XPH,Available,Amateur Foundation Radio Licence,XPH
M6XPI,Available,Amateur Foundation Radio Licence,XPI
M6XPJ,Available,Amateur Foundation Radio Licence,XPJ
M6XPK,Available,Amateur Foundation Radio Licence,XPK
M6XPL,Available,Amateur Foundation Radio Licence,XPL
M6XPM,Available,Amateur Foundation Radio Licence,XPM
M6XPO,Available,Amateur Foundation Radio Licence,XPO
M6XPP,Available,Amateur Foundation Radio Licence,XPP
M6XPQ,Available,Amateur Foundation Radio Licence,XPQ
M6XPR,Available,Amateur Foundation Radio Licence,XPR
M6XPS,Available,Amateur Foundation Radio Licence,XPS
M6XPU,Available,Amateur Foundation Radio Licence,XPU
M6XPV,Available,Amateur Foundation Radio Licence,XPV
M6XPW,Available,Amateur Foundation Radio Licence,XPW
M6XPX,Available,Amateur Foundation Radio Licence,XPX
M6XPY,Available,Amateur Foundation Radio Licence,XPY
M6XPZ,Available,Amateur Foundation Radio Licence,XPZ
M6XQA,Available,Amateur Foundation Radio Licence,XQA
M6XQB,Available,Amateur Foundation Radio Licence,XQB
M6XQC,Available,Amateur Foundation Radio Licence,XQC
M6XQD,Available,Amateur Foundation Radio Licence,XQD
M6XQE,Available,Amateur Foundation Radio Licence,XQE
M6XQF,Available,Amateur Foundation Radio Licence,XQF
M6XQG,Available,Amateur Foundation Radio Licence,XQG
M6XQH,Available,Amateur Foundation Radio Licence,XQH
M6XQI,Available,Amateur Foundation Radio Licence,XQI
M6XQJ,Available,Amateur Foundation Radio Licence,XQJ
M6XQK,Available,Amateur Foundation Radio Licence,XQK
M6XQL,Available,Amateur Foundation Radio Licence,XQL
M6XQM,Available,Amateur Foundation Radio Licence,XQM
M6XQN,Available,Amateur Foundation Radio Licence,XQN
M6XQO,Available,Amateur Foundation Radio Licence,XQO
M6XQP,Available,Amateur Foundation Radio Licence,XQP
M6XQQ,Available,Amateur Foundation Radio Licence,XQQ
M6XQR,Available,Amateur Foundation Radio Licence,XQR
M6XQS,Available,Amateur Foundation Radio Licence,XQS
M6XQT,Available,Amateur Foundation Radio Licence,XQT
M6XQU,Available,Amateur Foundation Radio Licence,XQU
M6XQV,Available,Amateur Foundation Radio Licence,XQV
M6XQW,Available,Amateur Foundation Radio Licence,XQW
M6XQY,Available,Amateur Foundation Radio Licence,XQY
M6XQZ,Available,Amateur Foundation Radio Licence,XQZ
M6XRD,Available,Amateur Foundation Radio Licence,XRD
M6XRI,Available,Amateur Foundation Radio Licence,XRI
M6XRJ,Available,Amateur Foundation Radio Licence,XRJ
M6XRK,Available,Amateur Foundation Radio Licence,XRK
M6XRL,Available,Amateur Foundation Radio Licence,XRL
M6XRM,Available,Amateur Foundation Radio Licence,XRM
M6XRP,Available,Amateur Foundation Radio Licence,XRP
M6XRQ,Available,Amateur Foundation Radio Licence,XRQ
M6XRR,Available,Amateur Foundation Radio Licence,XRR
M6XRU,Available,Amateur Foundation Radio Licence,XRU
M6XRV,Available,Amateur Foundation Radio Licence,XRV
M6XRW,Available,Amateur Foundation Radio Licence,XRW
M6XRX,Available,Amateur Foundation Radio Licence,XRX
M6XRY,Available,Amateur Foundation Radio Licence,XRY
M6XRZ,Available,Amateur Foundation Radio Licence,XRZ
M6XSA,Available,Amateur Foundation Radio Licence,XSA
M6XSE,Available,Amateur Foundation Radio Licence,XSE
M6XSG,Available,Amateur Foundation Radio Licence,XSG
M6XSH,Available,Amateur Foundation Radio Licence,XSH
M6XSK,Available,Amateur Foundation Radio Licence,XSK
M6XSL,Available,Amateur Foundation Radio Licence,XSL
M6XSM,Available,Amateur Foundation Radio Licence,XSM
M6XSN,Available,Amateur Foundation Radio Licence,XSN
M6XSO,Available,Amateur Foundation Radio Licence,XSO
M6XSQ,Available,Amateur Foundation Radio Licence,XSQ
M6XSR,Available,Amateur Foundation Radio Licence,XSR
M6XSU,Available,Amateur Foundation Radio Licence,XSU
M6XSV,Available,Amateur Foundation Radio Licence,XSV
M6XSX,Available,Amateur Foundation Radio Licence,XSX
M6XSY,Available,Amateur Foundation Radio Licence,XSY
M6XTA,Available,Amateur Foundation Radio Licence,XTA
M6XTB,Available,Amateur Foundation Radio Licence,XTB
M6XTE,Available,Amateur Foundation Radio Licence,XTE
M6XTG,Available,Amateur Foundation Radio Licence,XTG
M6XTH,Available,Amateur Foundation Radio Licence,XTH
M6XTI,Available,Amateur Foundation Radio Licence,XTI
M6XTJ,Available,Amateur Foundation Radio Licence,XTJ
M6XTN,Available,Amateur Foundation Radio Licence,XTN
M6XTO,Available,Amateur Foundation Radio Licence,XTO
M6XTQ,Available,Amateur Foundation Radio Licence,XTQ
M6XTT,Available,Amateur Foundation Radio Licence,XTT
M6XTU,Available,Amateur Foundation Radio Licence,XTU
M6XTV,Available,Amateur Foundation Radio Licence,XTV
M6XTW,Available,Amateur Foundation Radio Licence,XTW
M6XTX,Available,Amateur Foundation Radio Licence,XTX
M6XUA,Available,Amateur Foundation Radio Licence,XUA
M6XUB,Available,Amateur Foundation Radio Licence,XUB
M6XUC,Available,Amateur Foundation Radio Licence,XUC
M6XUE,Available,Amateur Foundation Radio Licence,XUE
M6XUF,Available,Amateur Foundation Radio Licence,XUF
M6XUG,Available,Amateur Foundation Radio Licence,XUG
M6XUH,Available,Amateur Foundation Radio Licence,XUH
M6XUI,Available,Amateur Foundation Radio Licence,XUI
M6XUJ,Available,Amateur Foundation Radio Licence,XUJ
M6XUL,Available,Amateur Foundation Radio Licence,XUL
M6XUM,Available,Amateur Foundation Radio Licence,XUM
M6XUN,Available,Amateur Foundation Radio Licence,XUN
M6XUO,Available,Amateur Foundation Radio Licence,XUO
M6XUQ,Available,Amateur Foundation Radio Licence,XUQ
M6XUR,Available,Amateur Foundation Radio Licence,XUR
M6XUS,Available,Amateur Foundation Radio Licence,XUS
M6XUT,Available,Amateur Foundation Radio Licence,XUT
M6XUU,Available,Amateur Foundation Radio Licence,XUU
M6XUV,Available,Amateur Foundation Radio Licence,XUV
M6XUW,Available,Amateur Foundation Radio Licence,XUW
M6XUX,Available,Amateur Foundation Radio Licence,XUX
M6XUY,Available,Amateur Foundation Radio Licence,XUY
M6XUZ,Available,Amateur Foundation Radio Licence,XUZ
M6XVA,Available,Amateur Foundation Radio Licence,XVA
M6XVB,Available,Amateur Foundation Radio Licence,XVB
M6XVD,Available,Amateur Foundation Radio Licence,XVD
M6XVF,Available,Amateur Foundation Radio Licence,XVF
M6XVG,Available,Amateur Foundation Radio Licence,XVG
M6XVH,Available,Amateur Foundation Radio Licence,XVH
M6XVI,Available,Amateur Foundation Radio Licence,XVI
M6XVJ,Available,Amateur Foundation Radio Licence,XVJ
M6XVK,Available,Amateur Foundation Radio Licence,XVK
M6XVL,Available,Amateur Foundation Radio Licence,XVL
M6XVM,Available,Amateur Foundation Radio Licence,XVM
M6XVN,Available,Amateur Foundation Radio Licence,XVN
M6XVO,Available,Amateur Foundation Radio Licence,XVO
M6XVP,Available,Amateur Foundation Radio Licence,XVP
M6XVQ,Available,Amateur Foundation Radio Licence,XVQ
M6XVR,Available,Amateur Foundation Radio Licence,XVR
M6XVS,Available,Amateur Foundation Radio Licence,XVS
M6XVU,Available,Amateur Foundation Radio Licence,XVU
M6XVV,Available,Amateur Foundation Radio Licence,XVV
M6XVW,Available,Amateur Foundation Radio Licence,XVW
M6XVX,Available,Amateur Foundation Radio Licence,XVX
M6XVY,Available,Amateur Foundation Radio Licence,XVY
M6XWA,Available,Amateur Foundation Radio Licence,XWA
M6XWB,Available,Amateur Foundation Radio Licence,XWB
M6XWC,Available,Amateur Foundation Radio Licence,XWC
M6XWE,Available,Amateur Foundation Radio Licence,XWE
M6XWF,Available,Amateur Foundation Radio Licence,XWF
M6XWG,Available,Amateur Foundation Radio Licence,XWG
M6XWH,Available,Amateur Foundation Radio Licence,XWH
M6XWI,Available,Amateur Foundation Radio Licence,XWI
M6XWJ,Available,Amateur Foundation Radio Licence,XWJ
M6XWK,Available,Amateur Foundation Radio Licence,XWK
M6XWL,Available,Amateur Foundation Radio Licence,XWL
M6XWM,Available,Amateur Foundation Radio Licence,XWM
M6XWN,Available,Amateur Foundation Radio Licence,XWN
M6XWO,Available,Amateur Foundation Radio Licence,XWO
M6XWP,Available,Amateur Foundation Radio Licence,XWP
M6XWQ,Available,Amateur Foundation Radio Licence,XWQ
M6XWR,Available,Amateur Foundation Radio Licence,XWR
M6XWS,Available,Amateur Foundation Radio Licence,XWS
M6XWU,Available,Amateur Foundation Radio Licence,XWU
M6XWV,Available,Amateur Foundation Radio Licence,XWV
M6XWW,Available,Amateur Foundation Radio Licence,XWW
M6XWX,Available,Amateur Foundation Radio Licence,XWX
M6XWY,Available,Amateur Foundation Radio Licence,XWY
M6XXA,Available,Amateur Foundation Radio Licence,XXA
M6XXB,Available,Amateur Foundation Radio Licence,XXB
M6XXC,Available,Amateur Foundation Radio Licence,XXC
M6XXD,Available,Amateur Foundation Radio Licence,XXD
M6XXE,Available,Amateur Foundation Radio Licence,XXE
M6XXF,Available,Amateur Foundation Radio Licence,XXF
M6XXG,Available,Amateur Foundation Radio Licence,XXG
M6XXH,Available,Amateur Foundation Radio Licence,XXH
M6XXJ,Available,Amateur Foundation Radio Licence,XXJ
M6XXK,Available,Amateur Foundation Radio Licence,XXK
M6XXM,Available,Amateur Foundation Radio Licence,XXM
M6XXN,Available,Amateur Foundation Radio Licence,XXN
M6XXO,Available,Amateur Foundation Radio Licence,XXO
M6XXP,Available,Amateur Foundation Radio Licence,XXP
M6XXQ,Available,Amateur Foundation Radio Licence,XXQ
M6XXR,Available,Amateur Foundation Radio Licence,XXR
M6XXS,Available,Amateur Foundation Radio Licence,XXS
M6XXU,Available,Amateur Foundation Radio Licence,XXU
M6XXW,Available,Amateur Foundation Radio Licence,XXW
M6XXY,Available,Amateur Foundation Radio Licence,XXY
M6XXZ,Available,Amateur Foundation Radio Licence,XXZ
M6XYA,Available,Amateur Foundation Radio Licence,XYA
M6XYB,Available,Amateur Foundation Radio Licence,XYB
M6XYC,Available,Amateur Foundation Radio Licence,XYC
M6XYD,Available,Amateur Foundation Radio Licence,XYD
M6XYE,Available,Amateur Foundation Radio Licence,XYE
M6XYF,Available,Amateur Foundation Radio Licence,XYF
M6XYG,Available,Amateur Foundation Radio Licence,XYG
M6XYI,Available,Amateur Foundation Radio Licence,XYI
M6XYJ,Available,Amateur Foundation Radio Licence,XYJ
M6XYK,Available,Amateur Foundation Radio Licence,XYK
M6XYN,Available,Amateur Foundation Radio Licence,XYN
M6XYO,Available,Amateur Foundation Radio Licence,XYO
M6XYP,Available,Amateur Foundation Radio Licence,XYP
M6XYQ,Available,Amateur Foundation Radio Licence,XYQ
M6XYR,Available,Amateur Foundation Radio Licence,XYR
M6XYS,Available,Amateur Foundation Radio Licence,XYS
M6XYT,Available,Amateur Foundation Radio Licence,XYT
M6XYU,Available,Amateur Foundation Radio Licence,XYU
M6XYV,Available,Amateur Foundation Radio Licence,XYV
M6XYW,Available,Amateur Foundation Radio Licence,XYW
M6XZA,Available,Amateur Foundation Radio Licence,XZA
M6XZB,Available,Amateur Foundation Radio Licence,XZB
M6XZC,Available,Amateur Foundation Radio Licence,XZC
M6XZD,Available,Amateur Foundation Radio Licence,XZD
M6XZE,Available,Amateur Foundation Radio Licence,XZE
M6XZF,Available,Amateur Foundation Radio Licence,XZF
M6XZG,Available,Amateur Foundation Radio Licence,XZG
M6XZH,Available,Amateur Foundation Radio Licence,XZH
M6XZI,Available,Amateur Foundation Radio Licence,XZI
M6XZJ,Available,Amateur Foundation Radio Licence,XZJ
M6XZK,Available,Amateur Foundation Radio Licence,XZK
M6XZL,Available,Amateur Foundation Radio Licence,XZL
M6XZM,Available,Amateur Foundation Radio Licence,XZM
M6XZN,Available,Amateur Foundation Radio Licence,XZN
M6XZO,Available,Amateur Foundation Radio Licence,XZO
M6XZP,Available,Amateur Foundation Radio Licence,XZP
M6XZQ,Available,Amateur Foundation Radio Licence,XZQ
M6XZR,Available,Amateur Foundation Radio Licence,XZR
M6XZS,Available,Amateur Foundation Radio Licence,XZS
M6XZT,Available,Amateur Foundation Radio Licence,XZT
M6XZU,Available,Amateur Foundation Radio Licence,XZU
M6XZV,Available,Amateur Foundation Radio Licence,XZV
M6XZW,Available,Amateur Foundation Radio Licence,XZW
M6XZY,Available,Amateur Foundation Radio Licence,XZY
M6XZZ,Available,Amateur Foundation Radio Licence,XZZ
M6YAO,Available,Amateur Foundation Radio Licence,YAO
M6YAQ,Available,Amateur Foundation Radio Licence,YAQ
M6YAS,Available,Amateur Foundation Radio Licence,YAS
M6YAT,Available,Amateur Foundation Radio Licence,YAT
M6YAU,Available,Amateur Foundation Radio Licence,YAU
M6YAV,Available,Amateur Foundation Radio Licence,YAV
M6YAW,Available,Amateur Foundation Radio Licence,YAW
M6YAX,Available,Amateur Foundation Radio Licence,YAX
M6YBA,Available,Amateur Foundation Radio Licence,YBA
M6YBB,Available,Amateur Foundation Radio Licence,YBB
M6YBC,Available,Amateur Foundation Radio Licence,YBC
M6YBD,Available,Amateur Foundation Radio Licence,YBD
M6YBE,Available,Amateur Foundation Radio Licence,YBE
M6YBG,Available,Amateur Foundation Radio Licence,YBG
M6YBH,Available,Amateur Foundation Radio Licence,YBH
M6YBI,Available,Amateur Foundation Radio Licence,YBI
M6YBJ,Available,Amateur Foundation Radio Licence,YBJ
M6YBK,Available,Amateur Foundation Radio Licence,YBK
M6YBL,Available,Amateur Foundation Radio Licence,YBL
M6YBM,Available,Amateur Foundation Radio Licence,YBM
M6YBN,Available,Amateur Foundation Radio Licence,YBN
M6YBO,Available,Amateur Foundation Radio Licence,YBO
M6YBP,Available,Amateur Foundation Radio Licence,YBP
M6YBQ,Available,Amateur Foundation Radio Licence,YBQ
M6YBR,Available,Amateur Foundation Radio Licence,YBR
M6YBS,Available,Amateur Foundation Radio Licence,YBS
M6YBT,Available,Amateur Foundation Radio Licence,YBT
M6YBU,Available,Amateur Foundation Radio Licence,YBU
M6YBW,Available,Amateur Foundation Radio Licence,YBW
M6YBX,Available,Amateur Foundation Radio Licence,YBX
M6YBY,Available,Amateur Foundation Radio Licence,YBY
M6YCB,Available,Amateur Foundation Radio Licence,YCB
M6YCC,Available,Amateur Foundation Radio Licence,YCC
M6YCD,Available,Amateur Foundation Radio Licence,YCD
M6YCE,Available,Amateur Foundation Radio Licence,YCE
M6YCF,Available,Amateur Foundation Radio Licence,YCF
M6YCG,Available,Amateur Foundation Radio Licence,YCG
M6YCH,Available,Amateur Foundation Radio Licence,YCH
M6YCI,Available,Amateur Foundation Radio Licence,YCI
M6YCK,Available,Amateur Foundation Radio Licence,YCK
M6YCL,Available,Amateur Foundation Radio Licence,YCL
M6YCM,Available,Amateur Foundation Radio Licence,YCM
M6YCO,Available,Amateur Foundation Radio Licence,YCO
M6YCP,Available,Amateur Foundation Radio Licence,YCP
M6YCS,Available,Amateur Foundation Radio Licence,YCS
M6YCU,Available,Amateur Foundation Radio Licence,YCU
M6YCV,Available,Amateur Foundation Radio Licence,YCV
M6YCW,Available,Amateur Foundation Radio Licence,YCW
M6YCX,Available,Amateur Foundation Radio Licence,YCX
M6YCY,Available,Amateur Foundation Radio Licence,YCY
M6YCZ,Available,Amateur Foundation Radio Licence,YCZ
M6YDE,Available,Amateur Foundation Radio Licence,YDE
M6YDF,Available,Amateur Foundation Radio Licence,YDF
M6YDH,Available,Amateur Foundation Radio Licence,YDH
M6YDI,Available,Amateur Foundation Radio Licence,YDI
M6YDJ,Available,Amateur Foundation Radio Licence,YDJ
M6YDK,Available,Amateur Foundation Radio Licence,YDK
M6YDL,Available,Amateur Foundation Radio Licence,YDL
M6YDM,Available,Amateur Foundation Radio Licence,YDM
M6YDN,Available,Amateur Foundation Radio Licence,YDN
M6YDO,Available,Amateur Foundation Radio Licence,YDO
M6YDQ,Available,Amateur Foundation Radio Licence,YDQ
M6YDU,Available,Amateur Foundation Radio Licence,YDU
M6YDY,Available,Amateur Foundation Radio Licence,YDY
M6YDZ,Available,Amateur Foundation Radio Licence,YDZ
M6YED,Available,Amateur Foundation Radio Licence,YED
M6YEE,Available,Amateur Foundation Radio Licence,YEE
M6YEF,Available,Amateur Foundation Radio Licence,YEF
M6YEI,Available,Amateur Foundation Radio Licence,YEI
M6YEJ,Available,Amateur Foundation Radio Licence,YEJ
M6YEK,Available,Amateur Foundation Radio Licence,YEK
M6YEN,Available,Amateur Foundation Radio Licence,YEN
M6YEP,Available,Amateur Foundation Radio Licence,YEP
M6YEQ,Available,Amateur Foundation Radio Licence,YEQ
M6YER,Available,Amateur Foundation Radio Licence,YER
M6YEU,Available,Amateur Foundation Radio Licence,YEU
M6YEV,Available,Amateur Foundation Radio Licence,YEV
M6YEX,Available,Amateur Foundation Radio Licence,YEX
M6YFA,Available,Amateur Foundation Radio Licence,YFA
M6YFB,Available,Amateur Foundation Radio Licence,YFB
M6YFC,Available,Amateur Foundation Radio Licence,YFC
M6YFD,Available,Amateur Foundation Radio Licence,YFD
M6YFE,Available,Amateur Foundation Radio Licence,YFE
M6YFF,Available,Amateur Foundation Radio Licence,YFF
M6YFG,Available,Amateur Foundation Radio Licence,YFG
M6YFH,Available,Amateur Foundation Radio Licence,YFH
M6YFI,Available,Amateur Foundation Radio Licence,YFI
M6YFJ,Available,Amateur Foundation Radio Licence,YFJ
M6YFK,Available,Amateur Foundation Radio Licence,YFK
M6YFL,Available,Amateur Foundation Radio Licence,YFL
M6YFM,Available,Amateur Foundation Radio Licence,YFM
M6YFN,Available,Amateur Foundation Radio Licence,YFN
M6YFO,Available,Amateur Foundation Radio Licence,YFO
M6YFP,Available,Amateur Foundation Radio Licence,YFP
M6YFQ,Available,Amateur Foundation Radio Licence,YFQ
M6YFR,Available,Amateur Foundation Radio Licence,YFR
M6YFS,Available,Amateur Foundation Radio Licence,YFS
M6YFU,Available,Amateur Foundation Radio Licence,YFU
M6YFV,Available,Amateur Foundation Radio Licence,YFV
M6YFW,Available,Amateur Foundation Radio Licence,YFW
M6YFY,Available,Amateur Foundation Radio Licence,YFY
M6YFZ,Available,Amateur Foundation Radio Licence,YFZ
M6YGA,Available,Amateur Foundation Radio Licence,YGA
M6YGD,Available,Amateur Foundation Radio Licence,YGD
M6YGE,Available,Amateur Foundation Radio Licence,YGE
M6YGF,Available,Amateur Foundation Radio Licence,YGF
M6YGG,Available,Amateur Foundation Radio Licence,YGG
M6YGH,Available,Amateur Foundation Radio Licence,YGH
M6YGJ,Available,Amateur Foundation Radio Licence,YGJ
M6YGK,Available,Amateur Foundation Radio Licence,YGK
M6YGL,Available,Amateur Foundation Radio Licence,YGL
M6YGM,Available,Amateur Foundation Radio Licence,YGM
M6YGN,Available,Amateur Foundation Radio Licence,YGN
M6YGO,Available,Amateur Foundation Radio Licence,YGO
M6YGP,Available,Amateur Foundation Radio Licence,YGP
M6YGQ,Available,Amateur Foundation Radio Licence,YGQ
M6YGR,Available,Amateur Foundation Radio Licence,YGR
M6YGS,Available,Amateur Foundation Radio Licence,YGS
M6YGT,Available,Amateur Foundation Radio Licence,YGT
M6YGU,Available,Amateur Foundation Radio Licence,YGU
M6YGV,Available,Amateur Foundation Radio Licence,YGV
M6YGW,Available,Amateur Foundation Radio Licence,YGW
M6YGX,Available,Amateur Foundation Radio Licence,YGX
M6YGY,Available,Amateur Foundation Radio Licence,YGY
M6YGZ,Available,Amateur Foundation Radio Licence,YGZ
M6YHA,Available,Amateur Foundation Radio Licence,YHA
M6YHB,Available,Amateur Foundation Radio Licence,YHB
M6YHC,Available,Amateur Foundation Radio Licence,YHC
M6YHD,Available,Amateur Foundation Radio Licence,YHD
M6YHE,Available,Amateur Foundation Radio Licence,YHE
M6YHG,Available,Amateur Foundation Radio Licence,YHG
M6YHH,Available,Amateur Foundation Radio Licence,YHH
M6YHI,Available,Amateur Foundation Radio Licence,YHI
M6YHJ,Available,Amateur Foundation Radio Licence,YHJ
M6YHK,Available,Amateur Foundation Radio Licence,YHK
M6YHL,Available,Amateur Foundation Radio Licence,YHL
M6YHM,Available,Amateur Foundation Radio Licence,YHM
M6YHN,Available,Amateur Foundation Radio Licence,YHN
M6YHP,Available,Amateur Foundation Radio Licence,YHP
M6YHQ,Available,Amateur Foundation Radio Licence,YHQ
M6YHT,Available,Amateur Foundation Radio Licence,YHT
M6YHU,Available,Amateur Foundation Radio Licence,YHU
M6YHW,Available,Amateur Foundation Radio Licence,YHW
M6YHX,Available,Amateur Foundation Radio Licence,YHX
M6YHY,Available,Amateur Foundation Radio Licence,YHY
M6YHZ,Available,Amateur Foundation Radio Licence,YHZ
M6YIA,Available,Amateur Foundation Radio Licence,YIA
M6YIB,Available,Amateur Foundation Radio Licence,YIB
M6YIC,Available,Amateur Foundation Radio Licence,YIC
M6YIE,Available,Amateur Foundation Radio Licence,YIE
M6YIF,Available,Amateur Foundation Radio Licence,YIF
M6YIG,Available,Amateur Foundation Radio Licence,YIG
M6YIH,Available,Amateur Foundation Radio Licence,YIH
M6YII,Available,Amateur Foundation Radio Licence,YII
M6YIJ,Available,Amateur Foundation Radio Licence,YIJ
M6YIK,Available,Amateur Foundation Radio Licence,YIK
M6YIL,Available,Amateur Foundation Radio Licence,YIL
M6YIM,Available,Amateur Foundation Radio Licence,YIM
M6YIO,Available,Amateur Foundation Radio Licence,YIO
M6YIP,Available,Amateur Foundation Radio Licence,YIP
M6YIQ,Available,Amateur Foundation Radio Licence,YIQ
M6YIR,Available,Amateur Foundation Radio Licence,YIR
M6YIS,Available,Amateur Foundation Radio Licence,YIS
M6YIT,Available,Amateur Foundation Radio Licence,YIT
M6YIU,Available,Amateur Foundation Radio Licence,YIU
M6YIV,Available,Amateur Foundation Radio Licence,YIV
M6YIW,Available,Amateur Foundation Radio Licence,YIW
M6YIX,Available,Amateur Foundation Radio Licence,YIX
M6YIY,Available,Amateur Foundation Radio Licence,YIY
M6YIZ,Available,Amateur Foundation Radio Licence,YIZ
M6YJA,Available,Amateur Foundation Radio Licence,YJA
M6YJB,Available,Amateur Foundation Radio Licence,YJB
M6YJC,Available,Amateur Foundation Radio Licence,YJC
M6YJF,Available,Amateur Foundation Radio Licence,YJF
M6YJG,Available,Amateur Foundation Radio Licence,YJG
M6YJH,Available,Amateur Foundation Radio Licence,YJH
M6YJI,Available,Amateur Foundation Radio Licence,YJI
M6YJJ,Available,Amateur Foundation Radio Licence,YJJ
M6YJL,Available,Amateur Foundation Radio Licence,YJL
M6YJM,Available,Amateur Foundation Radio Licence,YJM
M6YJN,Available,Amateur Foundation Radio Licence,YJN
M6YJO,Available,Amateur Foundation Radio Licence,YJO
M6YJQ,Available,Amateur Foundation Radio Licence,YJQ
M6YJR,Available,Amateur Foundation Radio Licence,YJR
M6YJS,Available,Amateur Foundation Radio Licence,YJS
M6YJT,Available,Amateur Foundation Radio Licence,YJT
M6YJU,Available,Amateur Foundation Radio Licence,YJU
M6YJV,Available,Amateur Foundation Radio Licence,YJV
M6YJW,Available,Amateur Foundation Radio Licence,YJW
M6YJX,Available,Amateur Foundation Radio Licence,YJX
M6YJY,Available,Amateur Foundation Radio Licence,YJY
M6YJZ,Available,Amateur Foundation Radio Licence,YJZ
M6YKA,Available,Amateur Foundation Radio Licence,YKA
M6YKB,Available,Amateur Foundation Radio Licence,YKB
M6YKC,Available,Amateur Foundation Radio Licence,YKC
M6YKD,Available,Amateur Foundation Radio Licence,YKD
M6YKE,Available,Amateur Foundation Radio Licence,YKE
M6YKF,Available,Amateur Foundation Radio Licence,YKF
M6YKG,Available,Amateur Foundation Radio Licence,YKG
M6YKH,Available,Amateur Foundation Radio Licence,YKH
M6YKJ,Available,Amateur Foundation Radio Licence,YKJ
M6YKL,Available,Amateur Foundation Radio Licence,YKL
M6YKM,Available,Amateur Foundation Radio Licence,YKM
M6YKN,Available,Amateur Foundation Radio Licence,YKN
M6YKO,Available,Amateur Foundation Radio Licence,YKO
M6YKQ,Available,Amateur Foundation Radio Licence,YKQ
M6YKR,Available,Amateur Foundation Radio Licence,YKR
M6YKT,Available,Amateur Foundation Radio Licence,YKT
M6YKU,Available,Amateur Foundation Radio Licence,YKU
M6YKW,Available,Amateur Foundation Radio Licence,YKW
M6YKX,Available,Amateur Foundation Radio Licence,YKX
M6YKY,Available,Amateur Foundation Radio Licence,YKY
M6YKZ,Available,Amateur Foundation Radio Licence,YKZ
M6YLD,Available,Amateur Foundation Radio Licence,YLD
M6YLF,Available,Amateur Foundation Radio Licence,YLF
M6YLK,Available,Amateur Foundation Radio Licence,YLK
M6YLL,Available,Amateur Foundation Radio Licence,YLL
M6YLM,Available,Amateur Foundation Radio Licence,YLM
M6YLN,Available,Amateur Foundation Radio Licence,YLN
M6YLO,Available,Amateur Foundation Radio Licence,YLO
M6YLP,Available,Amateur Foundation Radio Licence,YLP
M6YLQ,Available,Amateur Foundation Radio Licence,YLQ
M6YLU,Available,Amateur Foundation Radio Licence,YLU
M6YLV,Available,Amateur Foundation Radio Licence,YLV
M6YLW,Available,Amateur Foundation Radio Licence,YLW
M6YLX,Available,Amateur Foundation Radio Licence,YLX
M6YLY,Available,Amateur Foundation Radio Licence,YLY
M6YLZ,Available,Amateur Foundation Radio Licence,YLZ
M6YMB,Available,Amateur Foundation Radio Licence,YMB
M6YMC,Available,Amateur Foundation Radio Licence,YMC
M6YMF,Available,Amateur Foundation Radio Licence,YMF
M6YMG,Available,Amateur Foundation Radio Licence,YMG
M6YMH,Available,Amateur Foundation Radio Licence,YMH
M6YMI,Available,Amateur Foundation Radio Licence,YMI
M6YMK,Available,Amateur Foundation Radio Licence,YMK
M6YML,Available,Amateur Foundation Radio Licence,YML
M6YMM,Available,Amateur Foundation Radio Licence,YMM
M6YMO,Available,Amateur Foundation Radio Licence,YMO
M6YMP,Available,Amateur Foundation Radio Licence,YMP
M6YMQ,Available,Amateur Foundation Radio Licence,YMQ
M6YMS,Available,Amateur Foundation Radio Licence,YMS
M6YMT,Available,Amateur Foundation Radio Licence,YMT
M6YMU,Available,Amateur Foundation Radio Licence,YMU
M6YMV,Available,Amateur Foundation Radio Licence,YMV
M6YMW,Available,Amateur Foundation Radio Licence,YMW
M6YMX,Available,Amateur Foundation Radio Licence,YMX
M6YMZ,Available,Amateur Foundation Radio Licence,YMZ
M6YNA,Available,Amateur Foundation Radio Licence,YNA
M6YNB,Available,Amateur Foundation Radio Licence,YNB
M6YNC,Available,Amateur Foundation Radio Licence,YNC
M6YND,Available,Amateur Foundation Radio Licence,YND
M6YNF,Available,Amateur Foundation Radio Licence,YNF
M6YNH,Available,Amateur Foundation Radio Licence,YNH
M6YNI,Available,Amateur Foundation Radio Licence,YNI
M6YNJ,Available,Amateur Foundation Radio Licence,YNJ
M6YNL,Available,Amateur Foundation Radio Licence,YNL
M6YNM,Available,Amateur Foundation Radio Licence,YNM
M6YNN,Available,Amateur Foundation Radio Licence,YNN
M6YNO,Available,Amateur Foundation Radio Licence,YNO
M6YNP,Available,Amateur Foundation Radio Licence,YNP
M6YNQ,Available,Amateur Foundation Radio Licence,YNQ
M6YNR,Available,Amateur Foundation Radio Licence,YNR
M6YNS,Available,Amateur Foundation Radio Licence,YNS
M6YNU,Available,Amateur Foundation Radio Licence,YNU
M6YNV,Available,Amateur Foundation Radio Licence,YNV
M6YNW,Available,Amateur Foundation Radio Licence,YNW
M6YNX,Available,Amateur Foundation Radio Licence,YNX
M6YNY,Available,Amateur Foundation Radio Licence,YNY
M6YNZ,Available,Amateur Foundation Radio Licence,YNZ
M6YOA,Available,Amateur Foundation Radio Licence,YOA
M6YOC,Available,Amateur Foundation Radio Licence,YOC
M6YOE,Available,Amateur Foundation Radio Licence,YOE
M6YOF,Available,Amateur Foundation Radio Licence,YOF
M6YOH,Available,Amateur Foundation Radio Licence,YOH
M6YOI,Available,Amateur Foundation Radio Licence,YOI
M6YOJ,Available,Amateur Foundation Radio Licence,YOJ
M6YOK,Available,Amateur Foundation Radio Licence,YOK
M6YOL,Available,Amateur Foundation Radio Licence,YOL
M6YOM,Available,Amateur Foundation Radio Licence,YOM
M6YOP,Available,Amateur Foundation Radio Licence,YOP
M6YOQ,Available,Amateur Foundation Radio Licence,YOQ
M6YOV,Available,Amateur Foundation Radio Licence,YOV
M6YOW,Available,Amateur Foundation Radio Licence,YOW
M6YOZ,Available,Amateur Foundation Radio Licence,YOZ
M6YPA,Available,Amateur Foundation Radio Licence,YPA
M6YPB,Available,Amateur Foundation Radio Licence,YPB
M6YPC,Available,Amateur Foundation Radio Licence,YPC
M6YPD,Available,Amateur Foundation Radio Licence,YPD
M6YPE,Available,Amateur Foundation Radio Licence,YPE
M6YPF,Available,Amateur Foundation Radio Licence,YPF
M6YPG,Available,Amateur Foundation Radio Licence,YPG
M6YPI,Available,Amateur Foundation Radio Licence,YPI
M6YPJ,Available,Amateur Foundation Radio Licence,YPJ
M6YPL,Available,Amateur Foundation Radio Licence,YPL
M6YPM,Available,Amateur Foundation Radio Licence,YPM
M6YPO,Available,Amateur Foundation Radio Licence,YPO
M6YPP,Available,Amateur Foundation Radio Licence,YPP
M6YPQ,Available,Amateur Foundation Radio Licence,YPQ
M6YPR,Available,Amateur Foundation Radio Licence,YPR
M6YPT,Available,Amateur Foundation Radio Licence,YPT
M6YPU,Available,Amateur Foundation Radio Licence,YPU
M6YPV,Available,Amateur Foundation Radio Licence,YPV
M6YPW,Available,Amateur Foundation Radio Licence,YPW
M6YPZ,Available,Amateur Foundation Radio Licence,YPZ
M6YQA,Available,Amateur Foundation Radio Licence,YQA
M6YQB,Available,Amateur Foundation Radio Licence,YQB
M6YQC,Available,Amateur Foundation Radio Licence,YQC
M6YQD,Available,Amateur Foundation Radio Licence,YQD
M6YQE,Available,Amateur Foundation Radio Licence,YQE
M6YQF,Available,Amateur Foundation Radio Licence,YQF
M6YQG,Available,Amateur Foundation Radio Licence,YQG
M6YQH,Available,Amateur Foundation Radio Licence,YQH
M6YQI,Available,Amateur Foundation Radio Licence,YQI
M6YQJ,Available,Amateur Foundation Radio Licence,YQJ
M6YQK,Available,Amateur Foundation Radio Licence,YQK
M6YQL,Available,Amateur Foundation Radio Licence,YQL
M6YQM,Available,Amateur Foundation Radio Licence,YQM
M6YQN,Available,Amateur Foundation Radio Licence,YQN
M6YQO,Available,Amateur Foundation Radio Licence,YQO
M6YQP,Available,Amateur Foundation Radio Licence,YQP
M6YQQ,Available,Amateur Foundation Radio Licence,YQQ
M6YQR,Available,Amateur Foundation Radio Licence,YQR
M6YQS,Available,Amateur Foundation Radio Licence,YQS
M6YQT,Available,Amateur Foundation Radio Licence,YQT
M6YQU,Available,Amateur Foundation Radio Licence,YQU
M6YQV,Available,Amateur Foundation Radio Licence,YQV
M6YQW,Available,Amateur Foundation Radio Licence,YQW
M6YQX,Available,Amateur Foundation Radio Licence,YQX
M6YQY,Available,Amateur Foundation Radio Licence,YQY
M6YQZ,Available,Amateur Foundation Radio Licence,YQZ
M6YRA,Available,Amateur Foundation Radio Licence,YRA
M6YRB,Available,Amateur Foundation Radio Licence,YRB
M6YRC,Available,Amateur Foundation Radio Licence,YRC
M6YRD,Available,Amateur Foundation Radio Licence,YRD
M6YRE,Available,Amateur Foundation Radio Licence,YRE
M6YRF,Available,Amateur Foundation Radio Licence,YRF
M6YRG,Available,Amateur Foundation Radio Licence,YRG
M6YRH,Available,Amateur Foundation Radio Licence,YRH
M6YRI,Available,Amateur Foundation Radio Licence,YRI
M6YRJ,Available,Amateur Foundation Radio Licence,YRJ
M6YRK,Available,Amateur Foundation Radio Licence,YRK
M6YRL,Available,Amateur Foundation Radio Licence,YRL
M6YRM,Available,Amateur Foundation Radio Licence,YRM
M6YRN,Available,Amateur Foundation Radio Licence,YRN
M6YRP,Available,Amateur Foundation Radio Licence,YRP
M6YRQ,Available,Amateur Foundation Radio Licence,YRQ
M6YRR,Available,Amateur Foundation Radio Licence,YRR
M6YRT,Available,Amateur Foundation Radio Licence,YRT
M6YRV,Available,Amateur Foundation Radio Licence,YRV
M6YRX,Available,Amateur Foundation Radio Licence,YRX
M6YRY,Available,Amateur Foundation Radio Licence,YRY
M6YRZ,Available,Amateur Foundation Radio Licence,YRZ
M6YSA,Available,Amateur Foundation Radio Licence,YSA
M6YSB,Available,Amateur Foundation Radio Licence,YSB
M6YSC,Available,Amateur Foundation Radio Licence,YSC
M6YSE,Available,Amateur Foundation Radio Licence,YSE
M6YSF,Available,Amateur Foundation Radio Licence,YSF
M6YSG,Available,Amateur Foundation Radio Licence,YSG
M6YSH,Available,Amateur Foundation Radio Licence,YSH
M6YSI,Available,Amateur Foundation Radio Licence,YSI
M6YSJ,Available,Amateur Foundation Radio Licence,YSJ
M6YSK,Available,Amateur Foundation Radio Licence,YSK
M6YSL,Available,Amateur Foundation Radio Licence,YSL
M6YSM,Available,Amateur Foundation Radio Licence,YSM
M6YSN,Available,Amateur Foundation Radio Licence,YSN
M6YSO,Available,Amateur Foundation Radio Licence,YSO
M6YSP,Available,Amateur Foundation Radio Licence,YSP
M6YSQ,Available,Amateur Foundation Radio Licence,YSQ
M6YSR,Available,Amateur Foundation Radio Licence,YSR
M6YSS,Available,Amateur Foundation Radio Licence,YSS
M6YSU,Available,Amateur Foundation Radio Licence,YSU
M6YSV,Available,Amateur Foundation Radio Licence,YSV
M6YSW,Available,Amateur Foundation Radio Licence,YSW
M6YSX,Available,Amateur Foundation Radio Licence,YSX
M6YSY,Available,Amateur Foundation Radio Licence,YSY
M6YSZ,Available,Amateur Foundation Radio Licence,YSZ
M6YTA,Available,Amateur Foundation Radio Licence,YTA
M6YTB,Available,Amateur Foundation Radio Licence,YTB
M6YTD,Available,Amateur Foundation Radio Licence,YTD
M6YTF,Available,Amateur Foundation Radio Licence,YTF
M6YTG,Available,Amateur Foundation Radio Licence,YTG
M6YTH,Available,Amateur Foundation Radio Licence,YTH
M6YTI,Available,Amateur Foundation Radio Licence,YTI
M6YTJ,Available,Amateur Foundation Radio Licence,YTJ
M6YTK,Available,Amateur Foundation Radio Licence,YTK
M6YTL,Available,Amateur Foundation Radio Licence,YTL
M6YTM,Available,Amateur Foundation Radio Licence,YTM
M6YTN,Available,Amateur Foundation Radio Licence,YTN
M6YTO,Available,Amateur Foundation Radio Licence,YTO
M6YTP,Available,Amateur Foundation Radio Licence,YTP
M6YTQ,Available,Amateur Foundation Radio Licence,YTQ
M6YTR,Available,Amateur Foundation Radio Licence,YTR
M6YTT,Available,Amateur Foundation Radio Licence,YTT
M6YTU,Available,Amateur Foundation Radio Licence,YTU
M6YTV,Available,Amateur Foundation Radio Licence,YTV
M6YTW,Available,Amateur Foundation Radio Licence,YTW
M6YTX,Available,Amateur Foundation Radio Licence,YTX
M6YTZ,Available,Amateur Foundation Radio Licence,YTZ
M6YUA,Available,Amateur Foundation Radio Licence,YUA
M6YUB,Available,Amateur Foundation Radio Licence,YUB
M6YUC,Available,Amateur Foundation Radio Licence,YUC
M6YUD,Available,Amateur Foundation Radio Licence,YUD
M6YUE,Available,Amateur Foundation Radio Licence,YUE
M6YUF,Available,Amateur Foundation Radio Licence,YUF
M6YUG,Available,Amateur Foundation Radio Licence,YUG
M6YUH,Available,Amateur Foundation Radio Licence,YUH
M6YUI,Available,Amateur Foundation Radio Licence,YUI
M6YUL,Available,Amateur Foundation Radio Licence,YUL
M6YUN,Available,Amateur Foundation Radio Licence,YUN
M6YUO,Available,Amateur Foundation Radio Licence,YUO
M6YUQ,Available,Amateur Foundation Radio Licence,YUQ
M6YUR,Available,Amateur Foundation Radio Licence,YUR
M6YUS,Available,Amateur Foundation Radio Licence,YUS
M6YUT,Available,Amateur Foundation Radio Licence,YUT
M6YUU,Available,Amateur Foundation Radio Licence,YUU
M6YUV,Available,Amateur Foundation Radio Licence,YUV
M6YUW,Available,Amateur Foundation Radio Licence,YUW
M6YUX,Available,Amateur Foundation Radio Licence,YUX
M6YUY,Available,Amateur Foundation Radio Licence,YUY
M6YUZ,Available,Amateur Foundation Radio Licence,YUZ
M6YVA,Available,Amateur Foundation Radio Licence,YVA
M6YVB,Available,Amateur Foundation Radio Licence,YVB
M6YVC,Available,Amateur Foundation Radio Licence,YVC
M6YVD,Available,Amateur Foundation Radio Licence,YVD
M6YVE,Available,Amateur Foundation Radio Licence,YVE
M6YVF,Available,Amateur Foundation Radio Licence,YVF
M6YVG,Available,Amateur Foundation Radio Licence,YVG
M6YVH,Available,Amateur Foundation Radio Licence,YVH
M6YVI,Available,Amateur Foundation Radio Licence,YVI
M6YVJ,Available,Amateur Foundation Radio Licence,YVJ
M6YVK,Available,Amateur Foundation Radio Licence,YVK
M6YVL,Available,Amateur Foundation Radio Licence,YVL
M6YVO,Available,Amateur Foundation Radio Licence,YVO
M6YVP,Available,Amateur Foundation Radio Licence,YVP
M6YVQ,Available,Amateur Foundation Radio Licence,YVQ
M6YVS,Available,Amateur Foundation Radio Licence,YVS
M6YVT,Available,Amateur Foundation Radio Licence,YVT
M6YVU,Available,Amateur Foundation Radio Licence,YVU
M6YVV,Available,Amateur Foundation Radio Licence,YVV
M6YVW,Available,Amateur Foundation Radio Licence,YVW
M6YVX,Available,Amateur Foundation Radio Licence,YVX
M6YVY,Available,Amateur Foundation Radio Licence,YVY
M6YVZ,Available,Amateur Foundation Radio Licence,YVZ
M6YWB,Available,Amateur Foundation Radio Licence,YWB
M6YWC,Available,Amateur Foundation Radio Licence,YWC
M6YWD,Available,Amateur Foundation Radio Licence,YWD
M6YWE,Available,Amateur Foundation Radio Licence,YWE
M6YWG,Available,Amateur Foundation Radio Licence,YWG
M6YWH,Available,Amateur Foundation Radio Licence,YWH
M6YWI,Available,Amateur Foundation Radio Licence,YWI
M6YWJ,Available,Amateur Foundation Radio Licence,YWJ
M6YWK,Available,Amateur Foundation Radio Licence,YWK
M6YWL,Available,Amateur Foundation Radio Licence,YWL
M6YWM,Available,Amateur Foundation Radio Licence,YWM
M6YWN,Available,Amateur Foundation Radio Licence,YWN
M6YWO,Available,Amateur Foundation Radio Licence,YWO
M6YWP,Available,Amateur Foundation Radio Licence,YWP
M6YWQ,Available,Amateur Foundation Radio Licence,YWQ
M6YWR,Available,Amateur Foundation Radio Licence,YWR
M6YWS,Available,Amateur Foundation Radio Licence,YWS
M6YWT,Available,Amateur Foundation Radio Licence,YWT
M6YWU,Available,Amateur Foundation Radio Licence,YWU
M6YWV,Available,Amateur Foundation Radio Licence,YWV
M6YWW,Available,Amateur Foundation Radio Licence,YWW
M6YWY,Available,Amateur Foundation Radio Licence,YWY
M6YWZ,Available,Amateur Foundation Radio Licence,YWZ
M6YXA,Available,Amateur Foundation Radio Licence,YXA
M6YXB,Available,Amateur Foundation Radio Licence,YXB
M6YXC,Available,Amateur Foundation Radio Licence,YXC
M6YXD,Available,Amateur Foundation Radio Licence,YXD
M6YXE,Available,Amateur Foundation Radio Licence,YXE
M6YXF,Available,Amateur Foundation Radio Licence,YXF
M6YXG,Available,Amateur Foundation Radio Licence,YXG
M6YXH,Available,Amateur Foundation Radio Licence,YXH
M6YXI,Available,Amateur Foundation Radio Licence,YXI
M6YXJ,Available,Amateur Foundation Radio Licence,YXJ
M6YXK,Available,Amateur Foundation Radio Licence,YXK
M6YXL,Available,Amateur Foundation Radio Licence,YXL
M6YXN,Available,Amateur Foundation Radio Licence,YXN
M6YXO,Available,Amateur Foundation Radio Licence,YXO
M6YXP,Available,Amateur Foundation Radio Licence,YXP
M6YXQ,Available,Amateur Foundation Radio Licence,YXQ
M6YXR,Available,Amateur Foundation Radio Licence,YXR
M6YXS,Available,Amateur Foundation Radio Licence,YXS
M6YXT,Available,Amateur Foundation Radio Licence,YXT
M6YXU,Available,Amateur Foundation Radio Licence,YXU
M6YXV,Available,Amateur Foundation Radio Licence,YXV
M6YXW,Available,Amateur Foundation Radio Licence,YXW
M6YXX,Available,Amateur Foundation Radio Licence,YXX
M6YXY,Available,Amateur Foundation Radio Licence,YXY
M6YYA,Available,Amateur Foundation Radio Licence,YYA
M6YYB,Available,Amateur Foundation Radio Licence,YYB
M6YYC,Available,Amateur Foundation Radio Licence,YYC
M6YYE,Available,Amateur Foundation Radio Licence,YYE
M6YYH,Available,Amateur Foundation Radio Licence,YYH
M6YYI,Available,Amateur Foundation Radio Licence,YYI
M6YYJ,Available,Amateur Foundation Radio Licence,YYJ
M6YYN,Available,Amateur Foundation Radio Licence,YYN
M6YYO,Available,Amateur Foundation Radio Licence,YYO
M6YYQ,Available,Amateur Foundation Radio Licence,YYQ
M6YYR,Available,Amateur Foundation Radio Licence,YYR
M6YYS,Available,Amateur Foundation Radio Licence,YYS
M6YYU,Available,Amateur Foundation Radio Licence,YYU
M6YYV,Available,Amateur Foundation Radio Licence,YYV
M6YYW,Available,Amateur Foundation Radio Licence,YYW
M6YYX,Available,Amateur Foundation Radio Licence,YYX
M6YZB,Available,Amateur Foundation Radio Licence,YZB
M6YZC,Available,Amateur Foundation Radio Licence,YZC
M6YZD,Available,Amateur Foundation Radio Licence,YZD
M6YZE,Available,Amateur Foundation Radio Licence,YZE
M6YZG,Available,Amateur Foundation Radio Licence,YZG
M6YZH,Available,Amateur Foundation Radio Licence,YZH
M6YZI,Available,Amateur Foundation Radio Licence,YZI
M6YZJ,Available,Amateur Foundation Radio Licence,YZJ
M6YZK,Available,Amateur Foundation Radio Licence,YZK
M6YZL,Available,Amateur Foundation Radio Licence,YZL
M6YZM,Available,Amateur Foundation Radio Licence,YZM
M6YZN,Available,Amateur Foundation Radio Licence,YZN
M6YZO,Available,Amateur Foundation Radio Licence,YZO
M6YZP,Available,Amateur Foundation Radio Licence,YZP
M6YZQ,Available,Amateur Foundation Radio Licence,YZQ
M6YZR,Available,Amateur Foundation Radio Licence,YZR
M6YZS,Available,Amateur Foundation Radio Licence,YZS
M6YZT,Available,Amateur Foundation Radio Licence,YZT
M6YZU,Available,Amateur Foundation Radio Licence,YZU
M6YZV,Available,Amateur Foundation Radio Licence,YZV
M6YZW,Available,Amateur Foundation Radio Licence,YZW
M6ZBJ,Available,Amateur Foundation Radio Licence,ZBJ
M6ZBL,Available,Amateur Foundation Radio Licence,ZBL
M6ZBN,Available,Amateur Foundation Radio Licence,ZBN
M6ZBO,Available,Amateur Foundation Radio Licence,ZBO
M6ZBP,Available,Amateur Foundation Radio Licence,ZBP
M6ZBQ,Available,Amateur Foundation Radio Licence,ZBQ
M6ZBS,Available,Amateur Foundation Radio Licence,ZBS
M6ZBU,Available,Amateur Foundation Radio Licence,ZBU
M6ZBV,Available,Amateur Foundation Radio Licence,ZBV
M6ZBX,Available,Amateur Foundation Radio Licence,ZBX
M6ZBY,Available,Amateur Foundation Radio Licence,ZBY
M6ZBZ,Available,Amateur Foundation Radio Licence,ZBZ
M6ZCD,Available,Amateur Foundation Radio Licence,ZCD
M6ZCE,Available,Amateur Foundation Radio Licence,ZCE
M6ZCF,Available,Amateur Foundation Radio Licence,ZCF
M6ZCG,Available,Amateur Foundation Radio Licence,ZCG
M6ZCH,Available,Amateur Foundation Radio Licence,ZCH
M6ZCI,Available,Amateur Foundation Radio Licence,ZCI
M6ZCK,Available,Amateur Foundation Radio Licence,ZCK
M6ZCN,Available,Amateur Foundation Radio Licence,ZCN
M6ZCO,Available,Amateur Foundation Radio Licence,ZCO
M6ZCP,Available,Amateur Foundation Radio Licence,ZCP
M6ZCQ,Available,Amateur Foundation Radio Licence,ZCQ
M6ZCS,Available,Amateur Foundation Radio Licence,ZCS
M6ZCT,Available,Amateur Foundation Radio Licence,ZCT
M6ZCU,Available,Amateur Foundation Radio Licence,ZCU
M6ZCV,Available,Amateur Foundation Radio Licence,ZCV
M6ZCW,Available,Amateur Foundation Radio Licence,ZCW
M6ZCX,Available,Amateur Foundation Radio Licence,ZCX
M6ZCY,Available,Amateur Foundation Radio Licence,ZCY
M6ZCZ,Available,Amateur Foundation Radio Licence,ZCZ
M6ZDE,Available,Amateur Foundation Radio Licence,ZDE
M6ZDG,Available,Amateur Foundation Radio Licence,ZDG
M6ZDH,Available,Amateur Foundation Radio Licence,ZDH
M6ZDI,Available,Amateur Foundation Radio Licence,ZDI
M6ZDJ,Available,Amateur Foundation Radio Licence,ZDJ
M6ZDM,Available,Amateur Foundation Radio Licence,ZDM
M6ZDN,Available,Amateur Foundation Radio Licence,ZDN
M6ZDO,Available,Amateur Foundation Radio Licence,ZDO
M6ZDP,Available,Amateur Foundation Radio Licence,ZDP
M6ZDQ,Available,Amateur Foundation Radio Licence,ZDQ
M6ZDS,Available,Amateur Foundation Radio Licence,ZDS
M6ZDT,Available,Amateur Foundation Radio Licence,ZDT
M6ZDU,Available,Amateur Foundation Radio Licence,ZDU
M6ZDV,Available,Amateur Foundation Radio Licence,ZDV
M6ZEA,Available,Amateur Foundation Radio Licence,ZEA
M6ZEB,Available,Amateur Foundation Radio Licence,ZEB
M6ZEE,Available,Amateur Foundation Radio Licence,ZEE
M6ZEG,Available,Amateur Foundation Radio Licence,ZEG
M6ZEH,Available,Amateur Foundation Radio Licence,ZEH
M6ZEI,Available,Amateur Foundation Radio Licence,ZEI
M6ZEM,Available,Amateur Foundation Radio Licence,ZEM
M6ZEO,Available,Amateur Foundation Radio Licence,ZEO
M6ZEQ,Available,Amateur Foundation Radio Licence,ZEQ
M6ZER,Available,Amateur Foundation Radio Licence,ZER
M6ZES,Available,Amateur Foundation Radio Licence,ZES
M6ZEU,Available,Amateur Foundation Radio Licence,ZEU
M6ZEV,Available,Amateur Foundation Radio Licence,ZEV
M6ZEW,Available,Amateur Foundation Radio Licence,ZEW
M6ZEX,Available,Amateur Foundation Radio Licence,ZEX
M6ZFA,Available,Amateur Foundation Radio Licence,ZFA
M6ZFB,Available,Amateur Foundation Radio Licence,ZFB
M6ZFC,Available,Amateur Foundation Radio Licence,ZFC
M6ZFD,Available,Amateur Foundation Radio Licence,ZFD
M6ZFF,Available,Amateur Foundation Radio Licence,ZFF
M6ZFH,Available,Amateur Foundation Radio Licence,ZFH
M6ZFI,Available,Amateur Foundation Radio Licence,ZFI
M6ZFJ,Available,Amateur Foundation Radio Licence,ZFJ
M6ZFK,Available,Amateur Foundation Radio Licence,ZFK
M6ZFL,Available,Amateur Foundation Radio Licence,ZFL
M6ZFM,Available,Amateur Foundation Radio Licence,ZFM
M6ZFN,Available,Amateur Foundation Radio Licence,ZFN
M6ZFO,Available,Amateur Foundation Radio Licence,ZFO
M6ZFP,Available,Amateur Foundation Radio Licence,ZFP
M6ZFQ,Available,Amateur Foundation Radio Licence,ZFQ
M6ZFR,Available,Amateur Foundation Radio Licence,ZFR
M6ZFS,Available,Amateur Foundation Radio Licence,ZFS
M6ZFT,Available,Amateur Foundation Radio Licence,ZFT
M6ZFU,Available,Amateur Foundation Radio Licence,ZFU
M6ZFV,Available,Amateur Foundation Radio Licence,ZFV
M6ZFW,Available,Amateur Foundation Radio Licence,ZFW
M6ZFY,Available,Amateur Foundation Radio Licence,ZFY
M6ZFZ,Available,Amateur Foundation Radio Licence,ZFZ
M6ZGA,Available,Amateur Foundation Radio Licence,ZGA
M6ZGB,Available,Amateur Foundation Radio Licence,ZGB
M6ZGC,Available,Amateur Foundation Radio Licence,ZGC
M6ZGD,Available,Amateur Foundation Radio Licence,ZGD
M6ZGE,Available,Amateur Foundation Radio Licence,ZGE
M6ZGF,Available,Amateur Foundation Radio Licence,ZGF
M6ZGG,Available,Amateur Foundation Radio Licence,ZGG
M6ZGH,Available,Amateur Foundation Radio Licence,ZGH
M6ZGI,Available,Amateur Foundation Radio Licence,ZGI
M6ZGJ,Available,Amateur Foundation Radio Licence,ZGJ
M6ZGK,Available,Amateur Foundation Radio Licence,ZGK
M6ZGL,Available,Amateur Foundation Radio Licence,ZGL
M6ZGM,Available,Amateur Foundation Radio Licence,ZGM
M6ZGN,Available,Amateur Foundation Radio Licence,ZGN
M6ZGO,Available,Amateur Foundation Radio Licence,ZGO
M6ZGQ,Available,Amateur Foundation Radio Licence,ZGQ
M6ZGR,Available,Amateur Foundation Radio Licence,ZGR
M6ZGS,Available,Amateur Foundation Radio Licence,ZGS
M6ZGT,Available,Amateur Foundation Radio Licence,ZGT
M6ZGU,Available,Amateur Foundation Radio Licence,ZGU
M6ZGV,Available,Amateur Foundation Radio Licence,ZGV
M6ZGW,Available,Amateur Foundation Radio Licence,ZGW
M6ZGX,Available,Amateur Foundation Radio Licence,ZGX
M6ZGY,Available,Amateur Foundation Radio Licence,ZGY
M6ZGZ,Available,Amateur Foundation Radio Licence,ZGZ
M6ZHA,Available,Amateur Foundation Radio Licence,ZHA
M6ZHB,Available,Amateur Foundation Radio Licence,ZHB
M6ZHD,Available,Amateur Foundation Radio Licence,ZHD
M6ZHE,Available,Amateur Foundation Radio Licence,ZHE
M6ZHF,Available,Amateur Foundation Radio Licence,ZHF
M6ZHG,Available,Amateur Foundation Radio Licence,ZHG
M6ZHH,Available,Amateur Foundation Radio Licence,ZHH
M6ZHI,Available,Amateur Foundation Radio Licence,ZHI
M6ZHJ,Available,Amateur Foundation Radio Licence,ZHJ
M6ZHK,Available,Amateur Foundation Radio Licence,ZHK
M6ZHL,Available,Amateur Foundation Radio Licence,ZHL
M6ZHM,Available,Amateur Foundation Radio Licence,ZHM
M6ZHN,Available,Amateur Foundation Radio Licence,ZHN
M6ZHO,Available,Amateur Foundation Radio Licence,ZHO
M6ZHP,Available,Amateur Foundation Radio Licence,ZHP
M6ZHQ,Available,Amateur Foundation Radio Licence,ZHQ
M6ZHR,Available,Amateur Foundation Radio Licence,ZHR
M6ZHS,Available,Amateur Foundation Radio Licence,ZHS
M6ZHT,Available,Amateur Foundation Radio Licence,ZHT
M6ZHU,Available,Amateur Foundation Radio Licence,ZHU
M6ZHV,Available,Amateur Foundation Radio Licence,ZHV
M6ZHW,Available,Amateur Foundation Radio Licence,ZHW
M6ZHX,Available,Amateur Foundation Radio Licence,ZHX
M6ZHY,Available,Amateur Foundation Radio Licence,ZHY
M6ZHZ,Available,Amateur Foundation Radio Licence,ZHZ
M6ZIA,Available,Amateur Foundation Radio Licence,ZIA
M6ZIB,Available,Amateur Foundation Radio Licence,ZIB
M6ZIC,Available,Amateur Foundation Radio Licence,ZIC
M6ZID,Available,Amateur Foundation Radio Licence,ZID
M6ZIE,Available,Amateur Foundation Radio Licence,ZIE
M6ZIF,Available,Amateur Foundation Radio Licence,ZIF
M6ZIH,Available,Amateur Foundation Radio Licence,ZIH
M6ZII,Available,Amateur Foundation Radio Licence,ZII
M6ZIJ,Available,Amateur Foundation Radio Licence,ZIJ
M6ZIK,Available,Amateur Foundation Radio Licence,ZIK
M6ZIL,Available,Amateur Foundation Radio Licence,ZIL
M6ZIN,Available,Amateur Foundation Radio Licence,ZIN
M6ZIO,Available,Amateur Foundation Radio Licence,ZIO
M6ZIQ,Available,Amateur Foundation Radio Licence,ZIQ
M6ZIR,Available,Amateur Foundation Radio Licence,ZIR
M6ZIS,Available,Amateur Foundation Radio Licence,ZIS
M6ZIU,Available,Amateur Foundation Radio Licence,ZIU
M6ZIV,Available,Amateur Foundation Radio Licence,ZIV
M6ZIW,Available,Amateur Foundation Radio Licence,ZIW
M6ZIX,Available,Amateur Foundation Radio Licence,ZIX
M6ZJA,Available,Amateur Foundation Radio Licence,ZJA
M6ZJD,Available,Amateur Foundation Radio Licence,ZJD
M6ZJE,Available,Amateur Foundation Radio Licence,ZJE
M6ZJF,Available,Amateur Foundation Radio Licence,ZJF
M6ZJG,Available,Amateur Foundation Radio Licence,ZJG
M6ZJI,Available,Amateur Foundation Radio Licence,ZJI
M6ZJJ,Available,Amateur Foundation Radio Licence,ZJJ
M6ZJK,Available,Amateur Foundation Radio Licence,ZJK
M6ZJL,Available,Amateur Foundation Radio Licence,ZJL
M6ZJM,Available,Amateur Foundation Radio Licence,ZJM
M6ZJN,Available,Amateur Foundation Radio Licence,ZJN
M6ZJQ,Available,Amateur Foundation Radio Licence,ZJQ
M6ZJR,Available,Amateur Foundation Radio Licence,ZJR
M6ZJU,Available,Amateur Foundation Radio Licence,ZJU
M6ZJV,Available,Amateur Foundation Radio Licence,ZJV
M6ZJW,Available,Amateur Foundation Radio Licence,ZJW
M6ZJX,Available,Amateur Foundation Radio Licence,ZJX
M6ZJY,Available,Amateur Foundation Radio Licence,ZJY
M6ZJZ,Available,Amateur Foundation Radio Licence,ZJZ
M6ZKB,Available,Amateur Foundation Radio Licence,ZKB
M6ZKE,Available,Amateur Foundation Radio Licence,ZKE
M6ZKF,Available,Amateur Foundation Radio Licence,ZKF
M6ZKH,Available,Amateur Foundation Radio Licence,ZKH
M6ZKI,Available,Amateur Foundation Radio Licence,ZKI
M6ZKJ,Available,Amateur Foundation Radio Licence,ZKJ
M6ZKK,Available,Amateur Foundation Radio Licence,ZKK
M6ZKL,Available,Amateur Foundation Radio Licence,ZKL
M6ZKM,Available,Amateur Foundation Radio Licence,ZKM
M6ZKN,Available,Amateur Foundation Radio Licence,ZKN
M6ZKO,Available,Amateur Foundation Radio Licence,ZKO
M6ZKP,Available,Amateur Foundation Radio Licence,ZKP
M6ZKQ,Available,Amateur Foundation Radio Licence,ZKQ
M6ZKR,Available,Amateur Foundation Radio Licence,ZKR
M6ZKS,Available,Amateur Foundation Radio Licence,ZKS
M6ZKT,Available,Amateur Foundation Radio Licence,ZKT
M6ZKU,Available,Amateur Foundation Radio Licence,ZKU
M6ZKV,Available,Amateur Foundation Radio Licence,ZKV
M6ZKW,Available,Amateur Foundation Radio Licence,ZKW
M6ZKY,Available,Amateur Foundation Radio Licence,ZKY
M6ZKZ,Available,Amateur Foundation Radio Licence,ZKZ
M6ZLB,Available,Amateur Foundation Radio Licence,ZLB
M6ZLE,Available,Amateur Foundation Radio Licence,ZLE
M6ZLF,Available,Amateur Foundation Radio Licence,ZLF
M6ZLH,Available,Amateur Foundation Radio Licence,ZLH
M6ZLI,Available,Amateur Foundation Radio Licence,ZLI
M6ZLJ,Available,Amateur Foundation Radio Licence,ZLJ
M6ZLK,Available,Amateur Foundation Radio Licence,ZLK
M6ZLL,Available,Amateur Foundation Radio Licence,ZLL
M6ZLM,Available,Amateur Foundation Radio Licence,ZLM
M6ZLO,Available,Amateur Foundation Radio Licence,ZLO
M6ZLQ,Available,Amateur Foundation Radio Licence,ZLQ
M6ZLR,Available,Amateur Foundation Radio Licence,ZLR
M6ZLS,Available,Amateur Foundation Radio Licence,ZLS
M6ZLT,Available,Amateur Foundation Radio Licence,ZLT
M6ZLU,Available,Amateur Foundation Radio Licence,ZLU
M6ZLV,Available,Amateur Foundation Radio Licence,ZLV
M6ZLW,Available,Amateur Foundation Radio Licence,ZLW
M6ZLY,Available,Amateur Foundation Radio Licence,ZLY
M6ZLZ,Available,Amateur Foundation Radio Licence,ZLZ
M6ZMA,Available,Amateur Foundation Radio Licence,ZMA
M6ZMB,Available,Amateur Foundation Radio Licence,ZMB
M6ZME,Available,Amateur Foundation Radio Licence,ZME
M6ZMF,Available,Amateur Foundation Radio Licence,ZMF
M6ZMG,Available,Amateur Foundation Radio Licence,ZMG
M6ZMH,Available,Amateur Foundation Radio Licence,ZMH
M6ZMI,Available,Amateur Foundation Radio Licence,ZMI
M6ZMJ,Available,Amateur Foundation Radio Licence,ZMJ
M6ZMK,Available,Amateur Foundation Radio Licence,ZMK
M6ZML,Available,Amateur Foundation Radio Licence,ZML
M6ZMM,Available,Amateur Foundation Radio Licence,ZMM
M6ZMN,Available,Amateur Foundation Radio Licence,ZMN
M6ZMO,Available,Amateur Foundation Radio Licence,ZMO
M6ZMP,Available,Amateur Foundation Radio Licence,ZMP
M6ZMQ,Available,Amateur Foundation Radio Licence,ZMQ
M6ZMS,Available,Amateur Foundation Radio Licence,ZMS
M6ZMT,Available,Amateur Foundation Radio Licence,ZMT
M6ZMU,Available,Amateur Foundation Radio Licence,ZMU
M6ZMW,Available,Amateur Foundation Radio Licence,ZMW
M6ZMX,Available,Amateur Foundation Radio Licence,ZMX
M6ZMY,Available,Amateur Foundation Radio Licence,ZMY
M6ZMZ,Available,Amateur Foundation Radio Licence,ZMZ
M6ZNA,Available,Amateur Foundation Radio Licence,ZNA
M6ZNB,Available,Amateur Foundation Radio Licence,ZNB
M6ZNC,Available,Amateur Foundation Radio Licence,ZNC
M6ZND,Available,Amateur Foundation Radio Licence,ZND
M6ZNE,Available,Amateur Foundation Radio Licence,ZNE
M6ZNG,Available,Amateur Foundation Radio Licence,ZNG
M6ZNH,Available,Amateur Foundation Radio Licence,ZNH
M6ZNI,Available,Amateur Foundation Radio Licence,ZNI
M6ZNJ,Available,Amateur Foundation Radio Licence,ZNJ
M6ZNK,Available,Amateur Foundation Radio Licence,ZNK
M6ZNL,Available,Amateur Foundation Radio Licence,ZNL
M6ZNM,Available,Amateur Foundation Radio Licence,ZNM
M6ZNN,Available,Amateur Foundation Radio Licence,ZNN
M6ZNO,Available,Amateur Foundation Radio Licence,ZNO
M6ZNP,Available,Amateur Foundation Radio Licence,ZNP
M6ZNQ,Available,Amateur Foundation Radio Licence,ZNQ
M6ZNR,Available,Amateur Foundation Radio Licence,ZNR
M6ZNS,Available,Amateur Foundation Radio Licence,ZNS
M6ZNT,Available,Amateur Foundation Radio Licence,ZNT
M6ZNU,Available,Amateur Foundation Radio Licence,ZNU
M6ZNV,Available,Amateur Foundation Radio Licence,ZNV
M6ZNW,Available,Amateur Foundation Radio Licence,ZNW
M6ZNX,Available,Amateur Foundation Radio Licence,ZNX
M6ZNY,Available,Amateur Foundation Radio Licence,ZNY
M6ZOA,Available,Amateur Foundation Radio Licence,ZOA
M6ZOB,Available,Amateur Foundation Radio Licence,ZOB
M6ZOC,Available,Amateur Foundation Radio Licence,ZOC
M6ZOF,Available,Amateur Foundation Radio Licence,ZOF
M6ZOH,Available,Amateur Foundation Radio Licence,ZOH
M6ZOI,Available,Amateur Foundation Radio Licence,ZOI
M6ZOJ,Available,Amateur Foundation Radio Licence,ZOJ
M6ZOK,Available,Amateur Foundation Radio Licence,ZOK
M6ZOP,Available,Amateur Foundation Radio Licence,ZOP
M6ZOQ,Available,Amateur Foundation Radio Licence,ZOQ
M6ZOR,Available,Amateur Foundation Radio Licence,ZOR
M6ZOS,Available,Amateur Foundation Radio Licence,ZOS
M6ZOU,Available,Amateur Foundation Radio Licence,ZOU
M6ZOV,Available,Amateur Foundation Radio Licence,ZOV
M6ZOW,Available,Amateur Foundation Radio Licence,ZOW
M6ZOX,Available,Amateur Foundation Radio Licence,ZOX
M6ZOY,Available,Amateur Foundation Radio Licence,ZOY
M6ZPA,Available,Amateur Foundation Radio Licence,ZPA
M6ZPC,Available,Amateur Foundation Radio Licence,ZPC
M6ZPD,Available,Amateur Foundation Radio Licence,ZPD
M6ZPE,Available,Amateur Foundation Radio Licence,ZPE
M6ZPF,Available,Amateur Foundation Radio Licence,ZPF
M6ZPH,Available,Amateur Foundation Radio Licence,ZPH
M6ZPJ,Available,Amateur Foundation Radio Licence,ZPJ
M6ZPK,Available,Amateur Foundation Radio Licence,ZPK
M6ZPN,Available,Amateur Foundation Radio Licence,ZPN
M6ZPO,Available,Amateur Foundation Radio Licence,ZPO
M6ZPP,Available,Amateur Foundation Radio Licence,ZPP
M6ZPQ,Available,Amateur Foundation Radio Licence,ZPQ
M6ZPR,Available,Amateur Foundation Radio Licence,ZPR
M6ZPS,Available,Amateur Foundation Radio Licence,ZPS
M6ZPT,Available,Amateur Foundation Radio Licence,ZPT
M6ZPU,Available,Amateur Foundation Radio Licence,ZPU
M6ZPV,Available,Amateur Foundation Radio Licence,ZPV
M6ZPW,Available,Amateur Foundation Radio Licence,ZPW
M6ZPX,Available,Amateur Foundation Radio Licence,ZPX
M6ZQA,Available,Amateur Foundation Radio Licence,ZQA
M6ZQB,Available,Amateur Foundation Radio Licence,ZQB
M6ZQC,Available,Amateur Foundation Radio Licence,ZQC
M6ZQD,Available,Amateur Foundation Radio Licence,ZQD
M6ZQE,Available,Amateur Foundation Radio Licence,ZQE
M6ZQF,Available,Amateur Foundation Radio Licence,ZQF
M6ZQG,Available,Amateur Foundation Radio Licence,ZQG
M6ZQH,Available,Amateur Foundation Radio Licence,ZQH
M6ZQI,Available,Amateur Foundation Radio Licence,ZQI
M6ZQJ,Available,Amateur Foundation Radio Licence,ZQJ
M6ZQK,Available,Amateur Foundation Radio Licence,ZQK
M6ZQL,Available,Amateur Foundation Radio Licence,ZQL
M6ZQM,Available,Amateur Foundation Radio Licence,ZQM
M6ZQN,Available,Amateur Foundation Radio Licence,ZQN
M6ZQO,Available,Amateur Foundation Radio Licence,ZQO
M6ZQP,Available,Amateur Foundation Radio Licence,ZQP
M6ZQR,Available,Amateur Foundation Radio Licence,ZQR
M6ZQS,Available,Amateur Foundation Radio Licence,ZQS
M6ZQT,Available,Amateur Foundation Radio Licence,ZQT
M6ZQU,Available,Amateur Foundation Radio Licence,ZQU
M6ZQV,Available,Amateur Foundation Radio Licence,ZQV
M6ZQW,Available,Amateur Foundation Radio Licence,ZQW
M6ZQX,Available,Amateur Foundation Radio Licence,ZQX
M6ZQY,Available,Amateur Foundation Radio Licence,ZQY
M6ZQZ,Available,Amateur Foundation Radio Licence,ZQZ
M6ZRA,Available,Amateur Foundation Radio Licence,ZRA
M6ZRC,Available,Amateur Foundation Radio Licence,ZRC
M6ZRD,Available,Amateur Foundation Radio Licence,ZRD
M6ZRE,Available,Amateur Foundation Radio Licence,ZRE
M6ZRF,Available,Amateur Foundation Radio Licence,ZRF
M6ZRG,Available,Amateur Foundation Radio Licence,ZRG
M6ZRH,Available,Amateur Foundation Radio Licence,ZRH
M6ZRI,Available,Amateur Foundation Radio Licence,ZRI
M6ZRJ,Available,Amateur Foundation Radio Licence,ZRJ
M6ZRK,Available,Amateur Foundation Radio Licence,ZRK
M6ZRM,Available,Amateur Foundation Radio Licence,ZRM
M6ZRN,Available,Amateur Foundation Radio Licence,ZRN
M6ZRO,Available,Amateur Foundation Radio Licence,ZRO
M6ZRP,Available,Amateur Foundation Radio Licence,ZRP
M6ZRQ,Available,Amateur Foundation Radio Licence,ZRQ
M6ZRR,Available,Amateur Foundation Radio Licence,ZRR
M6ZRS,Available,Amateur Foundation Radio Licence,ZRS
M6ZRU,Available,Amateur Foundation Radio Licence,ZRU
M6ZRV,Available,Amateur Foundation Radio Licence,ZRV
M6ZRW,Available,Amateur Foundation Radio Licence,ZRW
M6ZRY,Available,Amateur Foundation Radio Licence,ZRY
M6ZRZ,Available,Amateur Foundation Radio Licence,ZRZ
M6ZSA,Available,Amateur Foundation Radio Licence,ZSA
M6ZSD,Available,Amateur Foundation Radio Licence,ZSD
M6ZSF,Available,Amateur Foundation Radio Licence,ZSF
M6ZSG,Available,Amateur Foundation Radio Licence,ZSG
M6ZSH,Available,Amateur Foundation Radio Licence,ZSH
M6ZSI,Available,Amateur Foundation Radio Licence,ZSI
M6ZSJ,Available,Amateur Foundation Radio Licence,ZSJ
M6ZSL,Available,Amateur Foundation Radio Licence,ZSL
M6ZSM,Available,Amateur Foundation Radio Licence,ZSM
M6ZSN,Available,Amateur Foundation Radio Licence,ZSN
M6ZSO,Available,Amateur Foundation Radio Licence,ZSO
M6ZSP,Available,Amateur Foundation Radio Licence,ZSP
M6ZSQ,Available,Amateur Foundation Radio Licence,ZSQ
M6ZSS,Available,Amateur Foundation Radio Licence,ZSS
M6ZSW,Available,Amateur Foundation Radio Licence,ZSW
M6ZSX,Available,Amateur Foundation Radio Licence,ZSX
M6ZSY,Available,Amateur Foundation Radio Licence,ZSY
M6ZSZ,Available,Amateur Foundation Radio Licence,ZSZ
M6ZTB,Available,Amateur Foundation Radio Licence,ZTB
M6ZTD,Available,Amateur Foundation Radio Licence,ZTD
M6ZTE,Available,Amateur Foundation Radio Licence,ZTE
M6ZTF,Available,Amateur Foundation Radio Licence,ZTF
M6ZTG,Available,Amateur Foundation Radio Licence,ZTG
M6ZTH,Available,Amateur Foundation Radio Licence,ZTH
M6ZTI,Available,Amateur Foundation Radio Licence,ZTI
M6ZTJ,Available,Amateur Foundation Radio Licence,ZTJ
M6ZTK,Available,Amateur Foundation Radio Licence,ZTK
M6ZTL,Available,Amateur Foundation Radio Licence,ZTL
M6ZTN,Available,Amateur Foundation Radio Licence,ZTN
M6ZTQ,Available,Amateur Foundation Radio Licence,ZTQ
M6ZTR,Available,Amateur Foundation Radio Licence,ZTR
M6ZTT,Available,Amateur Foundation Radio Licence,ZTT
M6ZTU,Available,Amateur Foundation Radio Licence,ZTU
M6ZTV,Available,Amateur Foundation Radio Licence,ZTV
M6ZTW,Available,Amateur Foundation Radio Licence,ZTW
M6ZTY,Available,Amateur Foundation Radio Licence,ZTY
M6ZTZ,Available,Amateur Foundation Radio Licence,ZTZ
M6ZUA,Available,Amateur Foundation Radio Licence,ZUA
M6ZUC,Available,Amateur Foundation Radio Licence,ZUC
M6ZUD,Available,Amateur Foundation Radio Licence,ZUD
M6ZUE,Available,Amateur Foundation Radio Licence,ZUE
M6ZUF,Available,Amateur Foundation Radio Licence,ZUF
M6ZUG,Available,Amateur Foundation Radio Licence,ZUG
M6ZUH,Available,Amateur Foundation Radio Licence,ZUH
M6ZUI,Available,Amateur Foundation Radio Licence,ZUI
M6ZUJ,Available,Amateur Foundation Radio Licence,ZUJ
M6ZUL,Available,Amateur Foundation Radio Licence,ZUL
M6ZUN,Available,Amateur Foundation Radio Licence,ZUN
M6ZUO,Available,Amateur Foundation Radio Licence,ZUO
M6ZUP,Available,Amateur Foundation Radio Licence,ZUP
M6ZUQ,Available,Amateur Foundation Radio Licence,ZUQ
M6ZUR,Available,Amateur Foundation Radio Licence,ZUR
M6ZUS,Available,Amateur Foundation Radio Licence,ZUS
M6ZUV,Available,Amateur Foundation Radio Licence,ZUV
M6ZUW,Available,Amateur Foundation Radio Licence,ZUW
M6ZUX,Available,Amateur Foundation Radio Licence,ZUX
M6ZUZ,Available,Amateur Foundation Radio Licence,ZUZ
M6ZVA,Available,Amateur Foundation Radio Licence,ZVA
M6ZVB,Available,Amateur Foundation Radio Licence,ZVB
M6ZVC,Available,Amateur Foundation Radio Licence,ZVC
M6ZVE,Available,Amateur Foundation Radio Licence,ZVE
M6ZVF,Available,Amateur Foundation Radio Licence,ZVF
M6ZVG,Available,Amateur Foundation Radio Licence,ZVG
M6ZVH,Available,Amateur Foundation Radio Licence,ZVH
M6ZVI,Available,Amateur Foundation Radio Licence,ZVI
M6ZVJ,Available,Amateur Foundation Radio Licence,ZVJ
M6ZVK,Available,Amateur Foundation Radio Licence,ZVK
M6ZVM,Available,Amateur Foundation Radio Licence,ZVM
M6ZVN,Available,Amateur Foundation Radio Licence,ZVN
M6ZVO,Available,Amateur Foundation Radio Licence,ZVO
M6ZVP,Available,Amateur Foundation Radio Licence,ZVP
M6ZVQ,Available,Amateur Foundation Radio Licence,ZVQ
M6ZVR,Available,Amateur Foundation Radio Licence,ZVR
M6ZVS,Available,Amateur Foundation Radio Licence,ZVS
M6ZVT,Available,Amateur Foundation Radio Licence,ZVT
M6ZVU,Available,Amateur Foundation Radio Licence,ZVU
M6ZVV,Available,Amateur Foundation Radio Licence,ZVV
M6ZVW,Available,Amateur Foundation Radio Licence,ZVW
M6ZVX,Available,Amateur Foundation Radio Licence,ZVX
M6ZVY,Available,Amateur Foundation Radio Licence,ZVY
M6ZVZ,Available,Amateur Foundation Radio Licence,ZVZ
M6ZWA,Available,Amateur Foundation Radio Licence,ZWA
M6ZWC,Available,Amateur Foundation Radio Licence,ZWC
M6ZWD,Available,Amateur Foundation Radio Licence,ZWD
M6ZWE,Available,Amateur Foundation Radio Licence,ZWE
M6ZWF,Available,Amateur Foundation Radio Licence,ZWF
M6ZWG,Available,Amateur Foundation Radio Licence,ZWG
M6ZWH,Available,Amateur Foundation Radio Licence,ZWH
M6ZWI,Available,Amateur Foundation Radio Licence,ZWI
M6ZWJ,Available,Amateur Foundation Radio Licence,ZWJ
M6ZWK,Available,Amateur Foundation Radio Licence,ZWK
M6ZWL,Available,Amateur Foundation Radio Licence,ZWL
M6ZWM,Available,Amateur Foundation Radio Licence,ZWM
M6ZWN,Available,Amateur Foundation Radio Licence,ZWN
M6ZWO,Available,Amateur Foundation Radio Licence,ZWO
M6ZWQ,Available,Amateur Foundation Radio Licence,ZWQ
M6ZWR,Available,Amateur Foundation Radio Licence,ZWR
M6ZWS,Available,Amateur Foundation Radio Licence,ZWS
M6ZWU,Available,Amateur Foundation Radio Licence,ZWU
M6ZWV,Available,Amateur Foundation Radio Licence,ZWV
M6ZWW,Available,Amateur Foundation Radio Licence,ZWW
M6ZWX,Available,Amateur Foundation Radio Licence,ZWX
M6ZWY,Available,Amateur Foundation Radio Licence,ZWY
M6ZWZ,Available,Amateur Foundation Radio Licence,ZWZ
M6ZXD,Available,Amateur Foundation Radio Licence,ZXD
M6ZXE,Available,Amateur Foundation Radio Licence,ZXE
M6ZXF,Available,Amateur Foundation Radio Licence,ZXF
M6ZXG,Available,Amateur Foundation Radio Licence,ZXG
M6ZXJ,Available,Amateur Foundation Radio Licence,ZXJ
M6ZXK,Available,Amateur Foundation Radio Licence,ZXK
M6ZXM,Available,Amateur Foundation Radio Licence,ZXM
M6ZXN,Available,Amateur Foundation Radio Licence,ZXN
M6ZXO,Available,Amateur Foundation Radio Licence,ZXO
M6ZXP,Available,Amateur Foundation Radio Licence,ZXP
M6ZXQ,Available,Amateur Foundation Radio Licence,ZXQ
M6ZXS,Available,Amateur Foundation Radio Licence,ZXS
M6ZXU,Available,Amateur Foundation Radio Licence,ZXU
M6ZXV,Available,Amateur Foundation Radio Licence,ZXV
M6ZXW,Available,Amateur Foundation Radio Licence,ZXW
M6ZXX,Available,Amateur Foundation Radio Licence,ZXX
M6ZYA,Available,Amateur Foundation Radio Licence,ZYA
M6ZYB,Available,Amateur Foundation Radio Licence,ZYB
M6ZYC,Available,Amateur Foundation Radio Licence,ZYC
M6ZYD,Available,Amateur Foundation Radio Licence,ZYD
M6ZYE,Available,Amateur Foundation Radio Licence,ZYE
M6ZYF,Available,Amateur Foundation Radio Licence,ZYF
M6ZYG,Available,Amateur Foundation Radio Licence,ZYG
M6ZYH,Available,Amateur Foundation Radio Licence,ZYH
M6ZYI,Available,Amateur Foundation Radio Licence,ZYI
M6ZYJ,Available,Amateur Foundation Radio Licence,ZYJ
M6ZYL,Available,Amateur Foundation Radio Licence,ZYL
M6ZYM,Available,Amateur Foundation Radio Licence,ZYM
M6ZYN,Available,Amateur Foundation Radio Licence,ZYN
M6ZYO,Available,Amateur Foundation Radio Licence,ZYO
M6ZYP,Available,Amateur Foundation Radio Licence,ZYP
M6ZYQ,Available,Amateur Foundation Radio Licence,ZYQ
M6ZYR,Available,Amateur Foundation Radio Licence,ZYR
M6ZYS,Available,Amateur Foundation Radio Licence,ZYS
M6ZYT,Available,Amateur Foundation Radio Licence,ZYT
M6ZYU,Available,Amateur Foundation Radio Licence,ZYU
M6ZYV,Available,Amateur Foundation Radio Licence,ZYV
M6ZYW,Available,Amateur Foundation Radio Licence,ZYW
M6ZYY,Available,Amateur Foundation Radio Licence,ZYY
M6ZZB,Available,Amateur Foundation Radio Licence,ZZB
M6ZZC,Available,Amateur Foundation Radio Licence,ZZC
M6ZZF,Available,Amateur Foundation Radio Licence,ZZF
M6ZZG,Available,Amateur Foundation Radio Licence,ZZG
M6ZZH,Available,Amateur Foundation Radio Licence,ZZH
M6ZZJ,Available,Amateur Foundation Radio Licence,ZZJ
M6ZZK,Available,Amateur Foundation Radio Licence,ZZK
M6ZZL,Available,Amateur Foundation Radio Licence,ZZL
M6ZZM,Available,Amateur Foundation Radio Licence,ZZM
M6ZZN,Available,Amateur Foundation Radio Licence,ZZN
M6ZZP,Available,Amateur Foundation Radio Licence,ZZP
M6ZZQ,Available,Amateur Foundation Radio Licence,ZZQ
M6ZZU,Available,Amateur Foundation Radio Licence,ZZU
M6ZZV,Available,Amateur Foundation Radio Licence,ZZV
