Country,Current Series,Reference,Value,Type,Product,Status,Allocated Flag
M,6,FNT,M6FNT,Call Sign,Amateur Foundation Radio Licence,Available,N
M,6,FNU,M6FNU,Call Sign,Amateur Foundation Radio Licence,Available,N
M,6,FNV,M6FNV,Call Sign,Amateur Foundation Radio Licence,Available,N
M,6,FNW,M6FNW,Call Sign,Amateur Foundation Radio Licence,Available,N
M,6,FNX,M6FNX,Call Sign,Amateur Foundation Radio Licence,Available,N
M,6,FNY,M6FNY,Call Sign,Amateur Foundation Radio Licence,Available,N
M,6,FNZ,M6FNZ,Call Sign,Amateur Foundation Radio Licence,Available,N
M,6,FOE,M6FOE,Call Sign,Amateur Foundation Radio Licence,Available,N
M,6,FOH,M6FOH,Call Sign,Amateur Foundation Radio Licence,Available,N
M,6,FOI,M6FOI,Call Sign,Amateur Foundation Radio Licence,Available,N
M,6,FOK,M6FOK,Call Sign,Amateur Foundation Radio Licence,Available,N
M,6,FOL,M6FOL,Call Sign,Amateur Foundation Radio Licence,Available,N
M,6,FOQ,M6FOQ,Call Sign,Amateur Foundation Radio Licence,Available,N
M,6,FOT,M6FOT,Call Sign,Amateur Foundation Radio Licence,Available,N
M,6,FOV,M6FOV,Call Sign,Amateur Foundation Radio Licence,Available,N
M,6,FOW,M6FOW,Call Sign,Amateur Foundation Radio Licence,Available,N
M,6,FPA,M6FPA,Call Sign,Amateur Foundation Radio Licence,Available,N
M,6,FPB,M6FPB,Call Sign,Amateur Foundation Radio Licence,Available,N
M,6,FPH,M6FPH,Call Sign,Amateur Foundation Radio Licence,Available,N
M,6,FPI,M6FPI,Call Sign,Amateur Foundation Radio Licence,Available,N
M,6,FPJ,M6FPJ,Call Sign,Amateur Foundation Radio Licence,Available,N
M,6,FPL,M6FPL,Call Sign,Amateur Foundation Radio Licence,Available,N
M,6,FPM,M6FPM,Call Sign,Amateur Foundation Radio Licence,Available,N
M,6,FPN,M6FPN,Call Sign,Amateur Foundation Radio Licence,Available,N
M,6,FPP,M6FPP,Call Sign,Amateur Foundation Radio Licence,Available,N
M,6,FPQ,M6FPQ,Call Sign,Amateur Foundation Radio Licence,Available,N
M,6,FPR,M6FPR,Call Sign,Amateur Foundation Radio Licence,Available,N
M,6,FPT,M6FPT,Call Sign,Amateur Foundation Radio Licence,Available,N
M,6,FPU,M6FPU,Call Sign,Amateur Foundation Radio Licence,Available,N
M,6,FPW,M6FPW,Call Sign,Amateur Foundation Radio Licence,Available,N
M,6,FPX,M6FPX,Call Sign,Amateur Foundation Radio Licence,Available,N
M,6,FPY,M6FPY,Call Sign,Amateur Foundation Radio Licence,Available,N
M,6,FPZ,M6FPZ,Call Sign,Amateur Foundation Radio Licence,Available,N
M,6,FQA,M6FQA,Call Sign,Amateur Foundation Radio Licence,Available,N
M,6,FQB,M6FQB,Call Sign,Amateur Foundation Radio Licence,Available,N
M,6,FQD,M6FQD,Call Sign,Amateur Foundation Radio Licence,Available,N
M,6,FQE,M6FQE,Call Sign,Amateur Foundation Radio Licence,Available,N
M,6,FQF,M6FQF,Call Sign,Amateur Foundation Radio Licence,Available,N
M,6,FQG,M6FQG,Call Sign,Amateur Foundation Radio Licence,Available,N
M,6,FQH,M6FQH,Call Sign,Amateur Foundation Radio Licence,Available,N
M,6,FQI,M6FQI,Call Sign,Amateur Foundation Radio Licence,Available,N
M,6,FQJ,M6FQJ,Call Sign,Amateur Foundation Radio Licence,Available,N
M,6,FQK,M6FQK,Call Sign,Amateur Foundation Radio Licence,Available,N
M,6,FQL,M6FQL,Call Sign,Amateur Foundation Radio Licence,Available,N
M,6,FQM,M6FQM,Call Sign,Amateur Foundation Radio Licence,Available,N
M,6,FQN,M6FQN,Call Sign,Amateur Foundation Radio Licence,Available,N
M,6,FQO,M6FQO,Call Sign,Amateur Foundation Radio Licence,Available,N
M,6,FQP,M6FQP,Call Sign,Amateur Foundation Radio Licence,Available,N
M,6,FQQ,M6FQQ,Call Sign,Amateur Foundation Radio Licence,Available,N
M,6,FQR,M6FQR,Call Sign,Amateur Foundation Radio Licence,Available,N
M,6,FQS,M6FQS,Call Sign,Amateur Foundation Radio Licence,Available,N
M,6,FQT,M6FQT,Call Sign,Amateur Foundation Radio Licence,Available,N
M,6,FQU,M6FQU,Call Sign,Amateur Foundation Radio Licence,Available,N
M,6,FQV,M6FQV,Call Sign,Amateur Foundation Radio Licence,Available,N
M,6,FQW,M6FQW,Call Sign,Amateur Foundation Radio Licence,Available,N
M,6,FQX,M6FQX,Call Sign,Amateur Foundation Radio Licence,Available,N
M,6,FQY,M6FQY,Call Sign,Amateur Foundation Radio Licence,Available,N
M,6,FQZ,M6FQZ,Call Sign,Amateur Foundation Radio Licence,Available,N
M,6,FRB,M6FRB,Call Sign,Amateur Foundation Radio Licence,Available,N
M,6,FRF,M6FRF,Call Sign,Amateur Foundation Radio Licence,Available,N
M,6,FRH,M6FRH,Call Sign,Amateur Foundation Radio Licence,Available,N
M,6,FRJ,M6FRJ,Call Sign,Amateur Foundation Radio Licence,Available,N
M,6,FRM,M6FRM,Call Sign,Amateur Foundation Radio Licence,Available,N
M,6,FRP,M6FRP,Call Sign,Amateur Foundation Radio Licence,Available,N
M,6,FRQ,M6FRQ,Call Sign,Amateur Foundation Radio Licence,Available,N
M,6,FRR,M6FRR,Call Sign,Amateur Foundation Radio Licence,Available,N
M,6,FRW,M6FRW,Call Sign,Amateur Foundation Radio Licence,Available,N
M,6,FRX,M6FRX,Call Sign,Amateur Foundation Radio Licence,Available,N
M,6,FSD,M6FSD,Call Sign,Amateur Foundation Radio Licence,Available,N
M,6,FSE,M6FSE,Call Sign,Amateur Foundation Radio Licence,Available,N
M,6,FSI,M6FSI,Call Sign,Amateur Foundation Radio Licence,Available,N
M,6,FSL,M6FSL,Call Sign,Amateur Foundation Radio Licence,Available,N
M,6,FSN,M6FSN,Call Sign,Amateur Foundation Radio Licence,Available,N
M,6,FSO,M6FSO,Call Sign,Amateur Foundation Radio Licence,Available,N
M,6,FSQ,M6FSQ,Call Sign,Amateur Foundation Radio Licence,Available,N
M,6,FSS,M6FSS,Call Sign,Amateur Foundation Radio Licence,Available,N
M,6,FSU,M6FSU,Call Sign,Amateur Foundation Radio Licence,Available,N
M,6,FSV,M6FSV,Call Sign,Amateur Foundation Radio Licence,Available,N
M,6,FSW,M6FSW,Call Sign,Amateur Foundation Radio Licence,Available,N
M,6,FSY,M6FSY,Call Sign,Amateur Foundation Radio Licence,Available,N
M,6,FSZ,M6FSZ,Call Sign,Amateur Foundation Radio Licence,Available,N
M,6,FTA,M6FTA,Call Sign,Amateur Foundation Radio Licence,Available,N
M,6,FTB,M6FTB,Call Sign,Amateur Foundation Radio Licence,Available,N
M,6,FTC,M6FTC,Call Sign,Amateur Foundation Radio Licence,Available,N
M,6,FTE,M6FTE,Call Sign,Amateur Foundation Radio Licence,Available,N
M,6,FTI,M6FTI,Call Sign,Amateur Foundation Radio Licence,Available,N
M,6,FTQ,M6FTQ,Call Sign,Amateur Foundation Radio Licence,Available,N
M,6,FTR,M6FTR,Call Sign,Amateur Foundation Radio Licence,Available,N
M,6,FTT,M6FTT,Call Sign,Amateur Foundation Radio Licence,Available,N
M,6,FTU,M6FTU,Call Sign,Amateur Foundation Radio Licence,Available,N
M,6,FUD,M6FUD,Call Sign,Amateur Foundation Radio Licence,Available,N
M,6,FUE,M6FUE,Call Sign,Amateur Foundation Radio Licence,Available,N
M,6,FUF,M6FUF,Call Sign,Amateur Foundation Radio Licence,Available,N
M,6,FUG,M6FUG,Call Sign,Amateur Foundation Radio Licence,Available,N
M,6,FUH,M6FUH,Call Sign,Amateur Foundation Radio Licence,Available,N
M,6,FUI,M6FUI,Call Sign,Amateur Foundation Radio Licence,Available,N
M,6,FUJ,M6FUJ,Call Sign,Amateur Foundation Radio Licence,Available,N
M,6,FUL,M6FUL,Call Sign,Amateur Foundation Radio Licence,Available,N
M,6,FUM,M6FUM,Call Sign,Amateur Foundation Radio Licence,Available,N
M,6,FUP,M6FUP,Call Sign,Amateur Foundation Radio Licence,Available,N
M,6,FUQ,M6FUQ,Call Sign,Amateur Foundation Radio Licence,Available,N
M,6,FUT,M6FUT,Call Sign,Amateur Foundation Radio Licence,Available,N
M,6,FUV,M6FUV,Call Sign,Amateur Foundation Radio Licence,Available,N
M,6,FUW,M6FUW,Call Sign,Amateur Foundation Radio Licence,Available,N
M,6,FUY,M6FUY,Call Sign,Amateur Foundation Radio Licence,Available,N
M,6,FVA,M6FVA,Call Sign,Amateur Foundation Radio Licence,Available,N
M,6,FVB,M6FVB,Call Sign,Amateur Foundation Radio Licence,Available,N
M,6,FVC,M6FVC,Call Sign,Amateur Foundation Radio Licence,Available,N
M,6,FVD,M6FVD,Call Sign,Amateur Foundation Radio Licence,Available,N
M,6,FVE,M6FVE,Call Sign,Amateur Foundation Radio Licence,Available,N
M,6,FVF,M6FVF,Call Sign,Amateur Foundation Radio Licence,Available,N
M,6,FVG,M6FVG,Call Sign,Amateur Foundation Radio Licence,Available,N
M,6,FVH,M6FVH,Call Sign,Amateur Foundation Radio Licence,Available,N
M,6,FVI,M6FVI,Call Sign,Amateur Foundation Radio Licence,Available,N
M,6,FVJ,M6FVJ,Call Sign,Amateur Foundation Radio Licence,Available,N
M,6,FVK,M6FVK,Call Sign,Amateur Foundation Radio Licence,Available,N
M,6,FVL,M6FVL,Call Sign,Amateur Foundation Radio Licence,Available,N
M,6,FVM,M6FVM,Call Sign,Amateur Foundation Radio Licence,Available,N
M,6,FVN,M6FVN,Call Sign,Amateur Foundation Radio Licence,Available,N
M,6,FVO,M6FVO,Call Sign,Amateur Foundation Radio Licence,Available,N
M,6,FVP,M6FVP,Call Sign,Amateur Foundation Radio Licence,Available,N
M,6,FVQ,M6FVQ,Call Sign,Amateur Foundation Radio Licence,Available,N
M,6,FVR,M6FVR,Call Sign,Amateur Foundation Radio Licence,Available,N
M,6,FVT,M6FVT,Call Sign,Amateur Foundation Radio Licence,Available,N
M,6,FVU,M6FVU,Call Sign,Amateur Foundation Radio Licence,Available,N
M,6,FVV,M6FVV,Call Sign,Amateur Foundation Radio Licence,Available,N
M,6,FVW,M6FVW,Call Sign,Amateur Foundation Radio Licence,Available,N
M,6,FVX,M6FVX,Call Sign,Amateur Foundation Radio Licence,Available,N
M,6,FVZ,M6FVZ,Call Sign,Amateur Foundation Radio Licence,Available,N
M,6,FWB,M6FWB,Call Sign,Amateur Foundation Radio Licence,Available,N
M,6,FWC,M6FWC,Call Sign,Amateur Foundation Radio Licence,Available,N
M,6,FWD,M6FWD,Call Sign,Amateur Foundation Radio Licence,Available,N
M,6,FWG,M6FWG,Call Sign,Amateur Foundation Radio Licence,Available,N
M,6,FWH,M6FWH,Call Sign,Amateur Foundation Radio Licence,Available,N
M,6,FWI,M6FWI,Call Sign,Amateur Foundation Radio Licence,Available,N
M,6,FWJ,M6FWJ,Call Sign,Amateur Foundation Radio Licence,Available,N
M,6,FWL,M6FWL,Call Sign,Amateur Foundation Radio Licence,Available,N
M,6,FWM,M6FWM,Call Sign,Amateur Foundation Radio Licence,Available,N
M,6,FWN,M6FWN,Call Sign,Amateur Foundation Radio Licence,Available,N
M,6,FWO,M6FWO,Call Sign,Amateur Foundation Radio Licence,Available,N
M,6,FWP,M6FWP,Call Sign,Amateur Foundation Radio Licence,Available,N
M,6,FWQ,M6FWQ,Call Sign,Amateur Foundation Radio Licence,Available,N
M,6,FWT,M6FWT,Call Sign,Amateur Foundation Radio Licence,Available,N
M,6,FWU,M6FWU,Call Sign,Amateur Foundation Radio Licence,Available,N
M,6,FWV,M6FWV,Call Sign,Amateur Foundation Radio Licence,Available,N
M,6,FWW,M6FWW,Call Sign,Amateur Foundation Radio Licence,Available,N
M,6,FWX,M6FWX,Call Sign,Amateur Foundation Radio Licence,Available,N
M,6,FWZ,M6FWZ,Call Sign,Amateur Foundation Radio Licence,Available,N
M,6,FXA,M6FXA,Call Sign,Amateur Foundation Radio Licence,Available,N
M,6,FXC,M6FXC,Call Sign,Amateur Foundation Radio Licence,Available,N
M,6,FXD,M6FXD,Call Sign,Amateur Foundation Radio Licence,Available,N
M,6,FXE,M6FXE,Call Sign,Amateur Foundation Radio Licence,Available,N
M,6,FXG,M6FXG,Call Sign,Amateur Foundation Radio Licence,Available,N
M,6,FXH,M6FXH,Call Sign,Amateur Foundation Radio Licence,Available,N
M,6,FXI,M6FXI,Call Sign,Amateur Foundation Radio Licence,Available,N
M,6,FXJ,M6FXJ,Call Sign,Amateur Foundation Radio Licence,Available,N
M,6,FXK,M6FXK,Call Sign,Amateur Foundation Radio Licence,Available,N
M,6,FXL,M6FXL,Call Sign,Amateur Foundation Radio Licence,Available,N
M,6,FXM,M6FXM,Call Sign,Amateur Foundation Radio Licence,Available,N
M,6,FXN,M6FXN,Call Sign,Amateur Foundation Radio Licence,Available,N
M,6,FXO,M6FXO,Call Sign,Amateur Foundation Radio Licence,Available,N
M,6,FXP,M6FXP,Call Sign,Amateur Foundation Radio Licence,Available,N
M,6,FXQ,M6FXQ,Call Sign,Amateur Foundation Radio Licence,Available,N
M,6,FXS,M6FXS,Call Sign,Amateur Foundation Radio Licence,Available,N
M,6,FXU,M6FXU,Call Sign,Amateur Foundation Radio Licence,Available,N
M,6,FXV,M6FXV,Call Sign,Amateur Foundation Radio Licence,Available,N
M,6,FXW,M6FXW,Call Sign,Amateur Foundation Radio Licence,Available,N
M,6,FXX,M6FXX,Call Sign,Amateur Foundation Radio Licence,Available,N
M,6,FXZ,M6FXZ,Call Sign,Amateur Foundation Radio Licence,Available,N
M,6,FYA,M6FYA,Call Sign,Amateur Foundation Radio Licence,Available,N
M,6,FYC,M6FYC,Call Sign,Amateur Foundation Radio Licence,Available,N
M,6,FYD,M6FYD,Call Sign,Amateur Foundation Radio Licence,Available,N
M,6,FYE,M6FYE,Call Sign,Amateur Foundation Radio Licence,Available,N
M,6,FYF,M6FYF,Call Sign,Amateur Foundation Radio Licence,Available,N
M,6,FYG,M6FYG,Call Sign,Amateur Foundation Radio Licence,Available,N
M,6,FYH,M6FYH,Call Sign,Amateur Foundation Radio Licence,Available,N
M,6,FYJ,M6FYJ,Call Sign,Amateur Foundation Radio Licence,Available,N
M,6,FYK,M6FYK,Call Sign,Amateur Foundation Radio Licence,Available,N
M,6,FYM,M6FYM,Call Sign,Amateur Foundation Radio Licence,Available,N
M,6,FYN,M6FYN,Call Sign,Amateur Foundation Radio Licence,Available,N
M,6,FYO,M6FYO,Call Sign,Amateur Foundation Radio Licence,Available,N
M,6,FYP,M6FYP,Call Sign,Amateur Foundation Radio Licence,Available,N
M,6,FYQ,M6FYQ,Call Sign,Amateur Foundation Radio Licence,Available,N
M,6,FYR,M6FYR,Call Sign,Amateur Foundation Radio Licence,Available,N
M,6,FYS,M6FYS,Call Sign,Amateur Foundation Radio Licence,Available,N
M,6,FYT,M6FYT,Call Sign,Amateur Foundation Radio Licence,Available,N
M,6,FYU,M6FYU,Call Sign,Amateur Foundation Radio Licence,Available,N
M,6,FYW,M6FYW,Call Sign,Amateur Foundation Radio Licence,Available,N
M,6,FYX,M6FYX,Call Sign,Amateur Foundation Radio Licence,Available,N
M,6,FYY,M6FYY,Call Sign,Amateur Foundation Radio Licence,Available,N
M,6,FZA,M6FZA,Call Sign,Amateur Foundation Radio Licence,Available,N
M,6,FZB,M6FZB,Call Sign,Amateur Foundation Radio Licence,Available,N
M,6,FZC,M6FZC,Call Sign,Amateur Foundation Radio Licence,Available,N
M,6,FZD,M6FZD,Call Sign,Amateur Foundation Radio Licence,Available,N
M,6,FZE,M6FZE,Call Sign,Amateur Foundation Radio Licence,Available,N
M,6,FZG,M6FZG,Call Sign,Amateur Foundation Radio Licence,Available,N
M,6,FZH,M6FZH,Call Sign,Amateur Foundation Radio Licence,Available,N
M,6,FZI,M6FZI,Call Sign,Amateur Foundation Radio Licence,Available,N
M,6,FZK,M6FZK,Call Sign,Amateur Foundation Radio Licence,Available,N
M,6,FZL,M6FZL,Call Sign,Amateur Foundation Radio Licence,Available,N
M,6,FZM,M6FZM,Call Sign,Amateur Foundation Radio Licence,Available,N
M,6,FZN,M6FZN,Call Sign,Amateur Foundation Radio Licence,Available,N
M,6,FZO,M6FZO,Call Sign,Amateur Foundation Radio Licence,Available,N
M,6,FZP,M6FZP,Call Sign,Amateur Foundation Radio Licence,Available,N
M,6,FZQ,M6FZQ,Call Sign,Amateur Foundation Radio Licence,Available,N
M,6,FZT,M6FZT,Call Sign,Amateur Foundation Radio Licence,Available,N
M,6,FZU,M6FZU,Call Sign,Amateur Foundation Radio Licence,Available,N
M,6,FZV,M6FZV,Call Sign,Amateur Foundation Radio Licence,Available,N
M,6,FZX,M6FZX,Call Sign,Amateur Foundation Radio Licence,Available,N
M,6,FZZ,M6FZZ,Call Sign,Amateur Foundation Radio Licence,Available,N
M,6,GFJ,M6GFJ,Call Sign,Amateur Foundation Radio Licence,Available,N
M,6,GFV,M6GFV,Call Sign,Amateur Foundation Radio Licence,Available,N
M,6,GFZ,M6GFZ,Call Sign,Amateur Foundation Radio Licence,Available,N
M,6,GGF,M6GGF,Call Sign,Amateur Foundation Radio Licence,Available,N
M,6,GGI,M6GGI,Call Sign,Amateur Foundation Radio Licence,Available,N
M,6,GGJ,M6GGJ,Call Sign,Amateur Foundation Radio Licence,Available,N
M,6,GGK,M6GGK,Call Sign,Amateur Foundation Radio Licence,Available,N
M,6,GGL,M6GGL,Call Sign,Amateur Foundation Radio Licence,Available,N
M,6,GGN,M6GGN,Call Sign,Amateur Foundation Radio Licence,Available,N
M,6,GGO,M6GGO,Call Sign,Amateur Foundation Radio Licence,Available,N
M,6,GGQ,M6GGQ,Call Sign,Amateur Foundation Radio Licence,Available,N
M,6,GGR,M6GGR,Call Sign,Amateur Foundation Radio Licence,Available,N
M,6,GGU,M6GGU,Call Sign,Amateur Foundation Radio Licence,Available,N
M,6,GGX,M6GGX,Call Sign,Amateur Foundation Radio Licence,Available,N
M,6,GHA,M6GHA,Call Sign,Amateur Foundation Radio Licence,Available,N
M,6,GHC,M6GHC,Call Sign,Amateur Foundation Radio Licence,Available,N
M,6,GHH,M6GHH,Call Sign,Amateur Foundation Radio Licence,Available,N
M,6,GHJ,M6GHJ,Call Sign,Amateur Foundation Radio Licence,Available,N
M,6,GHK,M6GHK,Call Sign,Amateur Foundation Radio Licence,Available,N
M,6,GHN,M6GHN,Call Sign,Amateur Foundation Radio Licence,Available,N
M,6,GHQ,M6GHQ,Call Sign,Amateur Foundation Radio Licence,Available,N
M,6,GHR,M6GHR,Call Sign,Amateur Foundation Radio Licence,Available,N
M,6,GHS,M6GHS,Call Sign,Amateur Foundation Radio Licence,Available,N
M,6,GHV,M6GHV,Call Sign,Amateur Foundation Radio Licence,Available,N
M,6,GHX,M6GHX,Call Sign,Amateur Foundation Radio Licence,Available,N
M,6,GHY,M6GHY,Call Sign,Amateur Foundation Radio Licence,Available,N
M,6,GID,M6GID,Call Sign,Amateur Foundation Radio Licence,Available,N
M,6,GII,M6GII,Call Sign,Amateur Foundation Radio Licence,Available,N
M,6,GIJ,M6GIJ,Call Sign,Amateur Foundation Radio Licence,Available,N
M,6,GIO,M6GIO,Call Sign,Amateur Foundation Radio Licence,Available,N
M,6,GIQ,M6GIQ,Call Sign,Amateur Foundation Radio Licence,Available,N
M,6,GIS,M6GIS,Call Sign,Amateur Foundation Radio Licence,Available,N
M,6,GIU,M6GIU,Call Sign,Amateur Foundation Radio Licence,Available,N
M,6,GIV,M6GIV,Call Sign,Amateur Foundation Radio Licence,Available,N
M,6,GIW,M6GIW,Call Sign,Amateur Foundation Radio Licence,Available,N
M,6,GIY,M6GIY,Call Sign,Amateur Foundation Radio Licence,Available,N
M,6,GJA,M6GJA,Call Sign,Amateur Foundation Radio Licence,Available,N
M,6,GJD,M6GJD,Call Sign,Amateur Foundation Radio Licence,Available,N
M,6,GJF,M6GJF,Call Sign,Amateur Foundation Radio Licence,Available,N
M,6,GJG,M6GJG,Call Sign,Amateur Foundation Radio Licence,Available,N
M,6,GJI,M6GJI,Call Sign,Amateur Foundation Radio Licence,Available,N
M,6,GJL,M6GJL,Call Sign,Amateur Foundation Radio Licence,Available,N
M,6,GJQ,M6GJQ,Call Sign,Amateur Foundation Radio Licence,Available,N
M,6,GJU,M6GJU,Call Sign,Amateur Foundation Radio Licence,Available,N
M,6,GJV,M6GJV,Call Sign,Amateur Foundation Radio Licence,Available,N
M,6,GJX,M6GJX,Call Sign,Amateur Foundation Radio Licence,Available,N
M,6,GJY,M6GJY,Call Sign,Amateur Foundation Radio Licence,Available,N
M,6,GJZ,M6GJZ,Call Sign,Amateur Foundation Radio Licence,Available,N
M,6,GKE,M6GKE,Call Sign,Amateur Foundation Radio Licence,Available,N
M,6,GKF,M6GKF,Call Sign,Amateur Foundation Radio Licence,Available,N
M,6,GKH,M6GKH,Call Sign,Amateur Foundation Radio Licence,Available,N
M,6,GKI,M6GKI,Call Sign,Amateur Foundation Radio Licence,Available,N
M,6,GKJ,M6GKJ,Call Sign,Amateur Foundation Radio Licence,Available,N
M,6,GKK,M6GKK,Call Sign,Amateur Foundation Radio Licence,Available,N
M,6,GKL,M6GKL,Call Sign,Amateur Foundation Radio Licence,Available,N
M,6,GKQ,M6GKQ,Call Sign,Amateur Foundation Radio Licence,Available,N
M,6,GKR,M6GKR,Call Sign,Amateur Foundation Radio Licence,Available,N
M,6,GKT,M6GKT,Call Sign,Amateur Foundation Radio Licence,Available,N
M,6,GKU,M6GKU,Call Sign,Amateur Foundation Radio Licence,Available,N
M,6,GKV,M6GKV,Call Sign,Amateur Foundation Radio Licence,Available,N
M,6,GKZ,M6GKZ,Call Sign,Amateur Foundation Radio Licence,Available,N
M,6,GLK,M6GLK,Call Sign,Amateur Foundation Radio Licence,Available,N
M,6,GLQ,M6GLQ,Call Sign,Amateur Foundation Radio Licence,Available,N
M,6,GLZ,M6GLZ,Call Sign,Amateur Foundation Radio Licence,Available,N
M,6,GMQ,M6GMQ,Call Sign,Amateur Foundation Radio Licence,Available,N
M,6,GMS,M6GMS,Call Sign,Amateur Foundation Radio Licence,Available,N
M,6,GMU,M6GMU,Call Sign,Amateur Foundation Radio Licence,Available,N
M,6,GMV,M6GMV,Call Sign,Amateur Foundation Radio Licence,Available,N
M,6,GNB,M6GNB,Call Sign,Amateur Foundation Radio Licence,Available,N
M,6,GNC,M6GNC,Call Sign,Amateur Foundation Radio Licence,Available,N
M,6,GNE,M6GNE,Call Sign,Amateur Foundation Radio Licence,Available,N
M,6,GNI,M6GNI,Call Sign,Amateur Foundation Radio Licence,Available,N
M,6,GNJ,M6GNJ,Call Sign,Amateur Foundation Radio Licence,Available,N
M,6,GNQ,M6GNQ,Call Sign,Amateur Foundation Radio Licence,Available,N
M,6,GNS,M6GNS,Call Sign,Amateur Foundation Radio Licence,Available,N
M,6,GNV,M6GNV,Call Sign,Amateur Foundation Radio Licence,Available,N
M,6,GNX,M6GNX,Call Sign,Amateur Foundation Radio Licence,Available,N
M,6,GNY,M6GNY,Call Sign,Amateur Foundation Radio Licence,Available,N
M,6,GOC,M6GOC,Call Sign,Amateur Foundation Radio Licence,Available,N
M,6,GOI,M6GOI,Call Sign,Amateur Foundation Radio Licence,Available,N
M,6,GOJ,M6GOJ,Call Sign,Amateur Foundation Radio Licence,Available,N
M,6,GOP,M6GOP,Call Sign,Amateur Foundation Radio Licence,Available,N
M,6,GOQ,M6GOQ,Call Sign,Amateur Foundation Radio Licence,Available,N
M,6,GOU,M6GOU,Call Sign,Amateur Foundation Radio Licence,Available,N
M,6,GOX,M6GOX,Call Sign,Amateur Foundation Radio Licence,Available,N
M,6,GOY,M6GOY,Call Sign,Amateur Foundation Radio Licence,Available,N
M,6,GPD,M6GPD,Call Sign,Amateur Foundation Radio Licence,Available,N
M,6,GPI,M6GPI,Call Sign,Amateur Foundation Radio Licence,Available,N
M,6,GPJ,M6GPJ,Call Sign,Amateur Foundation Radio Licence,Available,N
M,6,GPM,M6GPM,Call Sign,Amateur Foundation Radio Licence,Available,N
M,6,GPN,M6GPN,Call Sign,Amateur Foundation Radio Licence,Available,N
M,6,GPP,M6GPP,Call Sign,Amateur Foundation Radio Licence,Available,N
M,6,GPQ,M6GPQ,Call Sign,Amateur Foundation Radio Licence,Available,N
M,6,GPV,M6GPV,Call Sign,Amateur Foundation Radio Licence,Available,N
M,6,GPY,M6GPY,Call Sign,Amateur Foundation Radio Licence,Available,N
M,6,GQA,M6GQA,Call Sign,Amateur Foundation Radio Licence,Available,N
M,6,GQC,M6GQC,Call Sign,Amateur Foundation Radio Licence,Available,N
M,6,GQD,M6GQD,Call Sign,Amateur Foundation Radio Licence,Available,N
M,6,GQE,M6GQE,Call Sign,Amateur Foundation Radio Licence,Available,N
M,6,GQF,M6GQF,Call Sign,Amateur Foundation Radio Licence,Available,N
M,6,GQG,M6GQG,Call Sign,Amateur Foundation Radio Licence,Available,N
M,6,GQH,M6GQH,Call Sign,Amateur Foundation Radio Licence,Available,N
M,6,GQI,M6GQI,Call Sign,Amateur Foundation Radio Licence,Available,N
M,6,GQJ,M6GQJ,Call Sign,Amateur Foundation Radio Licence,Available,N
M,6,GQK,M6GQK,Call Sign,Amateur Foundation Radio Licence,Available,N
M,6,GQL,M6GQL,Call Sign,Amateur Foundation Radio Licence,Available,N
M,6,GQM,M6GQM,Call Sign,Amateur Foundation Radio Licence,Available,N
M,6,GQN,M6GQN,Call Sign,Amateur Foundation Radio Licence,Available,N
M,6,GQO,M6GQO,Call Sign,Amateur Foundation Radio Licence,Available,N
M,6,GQP,M6GQP,Call Sign,Amateur Foundation Radio Licence,Available,N
M,6,GQQ,M6GQQ,Call Sign,Amateur Foundation Radio Licence,Available,N
M,6,GQR,M6GQR,Call Sign,Amateur Foundation Radio Licence,Available,N
M,6,GQS,M6GQS,Call Sign,Amateur Foundation Radio Licence,Available,N
M,6,GQT,M6GQT,Call Sign,Amateur Foundation Radio Licence,Available,N
M,6,GQU,M6GQU,Call Sign,Amateur Foundation Radio Licence,Available,N
M,6,GQV,M6GQV,Call Sign,Amateur Foundation Radio Licence,Available,N
M,6,GQW,M6GQW,Call Sign,Amateur Foundation Radio Licence,Available,N
M,6,GQX,M6GQX,Call Sign,Amateur Foundation Radio Licence,Available,N
M,6,GQY,M6GQY,Call Sign,Amateur Foundation Radio Licence,Available,N
M,6,GQZ,M6GQZ,Call Sign,Amateur Foundation Radio Licence,Available,N
M,6,GRQ,M6GRQ,Call Sign,Amateur Foundation Radio Licence,Available,N
M,6,GSC,M6GSC,Call Sign,Amateur Foundation Radio Licence,Available,N
M,6,GSN,M6GSN,Call Sign,Amateur Foundation Radio Licence,Available,N
M,6,GSQ,M6GSQ,Call Sign,Amateur Foundation Radio Licence,Available,N
M,6,GSV,M6GSV,Call Sign,Amateur Foundation Radio Licence,Available,N
M,6,GSZ,M6GSZ,Call Sign,Amateur Foundation Radio Licence,Available,N
M,6,GTK,M6GTK,Call Sign,Amateur Foundation Radio Licence,Available,N
M,6,GTQ,M6GTQ,Call Sign,Amateur Foundation Radio Licence,Available,N
M,6,GTT,M6GTT,Call Sign,Amateur Foundation Radio Licence,Available,N
M,6,GTU,M6GTU,Call Sign,Amateur Foundation Radio Licence,Available,N
M,6,GUA,M6GUA,Call Sign,Amateur Foundation Radio Licence,Available,N
M,6,GUB,M6GUB,Call Sign,Amateur Foundation Radio Licence,Available,N
M,6,GUC,M6GUC,Call Sign,Amateur Foundation Radio Licence,Available,N
M,6,GUF,M6GUF,Call Sign,Amateur Foundation Radio Licence,Available,N
M,6,GUG,M6GUG,Call Sign,Amateur Foundation Radio Licence,Available,N
M,6,GUJ,M6GUJ,Call Sign,Amateur Foundation Radio Licence,Available,N
M,6,GUK,M6GUK,Call Sign,Amateur Foundation Radio Licence,Available,N
M,6,GUO,M6GUO,Call Sign,Amateur Foundation Radio Licence,Available,N
M,6,GUP,M6GUP,Call Sign,Amateur Foundation Radio Licence,Available,N
M,6,GUQ,M6GUQ,Call Sign,Amateur Foundation Radio Licence,Available,N
M,6,GUU,M6GUU,Call Sign,Amateur Foundation Radio Licence,Available,N
M,6,GUW,M6GUW,Call Sign,Amateur Foundation Radio Licence,Available,N
M,6,GUX,M6GUX,Call Sign,Amateur Foundation Radio Licence,Available,N
M,6,GVA,M6GVA,Call Sign,Amateur Foundation Radio Licence,Available,N
M,6,GVB,M6GVB,Call Sign,Amateur Foundation Radio Licence,Available,N
M,6,GVD,M6GVD,Call Sign,Amateur Foundation Radio Licence,Available,N
M,6,GVE,M6GVE,Call Sign,Amateur Foundation Radio Licence,Available,N
M,6,GVG,M6GVG,Call Sign,Amateur Foundation Radio Licence,Available,N
M,6,GVH,M6GVH,Call Sign,Amateur Foundation Radio Licence,Available,N
M,6,GVI,M6GVI,Call Sign,Amateur Foundation Radio Licence,Available,N
M,6,GVJ,M6GVJ,Call Sign,Amateur Foundation Radio Licence,Available,N
M,6,GVK,M6GVK,Call Sign,Amateur Foundation Radio Licence,Available,N
M,6,GVL,M6GVL,Call Sign,Amateur Foundation Radio Licence,Available,N
M,6,GVM,M6GVM,Call Sign,Amateur Foundation Radio Licence,Available,N
M,6,GVQ,M6GVQ,Call Sign,Amateur Foundation Radio Licence,Available,N
M,6,GVR,M6GVR,Call Sign,Amateur Foundation Radio Licence,Available,N
M,6,GVU,M6GVU,Call Sign,Amateur Foundation Radio Licence,Available,N
M,6,GVV,M6GVV,Call Sign,Amateur Foundation Radio Licence,Available,N
M,6,GVX,M6GVX,Call Sign,Amateur Foundation Radio Licence,Available,N
M,6,GVY,M6GVY,Call Sign,Amateur Foundation Radio Licence,Available,N
M,6,GWI,M6GWI,Call Sign,Amateur Foundation Radio Licence,Available,N
M,6,GWJ,M6GWJ,Call Sign,Amateur Foundation Radio Licence,Available,N
M,6,GWL,M6GWL,Call Sign,Amateur Foundation Radio Licence,Available,N
M,6,GWN,M6GWN,Call Sign,Amateur Foundation Radio Licence,Available,N
M,6,GWP,M6GWP,Call Sign,Amateur Foundation Radio Licence,Available,N
M,6,GWQ,M6GWQ,Call Sign,Amateur Foundation Radio Licence,Available,N
M,6,GWU,M6GWU,Call Sign,Amateur Foundation Radio Licence,Available,N
M,6,GWV,M6GWV,Call Sign,Amateur Foundation Radio Licence,Available,N
M,6,GWX,M6GWX,Call Sign,Amateur Foundation Radio Licence,Available,N
M,6,GXB,M6GXB,Call Sign,Amateur Foundation Radio Licence,Available,N
M,6,GXC,M6GXC,Call Sign,Amateur Foundation Radio Licence,Available,N
M,6,GXD,M6GXD,Call Sign,Amateur Foundation Radio Licence,Available,N
M,6,GXE,M6GXE,Call Sign,Amateur Foundation Radio Licence,Available,N
M,6,GXF,M6GXF,Call Sign,Amateur Foundation Radio Licence,Available,N
M,6,GXG,M6GXG,Call Sign,Amateur Foundation Radio Licence,Available,N
M,6,GXH,M6GXH,Call Sign,Amateur Foundation Radio Licence,Available,N
M,6,GXI,M6GXI,Call Sign,Amateur Foundation Radio Licence,Available,N
M,6,GXJ,M6GXJ,Call Sign,Amateur Foundation Radio Licence,Available,N
M,6,GXK,M6GXK,Call Sign,Amateur Foundation Radio Licence,Available,N
M,6,GXL,M6GXL,Call Sign,Amateur Foundation Radio Licence,Available,N
M,6,GXM,M6GXM,Call Sign,Amateur Foundation Radio Licence,Available,N
M,6,GXN,M6GXN,Call Sign,Amateur Foundation Radio Licence,Available,N
M,6,GXP,M6GXP,Call Sign,Amateur Foundation Radio Licence,Available,N
M,6,GXQ,M6GXQ,Call Sign,Amateur Foundation Radio Licence,Available,N
M,6,GXR,M6GXR,Call Sign,Amateur Foundation Radio Licence,Available,N
M,6,GXS,M6GXS,Call Sign,Amateur Foundation Radio Licence,Available,N
M,6,GXT,M6GXT,Call Sign,Amateur Foundation Radio Licence,Available,N
M,6,GXU,M6GXU,Call Sign,Amateur Foundation Radio Licence,Available,N
M,6,GXV,M6GXV,Call Sign,Amateur Foundation Radio Licence,Available,N
M,6,GXX,M6GXX,Call Sign,Amateur Foundation Radio Licence,Available,N
M,6,GXY,M6GXY,Call Sign,Amateur Foundation Radio Licence,Available,N
M,6,GXZ,M6GXZ,Call Sign,Amateur Foundation Radio Licence,Available,N
M,6,GYC,M6GYC,Call Sign,Amateur Foundation Radio Licence,Available,N
M,6,GYD,M6GYD,Call Sign,Amateur Foundation Radio Licence,Available,N
M,6,GYE,M6GYE,Call Sign,Amateur Foundation Radio Licence,Available,N
M,6,GYF,M6GYF,Call Sign,Amateur Foundation Radio Licence,Available,N
M,6,GYG,M6GYG,Call Sign,Amateur Foundation Radio Licence,Available,N
M,6,GYH,M6GYH,Call Sign,Amateur Foundation Radio Licence,Available,N
M,6,GYI,M6GYI,Call Sign,Amateur Foundation Radio Licence,Available,N
M,6,GYJ,M6GYJ,Call Sign,Amateur Foundation Radio Licence,Available,N
M,6,GYK,M6GYK,Call Sign,Amateur Foundation Radio Licence,Available,N
M,6,GYL,M6GYL,Call Sign,Amateur Foundation Radio Licence,Available,N
M,6,GYQ,M6GYQ,Call Sign,Amateur Foundation Radio Licence,Available,N
M,6,GYR,M6GYR,Call Sign,Amateur Foundation Radio Licence,Available,N
M,6,GYS,M6GYS,Call Sign,Amateur Foundation Radio Licence,Available,N
M,6,GYU,M6GYU,Call Sign,Amateur Foundation Radio Licence,Available,N
M,6,GYX,M6GYX,Call Sign,Amateur Foundation Radio Licence,Available,N
M,6,GYY,M6GYY,Call Sign,Amateur Foundation Radio Licence,Available,N
M,6,GYZ,M6GYZ,Call Sign,Amateur Foundation Radio Licence,Available,N
M,6,GZB,M6GZB,Call Sign,Amateur Foundation Radio Licence,Available,N
M,6,GZC,M6GZC,Call Sign,Amateur Foundation Radio Licence,Available,N
M,6,GZD,M6GZD,Call Sign,Amateur Foundation Radio Licence,Available,N
M,6,GZF,M6GZF,Call Sign,Amateur Foundation Radio Licence,Available,N
M,6,GZG,M6GZG,Call Sign,Amateur Foundation Radio Licence,Available,N
M,6,GZH,M6GZH,Call Sign,Amateur Foundation Radio Licence,Available,N
M,6,GZI,M6GZI,Call Sign,Amateur Foundation Radio Licence,Available,N
M,6,GZJ,M6GZJ,Call Sign,Amateur Foundation Radio Licence,Available,N
M,6,GZK,M6GZK,Call Sign,Amateur Foundation Radio Licence,Available,N
M,6,GZL,M6GZL,Call Sign,Amateur Foundation Radio Licence,Available,N
M,6,GZN,M6GZN,Call Sign,Amateur Foundation Radio Licence,Available,N
M,6,GZP,M6GZP,Call Sign,Amateur Foundation Radio Licence,Available,N
M,6,GZQ,M6GZQ,Call Sign,Amateur Foundation Radio Licence,Available,N
M,6,GZR,M6GZR,Call Sign,Amateur Foundation Radio Licence,Available,N
M,6,GZS,M6GZS,Call Sign,Amateur Foundation Radio Licence,Available,N
M,6,GZU,M6GZU,Call Sign,Amateur Foundation Radio Licence,Available,N
M,6,GZV,M6GZV,Call Sign,Amateur Foundation Radio Licence,Available,N
M,6,GZW,M6GZW,Call Sign,Amateur Foundation Radio Licence,Available,N
M,6,GZX,M6GZX,Call Sign,Amateur Foundation Radio Licence,Available,N
M,6,HBJ,M6HBJ,Call Sign,Amateur Foundation Radio Licence,Available,N
M,6,HBN,M6HBN,Call Sign,Amateur Foundation Radio Licence,Available,N
M,6,HBP,M6HBP,Call Sign,Amateur Foundation Radio Licence,Available,N
M,6,HBQ,M6HBQ,Call Sign,Amateur Foundation Radio Licence,Available,N
M,6,HBU,M6HBU,Call Sign,Amateur Foundation Radio Licence,Available,N
M,6,HBV,M6HBV,Call Sign,Amateur Foundation Radio Licence,Available,N
M,6,HBW,M6HBW,Call Sign,Amateur Foundation Radio Licence,Available,N
M,6,HBX,M6HBX,Call Sign,Amateur Foundation Radio Licence,Available,N
M,6,HBY,M6HBY,Call Sign,Amateur Foundation Radio Licence,Available,N
M,6,HBZ,M6HBZ,Call Sign,Amateur Foundation Radio Licence,Available,N
M,6,HCA,M6HCA,Call Sign,Amateur Foundation Radio Licence,Available,N
M,6,HCB,M6HCB,Call Sign,Amateur Foundation Radio Licence,Available,N
M,6,HCE,M6HCE,Call Sign,Amateur Foundation Radio Licence,Available,N
M,6,HCG,M6HCG,Call Sign,Amateur Foundation Radio Licence,Available,N
M,6,HCI,M6HCI,Call Sign,Amateur Foundation Radio Licence,Available,N
M,6,HCO,M6HCO,Call Sign,Amateur Foundation Radio Licence,Available,N
M,6,HCT,M6HCT,Call Sign,Amateur Foundation Radio Licence,Available,N
M,6,HCU,M6HCU,Call Sign,Amateur Foundation Radio Licence,Available,N
M,6,HCV,M6HCV,Call Sign,Amateur Foundation Radio Licence,Available,N
M,6,HCX,M6HCX,Call Sign,Amateur Foundation Radio Licence,Available,N
M,6,HCY,M6HCY,Call Sign,Amateur Foundation Radio Licence,Available,N
M,6,HCZ,M6HCZ,Call Sign,Amateur Foundation Radio Licence,Available,N
M,6,HDG,M6HDG,Call Sign,Amateur Foundation Radio Licence,Available,N
M,6,HDH,M6HDH,Call Sign,Amateur Foundation Radio Licence,Available,N
M,6,HDI,M6HDI,Call Sign,Amateur Foundation Radio Licence,Available,N
M,6,HDN,M6HDN,Call Sign,Amateur Foundation Radio Licence,Available,N
M,6,HDO,M6HDO,Call Sign,Amateur Foundation Radio Licence,Available,N
M,6,HDP,M6HDP,Call Sign,Amateur Foundation Radio Licence,Available,N
M,6,HDQ,M6HDQ,Call Sign,Amateur Foundation Radio Licence,Available,N
M,6,HDT,M6HDT,Call Sign,Amateur Foundation Radio Licence,Available,N
M,6,HDU,M6HDU,Call Sign,Amateur Foundation Radio Licence,Available,N
M,6,HDV,M6HDV,Call Sign,Amateur Foundation Radio Licence,Available,N
M,6,HDY,M6HDY,Call Sign,Amateur Foundation Radio Licence,Available,N
M,6,HEI,M6HEI,Call Sign,Amateur Foundation Radio Licence,Available,N
M,6,HEK,M6HEK,Call Sign,Amateur Foundation Radio Licence,Available,N
M,6,HEO,M6HEO,Call Sign,Amateur Foundation Radio Licence,Available,N
M,6,HEQ,M6HEQ,Call Sign,Amateur Foundation Radio Licence,Available,N
M,6,HET,M6HET,Call Sign,Amateur Foundation Radio Licence,Available,N
M,6,HEU,M6HEU,Call Sign,Amateur Foundation Radio Licence,Available,N
M,6,HEZ,M6HEZ,Call Sign,Amateur Foundation Radio Licence,Available,N
M,6,HFF,M6HFF,Call Sign,Amateur Foundation Radio Licence,Available,N
M,6,HFH,M6HFH,Call Sign,Amateur Foundation Radio Licence,Available,N
M,6,HFI,M6HFI,Call Sign,Amateur Foundation Radio Licence,Available,N
M,6,HFL,M6HFL,Call Sign,Amateur Foundation Radio Licence,Available,N
M,6,HFM,M6HFM,Call Sign,Amateur Foundation Radio Licence,Available,N
M,6,HFN,M6HFN,Call Sign,Amateur Foundation Radio Licence,Available,N
M,6,HFO,M6HFO,Call Sign,Amateur Foundation Radio Licence,Available,N
M,6,HFP,M6HFP,Call Sign,Amateur Foundation Radio Licence,Available,N
M,6,HFU,M6HFU,Call Sign,Amateur Foundation Radio Licence,Available,N
M,6,HFV,M6HFV,Call Sign,Amateur Foundation Radio Licence,Available,N
M,6,HFX,M6HFX,Call Sign,Amateur Foundation Radio Licence,Available,N
M,6,HFY,M6HFY,Call Sign,Amateur Foundation Radio Licence,Available,N
M,6,HFZ,M6HFZ,Call Sign,Amateur Foundation Radio Licence,Available,N
M,6,HGA,M6HGA,Call Sign,Amateur Foundation Radio Licence,Available,N
M,6,HGD,M6HGD,Call Sign,Amateur Foundation Radio Licence,Available,N
M,6,HGE,M6HGE,Call Sign,Amateur Foundation Radio Licence,Available,N
M,6,HGF,M6HGF,Call Sign,Amateur Foundation Radio Licence,Available,N
M,6,HGH,M6HGH,Call Sign,Amateur Foundation Radio Licence,Available,N
M,6,HGI,M6HGI,Call Sign,Amateur Foundation Radio Licence,Available,N
M,6,HGM,M6HGM,Call Sign,Amateur Foundation Radio Licence,Available,N
M,6,HGN,M6HGN,Call Sign,Amateur Foundation Radio Licence,Available,N
M,6,HGO,M6HGO,Call Sign,Amateur Foundation Radio Licence,Available,N
M,6,HGP,M6HGP,Call Sign,Amateur Foundation Radio Licence,Available,N
M,6,HGQ,M6HGQ,Call Sign,Amateur Foundation Radio Licence,Available,N
M,6,HGR,M6HGR,Call Sign,Amateur Foundation Radio Licence,Available,N
M,6,HGS,M6HGS,Call Sign,Amateur Foundation Radio Licence,Available,N
M,6,HGU,M6HGU,Call Sign,Amateur Foundation Radio Licence,Available,N
M,6,HGX,M6HGX,Call Sign,Amateur Foundation Radio Licence,Available,N
M,6,HGY,M6HGY,Call Sign,Amateur Foundation Radio Licence,Available,N
M,6,HGZ,M6HGZ,Call Sign,Amateur Foundation Radio Licence,Available,N
M,6,HHA,M6HHA,Call Sign,Amateur Foundation Radio Licence,Available,N
M,6,HHC,M6HHC,Call Sign,Amateur Foundation Radio Licence,Available,N
M,6,HHD,M6HHD,Call Sign,Amateur Foundation Radio Licence,Available,N
M,6,HHE,M6HHE,Call Sign,Amateur Foundation Radio Licence,Available,N
M,6,HHF,M6HHF,Call Sign,Amateur Foundation Radio Licence,Available,N
M,6,HHG,M6HHG,Call Sign,Amateur Foundation Radio Licence,Available,N
M,6,HHI,M6HHI,Call Sign,Amateur Foundation Radio Licence,Available,N
M,6,HHJ,M6HHJ,Call Sign,Amateur Foundation Radio Licence,Available,N
M,6,HHK,M6HHK,Call Sign,Amateur Foundation Radio Licence,Available,N
M,6,HHL,M6HHL,Call Sign,Amateur Foundation Radio Licence,Available,N
M,6,HHM,M6HHM,Call Sign,Amateur Foundation Radio Licence,Available,N
M,6,HHN,M6HHN,Call Sign,Amateur Foundation Radio Licence,Available,N
M,6,HHO,M6HHO,Call Sign,Amateur Foundation Radio Licence,Available,N
M,6,HHP,M6HHP,Call Sign,Amateur Foundation Radio Licence,Available,N
M,6,HHQ,M6HHQ,Call Sign,Amateur Foundation Radio Licence,Available,N
M,6,HHR,M6HHR,Call Sign,Amateur Foundation Radio Licence,Available,N
M,6,HHT,M6HHT,Call Sign,Amateur Foundation Radio Licence,Available,N
M,6,HHU,M6HHU,Call Sign,Amateur Foundation Radio Licence,Available,N
M,6,HHV,M6HHV,Call Sign,Amateur Foundation Radio Licence,Available,N
M,6,HHW,M6HHW,Call Sign,Amateur Foundation Radio Licence,Available,N
M,6,HHX,M6HHX,Call Sign,Amateur Foundation Radio Licence,Available,N
M,6,HHY,M6HHY,Call Sign,Amateur Foundation Radio Licence,Available,N
M,6,HHZ,M6HHZ,Call Sign,Amateur Foundation Radio Licence,Available,N
M,6,HIA,M6HIA,Call Sign,Amateur Foundation Radio Licence,Available,N
M,6,HIE,M6HIE,Call Sign,Amateur Foundation Radio Licence,Available,N
M,6,HIF,M6HIF,Call Sign,Amateur Foundation Radio Licence,Available,N
M,6,HIH,M6HIH,Call Sign,Amateur Foundation Radio Licence,Available,N
M,6,HII,M6HII,Call Sign,Amateur Foundation Radio Licence,Available,N
M,6,HIJ,M6HIJ,Call Sign,Amateur Foundation Radio Licence,Available,N
M,6,HIK,M6HIK,Call Sign,Amateur Foundation Radio Licence,Available,N
M,6,HIN,M6HIN,Call Sign,Amateur Foundation Radio Licence,Available,N
M,6,HIO,M6HIO,Call Sign,Amateur Foundation Radio Licence,Available,N
M,6,HIP,M6HIP,Call Sign,Amateur Foundation Radio Licence,Available,N
M,6,HIR,M6HIR,Call Sign,Amateur Foundation Radio Licence,Available,N
M,6,HIS,M6HIS,Call Sign,Amateur Foundation Radio Licence,Available,N
M,6,HIU,M6HIU,Call Sign,Amateur Foundation Radio Licence,Available,N
M,6,HIW,M6HIW,Call Sign,Amateur Foundation Radio Licence,Available,N
M,6,HIY,M6HIY,Call Sign,Amateur Foundation Radio Licence,Available,N
M,6,HIZ,M6HIZ,Call Sign,Amateur Foundation Radio Licence,Available,N
M,6,HJE,M6HJE,Call Sign,Amateur Foundation Radio Licence,Available,N
M,6,HJF,M6HJF,Call Sign,Amateur Foundation Radio Licence,Available,N
M,6,HJG,M6HJG,Call Sign,Amateur Foundation Radio Licence,Available,N
M,6,HJH,M6HJH,Call Sign,Amateur Foundation Radio Licence,Available,N
M,6,HJI,M6HJI,Call Sign,Amateur Foundation Radio Licence,Available,N
M,6,HJJ,M6HJJ,Call Sign,Amateur Foundation Radio Licence,Available,N
M,6,HJK,M6HJK,Call Sign,Amateur Foundation Radio Licence,Available,N
M,6,HJN,M6HJN,Call Sign,Amateur Foundation Radio Licence,Available,N
M,6,HJO,M6HJO,Call Sign,Amateur Foundation Radio Licence,Available,N
M,6,HJQ,M6HJQ,Call Sign,Amateur Foundation Radio Licence,Available,N
M,6,HJU,M6HJU,Call Sign,Amateur Foundation Radio Licence,Available,N
M,6,HJV,M6HJV,Call Sign,Amateur Foundation Radio Licence,Available,N
M,6,HJX,M6HJX,Call Sign,Amateur Foundation Radio Licence,Available,N
M,6,HJY,M6HJY,Call Sign,Amateur Foundation Radio Licence,Available,N
M,6,HJZ,M6HJZ,Call Sign,Amateur Foundation Radio Licence,Available,N
M,6,HKB,M6HKB,Call Sign,Amateur Foundation Radio Licence,Available,N
M,6,HKD,M6HKD,Call Sign,Amateur Foundation Radio Licence,Available,N
M,6,HKE,M6HKE,Call Sign,Amateur Foundation Radio Licence,Available,N
M,6,HKF,M6HKF,Call Sign,Amateur Foundation Radio Licence,Available,N
M,6,HKH,M6HKH,Call Sign,Amateur Foundation Radio Licence,Available,N
M,6,HKI,M6HKI,Call Sign,Amateur Foundation Radio Licence,Available,N
M,6,HKJ,M6HKJ,Call Sign,Amateur Foundation Radio Licence,Available,N
M,6,HKK,M6HKK,Call Sign,Amateur Foundation Radio Licence,Available,N
M,6,HKM,M6HKM,Call Sign,Amateur Foundation Radio Licence,Available,N
M,6,HKP,M6HKP,Call Sign,Amateur Foundation Radio Licence,Available,N
M,6,HKQ,M6HKQ,Call Sign,Amateur Foundation Radio Licence,Available,N
M,6,HKT,M6HKT,Call Sign,Amateur Foundation Radio Licence,Available,N
M,6,HKU,M6HKU,Call Sign,Amateur Foundation Radio Licence,Available,N
M,6,HKV,M6HKV,Call Sign,Amateur Foundation Radio Licence,Available,N
M,6,HKW,M6HKW,Call Sign,Amateur Foundation Radio Licence,Available,N
M,6,HKZ,M6HKZ,Call Sign,Amateur Foundation Radio Licence,Available,N
M,6,HLA,M6HLA,Call Sign,Amateur Foundation Radio Licence,Available,N
M,6,HLE,M6HLE,Call Sign,Amateur Foundation Radio Licence,Available,N
M,6,HLF,M6HLF,Call Sign,Amateur Foundation Radio Licence,Available,N
M,6,HLG,M6HLG,Call Sign,Amateur Foundation Radio Licence,Available,N
M,6,HLH,M6HLH,Call Sign,Amateur Foundation Radio Licence,Available,N
M,6,HLI,M6HLI,Call Sign,Amateur Foundation Radio Licence,Available,N
M,6,HLK,M6HLK,Call Sign,Amateur Foundation Radio Licence,Available,N
M,6,HLL,M6HLL,Call Sign,Amateur Foundation Radio Licence,Available,N
M,6,HLP,M6HLP,Call Sign,Amateur Foundation Radio Licence,Available,N
M,6,HLQ,M6HLQ,Call Sign,Amateur Foundation Radio Licence,Available,N
M,6,HLS,M6HLS,Call Sign,Amateur Foundation Radio Licence,Available,N
M,6,HLU,M6HLU,Call Sign,Amateur Foundation Radio Licence,Available,N
M,6,HLV,M6HLV,Call Sign,Amateur Foundation Radio Licence,Available,N
M,6,HLW,M6HLW,Call Sign,Amateur Foundation Radio Licence,Available,N
M,6,HLX,M6HLX,Call Sign,Amateur Foundation Radio Licence,Available,N
M,6,HME,M6HME,Call Sign,Amateur Foundation Radio Licence,Available,N
M,6,HMF,M6HMF,Call Sign,Amateur Foundation Radio Licence,Available,N
M,6,HMK,M6HMK,Call Sign,Amateur Foundation Radio Licence,Available,N
M,6,HMM,M6HMM,Call Sign,Amateur Foundation Radio Licence,Available,N
M,6,HMO,M6HMO,Call Sign,Amateur Foundation Radio Licence,Available,N
M,6,HMQ,M6HMQ,Call Sign,Amateur Foundation Radio Licence,Available,N
M,6,HMT,M6HMT,Call Sign,Amateur Foundation Radio Licence,Available,N
M,6,HMU,M6HMU,Call Sign,Amateur Foundation Radio Licence,Available,N
M,6,HMZ,M6HMZ,Call Sign,Amateur Foundation Radio Licence,Available,N
M,6,HND,M6HND,Call Sign,Amateur Foundation Radio Licence,Available,N
M,6,HNF,M6HNF,Call Sign,Amateur Foundation Radio Licence,Available,N
M,6,HNG,M6HNG,Call Sign,Amateur Foundation Radio Licence,Available,N
M,6,HNH,M6HNH,Call Sign,Amateur Foundation Radio Licence,Available,N
M,6,HNI,M6HNI,Call Sign,Amateur Foundation Radio Licence,Available,N
M,6,HNJ,M6HNJ,Call Sign,Amateur Foundation Radio Licence,Available,N
M,6,HNK,M6HNK,Call Sign,Amateur Foundation Radio Licence,Available,N
M,6,HNL,M6HNL,Call Sign,Amateur Foundation Radio Licence,Available,N
M,6,HNM,M6HNM,Call Sign,Amateur Foundation Radio Licence,Available,N
M,6,HNN,M6HNN,Call Sign,Amateur Foundation Radio Licence,Available,N
M,6,HNO,M6HNO,Call Sign,Amateur Foundation Radio Licence,Available,N
M,6,HNP,M6HNP,Call Sign,Amateur Foundation Radio Licence,Available,N
M,6,HNQ,M6HNQ,Call Sign,Amateur Foundation Radio Licence,Available,N
M,6,HNS,M6HNS,Call Sign,Amateur Foundation Radio Licence,Available,N
M,6,HNU,M6HNU,Call Sign,Amateur Foundation Radio Licence,Available,N
M,6,HNV,M6HNV,Call Sign,Amateur Foundation Radio Licence,Available,N
M,6,HNW,M6HNW,Call Sign,Amateur Foundation Radio Licence,Available,N
M,6,HNX,M6HNX,Call Sign,Amateur Foundation Radio Licence,Available,N
M,6,HOH,M6HOH,Call Sign,Amateur Foundation Radio Licence,Available,N
M,6,HOI,M6HOI,Call Sign,Amateur Foundation Radio Licence,Available,N
M,6,HOO,M6HOO,Call Sign,Amateur Foundation Radio Licence,Available,N
M,6,HOQ,M6HOQ,Call Sign,Amateur Foundation Radio Licence,Available,N
M,6,HOV,M6HOV,Call Sign,Amateur Foundation Radio Licence,Available,N
M,6,HOX,M6HOX,Call Sign,Amateur Foundation Radio Licence,Available,N
M,6,HOZ,M6HOZ,Call Sign,Amateur Foundation Radio Licence,Available,N
M,6,HPB,M6HPB,Call Sign,Amateur Foundation Radio Licence,Available,N
M,6,HPE,M6HPE,Call Sign,Amateur Foundation Radio Licence,Available,N
M,6,HPF,M6HPF,Call Sign,Amateur Foundation Radio Licence,Available,N
M,6,HPI,M6HPI,Call Sign,Amateur Foundation Radio Licence,Available,N
M,6,HPJ,M6HPJ,Call Sign,Amateur Foundation Radio Licence,Available,N
M,6,HPK,M6HPK,Call Sign,Amateur Foundation Radio Licence,Available,N
M,6,HPM,M6HPM,Call Sign,Amateur Foundation Radio Licence,Available,N
M,6,HPP,M6HPP,Call Sign,Amateur Foundation Radio Licence,Available,N
M,6,HPQ,M6HPQ,Call Sign,Amateur Foundation Radio Licence,Available,N
M,6,HPS,M6HPS,Call Sign,Amateur Foundation Radio Licence,Available,N
M,6,HPT,M6HPT,Call Sign,Amateur Foundation Radio Licence,Available,N
M,6,HPU,M6HPU,Call Sign,Amateur Foundation Radio Licence,Available,N
M,6,HPV,M6HPV,Call Sign,Amateur Foundation Radio Licence,Available,N
M,6,HPZ,M6HPZ,Call Sign,Amateur Foundation Radio Licence,Available,N
M,6,HQA,M6HQA,Call Sign,Amateur Foundation Radio Licence,Available,N
M,6,HQB,M6HQB,Call Sign,Amateur Foundation Radio Licence,Available,N
M,6,HQC,M6HQC,Call Sign,Amateur Foundation Radio Licence,Available,N
M,6,HQD,M6HQD,Call Sign,Amateur Foundation Radio Licence,Available,N
M,6,HQE,M6HQE,Call Sign,Amateur Foundation Radio Licence,Available,N
M,6,HQF,M6HQF,Call Sign,Amateur Foundation Radio Licence,Available,N
M,6,HQG,M6HQG,Call Sign,Amateur Foundation Radio Licence,Available,N
M,6,HQH,M6HQH,Call Sign,Amateur Foundation Radio Licence,Available,N
M,6,HQI,M6HQI,Call Sign,Amateur Foundation Radio Licence,Available,N
M,6,HQJ,M6HQJ,Call Sign,Amateur Foundation Radio Licence,Available,N
M,6,HQK,M6HQK,Call Sign,Amateur Foundation Radio Licence,Available,N
M,6,HQL,M6HQL,Call Sign,Amateur Foundation Radio Licence,Available,N
M,6,HQM,M6HQM,Call Sign,Amateur Foundation Radio Licence,Available,N
M,6,HQN,M6HQN,Call Sign,Amateur Foundation Radio Licence,Available,N
M,6,HQP,M6HQP,Call Sign,Amateur Foundation Radio Licence,Available,N
M,6,HQQ,M6HQQ,Call Sign,Amateur Foundation Radio Licence,Available,N
M,6,HQR,M6HQR,Call Sign,Amateur Foundation Radio Licence,Available,N
M,6,HQS,M6HQS,Call Sign,Amateur Foundation Radio Licence,Available,N
M,6,HQT,M6HQT,Call Sign,Amateur Foundation Radio Licence,Available,N
M,6,HQU,M6HQU,Call Sign,Amateur Foundation Radio Licence,Available,N
M,6,HQV,M6HQV,Call Sign,Amateur Foundation Radio Licence,Available,N
M,6,HQW,M6HQW,Call Sign,Amateur Foundation Radio Licence,Available,N
M,6,HQX,M6HQX,Call Sign,Amateur Foundation Radio Licence,Available,N
M,6,HQY,M6HQY,Call Sign,Amateur Foundation Radio Licence,Available,N
M,6,HRA,M6HRA,Call Sign,Amateur Foundation Radio Licence,Available,N
M,6,HRB,M6HRB,Call Sign,Amateur Foundation Radio Licence,Available,N
M,6,HRG,M6HRG,Call Sign,Amateur Foundation Radio Licence,Available,N
M,6,HRK,M6HRK,Call Sign,Amateur Foundation Radio Licence,Available,N
M,6,HRP,M6HRP,Call Sign,Amateur Foundation Radio Licence,Available,N
M,6,HRQ,M6HRQ,Call Sign,Amateur Foundation Radio Licence,Available,N
M,6,HRU,M6HRU,Call Sign,Amateur Foundation Radio Licence,Available,N
M,6,HRX,M6HRX,Call Sign,Amateur Foundation Radio Licence,Available,N
M,6,HSA,M6HSA,Call Sign,Amateur Foundation Radio Licence,Available,N
M,6,HSF,M6HSF,Call Sign,Amateur Foundation Radio Licence,Available,N
M,6,HSI,M6HSI,Call Sign,Amateur Foundation Radio Licence,Available,N
M,6,HSL,M6HSL,Call Sign,Amateur Foundation Radio Licence,Available,N
M,6,HSM,M6HSM,Call Sign,Amateur Foundation Radio Licence,Available,N
M,6,HSO,M6HSO,Call Sign,Amateur Foundation Radio Licence,Available,N
M,6,HSP,M6HSP,Call Sign,Amateur Foundation Radio Licence,Available,N
M,6,HSQ,M6HSQ,Call Sign,Amateur Foundation Radio Licence,Available,N
M,6,HSS,M6HSS,Call Sign,Amateur Foundation Radio Licence,Available,N
M,6,HSU,M6HSU,Call Sign,Amateur Foundation Radio Licence,Available,N
M,6,HSW,M6HSW,Call Sign,Amateur Foundation Radio Licence,Available,N
M,6,HSX,M6HSX,Call Sign,Amateur Foundation Radio Licence,Available,N
M,6,HSY,M6HSY,Call Sign,Amateur Foundation Radio Licence,Available,N
M,6,HSZ,M6HSZ,Call Sign,Amateur Foundation Radio Licence,Available,N
M,6,HTA,M6HTA,Call Sign,Amateur Foundation Radio Licence,Available,N
M,6,HTB,M6HTB,Call Sign,Amateur Foundation Radio Licence,Available,N
M,6,HTD,M6HTD,Call Sign,Amateur Foundation Radio Licence,Available,N
M,6,HTE,M6HTE,Call Sign,Amateur Foundation Radio Licence,Available,N
M,6,HTF,M6HTF,Call Sign,Amateur Foundation Radio Licence,Available,N
M,6,HTI,M6HTI,Call Sign,Amateur Foundation Radio Licence,Available,N
M,6,HTK,M6HTK,Call Sign,Amateur Foundation Radio Licence,Available,N
M,6,HTO,M6HTO,Call Sign,Amateur Foundation Radio Licence,Available,N
M,6,HTP,M6HTP,Call Sign,Amateur Foundation Radio Licence,Available,N
M,6,HTQ,M6HTQ,Call Sign,Amateur Foundation Radio Licence,Available,N
M,6,HTT,M6HTT,Call Sign,Amateur Foundation Radio Licence,Available,N
M,6,HTU,M6HTU,Call Sign,Amateur Foundation Radio Licence,Available,N
M,6,HTV,M6HTV,Call Sign,Amateur Foundation Radio Licence,Available,N
M,6,HUB,M6HUB,Call Sign,Amateur Foundation Radio Licence,Available,N
M,6,HUF,M6HUF,Call Sign,Amateur Foundation Radio Licence,Available,N
M,6,HUI,M6HUI,Call Sign,Amateur Foundation Radio Licence,Available,N
M,6,HUL,M6HUL,Call Sign,Amateur Foundation Radio Licence,Available,N
M,6,HUO,M6HUO,Call Sign,Amateur Foundation Radio Licence,Available,N
M,6,HUP,M6HUP,Call Sign,Amateur Foundation Radio Licence,Available,N
M,6,HUQ,M6HUQ,Call Sign,Amateur Foundation Radio Licence,Available,N
M,6,HUU,M6HUU,Call Sign,Amateur Foundation Radio Licence,Available,N
M,6,HUV,M6HUV,Call Sign,Amateur Foundation Radio Licence,Available,N
M,6,HUX,M6HUX,Call Sign,Amateur Foundation Radio Licence,Available,N
M,6,HUY,M6HUY,Call Sign,Amateur Foundation Radio Licence,Available,N
M,6,HVA,M6HVA,Call Sign,Amateur Foundation Radio Licence,Available,N
M,6,HVB,M6HVB,Call Sign,Amateur Foundation Radio Licence,Available,N
M,6,HVC,M6HVC,Call Sign,Amateur Foundation Radio Licence,Available,N
M,6,HVD,M6HVD,Call Sign,Amateur Foundation Radio Licence,Available,N
M,6,HVF,M6HVF,Call Sign,Amateur Foundation Radio Licence,Available,N
M,6,HVG,M6HVG,Call Sign,Amateur Foundation Radio Licence,Available,N
M,6,HVH,M6HVH,Call Sign,Amateur Foundation Radio Licence,Available,N
M,6,HVJ,M6HVJ,Call Sign,Amateur Foundation Radio Licence,Available,N
M,6,HVK,M6HVK,Call Sign,Amateur Foundation Radio Licence,Available,N
M,6,HVM,M6HVM,Call Sign,Amateur Foundation Radio Licence,Available,N
M,6,HVO,M6HVO,Call Sign,Amateur Foundation Radio Licence,Available,N
M,6,HVP,M6HVP,Call Sign,Amateur Foundation Radio Licence,Available,N
M,6,HVQ,M6HVQ,Call Sign,Amateur Foundation Radio Licence,Available,N
M,6,HVR,M6HVR,Call Sign,Amateur Foundation Radio Licence,Available,N
M,6,HVU,M6HVU,Call Sign,Amateur Foundation Radio Licence,Available,N
M,6,HVV,M6HVV,Call Sign,Amateur Foundation Radio Licence,Available,N
M,6,HVW,M6HVW,Call Sign,Amateur Foundation Radio Licence,Available,N
M,6,HVX,M6HVX,Call Sign,Amateur Foundation Radio Licence,Available,N
M,6,HVY,M6HVY,Call Sign,Amateur Foundation Radio Licence,Available,N
M,6,HVZ,M6HVZ,Call Sign,Amateur Foundation Radio Licence,Available,N
M,6,HWA,M6HWA,Call Sign,Amateur Foundation Radio Licence,Available,N
M,6,HWB,M6HWB,Call Sign,Amateur Foundation Radio Licence,Available,N
M,6,HWD,M6HWD,Call Sign,Amateur Foundation Radio Licence,Available,N
M,6,HWE,M6HWE,Call Sign,Amateur Foundation Radio Licence,Available,N
M,6,HWF,M6HWF,Call Sign,Amateur Foundation Radio Licence,Available,N
M,6,HWG,M6HWG,Call Sign,Amateur Foundation Radio Licence,Available,N
M,6,HWH,M6HWH,Call Sign,Amateur Foundation Radio Licence,Available,N
M,6,HWJ,M6HWJ,Call Sign,Amateur Foundation Radio Licence,Available,N
M,6,HWL,M6HWL,Call Sign,Amateur Foundation Radio Licence,Available,N
M,6,HWN,M6HWN,Call Sign,Amateur Foundation Radio Licence,Available,N
M,6,HWO,M6HWO,Call Sign,Amateur Foundation Radio Licence,Available,N
M,6,HWQ,M6HWQ,Call Sign,Amateur Foundation Radio Licence,Available,N
M,6,HWR,M6HWR,Call Sign,Amateur Foundation Radio Licence,Available,N
M,6,HWT,M6HWT,Call Sign,Amateur Foundation Radio Licence,Available,N
M,6,HWU,M6HWU,Call Sign,Amateur Foundation Radio Licence,Available,N
M,6,HWV,M6HWV,Call Sign,Amateur Foundation Radio Licence,Available,N
M,6,HWX,M6HWX,Call Sign,Amateur Foundation Radio Licence,Available,N
M,6,HWY,M6HWY,Call Sign,Amateur Foundation Radio Licence,Available,N
M,6,HWZ,M6HWZ,Call Sign,Amateur Foundation Radio Licence,Available,N
M,6,HXA,M6HXA,Call Sign,Amateur Foundation Radio Licence,Available,N
M,6,HXB,M6HXB,Call Sign,Amateur Foundation Radio Licence,Available,N
M,6,HXD,M6HXD,Call Sign,Amateur Foundation Radio Licence,Available,N
M,6,HXE,M6HXE,Call Sign,Amateur Foundation Radio Licence,Available,N
M,6,HXF,M6HXF,Call Sign,Amateur Foundation Radio Licence,Available,N
M,6,HXG,M6HXG,Call Sign,Amateur Foundation Radio Licence,Available,N
M,6,HXH,M6HXH,Call Sign,Amateur Foundation Radio Licence,Available,N
M,6,HXJ,M6HXJ,Call Sign,Amateur Foundation Radio Licence,Available,N
M,6,HXK,M6HXK,Call Sign,Amateur Foundation Radio Licence,Available,N
M,6,HXL,M6HXL,Call Sign,Amateur Foundation Radio Licence,Available,N
M,6,HXM,M6HXM,Call Sign,Amateur Foundation Radio Licence,Available,N
M,6,HXN,M6HXN,Call Sign,Amateur Foundation Radio Licence,Available,N
M,6,HXO,M6HXO,Call Sign,Amateur Foundation Radio Licence,Available,N
M,6,HXP,M6HXP,Call Sign,Amateur Foundation Radio Licence,Available,N
M,6,HXQ,M6HXQ,Call Sign,Amateur Foundation Radio Licence,Available,N
M,6,HXR,M6HXR,Call Sign,Amateur Foundation Radio Licence,Available,N
M,6,HXS,M6HXS,Call Sign,Amateur Foundation Radio Licence,Available,N
M,6,HXT,M6HXT,Call Sign,Amateur Foundation Radio Licence,Available,N
M,6,HXU,M6HXU,Call Sign,Amateur Foundation Radio Licence,Available,N
M,6,HXV,M6HXV,Call Sign,Amateur Foundation Radio Licence,Available,N
M,6,HXW,M6HXW,Call Sign,Amateur Foundation Radio Licence,Available,N
M,6,HXX,M6HXX,Call Sign,Amateur Foundation Radio Licence,Available,N
M,6,HXZ,M6HXZ,Call Sign,Amateur Foundation Radio Licence,Available,N
M,6,HYA,M6HYA,Call Sign,Amateur Foundation Radio Licence,Available,N
M,6,HYB,M6HYB,Call Sign,Amateur Foundation Radio Licence,Available,N
M,6,HYC,M6HYC,Call Sign,Amateur Foundation Radio Licence,Available,N
M,6,HYD,M6HYD,Call Sign,Amateur Foundation Radio Licence,Available,N
M,6,HYE,M6HYE,Call Sign,Amateur Foundation Radio Licence,Available,N
M,6,HYF,M6HYF,Call Sign,Amateur Foundation Radio Licence,Available,N
M,6,HYG,M6HYG,Call Sign,Amateur Foundation Radio Licence,Available,N
M,6,HYH,M6HYH,Call Sign,Amateur Foundation Radio Licence,Available,N
M,6,HYI,M6HYI,Call Sign,Amateur Foundation Radio Licence,Available,N
M,6,HYJ,M6HYJ,Call Sign,Amateur Foundation Radio Licence,Available,N
M,6,HYL,M6HYL,Call Sign,Amateur Foundation Radio Licence,Available,N
M,6,HYN,M6HYN,Call Sign,Amateur Foundation Radio Licence,Available,N
M,6,HYO,M6HYO,Call Sign,Amateur Foundation Radio Licence,Available,N
M,6,HYQ,M6HYQ,Call Sign,Amateur Foundation Radio Licence,Available,N
M,6,HYR,M6HYR,Call Sign,Amateur Foundation Radio Licence,Available,N
M,6,HYS,M6HYS,Call Sign,Amateur Foundation Radio Licence,Available,N
M,6,HYU,M6HYU,Call Sign,Amateur Foundation Radio Licence,Available,N
M,6,HYV,M6HYV,Call Sign,Amateur Foundation Radio Licence,Available,N
M,6,HYX,M6HYX,Call Sign,Amateur Foundation Radio Licence,Available,N
M,6,HYY,M6HYY,Call Sign,Amateur Foundation Radio Licence,Available,N
M,6,HYZ,M6HYZ,Call Sign,Amateur Foundation Radio Licence,Available,N
M,6,HZA,M6HZA,Call Sign,Amateur Foundation Radio Licence,Available,N
M,6,HZB,M6HZB,Call Sign,Amateur Foundation Radio Licence,Available,N
M,6,HZC,M6HZC,Call Sign,Amateur Foundation Radio Licence,Available,N
M,6,HZF,M6HZF,Call Sign,Amateur Foundation Radio Licence,Available,N
M,6,HZG,M6HZG,Call Sign,Amateur Foundation Radio Licence,Available,N
M,6,HZH,M6HZH,Call Sign,Amateur Foundation Radio Licence,Available,N
M,6,HZI,M6HZI,Call Sign,Amateur Foundation Radio Licence,Available,N
M,6,HZJ,M6HZJ,Call Sign,Amateur Foundation Radio Licence,Available,N
M,6,HZK,M6HZK,Call Sign,Amateur Foundation Radio Licence,Available,N
M,6,HZM,M6HZM,Call Sign,Amateur Foundation Radio Licence,Available,N
M,6,HZN,M6HZN,Call Sign,Amateur Foundation Radio Licence,Available,N
M,6,HZO,M6HZO,Call Sign,Amateur Foundation Radio Licence,Available,N
M,6,HZP,M6HZP,Call Sign,Amateur Foundation Radio Licence,Available,N
M,6,HZQ,M6HZQ,Call Sign,Amateur Foundation Radio Licence,Available,N
M,6,HZR,M6HZR,Call Sign,Amateur Foundation Radio Licence,Available,N
M,6,HZT,M6HZT,Call Sign,Amateur Foundation Radio Licence,Available,N
M,6,HZU,M6HZU,Call Sign,Amateur Foundation Radio Licence,Available,N
M,6,HZV,M6HZV,Call Sign,Amateur Foundation Radio Licence,Available,N
M,6,HZW,M6HZW,Call Sign,Amateur Foundation Radio Licence,Available,N
M,6,HZX,M6HZX,Call Sign,Amateur Foundation Radio Licence,Available,N
M,6,HZY,M6HZY,Call Sign,Amateur Foundation Radio Licence,Available,N
M,6,HZZ,M6HZZ,Call Sign,Amateur Foundation Radio Licence,Available,N
M,6,IAW,M6IAW,Call Sign,Amateur Foundation Radio Licence,Available,N
M,6,IAY,M6IAY,Call Sign,Amateur Foundation Radio Licence,Available,N
M,6,IBD,M6IBD,Call Sign,Amateur Foundation Radio Licence,Available,N
M,6,IBE,M6IBE,Call Sign,Amateur Foundation Radio Licence,Available,N
M,6,IBF,M6IBF,Call Sign,Amateur Foundation Radio Licence,Available,N
M,6,IBH,M6IBH,Call Sign,Amateur Foundation Radio Licence,Available,N
M,6,IBI,M6IBI,Call Sign,Amateur Foundation Radio Licence,Available,N
M,6,IBJ,M6IBJ,Call Sign,Amateur Foundation Radio Licence,Available,N
M,6,IBK,M6IBK,Call Sign,Amateur Foundation Radio Licence,Available,N
M,6,IBN,M6IBN,Call Sign,Amateur Foundation Radio Licence,Available,N
M,6,IBO,M6IBO,Call Sign,Amateur Foundation Radio Licence,Available,N
M,6,IBP,M6IBP,Call Sign,Amateur Foundation Radio Licence,Available,N
M,6,IBQ,M6IBQ,Call Sign,Amateur Foundation Radio Licence,Available,N
M,6,IBU,M6IBU,Call Sign,Amateur Foundation Radio Licence,Available,N
M,6,IBV,M6IBV,Call Sign,Amateur Foundation Radio Licence,Available,N
M,6,IBY,M6IBY,Call Sign,Amateur Foundation Radio Licence,Available,N
M,6,ICD,M6ICD,Call Sign,Amateur Foundation Radio Licence,Available,N
M,6,ICF,M6ICF,Call Sign,Amateur Foundation Radio Licence,Available,N
M,6,ICG,M6ICG,Call Sign,Amateur Foundation Radio Licence,Available,N
M,6,ICI,M6ICI,Call Sign,Amateur Foundation Radio Licence,Available,N
M,6,ICJ,M6ICJ,Call Sign,Amateur Foundation Radio Licence,Available,N
M,6,ICL,M6ICL,Call Sign,Amateur Foundation Radio Licence,Available,N
M,6,ICM,M6ICM,Call Sign,Amateur Foundation Radio Licence,Available,N
M,6,ICV,M6ICV,Call Sign,Amateur Foundation Radio Licence,Available,N
M,6,ICX,M6ICX,Call Sign,Amateur Foundation Radio Licence,Available,N
M,6,ICZ,M6ICZ,Call Sign,Amateur Foundation Radio Licence,Available,N
M,6,IDH,M6IDH,Call Sign,Amateur Foundation Radio Licence,Available,N
M,6,IDI,M6IDI,Call Sign,Amateur Foundation Radio Licence,Available,N
M,6,IDL,M6IDL,Call Sign,Amateur Foundation Radio Licence,Available,N
M,6,IDS,M6IDS,Call Sign,Amateur Foundation Radio Licence,Available,N
M,6,IDU,M6IDU,Call Sign,Amateur Foundation Radio Licence,Available,N
M,6,IDV,M6IDV,Call Sign,Amateur Foundation Radio Licence,Available,N
M,6,IDW,M6IDW,Call Sign,Amateur Foundation Radio Licence,Available,N
M,6,IDY,M6IDY,Call Sign,Amateur Foundation Radio Licence,Available,N
M,6,IEA,M6IEA,Call Sign,Amateur Foundation Radio Licence,Available,N
M,6,IEB,M6IEB,Call Sign,Amateur Foundation Radio Licence,Available,N
M,6,IEC,M6IEC,Call Sign,Amateur Foundation Radio Licence,Available,N
M,6,IEG,M6IEG,Call Sign,Amateur Foundation Radio Licence,Available,N
M,6,IEH,M6IEH,Call Sign,Amateur Foundation Radio Licence,Available,N
M,6,IEI,M6IEI,Call Sign,Amateur Foundation Radio Licence,Available,N
M,6,IEJ,M6IEJ,Call Sign,Amateur Foundation Radio Licence,Available,N
M,6,IEK,M6IEK,Call Sign,Amateur Foundation Radio Licence,Available,N
M,6,IEL,M6IEL,Call Sign,Amateur Foundation Radio Licence,Available,N
M,6,IEM,M6IEM,Call Sign,Amateur Foundation Radio Licence,Available,N
M,6,IEN,M6IEN,Call Sign,Amateur Foundation Radio Licence,Available,N
M,6,IEP,M6IEP,Call Sign,Amateur Foundation Radio Licence,Available,N
M,6,IEQ,M6IEQ,Call Sign,Amateur Foundation Radio Licence,Available,N
M,6,IES,M6IES,Call Sign,Amateur Foundation Radio Licence,Available,N
M,6,IET,M6IET,Call Sign,Amateur Foundation Radio Licence,Available,N
M,6,IEU,M6IEU,Call Sign,Amateur Foundation Radio Licence,Available,N
M,6,IEV,M6IEV,Call Sign,Amateur Foundation Radio Licence,Available,N
M,6,IEW,M6IEW,Call Sign,Amateur Foundation Radio Licence,Available,N
M,6,IEX,M6IEX,Call Sign,Amateur Foundation Radio Licence,Available,N
M,6,IEY,M6IEY,Call Sign,Amateur Foundation Radio Licence,Available,N
M,6,IEZ,M6IEZ,Call Sign,Amateur Foundation Radio Licence,Available,N
M,6,IFA,M6IFA,Call Sign,Amateur Foundation Radio Licence,Available,N
M,6,IFB,M6IFB,Call Sign,Amateur Foundation Radio Licence,Available,N
M,6,IFC,M6IFC,Call Sign,Amateur Foundation Radio Licence,Available,N
M,6,IFD,M6IFD,Call Sign,Amateur Foundation Radio Licence,Available,N
M,6,IFE,M6IFE,Call Sign,Amateur Foundation Radio Licence,Available,N
M,6,IFF,M6IFF,Call Sign,Amateur Foundation Radio Licence,Available,N
M,6,IFG,M6IFG,Call Sign,Amateur Foundation Radio Licence,Available,N
M,6,IFI,M6IFI,Call Sign,Amateur Foundation Radio Licence,Available,N
M,6,IFJ,M6IFJ,Call Sign,Amateur Foundation Radio Licence,Available,N
M,6,IFK,M6IFK,Call Sign,Amateur Foundation Radio Licence,Available,N
M,6,IFL,M6IFL,Call Sign,Amateur Foundation Radio Licence,Available,N
M,6,IFN,M6IFN,Call Sign,Amateur Foundation Radio Licence,Available,N
M,6,IFP,M6IFP,Call Sign,Amateur Foundation Radio Licence,Available,N
M,6,IFQ,M6IFQ,Call Sign,Amateur Foundation Radio Licence,Available,N
M,6,IFR,M6IFR,Call Sign,Amateur Foundation Radio Licence,Available,N
M,6,IFS,M6IFS,Call Sign,Amateur Foundation Radio Licence,Available,N
M,6,IFT,M6IFT,Call Sign,Amateur Foundation Radio Licence,Available,N
M,6,IFU,M6IFU,Call Sign,Amateur Foundation Radio Licence,Available,N
M,6,IFV,M6IFV,Call Sign,Amateur Foundation Radio Licence,Available,N
M,6,IFX,M6IFX,Call Sign,Amateur Foundation Radio Licence,Available,N
M,6,IFY,M6IFY,Call Sign,Amateur Foundation Radio Licence,Available,N
M,6,IFZ,M6IFZ,Call Sign,Amateur Foundation Radio Licence,Available,N
M,6,IGA,M6IGA,Call Sign,Amateur Foundation Radio Licence,Available,N
M,6,IGC,M6IGC,Call Sign,Amateur Foundation Radio Licence,Available,N
M,6,IGD,M6IGD,Call Sign,Amateur Foundation Radio Licence,Available,N
M,6,IGE,M6IGE,Call Sign,Amateur Foundation Radio Licence,Available,N
M,6,IGF,M6IGF,Call Sign,Amateur Foundation Radio Licence,Available,N
M,6,IGG,M6IGG,Call Sign,Amateur Foundation Radio Licence,Available,N
M,6,IGH,M6IGH,Call Sign,Amateur Foundation Radio Licence,Available,N
M,6,IGI,M6IGI,Call Sign,Amateur Foundation Radio Licence,Available,N
M,6,IGL,M6IGL,Call Sign,Amateur Foundation Radio Licence,Available,N
M,6,IGO,M6IGO,Call Sign,Amateur Foundation Radio Licence,Available,N
M,6,IGP,M6IGP,Call Sign,Amateur Foundation Radio Licence,Available,N
M,6,IGQ,M6IGQ,Call Sign,Amateur Foundation Radio Licence,Available,N
M,6,IGR,M6IGR,Call Sign,Amateur Foundation Radio Licence,Available,N
M,6,IGS,M6IGS,Call Sign,Amateur Foundation Radio Licence,Available,N
M,6,IGT,M6IGT,Call Sign,Amateur Foundation Radio Licence,Available,N
M,6,IGU,M6IGU,Call Sign,Amateur Foundation Radio Licence,Available,N
M,6,IGV,M6IGV,Call Sign,Amateur Foundation Radio Licence,Available,N
M,6,IGX,M6IGX,Call Sign,Amateur Foundation Radio Licence,Available,N
M,6,IGY,M6IGY,Call Sign,Amateur Foundation Radio Licence,Available,N
M,6,IHA,M6IHA,Call Sign,Amateur Foundation Radio Licence,Available,N
M,6,IHB,M6IHB,Call Sign,Amateur Foundation Radio Licence,Available,N
M,6,IHD,M6IHD,Call Sign,Amateur Foundation Radio Licence,Available,N
M,6,IHE,M6IHE,Call Sign,Amateur Foundation Radio Licence,Available,N
M,6,IHF,M6IHF,Call Sign,Amateur Foundation Radio Licence,Available,N
M,6,IHG,M6IHG,Call Sign,Amateur Foundation Radio Licence,Available,N
M,6,IHH,M6IHH,Call Sign,Amateur Foundation Radio Licence,Available,N
M,6,IHI,M6IHI,Call Sign,Amateur Foundation Radio Licence,Available,N
M,6,IHJ,M6IHJ,Call Sign,Amateur Foundation Radio Licence,Available,N
M,6,IHK,M6IHK,Call Sign,Amateur Foundation Radio Licence,Available,N
M,6,IHM,M6IHM,Call Sign,Amateur Foundation Radio Licence,Available,N
M,6,IHN,M6IHN,Call Sign,Amateur Foundation Radio Licence,Available,N
M,6,IHO,M6IHO,Call Sign,Amateur Foundation Radio Licence,Available,N
M,6,IHP,M6IHP,Call Sign,Amateur Foundation Radio Licence,Available,N
M,6,IHQ,M6IHQ,Call Sign,Amateur Foundation Radio Licence,Available,N
M,6,IHR,M6IHR,Call Sign,Amateur Foundation Radio Licence,Available,N
M,6,IHS,M6IHS,Call Sign,Amateur Foundation Radio Licence,Available,N
M,6,IHT,M6IHT,Call Sign,Amateur Foundation Radio Licence,Available,N
M,6,IHU,M6IHU,Call Sign,Amateur Foundation Radio Licence,Available,N
M,6,IHV,M6IHV,Call Sign,Amateur Foundation Radio Licence,Available,N
M,6,IHW,M6IHW,Call Sign,Amateur Foundation Radio Licence,Available,N
M,6,IHX,M6IHX,Call Sign,Amateur Foundation Radio Licence,Available,N
M,6,IHY,M6IHY,Call Sign,Amateur Foundation Radio Licence,Available,N
M,6,IHZ,M6IHZ,Call Sign,Amateur Foundation Radio Licence,Available,N
M,6,IIA,M6IIA,Call Sign,Amateur Foundation Radio Licence,Available,N
M,6,IIB,M6IIB,Call Sign,Amateur Foundation Radio Licence,Available,N
M,6,IID,M6IID,Call Sign,Amateur Foundation Radio Licence,Available,N
M,6,IIE,M6IIE,Call Sign,Amateur Foundation Radio Licence,Available,N
M,6,IIF,M6IIF,Call Sign,Amateur Foundation Radio Licence,Available,N
M,6,IIG,M6IIG,Call Sign,Amateur Foundation Radio Licence,Available,N
M,6,IIH,M6IIH,Call Sign,Amateur Foundation Radio Licence,Available,N
M,6,IIJ,M6IIJ,Call Sign,Amateur Foundation Radio Licence,Available,N
M,6,IIK,M6IIK,Call Sign,Amateur Foundation Radio Licence,Available,N
M,6,IIL,M6IIL,Call Sign,Amateur Foundation Radio Licence,Available,N
M,6,IIM,M6IIM,Call Sign,Amateur Foundation Radio Licence,Available,N
M,6,IIN,M6IIN,Call Sign,Amateur Foundation Radio Licence,Available,N
M,6,IIP,M6IIP,Call Sign,Amateur Foundation Radio Licence,Available,N
M,6,IIQ,M6IIQ,Call Sign,Amateur Foundation Radio Licence,Available,N
M,6,IIS,M6IIS,Call Sign,Amateur Foundation Radio Licence,Available,N
M,6,IIT,M6IIT,Call Sign,Amateur Foundation Radio Licence,Available,N
M,6,IIU,M6IIU,Call Sign,Amateur Foundation Radio Licence,Available,N
M,6,IIV,M6IIV,Call Sign,Amateur Foundation Radio Licence,Available,N
M,6,IIW,M6IIW,Call Sign,Amateur Foundation Radio Licence,Available,N
M,6,IIX,M6IIX,Call Sign,Amateur Foundation Radio Licence,Available,N
M,6,IIY,M6IIY,Call Sign,Amateur Foundation Radio Licence,Available,N
M,6,IIZ,M6IIZ,Call Sign,Amateur Foundation Radio Licence,Available,N
M,6,IJC,M6IJC,Call Sign,Amateur Foundation Radio Licence,Available,N
M,6,IJE,M6IJE,Call Sign,Amateur Foundation Radio Licence,Available,N
M,6,IJF,M6IJF,Call Sign,Amateur Foundation Radio Licence,Available,N
M,6,IJG,M6IJG,Call Sign,Amateur Foundation Radio Licence,Available,N
M,6,IJI,M6IJI,Call Sign,Amateur Foundation Radio Licence,Available,N
M,6,IJK,M6IJK,Call Sign,Amateur Foundation Radio Licence,Available,N
M,6,IJL,M6IJL,Call Sign,Amateur Foundation Radio Licence,Available,N
M,6,IJN,M6IJN,Call Sign,Amateur Foundation Radio Licence,Available,N
M,6,IJO,M6IJO,Call Sign,Amateur Foundation Radio Licence,Available,N
M,6,IJR,M6IJR,Call Sign,Amateur Foundation Radio Licence,Available,N
M,6,IJT,M6IJT,Call Sign,Amateur Foundation Radio Licence,Available,N
M,6,IJU,M6IJU,Call Sign,Amateur Foundation Radio Licence,Available,N
M,6,IJV,M6IJV,Call Sign,Amateur Foundation Radio Licence,Available,N
M,6,IJX,M6IJX,Call Sign,Amateur Foundation Radio Licence,Available,N
M,6,IJY,M6IJY,Call Sign,Amateur Foundation Radio Licence,Available,N
M,6,IJZ,M6IJZ,Call Sign,Amateur Foundation Radio Licence,Available,N
M,6,IKC,M6IKC,Call Sign,Amateur Foundation Radio Licence,Available,N
M,6,IKF,M6IKF,Call Sign,Amateur Foundation Radio Licence,Available,N
M,6,IKG,M6IKG,Call Sign,Amateur Foundation Radio Licence,Available,N
M,6,IKH,M6IKH,Call Sign,Amateur Foundation Radio Licence,Available,N
M,6,IKJ,M6IKJ,Call Sign,Amateur Foundation Radio Licence,Available,N
M,6,IKK,M6IKK,Call Sign,Amateur Foundation Radio Licence,Available,N
M,6,IKL,M6IKL,Call Sign,Amateur Foundation Radio Licence,Available,N
M,6,IKN,M6IKN,Call Sign,Amateur Foundation Radio Licence,Available,N
M,6,IKP,M6IKP,Call Sign,Amateur Foundation Radio Licence,Available,N
M,6,IKQ,M6IKQ,Call Sign,Amateur Foundation Radio Licence,Available,N
M,6,IKR,M6IKR,Call Sign,Amateur Foundation Radio Licence,Available,N
M,6,IKS,M6IKS,Call Sign,Amateur Foundation Radio Licence,Available,N
M,6,IKT,M6IKT,Call Sign,Amateur Foundation Radio Licence,Available,N
M,6,IKU,M6IKU,Call Sign,Amateur Foundation Radio Licence,Available,N
M,6,IKV,M6IKV,Call Sign,Amateur Foundation Radio Licence,Available,N
M,6,IKW,M6IKW,Call Sign,Amateur Foundation Radio Licence,Available,N
M,6,IKX,M6IKX,Call Sign,Amateur Foundation Radio Licence,Available,N
M,6,IKZ,M6IKZ,Call Sign,Amateur Foundation Radio Licence,Available,N
M,6,ILC,M6ILC,Call Sign,Amateur Foundation Radio Licence,Available,N
M,6,ILD,M6ILD,Call Sign,Amateur Foundation Radio Licence,Available,N
M,6,ILE,M6ILE,Call Sign,Amateur Foundation Radio Licence,Available,N
M,6,ILG,M6ILG,Call Sign,Amateur Foundation Radio Licence,Available,N
M,6,ILI,M6ILI,Call Sign,Amateur Foundation Radio Licence,Available,N
M,6,ILJ,M6ILJ,Call Sign,Amateur Foundation Radio Licence,Available,N
M,6,ILK,M6ILK,Call Sign,Amateur Foundation Radio Licence,Available,N
M,6,ILQ,M6ILQ,Call Sign,Amateur Foundation Radio Licence,Available,N
M,6,ILT,M6ILT,Call Sign,Amateur Foundation Radio Licence,Available,N
M,6,ILU,M6ILU,Call Sign,Amateur Foundation Radio Licence,Available,N
M,6,ILV,M6ILV,Call Sign,Amateur Foundation Radio Licence,Available,N
M,6,ILX,M6ILX,Call Sign,Amateur Foundation Radio Licence,Available,N
M,6,ILZ,M6ILZ,Call Sign,Amateur Foundation Radio Licence,Available,N
M,6,IME,M6IME,Call Sign,Amateur Foundation Radio Licence,Available,N
M,6,IMK,M6IMK,Call Sign,Amateur Foundation Radio Licence,Available,N
M,6,IML,M6IML,Call Sign,Amateur Foundation Radio Licence,Available,N
M,6,IMN,M6IMN,Call Sign,Amateur Foundation Radio Licence,Available,N
M,6,IMQ,M6IMQ,Call Sign,Amateur Foundation Radio Licence,Available,N
M,6,IMU,M6IMU,Call Sign,Amateur Foundation Radio Licence,Available,N
M,6,IMV,M6IMV,Call Sign,Amateur Foundation Radio Licence,Available,N
M,6,IMY,M6IMY,Call Sign,Amateur Foundation Radio Licence,Available,N
M,6,INB,M6INB,Call Sign,Amateur Foundation Radio Licence,Available,N
M,6,INF,M6INF,Call Sign,Amateur Foundation Radio Licence,Available,N
M,6,INH,M6INH,Call Sign,Amateur Foundation Radio Licence,Available,N
M,6,INJ,M6INJ,Call Sign,Amateur Foundation Radio Licence,Available,N
M,6,INL,M6INL,Call Sign,Amateur Foundation Radio Licence,Available,N
M,6,INP,M6INP,Call Sign,Amateur Foundation Radio Licence,Available,N
M,6,INQ,M6INQ,Call Sign,Amateur Foundation Radio Licence,Available,N
M,6,INR,M6INR,Call Sign,Amateur Foundation Radio Licence,Available,N
M,6,INU,M6INU,Call Sign,Amateur Foundation Radio Licence,Available,N
M,6,INY,M6INY,Call Sign,Amateur Foundation Radio Licence,Available,N
M,6,INZ,M6INZ,Call Sign,Amateur Foundation Radio Licence,Available,N
M,6,IOB,M6IOB,Call Sign,Amateur Foundation Radio Licence,Available,N
M,6,IOC,M6IOC,Call Sign,Amateur Foundation Radio Licence,Available,N
M,6,IOD,M6IOD,Call Sign,Amateur Foundation Radio Licence,Available,N
M,6,IOE,M6IOE,Call Sign,Amateur Foundation Radio Licence,Available,N
M,6,IOF,M6IOF,Call Sign,Amateur Foundation Radio Licence,Available,N
M,6,IOG,M6IOG,Call Sign,Amateur Foundation Radio Licence,Available,N
M,6,IOH,M6IOH,Call Sign,Amateur Foundation Radio Licence,Available,N
M,6,IOJ,M6IOJ,Call Sign,Amateur Foundation Radio Licence,Available,N
M,6,IOO,M6IOO,Call Sign,Amateur Foundation Radio Licence,Available,N
M,6,IOP,M6IOP,Call Sign,Amateur Foundation Radio Licence,Available,N
M,6,IOQ,M6IOQ,Call Sign,Amateur Foundation Radio Licence,Available,N
M,6,IOR,M6IOR,Call Sign,Amateur Foundation Radio Licence,Available,N
M,6,IOT,M6IOT,Call Sign,Amateur Foundation Radio Licence,Available,N
M,6,IOV,M6IOV,Call Sign,Amateur Foundation Radio Licence,Available,N
M,6,IOX,M6IOX,Call Sign,Amateur Foundation Radio Licence,Available,N
M,6,IOY,M6IOY,Call Sign,Amateur Foundation Radio Licence,Available,N
M,6,IOZ,M6IOZ,Call Sign,Amateur Foundation Radio Licence,Available,N
M,6,IPE,M6IPE,Call Sign,Amateur Foundation Radio Licence,Available,N
M,6,IPF,M6IPF,Call Sign,Amateur Foundation Radio Licence,Available,N
M,6,IPG,M6IPG,Call Sign,Amateur Foundation Radio Licence,Available,N
M,6,IPH,M6IPH,Call Sign,Amateur Foundation Radio Licence,Available,N
M,6,IPI,M6IPI,Call Sign,Amateur Foundation Radio Licence,Available,N
M,6,IPK,M6IPK,Call Sign,Amateur Foundation Radio Licence,Available,N
M,6,IPN,M6IPN,Call Sign,Amateur Foundation Radio Licence,Available,N
M,6,IPO,M6IPO,Call Sign,Amateur Foundation Radio Licence,Available,N
M,6,IPQ,M6IPQ,Call Sign,Amateur Foundation Radio Licence,Available,N
M,6,IPU,M6IPU,Call Sign,Amateur Foundation Radio Licence,Available,N
M,6,IPW,M6IPW,Call Sign,Amateur Foundation Radio Licence,Available,N
M,6,IPY,M6IPY,Call Sign,Amateur Foundation Radio Licence,Available,N
M,6,IQA,M6IQA,Call Sign,Amateur Foundation Radio Licence,Available,N
M,6,IQB,M6IQB,Call Sign,Amateur Foundation Radio Licence,Available,N
M,6,IQC,M6IQC,Call Sign,Amateur Foundation Radio Licence,Available,N
M,6,IQD,M6IQD,Call Sign,Amateur Foundation Radio Licence,Available,N
M,6,IQE,M6IQE,Call Sign,Amateur Foundation Radio Licence,Available,N
M,6,IQF,M6IQF,Call Sign,Amateur Foundation Radio Licence,Available,N
M,6,IQG,M6IQG,Call Sign,Amateur Foundation Radio Licence,Available,N
M,6,IQH,M6IQH,Call Sign,Amateur Foundation Radio Licence,Available,N
M,6,IQI,M6IQI,Call Sign,Amateur Foundation Radio Licence,Available,N
M,6,IQJ,M6IQJ,Call Sign,Amateur Foundation Radio Licence,Available,N
M,6,IQK,M6IQK,Call Sign,Amateur Foundation Radio Licence,Available,N
M,6,IQL,M6IQL,Call Sign,Amateur Foundation Radio Licence,Available,N
M,6,IQM,M6IQM,Call Sign,Amateur Foundation Radio Licence,Available,N
M,6,IQN,M6IQN,Call Sign,Amateur Foundation Radio Licence,Available,N
M,6,IQP,M6IQP,Call Sign,Amateur Foundation Radio Licence,Available,N
M,6,IQQ,M6IQQ,Call Sign,Amateur Foundation Radio Licence,Available,N
M,6,IQR,M6IQR,Call Sign,Amateur Foundation Radio Licence,Available,N
M,6,IQS,M6IQS,Call Sign,Amateur Foundation Radio Licence,Available,N
M,6,IQT,M6IQT,Call Sign,Amateur Foundation Radio Licence,Available,N
M,6,IQU,M6IQU,Call Sign,Amateur Foundation Radio Licence,Available,N
M,6,IQV,M6IQV,Call Sign,Amateur Foundation Radio Licence,Available,N
M,6,IQW,M6IQW,Call Sign,Amateur Foundation Radio Licence,Available,N
M,6,IQX,M6IQX,Call Sign,Amateur Foundation Radio Licence,Available,N
M,6,IQY,M6IQY,Call Sign,Amateur Foundation Radio Licence,Available,N
M,6,IQZ,M6IQZ,Call Sign,Amateur Foundation Radio Licence,Available,N
M,6,IRB,M6IRB,Call Sign,Amateur Foundation Radio Licence,Available,N
M,6,IRD,M6IRD,Call Sign,Amateur Foundation Radio Licence,Available,N
M,6,IRF,M6IRF,Call Sign,Amateur Foundation Radio Licence,Available,N
M,6,IRH,M6IRH,Call Sign,Amateur Foundation Radio Licence,Available,N
M,6,IRI,M6IRI,Call Sign,Amateur Foundation Radio Licence,Available,N
M,6,IRN,M6IRN,Call Sign,Amateur Foundation Radio Licence,Available,N
M,6,IRO,M6IRO,Call Sign,Amateur Foundation Radio Licence,Available,N
M,6,IRY,M6IRY,Call Sign,Amateur Foundation Radio Licence,Available,N
M,6,IRZ,M6IRZ,Call Sign,Amateur Foundation Radio Licence,Available,N
M,6,ISB,M6ISB,Call Sign,Amateur Foundation Radio Licence,Available,N
M,6,ISD,M6ISD,Call Sign,Amateur Foundation Radio Licence,Available,N
M,6,ISE,M6ISE,Call Sign,Amateur Foundation Radio Licence,Available,N
M,6,ISF,M6ISF,Call Sign,Amateur Foundation Radio Licence,Available,N
M,6,ISI,M6ISI,Call Sign,Amateur Foundation Radio Licence,Available,N
M,6,ISJ,M6ISJ,Call Sign,Amateur Foundation Radio Licence,Available,N
M,6,ISK,M6ISK,Call Sign,Amateur Foundation Radio Licence,Available,N
M,6,ISL,M6ISL,Call Sign,Amateur Foundation Radio Licence,Available,N
M,6,ISN,M6ISN,Call Sign,Amateur Foundation Radio Licence,Available,N
M,6,ISP,M6ISP,Call Sign,Amateur Foundation Radio Licence,Available,N
M,6,ISQ,M6ISQ,Call Sign,Amateur Foundation Radio Licence,Available,N
M,6,ISU,M6ISU,Call Sign,Amateur Foundation Radio Licence,Available,N
M,6,ISV,M6ISV,Call Sign,Amateur Foundation Radio Licence,Available,N
M,6,ISW,M6ISW,Call Sign,Amateur Foundation Radio Licence,Available,N
M,6,ISX,M6ISX,Call Sign,Amateur Foundation Radio Licence,Available,N
M,6,ISY,M6ISY,Call Sign,Amateur Foundation Radio Licence,Available,N
M,6,ITB,M6ITB,Call Sign,Amateur Foundation Radio Licence,Available,N
M,6,ITC,M6ITC,Call Sign,Amateur Foundation Radio Licence,Available,N
M,6,ITD,M6ITD,Call Sign,Amateur Foundation Radio Licence,Available,N
M,6,ITF,M6ITF,Call Sign,Amateur Foundation Radio Licence,Available,N
M,6,ITG,M6ITG,Call Sign,Amateur Foundation Radio Licence,Available,N
M,6,ITH,M6ITH,Call Sign,Amateur Foundation Radio Licence,Available,N
M,6,ITI,M6ITI,Call Sign,Amateur Foundation Radio Licence,Available,N
M,6,ITJ,M6ITJ,Call Sign,Amateur Foundation Radio Licence,Available,N
M,6,ITK,M6ITK,Call Sign,Amateur Foundation Radio Licence,Available,N
M,6,ITL,M6ITL,Call Sign,Amateur Foundation Radio Licence,Available,N
M,6,ITO,M6ITO,Call Sign,Amateur Foundation Radio Licence,Available,N
M,6,ITP,M6ITP,Call Sign,Amateur Foundation Radio Licence,Available,N
M,6,ITQ,M6ITQ,Call Sign,Amateur Foundation Radio Licence,Available,N
M,6,ITR,M6ITR,Call Sign,Amateur Foundation Radio Licence,Available,N
M,6,ITS,M6ITS,Call Sign,Amateur Foundation Radio Licence,Available,N
M,6,ITZ,M6ITZ,Call Sign,Amateur Foundation Radio Licence,Available,N
M,6,IUA,M6IUA,Call Sign,Amateur Foundation Radio Licence,Available,N
M,6,IUB,M6IUB,Call Sign,Amateur Foundation Radio Licence,Available,N
M,6,IUC,M6IUC,Call Sign,Amateur Foundation Radio Licence,Available,N
M,6,IUE,M6IUE,Call Sign,Amateur Foundation Radio Licence,Available,N
M,6,IUF,M6IUF,Call Sign,Amateur Foundation Radio Licence,Available,N
M,6,IUG,M6IUG,Call Sign,Amateur Foundation Radio Licence,Available,N
M,6,IUH,M6IUH,Call Sign,Amateur Foundation Radio Licence,Available,N
M,6,IUI,M6IUI,Call Sign,Amateur Foundation Radio Licence,Available,N
M,6,IUJ,M6IUJ,Call Sign,Amateur Foundation Radio Licence,Available,N
M,6,IUL,M6IUL,Call Sign,Amateur Foundation Radio Licence,Available,N
M,6,IUM,M6IUM,Call Sign,Amateur Foundation Radio Licence,Available,N
M,6,IUO,M6IUO,Call Sign,Amateur Foundation Radio Licence,Available,N
M,6,IUP,M6IUP,Call Sign,Amateur Foundation Radio Licence,Available,N
M,6,IUQ,M6IUQ,Call Sign,Amateur Foundation Radio Licence,Available,N
M,6,IUR,M6IUR,Call Sign,Amateur Foundation Radio Licence,Available,N
M,6,IUS,M6IUS,Call Sign,Amateur Foundation Radio Licence,Available,N
M,6,IUT,M6IUT,Call Sign,Amateur Foundation Radio Licence,Available,N
M,6,IUU,M6IUU,Call Sign,Amateur Foundation Radio Licence,Available,N
M,6,IUV,M6IUV,Call Sign,Amateur Foundation Radio Licence,Available,N
M,6,IUW,M6IUW,Call Sign,Amateur Foundation Radio Licence,Available,N
M,6,IUX,M6IUX,Call Sign,Amateur Foundation Radio Licence,Available,N
M,6,IUY,M6IUY,Call Sign,Amateur Foundation Radio Licence,Available,N
M,6,IVA,M6IVA,Call Sign,Amateur Foundation Radio Licence,Available,N
M,6,IVB,M6IVB,Call Sign,Amateur Foundation Radio Licence,Available,N
M,6,IVC,M6IVC,Call Sign,Amateur Foundation Radio Licence,Available,N
M,6,IVD,M6IVD,Call Sign,Amateur Foundation Radio Licence,Available,N
M,6,IVE,M6IVE,Call Sign,Amateur Foundation Radio Licence,Available,N
M,6,IVF,M6IVF,Call Sign,Amateur Foundation Radio Licence,Available,N
M,6,IVG,M6IVG,Call Sign,Amateur Foundation Radio Licence,Available,N
M,6,IVH,M6IVH,Call Sign,Amateur Foundation Radio Licence,Available,N
M,6,IVI,M6IVI,Call Sign,Amateur Foundation Radio Licence,Available,N
M,6,IVJ,M6IVJ,Call Sign,Amateur Foundation Radio Licence,Available,N
M,6,IVK,M6IVK,Call Sign,Amateur Foundation Radio Licence,Available,N
M,6,IVM,M6IVM,Call Sign,Amateur Foundation Radio Licence,Available,N
M,6,IVQ,M6IVQ,Call Sign,Amateur Foundation Radio Licence,Available,N
M,6,IVT,M6IVT,Call Sign,Amateur Foundation Radio Licence,Available,N
M,6,IVU,M6IVU,Call Sign,Amateur Foundation Radio Licence,Available,N
M,6,IVV,M6IVV,Call Sign,Amateur Foundation Radio Licence,Available,N
M,6,IVW,M6IVW,Call Sign,Amateur Foundation Radio Licence,Available,N
M,6,IVX,M6IVX,Call Sign,Amateur Foundation Radio Licence,Available,N
M,6,IVZ,M6IVZ,Call Sign,Amateur Foundation Radio Licence,Available,N
M,6,IWA,M6IWA,Call Sign,Amateur Foundation Radio Licence,Available,N
M,6,IWC,M6IWC,Call Sign,Amateur Foundation Radio Licence,Available,N
M,6,IWD,M6IWD,Call Sign,Amateur Foundation Radio Licence,Available,N
M,6,IWE,M6IWE,Call Sign,Amateur Foundation Radio Licence,Available,N
M,6,IWG,M6IWG,Call Sign,Amateur Foundation Radio Licence,Available,N
M,6,IWH,M6IWH,Call Sign,Amateur Foundation Radio Licence,Available,N
M,6,IWI,M6IWI,Call Sign,Amateur Foundation Radio Licence,Available,N
M,6,IWJ,M6IWJ,Call Sign,Amateur Foundation Radio Licence,Available,N
M,6,IWK,M6IWK,Call Sign,Amateur Foundation Radio Licence,Available,N
M,6,IWL,M6IWL,Call Sign,Amateur Foundation Radio Licence,Available,N
M,6,IWN,M6IWN,Call Sign,Amateur Foundation Radio Licence,Available,N
M,6,IWO,M6IWO,Call Sign,Amateur Foundation Radio Licence,Available,N
M,6,IWQ,M6IWQ,Call Sign,Amateur Foundation Radio Licence,Available,N
M,6,IWR,M6IWR,Call Sign,Amateur Foundation Radio Licence,Available,N
M,6,IWS,M6IWS,Call Sign,Amateur Foundation Radio Licence,Available,N
M,6,IWT,M6IWT,Call Sign,Amateur Foundation Radio Licence,Available,N
M,6,IWU,M6IWU,Call Sign,Amateur Foundation Radio Licence,Available,N
M,6,IWV,M6IWV,Call Sign,Amateur Foundation Radio Licence,Available,N
M,6,IWW,M6IWW,Call Sign,Amateur Foundation Radio Licence,Available,N
M,6,IWX,M6IWX,Call Sign,Amateur Foundation Radio Licence,Available,N
M,6,IWY,M6IWY,Call Sign,Amateur Foundation Radio Licence,Available,N
M,6,IXA,M6IXA,Call Sign,Amateur Foundation Radio Licence,Available,N
M,6,IXB,M6IXB,Call Sign,Amateur Foundation Radio Licence,Available,N
M,6,IXC,M6IXC,Call Sign,Amateur Foundation Radio Licence,Available,N
M,6,IXD,M6IXD,Call Sign,Amateur Foundation Radio Licence,Available,N
M,6,IXE,M6IXE,Call Sign,Amateur Foundation Radio Licence,Available,N
M,6,IXF,M6IXF,Call Sign,Amateur Foundation Radio Licence,Available,N
M,6,IXG,M6IXG,Call Sign,Amateur Foundation Radio Licence,Available,N
M,6,IXH,M6IXH,Call Sign,Amateur Foundation Radio Licence,Available,N
M,6,IXJ,M6IXJ,Call Sign,Amateur Foundation Radio Licence,Available,N
M,6,IXK,M6IXK,Call Sign,Amateur Foundation Radio Licence,Available,N
M,6,IXL,M6IXL,Call Sign,Amateur Foundation Radio Licence,Available,N
M,6,IXM,M6IXM,Call Sign,Amateur Foundation Radio Licence,Available,N
M,6,IXN,M6IXN,Call Sign,Amateur Foundation Radio Licence,Available,N
M,6,IXO,M6IXO,Call Sign,Amateur Foundation Radio Licence,Available,N
M,6,IXP,M6IXP,Call Sign,Amateur Foundation Radio Licence,Available,N
M,6,IXQ,M6IXQ,Call Sign,Amateur Foundation Radio Licence,Available,N
M,6,IXR,M6IXR,Call Sign,Amateur Foundation Radio Licence,Available,N
M,6,IXS,M6IXS,Call Sign,Amateur Foundation Radio Licence,Available,N
M,6,IXT,M6IXT,Call Sign,Amateur Foundation Radio Licence,Available,N
M,6,IXU,M6IXU,Call Sign,Amateur Foundation Radio Licence,Available,N
M,6,IXV,M6IXV,Call Sign,Amateur Foundation Radio Licence,Available,N
M,6,IXW,M6IXW,Call Sign,Amateur Foundation Radio Licence,Available,N
M,6,IXX,M6IXX,Call Sign,Amateur Foundation Radio Licence,Available,N
M,6,IXY,M6IXY,Call Sign,Amateur Foundation Radio Licence,Available,N
M,6,IXZ,M6IXZ,Call Sign,Amateur Foundation Radio Licence,Available,N
M,6,IYA,M6IYA,Call Sign,Amateur Foundation Radio Licence,Available,N
M,6,IYB,M6IYB,Call Sign,Amateur Foundation Radio Licence,Available,N
M,6,IYC,M6IYC,Call Sign,Amateur Foundation Radio Licence,Available,N
M,6,IYD,M6IYD,Call Sign,Amateur Foundation Radio Licence,Available,N
M,6,IYE,M6IYE,Call Sign,Amateur Foundation Radio Licence,Available,N
M,6,IYF,M6IYF,Call Sign,Amateur Foundation Radio Licence,Available,N
M,6,IYG,M6IYG,Call Sign,Amateur Foundation Radio Licence,Available,N
M,6,IYH,M6IYH,Call Sign,Amateur Foundation Radio Licence,Available,N
M,6,IYI,M6IYI,Call Sign,Amateur Foundation Radio Licence,Available,N
M,6,IYJ,M6IYJ,Call Sign,Amateur Foundation Radio Licence,Available,N
M,6,IYK,M6IYK,Call Sign,Amateur Foundation Radio Licence,Available,N
M,6,IYL,M6IYL,Call Sign,Amateur Foundation Radio Licence,Available,N
M,6,IYM,M6IYM,Call Sign,Amateur Foundation Radio Licence,Available,N
M,6,IYN,M6IYN,Call Sign,Amateur Foundation Radio Licence,Available,N
M,6,IYO,M6IYO,Call Sign,Amateur Foundation Radio Licence,Available,N
M,6,IYP,M6IYP,Call Sign,Amateur Foundation Radio Licence,Available,N
M,6,IYQ,M6IYQ,Call Sign,Amateur Foundation Radio Licence,Available,N
M,6,IYR,M6IYR,Call Sign,Amateur Foundation Radio Licence,Available,N
M,6,IYS,M6IYS,Call Sign,Amateur Foundation Radio Licence,Available,N
M,6,IYT,M6IYT,Call Sign,Amateur Foundation Radio Licence,Available,N
M,6,IYU,M6IYU,Call Sign,Amateur Foundation Radio Licence,Available,N
M,6,IYV,M6IYV,Call Sign,Amateur Foundation Radio Licence,Available,N
M,6,IYW,M6IYW,Call Sign,Amateur Foundation Radio Licence,Available,N
M,6,IYX,M6IYX,Call Sign,Amateur Foundation Radio Licence,Available,N
M,6,IYY,M6IYY,Call Sign,Amateur Foundation Radio Licence,Available,N
M,6,IYZ,M6IYZ,Call Sign,Amateur Foundation Radio Licence,Available,N
M,6,IZB,M6IZB,Call Sign,Amateur Foundation Radio Licence,Available,N
M,6,IZC,M6IZC,Call Sign,Amateur Foundation Radio Licence,Available,N
M,6,IZD,M6IZD,Call Sign,Amateur Foundation Radio Licence,Available,N
M,6,IZE,M6IZE,Call Sign,Amateur Foundation Radio Licence,Available,N
M,6,IZF,M6IZF,Call Sign,Amateur Foundation Radio Licence,Available,N
M,6,IZG,M6IZG,Call Sign,Amateur Foundation Radio Licence,Available,N
M,6,IZH,M6IZH,Call Sign,Amateur Foundation Radio Licence,Available,N
M,6,IZJ,M6IZJ,Call Sign,Amateur Foundation Radio Licence,Available,N
M,6,IZK,M6IZK,Call Sign,Amateur Foundation Radio Licence,Available,N
M,6,IZL,M6IZL,Call Sign,Amateur Foundation Radio Licence,Available,N
M,6,IZM,M6IZM,Call Sign,Amateur Foundation Radio Licence,Available,N
M,6,IZN,M6IZN,Call Sign,Amateur Foundation Radio Licence,Available,N
M,6,IZO,M6IZO,Call Sign,Amateur Foundation Radio Licence,Available,N
M,6,IZQ,M6IZQ,Call Sign,Amateur Foundation Radio Licence,Available,N
M,6,IZR,M6IZR,Call Sign,Amateur Foundation Radio Licence,Available,N
M,6,IZT,M6IZT,Call Sign,Amateur Foundation Radio Licence,Available,N
M,6,IZU,M6IZU,Call Sign,Amateur Foundation Radio Licence,Available,N
M,6,IZV,M6IZV,Call Sign,Amateur Foundation Radio Licence,Available,N
M,6,IZX,M6IZX,Call Sign,Amateur Foundation Radio Licence,Available,N
M,6,JID,M6JID,Call Sign,Amateur Foundation Radio Licence,Available,N
M,6,JIF,M6JIF,Call Sign,Amateur Foundation Radio Licence,Available,N
M,6,JIH,M6JIH,Call Sign,Amateur Foundation Radio Licence,Available,N
M,6,JIP,M6JIP,Call Sign,Amateur Foundation Radio Licence,Available,N
M,6,JIQ,M6JIQ,Call Sign,Amateur Foundation Radio Licence,Available,N
M,6,JIR,M6JIR,Call Sign,Amateur Foundation Radio Licence,Available,N
M,6,JIS,M6JIS,Call Sign,Amateur Foundation Radio Licence,Available,N
M,6,JIU,M6JIU,Call Sign,Amateur Foundation Radio Licence,Available,N
M,6,JIV,M6JIV,Call Sign,Amateur Foundation Radio Licence,Available,N
M,6,JIW,M6JIW,Call Sign,Amateur Foundation Radio Licence,Available,N
M,6,JIX,M6JIX,Call Sign,Amateur Foundation Radio Licence,Available,N
M,6,JIY,M6JIY,Call Sign,Amateur Foundation Radio Licence,Available,N
M,6,JJA,M6JJA,Call Sign,Amateur Foundation Radio Licence,Available,N
M,6,JJG,M6JJG,Call Sign,Amateur Foundation Radio Licence,Available,N
M,6,JJI,M6JJI,Call Sign,Amateur Foundation Radio Licence,Available,N
M,6,JJN,M6JJN,Call Sign,Amateur Foundation Radio Licence,Available,N
M,6,JJQ,M6JJQ,Call Sign,Amateur Foundation Radio Licence,Available,N
M,6,JJT,M6JJT,Call Sign,Amateur Foundation Radio Licence,Available,N
M,6,JJU,M6JJU,Call Sign,Amateur Foundation Radio Licence,Available,N
M,6,JJV,M6JJV,Call Sign,Amateur Foundation Radio Licence,Available,N
M,6,JJX,M6JJX,Call Sign,Amateur Foundation Radio Licence,Available,N
M,6,JJY,M6JJY,Call Sign,Amateur Foundation Radio Licence,Available,N
M,6,JJZ,M6JJZ,Call Sign,Amateur Foundation Radio Licence,Available,N
M,6,JKJ,M6JKJ,Call Sign,Amateur Foundation Radio Licence,Available,N
M,6,JKN,M6JKN,Call Sign,Amateur Foundation Radio Licence,Available,N
M,6,JKU,M6JKU,Call Sign,Amateur Foundation Radio Licence,Available,N
M,6,JLE,M6JLE,Call Sign,Amateur Foundation Radio Licence,Available,N
M,6,JLQ,M6JLQ,Call Sign,Amateur Foundation Radio Licence,Available,N
M,6,JLT,M6JLT,Call Sign,Amateur Foundation Radio Licence,Available,N
M,6,JLU,M6JLU,Call Sign,Amateur Foundation Radio Licence,Available,N
M,6,JLV,M6JLV,Call Sign,Amateur Foundation Radio Licence,Available,N
M,6,JLZ,M6JLZ,Call Sign,Amateur Foundation Radio Licence,Available,N
M,6,JMJ,M6JMJ,Call Sign,Amateur Foundation Radio Licence,Available,N
M,6,JMQ,M6JMQ,Call Sign,Amateur Foundation Radio Licence,Available,N
M,6,JMU,M6JMU,Call Sign,Amateur Foundation Radio Licence,Available,N
M,6,JMV,M6JMV,Call Sign,Amateur Foundation Radio Licence,Available,N
M,6,JNA,M6JNA,Call Sign,Amateur Foundation Radio Licence,Available,N
M,6,JND,M6JND,Call Sign,Amateur Foundation Radio Licence,Available,N
M,6,JNF,M6JNF,Call Sign,Amateur Foundation Radio Licence,Available,N
M,6,JNG,M6JNG,Call Sign,Amateur Foundation Radio Licence,Available,N
M,6,JNI,M6JNI,Call Sign,Amateur Foundation Radio Licence,Available,N
M,6,JNL,M6JNL,Call Sign,Amateur Foundation Radio Licence,Available,N
M,6,JNN,M6JNN,Call Sign,Amateur Foundation Radio Licence,Available,N
M,6,JNO,M6JNO,Call Sign,Amateur Foundation Radio Licence,Available,N
M,6,JNV,M6JNV,Call Sign,Amateur Foundation Radio Licence,Available,N
M,6,JNY,M6JNY,Call Sign,Amateur Foundation Radio Licence,Available,N
M,6,JNZ,M6JNZ,Call Sign,Amateur Foundation Radio Licence,Available,N
M,6,JOA,M6JOA,Call Sign,Amateur Foundation Radio Licence,Available,N
M,6,JOI,M6JOI,Call Sign,Amateur Foundation Radio Licence,Available,N
M,6,JOM,M6JOM,Call Sign,Amateur Foundation Radio Licence,Available,N
M,6,JOP,M6JOP,Call Sign,Amateur Foundation Radio Licence,Available,N
M,6,JOQ,M6JOQ,Call Sign,Amateur Foundation Radio Licence,Available,N
M,6,JOV,M6JOV,Call Sign,Amateur Foundation Radio Licence,Available,N
M,6,JOX,M6JOX,Call Sign,Amateur Foundation Radio Licence,Available,N
M,6,JOZ,M6JOZ,Call Sign,Amateur Foundation Radio Licence,Available,N
M,6,JPQ,M6JPQ,Call Sign,Amateur Foundation Radio Licence,Available,N
M,6,JPU,M6JPU,Call Sign,Amateur Foundation Radio Licence,Available,N
M,6,JPV,M6JPV,Call Sign,Amateur Foundation Radio Licence,Available,N
M,6,JPZ,M6JPZ,Call Sign,Amateur Foundation Radio Licence,Available,N
M,6,JQA,M6JQA,Call Sign,Amateur Foundation Radio Licence,Available,N
M,6,JQC,M6JQC,Call Sign,Amateur Foundation Radio Licence,Available,N
M,6,JQD,M6JQD,Call Sign,Amateur Foundation Radio Licence,Available,N
M,6,JQF,M6JQF,Call Sign,Amateur Foundation Radio Licence,Available,N
M,6,JQG,M6JQG,Call Sign,Amateur Foundation Radio Licence,Available,N
M,6,JQH,M6JQH,Call Sign,Amateur Foundation Radio Licence,Available,N
M,6,JQI,M6JQI,Call Sign,Amateur Foundation Radio Licence,Available,N
M,6,JQJ,M6JQJ,Call Sign,Amateur Foundation Radio Licence,Available,N
M,6,JQK,M6JQK,Call Sign,Amateur Foundation Radio Licence,Available,N
M,6,JQL,M6JQL,Call Sign,Amateur Foundation Radio Licence,Available,N
M,6,JQO,M6JQO,Call Sign,Amateur Foundation Radio Licence,Available,N
M,6,JQP,M6JQP,Call Sign,Amateur Foundation Radio Licence,Available,N
M,6,JQQ,M6JQQ,Call Sign,Amateur Foundation Radio Licence,Available,N
M,6,JQR,M6JQR,Call Sign,Amateur Foundation Radio Licence,Available,N
M,6,JQS,M6JQS,Call Sign,Amateur Foundation Radio Licence,Available,N
M,6,JQT,M6JQT,Call Sign,Amateur Foundation Radio Licence,Available,N
M,6,JQU,M6JQU,Call Sign,Amateur Foundation Radio Licence,Available,N
M,6,JQV,M6JQV,Call Sign,Amateur Foundation Radio Licence,Available,N
M,6,JQX,M6JQX,Call Sign,Amateur Foundation Radio Licence,Available,N
M,6,JQY,M6JQY,Call Sign,Amateur Foundation Radio Licence,Available,N
M,6,JQZ,M6JQZ,Call Sign,Amateur Foundation Radio Licence,Available,N
M,6,JRI,M6JRI,Call Sign,Amateur Foundation Radio Licence,Available,N
M,6,JRK,M6JRK,Call Sign,Amateur Foundation Radio Licence,Available,N
M,6,JRU,M6JRU,Call Sign,Amateur Foundation Radio Licence,Available,N
M,6,JSI,M6JSI,Call Sign,Amateur Foundation Radio Licence,Available,N
M,6,JSQ,M6JSQ,Call Sign,Amateur Foundation Radio Licence,Available,N
M,6,JSU,M6JSU,Call Sign,Amateur Foundation Radio Licence,Available,N
M,6,JSV,M6JSV,Call Sign,Amateur Foundation Radio Licence,Available,N
M,6,JTD,M6JTD,Call Sign,Amateur Foundation Radio Licence,Available,N
M,6,JTE,M6JTE,Call Sign,Amateur Foundation Radio Licence,Available,N
M,6,JTK,M6JTK,Call Sign,Amateur Foundation Radio Licence,Available,N
M,6,JTQ,M6JTQ,Call Sign,Amateur Foundation Radio Licence,Available,N
M,6,JTT,M6JTT,Call Sign,Amateur Foundation Radio Licence,Available,N
M,6,JTV,M6JTV,Call Sign,Amateur Foundation Radio Licence,Available,N
M,6,JTY,M6JTY,Call Sign,Amateur Foundation Radio Licence,Available,N
M,6,JTZ,M6JTZ,Call Sign,Amateur Foundation Radio Licence,Available,N
M,6,JUF,M6JUF,Call Sign,Amateur Foundation Radio Licence,Available,N
M,6,JUG,M6JUG,Call Sign,Amateur Foundation Radio Licence,Available,N
M,6,JUH,M6JUH,Call Sign,Amateur Foundation Radio Licence,Available,N
M,6,JUI,M6JUI,Call Sign,Amateur Foundation Radio Licence,Available,N
M,6,JUJ,M6JUJ,Call Sign,Amateur Foundation Radio Licence,Available,N
M,6,JUM,M6JUM,Call Sign,Amateur Foundation Radio Licence,Available,N
M,6,JUO,M6JUO,Call Sign,Amateur Foundation Radio Licence,Available,N
M,6,JUP,M6JUP,Call Sign,Amateur Foundation Radio Licence,Available,N
M,6,JUQ,M6JUQ,Call Sign,Amateur Foundation Radio Licence,Available,N
M,6,JUT,M6JUT,Call Sign,Amateur Foundation Radio Licence,Available,N
M,6,JUU,M6JUU,Call Sign,Amateur Foundation Radio Licence,Available,N
M,6,JUW,M6JUW,Call Sign,Amateur Foundation Radio Licence,Available,N
M,6,JUY,M6JUY,Call Sign,Amateur Foundation Radio Licence,Available,N
M,6,JVA,M6JVA,Call Sign,Amateur Foundation Radio Licence,Available,N
M,6,JVC,M6JVC,Call Sign,Amateur Foundation Radio Licence,Available,N
M,6,JVD,M6JVD,Call Sign,Amateur Foundation Radio Licence,Available,N
M,6,JVE,M6JVE,Call Sign,Amateur Foundation Radio Licence,Available,N
M,6,JVF,M6JVF,Call Sign,Amateur Foundation Radio Licence,Available,N
M,6,JVI,M6JVI,Call Sign,Amateur Foundation Radio Licence,Available,N
M,6,JVJ,M6JVJ,Call Sign,Amateur Foundation Radio Licence,Available,N
M,6,JVL,M6JVL,Call Sign,Amateur Foundation Radio Licence,Available,N
M,6,JVM,M6JVM,Call Sign,Amateur Foundation Radio Licence,Available,N
M,6,JVO,M6JVO,Call Sign,Amateur Foundation Radio Licence,Available,N
M,6,JVP,M6JVP,Call Sign,Amateur Foundation Radio Licence,Available,N
M,6,JVQ,M6JVQ,Call Sign,Amateur Foundation Radio Licence,Available,N
M,6,JVS,M6JVS,Call Sign,Amateur Foundation Radio Licence,Available,N
M,6,JVT,M6JVT,Call Sign,Amateur Foundation Radio Licence,Available,N
M,6,JVU,M6JVU,Call Sign,Amateur Foundation Radio Licence,Available,N
M,6,JVX,M6JVX,Call Sign,Amateur Foundation Radio Licence,Available,N
M,6,JVY,M6JVY,Call Sign,Amateur Foundation Radio Licence,Available,N
M,6,JVZ,M6JVZ,Call Sign,Amateur Foundation Radio Licence,Available,N
M,6,JWE,M6JWE,Call Sign,Amateur Foundation Radio Licence,Available,N
M,6,JWI,M6JWI,Call Sign,Amateur Foundation Radio Licence,Available,N
M,6,JWJ,M6JWJ,Call Sign,Amateur Foundation Radio Licence,Available,N
M,6,JWN,M6JWN,Call Sign,Amateur Foundation Radio Licence,Available,N
M,6,JWU,M6JWU,Call Sign,Amateur Foundation Radio Licence,Available,N
M,6,JWV,M6JWV,Call Sign,Amateur Foundation Radio Licence,Available,N
M,6,JXA,M6JXA,Call Sign,Amateur Foundation Radio Licence,Available,N
M,6,JXD,M6JXD,Call Sign,Amateur Foundation Radio Licence,Available,N
M,6,JXE,M6JXE,Call Sign,Amateur Foundation Radio Licence,Available,N
M,6,JXF,M6JXF,Call Sign,Amateur Foundation Radio Licence,Available,N
M,6,JXG,M6JXG,Call Sign,Amateur Foundation Radio Licence,Available,N
M,6,JXI,M6JXI,Call Sign,Amateur Foundation Radio Licence,Available,N
M,6,JXJ,M6JXJ,Call Sign,Amateur Foundation Radio Licence,Available,N
M,6,JXK,M6JXK,Call Sign,Amateur Foundation Radio Licence,Available,N
M,6,JXN,M6JXN,Call Sign,Amateur Foundation Radio Licence,Available,N
M,6,JXO,M6JXO,Call Sign,Amateur Foundation Radio Licence,Available,N
M,6,JXQ,M6JXQ,Call Sign,Amateur Foundation Radio Licence,Available,N
M,6,JXS,M6JXS,Call Sign,Amateur Foundation Radio Licence,Available,N
M,6,JXT,M6JXT,Call Sign,Amateur Foundation Radio Licence,Available,N
M,6,JXU,M6JXU,Call Sign,Amateur Foundation Radio Licence,Available,N
M,6,JXX,M6JXX,Call Sign,Amateur Foundation Radio Licence,Available,N
M,6,JXZ,M6JXZ,Call Sign,Amateur Foundation Radio Licence,Available,N
M,6,JYA,M6JYA,Call Sign,Amateur Foundation Radio Licence,Available,N
M,6,JYD,M6JYD,Call Sign,Amateur Foundation Radio Licence,Available,N
M,6,JYE,M6JYE,Call Sign,Amateur Foundation Radio Licence,Available,N
M,6,JYF,M6JYF,Call Sign,Amateur Foundation Radio Licence,Available,N
M,6,JYG,M6JYG,Call Sign,Amateur Foundation Radio Licence,Available,N
M,6,JYH,M6JYH,Call Sign,Amateur Foundation Radio Licence,Available,N
M,6,JYI,M6JYI,Call Sign,Amateur Foundation Radio Licence,Available,N
M,6,JYJ,M6JYJ,Call Sign,Amateur Foundation Radio Licence,Available,N
M,6,JYN,M6JYN,Call Sign,Amateur Foundation Radio Licence,Available,N
M,6,JYP,M6JYP,Call Sign,Amateur Foundation Radio Licence,Available,N
M,6,JYQ,M6JYQ,Call Sign,Amateur Foundation Radio Licence,Available,N
M,6,JYR,M6JYR,Call Sign,Amateur Foundation Radio Licence,Available,N
M,6,JYS,M6JYS,Call Sign,Amateur Foundation Radio Licence,Available,N
M,6,JYT,M6JYT,Call Sign,Amateur Foundation Radio Licence,Available,N
M,6,JYU,M6JYU,Call Sign,Amateur Foundation Radio Licence,Available,N
M,6,JYV,M6JYV,Call Sign,Amateur Foundation Radio Licence,Available,N
M,6,JYW,M6JYW,Call Sign,Amateur Foundation Radio Licence,Available,N
M,6,JYX,M6JYX,Call Sign,Amateur Foundation Radio Licence,Available,N
M,6,JYY,M6JYY,Call Sign,Amateur Foundation Radio Licence,Available,N
M,6,JZA,M6JZA,Call Sign,Amateur Foundation Radio Licence,Available,N
M,6,JZD,M6JZD,Call Sign,Amateur Foundation Radio Licence,Available,N
M,6,JZE,M6JZE,Call Sign,Amateur Foundation Radio Licence,Available,N
M,6,JZF,M6JZF,Call Sign,Amateur Foundation Radio Licence,Available,N
M,6,JZG,M6JZG,Call Sign,Amateur Foundation Radio Licence,Available,N
M,6,JZH,M6JZH,Call Sign,Amateur Foundation Radio Licence,Available,N
M,6,JZI,M6JZI,Call Sign,Amateur Foundation Radio Licence,Available,N
M,6,JZJ,M6JZJ,Call Sign,Amateur Foundation Radio Licence,Available,N
M,6,JZL,M6JZL,Call Sign,Amateur Foundation Radio Licence,Available,N
M,6,JZM,M6JZM,Call Sign,Amateur Foundation Radio Licence,Available,N
M,6,JZN,M6JZN,Call Sign,Amateur Foundation Radio Licence,Available,N
M,6,JZO,M6JZO,Call Sign,Amateur Foundation Radio Licence,Available,N
M,6,JZP,M6JZP,Call Sign,Amateur Foundation Radio Licence,Available,N
M,6,JZQ,M6JZQ,Call Sign,Amateur Foundation Radio Licence,Available,N
M,6,JZR,M6JZR,Call Sign,Amateur Foundation Radio Licence,Available,N
M,6,JZS,M6JZS,Call Sign,Amateur Foundation Radio Licence,Available,N
M,6,JZV,M6JZV,Call Sign,Amateur Foundation Radio Licence,Available,N
M,6,JZW,M6JZW,Call Sign,Amateur Foundation Radio Licence,Available,N
M,6,JZZ,M6JZZ,Call Sign,Amateur Foundation Radio Licence,Available,N
M,6,KCU,M6KCU,Call Sign,Amateur Foundation Radio Licence,Available,N
M,6,KDH,M6KDH,Call Sign,Amateur Foundation Radio Licence,Available,N
M,6,KDI,M6KDI,Call Sign,Amateur Foundation Radio Licence,Available,N
M,6,KDN,M6KDN,Call Sign,Amateur Foundation Radio Licence,Available,N
M,6,KDQ,M6KDQ,Call Sign,Amateur Foundation Radio Licence,Available,N
M,6,KDR,M6KDR,Call Sign,Amateur Foundation Radio Licence,Available,N
M,6,KDU,M6KDU,Call Sign,Amateur Foundation Radio Licence,Available,N
M,6,KDV,M6KDV,Call Sign,Amateur Foundation Radio Licence,Available,N
M,6,KDZ,M6KDZ,Call Sign,Amateur Foundation Radio Licence,Available,N
M,6,KEH,M6KEH,Call Sign,Amateur Foundation Radio Licence,Available,N
M,6,KEJ,M6KEJ,Call Sign,Amateur Foundation Radio Licence,Available,N
M,6,KEM,M6KEM,Call Sign,Amateur Foundation Radio Licence,Available,N
M,6,KEO,M6KEO,Call Sign,Amateur Foundation Radio Licence,Available,N
M,6,KEP,M6KEP,Call Sign,Amateur Foundation Radio Licence,Available,N
M,6,KEU,M6KEU,Call Sign,Amateur Foundation Radio Licence,Available,N
M,6,KFF,M6KFF,Call Sign,Amateur Foundation Radio Licence,Available,N
M,6,KFG,M6KFG,Call Sign,Amateur Foundation Radio Licence,Available,N
M,6,KFH,M6KFH,Call Sign,Amateur Foundation Radio Licence,Available,N
M,6,KFI,M6KFI,Call Sign,Amateur Foundation Radio Licence,Available,N
M,6,KFJ,M6KFJ,Call Sign,Amateur Foundation Radio Licence,Available,N
M,6,KFL,M6KFL,Call Sign,Amateur Foundation Radio Licence,Available,N
M,6,KFN,M6KFN,Call Sign,Amateur Foundation Radio Licence,Available,N
M,6,KFO,M6KFO,Call Sign,Amateur Foundation Radio Licence,Available,N
M,6,KFQ,M6KFQ,Call Sign,Amateur Foundation Radio Licence,Available,N
M,6,KFR,M6KFR,Call Sign,Amateur Foundation Radio Licence,Available,N
M,6,KFT,M6KFT,Call Sign,Amateur Foundation Radio Licence,Available,N
M,6,KFU,M6KFU,Call Sign,Amateur Foundation Radio Licence,Available,N
M,6,KFV,M6KFV,Call Sign,Amateur Foundation Radio Licence,Available,N
M,6,KFX,M6KFX,Call Sign,Amateur Foundation Radio Licence,Available,N
M,6,KFY,M6KFY,Call Sign,Amateur Foundation Radio Licence,Available,N
M,6,KFZ,M6KFZ,Call Sign,Amateur Foundation Radio Licence,Available,N
M,6,KGI,M6KGI,Call Sign,Amateur Foundation Radio Licence,Available,N
M,6,KGJ,M6KGJ,Call Sign,Amateur Foundation Radio Licence,Available,N
M,6,KGN,M6KGN,Call Sign,Amateur Foundation Radio Licence,Available,N
M,6,KGO,M6KGO,Call Sign,Amateur Foundation Radio Licence,Available,N
M,6,KGP,M6KGP,Call Sign,Amateur Foundation Radio Licence,Available,N
M,6,KGQ,M6KGQ,Call Sign,Amateur Foundation Radio Licence,Available,N
M,6,KGU,M6KGU,Call Sign,Amateur Foundation Radio Licence,Available,N
M,6,KGX,M6KGX,Call Sign,Amateur Foundation Radio Licence,Available,N
M,6,KGY,M6KGY,Call Sign,Amateur Foundation Radio Licence,Available,N
M,6,KGZ,M6KGZ,Call Sign,Amateur Foundation Radio Licence,Available,N
M,6,KHC,M6KHC,Call Sign,Amateur Foundation Radio Licence,Available,N
M,6,KHD,M6KHD,Call Sign,Amateur Foundation Radio Licence,Available,N
M,6,KHE,M6KHE,Call Sign,Amateur Foundation Radio Licence,Available,N
M,6,KHF,M6KHF,Call Sign,Amateur Foundation Radio Licence,Available,N
M,6,KHH,M6KHH,Call Sign,Amateur Foundation Radio Licence,Available,N
M,6,KHI,M6KHI,Call Sign,Amateur Foundation Radio Licence,Available,N
M,6,KHJ,M6KHJ,Call Sign,Amateur Foundation Radio Licence,Available,N
M,6,KHK,M6KHK,Call Sign,Amateur Foundation Radio Licence,Available,N
M,6,KHL,M6KHL,Call Sign,Amateur Foundation Radio Licence,Available,N
M,6,KHN,M6KHN,Call Sign,Amateur Foundation Radio Licence,Available,N
M,6,KHP,M6KHP,Call Sign,Amateur Foundation Radio Licence,Available,N
M,6,KHQ,M6KHQ,Call Sign,Amateur Foundation Radio Licence,Available,N
M,6,KHR,M6KHR,Call Sign,Amateur Foundation Radio Licence,Available,N
M,6,KHT,M6KHT,Call Sign,Amateur Foundation Radio Licence,Available,N
M,6,KHU,M6KHU,Call Sign,Amateur Foundation Radio Licence,Available,N
M,6,KHV,M6KHV,Call Sign,Amateur Foundation Radio Licence,Available,N
M,6,KHX,M6KHX,Call Sign,Amateur Foundation Radio Licence,Available,N
M,6,KHY,M6KHY,Call Sign,Amateur Foundation Radio Licence,Available,N
M,6,KIC,M6KIC,Call Sign,Amateur Foundation Radio Licence,Available,N
M,6,KIG,M6KIG,Call Sign,Amateur Foundation Radio Licence,Available,N
M,6,KIH,M6KIH,Call Sign,Amateur Foundation Radio Licence,Available,N
M,6,KII,M6KII,Call Sign,Amateur Foundation Radio Licence,Available,N
M,6,KIJ,M6KIJ,Call Sign,Amateur Foundation Radio Licence,Available,N
M,6,KIO,M6KIO,Call Sign,Amateur Foundation Radio Licence,Available,N
M,6,KIQ,M6KIQ,Call Sign,Amateur Foundation Radio Licence,Available,N
M,6,KIS,M6KIS,Call Sign,Amateur Foundation Radio Licence,Available,N
M,6,KIU,M6KIU,Call Sign,Amateur Foundation Radio Licence,Available,N
M,6,KIV,M6KIV,Call Sign,Amateur Foundation Radio Licence,Available,N
M,6,KIW,M6KIW,Call Sign,Amateur Foundation Radio Licence,Available,N
M,6,KIX,M6KIX,Call Sign,Amateur Foundation Radio Licence,Available,N
M,6,KIY,M6KIY,Call Sign,Amateur Foundation Radio Licence,Available,N
M,6,KIZ,M6KIZ,Call Sign,Amateur Foundation Radio Licence,Available,N
M,6,KJE,M6KJE,Call Sign,Amateur Foundation Radio Licence,Available,N
M,6,KJI,M6KJI,Call Sign,Amateur Foundation Radio Licence,Available,N
M,6,KJJ,M6KJJ,Call Sign,Amateur Foundation Radio Licence,Available,N
M,6,KJL,M6KJL,Call Sign,Amateur Foundation Radio Licence,Available,N
M,6,KJU,M6KJU,Call Sign,Amateur Foundation Radio Licence,Available,N
M,6,KJX,M6KJX,Call Sign,Amateur Foundation Radio Licence,Available,N
M,6,KJZ,M6KJZ,Call Sign,Amateur Foundation Radio Licence,Available,N
M,6,KKE,M6KKE,Call Sign,Amateur Foundation Radio Licence,Available,N
M,6,KKF,M6KKF,Call Sign,Amateur Foundation Radio Licence,Available,N
M,6,KKI,M6KKI,Call Sign,Amateur Foundation Radio Licence,Available,N
M,6,KKJ,M6KKJ,Call Sign,Amateur Foundation Radio Licence,Available,N
M,6,KKO,M6KKO,Call Sign,Amateur Foundation Radio Licence,Available,N
M,6,KKQ,M6KKQ,Call Sign,Amateur Foundation Radio Licence,Available,N
M,6,KKR,M6KKR,Call Sign,Amateur Foundation Radio Licence,Available,N
M,6,KKU,M6KKU,Call Sign,Amateur Foundation Radio Licence,Available,N
M,6,KKV,M6KKV,Call Sign,Amateur Foundation Radio Licence,Available,N
M,6,KKW,M6KKW,Call Sign,Amateur Foundation Radio Licence,Available,N
M,6,KKX,M6KKX,Call Sign,Amateur Foundation Radio Licence,Available,N
M,6,KKZ,M6KKZ,Call Sign,Amateur Foundation Radio Licence,Available,N
M,6,KLE,M6KLE,Call Sign,Amateur Foundation Radio Licence,Available,N
M,6,KLG,M6KLG,Call Sign,Amateur Foundation Radio Licence,Available,N
M,6,KLI,M6KLI,Call Sign,Amateur Foundation Radio Licence,Available,N
M,6,KLQ,M6KLQ,Call Sign,Amateur Foundation Radio Licence,Available,N
M,6,KLV,M6KLV,Call Sign,Amateur Foundation Radio Licence,Available,N
M,6,KMQ,M6KMQ,Call Sign,Amateur Foundation Radio Licence,Available,N
M,6,KMU,M6KMU,Call Sign,Amateur Foundation Radio Licence,Available,N
M,6,KMV,M6KMV,Call Sign,Amateur Foundation Radio Licence,Available,N
M,6,KMX,M6KMX,Call Sign,Amateur Foundation Radio Licence,Available,N
M,6,KMY,M6KMY,Call Sign,Amateur Foundation Radio Licence,Available,N
M,6,KNB,M6KNB,Call Sign,Amateur Foundation Radio Licence,Available,N
M,6,KND,M6KND,Call Sign,Amateur Foundation Radio Licence,Available,N
M,6,KNJ,M6KNJ,Call Sign,Amateur Foundation Radio Licence,Available,N
M,6,KNK,M6KNK,Call Sign,Amateur Foundation Radio Licence,Available,N
M,6,KNL,M6KNL,Call Sign,Amateur Foundation Radio Licence,Available,N
M,6,KNM,M6KNM,Call Sign,Amateur Foundation Radio Licence,Available,N
M,6,KNN,M6KNN,Call Sign,Amateur Foundation Radio Licence,Available,N
M,6,KNP,M6KNP,Call Sign,Amateur Foundation Radio Licence,Available,N
M,6,KNQ,M6KNQ,Call Sign,Amateur Foundation Radio Licence,Available,N
M,6,KNR,M6KNR,Call Sign,Amateur Foundation Radio Licence,Available,N
M,6,KNS,M6KNS,Call Sign,Amateur Foundation Radio Licence,Available,N
M,6,KNV,M6KNV,Call Sign,Amateur Foundation Radio Licence,Available,N
M,6,KNY,M6KNY,Call Sign,Amateur Foundation Radio Licence,Available,N
M,6,KOD,M6KOD,Call Sign,Amateur Foundation Radio Licence,Available,N
M,6,KOE,M6KOE,Call Sign,Amateur Foundation Radio Licence,Available,N
M,6,KOH,M6KOH,Call Sign,Amateur Foundation Radio Licence,Available,N
M,6,KOJ,M6KOJ,Call Sign,Amateur Foundation Radio Licence,Available,N
M,6,KOO,M6KOO,Call Sign,Amateur Foundation Radio Licence,Available,N
M,6,KOQ,M6KOQ,Call Sign,Amateur Foundation Radio Licence,Available,N
M,6,KOU,M6KOU,Call Sign,Amateur Foundation Radio Licence,Available,N
M,6,KOV,M6KOV,Call Sign,Amateur Foundation Radio Licence,Available,N
M,6,KOW,M6KOW,Call Sign,Amateur Foundation Radio Licence,Available,N
M,6,KOX,M6KOX,Call Sign,Amateur Foundation Radio Licence,Available,N
M,6,KOY,M6KOY,Call Sign,Amateur Foundation Radio Licence,Available,N
M,6,KOZ,M6KOZ,Call Sign,Amateur Foundation Radio Licence,Available,N
M,6,KPE,M6KPE,Call Sign,Amateur Foundation Radio Licence,Available,N
M,6,KPI,M6KPI,Call Sign,Amateur Foundation Radio Licence,Available,N
M,6,KPJ,M6KPJ,Call Sign,Amateur Foundation Radio Licence,Available,N
M,6,KPP,M6KPP,Call Sign,Amateur Foundation Radio Licence,Available,N
M,6,KPQ,M6KPQ,Call Sign,Amateur Foundation Radio Licence,Available,N
M,6,KPR,M6KPR,Call Sign,Amateur Foundation Radio Licence,Available,N
M,6,KPU,M6KPU,Call Sign,Amateur Foundation Radio Licence,Available,N
M,6,KPV,M6KPV,Call Sign,Amateur Foundation Radio Licence,Available,N
M,6,KPW,M6KPW,Call Sign,Amateur Foundation Radio Licence,Available,N
M,6,KPX,M6KPX,Call Sign,Amateur Foundation Radio Licence,Available,N
M,6,KPY,M6KPY,Call Sign,Amateur Foundation Radio Licence,Available,N
M,6,KPZ,M6KPZ,Call Sign,Amateur Foundation Radio Licence,Available,N
M,6,KQA,M6KQA,Call Sign,Amateur Foundation Radio Licence,Available,N
M,6,KQB,M6KQB,Call Sign,Amateur Foundation Radio Licence,Available,N
M,6,KQC,M6KQC,Call Sign,Amateur Foundation Radio Licence,Available,N
M,6,KQD,M6KQD,Call Sign,Amateur Foundation Radio Licence,Available,N
M,6,KQE,M6KQE,Call Sign,Amateur Foundation Radio Licence,Available,N
M,6,KQF,M6KQF,Call Sign,Amateur Foundation Radio Licence,Available,N
M,6,KQG,M6KQG,Call Sign,Amateur Foundation Radio Licence,Available,N
M,6,KQH,M6KQH,Call Sign,Amateur Foundation Radio Licence,Available,N
M,6,KQI,M6KQI,Call Sign,Amateur Foundation Radio Licence,Available,N
M,6,KQK,M6KQK,Call Sign,Amateur Foundation Radio Licence,Available,N
M,6,KQL,M6KQL,Call Sign,Amateur Foundation Radio Licence,Available,N
M,6,KQM,M6KQM,Call Sign,Amateur Foundation Radio Licence,Available,N
M,6,KQN,M6KQN,Call Sign,Amateur Foundation Radio Licence,Available,N
M,6,KQO,M6KQO,Call Sign,Amateur Foundation Radio Licence,Available,N
M,6,KQP,M6KQP,Call Sign,Amateur Foundation Radio Licence,Available,N
M,6,KQQ,M6KQQ,Call Sign,Amateur Foundation Radio Licence,Available,N
M,6,KQR,M6KQR,Call Sign,Amateur Foundation Radio Licence,Available,N
M,6,KQS,M6KQS,Call Sign,Amateur Foundation Radio Licence,Available,N
M,6,KQT,M6KQT,Call Sign,Amateur Foundation Radio Licence,Available,N
M,6,KQU,M6KQU,Call Sign,Amateur Foundation Radio Licence,Available,N
M,6,KQV,M6KQV,Call Sign,Amateur Foundation Radio Licence,Available,N
M,6,KQW,M6KQW,Call Sign,Amateur Foundation Radio Licence,Available,N
M,6,KQX,M6KQX,Call Sign,Amateur Foundation Radio Licence,Available,N
M,6,KQY,M6KQY,Call Sign,Amateur Foundation Radio Licence,Available,N
M,6,KQZ,M6KQZ,Call Sign,Amateur Foundation Radio Licence,Available,N
M,6,KRC,M6KRC,Call Sign,Amateur Foundation Radio Licence,Available,N
M,6,KRE,M6KRE,Call Sign,Amateur Foundation Radio Licence,Available,N
M,6,KRQ,M6KRQ,Call Sign,Amateur Foundation Radio Licence,Available,N
M,6,KRY,M6KRY,Call Sign,Amateur Foundation Radio Licence,Available,N
M,6,KRZ,M6KRZ,Call Sign,Amateur Foundation Radio Licence,Available,N
M,6,KSE,M6KSE,Call Sign,Amateur Foundation Radio Licence,Available,N
M,6,KSF,M6KSF,Call Sign,Amateur Foundation Radio Licence,Available,N
M,6,KSI,M6KSI,Call Sign,Amateur Foundation Radio Licence,Available,N
M,6,KSO,M6KSO,Call Sign,Amateur Foundation Radio Licence,Available,N
M,6,KSQ,M6KSQ,Call Sign,Amateur Foundation Radio Licence,Available,N
M,6,KSU,M6KSU,Call Sign,Amateur Foundation Radio Licence,Available,N
M,6,KSX,M6KSX,Call Sign,Amateur Foundation Radio Licence,Available,N
M,6,KSY,M6KSY,Call Sign,Amateur Foundation Radio Licence,Available,N
M,6,KSZ,M6KSZ,Call Sign,Amateur Foundation Radio Licence,Available,N
M,6,KTB,M6KTB,Call Sign,Amateur Foundation Radio Licence,Available,N
M,6,KTD,M6KTD,Call Sign,Amateur Foundation Radio Licence,Available,N
M,6,KTF,M6KTF,Call Sign,Amateur Foundation Radio Licence,Available,N
M,6,KTK,M6KTK,Call Sign,Amateur Foundation Radio Licence,Available,N
M,6,KTP,M6KTP,Call Sign,Amateur Foundation Radio Licence,Available,N
M,6,KTQ,M6KTQ,Call Sign,Amateur Foundation Radio Licence,Available,N
M,6,KTU,M6KTU,Call Sign,Amateur Foundation Radio Licence,Available,N
M,6,KTV,M6KTV,Call Sign,Amateur Foundation Radio Licence,Available,N
M,6,KTW,M6KTW,Call Sign,Amateur Foundation Radio Licence,Available,N
M,6,KUA,M6KUA,Call Sign,Amateur Foundation Radio Licence,Available,N
M,6,KUB,M6KUB,Call Sign,Amateur Foundation Radio Licence,Available,N
M,6,KUC,M6KUC,Call Sign,Amateur Foundation Radio Licence,Available,N
M,6,KUE,M6KUE,Call Sign,Amateur Foundation Radio Licence,Available,N
M,6,KUF,M6KUF,Call Sign,Amateur Foundation Radio Licence,Available,N
M,6,KUG,M6KUG,Call Sign,Amateur Foundation Radio Licence,Available,N
M,6,KUI,M6KUI,Call Sign,Amateur Foundation Radio Licence,Available,N
M,6,KUJ,M6KUJ,Call Sign,Amateur Foundation Radio Licence,Available,N
M,6,KUK,M6KUK,Call Sign,Amateur Foundation Radio Licence,Available,N
M,6,KUL,M6KUL,Call Sign,Amateur Foundation Radio Licence,Available,N
M,6,KUM,M6KUM,Call Sign,Amateur Foundation Radio Licence,Available,N
M,6,KUN,M6KUN,Call Sign,Amateur Foundation Radio Licence,Available,N
M,6,KUO,M6KUO,Call Sign,Amateur Foundation Radio Licence,Available,N
M,6,KUP,M6KUP,Call Sign,Amateur Foundation Radio Licence,Available,N
M,6,KUQ,M6KUQ,Call Sign,Amateur Foundation Radio Licence,Available,N
M,6,KUR,M6KUR,Call Sign,Amateur Foundation Radio Licence,Available,N
M,6,KUU,M6KUU,Call Sign,Amateur Foundation Radio Licence,Available,N
M,6,KUV,M6KUV,Call Sign,Amateur Foundation Radio Licence,Available,N
M,6,KUW,M6KUW,Call Sign,Amateur Foundation Radio Licence,Available,N
M,6,KUX,M6KUX,Call Sign,Amateur Foundation Radio Licence,Available,N
M,6,KUY,M6KUY,Call Sign,Amateur Foundation Radio Licence,Available,N
M,6,KUZ,M6KUZ,Call Sign,Amateur Foundation Radio Licence,Available,N
M,6,KVA,M6KVA,Call Sign,Amateur Foundation Radio Licence,Available,N
M,6,KVE,M6KVE,Call Sign,Amateur Foundation Radio Licence,Available,N
M,6,KVH,M6KVH,Call Sign,Amateur Foundation Radio Licence,Available,N
M,6,KVK,M6KVK,Call Sign,Amateur Foundation Radio Licence,Available,N
M,6,KVP,M6KVP,Call Sign,Amateur Foundation Radio Licence,Available,N
M,6,KVQ,M6KVQ,Call Sign,Amateur Foundation Radio Licence,Available,N
M,6,KVS,M6KVS,Call Sign,Amateur Foundation Radio Licence,Available,N
M,6,KVU,M6KVU,Call Sign,Amateur Foundation Radio Licence,Available,N
M,6,KVV,M6KVV,Call Sign,Amateur Foundation Radio Licence,Available,N
M,6,KVW,M6KVW,Call Sign,Amateur Foundation Radio Licence,Available,N
M,6,KVX,M6KVX,Call Sign,Amateur Foundation Radio Licence,Available,N
M,6,KVY,M6KVY,Call Sign,Amateur Foundation Radio Licence,Available,N
M,6,KVZ,M6KVZ,Call Sign,Amateur Foundation Radio Licence,Available,N
M,6,KWC,M6KWC,Call Sign,Amateur Foundation Radio Licence,Available,N
M,6,KWJ,M6KWJ,Call Sign,Amateur Foundation Radio Licence,Available,N
M,6,KWO,M6KWO,Call Sign,Amateur Foundation Radio Licence,Available,N
M,6,KWQ,M6KWQ,Call Sign,Amateur Foundation Radio Licence,Available,N
M,6,KWU,M6KWU,Call Sign,Amateur Foundation Radio Licence,Available,N
M,6,KWV,M6KWV,Call Sign,Amateur Foundation Radio Licence,Available,N
M,6,KWX,M6KWX,Call Sign,Amateur Foundation Radio Licence,Available,N
M,6,KWY,M6KWY,Call Sign,Amateur Foundation Radio Licence,Available,N
M,6,KWZ,M6KWZ,Call Sign,Amateur Foundation Radio Licence,Available,N
M,6,KXA,M6KXA,Call Sign,Amateur Foundation Radio Licence,Available,N
M,6,KXB,M6KXB,Call Sign,Amateur Foundation Radio Licence,Available,N
M,6,KXC,M6KXC,Call Sign,Amateur Foundation Radio Licence,Available,N
M,6,KXD,M6KXD,Call Sign,Amateur Foundation Radio Licence,Available,N
M,6,KXE,M6KXE,Call Sign,Amateur Foundation Radio Licence,Available,N
M,6,KXF,M6KXF,Call Sign,Amateur Foundation Radio Licence,Available,N
M,6,KXG,M6KXG,Call Sign,Amateur Foundation Radio Licence,Available,N
M,6,KXH,M6KXH,Call Sign,Amateur Foundation Radio Licence,Available,N
M,6,KXI,M6KXI,Call Sign,Amateur Foundation Radio Licence,Available,N
M,6,KXJ,M6KXJ,Call Sign,Amateur Foundation Radio Licence,Available,N
M,6,KXK,M6KXK,Call Sign,Amateur Foundation Radio Licence,Available,N
M,6,KXL,M6KXL,Call Sign,Amateur Foundation Radio Licence,Available,N
M,6,KXM,M6KXM,Call Sign,Amateur Foundation Radio Licence,Available,N
M,6,KXN,M6KXN,Call Sign,Amateur Foundation Radio Licence,Available,N
M,6,KXO,M6KXO,Call Sign,Amateur Foundation Radio Licence,Available,N
M,6,KXP,M6KXP,Call Sign,Amateur Foundation Radio Licence,Available,N
M,6,KXR,M6KXR,Call Sign,Amateur Foundation Radio Licence,Available,N
M,6,KXU,M6KXU,Call Sign,Amateur Foundation Radio Licence,Available,N
M,6,KXV,M6KXV,Call Sign,Amateur Foundation Radio Licence,Available,N
M,6,KXW,M6KXW,Call Sign,Amateur Foundation Radio Licence,Available,N
M,6,KXX,M6KXX,Call Sign,Amateur Foundation Radio Licence,Available,N
M,6,KXY,M6KXY,Call Sign,Amateur Foundation Radio Licence,Available,N
M,6,KYB,M6KYB,Call Sign,Amateur Foundation Radio Licence,Available,N
M,6,KYC,M6KYC,Call Sign,Amateur Foundation Radio Licence,Available,N
M,6,KYD,M6KYD,Call Sign,Amateur Foundation Radio Licence,Available,N
M,6,KYF,M6KYF,Call Sign,Amateur Foundation Radio Licence,Available,N
M,6,KYG,M6KYG,Call Sign,Amateur Foundation Radio Licence,Available,N
M,6,KYI,M6KYI,Call Sign,Amateur Foundation Radio Licence,Available,N
M,6,KYJ,M6KYJ,Call Sign,Amateur Foundation Radio Licence,Available,N
M,6,KYM,M6KYM,Call Sign,Amateur Foundation Radio Licence,Available,N
M,6,KYP,M6KYP,Call Sign,Amateur Foundation Radio Licence,Available,N
M,6,KYQ,M6KYQ,Call Sign,Amateur Foundation Radio Licence,Available,N
M,6,KYR,M6KYR,Call Sign,Amateur Foundation Radio Licence,Available,N
M,6,KYS,M6KYS,Call Sign,Amateur Foundation Radio Licence,Available,N
M,6,KYU,M6KYU,Call Sign,Amateur Foundation Radio Licence,Available,N
M,6,KYV,M6KYV,Call Sign,Amateur Foundation Radio Licence,Available,N
M,6,KYW,M6KYW,Call Sign,Amateur Foundation Radio Licence,Available,N
M,6,KYX,M6KYX,Call Sign,Amateur Foundation Radio Licence,Available,N
M,6,KYY,M6KYY,Call Sign,Amateur Foundation Radio Licence,Available,N
M,6,KYZ,M6KYZ,Call Sign,Amateur Foundation Radio Licence,Available,N
M,6,KZB,M6KZB,Call Sign,Amateur Foundation Radio Licence,Available,N
M,6,KZC,M6KZC,Call Sign,Amateur Foundation Radio Licence,Available,N
M,6,KZD,M6KZD,Call Sign,Amateur Foundation Radio Licence,Available,N
M,6,KZF,M6KZF,Call Sign,Amateur Foundation Radio Licence,Available,N
M,6,KZG,M6KZG,Call Sign,Amateur Foundation Radio Licence,Available,N
M,6,KZH,M6KZH,Call Sign,Amateur Foundation Radio Licence,Available,N
M,6,KZI,M6KZI,Call Sign,Amateur Foundation Radio Licence,Available,N
M,6,KZJ,M6KZJ,Call Sign,Amateur Foundation Radio Licence,Available,N
M,6,KZK,M6KZK,Call Sign,Amateur Foundation Radio Licence,Available,N
M,6,KZL,M6KZL,Call Sign,Amateur Foundation Radio Licence,Available,N
M,6,KZM,M6KZM,Call Sign,Amateur Foundation Radio Licence,Available,N
M,6,KZN,M6KZN,Call Sign,Amateur Foundation Radio Licence,Available,N
M,6,KZO,M6KZO,Call Sign,Amateur Foundation Radio Licence,Available,N
M,6,KZP,M6KZP,Call Sign,Amateur Foundation Radio Licence,Available,N
M,6,KZQ,M6KZQ,Call Sign,Amateur Foundation Radio Licence,Available,N
M,6,KZS,M6KZS,Call Sign,Amateur Foundation Radio Licence,Available,N
M,6,KZU,M6KZU,Call Sign,Amateur Foundation Radio Licence,Available,N
M,6,KZV,M6KZV,Call Sign,Amateur Foundation Radio Licence,Available,N
M,6,KZW,M6KZW,Call Sign,Amateur Foundation Radio Licence,Available,N
M,6,KZX,M6KZX,Call Sign,Amateur Foundation Radio Licence,Available,N
M,6,KZY,M6KZY,Call Sign,Amateur Foundation Radio Licence,Available,N
M,6,KZZ,M6KZZ,Call Sign,Amateur Foundation Radio Licence,Available,N
M,6,LFI,M6LFI,Call Sign,Amateur Foundation Radio Licence,Available,N
M,6,LFJ,M6LFJ,Call Sign,Amateur Foundation Radio Licence,Available,N
M,6,LFL,M6LFL,Call Sign,Amateur Foundation Radio Licence,Available,N
M,6,LFM,M6LFM,Call Sign,Amateur Foundation Radio Licence,Available,N
M,6,LFN,M6LFN,Call Sign,Amateur Foundation Radio Licence,Available,N
M,6,LFP,M6LFP,Call Sign,Amateur Foundation Radio Licence,Available,N
M,6,LFQ,M6LFQ,Call Sign,Amateur Foundation Radio Licence,Available,N
M,6,LFR,M6LFR,Call Sign,Amateur Foundation Radio Licence,Available,N
M,6,LFS,M6LFS,Call Sign,Amateur Foundation Radio Licence,Available,N
M,6,LFT,M6LFT,Call Sign,Amateur Foundation Radio Licence,Available,N
M,6,LFU,M6LFU,Call Sign,Amateur Foundation Radio Licence,Available,N
M,6,LFV,M6LFV,Call Sign,Amateur Foundation Radio Licence,Available,N
M,6,LFX,M6LFX,Call Sign,Amateur Foundation Radio Licence,Available,N
M,6,LFY,M6LFY,Call Sign,Amateur Foundation Radio Licence,Available,N
M,6,LFZ,M6LFZ,Call Sign,Amateur Foundation Radio Licence,Available,N
M,6,LGD,M6LGD,Call Sign,Amateur Foundation Radio Licence,Available,N
M,6,LGF,M6LGF,Call Sign,Amateur Foundation Radio Licence,Available,N
M,6,LGG,M6LGG,Call Sign,Amateur Foundation Radio Licence,Available,N
M,6,LGI,M6LGI,Call Sign,Amateur Foundation Radio Licence,Available,N
M,6,LGJ,M6LGJ,Call Sign,Amateur Foundation Radio Licence,Available,N
M,6,LGK,M6LGK,Call Sign,Amateur Foundation Radio Licence,Available,N
M,6,LGO,M6LGO,Call Sign,Amateur Foundation Radio Licence,Available,N
M,6,LGQ,M6LGQ,Call Sign,Amateur Foundation Radio Licence,Available,N
M,6,LGU,M6LGU,Call Sign,Amateur Foundation Radio Licence,Available,N
M,6,LHE,M6LHE,Call Sign,Amateur Foundation Radio Licence,Available,N
M,6,LHF,M6LHF,Call Sign,Amateur Foundation Radio Licence,Available,N
M,6,LHH,M6LHH,Call Sign,Amateur Foundation Radio Licence,Available,N
M,6,LHI,M6LHI,Call Sign,Amateur Foundation Radio Licence,Available,N
M,6,LHJ,M6LHJ,Call Sign,Amateur Foundation Radio Licence,Available,N
M,6,LHK,M6LHK,Call Sign,Amateur Foundation Radio Licence,Available,N
M,6,LHL,M6LHL,Call Sign,Amateur Foundation Radio Licence,Available,N
M,6,LHN,M6LHN,Call Sign,Amateur Foundation Radio Licence,Available,N
M,6,LHQ,M6LHQ,Call Sign,Amateur Foundation Radio Licence,Available,N
M,6,LHU,M6LHU,Call Sign,Amateur Foundation Radio Licence,Available,N
M,6,LHX,M6LHX,Call Sign,Amateur Foundation Radio Licence,Available,N
M,6,LHY,M6LHY,Call Sign,Amateur Foundation Radio Licence,Available,N
M,6,LHZ,M6LHZ,Call Sign,Amateur Foundation Radio Licence,Available,N
M,6,LIF,M6LIF,Call Sign,Amateur Foundation Radio Licence,Available,N
M,6,LIG,M6LIG,Call Sign,Amateur Foundation Radio Licence,Available,N
M,6,LII,M6LII,Call Sign,Amateur Foundation Radio Licence,Available,N
M,6,LIJ,M6LIJ,Call Sign,Amateur Foundation Radio Licence,Available,N
M,6,LIQ,M6LIQ,Call Sign,Amateur Foundation Radio Licence,Available,N
M,6,LIR,M6LIR,Call Sign,Amateur Foundation Radio Licence,Available,N
M,6,LIU,M6LIU,Call Sign,Amateur Foundation Radio Licence,Available,N
M,6,LIY,M6LIY,Call Sign,Amateur Foundation Radio Licence,Available,N
M,6,LJF,M6LJF,Call Sign,Amateur Foundation Radio Licence,Available,N
M,6,LJI,M6LJI,Call Sign,Amateur Foundation Radio Licence,Available,N
M,6,LJL,M6LJL,Call Sign,Amateur Foundation Radio Licence,Available,N
M,6,LJN,M6LJN,Call Sign,Amateur Foundation Radio Licence,Available,N
M,6,LJU,M6LJU,Call Sign,Amateur Foundation Radio Licence,Available,N
M,6,LJV,M6LJV,Call Sign,Amateur Foundation Radio Licence,Available,N
M,6,LJX,M6LJX,Call Sign,Amateur Foundation Radio Licence,Available,N
M,6,LJY,M6LJY,Call Sign,Amateur Foundation Radio Licence,Available,N
M,6,LJZ,M6LJZ,Call Sign,Amateur Foundation Radio Licence,Available,N
M,6,LKD,M6LKD,Call Sign,Amateur Foundation Radio Licence,Available,N
M,6,LKE,M6LKE,Call Sign,Amateur Foundation Radio Licence,Available,N
M,6,LKJ,M6LKJ,Call Sign,Amateur Foundation Radio Licence,Available,N
M,6,LKK,M6LKK,Call Sign,Amateur Foundation Radio Licence,Available,N
M,6,LKL,M6LKL,Call Sign,Amateur Foundation Radio Licence,Available,N
M,6,LKN,M6LKN,Call Sign,Amateur Foundation Radio Licence,Available,N
M,6,LKO,M6LKO,Call Sign,Amateur Foundation Radio Licence,Available,N
M,6,LKP,M6LKP,Call Sign,Amateur Foundation Radio Licence,Available,N
M,6,LKR,M6LKR,Call Sign,Amateur Foundation Radio Licence,Available,N
M,6,LKU,M6LKU,Call Sign,Amateur Foundation Radio Licence,Available,N
M,6,LKW,M6LKW,Call Sign,Amateur Foundation Radio Licence,Available,N
M,6,LKX,M6LKX,Call Sign,Amateur Foundation Radio Licence,Available,N
M,6,LKZ,M6LKZ,Call Sign,Amateur Foundation Radio Licence,Available,N
M,6,LLF,M6LLF,Call Sign,Amateur Foundation Radio Licence,Available,N
M,6,LLI,M6LLI,Call Sign,Amateur Foundation Radio Licence,Available,N
M,6,LLK,M6LLK,Call Sign,Amateur Foundation Radio Licence,Available,N
M,6,LLN,M6LLN,Call Sign,Amateur Foundation Radio Licence,Available,N
M,6,LLP,M6LLP,Call Sign,Amateur Foundation Radio Licence,Available,N
M,6,LLQ,M6LLQ,Call Sign,Amateur Foundation Radio Licence,Available,N
M,6,LLR,M6LLR,Call Sign,Amateur Foundation Radio Licence,Available,N
M,6,LLV,M6LLV,Call Sign,Amateur Foundation Radio Licence,Available,N
M,6,LLZ,M6LLZ,Call Sign,Amateur Foundation Radio Licence,Available,N
M,6,LME,M6LME,Call Sign,Amateur Foundation Radio Licence,Available,N
M,6,LMO,M6LMO,Call Sign,Amateur Foundation Radio Licence,Available,N
M,6,LMQ,M6LMQ,Call Sign,Amateur Foundation Radio Licence,Available,N
M,6,LMT,M6LMT,Call Sign,Amateur Foundation Radio Licence,Available,N
M,6,LMU,M6LMU,Call Sign,Amateur Foundation Radio Licence,Available,N
M,6,LMV,M6LMV,Call Sign,Amateur Foundation Radio Licence,Available,N
M,6,LMY,M6LMY,Call Sign,Amateur Foundation Radio Licence,Available,N
M,6,LNB,M6LNB,Call Sign,Amateur Foundation Radio Licence,Available,N
M,6,LNF,M6LNF,Call Sign,Amateur Foundation Radio Licence,Available,N
M,6,LNI,M6LNI,Call Sign,Amateur Foundation Radio Licence,Available,N
M,6,LNJ,M6LNJ,Call Sign,Amateur Foundation Radio Licence,Available,N
M,6,LNL,M6LNL,Call Sign,Amateur Foundation Radio Licence,Available,N
M,6,LNM,M6LNM,Call Sign,Amateur Foundation Radio Licence,Available,N
M,6,LNN,M6LNN,Call Sign,Amateur Foundation Radio Licence,Available,N
M,6,LNO,M6LNO,Call Sign,Amateur Foundation Radio Licence,Available,N
M,6,LNP,M6LNP,Call Sign,Amateur Foundation Radio Licence,Available,N
M,6,LNQ,M6LNQ,Call Sign,Amateur Foundation Radio Licence,Available,N
M,6,LNR,M6LNR,Call Sign,Amateur Foundation Radio Licence,Available,N
M,6,LNU,M6LNU,Call Sign,Amateur Foundation Radio Licence,Available,N
M,6,LNV,M6LNV,Call Sign,Amateur Foundation Radio Licence,Available,N
M,6,LNW,M6LNW,Call Sign,Amateur Foundation Radio Licence,Available,N
M,6,LNY,M6LNY,Call Sign,Amateur Foundation Radio Licence,Available,N
M,6,LOA,M6LOA,Call Sign,Amateur Foundation Radio Licence,Available,N
M,6,LOH,M6LOH,Call Sign,Amateur Foundation Radio Licence,Available,N
M,6,LOI,M6LOI,Call Sign,Amateur Foundation Radio Licence,Available,N
M,6,LOJ,M6LOJ,Call Sign,Amateur Foundation Radio Licence,Available,N
M,6,LOK,M6LOK,Call Sign,Amateur Foundation Radio Licence,Available,N
M,6,LOP,M6LOP,Call Sign,Amateur Foundation Radio Licence,Available,N
M,6,LOQ,M6LOQ,Call Sign,Amateur Foundation Radio Licence,Available,N
M,6,LOX,M6LOX,Call Sign,Amateur Foundation Radio Licence,Available,N
M,6,LOY,M6LOY,Call Sign,Amateur Foundation Radio Licence,Available,N
M,6,LPE,M6LPE,Call Sign,Amateur Foundation Radio Licence,Available,N
M,6,LPH,M6LPH,Call Sign,Amateur Foundation Radio Licence,Available,N
M,6,LPI,M6LPI,Call Sign,Amateur Foundation Radio Licence,Available,N
M,6,LPJ,M6LPJ,Call Sign,Amateur Foundation Radio Licence,Available,N
M,6,LPK,M6LPK,Call Sign,Amateur Foundation Radio Licence,Available,N
M,6,LPM,M6LPM,Call Sign,Amateur Foundation Radio Licence,Available,N
M,6,LPO,M6LPO,Call Sign,Amateur Foundation Radio Licence,Available,N
M,6,LPP,M6LPP,Call Sign,Amateur Foundation Radio Licence,Available,N
M,6,LPQ,M6LPQ,Call Sign,Amateur Foundation Radio Licence,Available,N
M,6,LPU,M6LPU,Call Sign,Amateur Foundation Radio Licence,Available,N
M,6,LPV,M6LPV,Call Sign,Amateur Foundation Radio Licence,Available,N
M,6,LPX,M6LPX,Call Sign,Amateur Foundation Radio Licence,Available,N
M,6,LPY,M6LPY,Call Sign,Amateur Foundation Radio Licence,Available,N
M,6,LPZ,M6LPZ,Call Sign,Amateur Foundation Radio Licence,Available,N
M,6,LQA,M6LQA,Call Sign,Amateur Foundation Radio Licence,Available,N
M,6,LQB,M6LQB,Call Sign,Amateur Foundation Radio Licence,Available,N
M,6,LQC,M6LQC,Call Sign,Amateur Foundation Radio Licence,Available,N
M,6,LQD,M6LQD,Call Sign,Amateur Foundation Radio Licence,Available,N
M,6,LQE,M6LQE,Call Sign,Amateur Foundation Radio Licence,Available,N
M,6,LQF,M6LQF,Call Sign,Amateur Foundation Radio Licence,Available,N
M,6,LQG,M6LQG,Call Sign,Amateur Foundation Radio Licence,Available,N
M,6,LQI,M6LQI,Call Sign,Amateur Foundation Radio Licence,Available,N
M,6,LQJ,M6LQJ,Call Sign,Amateur Foundation Radio Licence,Available,N
M,6,LQK,M6LQK,Call Sign,Amateur Foundation Radio Licence,Available,N
M,6,LQL,M6LQL,Call Sign,Amateur Foundation Radio Licence,Available,N
M,6,LQM,M6LQM,Call Sign,Amateur Foundation Radio Licence,Available,N
M,6,LQN,M6LQN,Call Sign,Amateur Foundation Radio Licence,Available,N
M,6,LQP,M6LQP,Call Sign,Amateur Foundation Radio Licence,Available,N
M,6,LQQ,M6LQQ,Call Sign,Amateur Foundation Radio Licence,Available,N
M,6,LQR,M6LQR,Call Sign,Amateur Foundation Radio Licence,Available,N
M,6,LQS,M6LQS,Call Sign,Amateur Foundation Radio Licence,Available,N
M,6,LQT,M6LQT,Call Sign,Amateur Foundation Radio Licence,Available,N
M,6,LQU,M6LQU,Call Sign,Amateur Foundation Radio Licence,Available,N
M,6,LQV,M6LQV,Call Sign,Amateur Foundation Radio Licence,Available,N
M,6,LQW,M6LQW,Call Sign,Amateur Foundation Radio Licence,Available,N
M,6,LQX,M6LQX,Call Sign,Amateur Foundation Radio Licence,Available,N
M,6,LQY,M6LQY,Call Sign,Amateur Foundation Radio Licence,Available,N
M,6,LQZ,M6LQZ,Call Sign,Amateur Foundation Radio Licence,Available,N
M,6,LRF,M6LRF,Call Sign,Amateur Foundation Radio Licence,Available,N
M,6,LRI,M6LRI,Call Sign,Amateur Foundation Radio Licence,Available,N
M,6,LRJ,M6LRJ,Call Sign,Amateur Foundation Radio Licence,Available,N
M,6,LRQ,M6LRQ,Call Sign,Amateur Foundation Radio Licence,Available,N
M,6,LRU,M6LRU,Call Sign,Amateur Foundation Radio Licence,Available,N
M,6,LRV,M6LRV,Call Sign,Amateur Foundation Radio Licence,Available,N
M,6,LRX,M6LRX,Call Sign,Amateur Foundation Radio Licence,Available,N
M,6,LRZ,M6LRZ,Call Sign,Amateur Foundation Radio Licence,Available,N
M,6,LSI,M6LSI,Call Sign,Amateur Foundation Radio Licence,Available,N
M,6,LSL,M6LSL,Call Sign,Amateur Foundation Radio Licence,Available,N
M,6,LSN,M6LSN,Call Sign,Amateur Foundation Radio Licence,Available,N
M,6,LSO,M6LSO,Call Sign,Amateur Foundation Radio Licence,Available,N
M,6,LSP,M6LSP,Call Sign,Amateur Foundation Radio Licence,Available,N
M,6,LSU,M6LSU,Call Sign,Amateur Foundation Radio Licence,Available,N
M,6,LSV,M6LSV,Call Sign,Amateur Foundation Radio Licence,Available,N
M,6,LSW,M6LSW,Call Sign,Amateur Foundation Radio Licence,Available,N
M,6,LSZ,M6LSZ,Call Sign,Amateur Foundation Radio Licence,Available,N
M,6,LTG,M6LTG,Call Sign,Amateur Foundation Radio Licence,Available,N
M,6,LTH,M6LTH,Call Sign,Amateur Foundation Radio Licence,Available,N
M,6,LTI,M6LTI,Call Sign,Amateur Foundation Radio Licence,Available,N
M,6,LTL,M6LTL,Call Sign,Amateur Foundation Radio Licence,Available,N
M,6,LTN,M6LTN,Call Sign,Amateur Foundation Radio Licence,Available,N
M,6,LTP,M6LTP,Call Sign,Amateur Foundation Radio Licence,Available,N
M,6,LTQ,M6LTQ,Call Sign,Amateur Foundation Radio Licence,Available,N
M,6,LTT,M6LTT,Call Sign,Amateur Foundation Radio Licence,Available,N
M,6,LTV,M6LTV,Call Sign,Amateur Foundation Radio Licence,Available,N
M,6,LTW,M6LTW,Call Sign,Amateur Foundation Radio Licence,Available,N
M,6,LTX,M6LTX,Call Sign,Amateur Foundation Radio Licence,Available,N
M,6,LTZ,M6LTZ,Call Sign,Amateur Foundation Radio Licence,Available,N
M,6,LUB,M6LUB,Call Sign,Amateur Foundation Radio Licence,Available,N
M,6,LUF,M6LUF,Call Sign,Amateur Foundation Radio Licence,Available,N
M,6,LUH,M6LUH,Call Sign,Amateur Foundation Radio Licence,Available,N
M,6,LUI,M6LUI,Call Sign,Amateur Foundation Radio Licence,Available,N
M,6,LUJ,M6LUJ,Call Sign,Amateur Foundation Radio Licence,Available,N
M,6,LUO,M6LUO,Call Sign,Amateur Foundation Radio Licence,Available,N
M,6,LUP,M6LUP,Call Sign,Amateur Foundation Radio Licence,Available,N
M,6,LUQ,M6LUQ,Call Sign,Amateur Foundation Radio Licence,Available,N
M,6,LUR,M6LUR,Call Sign,Amateur Foundation Radio Licence,Available,N
M,6,LUS,M6LUS,Call Sign,Amateur Foundation Radio Licence,Available,N
M,6,LUU,M6LUU,Call Sign,Amateur Foundation Radio Licence,Available,N
M,6,LUW,M6LUW,Call Sign,Amateur Foundation Radio Licence,Available,N
M,6,LUY,M6LUY,Call Sign,Amateur Foundation Radio Licence,Available,N
M,6,LUZ,M6LUZ,Call Sign,Amateur Foundation Radio Licence,Available,N
M,6,LVB,M6LVB,Call Sign,Amateur Foundation Radio Licence,Available,N
M,6,LVC,M6LVC,Call Sign,Amateur Foundation Radio Licence,Available,N
M,6,LVD,M6LVD,Call Sign,Amateur Foundation Radio Licence,Available,N
M,6,LVF,M6LVF,Call Sign,Amateur Foundation Radio Licence,Available,N
M,6,LVH,M6LVH,Call Sign,Amateur Foundation Radio Licence,Available,N
M,6,LVI,M6LVI,Call Sign,Amateur Foundation Radio Licence,Available,N
M,6,LVL,M6LVL,Call Sign,Amateur Foundation Radio Licence,Available,N
M,6,LVM,M6LVM,Call Sign,Amateur Foundation Radio Licence,Available,N
M,6,LVN,M6LVN,Call Sign,Amateur Foundation Radio Licence,Available,N
M,6,LVO,M6LVO,Call Sign,Amateur Foundation Radio Licence,Available,N
M,6,LVP,M6LVP,Call Sign,Amateur Foundation Radio Licence,Available,N
M,6,LVQ,M6LVQ,Call Sign,Amateur Foundation Radio Licence,Available,N
M,6,LVR,M6LVR,Call Sign,Amateur Foundation Radio Licence,Available,N
M,6,LVS,M6LVS,Call Sign,Amateur Foundation Radio Licence,Available,N
M,6,LVT,M6LVT,Call Sign,Amateur Foundation Radio Licence,Available,N
M,6,LVU,M6LVU,Call Sign,Amateur Foundation Radio Licence,Available,N
M,6,LVV,M6LVV,Call Sign,Amateur Foundation Radio Licence,Available,N
M,6,LVX,M6LVX,Call Sign,Amateur Foundation Radio Licence,Available,N
M,6,LVY,M6LVY,Call Sign,Amateur Foundation Radio Licence,Available,N
M,6,LVZ,M6LVZ,Call Sign,Amateur Foundation Radio Licence,Available,N
M,6,LWD,M6LWD,Call Sign,Amateur Foundation Radio Licence,Available,N
M,6,LWE,M6LWE,Call Sign,Amateur Foundation Radio Licence,Available,N
M,6,LWG,M6LWG,Call Sign,Amateur Foundation Radio Licence,Available,N
M,6,LWI,M6LWI,Call Sign,Amateur Foundation Radio Licence,Available,N
M,6,LWK,M6LWK,Call Sign,Amateur Foundation Radio Licence,Available,N
M,6,LWL,M6LWL,Call Sign,Amateur Foundation Radio Licence,Available,N
M,6,LWM,M6LWM,Call Sign,Amateur Foundation Radio Licence,Available,N
M,6,LWN,M6LWN,Call Sign,Amateur Foundation Radio Licence,Available,N
M,6,LWO,M6LWO,Call Sign,Amateur Foundation Radio Licence,Available,N
M,6,LWP,M6LWP,Call Sign,Amateur Foundation Radio Licence,Available,N
M,6,LWQ,M6LWQ,Call Sign,Amateur Foundation Radio Licence,Available,N
M,6,LWU,M6LWU,Call Sign,Amateur Foundation Radio Licence,Available,N
M,6,LWV,M6LWV,Call Sign,Amateur Foundation Radio Licence,Available,N
M,6,LWX,M6LWX,Call Sign,Amateur Foundation Radio Licence,Available,N
M,6,LWY,M6LWY,Call Sign,Amateur Foundation Radio Licence,Available,N
M,6,LWZ,M6LWZ,Call Sign,Amateur Foundation Radio Licence,Available,N
M,6,LXF,M6LXF,Call Sign,Amateur Foundation Radio Licence,Available,N
M,6,LXG,M6LXG,Call Sign,Amateur Foundation Radio Licence,Available,N
M,6,LXI,M6LXI,Call Sign,Amateur Foundation Radio Licence,Available,N
M,6,LXJ,M6LXJ,Call Sign,Amateur Foundation Radio Licence,Available,N
M,6,LXK,M6LXK,Call Sign,Amateur Foundation Radio Licence,Available,N
M,6,LXL,M6LXL,Call Sign,Amateur Foundation Radio Licence,Available,N
M,6,LXM,M6LXM,Call Sign,Amateur Foundation Radio Licence,Available,N
M,6,LXN,M6LXN,Call Sign,Amateur Foundation Radio Licence,Available,N
M,6,LXO,M6LXO,Call Sign,Amateur Foundation Radio Licence,Available,N
M,6,LXP,M6LXP,Call Sign,Amateur Foundation Radio Licence,Available,N
M,6,LXQ,M6LXQ,Call Sign,Amateur Foundation Radio Licence,Available,N
M,6,LXS,M6LXS,Call Sign,Amateur Foundation Radio Licence,Available,N
M,6,LXT,M6LXT,Call Sign,Amateur Foundation Radio Licence,Available,N
M,6,LXU,M6LXU,Call Sign,Amateur Foundation Radio Licence,Available,N
M,6,LXV,M6LXV,Call Sign,Amateur Foundation Radio Licence,Available,N
M,6,LXW,M6LXW,Call Sign,Amateur Foundation Radio Licence,Available,N
M,6,LYB,M6LYB,Call Sign,Amateur Foundation Radio Licence,Available,N
M,6,LYC,M6LYC,Call Sign,Amateur Foundation Radio Licence,Available,N
M,6,LYE,M6LYE,Call Sign,Amateur Foundation Radio Licence,Available,N
M,6,LYF,M6LYF,Call Sign,Amateur Foundation Radio Licence,Available,N
M,6,LYG,M6LYG,Call Sign,Amateur Foundation Radio Licence,Available,N
M,6,LYH,M6LYH,Call Sign,Amateur Foundation Radio Licence,Available,N
M,6,LYI,M6LYI,Call Sign,Amateur Foundation Radio Licence,Available,N
M,6,LYJ,M6LYJ,Call Sign,Amateur Foundation Radio Licence,Available,N
M,6,LYK,M6LYK,Call Sign,Amateur Foundation Radio Licence,Available,N
M,6,LYQ,M6LYQ,Call Sign,Amateur Foundation Radio Licence,Available,N
M,6,LYU,M6LYU,Call Sign,Amateur Foundation Radio Licence,Available,N
M,6,LYV,M6LYV,Call Sign,Amateur Foundation Radio Licence,Available,N
M,6,LYY,M6LYY,Call Sign,Amateur Foundation Radio Licence,Available,N
M,6,LYZ,M6LYZ,Call Sign,Amateur Foundation Radio Licence,Available,N
M,6,LZA,M6LZA,Call Sign,Amateur Foundation Radio Licence,Available,N
M,6,LZB,M6LZB,Call Sign,Amateur Foundation Radio Licence,Available,N
M,6,LZC,M6LZC,Call Sign,Amateur Foundation Radio Licence,Available,N
M,6,LZD,M6LZD,Call Sign,Amateur Foundation Radio Licence,Available,N
M,6,LZF,M6LZF,Call Sign,Amateur Foundation Radio Licence,Available,N
M,6,LZG,M6LZG,Call Sign,Amateur Foundation Radio Licence,Available,N
M,6,LZH,M6LZH,Call Sign,Amateur Foundation Radio Licence,Available,N
M,6,LZI,M6LZI,Call Sign,Amateur Foundation Radio Licence,Available,N
M,6,LZJ,M6LZJ,Call Sign,Amateur Foundation Radio Licence,Available,N
M,6,LZK,M6LZK,Call Sign,Amateur Foundation Radio Licence,Available,N
M,6,LZL,M6LZL,Call Sign,Amateur Foundation Radio Licence,Available,N
M,6,LZM,M6LZM,Call Sign,Amateur Foundation Radio Licence,Available,N
M,6,LZN,M6LZN,Call Sign,Amateur Foundation Radio Licence,Available,N
M,6,LZO,M6LZO,Call Sign,Amateur Foundation Radio Licence,Available,N
M,6,LZQ,M6LZQ,Call Sign,Amateur Foundation Radio Licence,Available,N
M,6,LZR,M6LZR,Call Sign,Amateur Foundation Radio Licence,Available,N
M,6,LZS,M6LZS,Call Sign,Amateur Foundation Radio Licence,Available,N
M,6,LZT,M6LZT,Call Sign,Amateur Foundation Radio Licence,Available,N
M,6,LZU,M6LZU,Call Sign,Amateur Foundation Radio Licence,Available,N
M,6,LZV,M6LZV,Call Sign,Amateur Foundation Radio Licence,Available,N
M,6,LZW,M6LZW,Call Sign,Amateur Foundation Radio Licence,Available,N
M,6,LZZ,M6LZZ,Call Sign,Amateur Foundation Radio Licence,Available,N
M,6,MNU,M6MNU,Call Sign,Amateur Foundation Radio Licence,Available,N
M,6,MNV,M6MNV,Call Sign,Amateur Foundation Radio Licence,Available,N
M,6,MNW,M6MNW,Call Sign,Amateur Foundation Radio Licence,Available,N
M,6,MNY,M6MNY,Call Sign,Amateur Foundation Radio Licence,Available,N
M,6,MNZ,M6MNZ,Call Sign,Amateur Foundation Radio Licence,Available,N
M,6,MOI,M6MOI,Call Sign,Amateur Foundation Radio Licence,Available,N
M,6,MOQ,M6MOQ,Call Sign,Amateur Foundation Radio Licence,Available,N
M,6,MOY,M6MOY,Call Sign,Amateur Foundation Radio Licence,Available,N
M,6,MPA,M6MPA,Call Sign,Amateur Foundation Radio Licence,Available,N
M,6,MPD,M6MPD,Call Sign,Amateur Foundation Radio Licence,Available,N
M,6,MPF,M6MPF,Call Sign,Amateur Foundation Radio Licence,Available,N
M,6,MPN,M6MPN,Call Sign,Amateur Foundation Radio Licence,Available,N
M,6,MPO,M6MPO,Call Sign,Amateur Foundation Radio Licence,Available,N
M,6,MPQ,M6MPQ,Call Sign,Amateur Foundation Radio Licence,Available,N
M,6,MPR,M6MPR,Call Sign,Amateur Foundation Radio Licence,Available,N
M,6,MPU,M6MPU,Call Sign,Amateur Foundation Radio Licence,Available,N
M,6,MPZ,M6MPZ,Call Sign,Amateur Foundation Radio Licence,Available,N
M,6,MQA,M6MQA,Call Sign,Amateur Foundation Radio Licence,Available,N
M,6,MQB,M6MQB,Call Sign,Amateur Foundation Radio Licence,Available,N
M,6,MQC,M6MQC,Call Sign,Amateur Foundation Radio Licence,Available,N
M,6,MQD,M6MQD,Call Sign,Amateur Foundation Radio Licence,Available,N
M,6,MQE,M6MQE,Call Sign,Amateur Foundation Radio Licence,Available,N
M,6,MQF,M6MQF,Call Sign,Amateur Foundation Radio Licence,Available,N
M,6,MQG,M6MQG,Call Sign,Amateur Foundation Radio Licence,Available,N
M,6,MQH,M6MQH,Call Sign,Amateur Foundation Radio Licence,Available,N
M,6,MQI,M6MQI,Call Sign,Amateur Foundation Radio Licence,Available,N
M,6,MQJ,M6MQJ,Call Sign,Amateur Foundation Radio Licence,Available,N
M,6,MQK,M6MQK,Call Sign,Amateur Foundation Radio Licence,Available,N
M,6,MQL,M6MQL,Call Sign,Amateur Foundation Radio Licence,Available,N
M,6,MQM,M6MQM,Call Sign,Amateur Foundation Radio Licence,Available,N
M,6,MQN,M6MQN,Call Sign,Amateur Foundation Radio Licence,Available,N
M,6,MQO,M6MQO,Call Sign,Amateur Foundation Radio Licence,Available,N
M,6,MQP,M6MQP,Call Sign,Amateur Foundation Radio Licence,Available,N
M,6,MQQ,M6MQQ,Call Sign,Amateur Foundation Radio Licence,Available,N
M,6,MQR,M6MQR,Call Sign,Amateur Foundation Radio Licence,Available,N
M,6,MQS,M6MQS,Call Sign,Amateur Foundation Radio Licence,Available,N
M,6,MQU,M6MQU,Call Sign,Amateur Foundation Radio Licence,Available,N
M,6,MQV,M6MQV,Call Sign,Amateur Foundation Radio Licence,Available,N
M,6,MQW,M6MQW,Call Sign,Amateur Foundation Radio Licence,Available,N
M,6,MQY,M6MQY,Call Sign,Amateur Foundation Radio Licence,Available,N
M,6,MQZ,M6MQZ,Call Sign,Amateur Foundation Radio Licence,Available,N
M,6,MSQ,M6MSQ,Call Sign,Amateur Foundation Radio Licence,Available,N
M,6,MSV,M6MSV,Call Sign,Amateur Foundation Radio Licence,Available,N
M,6,MTE,M6MTE,Call Sign,Amateur Foundation Radio Licence,Available,N
M,6,MTI,M6MTI,Call Sign,Amateur Foundation Radio Licence,Available,N
M,6,MTQ,M6MTQ,Call Sign,Amateur Foundation Radio Licence,Available,N
M,6,MTZ,M6MTZ,Call Sign,Amateur Foundation Radio Licence,Available,N
M,6,MUA,M6MUA,Call Sign,Amateur Foundation Radio Licence,Available,N
M,6,MUE,M6MUE,Call Sign,Amateur Foundation Radio Licence,Available,N
M,6,MUH,M6MUH,Call Sign,Amateur Foundation Radio Licence,Available,N
M,6,MUI,M6MUI,Call Sign,Amateur Foundation Radio Licence,Available,N
M,6,MUO,M6MUO,Call Sign,Amateur Foundation Radio Licence,Available,N
M,6,MUU,M6MUU,Call Sign,Amateur Foundation Radio Licence,Available,N
M,6,MUW,M6MUW,Call Sign,Amateur Foundation Radio Licence,Available,N
M,6,MUX,M6MUX,Call Sign,Amateur Foundation Radio Licence,Available,N
M,6,MUY,M6MUY,Call Sign,Amateur Foundation Radio Licence,Available,N
M,6,MVC,M6MVC,Call Sign,Amateur Foundation Radio Licence,Available,N
M,6,MVE,M6MVE,Call Sign,Amateur Foundation Radio Licence,Available,N
M,6,MVH,M6MVH,Call Sign,Amateur Foundation Radio Licence,Available,N
M,6,MVJ,M6MVJ,Call Sign,Amateur Foundation Radio Licence,Available,N
M,6,MVN,M6MVN,Call Sign,Amateur Foundation Radio Licence,Available,N
M,6,MVO,M6MVO,Call Sign,Amateur Foundation Radio Licence,Available,N
M,6,MVR,M6MVR,Call Sign,Amateur Foundation Radio Licence,Available,N
M,6,MVS,M6MVS,Call Sign,Amateur Foundation Radio Licence,Available,N
M,6,MVU,M6MVU,Call Sign,Amateur Foundation Radio Licence,Available,N
M,6,MVX,M6MVX,Call Sign,Amateur Foundation Radio Licence,Available,N
M,6,MVY,M6MVY,Call Sign,Amateur Foundation Radio Licence,Available,N
M,6,MVZ,M6MVZ,Call Sign,Amateur Foundation Radio Licence,Available,N
M,6,MWE,M6MWE,Call Sign,Amateur Foundation Radio Licence,Available,N
M,6,MWG,M6MWG,Call Sign,Amateur Foundation Radio Licence,Available,N
M,6,MWK,M6MWK,Call Sign,Amateur Foundation Radio Licence,Available,N
M,6,MWO,M6MWO,Call Sign,Amateur Foundation Radio Licence,Available,N
M,6,MWQ,M6MWQ,Call Sign,Amateur Foundation Radio Licence,Available,N
M,6,MWU,M6MWU,Call Sign,Amateur Foundation Radio Licence,Available,N
M,6,MWV,M6MWV,Call Sign,Amateur Foundation Radio Licence,Available,N
M,6,MWX,M6MWX,Call Sign,Amateur Foundation Radio Licence,Available,N
M,6,MWY,M6MWY,Call Sign,Amateur Foundation Radio Licence,Available,N
M,6,MWZ,M6MWZ,Call Sign,Amateur Foundation Radio Licence,Available,N
M,6,MXB,M6MXB,Call Sign,Amateur Foundation Radio Licence,Available,N
M,6,MXD,M6MXD,Call Sign,Amateur Foundation Radio Licence,Available,N
M,6,MXE,M6MXE,Call Sign,Amateur Foundation Radio Licence,Available,N
M,6,MXF,M6MXF,Call Sign,Amateur Foundation Radio Licence,Available,N
M,6,MXG,M6MXG,Call Sign,Amateur Foundation Radio Licence,Available,N
M,6,MXH,M6MXH,Call Sign,Amateur Foundation Radio Licence,Available,N
M,6,MXJ,M6MXJ,Call Sign,Amateur Foundation Radio Licence,Available,N
M,6,MXK,M6MXK,Call Sign,Amateur Foundation Radio Licence,Available,N
M,6,MXN,M6MXN,Call Sign,Amateur Foundation Radio Licence,Available,N
M,6,MXP,M6MXP,Call Sign,Amateur Foundation Radio Licence,Available,N
M,6,MXQ,M6MXQ,Call Sign,Amateur Foundation Radio Licence,Available,N
M,6,MXT,M6MXT,Call Sign,Amateur Foundation Radio Licence,Available,N
M,6,MXU,M6MXU,Call Sign,Amateur Foundation Radio Licence,Available,N
M,6,MXV,M6MXV,Call Sign,Amateur Foundation Radio Licence,Available,N
M,6,MXY,M6MXY,Call Sign,Amateur Foundation Radio Licence,Available,N
M,6,MYB,M6MYB,Call Sign,Amateur Foundation Radio Licence,Available,N
M,6,MYE,M6MYE,Call Sign,Amateur Foundation Radio Licence,Available,N
M,6,MYF,M6MYF,Call Sign,Amateur Foundation Radio Licence,Available,N
M,6,MYG,M6MYG,Call Sign,Amateur Foundation Radio Licence,Available,N
M,6,MYH,M6MYH,Call Sign,Amateur Foundation Radio Licence,Available,N
M,6,MYI,M6MYI,Call Sign,Amateur Foundation Radio Licence,Available,N
M,6,MYL,M6MYL,Call Sign,Amateur Foundation Radio Licence,Available,N
M,6,MYP,M6MYP,Call Sign,Amateur Foundation Radio Licence,Available,N
M,6,MYQ,M6MYQ,Call Sign,Amateur Foundation Radio Licence,Available,N
M,6,MYU,M6MYU,Call Sign,Amateur Foundation Radio Licence,Available,N
M,6,MYV,M6MYV,Call Sign,Amateur Foundation Radio Licence,Available,N
M,6,MYW,M6MYW,Call Sign,Amateur Foundation Radio Licence,Available,N
M,6,MYX,M6MYX,Call Sign,Amateur Foundation Radio Licence,Available,N
M,6,MYY,M6MYY,Call Sign,Amateur Foundation Radio Licence,Available,N
M,6,MYZ,M6MYZ,Call Sign,Amateur Foundation Radio Licence,Available,N
M,6,MZB,M6MZB,Call Sign,Amateur Foundation Radio Licence,Available,N
M,6,MZC,M6MZC,Call Sign,Amateur Foundation Radio Licence,Available,N
M,6,MZD,M6MZD,Call Sign,Amateur Foundation Radio Licence,Available,N
M,6,MZE,M6MZE,Call Sign,Amateur Foundation Radio Licence,Available,N
M,6,MZF,M6MZF,Call Sign,Amateur Foundation Radio Licence,Available,N
M,6,MZG,M6MZG,Call Sign,Amateur Foundation Radio Licence,Available,N
M,6,MZH,M6MZH,Call Sign,Amateur Foundation Radio Licence,Available,N
M,6,MZK,M6MZK,Call Sign,Amateur Foundation Radio Licence,Available,N
M,6,MZM,M6MZM,Call Sign,Amateur Foundation Radio Licence,Available,N
M,6,MZN,M6MZN,Call Sign,Amateur Foundation Radio Licence,Available,N
M,6,MZO,M6MZO,Call Sign,Amateur Foundation Radio Licence,Available,N
M,6,MZP,M6MZP,Call Sign,Amateur Foundation Radio Licence,Available,N
M,6,MZQ,M6MZQ,Call Sign,Amateur Foundation Radio Licence,Available,N
M,6,MZR,M6MZR,Call Sign,Amateur Foundation Radio Licence,Available,N
M,6,MZT,M6MZT,Call Sign,Amateur Foundation Radio Licence,Available,N
M,6,MZV,M6MZV,Call Sign,Amateur Foundation Radio Licence,Available,N
M,6,MZW,M6MZW,Call Sign,Amateur Foundation Radio Licence,Available,N
M,6,MZX,M6MZX,Call Sign,Amateur Foundation Radio Licence,Available,N
M,6,NBP,M6NBP,Call Sign,Amateur Foundation Radio Licence,Available,N
M,6,NBS,M6NBS,Call Sign,Amateur Foundation Radio Licence,Available,N
M,6,NBU,M6NBU,Call Sign,Amateur Foundation Radio Licence,Available,N
M,6,NBV,M6NBV,Call Sign,Amateur Foundation Radio Licence,Available,N
M,6,NBX,M6NBX,Call Sign,Amateur Foundation Radio Licence,Available,N
M,6,NBY,M6NBY,Call Sign,Amateur Foundation Radio Licence,Available,N
M,6,NBZ,M6NBZ,Call Sign,Amateur Foundation Radio Licence,Available,N
M,6,NCD,M6NCD,Call Sign,Amateur Foundation Radio Licence,Available,N
M,6,NCF,M6NCF,Call Sign,Amateur Foundation Radio Licence,Available,N
M,6,NCI,M6NCI,Call Sign,Amateur Foundation Radio Licence,Available,N
M,6,NCJ,M6NCJ,Call Sign,Amateur Foundation Radio Licence,Available,N
M,6,NCM,M6NCM,Call Sign,Amateur Foundation Radio Licence,Available,N
M,6,NCN,M6NCN,Call Sign,Amateur Foundation Radio Licence,Available,N
M,6,NCQ,M6NCQ,Call Sign,Amateur Foundation Radio Licence,Available,N
M,6,NCR,M6NCR,Call Sign,Amateur Foundation Radio Licence,Available,N
M,6,NCV,M6NCV,Call Sign,Amateur Foundation Radio Licence,Available,N
M,6,NCW,M6NCW,Call Sign,Amateur Foundation Radio Licence,Available,N
M,6,NCX,M6NCX,Call Sign,Amateur Foundation Radio Licence,Available,N
M,6,NDD,M6NDD,Call Sign,Amateur Foundation Radio Licence,Available,N
M,6,NDF,M6NDF,Call Sign,Amateur Foundation Radio Licence,Available,N
M,6,NDK,M6NDK,Call Sign,Amateur Foundation Radio Licence,Available,N
M,6,NDQ,M6NDQ,Call Sign,Amateur Foundation Radio Licence,Available,N
M,6,NDS,M6NDS,Call Sign,Amateur Foundation Radio Licence,Available,N
M,6,NDU,M6NDU,Call Sign,Amateur Foundation Radio Licence,Available,N
M,6,NDW,M6NDW,Call Sign,Amateur Foundation Radio Licence,Available,N
M,6,NDZ,M6NDZ,Call Sign,Amateur Foundation Radio Licence,Available,N
M,6,NEJ,M6NEJ,Call Sign,Amateur Foundation Radio Licence,Available,N
M,6,NEK,M6NEK,Call Sign,Amateur Foundation Radio Licence,Available,N
M,6,NEN,M6NEN,Call Sign,Amateur Foundation Radio Licence,Available,N
M,6,NEQ,M6NEQ,Call Sign,Amateur Foundation Radio Licence,Available,N
M,6,NFA,M6NFA,Call Sign,Amateur Foundation Radio Licence,Available,N
M,6,NFB,M6NFB,Call Sign,Amateur Foundation Radio Licence,Available,N
M,6,NFD,M6NFD,Call Sign,Amateur Foundation Radio Licence,Available,N
M,6,NFE,M6NFE,Call Sign,Amateur Foundation Radio Licence,Available,N
M,6,NFF,M6NFF,Call Sign,Amateur Foundation Radio Licence,Available,N
M,6,NFG,M6NFG,Call Sign,Amateur Foundation Radio Licence,Available,N
M,6,NFJ,M6NFJ,Call Sign,Amateur Foundation Radio Licence,Available,N
M,6,NFK,M6NFK,Call Sign,Amateur Foundation Radio Licence,Available,N
M,6,NFM,M6NFM,Call Sign,Amateur Foundation Radio Licence,Available,N
M,6,NFN,M6NFN,Call Sign,Amateur Foundation Radio Licence,Available,N
M,6,NFO,M6NFO,Call Sign,Amateur Foundation Radio Licence,Available,N
M,6,NFP,M6NFP,Call Sign,Amateur Foundation Radio Licence,Available,N
M,6,NFQ,M6NFQ,Call Sign,Amateur Foundation Radio Licence,Available,N
M,6,NFS,M6NFS,Call Sign,Amateur Foundation Radio Licence,Available,N
M,6,NFT,M6NFT,Call Sign,Amateur Foundation Radio Licence,Available,N
M,6,NFU,M6NFU,Call Sign,Amateur Foundation Radio Licence,Available,N
M,6,NFV,M6NFV,Call Sign,Amateur Foundation Radio Licence,Available,N
M,6,NFX,M6NFX,Call Sign,Amateur Foundation Radio Licence,Available,N
M,6,NFY,M6NFY,Call Sign,Amateur Foundation Radio Licence,Available,N
M,6,NFZ,M6NFZ,Call Sign,Amateur Foundation Radio Licence,Available,N
M,6,NGB,M6NGB,Call Sign,Amateur Foundation Radio Licence,Available,N
M,6,NGE,M6NGE,Call Sign,Amateur Foundation Radio Licence,Available,N
M,6,NGF,M6NGF,Call Sign,Amateur Foundation Radio Licence,Available,N
M,6,NGH,M6NGH,Call Sign,Amateur Foundation Radio Licence,Available,N
M,6,NGJ,M6NGJ,Call Sign,Amateur Foundation Radio Licence,Available,N
M,6,NGL,M6NGL,Call Sign,Amateur Foundation Radio Licence,Available,N
M,6,NGM,M6NGM,Call Sign,Amateur Foundation Radio Licence,Available,N
M,6,NGN,M6NGN,Call Sign,Amateur Foundation Radio Licence,Available,N
M,6,NGO,M6NGO,Call Sign,Amateur Foundation Radio Licence,Available,N
M,6,NGP,M6NGP,Call Sign,Amateur Foundation Radio Licence,Available,N
M,6,NGQ,M6NGQ,Call Sign,Amateur Foundation Radio Licence,Available,N
M,6,NGV,M6NGV,Call Sign,Amateur Foundation Radio Licence,Available,N
M,6,NGX,M6NGX,Call Sign,Amateur Foundation Radio Licence,Available,N
M,6,NGY,M6NGY,Call Sign,Amateur Foundation Radio Licence,Available,N
M,6,NGZ,M6NGZ,Call Sign,Amateur Foundation Radio Licence,Available,N
M,6,NHE,M6NHE,Call Sign,Amateur Foundation Radio Licence,Available,N
M,6,NHF,M6NHF,Call Sign,Amateur Foundation Radio Licence,Available,N
M,6,NHG,M6NHG,Call Sign,Amateur Foundation Radio Licence,Available,N
M,6,NHH,M6NHH,Call Sign,Amateur Foundation Radio Licence,Available,N
M,6,NHL,M6NHL,Call Sign,Amateur Foundation Radio Licence,Available,N
M,6,NHO,M6NHO,Call Sign,Amateur Foundation Radio Licence,Available,N
M,6,NHQ,M6NHQ,Call Sign,Amateur Foundation Radio Licence,Available,N
M,6,NHU,M6NHU,Call Sign,Amateur Foundation Radio Licence,Available,N
M,6,NHV,M6NHV,Call Sign,Amateur Foundation Radio Licence,Available,N
M,6,NHW,M6NHW,Call Sign,Amateur Foundation Radio Licence,Available,N
M,6,NHY,M6NHY,Call Sign,Amateur Foundation Radio Licence,Available,N
M,6,NHZ,M6NHZ,Call Sign,Amateur Foundation Radio Licence,Available,N
M,6,NIE,M6NIE,Call Sign,Amateur Foundation Radio Licence,Available,N
M,6,NIH,M6NIH,Call Sign,Amateur Foundation Radio Licence,Available,N
M,6,NII,M6NII,Call Sign,Amateur Foundation Radio Licence,Available,N
M,6,NIM,M6NIM,Call Sign,Amateur Foundation Radio Licence,Available,N
M,6,NIO,M6NIO,Call Sign,Amateur Foundation Radio Licence,Available,N
M,6,NIU,M6NIU,Call Sign,Amateur Foundation Radio Licence,Available,N
M,6,NIW,M6NIW,Call Sign,Amateur Foundation Radio Licence,Available,N
M,6,NIY,M6NIY,Call Sign,Amateur Foundation Radio Licence,Available,N
M,6,NIZ,M6NIZ,Call Sign,Amateur Foundation Radio Licence,Available,N
M,6,NJI,M6NJI,Call Sign,Amateur Foundation Radio Licence,Available,N
M,6,NJJ,M6NJJ,Call Sign,Amateur Foundation Radio Licence,Available,N
M,6,NJL,M6NJL,Call Sign,Amateur Foundation Radio Licence,Available,N
M,6,NJN,M6NJN,Call Sign,Amateur Foundation Radio Licence,Available,N
M,6,NJQ,M6NJQ,Call Sign,Amateur Foundation Radio Licence,Available,N
M,6,NJU,M6NJU,Call Sign,Amateur Foundation Radio Licence,Available,N
M,6,NJV,M6NJV,Call Sign,Amateur Foundation Radio Licence,Available,N
M,6,NKD,M6NKD,Call Sign,Amateur Foundation Radio Licence,Available,N
M,6,NKF,M6NKF,Call Sign,Amateur Foundation Radio Licence,Available,N
M,6,NKG,M6NKG,Call Sign,Amateur Foundation Radio Licence,Available,N
M,6,NKJ,M6NKJ,Call Sign,Amateur Foundation Radio Licence,Available,N
M,6,NKK,M6NKK,Call Sign,Amateur Foundation Radio Licence,Available,N
M,6,NKL,M6NKL,Call Sign,Amateur Foundation Radio Licence,Available,N
M,6,NKN,M6NKN,Call Sign,Amateur Foundation Radio Licence,Available,N
M,6,NKO,M6NKO,Call Sign,Amateur Foundation Radio Licence,Available,N
M,6,NKQ,M6NKQ,Call Sign,Amateur Foundation Radio Licence,Available,N
M,6,NKR,M6NKR,Call Sign,Amateur Foundation Radio Licence,Available,N
M,6,NKT,M6NKT,Call Sign,Amateur Foundation Radio Licence,Available,N
M,6,NKU,M6NKU,Call Sign,Amateur Foundation Radio Licence,Available,N
M,6,NKV,M6NKV,Call Sign,Amateur Foundation Radio Licence,Available,N
M,6,NKW,M6NKW,Call Sign,Amateur Foundation Radio Licence,Available,N
M,6,NKX,M6NKX,Call Sign,Amateur Foundation Radio Licence,Available,N
M,6,NKZ,M6NKZ,Call Sign,Amateur Foundation Radio Licence,Available,N
M,6,NLE,M6NLE,Call Sign,Amateur Foundation Radio Licence,Available,N
M,6,NLG,M6NLG,Call Sign,Amateur Foundation Radio Licence,Available,N
M,6,NLI,M6NLI,Call Sign,Amateur Foundation Radio Licence,Available,N
M,6,NLJ,M6NLJ,Call Sign,Amateur Foundation Radio Licence,Available,N
M,6,NLK,M6NLK,Call Sign,Amateur Foundation Radio Licence,Available,N
M,6,NLL,M6NLL,Call Sign,Amateur Foundation Radio Licence,Available,N
M,6,NLM,M6NLM,Call Sign,Amateur Foundation Radio Licence,Available,N
M,6,NLN,M6NLN,Call Sign,Amateur Foundation Radio Licence,Available,N
M,6,NLQ,M6NLQ,Call Sign,Amateur Foundation Radio Licence,Available,N
M,6,NLR,M6NLR,Call Sign,Amateur Foundation Radio Licence,Available,N
M,6,NLT,M6NLT,Call Sign,Amateur Foundation Radio Licence,Available,N
M,6,NLV,M6NLV,Call Sign,Amateur Foundation Radio Licence,Available,N
M,6,NLX,M6NLX,Call Sign,Amateur Foundation Radio Licence,Available,N
M,6,NLZ,M6NLZ,Call Sign,Amateur Foundation Radio Licence,Available,N
M,6,NMA,M6NMA,Call Sign,Amateur Foundation Radio Licence,Available,N
M,6,NMF,M6NMF,Call Sign,Amateur Foundation Radio Licence,Available,N
M,6,NMH,M6NMH,Call Sign,Amateur Foundation Radio Licence,Available,N
M,6,NMI,M6NMI,Call Sign,Amateur Foundation Radio Licence,Available,N
M,6,NMJ,M6NMJ,Call Sign,Amateur Foundation Radio Licence,Available,N
M,6,NMK,M6NMK,Call Sign,Amateur Foundation Radio Licence,Available,N
M,6,NML,M6NML,Call Sign,Amateur Foundation Radio Licence,Available,N
M,6,NMM,M6NMM,Call Sign,Amateur Foundation Radio Licence,Available,N
M,6,NMP,M6NMP,Call Sign,Amateur Foundation Radio Licence,Available,N
M,6,NMQ,M6NMQ,Call Sign,Amateur Foundation Radio Licence,Available,N
M,6,NMR,M6NMR,Call Sign,Amateur Foundation Radio Licence,Available,N
M,6,NMU,M6NMU,Call Sign,Amateur Foundation Radio Licence,Available,N
M,6,NMV,M6NMV,Call Sign,Amateur Foundation Radio Licence,Available,N
M,6,NMW,M6NMW,Call Sign,Amateur Foundation Radio Licence,Available,N
M,6,NMX,M6NMX,Call Sign,Amateur Foundation Radio Licence,Available,N
M,6,NMY,M6NMY,Call Sign,Amateur Foundation Radio Licence,Available,N
M,6,NMZ,M6NMZ,Call Sign,Amateur Foundation Radio Licence,Available,N
M,6,NNA,M6NNA,Call Sign,Amateur Foundation Radio Licence,Available,N
M,6,NNE,M6NNE,Call Sign,Amateur Foundation Radio Licence,Available,N
M,6,NNF,M6NNF,Call Sign,Amateur Foundation Radio Licence,Available,N
M,6,NNI,M6NNI,Call Sign,Amateur Foundation Radio Licence,Available,N
M,6,NNK,M6NNK,Call Sign,Amateur Foundation Radio Licence,Available,N
M,6,NNM,M6NNM,Call Sign,Amateur Foundation Radio Licence,Available,N
M,6,NNO,M6NNO,Call Sign,Amateur Foundation Radio Licence,Available,N
M,6,NNP,M6NNP,Call Sign,Amateur Foundation Radio Licence,Available,N
M,6,NNQ,M6NNQ,Call Sign,Amateur Foundation Radio Licence,Available,N
M,6,NNR,M6NNR,Call Sign,Amateur Foundation Radio Licence,Available,N
M,6,NNS,M6NNS,Call Sign,Amateur Foundation Radio Licence,Available,N
M,6,NNT,M6NNT,Call Sign,Amateur Foundation Radio Licence,Available,N
M,6,NNV,M6NNV,Call Sign,Amateur Foundation Radio Licence,Available,N
M,6,NNW,M6NNW,Call Sign,Amateur Foundation Radio Licence,Available,N
M,6,NNZ,M6NNZ,Call Sign,Amateur Foundation Radio Licence,Available,N
M,6,NOF,M6NOF,Call Sign,Amateur Foundation Radio Licence,Available,N
M,6,NOI,M6NOI,Call Sign,Amateur Foundation Radio Licence,Available,N
M,6,NOQ,M6NOQ,Call Sign,Amateur Foundation Radio Licence,Available,N
M,6,NOU,M6NOU,Call Sign,Amateur Foundation Radio Licence,Available,N
M,6,NOY,M6NOY,Call Sign,Amateur Foundation Radio Licence,Available,N
M,6,NPA,M6NPA,Call Sign,Amateur Foundation Radio Licence,Available,N
M,6,NPB,M6NPB,Call Sign,Amateur Foundation Radio Licence,Available,N
M,6,NPE,M6NPE,Call Sign,Amateur Foundation Radio Licence,Available,N
M,6,NPG,M6NPG,Call Sign,Amateur Foundation Radio Licence,Available,N
M,6,NPI,M6NPI,Call Sign,Amateur Foundation Radio Licence,Available,N
M,6,NPJ,M6NPJ,Call Sign,Amateur Foundation Radio Licence,Available,N
M,6,NPO,M6NPO,Call Sign,Amateur Foundation Radio Licence,Available,N
M,6,NPQ,M6NPQ,Call Sign,Amateur Foundation Radio Licence,Available,N
M,6,NPV,M6NPV,Call Sign,Amateur Foundation Radio Licence,Available,N
M,6,NPY,M6NPY,Call Sign,Amateur Foundation Radio Licence,Available,N
M,6,NPZ,M6NPZ,Call Sign,Amateur Foundation Radio Licence,Available,N
M,6,NQA,M6NQA,Call Sign,Amateur Foundation Radio Licence,Available,N
M,6,NQB,M6NQB,Call Sign,Amateur Foundation Radio Licence,Available,N
M,6,NQC,M6NQC,Call Sign,Amateur Foundation Radio Licence,Available,N
M,6,NQD,M6NQD,Call Sign,Amateur Foundation Radio Licence,Available,N
M,6,NQE,M6NQE,Call Sign,Amateur Foundation Radio Licence,Available,N
M,6,NQF,M6NQF,Call Sign,Amateur Foundation Radio Licence,Available,N
M,6,NQG,M6NQG,Call Sign,Amateur Foundation Radio Licence,Available,N
M,6,NQH,M6NQH,Call Sign,Amateur Foundation Radio Licence,Available,N
M,6,NQI,M6NQI,Call Sign,Amateur Foundation Radio Licence,Available,N
M,6,NQJ,M6NQJ,Call Sign,Amateur Foundation Radio Licence,Available,N
M,6,NQK,M6NQK,Call Sign,Amateur Foundation Radio Licence,Available,N
M,6,NQL,M6NQL,Call Sign,Amateur Foundation Radio Licence,Available,N
M,6,NQM,M6NQM,Call Sign,Amateur Foundation Radio Licence,Available,N
M,6,NQN,M6NQN,Call Sign,Amateur Foundation Radio Licence,Available,N
M,6,NQO,M6NQO,Call Sign,Amateur Foundation Radio Licence,Available,N
M,6,NQP,M6NQP,Call Sign,Amateur Foundation Radio Licence,Available,N
M,6,NQQ,M6NQQ,Call Sign,Amateur Foundation Radio Licence,Available,N
M,6,NQS,M6NQS,Call Sign,Amateur Foundation Radio Licence,Available,N
M,6,NQU,M6NQU,Call Sign,Amateur Foundation Radio Licence,Available,N
M,6,NQV,M6NQV,Call Sign,Amateur Foundation Radio Licence,Available,N
M,6,NQW,M6NQW,Call Sign,Amateur Foundation Radio Licence,Available,N
M,6,NQX,M6NQX,Call Sign,Amateur Foundation Radio Licence,Available,N
M,6,NQY,M6NQY,Call Sign,Amateur Foundation Radio Licence,Available,N
M,6,NQZ,M6NQZ,Call Sign,Amateur Foundation Radio Licence,Available,N
M,6,NRE,M6NRE,Call Sign,Amateur Foundation Radio Licence,Available,N
M,6,NRI,M6NRI,Call Sign,Amateur Foundation Radio Licence,Available,N
M,6,NRK,M6NRK,Call Sign,Amateur Foundation Radio Licence,Available,N
M,6,NRL,M6NRL,Call Sign,Amateur Foundation Radio Licence,Available,N
M,6,NRN,M6NRN,Call Sign,Amateur Foundation Radio Licence,Available,N
M,6,NRR,M6NRR,Call Sign,Amateur Foundation Radio Licence,Available,N
M,6,NRS,M6NRS,Call Sign,Amateur Foundation Radio Licence,Available,N
M,6,NRU,M6NRU,Call Sign,Amateur Foundation Radio Licence,Available,N
M,6,NRV,M6NRV,Call Sign,Amateur Foundation Radio Licence,Available,N
M,6,NRX,M6NRX,Call Sign,Amateur Foundation Radio Licence,Available,N
M,6,NRY,M6NRY,Call Sign,Amateur Foundation Radio Licence,Available,N
M,6,NRZ,M6NRZ,Call Sign,Amateur Foundation Radio Licence,Available,N
M,6,NSC,M6NSC,Call Sign,Amateur Foundation Radio Licence,Available,N
M,6,NSF,M6NSF,Call Sign,Amateur Foundation Radio Licence,Available,N
M,6,NSG,M6NSG,Call Sign,Amateur Foundation Radio Licence,Available,N
M,6,NSH,M6NSH,Call Sign,Amateur Foundation Radio Licence,Available,N
M,6,NSI,M6NSI,Call Sign,Amateur Foundation Radio Licence,Available,N
M,6,NSL,M6NSL,Call Sign,Amateur Foundation Radio Licence,Available,N
M,6,NSP,M6NSP,Call Sign,Amateur Foundation Radio Licence,Available,N
M,6,NSQ,M6NSQ,Call Sign,Amateur Foundation Radio Licence,Available,N
M,6,NSS,M6NSS,Call Sign,Amateur Foundation Radio Licence,Available,N
M,6,NSV,M6NSV,Call Sign,Amateur Foundation Radio Licence,Available,N
M,6,NSY,M6NSY,Call Sign,Amateur Foundation Radio Licence,Available,N
M,6,NSZ,M6NSZ,Call Sign,Amateur Foundation Radio Licence,Available,N
M,6,NTC,M6NTC,Call Sign,Amateur Foundation Radio Licence,Available,N
M,6,NTD,M6NTD,Call Sign,Amateur Foundation Radio Licence,Available,N
M,6,NTF,M6NTF,Call Sign,Amateur Foundation Radio Licence,Available,N
M,6,NTK,M6NTK,Call Sign,Amateur Foundation Radio Licence,Available,N
M,6,NTM,M6NTM,Call Sign,Amateur Foundation Radio Licence,Available,N
M,6,NTN,M6NTN,Call Sign,Amateur Foundation Radio Licence,Available,N
M,6,NTP,M6NTP,Call Sign,Amateur Foundation Radio Licence,Available,N
M,6,NTQ,M6NTQ,Call Sign,Amateur Foundation Radio Licence,Available,N
M,6,NTV,M6NTV,Call Sign,Amateur Foundation Radio Licence,Available,N
M,6,NTX,M6NTX,Call Sign,Amateur Foundation Radio Licence,Available,N
M,6,NTZ,M6NTZ,Call Sign,Amateur Foundation Radio Licence,Available,N
M,6,NUA,M6NUA,Call Sign,Amateur Foundation Radio Licence,Available,N
M,6,NUB,M6NUB,Call Sign,Amateur Foundation Radio Licence,Available,N
M,6,NUD,M6NUD,Call Sign,Amateur Foundation Radio Licence,Available,N
M,6,NUH,M6NUH,Call Sign,Amateur Foundation Radio Licence,Available,N
M,6,NUI,M6NUI,Call Sign,Amateur Foundation Radio Licence,Available,N
M,6,NUJ,M6NUJ,Call Sign,Amateur Foundation Radio Licence,Available,N
M,6,NUK,M6NUK,Call Sign,Amateur Foundation Radio Licence,Available,N
M,6,NUL,M6NUL,Call Sign,Amateur Foundation Radio Licence,Available,N
M,6,NUO,M6NUO,Call Sign,Amateur Foundation Radio Licence,Available,N
M,6,NUP,M6NUP,Call Sign,Amateur Foundation Radio Licence,Available,N
M,6,NUQ,M6NUQ,Call Sign,Amateur Foundation Radio Licence,Available,N
M,6,NUS,M6NUS,Call Sign,Amateur Foundation Radio Licence,Available,N
M,6,NUV,M6NUV,Call Sign,Amateur Foundation Radio Licence,Available,N
M,6,NUW,M6NUW,Call Sign,Amateur Foundation Radio Licence,Available,N
M,6,NUX,M6NUX,Call Sign,Amateur Foundation Radio Licence,Available,N
M,6,NUY,M6NUY,Call Sign,Amateur Foundation Radio Licence,Available,N
M,6,NUZ,M6NUZ,Call Sign,Amateur Foundation Radio Licence,Available,N
M,6,NVC,M6NVC,Call Sign,Amateur Foundation Radio Licence,Available,N
M,6,NVD,M6NVD,Call Sign,Amateur Foundation Radio Licence,Available,N
M,6,NVE,M6NVE,Call Sign,Amateur Foundation Radio Licence,Available,N
M,6,NVF,M6NVF,Call Sign,Amateur Foundation Radio Licence,Available,N
M,6,NVH,M6NVH,Call Sign,Amateur Foundation Radio Licence,Available,N
M,6,NVI,M6NVI,Call Sign,Amateur Foundation Radio Licence,Available,N
M,6,NVJ,M6NVJ,Call Sign,Amateur Foundation Radio Licence,Available,N
M,6,NVL,M6NVL,Call Sign,Amateur Foundation Radio Licence,Available,N
M,6,NVN,M6NVN,Call Sign,Amateur Foundation Radio Licence,Available,N
M,6,NVO,M6NVO,Call Sign,Amateur Foundation Radio Licence,Available,N
M,6,NVP,M6NVP,Call Sign,Amateur Foundation Radio Licence,Available,N
M,6,NVQ,M6NVQ,Call Sign,Amateur Foundation Radio Licence,Available,N
M,6,NVT,M6NVT,Call Sign,Amateur Foundation Radio Licence,Available,N
M,6,NVU,M6NVU,Call Sign,Amateur Foundation Radio Licence,Available,N
M,6,NVV,M6NVV,Call Sign,Amateur Foundation Radio Licence,Available,N
M,6,NVW,M6NVW,Call Sign,Amateur Foundation Radio Licence,Available,N
M,6,NVX,M6NVX,Call Sign,Amateur Foundation Radio Licence,Available,N
M,6,NVY,M6NVY,Call Sign,Amateur Foundation Radio Licence,Available,N
M,6,NVZ,M6NVZ,Call Sign,Amateur Foundation Radio Licence,Available,N
M,6,NWD,M6NWD,Call Sign,Amateur Foundation Radio Licence,Available,N
M,6,NWE,M6NWE,Call Sign,Amateur Foundation Radio Licence,Available,N
M,6,NWF,M6NWF,Call Sign,Amateur Foundation Radio Licence,Available,N
M,6,NWK,M6NWK,Call Sign,Amateur Foundation Radio Licence,Available,N
M,6,NWL,M6NWL,Call Sign,Amateur Foundation Radio Licence,Available,N
M,6,NWN,M6NWN,Call Sign,Amateur Foundation Radio Licence,Available,N
M,6,NWO,M6NWO,Call Sign,Amateur Foundation Radio Licence,Available,N
M,6,NWQ,M6NWQ,Call Sign,Amateur Foundation Radio Licence,Available,N
M,6,NWS,M6NWS,Call Sign,Amateur Foundation Radio Licence,Available,N
M,6,NWU,M6NWU,Call Sign,Amateur Foundation Radio Licence,Available,N
M,6,NWV,M6NWV,Call Sign,Amateur Foundation Radio Licence,Available,N
M,6,NWW,M6NWW,Call Sign,Amateur Foundation Radio Licence,Available,N
M,6,NWX,M6NWX,Call Sign,Amateur Foundation Radio Licence,Available,N
M,6,NWZ,M6NWZ,Call Sign,Amateur Foundation Radio Licence,Available,N
M,6,NXA,M6NXA,Call Sign,Amateur Foundation Radio Licence,Available,N
M,6,NXB,M6NXB,Call Sign,Amateur Foundation Radio Licence,Available,N
M,6,NXC,M6NXC,Call Sign,Amateur Foundation Radio Licence,Available,N
M,6,NXE,M6NXE,Call Sign,Amateur Foundation Radio Licence,Available,N
M,6,NXF,M6NXF,Call Sign,Amateur Foundation Radio Licence,Available,N
M,6,NXG,M6NXG,Call Sign,Amateur Foundation Radio Licence,Available,N
M,6,NXH,M6NXH,Call Sign,Amateur Foundation Radio Licence,Available,N
M,6,NXI,M6NXI,Call Sign,Amateur Foundation Radio Licence,Available,N
M,6,NXJ,M6NXJ,Call Sign,Amateur Foundation Radio Licence,Available,N
M,6,NXK,M6NXK,Call Sign,Amateur Foundation Radio Licence,Available,N
M,6,NXL,M6NXL,Call Sign,Amateur Foundation Radio Licence,Available,N
M,6,NXM,M6NXM,Call Sign,Amateur Foundation Radio Licence,Available,N
M,6,NXO,M6NXO,Call Sign,Amateur Foundation Radio Licence,Available,N
M,6,NXP,M6NXP,Call Sign,Amateur Foundation Radio Licence,Available,N
M,6,NXQ,M6NXQ,Call Sign,Amateur Foundation Radio Licence,Available,N
M,6,NXR,M6NXR,Call Sign,Amateur Foundation Radio Licence,Available,N
M,6,NXS,M6NXS,Call Sign,Amateur Foundation Radio Licence,Available,N
M,6,NXT,M6NXT,Call Sign,Amateur Foundation Radio Licence,Available,N
M,6,NXU,M6NXU,Call Sign,Amateur Foundation Radio Licence,Available,N
M,6,NXV,M6NXV,Call Sign,Amateur Foundation Radio Licence,Available,N
M,6,NXW,M6NXW,Call Sign,Amateur Foundation Radio Licence,Available,N
M,6,NXX,M6NXX,Call Sign,Amateur Foundation Radio Licence,Available,N
M,6,NYB,M6NYB,Call Sign,Amateur Foundation Radio Licence,Available,N
M,6,NYD,M6NYD,Call Sign,Amateur Foundation Radio Licence,Available,N
M,6,NYG,M6NYG,Call Sign,Amateur Foundation Radio Licence,Available,N
M,6,NYH,M6NYH,Call Sign,Amateur Foundation Radio Licence,Available,N
M,6,NYI,M6NYI,Call Sign,Amateur Foundation Radio Licence,Available,N
M,6,NYJ,M6NYJ,Call Sign,Amateur Foundation Radio Licence,Available,N
M,6,NYM,M6NYM,Call Sign,Amateur Foundation Radio Licence,Available,N
M,6,NYN,M6NYN,Call Sign,Amateur Foundation Radio Licence,Available,N
M,6,NYO,M6NYO,Call Sign,Amateur Foundation Radio Licence,Available,N
M,6,NYP,M6NYP,Call Sign,Amateur Foundation Radio Licence,Available,N
M,6,NYQ,M6NYQ,Call Sign,Amateur Foundation Radio Licence,Available,N
M,6,NYR,M6NYR,Call Sign,Amateur Foundation Radio Licence,Available,N
M,6,NYT,M6NYT,Call Sign,Amateur Foundation Radio Licence,Available,N
M,6,NYU,M6NYU,Call Sign,Amateur Foundation Radio Licence,Available,N
M,6,NYV,M6NYV,Call Sign,Amateur Foundation Radio Licence,Available,N
M,6,NYW,M6NYW,Call Sign,Amateur Foundation Radio Licence,Available,N
M,6,NYX,M6NYX,Call Sign,Amateur Foundation Radio Licence,Available,N
M,6,NZA,M6NZA,Call Sign,Amateur Foundation Radio Licence,Available,N
M,6,NZB,M6NZB,Call Sign,Amateur Foundation Radio Licence,Available,N
M,6,NZC,M6NZC,Call Sign,Amateur Foundation Radio Licence,Available,N
M,6,NZD,M6NZD,Call Sign,Amateur Foundation Radio Licence,Available,N
M,6,NZE,M6NZE,Call Sign,Amateur Foundation Radio Licence,Available,N
M,6,NZF,M6NZF,Call Sign,Amateur Foundation Radio Licence,Available,N
M,6,NZG,M6NZG,Call Sign,Amateur Foundation Radio Licence,Available,N
M,6,NZH,M6NZH,Call Sign,Amateur Foundation Radio Licence,Available,N
M,6,NZI,M6NZI,Call Sign,Amateur Foundation Radio Licence,Available,N
M,6,NZJ,M6NZJ,Call Sign,Amateur Foundation Radio Licence,Available,N
M,6,NZK,M6NZK,Call Sign,Amateur Foundation Radio Licence,Available,N
M,6,NZM,M6NZM,Call Sign,Amateur Foundation Radio Licence,Available,N
M,6,NZN,M6NZN,Call Sign,Amateur Foundation Radio Licence,Available,N
M,6,NZO,M6NZO,Call Sign,Amateur Foundation Radio Licence,Available,N
M,6,NZP,M6NZP,Call Sign,Amateur Foundation Radio Licence,Available,N
M,6,NZQ,M6NZQ,Call Sign,Amateur Foundation Radio Licence,Available,N
M,6,NZR,M6NZR,Call Sign,Amateur Foundation Radio Licence,Available,N
M,6,NZS,M6NZS,Call Sign,Amateur Foundation Radio Licence,Available,N
M,6,NZT,M6NZT,Call Sign,Amateur Foundation Radio Licence,Available,N
M,6,NZU,M6NZU,Call Sign,Amateur Foundation Radio Licence,Available,N
M,6,NZV,M6NZV,Call Sign,Amateur Foundation Radio Licence,Available,N
M,6,NZW,M6NZW,Call Sign,Amateur Foundation Radio Licence,Available,N
M,6,NZX,M6NZX,Call Sign,Amateur Foundation Radio Licence,Available,N
M,6,NZY,M6NZY,Call Sign,Amateur Foundation Radio Licence,Available,N
M,6,NZZ,M6NZZ,Call Sign,Amateur Foundation Radio Licence,Available,N
M,6,OAI,M6OAI,Call Sign,Amateur Foundation Radio Licence,Available,N
M,6,OAQ,M6OAQ,Call Sign,Amateur Foundation Radio Licence,Available,N
M,6,OAS,M6OAS,Call Sign,Amateur Foundation Radio Licence,Available,N
M,6,OAU,M6OAU,Call Sign,Amateur Foundation Radio Licence,Available,N
M,6,OAV,M6OAV,Call Sign,Amateur Foundation Radio Licence,Available,N
M,6,OAX,M6OAX,Call Sign,Amateur Foundation Radio Licence,Available,N
M,6,OAY,M6OAY,Call Sign,Amateur Foundation Radio Licence,Available,N
M,6,OBA,M6OBA,Call Sign,Amateur Foundation Radio Licence,Available,N
M,6,OBF,M6OBF,Call Sign,Amateur Foundation Radio Licence,Available,N
M,6,OBH,M6OBH,Call Sign,Amateur Foundation Radio Licence,Available,N
M,6,OBM,M6OBM,Call Sign,Amateur Foundation Radio Licence,Available,N
M,6,OBO,M6OBO,Call Sign,Amateur Foundation Radio Licence,Available,N
M,6,OBP,M6OBP,Call Sign,Amateur Foundation Radio Licence,Available,N
M,6,OBQ,M6OBQ,Call Sign,Amateur Foundation Radio Licence,Available,N
M,6,OBU,M6OBU,Call Sign,Amateur Foundation Radio Licence,Available,N
M,6,OBV,M6OBV,Call Sign,Amateur Foundation Radio Licence,Available,N
M,6,OBW,M6OBW,Call Sign,Amateur Foundation Radio Licence,Available,N
M,6,OBX,M6OBX,Call Sign,Amateur Foundation Radio Licence,Available,N
M,6,OBY,M6OBY,Call Sign,Amateur Foundation Radio Licence,Available,N
M,6,OBZ,M6OBZ,Call Sign,Amateur Foundation Radio Licence,Available,N
M,6,OCA,M6OCA,Call Sign,Amateur Foundation Radio Licence,Available,N
M,6,OCE,M6OCE,Call Sign,Amateur Foundation Radio Licence,Available,N
M,6,OCG,M6OCG,Call Sign,Amateur Foundation Radio Licence,Available,N
M,6,OCI,M6OCI,Call Sign,Amateur Foundation Radio Licence,Available,N
M,6,OCN,M6OCN,Call Sign,Amateur Foundation Radio Licence,Available,N
M,6,OCQ,M6OCQ,Call Sign,Amateur Foundation Radio Licence,Available,N
M,6,OCR,M6OCR,Call Sign,Amateur Foundation Radio Licence,Available,N
M,6,OCX,M6OCX,Call Sign,Amateur Foundation Radio Licence,Available,N
M,6,OCY,M6OCY,Call Sign,Amateur Foundation Radio Licence,Available,N
M,6,ODH,M6ODH,Call Sign,Amateur Foundation Radio Licence,Available,N
M,6,ODJ,M6ODJ,Call Sign,Amateur Foundation Radio Licence,Available,N
M,6,ODK,M6ODK,Call Sign,Amateur Foundation Radio Licence,Available,N
M,6,ODL,M6ODL,Call Sign,Amateur Foundation Radio Licence,Available,N
M,6,ODN,M6ODN,Call Sign,Amateur Foundation Radio Licence,Available,N
M,6,ODO,M6ODO,Call Sign,Amateur Foundation Radio Licence,Available,N
M,6,ODQ,M6ODQ,Call Sign,Amateur Foundation Radio Licence,Available,N
M,6,ODR,M6ODR,Call Sign,Amateur Foundation Radio Licence,Available,N
M,6,ODS,M6ODS,Call Sign,Amateur Foundation Radio Licence,Available,N
M,6,ODU,M6ODU,Call Sign,Amateur Foundation Radio Licence,Available,N
M,6,ODV,M6ODV,Call Sign,Amateur Foundation Radio Licence,Available,N
M,6,ODW,M6ODW,Call Sign,Amateur Foundation Radio Licence,Available,N
M,6,ODZ,M6ODZ,Call Sign,Amateur Foundation Radio Licence,Available,N
M,6,OEA,M6OEA,Call Sign,Amateur Foundation Radio Licence,Available,N
M,6,OEB,M6OEB,Call Sign,Amateur Foundation Radio Licence,Available,N
M,6,OED,M6OED,Call Sign,Amateur Foundation Radio Licence,Available,N
M,6,OEF,M6OEF,Call Sign,Amateur Foundation Radio Licence,Available,N
M,6,OEG,M6OEG,Call Sign,Amateur Foundation Radio Licence,Available,N
M,6,OEH,M6OEH,Call Sign,Amateur Foundation Radio Licence,Available,N
M,6,OEI,M6OEI,Call Sign,Amateur Foundation Radio Licence,Available,N
M,6,OEJ,M6OEJ,Call Sign,Amateur Foundation Radio Licence,Available,N
M,6,OEK,M6OEK,Call Sign,Amateur Foundation Radio Licence,Available,N
M,6,OEO,M6OEO,Call Sign,Amateur Foundation Radio Licence,Available,N
M,6,OEQ,M6OEQ,Call Sign,Amateur Foundation Radio Licence,Available,N
M,6,OER,M6OER,Call Sign,Amateur Foundation Radio Licence,Available,N
M,6,OES,M6OES,Call Sign,Amateur Foundation Radio Licence,Available,N
M,6,OET,M6OET,Call Sign,Amateur Foundation Radio Licence,Available,N
M,6,OEU,M6OEU,Call Sign,Amateur Foundation Radio Licence,Available,N
M,6,OEV,M6OEV,Call Sign,Amateur Foundation Radio Licence,Available,N
M,6,OEW,M6OEW,Call Sign,Amateur Foundation Radio Licence,Available,N
M,6,OEX,M6OEX,Call Sign,Amateur Foundation Radio Licence,Available,N
M,6,OEY,M6OEY,Call Sign,Amateur Foundation Radio Licence,Available,N
M,6,OEZ,M6OEZ,Call Sign,Amateur Foundation Radio Licence,Available,N
M,6,OFA,M6OFA,Call Sign,Amateur Foundation Radio Licence,Available,N
M,6,OFB,M6OFB,Call Sign,Amateur Foundation Radio Licence,Available,N
M,6,OFD,M6OFD,Call Sign,Amateur Foundation Radio Licence,Available,N
M,6,OFE,M6OFE,Call Sign,Amateur Foundation Radio Licence,Available,N
M,6,OFG,M6OFG,Call Sign,Amateur Foundation Radio Licence,Available,N
M,6,OFH,M6OFH,Call Sign,Amateur Foundation Radio Licence,Available,N
M,6,OFI,M6OFI,Call Sign,Amateur Foundation Radio Licence,Available,N
M,6,OFJ,M6OFJ,Call Sign,Amateur Foundation Radio Licence,Available,N
M,6,OFK,M6OFK,Call Sign,Amateur Foundation Radio Licence,Available,N
M,6,OFL,M6OFL,Call Sign,Amateur Foundation Radio Licence,Available,N
M,6,OFM,M6OFM,Call Sign,Amateur Foundation Radio Licence,Available,N
M,6,OFO,M6OFO,Call Sign,Amateur Foundation Radio Licence,Available,N
M,6,OFQ,M6OFQ,Call Sign,Amateur Foundation Radio Licence,Available,N
M,6,OFT,M6OFT,Call Sign,Amateur Foundation Radio Licence,Available,N
M,6,OFU,M6OFU,Call Sign,Amateur Foundation Radio Licence,Available,N
M,6,OFV,M6OFV,Call Sign,Amateur Foundation Radio Licence,Available,N
M,6,OFW,M6OFW,Call Sign,Amateur Foundation Radio Licence,Available,N
M,6,OFY,M6OFY,Call Sign,Amateur Foundation Radio Licence,Available,N
M,6,OFZ,M6OFZ,Call Sign,Amateur Foundation Radio Licence,Available,N
M,6,OGA,M6OGA,Call Sign,Amateur Foundation Radio Licence,Available,N
M,6,OGC,M6OGC,Call Sign,Amateur Foundation Radio Licence,Available,N
M,6,OGD,M6OGD,Call Sign,Amateur Foundation Radio Licence,Available,N
M,6,OGE,M6OGE,Call Sign,Amateur Foundation Radio Licence,Available,N
M,6,OGF,M6OGF,Call Sign,Amateur Foundation Radio Licence,Available,N
M,6,OGG,M6OGG,Call Sign,Amateur Foundation Radio Licence,Available,N
M,6,OGH,M6OGH,Call Sign,Amateur Foundation Radio Licence,Available,N
M,6,OGI,M6OGI,Call Sign,Amateur Foundation Radio Licence,Available,N
M,6,OGJ,M6OGJ,Call Sign,Amateur Foundation Radio Licence,Available,N
M,6,OGL,M6OGL,Call Sign,Amateur Foundation Radio Licence,Available,N
M,6,OGM,M6OGM,Call Sign,Amateur Foundation Radio Licence,Available,N
M,6,OGN,M6OGN,Call Sign,Amateur Foundation Radio Licence,Available,N
M,6,OGO,M6OGO,Call Sign,Amateur Foundation Radio Licence,Available,N
M,6,OGP,M6OGP,Call Sign,Amateur Foundation Radio Licence,Available,N
M,6,OGQ,M6OGQ,Call Sign,Amateur Foundation Radio Licence,Available,N
M,6,OGR,M6OGR,Call Sign,Amateur Foundation Radio Licence,Available,N
M,6,OGS,M6OGS,Call Sign,Amateur Foundation Radio Licence,Available,N
M,6,OGT,M6OGT,Call Sign,Amateur Foundation Radio Licence,Available,N
M,6,OGU,M6OGU,Call Sign,Amateur Foundation Radio Licence,Available,N
M,6,OGV,M6OGV,Call Sign,Amateur Foundation Radio Licence,Available,N
M,6,OGX,M6OGX,Call Sign,Amateur Foundation Radio Licence,Available,N
M,6,OGZ,M6OGZ,Call Sign,Amateur Foundation Radio Licence,Available,N
M,6,OHA,M6OHA,Call Sign,Amateur Foundation Radio Licence,Available,N
M,6,OHC,M6OHC,Call Sign,Amateur Foundation Radio Licence,Available,N
M,6,OHD,M6OHD,Call Sign,Amateur Foundation Radio Licence,Available,N
M,6,OHE,M6OHE,Call Sign,Amateur Foundation Radio Licence,Available,N
M,6,OHF,M6OHF,Call Sign,Amateur Foundation Radio Licence,Available,N
M,6,OHG,M6OHG,Call Sign,Amateur Foundation Radio Licence,Available,N
M,6,OHI,M6OHI,Call Sign,Amateur Foundation Radio Licence,Available,N
M,6,OHJ,M6OHJ,Call Sign,Amateur Foundation Radio Licence,Available,N
M,6,OHK,M6OHK,Call Sign,Amateur Foundation Radio Licence,Available,N
M,6,OHO,M6OHO,Call Sign,Amateur Foundation Radio Licence,Available,N
M,6,OHP,M6OHP,Call Sign,Amateur Foundation Radio Licence,Available,N
M,6,OHQ,M6OHQ,Call Sign,Amateur Foundation Radio Licence,Available,N
M,6,OHR,M6OHR,Call Sign,Amateur Foundation Radio Licence,Available,N
M,6,OHS,M6OHS,Call Sign,Amateur Foundation Radio Licence,Available,N
M,6,OHT,M6OHT,Call Sign,Amateur Foundation Radio Licence,Available,N
M,6,OHU,M6OHU,Call Sign,Amateur Foundation Radio Licence,Available,N
M,6,OHW,M6OHW,Call Sign,Amateur Foundation Radio Licence,Available,N
M,6,OHX,M6OHX,Call Sign,Amateur Foundation Radio Licence,Available,N
M,6,OHY,M6OHY,Call Sign,Amateur Foundation Radio Licence,Available,N
M,6,OHZ,M6OHZ,Call Sign,Amateur Foundation Radio Licence,Available,N
M,6,OIA,M6OIA,Call Sign,Amateur Foundation Radio Licence,Available,N
M,6,OIB,M6OIB,Call Sign,Amateur Foundation Radio Licence,Available,N
M,6,OID,M6OID,Call Sign,Amateur Foundation Radio Licence,Available,N
M,6,OIE,M6OIE,Call Sign,Amateur Foundation Radio Licence,Available,N
M,6,OIF,M6OIF,Call Sign,Amateur Foundation Radio Licence,Available,N
M,6,OIG,M6OIG,Call Sign,Amateur Foundation Radio Licence,Available,N
M,6,OIH,M6OIH,Call Sign,Amateur Foundation Radio Licence,Available,N
M,6,OII,M6OII,Call Sign,Amateur Foundation Radio Licence,Available,N
M,6,OIJ,M6OIJ,Call Sign,Amateur Foundation Radio Licence,Available,N
M,6,OIM,M6OIM,Call Sign,Amateur Foundation Radio Licence,Available,N
M,6,OIN,M6OIN,Call Sign,Amateur Foundation Radio Licence,Available,N
M,6,OIO,M6OIO,Call Sign,Amateur Foundation Radio Licence,Available,N
M,6,OIP,M6OIP,Call Sign,Amateur Foundation Radio Licence,Available,N
M,6,OIQ,M6OIQ,Call Sign,Amateur Foundation Radio Licence,Available,N
M,6,OIS,M6OIS,Call Sign,Amateur Foundation Radio Licence,Available,N
M,6,OIT,M6OIT,Call Sign,Amateur Foundation Radio Licence,Available,N
M,6,OIU,M6OIU,Call Sign,Amateur Foundation Radio Licence,Available,N
M,6,OIV,M6OIV,Call Sign,Amateur Foundation Radio Licence,Available,N
M,6,OIW,M6OIW,Call Sign,Amateur Foundation Radio Licence,Available,N
M,6,OIX,M6OIX,Call Sign,Amateur Foundation Radio Licence,Available,N
M,6,OIY,M6OIY,Call Sign,Amateur Foundation Radio Licence,Available,N
M,6,OIZ,M6OIZ,Call Sign,Amateur Foundation Radio Licence,Available,N
M,6,OJA,M6OJA,Call Sign,Amateur Foundation Radio Licence,Available,N
M,6,OJF,M6OJF,Call Sign,Amateur Foundation Radio Licence,Available,N
M,6,OJG,M6OJG,Call Sign,Amateur Foundation Radio Licence,Available,N
M,6,OJH,M6OJH,Call Sign,Amateur Foundation Radio Licence,Available,N
M,6,OJL,M6OJL,Call Sign,Amateur Foundation Radio Licence,Available,N
M,6,OJN,M6OJN,Call Sign,Amateur Foundation Radio Licence,Available,N
M,6,OJP,M6OJP,Call Sign,Amateur Foundation Radio Licence,Available,N
M,6,OJQ,M6OJQ,Call Sign,Amateur Foundation Radio Licence,Available,N
M,6,OJR,M6OJR,Call Sign,Amateur Foundation Radio Licence,Available,N
M,6,OJS,M6OJS,Call Sign,Amateur Foundation Radio Licence,Available,N
M,6,OJU,M6OJU,Call Sign,Amateur Foundation Radio Licence,Available,N
M,6,OJV,M6OJV,Call Sign,Amateur Foundation Radio Licence,Available,N
M,6,OJW,M6OJW,Call Sign,Amateur Foundation Radio Licence,Available,N
M,6,OJX,M6OJX,Call Sign,Amateur Foundation Radio Licence,Available,N
M,6,OJY,M6OJY,Call Sign,Amateur Foundation Radio Licence,Available,N
M,6,OJZ,M6OJZ,Call Sign,Amateur Foundation Radio Licence,Available,N
M,6,OKD,M6OKD,Call Sign,Amateur Foundation Radio Licence,Available,N
M,6,OKF,M6OKF,Call Sign,Amateur Foundation Radio Licence,Available,N
M,6,OKG,M6OKG,Call Sign,Amateur Foundation Radio Licence,Available,N
M,6,OKL,M6OKL,Call Sign,Amateur Foundation Radio Licence,Available,N
M,6,OKN,M6OKN,Call Sign,Amateur Foundation Radio Licence,Available,N
M,6,OKP,M6OKP,Call Sign,Amateur Foundation Radio Licence,Available,N
M,6,OKQ,M6OKQ,Call Sign,Amateur Foundation Radio Licence,Available,N
M,6,OKT,M6OKT,Call Sign,Amateur Foundation Radio Licence,Available,N
M,6,OKU,M6OKU,Call Sign,Amateur Foundation Radio Licence,Available,N
M,6,OKV,M6OKV,Call Sign,Amateur Foundation Radio Licence,Available,N
M,6,OKW,M6OKW,Call Sign,Amateur Foundation Radio Licence,Available,N
M,6,OKX,M6OKX,Call Sign,Amateur Foundation Radio Licence,Available,N
M,6,OKY,M6OKY,Call Sign,Amateur Foundation Radio Licence,Available,N
M,6,OKZ,M6OKZ,Call Sign,Amateur Foundation Radio Licence,Available,N
M,6,OLB,M6OLB,Call Sign,Amateur Foundation Radio Licence,Available,N
M,6,OLC,M6OLC,Call Sign,Amateur Foundation Radio Licence,Available,N
M,6,OLG,M6OLG,Call Sign,Amateur Foundation Radio Licence,Available,N
M,6,OLH,M6OLH,Call Sign,Amateur Foundation Radio Licence,Available,N
M,6,OLJ,M6OLJ,Call Sign,Amateur Foundation Radio Licence,Available,N
M,6,OLK,M6OLK,Call Sign,Amateur Foundation Radio Licence,Available,N
M,6,OLM,M6OLM,Call Sign,Amateur Foundation Radio Licence,Available,N
M,6,OLN,M6OLN,Call Sign,Amateur Foundation Radio Licence,Available,N
M,6,OLP,M6OLP,Call Sign,Amateur Foundation Radio Licence,Available,N
M,6,OLQ,M6OLQ,Call Sign,Amateur Foundation Radio Licence,Available,N
M,6,OLR,M6OLR,Call Sign,Amateur Foundation Radio Licence,Available,N
M,6,OLT,M6OLT,Call Sign,Amateur Foundation Radio Licence,Available,N
M,6,OLU,M6OLU,Call Sign,Amateur Foundation Radio Licence,Available,N
M,6,OLV,M6OLV,Call Sign,Amateur Foundation Radio Licence,Available,N
M,6,OLW,M6OLW,Call Sign,Amateur Foundation Radio Licence,Available,N
M,6,OLX,M6OLX,Call Sign,Amateur Foundation Radio Licence,Available,N
M,6,OLZ,M6OLZ,Call Sign,Amateur Foundation Radio Licence,Available,N
M,6,OME,M6OME,Call Sign,Amateur Foundation Radio Licence,Available,N
M,6,OMF,M6OMF,Call Sign,Amateur Foundation Radio Licence,Available,N
M,6,OMH,M6OMH,Call Sign,Amateur Foundation Radio Licence,Available,N
M,6,OMJ,M6OMJ,Call Sign,Amateur Foundation Radio Licence,Available,N
M,6,OMK,M6OMK,Call Sign,Amateur Foundation Radio Licence,Available,N
M,6,OML,M6OML,Call Sign,Amateur Foundation Radio Licence,Available,N
M,6,OMM,M6OMM,Call Sign,Amateur Foundation Radio Licence,Available,N
M,6,OMP,M6OMP,Call Sign,Amateur Foundation Radio Licence,Available,N
M,6,OMQ,M6OMQ,Call Sign,Amateur Foundation Radio Licence,Available,N
M,6,OMU,M6OMU,Call Sign,Amateur Foundation Radio Licence,Available,N
M,6,OMW,M6OMW,Call Sign,Amateur Foundation Radio Licence,Available,N
M,6,OMX,M6OMX,Call Sign,Amateur Foundation Radio Licence,Available,N
M,6,OMY,M6OMY,Call Sign,Amateur Foundation Radio Licence,Available,N
M,6,ONA,M6ONA,Call Sign,Amateur Foundation Radio Licence,Available,N
M,6,ONB,M6ONB,Call Sign,Amateur Foundation Radio Licence,Available,N
M,6,ONC,M6ONC,Call Sign,Amateur Foundation Radio Licence,Available,N
M,6,ONF,M6ONF,Call Sign,Amateur Foundation Radio Licence,Available,N
M,6,ONH,M6ONH,Call Sign,Amateur Foundation Radio Licence,Available,N
M,6,ONJ,M6ONJ,Call Sign,Amateur Foundation Radio Licence,Available,N
M,6,ONM,M6ONM,Call Sign,Amateur Foundation Radio Licence,Available,N
M,6,ONN,M6ONN,Call Sign,Amateur Foundation Radio Licence,Available,N
M,6,ONP,M6ONP,Call Sign,Amateur Foundation Radio Licence,Available,N
M,6,ONQ,M6ONQ,Call Sign,Amateur Foundation Radio Licence,Available,N
M,6,ONS,M6ONS,Call Sign,Amateur Foundation Radio Licence,Available,N
M,6,ONT,M6ONT,Call Sign,Amateur Foundation Radio Licence,Available,N
M,6,ONU,M6ONU,Call Sign,Amateur Foundation Radio Licence,Available,N
M,6,ONV,M6ONV,Call Sign,Amateur Foundation Radio Licence,Available,N
M,6,ONW,M6ONW,Call Sign,Amateur Foundation Radio Licence,Available,N
M,6,OOA,M6OOA,Call Sign,Amateur Foundation Radio Licence,Available,N
M,6,OOE,M6OOE,Call Sign,Amateur Foundation Radio Licence,Available,N
M,6,OOF,M6OOF,Call Sign,Amateur Foundation Radio Licence,Available,N
M,6,OOH,M6OOH,Call Sign,Amateur Foundation Radio Licence,Available,N
M,6,OOI,M6OOI,Call Sign,Amateur Foundation Radio Licence,Available,N
M,6,OOL,M6OOL,Call Sign,Amateur Foundation Radio Licence,Available,N
M,6,OOQ,M6OOQ,Call Sign,Amateur Foundation Radio Licence,Available,N
M,6,OOR,M6OOR,Call Sign,Amateur Foundation Radio Licence,Available,N
M,6,OOT,M6OOT,Call Sign,Amateur Foundation Radio Licence,Available,N
M,6,OOU,M6OOU,Call Sign,Amateur Foundation Radio Licence,Available,N
M,6,OOV,M6OOV,Call Sign,Amateur Foundation Radio Licence,Available,N
M,6,OOY,M6OOY,Call Sign,Amateur Foundation Radio Licence,Available,N
M,6,OPB,M6OPB,Call Sign,Amateur Foundation Radio Licence,Available,N
M,6,OPE,M6OPE,Call Sign,Amateur Foundation Radio Licence,Available,N
M,6,OPF,M6OPF,Call Sign,Amateur Foundation Radio Licence,Available,N
M,6,OPG,M6OPG,Call Sign,Amateur Foundation Radio Licence,Available,N
M,6,OPH,M6OPH,Call Sign,Amateur Foundation Radio Licence,Available,N
M,6,OPI,M6OPI,Call Sign,Amateur Foundation Radio Licence,Available,N
M,6,OPJ,M6OPJ,Call Sign,Amateur Foundation Radio Licence,Available,N
M,6,OPK,M6OPK,Call Sign,Amateur Foundation Radio Licence,Available,N
M,6,OPN,M6OPN,Call Sign,Amateur Foundation Radio Licence,Available,N
M,6,OPP,M6OPP,Call Sign,Amateur Foundation Radio Licence,Available,N
M,6,OPQ,M6OPQ,Call Sign,Amateur Foundation Radio Licence,Available,N
M,6,OPU,M6OPU,Call Sign,Amateur Foundation Radio Licence,Available,N
M,6,OPV,M6OPV,Call Sign,Amateur Foundation Radio Licence,Available,N
M,6,OPW,M6OPW,Call Sign,Amateur Foundation Radio Licence,Available,N
M,6,OPX,M6OPX,Call Sign,Amateur Foundation Radio Licence,Available,N
M,6,OPY,M6OPY,Call Sign,Amateur Foundation Radio Licence,Available,N
M,6,OPZ,M6OPZ,Call Sign,Amateur Foundation Radio Licence,Available,N
M,6,OQA,M6OQA,Call Sign,Amateur Foundation Radio Licence,Available,N
M,6,OQB,M6OQB,Call Sign,Amateur Foundation Radio Licence,Available,N
M,6,OQC,M6OQC,Call Sign,Amateur Foundation Radio Licence,Available,N
M,6,OQD,M6OQD,Call Sign,Amateur Foundation Radio Licence,Available,N
M,6,OQE,M6OQE,Call Sign,Amateur Foundation Radio Licence,Available,N
M,6,OQF,M6OQF,Call Sign,Amateur Foundation Radio Licence,Available,N
M,6,OQG,M6OQG,Call Sign,Amateur Foundation Radio Licence,Available,N
M,6,OQH,M6OQH,Call Sign,Amateur Foundation Radio Licence,Available,N
M,6,OQI,M6OQI,Call Sign,Amateur Foundation Radio Licence,Available,N
M,6,OQJ,M6OQJ,Call Sign,Amateur Foundation Radio Licence,Available,N
M,6,OQK,M6OQK,Call Sign,Amateur Foundation Radio Licence,Available,N
M,6,OQL,M6OQL,Call Sign,Amateur Foundation Radio Licence,Available,N
M,6,OQM,M6OQM,Call Sign,Amateur Foundation Radio Licence,Available,N
M,6,OQN,M6OQN,Call Sign,Amateur Foundation Radio Licence,Available,N
M,6,OQO,M6OQO,Call Sign,Amateur Foundation Radio Licence,Available,N
M,6,OQP,M6OQP,Call Sign,Amateur Foundation Radio Licence,Available,N
M,6,OQQ,M6OQQ,Call Sign,Amateur Foundation Radio Licence,Available,N
M,6,OQR,M6OQR,Call Sign,Amateur Foundation Radio Licence,Available,N
M,6,OQS,M6OQS,Call Sign,Amateur Foundation Radio Licence,Available,N
M,6,OQT,M6OQT,Call Sign,Amateur Foundation Radio Licence,Available,N
M,6,OQU,M6OQU,Call Sign,Amateur Foundation Radio Licence,Available,N
M,6,OQV,M6OQV,Call Sign,Amateur Foundation Radio Licence,Available,N
M,6,OQW,M6OQW,Call Sign,Amateur Foundation Radio Licence,Available,N
M,6,OQX,M6OQX,Call Sign,Amateur Foundation Radio Licence,Available,N
M,6,OQY,M6OQY,Call Sign,Amateur Foundation Radio Licence,Available,N
M,6,OQZ,M6OQZ,Call Sign,Amateur Foundation Radio Licence,Available,N
M,6,ORF,M6ORF,Call Sign,Amateur Foundation Radio Licence,Available,N
M,6,ORH,M6ORH,Call Sign,Amateur Foundation Radio Licence,Available,N
M,6,ORJ,M6ORJ,Call Sign,Amateur Foundation Radio Licence,Available,N
M,6,ORL,M6ORL,Call Sign,Amateur Foundation Radio Licence,Available,N
M,6,ORQ,M6ORQ,Call Sign,Amateur Foundation Radio Licence,Available,N
M,6,ORR,M6ORR,Call Sign,Amateur Foundation Radio Licence,Available,N
M,6,ORT,M6ORT,Call Sign,Amateur Foundation Radio Licence,Available,N
M,6,ORU,M6ORU,Call Sign,Amateur Foundation Radio Licence,Available,N
M,6,ORV,M6ORV,Call Sign,Amateur Foundation Radio Licence,Available,N
M,6,ORX,M6ORX,Call Sign,Amateur Foundation Radio Licence,Available,N
M,6,ORY,M6ORY,Call Sign,Amateur Foundation Radio Licence,Available,N
M,6,ORZ,M6ORZ,Call Sign,Amateur Foundation Radio Licence,Available,N
M,6,OSD,M6OSD,Call Sign,Amateur Foundation Radio Licence,Available,N
M,6,OSJ,M6OSJ,Call Sign,Amateur Foundation Radio Licence,Available,N
M,6,OSK,M6OSK,Call Sign,Amateur Foundation Radio Licence,Available,N
M,6,OSM,M6OSM,Call Sign,Amateur Foundation Radio Licence,Available,N
M,6,OSN,M6OSN,Call Sign,Amateur Foundation Radio Licence,Available,N
M,6,OSP,M6OSP,Call Sign,Amateur Foundation Radio Licence,Available,N
M,6,OSQ,M6OSQ,Call Sign,Amateur Foundation Radio Licence,Available,N
M,6,OSR,M6OSR,Call Sign,Amateur Foundation Radio Licence,Available,N
M,6,OSV,M6OSV,Call Sign,Amateur Foundation Radio Licence,Available,N
M,6,OSW,M6OSW,Call Sign,Amateur Foundation Radio Licence,Available,N
M,6,OSZ,M6OSZ,Call Sign,Amateur Foundation Radio Licence,Available,N
M,6,OTC,M6OTC,Call Sign,Amateur Foundation Radio Licence,Available,N
M,6,OTD,M6OTD,Call Sign,Amateur Foundation Radio Licence,Available,N
M,6,OTE,M6OTE,Call Sign,Amateur Foundation Radio Licence,Available,N
M,6,OTF,M6OTF,Call Sign,Amateur Foundation Radio Licence,Available,N
M,6,OTI,M6OTI,Call Sign,Amateur Foundation Radio Licence,Available,N
M,6,OTJ,M6OTJ,Call Sign,Amateur Foundation Radio Licence,Available,N
M,6,OTK,M6OTK,Call Sign,Amateur Foundation Radio Licence,Available,N
M,6,OTM,M6OTM,Call Sign,Amateur Foundation Radio Licence,Available,N
M,6,OTN,M6OTN,Call Sign,Amateur Foundation Radio Licence,Available,N
M,6,OTP,M6OTP,Call Sign,Amateur Foundation Radio Licence,Available,N
M,6,OTQ,M6OTQ,Call Sign,Amateur Foundation Radio Licence,Available,N
M,6,OTR,M6OTR,Call Sign,Amateur Foundation Radio Licence,Available,N
M,6,OTS,M6OTS,Call Sign,Amateur Foundation Radio Licence,Available,N
M,6,OTU,M6OTU,Call Sign,Amateur Foundation Radio Licence,Available,N
M,6,OTV,M6OTV,Call Sign,Amateur Foundation Radio Licence,Available,N
M,6,OTY,M6OTY,Call Sign,Amateur Foundation Radio Licence,Available,N
M,6,OUA,M6OUA,Call Sign,Amateur Foundation Radio Licence,Available,N
M,6,OUB,M6OUB,Call Sign,Amateur Foundation Radio Licence,Available,N
M,6,OUC,M6OUC,Call Sign,Amateur Foundation Radio Licence,Available,N
M,6,OUE,M6OUE,Call Sign,Amateur Foundation Radio Licence,Available,N
M,6,OUF,M6OUF,Call Sign,Amateur Foundation Radio Licence,Available,N
M,6,OUG,M6OUG,Call Sign,Amateur Foundation Radio Licence,Available,N
M,6,OUH,M6OUH,Call Sign,Amateur Foundation Radio Licence,Available,N
M,6,OUJ,M6OUJ,Call Sign,Amateur Foundation Radio Licence,Available,N
M,6,OUL,M6OUL,Call Sign,Amateur Foundation Radio Licence,Available,N
M,6,OUM,M6OUM,Call Sign,Amateur Foundation Radio Licence,Available,N
M,6,OUN,M6OUN,Call Sign,Amateur Foundation Radio Licence,Available,N
M,6,OUO,M6OUO,Call Sign,Amateur Foundation Radio Licence,Available,N
M,6,OUP,M6OUP,Call Sign,Amateur Foundation Radio Licence,Available,N
M,6,OUQ,M6OUQ,Call Sign,Amateur Foundation Radio Licence,Available,N
M,6,OUR,M6OUR,Call Sign,Amateur Foundation Radio Licence,Available,N
M,6,OUU,M6OUU,Call Sign,Amateur Foundation Radio Licence,Available,N
M,6,OUV,M6OUV,Call Sign,Amateur Foundation Radio Licence,Available,N
M,6,OUW,M6OUW,Call Sign,Amateur Foundation Radio Licence,Available,N
M,6,OUX,M6OUX,Call Sign,Amateur Foundation Radio Licence,Available,N
M,6,OUY,M6OUY,Call Sign,Amateur Foundation Radio Licence,Available,N
M,6,OUZ,M6OUZ,Call Sign,Amateur Foundation Radio Licence,Available,N
M,6,OVC,M6OVC,Call Sign,Amateur Foundation Radio Licence,Available,N
M,6,OVD,M6OVD,Call Sign,Amateur Foundation Radio Licence,Available,N
M,6,OVF,M6OVF,Call Sign,Amateur Foundation Radio Licence,Available,N
M,6,OVG,M6OVG,Call Sign,Amateur Foundation Radio Licence,Available,N
M,6,OVH,M6OVH,Call Sign,Amateur Foundation Radio Licence,Available,N
M,6,OVJ,M6OVJ,Call Sign,Amateur Foundation Radio Licence,Available,N
M,6,OVK,M6OVK,Call Sign,Amateur Foundation Radio Licence,Available,N
M,6,OVL,M6OVL,Call Sign,Amateur Foundation Radio Licence,Available,N
M,6,OVM,M6OVM,Call Sign,Amateur Foundation Radio Licence,Available,N
M,6,OVN,M6OVN,Call Sign,Amateur Foundation Radio Licence,Available,N
M,6,OVO,M6OVO,Call Sign,Amateur Foundation Radio Licence,Available,N
M,6,OVP,M6OVP,Call Sign,Amateur Foundation Radio Licence,Available,N
M,6,OVQ,M6OVQ,Call Sign,Amateur Foundation Radio Licence,Available,N
M,6,OVS,M6OVS,Call Sign,Amateur Foundation Radio Licence,Available,N
M,6,OVT,M6OVT,Call Sign,Amateur Foundation Radio Licence,Available,N
M,6,OVU,M6OVU,Call Sign,Amateur Foundation Radio Licence,Available,N
M,6,OVV,M6OVV,Call Sign,Amateur Foundation Radio Licence,Available,N
M,6,OVW,M6OVW,Call Sign,Amateur Foundation Radio Licence,Available,N
M,6,OVX,M6OVX,Call Sign,Amateur Foundation Radio Licence,Available,N
M,6,OVY,M6OVY,Call Sign,Amateur Foundation Radio Licence,Available,N
M,6,OVZ,M6OVZ,Call Sign,Amateur Foundation Radio Licence,Available,N
M,6,OWB,M6OWB,Call Sign,Amateur Foundation Radio Licence,Available,N
M,6,OWC,M6OWC,Call Sign,Amateur Foundation Radio Licence,Available,N
M,6,OWD,M6OWD,Call Sign,Amateur Foundation Radio Licence,Available,N
M,6,OWE,M6OWE,Call Sign,Amateur Foundation Radio Licence,Available,N
M,6,OWF,M6OWF,Call Sign,Amateur Foundation Radio Licence,Available,N
M,6,OWG,M6OWG,Call Sign,Amateur Foundation Radio Licence,Available,N
M,6,OWH,M6OWH,Call Sign,Amateur Foundation Radio Licence,Available,N
M,6,OWI,M6OWI,Call Sign,Amateur Foundation Radio Licence,Available,N
M,6,OWJ,M6OWJ,Call Sign,Amateur Foundation Radio Licence,Available,N
M,6,OWO,M6OWO,Call Sign,Amateur Foundation Radio Licence,Available,N
M,6,OWP,M6OWP,Call Sign,Amateur Foundation Radio Licence,Available,N
M,6,OWQ,M6OWQ,Call Sign,Amateur Foundation Radio Licence,Available,N
M,6,OWS,M6OWS,Call Sign,Amateur Foundation Radio Licence,Available,N
M,6,OWU,M6OWU,Call Sign,Amateur Foundation Radio Licence,Available,N
M,6,OWV,M6OWV,Call Sign,Amateur Foundation Radio Licence,Available,N
M,6,OWX,M6OWX,Call Sign,Amateur Foundation Radio Licence,Available,N
M,6,OWY,M6OWY,Call Sign,Amateur Foundation Radio Licence,Available,N
M,6,OWZ,M6OWZ,Call Sign,Amateur Foundation Radio Licence,Available,N
M,6,OXA,M6OXA,Call Sign,Amateur Foundation Radio Licence,Available,N
M,6,OXC,M6OXC,Call Sign,Amateur Foundation Radio Licence,Available,N
M,6,OXD,M6OXD,Call Sign,Amateur Foundation Radio Licence,Available,N
M,6,OXE,M6OXE,Call Sign,Amateur Foundation Radio Licence,Available,N
M,6,OXG,M6OXG,Call Sign,Amateur Foundation Radio Licence,Available,N
M,6,OXH,M6OXH,Call Sign,Amateur Foundation Radio Licence,Available,N
M,6,OXI,M6OXI,Call Sign,Amateur Foundation Radio Licence,Available,N
M,6,OXJ,M6OXJ,Call Sign,Amateur Foundation Radio Licence,Available,N
M,6,OXK,M6OXK,Call Sign,Amateur Foundation Radio Licence,Available,N
M,6,OXL,M6OXL,Call Sign,Amateur Foundation Radio Licence,Available,N
M,6,OXM,M6OXM,Call Sign,Amateur Foundation Radio Licence,Available,N
M,6,OXN,M6OXN,Call Sign,Amateur Foundation Radio Licence,Available,N
M,6,OXP,M6OXP,Call Sign,Amateur Foundation Radio Licence,Available,N
M,6,OXQ,M6OXQ,Call Sign,Amateur Foundation Radio Licence,Available,N
M,6,OXR,M6OXR,Call Sign,Amateur Foundation Radio Licence,Available,N
M,6,OXS,M6OXS,Call Sign,Amateur Foundation Radio Licence,Available,N
M,6,OXT,M6OXT,Call Sign,Amateur Foundation Radio Licence,Available,N
M,6,OXU,M6OXU,Call Sign,Amateur Foundation Radio Licence,Available,N
M,6,OXV,M6OXV,Call Sign,Amateur Foundation Radio Licence,Available,N
M,6,OXW,M6OXW,Call Sign,Amateur Foundation Radio Licence,Available,N
M,6,OXZ,M6OXZ,Call Sign,Amateur Foundation Radio Licence,Available,N
M,6,OYC,M6OYC,Call Sign,Amateur Foundation Radio Licence,Available,N
M,6,OYE,M6OYE,Call Sign,Amateur Foundation Radio Licence,Available,N
M,6,OYG,M6OYG,Call Sign,Amateur Foundation Radio Licence,Available,N
M,6,OYH,M6OYH,Call Sign,Amateur Foundation Radio Licence,Available,N
M,6,OYI,M6OYI,Call Sign,Amateur Foundation Radio Licence,Available,N
M,6,OYJ,M6OYJ,Call Sign,Amateur Foundation Radio Licence,Available,N
M,6,OYK,M6OYK,Call Sign,Amateur Foundation Radio Licence,Available,N
M,6,OYL,M6OYL,Call Sign,Amateur Foundation Radio Licence,Available,N
M,6,OYM,M6OYM,Call Sign,Amateur Foundation Radio Licence,Available,N
M,6,OYN,M6OYN,Call Sign,Amateur Foundation Radio Licence,Available,N
M,6,OYO,M6OYO,Call Sign,Amateur Foundation Radio Licence,Available,N
M,6,OYP,M6OYP,Call Sign,Amateur Foundation Radio Licence,Available,N
M,6,OYQ,M6OYQ,Call Sign,Amateur Foundation Radio Licence,Available,N
M,6,OYR,M6OYR,Call Sign,Amateur Foundation Radio Licence,Available,N
M,6,OYS,M6OYS,Call Sign,Amateur Foundation Radio Licence,Available,N
M,6,OYT,M6OYT,Call Sign,Amateur Foundation Radio Licence,Available,N
M,6,OYU,M6OYU,Call Sign,Amateur Foundation Radio Licence,Available,N
M,6,OYV,M6OYV,Call Sign,Amateur Foundation Radio Licence,Available,N
M,6,OYW,M6OYW,Call Sign,Amateur Foundation Radio Licence,Available,N
M,6,OYX,M6OYX,Call Sign,Amateur Foundation Radio Licence,Available,N
M,6,OYY,M6OYY,Call Sign,Amateur Foundation Radio Licence,Available,N
M,6,OYZ,M6OYZ,Call Sign,Amateur Foundation Radio Licence,Available,N
M,6,OZA,M6OZA,Call Sign,Amateur Foundation Radio Licence,Available,N
M,6,OZB,M6OZB,Call Sign,Amateur Foundation Radio Licence,Available,N
M,6,OZC,M6OZC,Call Sign,Amateur Foundation Radio Licence,Available,N
M,6,OZE,M6OZE,Call Sign,Amateur Foundation Radio Licence,Available,N
M,6,OZG,M6OZG,Call Sign,Amateur Foundation Radio Licence,Available,N
M,6,OZH,M6OZH,Call Sign,Amateur Foundation Radio Licence,Available,N
M,6,OZJ,M6OZJ,Call Sign,Amateur Foundation Radio Licence,Available,N
M,6,OZK,M6OZK,Call Sign,Amateur Foundation Radio Licence,Available,N
M,6,OZL,M6OZL,Call Sign,Amateur Foundation Radio Licence,Available,N
M,6,OZM,M6OZM,Call Sign,Amateur Foundation Radio Licence,Available,N
M,6,OZN,M6OZN,Call Sign,Amateur Foundation Radio Licence,Available,N
M,6,OZP,M6OZP,Call Sign,Amateur Foundation Radio Licence,Available,N
M,6,OZQ,M6OZQ,Call Sign,Amateur Foundation Radio Licence,Available,N
M,6,OZR,M6OZR,Call Sign,Amateur Foundation Radio Licence,Available,N
M,6,OZS,M6OZS,Call Sign,Amateur Foundation Radio Licence,Available,N
M,6,OZU,M6OZU,Call Sign,Amateur Foundation Radio Licence,Available,N
M,6,OZV,M6OZV,Call Sign,Amateur Foundation Radio Licence,Available,N
M,6,OZW,M6OZW,Call Sign,Amateur Foundation Radio Licence,Available,N
M,6,OZX,M6OZX,Call Sign,Amateur Foundation Radio Licence,Available,N
M,6,PEV,M6PEV,Call Sign,Amateur Foundation Radio Licence,Available,N
M,6,PFN,M6PFN,Call Sign,Amateur Foundation Radio Licence,Available,N
M,6,PFP,M6PFP,Call Sign,Amateur Foundation Radio Licence,Available,N
M,6,PFQ,M6PFQ,Call Sign,Amateur Foundation Radio Licence,Available,N
M,6,PFS,M6PFS,Call Sign,Amateur Foundation Radio Licence,Available,N
M,6,PFT,M6PFT,Call Sign,Amateur Foundation Radio Licence,Available,N
M,6,PFU,M6PFU,Call Sign,Amateur Foundation Radio Licence,Available,N
M,6,PFY,M6PFY,Call Sign,Amateur Foundation Radio Licence,Available,N
M,6,PFZ,M6PFZ,Call Sign,Amateur Foundation Radio Licence,Available,N
M,6,PGE,M6PGE,Call Sign,Amateur Foundation Radio Licence,Available,N
M,6,PGF,M6PGF,Call Sign,Amateur Foundation Radio Licence,Available,N
M,6,PGI,M6PGI,Call Sign,Amateur Foundation Radio Licence,Available,N
M,6,PGJ,M6PGJ,Call Sign,Amateur Foundation Radio Licence,Available,N
M,6,PGK,M6PGK,Call Sign,Amateur Foundation Radio Licence,Available,N
M,6,PGO,M6PGO,Call Sign,Amateur Foundation Radio Licence,Available,N
M,6,PGQ,M6PGQ,Call Sign,Amateur Foundation Radio Licence,Available,N
M,6,PGS,M6PGS,Call Sign,Amateur Foundation Radio Licence,Available,N
M,6,PGU,M6PGU,Call Sign,Amateur Foundation Radio Licence,Available,N
M,6,PGV,M6PGV,Call Sign,Amateur Foundation Radio Licence,Available,N
M,6,PGX,M6PGX,Call Sign,Amateur Foundation Radio Licence,Available,N
M,6,PGY,M6PGY,Call Sign,Amateur Foundation Radio Licence,Available,N
M,6,PGZ,M6PGZ,Call Sign,Amateur Foundation Radio Licence,Available,N
M,6,PHF,M6PHF,Call Sign,Amateur Foundation Radio Licence,Available,N
M,6,PHH,M6PHH,Call Sign,Amateur Foundation Radio Licence,Available,N
M,6,PHN,M6PHN,Call Sign,Amateur Foundation Radio Licence,Available,N
M,6,PHO,M6PHO,Call Sign,Amateur Foundation Radio Licence,Available,N
M,6,PHQ,M6PHQ,Call Sign,Amateur Foundation Radio Licence,Available,N
M,6,PHU,M6PHU,Call Sign,Amateur Foundation Radio Licence,Available,N
M,6,PHV,M6PHV,Call Sign,Amateur Foundation Radio Licence,Available,N
M,6,PHZ,M6PHZ,Call Sign,Amateur Foundation Radio Licence,Available,N
M,6,PIA,M6PIA,Call Sign,Amateur Foundation Radio Licence,Available,N
M,6,PIB,M6PIB,Call Sign,Amateur Foundation Radio Licence,Available,N
M,6,PID,M6PID,Call Sign,Amateur Foundation Radio Licence,Available,N
M,6,PIF,M6PIF,Call Sign,Amateur Foundation Radio Licence,Available,N
M,6,PII,M6PII,Call Sign,Amateur Foundation Radio Licence,Available,N
M,6,PIJ,M6PIJ,Call Sign,Amateur Foundation Radio Licence,Available,N
M,6,PIO,M6PIO,Call Sign,Amateur Foundation Radio Licence,Available,N
M,6,PIQ,M6PIQ,Call Sign,Amateur Foundation Radio Licence,Available,N
M,6,PIR,M6PIR,Call Sign,Amateur Foundation Radio Licence,Available,N
M,6,PIU,M6PIU,Call Sign,Amateur Foundation Radio Licence,Available,N
M,6,PIV,M6PIV,Call Sign,Amateur Foundation Radio Licence,Available,N
M,6,PIW,M6PIW,Call Sign,Amateur Foundation Radio Licence,Available,N
M,6,PIY,M6PIY,Call Sign,Amateur Foundation Radio Licence,Available,N
M,6,PJG,M6PJG,Call Sign,Amateur Foundation Radio Licence,Available,N
M,6,PJI,M6PJI,Call Sign,Amateur Foundation Radio Licence,Available,N
M,6,PJL,M6PJL,Call Sign,Amateur Foundation Radio Licence,Available,N
M,6,PJO,M6PJO,Call Sign,Amateur Foundation Radio Licence,Available,N
M,6,PJQ,M6PJQ,Call Sign,Amateur Foundation Radio Licence,Available,N
M,6,PJR,M6PJR,Call Sign,Amateur Foundation Radio Licence,Available,N
M,6,PJU,M6PJU,Call Sign,Amateur Foundation Radio Licence,Available,N
M,6,PJV,M6PJV,Call Sign,Amateur Foundation Radio Licence,Available,N
M,6,PJX,M6PJX,Call Sign,Amateur Foundation Radio Licence,Available,N
M,6,PJY,M6PJY,Call Sign,Amateur Foundation Radio Licence,Available,N
M,6,PJZ,M6PJZ,Call Sign,Amateur Foundation Radio Licence,Available,N
M,6,PKE,M6PKE,Call Sign,Amateur Foundation Radio Licence,Available,N
M,6,PKF,M6PKF,Call Sign,Amateur Foundation Radio Licence,Available,N
M,6,PKH,M6PKH,Call Sign,Amateur Foundation Radio Licence,Available,N
M,6,PKI,M6PKI,Call Sign,Amateur Foundation Radio Licence,Available,N
M,6,PKJ,M6PKJ,Call Sign,Amateur Foundation Radio Licence,Available,N
M,6,PKQ,M6PKQ,Call Sign,Amateur Foundation Radio Licence,Available,N
M,6,PKV,M6PKV,Call Sign,Amateur Foundation Radio Licence,Available,N
M,6,PKX,M6PKX,Call Sign,Amateur Foundation Radio Licence,Available,N
M,6,PLO,M6PLO,Call Sign,Amateur Foundation Radio Licence,Available,N
M,6,PLQ,M6PLQ,Call Sign,Amateur Foundation Radio Licence,Available,N
M,6,PLR,M6PLR,Call Sign,Amateur Foundation Radio Licence,Available,N
M,6,PLS,M6PLS,Call Sign,Amateur Foundation Radio Licence,Available,N
M,6,PLX,M6PLX,Call Sign,Amateur Foundation Radio Licence,Available,N
M,6,PMO,M6PMO,Call Sign,Amateur Foundation Radio Licence,Available,N
M,6,PMQ,M6PMQ,Call Sign,Amateur Foundation Radio Licence,Available,N
M,6,PMU,M6PMU,Call Sign,Amateur Foundation Radio Licence,Available,N
M,6,PMV,M6PMV,Call Sign,Amateur Foundation Radio Licence,Available,N
M,6,PMY,M6PMY,Call Sign,Amateur Foundation Radio Licence,Available,N
M,6,PNB,M6PNB,Call Sign,Amateur Foundation Radio Licence,Available,N
M,6,PNC,M6PNC,Call Sign,Amateur Foundation Radio Licence,Available,N
M,6,PNE,M6PNE,Call Sign,Amateur Foundation Radio Licence,Available,N
M,6,PNF,M6PNF,Call Sign,Amateur Foundation Radio Licence,Available,N
M,6,PNH,M6PNH,Call Sign,Amateur Foundation Radio Licence,Available,N
M,6,PNI,M6PNI,Call Sign,Amateur Foundation Radio Licence,Available,N
M,6,PNO,M6PNO,Call Sign,Amateur Foundation Radio Licence,Available,N
M,6,PNQ,M6PNQ,Call Sign,Amateur Foundation Radio Licence,Available,N
M,6,PNU,M6PNU,Call Sign,Amateur Foundation Radio Licence,Available,N
M,6,PNV,M6PNV,Call Sign,Amateur Foundation Radio Licence,Available,N
M,6,PNX,M6PNX,Call Sign,Amateur Foundation Radio Licence,Available,N
M,6,POF,M6POF,Call Sign,Amateur Foundation Radio Licence,Available,N
M,6,POG,M6POG,Call Sign,Amateur Foundation Radio Licence,Available,N
M,6,POJ,M6POJ,Call Sign,Amateur Foundation Radio Licence,Available,N
M,6,POQ,M6POQ,Call Sign,Amateur Foundation Radio Licence,Available,N
M,6,POU,M6POU,Call Sign,Amateur Foundation Radio Licence,Available,N
M,6,POY,M6POY,Call Sign,Amateur Foundation Radio Licence,Available,N
M,6,PPA,M6PPA,Call Sign,Amateur Foundation Radio Licence,Available,N
M,6,PPB,M6PPB,Call Sign,Amateur Foundation Radio Licence,Available,N
M,6,PPC,M6PPC,Call Sign,Amateur Foundation Radio Licence,Available,N
M,6,PPE,M6PPE,Call Sign,Amateur Foundation Radio Licence,Available,N
M,6,PPF,M6PPF,Call Sign,Amateur Foundation Radio Licence,Available,N
M,6,PPN,M6PPN,Call Sign,Amateur Foundation Radio Licence,Available,N
M,6,PPO,M6PPO,Call Sign,Amateur Foundation Radio Licence,Available,N
M,6,PPQ,M6PPQ,Call Sign,Amateur Foundation Radio Licence,Available,N
M,6,PPU,M6PPU,Call Sign,Amateur Foundation Radio Licence,Available,N
M,6,PPX,M6PPX,Call Sign,Amateur Foundation Radio Licence,Available,N
M,6,PQA,M6PQA,Call Sign,Amateur Foundation Radio Licence,Available,N
M,6,PQB,M6PQB,Call Sign,Amateur Foundation Radio Licence,Available,N
M,6,PQC,M6PQC,Call Sign,Amateur Foundation Radio Licence,Available,N
M,6,PQD,M6PQD,Call Sign,Amateur Foundation Radio Licence,Available,N
M,6,PQE,M6PQE,Call Sign,Amateur Foundation Radio Licence,Available,N
M,6,PQG,M6PQG,Call Sign,Amateur Foundation Radio Licence,Available,N
M,6,PQH,M6PQH,Call Sign,Amateur Foundation Radio Licence,Available,N
M,6,PQI,M6PQI,Call Sign,Amateur Foundation Radio Licence,Available,N
M,6,PQJ,M6PQJ,Call Sign,Amateur Foundation Radio Licence,Available,N
M,6,PQK,M6PQK,Call Sign,Amateur Foundation Radio Licence,Available,N
M,6,PQL,M6PQL,Call Sign,Amateur Foundation Radio Licence,Available,N
M,6,PQM,M6PQM,Call Sign,Amateur Foundation Radio Licence,Available,N
M,6,PQN,M6PQN,Call Sign,Amateur Foundation Radio Licence,Available,N
M,6,PQO,M6PQO,Call Sign,Amateur Foundation Radio Licence,Available,N
M,6,PQP,M6PQP,Call Sign,Amateur Foundation Radio Licence,Available,N
M,6,PQQ,M6PQQ,Call Sign,Amateur Foundation Radio Licence,Available,N
M,6,PQR,M6PQR,Call Sign,Amateur Foundation Radio Licence,Available,N
M,6,PQS,M6PQS,Call Sign,Amateur Foundation Radio Licence,Available,N
M,6,PQT,M6PQT,Call Sign,Amateur Foundation Radio Licence,Available,N
M,6,PQU,M6PQU,Call Sign,Amateur Foundation Radio Licence,Available,N
M,6,PQV,M6PQV,Call Sign,Amateur Foundation Radio Licence,Available,N
M,6,PQW,M6PQW,Call Sign,Amateur Foundation Radio Licence,Available,N
M,6,PQX,M6PQX,Call Sign,Amateur Foundation Radio Licence,Available,N
M,6,PQZ,M6PQZ,Call Sign,Amateur Foundation Radio Licence,Available,N
M,6,PRD,M6PRD,Call Sign,Amateur Foundation Radio Licence,Available,N
M,6,PRF,M6PRF,Call Sign,Amateur Foundation Radio Licence,Available,N
M,6,PRK,M6PRK,Call Sign,Amateur Foundation Radio Licence,Available,N
M,6,PRL,M6PRL,Call Sign,Amateur Foundation Radio Licence,Available,N
M,6,PRQ,M6PRQ,Call Sign,Amateur Foundation Radio Licence,Available,N
M,6,PRU,M6PRU,Call Sign,Amateur Foundation Radio Licence,Available,N
M,6,PRY,M6PRY,Call Sign,Amateur Foundation Radio Licence,Available,N
M,6,PSF,M6PSF,Call Sign,Amateur Foundation Radio Licence,Available,N
M,6,PSL,M6PSL,Call Sign,Amateur Foundation Radio Licence,Available,N
M,6,PSQ,M6PSQ,Call Sign,Amateur Foundation Radio Licence,Available,N
M,6,PSR,M6PSR,Call Sign,Amateur Foundation Radio Licence,Available,N
M,6,PTD,M6PTD,Call Sign,Amateur Foundation Radio Licence,Available,N
M,6,PTI,M6PTI,Call Sign,Amateur Foundation Radio Licence,Available,N
M,6,PTJ,M6PTJ,Call Sign,Amateur Foundation Radio Licence,Available,N
M,6,PTK,M6PTK,Call Sign,Amateur Foundation Radio Licence,Available,N
M,6,PTL,M6PTL,Call Sign,Amateur Foundation Radio Licence,Available,N
M,6,PTQ,M6PTQ,Call Sign,Amateur Foundation Radio Licence,Available,N
M,6,PTU,M6PTU,Call Sign,Amateur Foundation Radio Licence,Available,N
M,6,PTV,M6PTV,Call Sign,Amateur Foundation Radio Licence,Available,N
M,6,PTX,M6PTX,Call Sign,Amateur Foundation Radio Licence,Available,N
M,6,PTZ,M6PTZ,Call Sign,Amateur Foundation Radio Licence,Available,N
M,6,PUA,M6PUA,Call Sign,Amateur Foundation Radio Licence,Available,N
M,6,PUE,M6PUE,Call Sign,Amateur Foundation Radio Licence,Available,N
M,6,PUH,M6PUH,Call Sign,Amateur Foundation Radio Licence,Available,N
M,6,PUI,M6PUI,Call Sign,Amateur Foundation Radio Licence,Available,N
M,6,PUJ,M6PUJ,Call Sign,Amateur Foundation Radio Licence,Available,N
M,6,PUK,M6PUK,Call Sign,Amateur Foundation Radio Licence,Available,N
M,6,PUM,M6PUM,Call Sign,Amateur Foundation Radio Licence,Available,N
M,6,PUO,M6PUO,Call Sign,Amateur Foundation Radio Licence,Available,N
M,6,PUU,M6PUU,Call Sign,Amateur Foundation Radio Licence,Available,N
M,6,PUV,M6PUV,Call Sign,Amateur Foundation Radio Licence,Available,N
M,6,PUW,M6PUW,Call Sign,Amateur Foundation Radio Licence,Available,N
M,6,PUZ,M6PUZ,Call Sign,Amateur Foundation Radio Licence,Available,N
M,6,PVA,M6PVA,Call Sign,Amateur Foundation Radio Licence,Available,N
M,6,PVB,M6PVB,Call Sign,Amateur Foundation Radio Licence,Available,N
M,6,PVD,M6PVD,Call Sign,Amateur Foundation Radio Licence,Available,N
M,6,PVE,M6PVE,Call Sign,Amateur Foundation Radio Licence,Available,N
M,6,PVF,M6PVF,Call Sign,Amateur Foundation Radio Licence,Available,N
M,6,PVG,M6PVG,Call Sign,Amateur Foundation Radio Licence,Available,N
M,6,PVH,M6PVH,Call Sign,Amateur Foundation Radio Licence,Available,N
M,6,PVI,M6PVI,Call Sign,Amateur Foundation Radio Licence,Available,N
M,6,PVJ,M6PVJ,Call Sign,Amateur Foundation Radio Licence,Available,N
M,6,PVK,M6PVK,Call Sign,Amateur Foundation Radio Licence,Available,N
M,6,PVO,M6PVO,Call Sign,Amateur Foundation Radio Licence,Available,N
M,6,PVP,M6PVP,Call Sign,Amateur Foundation Radio Licence,Available,N
M,6,PVQ,M6PVQ,Call Sign,Amateur Foundation Radio Licence,Available,N
M,6,PVR,M6PVR,Call Sign,Amateur Foundation Radio Licence,Available,N
M,6,PVS,M6PVS,Call Sign,Amateur Foundation Radio Licence,Available,N
M,6,PVT,M6PVT,Call Sign,Amateur Foundation Radio Licence,Available,N
M,6,PVU,M6PVU,Call Sign,Amateur Foundation Radio Licence,Available,N
M,6,PVW,M6PVW,Call Sign,Amateur Foundation Radio Licence,Available,N
M,6,PVY,M6PVY,Call Sign,Amateur Foundation Radio Licence,Available,N
M,6,PVZ,M6PVZ,Call Sign,Amateur Foundation Radio Licence,Available,N
M,6,PWE,M6PWE,Call Sign,Amateur Foundation Radio Licence,Available,N
M,6,PWF,M6PWF,Call Sign,Amateur Foundation Radio Licence,Available,N
M,6,PWQ,M6PWQ,Call Sign,Amateur Foundation Radio Licence,Available,N
M,6,PWU,M6PWU,Call Sign,Amateur Foundation Radio Licence,Available,N
M,6,PWV,M6PWV,Call Sign,Amateur Foundation Radio Licence,Available,N
M,6,PWX,M6PWX,Call Sign,Amateur Foundation Radio Licence,Available,N
M,6,PWZ,M6PWZ,Call Sign,Amateur Foundation Radio Licence,Available,N
M,6,PXA,M6PXA,Call Sign,Amateur Foundation Radio Licence,Available,N
M,6,PXC,M6PXC,Call Sign,Amateur Foundation Radio Licence,Available,N
M,6,PXE,M6PXE,Call Sign,Amateur Foundation Radio Licence,Available,N
M,6,PXH,M6PXH,Call Sign,Amateur Foundation Radio Licence,Available,N
M,6,PXI,M6PXI,Call Sign,Amateur Foundation Radio Licence,Available,N
M,6,PXJ,M6PXJ,Call Sign,Amateur Foundation Radio Licence,Available,N
M,6,PXM,M6PXM,Call Sign,Amateur Foundation Radio Licence,Available,N
M,6,PXN,M6PXN,Call Sign,Amateur Foundation Radio Licence,Available,N
M,6,PXO,M6PXO,Call Sign,Amateur Foundation Radio Licence,Available,N
M,6,PXQ,M6PXQ,Call Sign,Amateur Foundation Radio Licence,Available,N
M,6,PXR,M6PXR,Call Sign,Amateur Foundation Radio Licence,Available,N
M,6,PXU,M6PXU,Call Sign,Amateur Foundation Radio Licence,Available,N
M,6,PXV,M6PXV,Call Sign,Amateur Foundation Radio Licence,Available,N
M,6,PXW,M6PXW,Call Sign,Amateur Foundation Radio Licence,Available,N
M,6,PXX,M6PXX,Call Sign,Amateur Foundation Radio Licence,Available,N
M,6,PXZ,M6PXZ,Call Sign,Amateur Foundation Radio Licence,Available,N
M,6,PYA,M6PYA,Call Sign,Amateur Foundation Radio Licence,Available,N
M,6,PYB,M6PYB,Call Sign,Amateur Foundation Radio Licence,Available,N
M,6,PYC,M6PYC,Call Sign,Amateur Foundation Radio Licence,Available,N
M,6,PYI,M6PYI,Call Sign,Amateur Foundation Radio Licence,Available,N
M,6,PYJ,M6PYJ,Call Sign,Amateur Foundation Radio Licence,Available,N
M,6,PYK,M6PYK,Call Sign,Amateur Foundation Radio Licence,Available,N
M,6,PYL,M6PYL,Call Sign,Amateur Foundation Radio Licence,Available,N
M,6,PYM,M6PYM,Call Sign,Amateur Foundation Radio Licence,Available,N
M,6,PYO,M6PYO,Call Sign,Amateur Foundation Radio Licence,Available,N
M,6,PYP,M6PYP,Call Sign,Amateur Foundation Radio Licence,Available,N
M,6,PYQ,M6PYQ,Call Sign,Amateur Foundation Radio Licence,Available,N
M,6,PYS,M6PYS,Call Sign,Amateur Foundation Radio Licence,Available,N
M,6,PYV,M6PYV,Call Sign,Amateur Foundation Radio Licence,Available,N
M,6,PYW,M6PYW,Call Sign,Amateur Foundation Radio Licence,Available,N
M,6,PYY,M6PYY,Call Sign,Amateur Foundation Radio Licence,Available,N
M,6,PYZ,M6PYZ,Call Sign,Amateur Foundation Radio Licence,Available,N
M,6,PZC,M6PZC,Call Sign,Amateur Foundation Radio Licence,Available,N
M,6,PZD,M6PZD,Call Sign,Amateur Foundation Radio Licence,Available,N
M,6,PZE,M6PZE,Call Sign,Amateur Foundation Radio Licence,Available,N
M,6,PZF,M6PZF,Call Sign,Amateur Foundation Radio Licence,Available,N
M,6,PZG,M6PZG,Call Sign,Amateur Foundation Radio Licence,Available,N
M,6,PZH,M6PZH,Call Sign,Amateur Foundation Radio Licence,Available,N
M,6,PZI,M6PZI,Call Sign,Amateur Foundation Radio Licence,Available,N
M,6,PZJ,M6PZJ,Call Sign,Amateur Foundation Radio Licence,Available,N
M,6,PZK,M6PZK,Call Sign,Amateur Foundation Radio Licence,Available,N
M,6,PZL,M6PZL,Call Sign,Amateur Foundation Radio Licence,Available,N
M,6,PZM,M6PZM,Call Sign,Amateur Foundation Radio Licence,Available,N
M,6,PZN,M6PZN,Call Sign,Amateur Foundation Radio Licence,Available,N
M,6,PZO,M6PZO,Call Sign,Amateur Foundation Radio Licence,Available,N
M,6,PZQ,M6PZQ,Call Sign,Amateur Foundation Radio Licence,Available,N
M,6,PZR,M6PZR,Call Sign,Amateur Foundation Radio Licence,Available,N
M,6,PZS,M6PZS,Call Sign,Amateur Foundation Radio Licence,Available,N
M,6,PZT,M6PZT,Call Sign,Amateur Foundation Radio Licence,Available,N
M,6,PZU,M6PZU,Call Sign,Amateur Foundation Radio Licence,Available,N
M,6,PZV,M6PZV,Call Sign,Amateur Foundation Radio Licence,Available,N
M,6,PZX,M6PZX,Call Sign,Amateur Foundation Radio Licence,Available,N
M,6,RIU,M6RIU,Call Sign,Amateur Foundation Radio Licence,Available,N
M,6,RJV,M6RJV,Call Sign,Amateur Foundation Radio Licence,Available,N
M,6,RJY,M6RJY,Call Sign,Amateur Foundation Radio Licence,Available,N
M,6,RKF,M6RKF,Call Sign,Amateur Foundation Radio Licence,Available,N
M,6,RKJ,M6RKJ,Call Sign,Amateur Foundation Radio Licence,Available,N
M,6,RKK,M6RKK,Call Sign,Amateur Foundation Radio Licence,Available,N
M,6,RKQ,M6RKQ,Call Sign,Amateur Foundation Radio Licence,Available,N
M,6,RKU,M6RKU,Call Sign,Amateur Foundation Radio Licence,Available,N
M,6,RLI,M6RLI,Call Sign,Amateur Foundation Radio Licence,Available,N
M,6,RLN,M6RLN,Call Sign,Amateur Foundation Radio Licence,Available,N
M,6,RLO,M6RLO,Call Sign,Amateur Foundation Radio Licence,Available,N
M,6,RLQ,M6RLQ,Call Sign,Amateur Foundation Radio Licence,Available,N
M,6,RLR,M6RLR,Call Sign,Amateur Foundation Radio Licence,Available,N
M,6,RLU,M6RLU,Call Sign,Amateur Foundation Radio Licence,Available,N
M,6,RLZ,M6RLZ,Call Sign,Amateur Foundation Radio Licence,Available,N
M,6,RMQ,M6RMQ,Call Sign,Amateur Foundation Radio Licence,Available,N
M,6,RNB,M6RNB,Call Sign,Amateur Foundation Radio Licence,Available,N
M,6,RNH,M6RNH,Call Sign,Amateur Foundation Radio Licence,Available,N
M,6,RNJ,M6RNJ,Call Sign,Amateur Foundation Radio Licence,Available,N
M,6,RNL,M6RNL,Call Sign,Amateur Foundation Radio Licence,Available,N
M,6,RNM,M6RNM,Call Sign,Amateur Foundation Radio Licence,Available,N
M,6,RNQ,M6RNQ,Call Sign,Amateur Foundation Radio Licence,Available,N
M,6,RNT,M6RNT,Call Sign,Amateur Foundation Radio Licence,Available,N
M,6,RNV,M6RNV,Call Sign,Amateur Foundation Radio Licence,Available,N
M,6,RNW,M6RNW,Call Sign,Amateur Foundation Radio Licence,Available,N
M,6,RNX,M6RNX,Call Sign,Amateur Foundation Radio Licence,Available,N
M,6,RNY,M6RNY,Call Sign,Amateur Foundation Radio Licence,Available,N
M,6,RNZ,M6RNZ,Call Sign,Amateur Foundation Radio Licence,Available,N
M,6,ROA,M6ROA,Call Sign,Amateur Foundation Radio Licence,Available,N
M,6,ROI,M6ROI,Call Sign,Amateur Foundation Radio Licence,Available,N
M,6,ROJ,M6ROJ,Call Sign,Amateur Foundation Radio Licence,Available,N
M,6,ROQ,M6ROQ,Call Sign,Amateur Foundation Radio Licence,Available,N
M,6,RPE,M6RPE,Call Sign,Amateur Foundation Radio Licence,Available,N
M,6,RPN,M6RPN,Call Sign,Amateur Foundation Radio Licence,Available,N
M,6,RPP,M6RPP,Call Sign,Amateur Foundation Radio Licence,Available,N
M,6,RPQ,M6RPQ,Call Sign,Amateur Foundation Radio Licence,Available,N
M,6,RPS,M6RPS,Call Sign,Amateur Foundation Radio Licence,Available,N
M,6,RPU,M6RPU,Call Sign,Amateur Foundation Radio Licence,Available,N
M,6,RPV,M6RPV,Call Sign,Amateur Foundation Radio Licence,Available,N
M,6,RPY,M6RPY,Call Sign,Amateur Foundation Radio Licence,Available,N
M,6,RQA,M6RQA,Call Sign,Amateur Foundation Radio Licence,Available,N
M,6,RQB,M6RQB,Call Sign,Amateur Foundation Radio Licence,Available,N
M,6,RQC,M6RQC,Call Sign,Amateur Foundation Radio Licence,Available,N
M,6,RQD,M6RQD,Call Sign,Amateur Foundation Radio Licence,Available,N
M,6,RQE,M6RQE,Call Sign,Amateur Foundation Radio Licence,Available,N
M,6,RQF,M6RQF,Call Sign,Amateur Foundation Radio Licence,Available,N
M,6,RQG,M6RQG,Call Sign,Amateur Foundation Radio Licence,Available,N
M,6,RQH,M6RQH,Call Sign,Amateur Foundation Radio Licence,Available,N
M,6,RQI,M6RQI,Call Sign,Amateur Foundation Radio Licence,Available,N
M,6,RQJ,M6RQJ,Call Sign,Amateur Foundation Radio Licence,Available,N
M,6,RQK,M6RQK,Call Sign,Amateur Foundation Radio Licence,Available,N
M,6,RQO,M6RQO,Call Sign,Amateur Foundation Radio Licence,Available,N
M,6,RQP,M6RQP,Call Sign,Amateur Foundation Radio Licence,Available,N
M,6,RQQ,M6RQQ,Call Sign,Amateur Foundation Radio Licence,Available,N
M,6,RQR,M6RQR,Call Sign,Amateur Foundation Radio Licence,Available,N
M,6,RQS,M6RQS,Call Sign,Amateur Foundation Radio Licence,Available,N
M,6,RQT,M6RQT,Call Sign,Amateur Foundation Radio Licence,Available,N
M,6,RQU,M6RQU,Call Sign,Amateur Foundation Radio Licence,Available,N
M,6,RQV,M6RQV,Call Sign,Amateur Foundation Radio Licence,Available,N
M,6,RQW,M6RQW,Call Sign,Amateur Foundation Radio Licence,Available,N
M,6,RQX,M6RQX,Call Sign,Amateur Foundation Radio Licence,Available,N
M,6,RQY,M6RQY,Call Sign,Amateur Foundation Radio Licence,Available,N
M,6,RQZ,M6RQZ,Call Sign,Amateur Foundation Radio Licence,Available,N
M,6,RRF,M6RRF,Call Sign,Amateur Foundation Radio Licence,Available,N
M,6,RRI,M6RRI,Call Sign,Amateur Foundation Radio Licence,Available,N
M,6,RRN,M6RRN,Call Sign,Amateur Foundation Radio Licence,Available,N
M,6,RRO,M6RRO,Call Sign,Amateur Foundation Radio Licence,Available,N
M,6,RRP,M6RRP,Call Sign,Amateur Foundation Radio Licence,Available,N
M,6,RRQ,M6RRQ,Call Sign,Amateur Foundation Radio Licence,Available,N
M,6,RRX,M6RRX,Call Sign,Amateur Foundation Radio Licence,Available,N
M,6,RSF,M6RSF,Call Sign,Amateur Foundation Radio Licence,Available,N
M,6,RSU,M6RSU,Call Sign,Amateur Foundation Radio Licence,Available,N
M,6,RSZ,M6RSZ,Call Sign,Amateur Foundation Radio Licence,Available,N
M,6,RTG,M6RTG,Call Sign,Amateur Foundation Radio Licence,Available,N
M,6,RTP,M6RTP,Call Sign,Amateur Foundation Radio Licence,Available,N
M,6,RTQ,M6RTQ,Call Sign,Amateur Foundation Radio Licence,Available,N
M,6,RUA,M6RUA,Call Sign,Amateur Foundation Radio Licence,Available,N
M,6,RUC,M6RUC,Call Sign,Amateur Foundation Radio Licence,Available,N
M,6,RUD,M6RUD,Call Sign,Amateur Foundation Radio Licence,Available,N
M,6,RUE,M6RUE,Call Sign,Amateur Foundation Radio Licence,Available,N
M,6,RUI,M6RUI,Call Sign,Amateur Foundation Radio Licence,Available,N
M,6,RUJ,M6RUJ,Call Sign,Amateur Foundation Radio Licence,Available,N
M,6,RUL,M6RUL,Call Sign,Amateur Foundation Radio Licence,Available,N
M,6,RUO,M6RUO,Call Sign,Amateur Foundation Radio Licence,Available,N
M,6,RUQ,M6RUQ,Call Sign,Amateur Foundation Radio Licence,Available,N
M,6,RUR,M6RUR,Call Sign,Amateur Foundation Radio Licence,Available,N
M,6,RUU,M6RUU,Call Sign,Amateur Foundation Radio Licence,Available,N
M,6,RUV,M6RUV,Call Sign,Amateur Foundation Radio Licence,Available,N
M,6,RUW,M6RUW,Call Sign,Amateur Foundation Radio Licence,Available,N
M,6,RUX,M6RUX,Call Sign,Amateur Foundation Radio Licence,Available,N
M,6,RUY,M6RUY,Call Sign,Amateur Foundation Radio Licence,Available,N
M,6,RVA,M6RVA,Call Sign,Amateur Foundation Radio Licence,Available,N
M,6,RVB,M6RVB,Call Sign,Amateur Foundation Radio Licence,Available,N
M,6,RVC,M6RVC,Call Sign,Amateur Foundation Radio Licence,Available,N
M,6,RVF,M6RVF,Call Sign,Amateur Foundation Radio Licence,Available,N
M,6,RVG,M6RVG,Call Sign,Amateur Foundation Radio Licence,Available,N
M,6,RVK,M6RVK,Call Sign,Amateur Foundation Radio Licence,Available,N
M,6,RVL,M6RVL,Call Sign,Amateur Foundation Radio Licence,Available,N
M,6,RVQ,M6RVQ,Call Sign,Amateur Foundation Radio Licence,Available,N
M,6,RVU,M6RVU,Call Sign,Amateur Foundation Radio Licence,Available,N
M,6,RVV,M6RVV,Call Sign,Amateur Foundation Radio Licence,Available,N
M,6,RVX,M6RVX,Call Sign,Amateur Foundation Radio Licence,Available,N
M,6,RVY,M6RVY,Call Sign,Amateur Foundation Radio Licence,Available,N
M,6,RVZ,M6RVZ,Call Sign,Amateur Foundation Radio Licence,Available,N
M,6,RWK,M6RWK,Call Sign,Amateur Foundation Radio Licence,Available,N
M,6,RWO,M6RWO,Call Sign,Amateur Foundation Radio Licence,Available,N
M,6,RWQ,M6RWQ,Call Sign,Amateur Foundation Radio Licence,Available,N
M,6,RWU,M6RWU,Call Sign,Amateur Foundation Radio Licence,Available,N
M,6,RWY,M6RWY,Call Sign,Amateur Foundation Radio Licence,Available,N
M,6,RWZ,M6RWZ,Call Sign,Amateur Foundation Radio Licence,Available,N
M,6,RXG,M6RXG,Call Sign,Amateur Foundation Radio Licence,Available,N
M,6,RXH,M6RXH,Call Sign,Amateur Foundation Radio Licence,Available,N
M,6,RXI,M6RXI,Call Sign,Amateur Foundation Radio Licence,Available,N
M,6,RXK,M6RXK,Call Sign,Amateur Foundation Radio Licence,Available,N
M,6,RXO,M6RXO,Call Sign,Amateur Foundation Radio Licence,Available,N
M,6,RXP,M6RXP,Call Sign,Amateur Foundation Radio Licence,Available,N
M,6,RXQ,M6RXQ,Call Sign,Amateur Foundation Radio Licence,Available,N
M,6,RXU,M6RXU,Call Sign,Amateur Foundation Radio Licence,Available,N
M,6,RXV,M6RXV,Call Sign,Amateur Foundation Radio Licence,Available,N
M,6,RXW,M6RXW,Call Sign,Amateur Foundation Radio Licence,Available,N
M,6,RXX,M6RXX,Call Sign,Amateur Foundation Radio Licence,Available,N
M,6,RXY,M6RXY,Call Sign,Amateur Foundation Radio Licence,Available,N
M,6,RYB,M6RYB,Call Sign,Amateur Foundation Radio Licence,Available,N
M,6,RYE,M6RYE,Call Sign,Amateur Foundation Radio Licence,Available,N
M,6,RYF,M6RYF,Call Sign,Amateur Foundation Radio Licence,Available,N
M,6,RYG,M6RYG,Call Sign,Amateur Foundation Radio Licence,Available,N
M,6,RYH,M6RYH,Call Sign,Amateur Foundation Radio Licence,Available,N
M,6,RYI,M6RYI,Call Sign,Amateur Foundation Radio Licence,Available,N
M,6,RYJ,M6RYJ,Call Sign,Amateur Foundation Radio Licence,Available,N
M,6,RYM,M6RYM,Call Sign,Amateur Foundation Radio Licence,Available,N
M,6,RYP,M6RYP,Call Sign,Amateur Foundation Radio Licence,Available,N
M,6,RYQ,M6RYQ,Call Sign,Amateur Foundation Radio Licence,Available,N
M,6,RYR,M6RYR,Call Sign,Amateur Foundation Radio Licence,Available,N
M,6,RYT,M6RYT,Call Sign,Amateur Foundation Radio Licence,Available,N
M,6,RYU,M6RYU,Call Sign,Amateur Foundation Radio Licence,Available,N
M,6,RYV,M6RYV,Call Sign,Amateur Foundation Radio Licence,Available,N
M,6,RYW,M6RYW,Call Sign,Amateur Foundation Radio Licence,Available,N
M,6,RYX,M6RYX,Call Sign,Amateur Foundation Radio Licence,Available,N
M,6,RYY,M6RYY,Call Sign,Amateur Foundation Radio Licence,Available,N
M,6,RYZ,M6RYZ,Call Sign,Amateur Foundation Radio Licence,Available,N
M,6,RZB,M6RZB,Call Sign,Amateur Foundation Radio Licence,Available,N
M,6,RZC,M6RZC,Call Sign,Amateur Foundation Radio Licence,Available,N
M,6,RZE,M6RZE,Call Sign,Amateur Foundation Radio Licence,Available,N
M,6,RZF,M6RZF,Call Sign,Amateur Foundation Radio Licence,Available,N
M,6,RZG,M6RZG,Call Sign,Amateur Foundation Radio Licence,Available,N
M,6,RZH,M6RZH,Call Sign,Amateur Foundation Radio Licence,Available,N
M,6,RZI,M6RZI,Call Sign,Amateur Foundation Radio Licence,Available,N
M,6,RZJ,M6RZJ,Call Sign,Amateur Foundation Radio Licence,Available,N
M,6,RZM,M6RZM,Call Sign,Amateur Foundation Radio Licence,Available,N
M,6,RZN,M6RZN,Call Sign,Amateur Foundation Radio Licence,Available,N
M,6,RZP,M6RZP,Call Sign,Amateur Foundation Radio Licence,Available,N
M,6,RZQ,M6RZQ,Call Sign,Amateur Foundation Radio Licence,Available,N
M,6,RZS,M6RZS,Call Sign,Amateur Foundation Radio Licence,Available,N
M,6,RZT,M6RZT,Call Sign,Amateur Foundation Radio Licence,Available,N
M,6,RZU,M6RZU,Call Sign,Amateur Foundation Radio Licence,Available,N
M,6,RZV,M6RZV,Call Sign,Amateur Foundation Radio Licence,Available,N
M,6,RZY,M6RZY,Call Sign,Amateur Foundation Radio Licence,Available,N
M,6,SIU,M6SIU,Call Sign,Amateur Foundation Radio Licence,Available,N
M,6,SJQ,M6SJQ,Call Sign,Amateur Foundation Radio Licence,Available,N
M,6,SJV,M6SJV,Call Sign,Amateur Foundation Radio Licence,Available,N
M,6,SJX,M6SJX,Call Sign,Amateur Foundation Radio Licence,Available,N
M,6,SJZ,M6SJZ,Call Sign,Amateur Foundation Radio Licence,Available,N
M,6,SKF,M6SKF,Call Sign,Amateur Foundation Radio Licence,Available,N
M,6,SKH,M6SKH,Call Sign,Amateur Foundation Radio Licence,Available,N
M,6,SKK,M6SKK,Call Sign,Amateur Foundation Radio Licence,Available,N
M,6,SKQ,M6SKQ,Call Sign,Amateur Foundation Radio Licence,Available,N
M,6,SKV,M6SKV,Call Sign,Amateur Foundation Radio Licence,Available,N
M,6,SKZ,M6SKZ,Call Sign,Amateur Foundation Radio Licence,Available,N
M,6,SLQ,M6SLQ,Call Sign,Amateur Foundation Radio Licence,Available,N
M,6,SLZ,M6SLZ,Call Sign,Amateur Foundation Radio Licence,Available,N
M,6,SMQ,M6SMQ,Call Sign,Amateur Foundation Radio Licence,Available,N
M,6,SMU,M6SMU,Call Sign,Amateur Foundation Radio Licence,Available,N
M,6,SMX,M6SMX,Call Sign,Amateur Foundation Radio Licence,Available,N
M,6,SNA,M6SNA,Call Sign,Amateur Foundation Radio Licence,Available,N
M,6,SNI,M6SNI,Call Sign,Amateur Foundation Radio Licence,Available,N
M,6,SNJ,M6SNJ,Call Sign,Amateur Foundation Radio Licence,Available,N
M,6,SNL,M6SNL,Call Sign,Amateur Foundation Radio Licence,Available,N
M,6,SNM,M6SNM,Call Sign,Amateur Foundation Radio Licence,Available,N
M,6,SNN,M6SNN,Call Sign,Amateur Foundation Radio Licence,Available,N
M,6,SNP,M6SNP,Call Sign,Amateur Foundation Radio Licence,Available,N
M,6,SNQ,M6SNQ,Call Sign,Amateur Foundation Radio Licence,Available,N
M,6,SNU,M6SNU,Call Sign,Amateur Foundation Radio Licence,Available,N
M,6,SNV,M6SNV,Call Sign,Amateur Foundation Radio Licence,Available,N
M,6,SNZ,M6SNZ,Call Sign,Amateur Foundation Radio Licence,Available,N
M,6,SOH,M6SOH,Call Sign,Amateur Foundation Radio Licence,Available,N
M,6,SOQ,M6SOQ,Call Sign,Amateur Foundation Radio Licence,Available,N
M,6,SOU,M6SOU,Call Sign,Amateur Foundation Radio Licence,Available,N
M,6,SOV,M6SOV,Call Sign,Amateur Foundation Radio Licence,Available,N
M,6,SOY,M6SOY,Call Sign,Amateur Foundation Radio Licence,Available,N
M,6,SPP,M6SPP,Call Sign,Amateur Foundation Radio Licence,Available,N
M,6,SPQ,M6SPQ,Call Sign,Amateur Foundation Radio Licence,Available,N
M,6,SQA,M6SQA,Call Sign,Amateur Foundation Radio Licence,Available,N
M,6,SQB,M6SQB,Call Sign,Amateur Foundation Radio Licence,Available,N
M,6,SQC,M6SQC,Call Sign,Amateur Foundation Radio Licence,Available,N
M,6,SQE,M6SQE,Call Sign,Amateur Foundation Radio Licence,Available,N
M,6,SQF,M6SQF,Call Sign,Amateur Foundation Radio Licence,Available,N
M,6,SQG,M6SQG,Call Sign,Amateur Foundation Radio Licence,Available,N
M,6,SQH,M6SQH,Call Sign,Amateur Foundation Radio Licence,Available,N
M,6,SQJ,M6SQJ,Call Sign,Amateur Foundation Radio Licence,Available,N
M,6,SQK,M6SQK,Call Sign,Amateur Foundation Radio Licence,Available,N
M,6,SQO,M6SQO,Call Sign,Amateur Foundation Radio Licence,Available,N
M,6,SQP,M6SQP,Call Sign,Amateur Foundation Radio Licence,Available,N
M,6,SQQ,M6SQQ,Call Sign,Amateur Foundation Radio Licence,Available,N
M,6,SQV,M6SQV,Call Sign,Amateur Foundation Radio Licence,Available,N
M,6,SQW,M6SQW,Call Sign,Amateur Foundation Radio Licence,Available,N
M,6,SQX,M6SQX,Call Sign,Amateur Foundation Radio Licence,Available,N
M,6,SQY,M6SQY,Call Sign,Amateur Foundation Radio Licence,Available,N
M,6,SQZ,M6SQZ,Call Sign,Amateur Foundation Radio Licence,Available,N
M,6,SRN,M6SRN,Call Sign,Amateur Foundation Radio Licence,Available,N
M,6,SRQ,M6SRQ,Call Sign,Amateur Foundation Radio Licence,Available,N
M,6,SRU,M6SRU,Call Sign,Amateur Foundation Radio Licence,Available,N
M,6,SSI,M6SSI,Call Sign,Amateur Foundation Radio Licence,Available,N
M,6,SSN,M6SSN,Call Sign,Amateur Foundation Radio Licence,Available,N
M,6,SSO,M6SSO,Call Sign,Amateur Foundation Radio Licence,Available,N
M,6,SSQ,M6SSQ,Call Sign,Amateur Foundation Radio Licence,Available,N
M,6,SSU,M6SSU,Call Sign,Amateur Foundation Radio Licence,Available,N
M,6,SSV,M6SSV,Call Sign,Amateur Foundation Radio Licence,Available,N
M,6,SSZ,M6SSZ,Call Sign,Amateur Foundation Radio Licence,Available,N
M,6,STQ,M6STQ,Call Sign,Amateur Foundation Radio Licence,Available,N
M,6,SUA,M6SUA,Call Sign,Amateur Foundation Radio Licence,Available,N
M,6,SUC,M6SUC,Call Sign,Amateur Foundation Radio Licence,Available,N
M,6,SUD,M6SUD,Call Sign,Amateur Foundation Radio Licence,Available,N
M,6,SUG,M6SUG,Call Sign,Amateur Foundation Radio Licence,Available,N
M,6,SUH,M6SUH,Call Sign,Amateur Foundation Radio Licence,Available,N
M,6,SUK,M6SUK,Call Sign,Amateur Foundation Radio Licence,Available,N
M,6,SUO,M6SUO,Call Sign,Amateur Foundation Radio Licence,Available,N
M,6,SUQ,M6SUQ,Call Sign,Amateur Foundation Radio Licence,Available,N
M,6,SUR,M6SUR,Call Sign,Amateur Foundation Radio Licence,Available,N
M,6,SUW,M6SUW,Call Sign,Amateur Foundation Radio Licence,Available,N
M,6,SUY,M6SUY,Call Sign,Amateur Foundation Radio Licence,Available,N
M,6,SVA,M6SVA,Call Sign,Amateur Foundation Radio Licence,Available,N
M,6,SVB,M6SVB,Call Sign,Amateur Foundation Radio Licence,Available,N
M,6,SVE,M6SVE,Call Sign,Amateur Foundation Radio Licence,Available,N
M,6,SVH,M6SVH,Call Sign,Amateur Foundation Radio Licence,Available,N
M,6,SVI,M6SVI,Call Sign,Amateur Foundation Radio Licence,Available,N
M,6,SVL,M6SVL,Call Sign,Amateur Foundation Radio Licence,Available,N
M,6,SVO,M6SVO,Call Sign,Amateur Foundation Radio Licence,Available,N
M,6,SVP,M6SVP,Call Sign,Amateur Foundation Radio Licence,Available,N
M,6,SVQ,M6SVQ,Call Sign,Amateur Foundation Radio Licence,Available,N
M,6,SVU,M6SVU,Call Sign,Amateur Foundation Radio Licence,Available,N
M,6,SVX,M6SVX,Call Sign,Amateur Foundation Radio Licence,Available,N
M,6,SWJ,M6SWJ,Call Sign,Amateur Foundation Radio Licence,Available,N
M,6,SWK,M6SWK,Call Sign,Amateur Foundation Radio Licence,Available,N
M,6,SWQ,M6SWQ,Call Sign,Amateur Foundation Radio Licence,Available,N
M,6,SWT,M6SWT,Call Sign,Amateur Foundation Radio Licence,Available,N
M,6,SWU,M6SWU,Call Sign,Amateur Foundation Radio Licence,Available,N
M,6,SWV,M6SWV,Call Sign,Amateur Foundation Radio Licence,Available,N
M,6,SWY,M6SWY,Call Sign,Amateur Foundation Radio Licence,Available,N
M,6,SWZ,M6SWZ,Call Sign,Amateur Foundation Radio Licence,Available,N
M,6,SXE,M6SXE,Call Sign,Amateur Foundation Radio Licence,Available,N
M,6,SXF,M6SXF,Call Sign,Amateur Foundation Radio Licence,Available,N
M,6,SXG,M6SXG,Call Sign,Amateur Foundation Radio Licence,Available,N
M,6,SXH,M6SXH,Call Sign,Amateur Foundation Radio Licence,Available,N
M,6,SXJ,M6SXJ,Call Sign,Amateur Foundation Radio Licence,Available,N
M,6,SXK,M6SXK,Call Sign,Amateur Foundation Radio Licence,Available,N
M,6,SXN,M6SXN,Call Sign,Amateur Foundation Radio Licence,Available,N
M,6,SXQ,M6SXQ,Call Sign,Amateur Foundation Radio Licence,Available,N
M,6,SXU,M6SXU,Call Sign,Amateur Foundation Radio Licence,Available,N
M,6,SXV,M6SXV,Call Sign,Amateur Foundation Radio Licence,Available,N
M,6,SXX,M6SXX,Call Sign,Amateur Foundation Radio Licence,Available,N
M,6,SXZ,M6SXZ,Call Sign,Amateur Foundation Radio Licence,Available,N
M,6,SYA,M6SYA,Call Sign,Amateur Foundation Radio Licence,Available,N
M,6,SYB,M6SYB,Call Sign,Amateur Foundation Radio Licence,Available,N
M,6,SYC,M6SYC,Call Sign,Amateur Foundation Radio Licence,Available,N
M,6,SYE,M6SYE,Call Sign,Amateur Foundation Radio Licence,Available,N
M,6,SYF,M6SYF,Call Sign,Amateur Foundation Radio Licence,Available,N
M,6,SYI,M6SYI,Call Sign,Amateur Foundation Radio Licence,Available,N
M,6,SYJ,M6SYJ,Call Sign,Amateur Foundation Radio Licence,Available,N
M,6,SYK,M6SYK,Call Sign,Amateur Foundation Radio Licence,Available,N
M,6,SYM,M6SYM,Call Sign,Amateur Foundation Radio Licence,Available,N
M,6,SYO,M6SYO,Call Sign,Amateur Foundation Radio Licence,Available,N
M,6,SYQ,M6SYQ,Call Sign,Amateur Foundation Radio Licence,Available,N
M,6,SYT,M6SYT,Call Sign,Amateur Foundation Radio Licence,Available,N
M,6,SYU,M6SYU,Call Sign,Amateur Foundation Radio Licence,Available,N
M,6,SYV,M6SYV,Call Sign,Amateur Foundation Radio Licence,Available,N
M,6,SYY,M6SYY,Call Sign,Amateur Foundation Radio Licence,Available,N
M,6,SYZ,M6SYZ,Call Sign,Amateur Foundation Radio Licence,Available,N
M,6,SZB,M6SZB,Call Sign,Amateur Foundation Radio Licence,Available,N
M,6,SZC,M6SZC,Call Sign,Amateur Foundation Radio Licence,Available,N
M,6,SZD,M6SZD,Call Sign,Amateur Foundation Radio Licence,Available,N
M,6,SZF,M6SZF,Call Sign,Amateur Foundation Radio Licence,Available,N
M,6,SZG,M6SZG,Call Sign,Amateur Foundation Radio Licence,Available,N
M,6,SZH,M6SZH,Call Sign,Amateur Foundation Radio Licence,Available,N
M,6,SZI,M6SZI,Call Sign,Amateur Foundation Radio Licence,Available,N
M,6,SZJ,M6SZJ,Call Sign,Amateur Foundation Radio Licence,Available,N
M,6,SZK,M6SZK,Call Sign,Amateur Foundation Radio Licence,Available,N
M,6,SZL,M6SZL,Call Sign,Amateur Foundation Radio Licence,Available,N
M,6,SZM,M6SZM,Call Sign,Amateur Foundation Radio Licence,Available,N
M,6,SZN,M6SZN,Call Sign,Amateur Foundation Radio Licence,Available,N
M,6,SZO,M6SZO,Call Sign,Amateur Foundation Radio Licence,Available,N
M,6,SZP,M6SZP,Call Sign,Amateur Foundation Radio Licence,Available,N
M,6,SZQ,M6SZQ,Call Sign,Amateur Foundation Radio Licence,Available,N
M,6,SZR,M6SZR,Call Sign,Amateur Foundation Radio Licence,Available,N
M,6,SZT,M6SZT,Call Sign,Amateur Foundation Radio Licence,Available,N
M,6,SZU,M6SZU,Call Sign,Amateur Foundation Radio Licence,Available,N
M,6,SZV,M6SZV,Call Sign,Amateur Foundation Radio Licence,Available,N
M,6,SZW,M6SZW,Call Sign,Amateur Foundation Radio Licence,Available,N
M,6,SZX,M6SZX,Call Sign,Amateur Foundation Radio Licence,Available,N
M,6,SZZ,M6SZZ,Call Sign,Amateur Foundation Radio Licence,Available,N
M,6,TGJ,M6TGJ,Call Sign,Amateur Foundation Radio Licence,Available,N
M,6,TGQ,M6TGQ,Call Sign,Amateur Foundation Radio Licence,Available,N
M,6,THH,M6THH,Call Sign,Amateur Foundation Radio Licence,Available,N
M,6,THI,M6THI,Call Sign,Amateur Foundation Radio Licence,Available,N
M,6,THJ,M6THJ,Call Sign,Amateur Foundation Radio Licence,Available,N
M,6,THK,M6THK,Call Sign,Amateur Foundation Radio Licence,Available,N
M,6,THN,M6THN,Call Sign,Amateur Foundation Radio Licence,Available,N
M,6,THQ,M6THQ,Call Sign,Amateur Foundation Radio Licence,Available,N
M,6,THV,M6THV,Call Sign,Amateur Foundation Radio Licence,Available,N
M,6,TIB,M6TIB,Call Sign,Amateur Foundation Radio Licence,Available,N
M,6,TID,M6TID,Call Sign,Amateur Foundation Radio Licence,Available,N
M,6,TIH,M6TIH,Call Sign,Amateur Foundation Radio Licence,Available,N
M,6,TIL,M6TIL,Call Sign,Amateur Foundation Radio Licence,Available,N
M,6,TIO,M6TIO,Call Sign,Amateur Foundation Radio Licence,Available,N
M,6,TIQ,M6TIQ,Call Sign,Amateur Foundation Radio Licence,Available,N
M,6,TIR,M6TIR,Call Sign,Amateur Foundation Radio Licence,Available,N
M,6,TIS,M6TIS,Call Sign,Amateur Foundation Radio Licence,Available,N
M,6,TIU,M6TIU,Call Sign,Amateur Foundation Radio Licence,Available,N
M,6,TIV,M6TIV,Call Sign,Amateur Foundation Radio Licence,Available,N
M,6,TIX,M6TIX,Call Sign,Amateur Foundation Radio Licence,Available,N
M,6,TIY,M6TIY,Call Sign,Amateur Foundation Radio Licence,Available,N
M,6,TIZ,M6TIZ,Call Sign,Amateur Foundation Radio Licence,Available,N
M,6,TJE,M6TJE,Call Sign,Amateur Foundation Radio Licence,Available,N
M,6,TJG,M6TJG,Call Sign,Amateur Foundation Radio Licence,Available,N
M,6,TJI,M6TJI,Call Sign,Amateur Foundation Radio Licence,Available,N
M,6,TJN,M6TJN,Call Sign,Amateur Foundation Radio Licence,Available,N
M,6,TJO,M6TJO,Call Sign,Amateur Foundation Radio Licence,Available,N
M,6,TJQ,M6TJQ,Call Sign,Amateur Foundation Radio Licence,Available,N
M,6,TJT,M6TJT,Call Sign,Amateur Foundation Radio Licence,Available,N
M,6,TJU,M6TJU,Call Sign,Amateur Foundation Radio Licence,Available,N
M,6,TJV,M6TJV,Call Sign,Amateur Foundation Radio Licence,Available,N
M,6,TJX,M6TJX,Call Sign,Amateur Foundation Radio Licence,Available,N
M,6,TKG,M6TKG,Call Sign,Amateur Foundation Radio Licence,Available,N
M,6,TKH,M6TKH,Call Sign,Amateur Foundation Radio Licence,Available,N
M,6,TKJ,M6TKJ,Call Sign,Amateur Foundation Radio Licence,Available,N
M,6,TKL,M6TKL,Call Sign,Amateur Foundation Radio Licence,Available,N
M,6,TKN,M6TKN,Call Sign,Amateur Foundation Radio Licence,Available,N
M,6,TKQ,M6TKQ,Call Sign,Amateur Foundation Radio Licence,Available,N
M,6,TKT,M6TKT,Call Sign,Amateur Foundation Radio Licence,Available,N
M,6,TKV,M6TKV,Call Sign,Amateur Foundation Radio Licence,Available,N
M,6,TKY,M6TKY,Call Sign,Amateur Foundation Radio Licence,Available,N
M,6,TKZ,M6TKZ,Call Sign,Amateur Foundation Radio Licence,Available,N
M,6,TLH,M6TLH,Call Sign,Amateur Foundation Radio Licence,Available,N
M,6,TLI,M6TLI,Call Sign,Amateur Foundation Radio Licence,Available,N
M,6,TLJ,M6TLJ,Call Sign,Amateur Foundation Radio Licence,Available,N
M,6,TLN,M6TLN,Call Sign,Amateur Foundation Radio Licence,Available,N
M,6,TLO,M6TLO,Call Sign,Amateur Foundation Radio Licence,Available,N
M,6,TLQ,M6TLQ,Call Sign,Amateur Foundation Radio Licence,Available,N
M,6,TLU,M6TLU,Call Sign,Amateur Foundation Radio Licence,Available,N
M,6,TLV,M6TLV,Call Sign,Amateur Foundation Radio Licence,Available,N
M,6,TLZ,M6TLZ,Call Sign,Amateur Foundation Radio Licence,Available,N
M,6,TMQ,M6TMQ,Call Sign,Amateur Foundation Radio Licence,Available,N
M,6,TMR,M6TMR,Call Sign,Amateur Foundation Radio Licence,Available,N
M,6,TMU,M6TMU,Call Sign,Amateur Foundation Radio Licence,Available,N
M,6,TMV,M6TMV,Call Sign,Amateur Foundation Radio Licence,Available,N
M,6,TNC,M6TNC,Call Sign,Amateur Foundation Radio Licence,Available,N
M,6,TNJ,M6TNJ,Call Sign,Amateur Foundation Radio Licence,Available,N
M,6,TNL,M6TNL,Call Sign,Amateur Foundation Radio Licence,Available,N
M,6,TNN,M6TNN,Call Sign,Amateur Foundation Radio Licence,Available,N
M,6,TNP,M6TNP,Call Sign,Amateur Foundation Radio Licence,Available,N
M,6,TNQ,M6TNQ,Call Sign,Amateur Foundation Radio Licence,Available,N
M,6,TNV,M6TNV,Call Sign,Amateur Foundation Radio Licence,Available,N
M,6,TNX,M6TNX,Call Sign,Amateur Foundation Radio Licence,Available,N
M,6,TOI,M6TOI,Call Sign,Amateur Foundation Radio Licence,Available,N
M,6,TOJ,M6TOJ,Call Sign,Amateur Foundation Radio Licence,Available,N
M,6,TOQ,M6TOQ,Call Sign,Amateur Foundation Radio Licence,Available,N
M,6,TOU,M6TOU,Call Sign,Amateur Foundation Radio Licence,Available,N
M,6,TPB,M6TPB,Call Sign,Amateur Foundation Radio Licence,Available,N
M,6,TPF,M6TPF,Call Sign,Amateur Foundation Radio Licence,Available,N
M,6,TPO,M6TPO,Call Sign,Amateur Foundation Radio Licence,Available,N
M,6,TPP,M6TPP,Call Sign,Amateur Foundation Radio Licence,Available,N
M,6,TPQ,M6TPQ,Call Sign,Amateur Foundation Radio Licence,Available,N
M,6,TPR,M6TPR,Call Sign,Amateur Foundation Radio Licence,Available,N
M,6,TPS,M6TPS,Call Sign,Amateur Foundation Radio Licence,Available,N
M,6,TPU,M6TPU,Call Sign,Amateur Foundation Radio Licence,Available,N
M,6,TQA,M6TQA,Call Sign,Amateur Foundation Radio Licence,Available,N
M,6,TQB,M6TQB,Call Sign,Amateur Foundation Radio Licence,Available,N
M,6,TQC,M6TQC,Call Sign,Amateur Foundation Radio Licence,Available,N
M,6,TQD,M6TQD,Call Sign,Amateur Foundation Radio Licence,Available,N
M,6,TQE,M6TQE,Call Sign,Amateur Foundation Radio Licence,Available,N
M,6,TQF,M6TQF,Call Sign,Amateur Foundation Radio Licence,Available,N
M,6,TQG,M6TQG,Call Sign,Amateur Foundation Radio Licence,Available,N
M,6,TQH,M6TQH,Call Sign,Amateur Foundation Radio Licence,Available,N
M,6,TQI,M6TQI,Call Sign,Amateur Foundation Radio Licence,Available,N
M,6,TQJ,M6TQJ,Call Sign,Amateur Foundation Radio Licence,Available,N
M,6,TQK,M6TQK,Call Sign,Amateur Foundation Radio Licence,Available,N
M,6,TQL,M6TQL,Call Sign,Amateur Foundation Radio Licence,Available,N
M,6,TQN,M6TQN,Call Sign,Amateur Foundation Radio Licence,Available,N
M,6,TQO,M6TQO,Call Sign,Amateur Foundation Radio Licence,Available,N
M,6,TQP,M6TQP,Call Sign,Amateur Foundation Radio Licence,Available,N
M,6,TQQ,M6TQQ,Call Sign,Amateur Foundation Radio Licence,Available,N
M,6,TQR,M6TQR,Call Sign,Amateur Foundation Radio Licence,Available,N
M,6,TQS,M6TQS,Call Sign,Amateur Foundation Radio Licence,Available,N
M,6,TQT,M6TQT,Call Sign,Amateur Foundation Radio Licence,Available,N
M,6,TQU,M6TQU,Call Sign,Amateur Foundation Radio Licence,Available,N
M,6,TQV,M6TQV,Call Sign,Amateur Foundation Radio Licence,Available,N
M,6,TQX,M6TQX,Call Sign,Amateur Foundation Radio Licence,Available,N
M,6,TQY,M6TQY,Call Sign,Amateur Foundation Radio Licence,Available,N
M,6,TQZ,M6TQZ,Call Sign,Amateur Foundation Radio Licence,Available,N
M,6,TRF,M6TRF,Call Sign,Amateur Foundation Radio Licence,Available,N
M,6,TRM,M6TRM,Call Sign,Amateur Foundation Radio Licence,Available,N
M,6,TRZ,M6TRZ,Call Sign,Amateur Foundation Radio Licence,Available,N
M,6,TSH,M6TSH,Call Sign,Amateur Foundation Radio Licence,Available,N
M,6,TSJ,M6TSJ,Call Sign,Amateur Foundation Radio Licence,Available,N
M,6,TSN,M6TSN,Call Sign,Amateur Foundation Radio Licence,Available,N
M,6,TSU,M6TSU,Call Sign,Amateur Foundation Radio Licence,Available,N
M,6,TSV,M6TSV,Call Sign,Amateur Foundation Radio Licence,Available,N
M,6,TSY,M6TSY,Call Sign,Amateur Foundation Radio Licence,Available,N
M,6,TSZ,M6TSZ,Call Sign,Amateur Foundation Radio Licence,Available,N
M,6,TTJ,M6TTJ,Call Sign,Amateur Foundation Radio Licence,Available,N
M,6,TTO,M6TTO,Call Sign,Amateur Foundation Radio Licence,Available,N
M,6,TTQ,M6TTQ,Call Sign,Amateur Foundation Radio Licence,Available,N
M,6,TTU,M6TTU,Call Sign,Amateur Foundation Radio Licence,Available,N
M,6,TTZ,M6TTZ,Call Sign,Amateur Foundation Radio Licence,Available,N
M,6,TUA,M6TUA,Call Sign,Amateur Foundation Radio Licence,Available,N
M,6,TUC,M6TUC,Call Sign,Amateur Foundation Radio Licence,Available,N
M,6,TUE,M6TUE,Call Sign,Amateur Foundation Radio Licence,Available,N
M,6,TUJ,M6TUJ,Call Sign,Amateur Foundation Radio Licence,Available,N
M,6,TUL,M6TUL,Call Sign,Amateur Foundation Radio Licence,Available,N
M,6,TUO,M6TUO,Call Sign,Amateur Foundation Radio Licence,Available,N
M,6,TUQ,M6TUQ,Call Sign,Amateur Foundation Radio Licence,Available,N
M,6,TUU,M6TUU,Call Sign,Amateur Foundation Radio Licence,Available,N
M,6,TUW,M6TUW,Call Sign,Amateur Foundation Radio Licence,Available,N
M,6,TUY,M6TUY,Call Sign,Amateur Foundation Radio Licence,Available,N
M,6,TVB,M6TVB,Call Sign,Amateur Foundation Radio Licence,Available,N
M,6,TVD,M6TVD,Call Sign,Amateur Foundation Radio Licence,Available,N
M,6,TVE,M6TVE,Call Sign,Amateur Foundation Radio Licence,Available,N
M,6,TVF,M6TVF,Call Sign,Amateur Foundation Radio Licence,Available,N
M,6,TVH,M6TVH,Call Sign,Amateur Foundation Radio Licence,Available,N
M,6,TVJ,M6TVJ,Call Sign,Amateur Foundation Radio Licence,Available,N
M,6,TVK,M6TVK,Call Sign,Amateur Foundation Radio Licence,Available,N
M,6,TVL,M6TVL,Call Sign,Amateur Foundation Radio Licence,Available,N
M,6,TVN,M6TVN,Call Sign,Amateur Foundation Radio Licence,Available,N
M,6,TVO,M6TVO,Call Sign,Amateur Foundation Radio Licence,Available,N
M,6,TVQ,M6TVQ,Call Sign,Amateur Foundation Radio Licence,Available,N
M,6,TVT,M6TVT,Call Sign,Amateur Foundation Radio Licence,Available,N
M,6,TVU,M6TVU,Call Sign,Amateur Foundation Radio Licence,Available,N
M,6,TVW,M6TVW,Call Sign,Amateur Foundation Radio Licence,Available,N
M,6,TVX,M6TVX,Call Sign,Amateur Foundation Radio Licence,Available,N
M,6,TWF,M6TWF,Call Sign,Amateur Foundation Radio Licence,Available,N
M,6,TWJ,M6TWJ,Call Sign,Amateur Foundation Radio Licence,Available,N
M,6,TWN,M6TWN,Call Sign,Amateur Foundation Radio Licence,Available,N
M,6,TWP,M6TWP,Call Sign,Amateur Foundation Radio Licence,Available,N
M,6,TWS,M6TWS,Call Sign,Amateur Foundation Radio Licence,Available,N
M,6,TWU,M6TWU,Call Sign,Amateur Foundation Radio Licence,Available,N
M,6,TWV,M6TWV,Call Sign,Amateur Foundation Radio Licence,Available,N
M,6,TWY,M6TWY,Call Sign,Amateur Foundation Radio Licence,Available,N
M,6,TXE,M6TXE,Call Sign,Amateur Foundation Radio Licence,Available,N
M,6,TXG,M6TXG,Call Sign,Amateur Foundation Radio Licence,Available,N
M,6,TXL,M6TXL,Call Sign,Amateur Foundation Radio Licence,Available,N
M,6,TXN,M6TXN,Call Sign,Amateur Foundation Radio Licence,Available,N
M,6,TXO,M6TXO,Call Sign,Amateur Foundation Radio Licence,Available,N
M,6,TXQ,M6TXQ,Call Sign,Amateur Foundation Radio Licence,Available,N
M,6,TXR,M6TXR,Call Sign,Amateur Foundation Radio Licence,Available,N
M,6,TXW,M6TXW,Call Sign,Amateur Foundation Radio Licence,Available,N
M,6,TXX,M6TXX,Call Sign,Amateur Foundation Radio Licence,Available,N
M,6,TXY,M6TXY,Call Sign,Amateur Foundation Radio Licence,Available,N
M,6,TXZ,M6TXZ,Call Sign,Amateur Foundation Radio Licence,Available,N
M,6,TYD,M6TYD,Call Sign,Amateur Foundation Radio Licence,Available,N
M,6,TYH,M6TYH,Call Sign,Amateur Foundation Radio Licence,Available,N
M,6,TYI,M6TYI,Call Sign,Amateur Foundation Radio Licence,Available,N
M,6,TYJ,M6TYJ,Call Sign,Amateur Foundation Radio Licence,Available,N
M,6,TYQ,M6TYQ,Call Sign,Amateur Foundation Radio Licence,Available,N
M,6,TYT,M6TYT,Call Sign,Amateur Foundation Radio Licence,Available,N
M,6,TYU,M6TYU,Call Sign,Amateur Foundation Radio Licence,Available,N
M,6,TYV,M6TYV,Call Sign,Amateur Foundation Radio Licence,Available,N
M,6,TYW,M6TYW,Call Sign,Amateur Foundation Radio Licence,Available,N
M,6,TYX,M6TYX,Call Sign,Amateur Foundation Radio Licence,Available,N
M,6,TYY,M6TYY,Call Sign,Amateur Foundation Radio Licence,Available,N
M,6,TYZ,M6TYZ,Call Sign,Amateur Foundation Radio Licence,Available,N
M,6,TZB,M6TZB,Call Sign,Amateur Foundation Radio Licence,Available,N
M,6,TZC,M6TZC,Call Sign,Amateur Foundation Radio Licence,Available,N
M,6,TZF,M6TZF,Call Sign,Amateur Foundation Radio Licence,Available,N
M,6,TZG,M6TZG,Call Sign,Amateur Foundation Radio Licence,Available,N
M,6,TZH,M6TZH,Call Sign,Amateur Foundation Radio Licence,Available,N
M,6,TZI,M6TZI,Call Sign,Amateur Foundation Radio Licence,Available,N
M,6,TZJ,M6TZJ,Call Sign,Amateur Foundation Radio Licence,Available,N
M,6,TZK,M6TZK,Call Sign,Amateur Foundation Radio Licence,Available,N
M,6,TZL,M6TZL,Call Sign,Amateur Foundation Radio Licence,Available,N
M,6,TZN,M6TZN,Call Sign,Amateur Foundation Radio Licence,Available,N
M,6,TZQ,M6TZQ,Call Sign,Amateur Foundation Radio Licence,Available,N
M,6,TZS,M6TZS,Call Sign,Amateur Foundation Radio Licence,Available,N
M,6,TZT,M6TZT,Call Sign,Amateur Foundation Radio Licence,Available,N
M,6,TZU,M6TZU,Call Sign,Amateur Foundation Radio Licence,Available,N
M,6,TZV,M6TZV,Call Sign,Amateur Foundation Radio Licence,Available,N
M,6,TZX,M6TZX,Call Sign,Amateur Foundation Radio Licence,Available,N
M,6,UAD,M6UAD,Call Sign,Amateur Foundation Radio Licence,Available,N
M,6,UAG,M6UAG,Call Sign,Amateur Foundation Radio Licence,Available,N
M,6,UAH,M6UAH,Call Sign,Amateur Foundation Radio Licence,Available,N
M,6,UAI,M6UAI,Call Sign,Amateur Foundation Radio Licence,Available,N
M,6,UAK,M6UAK,Call Sign,Amateur Foundation Radio Licence,Available,N
M,6,UAL,M6UAL,Call Sign,Amateur Foundation Radio Licence,Available,N
M,6,UAN,M6UAN,Call Sign,Amateur Foundation Radio Licence,Available,N
M,6,UAO,M6UAO,Call Sign,Amateur Foundation Radio Licence,Available,N
M,6,UAT,M6UAT,Call Sign,Amateur Foundation Radio Licence,Available,N
M,6,UAU,M6UAU,Call Sign,Amateur Foundation Radio Licence,Available,N
M,6,UAW,M6UAW,Call Sign,Amateur Foundation Radio Licence,Available,N
M,6,UAY,M6UAY,Call Sign,Amateur Foundation Radio Licence,Available,N
M,6,UAZ,M6UAZ,Call Sign,Amateur Foundation Radio Licence,Available,N
M,6,UBA,M6UBA,Call Sign,Amateur Foundation Radio Licence,Available,N
M,6,UBB,M6UBB,Call Sign,Amateur Foundation Radio Licence,Available,N
M,6,UBC,M6UBC,Call Sign,Amateur Foundation Radio Licence,Available,N
M,6,UBD,M6UBD,Call Sign,Amateur Foundation Radio Licence,Available,N
M,6,UBE,M6UBE,Call Sign,Amateur Foundation Radio Licence,Available,N
M,6,UBF,M6UBF,Call Sign,Amateur Foundation Radio Licence,Available,N
M,6,UBG,M6UBG,Call Sign,Amateur Foundation Radio Licence,Available,N
M,6,UBH,M6UBH,Call Sign,Amateur Foundation Radio Licence,Available,N
M,6,UBK,M6UBK,Call Sign,Amateur Foundation Radio Licence,Available,N
M,6,UBL,M6UBL,Call Sign,Amateur Foundation Radio Licence,Available,N
M,6,UBM,M6UBM,Call Sign,Amateur Foundation Radio Licence,Available,N
M,6,UBO,M6UBO,Call Sign,Amateur Foundation Radio Licence,Available,N
M,6,UBP,M6UBP,Call Sign,Amateur Foundation Radio Licence,Available,N
M,6,UBQ,M6UBQ,Call Sign,Amateur Foundation Radio Licence,Available,N
M,6,UBR,M6UBR,Call Sign,Amateur Foundation Radio Licence,Available,N
M,6,UBU,M6UBU,Call Sign,Amateur Foundation Radio Licence,Available,N
M,6,UBV,M6UBV,Call Sign,Amateur Foundation Radio Licence,Available,N
M,6,UBW,M6UBW,Call Sign,Amateur Foundation Radio Licence,Available,N
M,6,UBX,M6UBX,Call Sign,Amateur Foundation Radio Licence,Available,N
M,6,UBY,M6UBY,Call Sign,Amateur Foundation Radio Licence,Available,N
M,6,UBZ,M6UBZ,Call Sign,Amateur Foundation Radio Licence,Available,N
M,6,UCA,M6UCA,Call Sign,Amateur Foundation Radio Licence,Available,N
M,6,UCB,M6UCB,Call Sign,Amateur Foundation Radio Licence,Available,N
M,6,UCD,M6UCD,Call Sign,Amateur Foundation Radio Licence,Available,N
M,6,UCE,M6UCE,Call Sign,Amateur Foundation Radio Licence,Available,N
M,6,UCF,M6UCF,Call Sign,Amateur Foundation Radio Licence,Available,N
M,6,UCG,M6UCG,Call Sign,Amateur Foundation Radio Licence,Available,N
M,6,UCI,M6UCI,Call Sign,Amateur Foundation Radio Licence,Available,N
M,6,UCJ,M6UCJ,Call Sign,Amateur Foundation Radio Licence,Available,N
M,6,UCL,M6UCL,Call Sign,Amateur Foundation Radio Licence,Available,N
M,6,UCM,M6UCM,Call Sign,Amateur Foundation Radio Licence,Available,N
M,6,UCN,M6UCN,Call Sign,Amateur Foundation Radio Licence,Available,N
M,6,UCO,M6UCO,Call Sign,Amateur Foundation Radio Licence,Available,N
M,6,UCQ,M6UCQ,Call Sign,Amateur Foundation Radio Licence,Available,N
M,6,UCR,M6UCR,Call Sign,Amateur Foundation Radio Licence,Available,N
M,6,UCT,M6UCT,Call Sign,Amateur Foundation Radio Licence,Available,N
M,6,UCU,M6UCU,Call Sign,Amateur Foundation Radio Licence,Available,N
M,6,UCV,M6UCV,Call Sign,Amateur Foundation Radio Licence,Available,N
M,6,UCX,M6UCX,Call Sign,Amateur Foundation Radio Licence,Available,N
M,6,UCZ,M6UCZ,Call Sign,Amateur Foundation Radio Licence,Available,N
M,6,UDB,M6UDB,Call Sign,Amateur Foundation Radio Licence,Available,N
M,6,UDC,M6UDC,Call Sign,Amateur Foundation Radio Licence,Available,N
M,6,UDD,M6UDD,Call Sign,Amateur Foundation Radio Licence,Available,N
M,6,UDE,M6UDE,Call Sign,Amateur Foundation Radio Licence,Available,N
M,6,UDG,M6UDG,Call Sign,Amateur Foundation Radio Licence,Available,N
M,6,UDH,M6UDH,Call Sign,Amateur Foundation Radio Licence,Available,N
M,6,UDI,M6UDI,Call Sign,Amateur Foundation Radio Licence,Available,N
M,6,UDJ,M6UDJ,Call Sign,Amateur Foundation Radio Licence,Available,N
M,6,UDK,M6UDK,Call Sign,Amateur Foundation Radio Licence,Available,N
M,6,UDL,M6UDL,Call Sign,Amateur Foundation Radio Licence,Available,N
M,6,UDN,M6UDN,Call Sign,Amateur Foundation Radio Licence,Available,N
M,6,UDO,M6UDO,Call Sign,Amateur Foundation Radio Licence,Available,N
M,6,UDQ,M6UDQ,Call Sign,Amateur Foundation Radio Licence,Available,N
M,6,UDS,M6UDS,Call Sign,Amateur Foundation Radio Licence,Available,N
M,6,UDT,M6UDT,Call Sign,Amateur Foundation Radio Licence,Available,N
M,6,UDU,M6UDU,Call Sign,Amateur Foundation Radio Licence,Available,N
M,6,UDV,M6UDV,Call Sign,Amateur Foundation Radio Licence,Available,N
M,6,UDW,M6UDW,Call Sign,Amateur Foundation Radio Licence,Available,N
M,6,UEB,M6UEB,Call Sign,Amateur Foundation Radio Licence,Available,N
M,6,UEC,M6UEC,Call Sign,Amateur Foundation Radio Licence,Available,N
M,6,UEE,M6UEE,Call Sign,Amateur Foundation Radio Licence,Available,N
M,6,UEF,M6UEF,Call Sign,Amateur Foundation Radio Licence,Available,N
M,6,UEG,M6UEG,Call Sign,Amateur Foundation Radio Licence,Available,N
M,6,UEI,M6UEI,Call Sign,Amateur Foundation Radio Licence,Available,N
M,6,UEJ,M6UEJ,Call Sign,Amateur Foundation Radio Licence,Available,N
M,6,UEK,M6UEK,Call Sign,Amateur Foundation Radio Licence,Available,N
M,6,UEL,M6UEL,Call Sign,Amateur Foundation Radio Licence,Available,N
M,6,UEM,M6UEM,Call Sign,Amateur Foundation Radio Licence,Available,N
M,6,UEO,M6UEO,Call Sign,Amateur Foundation Radio Licence,Available,N
M,6,UEP,M6UEP,Call Sign,Amateur Foundation Radio Licence,Available,N
M,6,UEQ,M6UEQ,Call Sign,Amateur Foundation Radio Licence,Available,N
M,6,UER,M6UER,Call Sign,Amateur Foundation Radio Licence,Available,N
M,6,UET,M6UET,Call Sign,Amateur Foundation Radio Licence,Available,N
M,6,UEU,M6UEU,Call Sign,Amateur Foundation Radio Licence,Available,N
M,6,UEV,M6UEV,Call Sign,Amateur Foundation Radio Licence,Available,N
M,6,UEW,M6UEW,Call Sign,Amateur Foundation Radio Licence,Available,N
M,6,UEY,M6UEY,Call Sign,Amateur Foundation Radio Licence,Available,N
M,6,UEZ,M6UEZ,Call Sign,Amateur Foundation Radio Licence,Available,N
M,6,UFA,M6UFA,Call Sign,Amateur Foundation Radio Licence,Available,N
M,6,UFB,M6UFB,Call Sign,Amateur Foundation Radio Licence,Available,N
M,6,UFD,M6UFD,Call Sign,Amateur Foundation Radio Licence,Available,N
M,6,UFE,M6UFE,Call Sign,Amateur Foundation Radio Licence,Available,N
M,6,UFF,M6UFF,Call Sign,Amateur Foundation Radio Licence,Available,N
M,6,UFG,M6UFG,Call Sign,Amateur Foundation Radio Licence,Available,N
M,6,UFH,M6UFH,Call Sign,Amateur Foundation Radio Licence,Available,N
M,6,UFI,M6UFI,Call Sign,Amateur Foundation Radio Licence,Available,N
M,6,UFJ,M6UFJ,Call Sign,Amateur Foundation Radio Licence,Available,N
M,6,UFK,M6UFK,Call Sign,Amateur Foundation Radio Licence,Available,N
M,6,UFL,M6UFL,Call Sign,Amateur Foundation Radio Licence,Available,N
M,6,UFM,M6UFM,Call Sign,Amateur Foundation Radio Licence,Available,N
M,6,UFN,M6UFN,Call Sign,Amateur Foundation Radio Licence,Available,N
M,6,UFP,M6UFP,Call Sign,Amateur Foundation Radio Licence,Available,N
M,6,UFQ,M6UFQ,Call Sign,Amateur Foundation Radio Licence,Available,N
M,6,UFS,M6UFS,Call Sign,Amateur Foundation Radio Licence,Available,N
M,6,UFT,M6UFT,Call Sign,Amateur Foundation Radio Licence,Available,N
M,6,UFU,M6UFU,Call Sign,Amateur Foundation Radio Licence,Available,N
M,6,UFV,M6UFV,Call Sign,Amateur Foundation Radio Licence,Available,N
M,6,UFW,M6UFW,Call Sign,Amateur Foundation Radio Licence,Available,N
M,6,UFX,M6UFX,Call Sign,Amateur Foundation Radio Licence,Available,N
M,6,UFY,M6UFY,Call Sign,Amateur Foundation Radio Licence,Available,N
M,6,UFZ,M6UFZ,Call Sign,Amateur Foundation Radio Licence,Available,N
M,6,UGA,M6UGA,Call Sign,Amateur Foundation Radio Licence,Available,N
M,6,UGB,M6UGB,Call Sign,Amateur Foundation Radio Licence,Available,N
M,6,UGC,M6UGC,Call Sign,Amateur Foundation Radio Licence,Available,N
M,6,UGD,M6UGD,Call Sign,Amateur Foundation Radio Licence,Available,N
M,6,UGE,M6UGE,Call Sign,Amateur Foundation Radio Licence,Available,N
M,6,UGF,M6UGF,Call Sign,Amateur Foundation Radio Licence,Available,N
M,6,UGG,M6UGG,Call Sign,Amateur Foundation Radio Licence,Available,N
M,6,UGI,M6UGI,Call Sign,Amateur Foundation Radio Licence,Available,N
M,6,UGJ,M6UGJ,Call Sign,Amateur Foundation Radio Licence,Available,N
M,6,UGK,M6UGK,Call Sign,Amateur Foundation Radio Licence,Available,N
M,6,UGL,M6UGL,Call Sign,Amateur Foundation Radio Licence,Available,N
M,6,UGM,M6UGM,Call Sign,Amateur Foundation Radio Licence,Available,N
M,6,UGN,M6UGN,Call Sign,Amateur Foundation Radio Licence,Available,N
M,6,UGO,M6UGO,Call Sign,Amateur Foundation Radio Licence,Available,N
M,6,UGP,M6UGP,Call Sign,Amateur Foundation Radio Licence,Available,N
M,6,UGQ,M6UGQ,Call Sign,Amateur Foundation Radio Licence,Available,N
M,6,UGR,M6UGR,Call Sign,Amateur Foundation Radio Licence,Available,N
M,6,UGS,M6UGS,Call Sign,Amateur Foundation Radio Licence,Available,N
M,6,UGT,M6UGT,Call Sign,Amateur Foundation Radio Licence,Available,N
M,6,UGU,M6UGU,Call Sign,Amateur Foundation Radio Licence,Available,N
M,6,UGV,M6UGV,Call Sign,Amateur Foundation Radio Licence,Available,N
M,6,UGW,M6UGW,Call Sign,Amateur Foundation Radio Licence,Available,N
M,6,UGY,M6UGY,Call Sign,Amateur Foundation Radio Licence,Available,N
M,6,UGZ,M6UGZ,Call Sign,Amateur Foundation Radio Licence,Available,N
M,6,UHA,M6UHA,Call Sign,Amateur Foundation Radio Licence,Available,N
M,6,UHB,M6UHB,Call Sign,Amateur Foundation Radio Licence,Available,N
M,6,UHC,M6UHC,Call Sign,Amateur Foundation Radio Licence,Available,N
M,6,UHD,M6UHD,Call Sign,Amateur Foundation Radio Licence,Available,N
M,6,UHE,M6UHE,Call Sign,Amateur Foundation Radio Licence,Available,N
M,6,UHG,M6UHG,Call Sign,Amateur Foundation Radio Licence,Available,N
M,6,UHH,M6UHH,Call Sign,Amateur Foundation Radio Licence,Available,N
M,6,UHI,M6UHI,Call Sign,Amateur Foundation Radio Licence,Available,N
M,6,UHJ,M6UHJ,Call Sign,Amateur Foundation Radio Licence,Available,N
M,6,UHK,M6UHK,Call Sign,Amateur Foundation Radio Licence,Available,N
M,6,UHL,M6UHL,Call Sign,Amateur Foundation Radio Licence,Available,N
M,6,UHM,M6UHM,Call Sign,Amateur Foundation Radio Licence,Available,N
M,6,UHO,M6UHO,Call Sign,Amateur Foundation Radio Licence,Available,N
M,6,UHP,M6UHP,Call Sign,Amateur Foundation Radio Licence,Available,N
M,6,UHQ,M6UHQ,Call Sign,Amateur Foundation Radio Licence,Available,N
M,6,UHR,M6UHR,Call Sign,Amateur Foundation Radio Licence,Available,N
M,6,UHS,M6UHS,Call Sign,Amateur Foundation Radio Licence,Available,N
M,6,UHT,M6UHT,Call Sign,Amateur Foundation Radio Licence,Available,N
M,6,UHV,M6UHV,Call Sign,Amateur Foundation Radio Licence,Available,N
M,6,UHW,M6UHW,Call Sign,Amateur Foundation Radio Licence,Available,N
M,6,UHX,M6UHX,Call Sign,Amateur Foundation Radio Licence,Available,N
M,6,UHY,M6UHY,Call Sign,Amateur Foundation Radio Licence,Available,N
M,6,UHZ,M6UHZ,Call Sign,Amateur Foundation Radio Licence,Available,N
M,6,UIA,M6UIA,Call Sign,Amateur Foundation Radio Licence,Available,N
M,6,UIB,M6UIB,Call Sign,Amateur Foundation Radio Licence,Available,N
M,6,UIC,M6UIC,Call Sign,Amateur Foundation Radio Licence,Available,N
M,6,UID,M6UID,Call Sign,Amateur Foundation Radio Licence,Available,N
M,6,UIE,M6UIE,Call Sign,Amateur Foundation Radio Licence,Available,N
M,6,UIF,M6UIF,Call Sign,Amateur Foundation Radio Licence,Available,N
M,6,UIG,M6UIG,Call Sign,Amateur Foundation Radio Licence,Available,N
M,6,UIH,M6UIH,Call Sign,Amateur Foundation Radio Licence,Available,N
M,6,UII,M6UII,Call Sign,Amateur Foundation Radio Licence,Available,N
M,6,UIJ,M6UIJ,Call Sign,Amateur Foundation Radio Licence,Available,N
M,6,UIK,M6UIK,Call Sign,Amateur Foundation Radio Licence,Available,N
M,6,UIL,M6UIL,Call Sign,Amateur Foundation Radio Licence,Available,N
M,6,UIN,M6UIN,Call Sign,Amateur Foundation Radio Licence,Available,N
M,6,UIO,M6UIO,Call Sign,Amateur Foundation Radio Licence,Available,N
M,6,UIP,M6UIP,Call Sign,Amateur Foundation Radio Licence,Available,N
M,6,UIQ,M6UIQ,Call Sign,Amateur Foundation Radio Licence,Available,N
M,6,UIS,M6UIS,Call Sign,Amateur Foundation Radio Licence,Available,N
M,6,UIT,M6UIT,Call Sign,Amateur Foundation Radio Licence,Available,N
M,6,UIU,M6UIU,Call Sign,Amateur Foundation Radio Licence,Available,N
M,6,UIV,M6UIV,Call Sign,Amateur Foundation Radio Licence,Available,N
M,6,UIW,M6UIW,Call Sign,Amateur Foundation Radio Licence,Available,N
M,6,UIX,M6UIX,Call Sign,Amateur Foundation Radio Licence,Available,N
M,6,UIY,M6UIY,Call Sign,Amateur Foundation Radio Licence,Available,N
M,6,UIZ,M6UIZ,Call Sign,Amateur Foundation Radio Licence,Available,N
M,6,UJA,M6UJA,Call Sign,Amateur Foundation Radio Licence,Available,N
M,6,UJB,M6UJB,Call Sign,Amateur Foundation Radio Licence,Available,N
M,6,UJD,M6UJD,Call Sign,Amateur Foundation Radio Licence,Available,N
M,6,UJE,M6UJE,Call Sign,Amateur Foundation Radio Licence,Available,N
M,6,UJF,M6UJF,Call Sign,Amateur Foundation Radio Licence,Available,N
M,6,UJG,M6UJG,Call Sign,Amateur Foundation Radio Licence,Available,N
M,6,UJH,M6UJH,Call Sign,Amateur Foundation Radio Licence,Available,N
M,6,UJJ,M6UJJ,Call Sign,Amateur Foundation Radio Licence,Available,N
M,6,UJK,M6UJK,Call Sign,Amateur Foundation Radio Licence,Available,N
M,6,UJL,M6UJL,Call Sign,Amateur Foundation Radio Licence,Available,N
M,6,UJN,M6UJN,Call Sign,Amateur Foundation Radio Licence,Available,N
M,6,UJO,M6UJO,Call Sign,Amateur Foundation Radio Licence,Available,N
M,6,UJP,M6UJP,Call Sign,Amateur Foundation Radio Licence,Available,N
M,6,UJQ,M6UJQ,Call Sign,Amateur Foundation Radio Licence,Available,N
M,6,UJR,M6UJR,Call Sign,Amateur Foundation Radio Licence,Available,N
M,6,UJS,M6UJS,Call Sign,Amateur Foundation Radio Licence,Available,N
M,6,UJT,M6UJT,Call Sign,Amateur Foundation Radio Licence,Available,N
M,6,UJU,M6UJU,Call Sign,Amateur Foundation Radio Licence,Available,N
M,6,UJV,M6UJV,Call Sign,Amateur Foundation Radio Licence,Available,N
M,6,UJW,M6UJW,Call Sign,Amateur Foundation Radio Licence,Available,N
M,6,UJX,M6UJX,Call Sign,Amateur Foundation Radio Licence,Available,N
M,6,UJY,M6UJY,Call Sign,Amateur Foundation Radio Licence,Available,N
M,6,UJZ,M6UJZ,Call Sign,Amateur Foundation Radio Licence,Available,N
M,6,UKB,M6UKB,Call Sign,Amateur Foundation Radio Licence,Available,N
M,6,UKF,M6UKF,Call Sign,Amateur Foundation Radio Licence,Available,N
M,6,UKG,M6UKG,Call Sign,Amateur Foundation Radio Licence,Available,N
M,6,UKH,M6UKH,Call Sign,Amateur Foundation Radio Licence,Available,N
M,6,UKJ,M6UKJ,Call Sign,Amateur Foundation Radio Licence,Available,N
M,6,UKK,M6UKK,Call Sign,Amateur Foundation Radio Licence,Available,N
M,6,UKL,M6UKL,Call Sign,Amateur Foundation Radio Licence,Available,N
M,6,UKN,M6UKN,Call Sign,Amateur Foundation Radio Licence,Available,N
M,6,UKO,M6UKO,Call Sign,Amateur Foundation Radio Licence,Available,N
M,6,UKQ,M6UKQ,Call Sign,Amateur Foundation Radio Licence,Available,N
M,6,UKS,M6UKS,Call Sign,Amateur Foundation Radio Licence,Available,N
M,6,UKT,M6UKT,Call Sign,Amateur Foundation Radio Licence,Available,N
M,6,UKU,M6UKU,Call Sign,Amateur Foundation Radio Licence,Available,N
M,6,UKW,M6UKW,Call Sign,Amateur Foundation Radio Licence,Available,N
M,6,UKX,M6UKX,Call Sign,Amateur Foundation Radio Licence,Available,N
M,6,ULB,M6ULB,Call Sign,Amateur Foundation Radio Licence,Available,N
M,6,ULC,M6ULC,Call Sign,Amateur Foundation Radio Licence,Available,N
M,6,ULD,M6ULD,Call Sign,Amateur Foundation Radio Licence,Available,N
M,6,ULE,M6ULE,Call Sign,Amateur Foundation Radio Licence,Available,N
M,6,ULG,M6ULG,Call Sign,Amateur Foundation Radio Licence,Available,N
M,6,ULH,M6ULH,Call Sign,Amateur Foundation Radio Licence,Available,N
M,6,ULI,M6ULI,Call Sign,Amateur Foundation Radio Licence,Available,N
M,6,ULJ,M6ULJ,Call Sign,Amateur Foundation Radio Licence,Available,N
M,6,ULK,M6ULK,Call Sign,Amateur Foundation Radio Licence,Available,N
M,6,ULM,M6ULM,Call Sign,Amateur Foundation Radio Licence,Available,N
M,6,ULN,M6ULN,Call Sign,Amateur Foundation Radio Licence,Available,N
M,6,ULO,M6ULO,Call Sign,Amateur Foundation Radio Licence,Available,N
M,6,ULQ,M6ULQ,Call Sign,Amateur Foundation Radio Licence,Available,N
M,6,ULR,M6ULR,Call Sign,Amateur Foundation Radio Licence,Available,N
M,6,ULS,M6ULS,Call Sign,Amateur Foundation Radio Licence,Available,N
M,6,ULT,M6ULT,Call Sign,Amateur Foundation Radio Licence,Available,N
M,6,ULU,M6ULU,Call Sign,Amateur Foundation Radio Licence,Available,N
M,6,ULV,M6ULV,Call Sign,Amateur Foundation Radio Licence,Available,N
M,6,ULW,M6ULW,Call Sign,Amateur Foundation Radio Licence,Available,N
M,6,ULY,M6ULY,Call Sign,Amateur Foundation Radio Licence,Available,N
M,6,UMB,M6UMB,Call Sign,Amateur Foundation Radio Licence,Available,N
M,6,UMD,M6UMD,Call Sign,Amateur Foundation Radio Licence,Available,N
M,6,UME,M6UME,Call Sign,Amateur Foundation Radio Licence,Available,N
M,6,UMG,M6UMG,Call Sign,Amateur Foundation Radio Licence,Available,N
M,6,UMI,M6UMI,Call Sign,Amateur Foundation Radio Licence,Available,N
M,6,UMJ,M6UMJ,Call Sign,Amateur Foundation Radio Licence,Available,N
M,6,UMK,M6UMK,Call Sign,Amateur Foundation Radio Licence,Available,N
M,6,UML,M6UML,Call Sign,Amateur Foundation Radio Licence,Available,N
M,6,UMN,M6UMN,Call Sign,Amateur Foundation Radio Licence,Available,N
M,6,UMO,M6UMO,Call Sign,Amateur Foundation Radio Licence,Available,N
M,6,UMP,M6UMP,Call Sign,Amateur Foundation Radio Licence,Available,N
M,6,UMQ,M6UMQ,Call Sign,Amateur Foundation Radio Licence,Available,N
M,6,UMR,M6UMR,Call Sign,Amateur Foundation Radio Licence,Available,N
M,6,UMS,M6UMS,Call Sign,Amateur Foundation Radio Licence,Available,N
M,6,UMT,M6UMT,Call Sign,Amateur Foundation Radio Licence,Available,N
M,6,UMU,M6UMU,Call Sign,Amateur Foundation Radio Licence,Available,N
M,6,UMV,M6UMV,Call Sign,Amateur Foundation Radio Licence,Available,N
M,6,UMW,M6UMW,Call Sign,Amateur Foundation Radio Licence,Available,N
M,6,UMX,M6UMX,Call Sign,Amateur Foundation Radio Licence,Available,N
M,6,UMY,M6UMY,Call Sign,Amateur Foundation Radio Licence,Available,N
M,6,UMZ,M6UMZ,Call Sign,Amateur Foundation Radio Licence,Available,N
M,6,UNB,M6UNB,Call Sign,Amateur Foundation Radio Licence,Available,N
M,6,UNC,M6UNC,Call Sign,Amateur Foundation Radio Licence,Available,N
M,6,UND,M6UND,Call Sign,Amateur Foundation Radio Licence,Available,N
M,6,UNE,M6UNE,Call Sign,Amateur Foundation Radio Licence,Available,N
M,6,UNF,M6UNF,Call Sign,Amateur Foundation Radio Licence,Available,N
M,6,UNG,M6UNG,Call Sign,Amateur Foundation Radio Licence,Available,N
M,6,UNH,M6UNH,Call Sign,Amateur Foundation Radio Licence,Available,N
M,6,UNJ,M6UNJ,Call Sign,Amateur Foundation Radio Licence,Available,N
M,6,UNK,M6UNK,Call Sign,Amateur Foundation Radio Licence,Available,N
M,6,UNL,M6UNL,Call Sign,Amateur Foundation Radio Licence,Available,N
M,6,UNM,M6UNM,Call Sign,Amateur Foundation Radio Licence,Available,N
M,6,UNN,M6UNN,Call Sign,Amateur Foundation Radio Licence,Available,N
M,6,UNP,M6UNP,Call Sign,Amateur Foundation Radio Licence,Available,N
M,6,UNQ,M6UNQ,Call Sign,Amateur Foundation Radio Licence,Available,N
M,6,UNR,M6UNR,Call Sign,Amateur Foundation Radio Licence,Available,N
M,6,UNT,M6UNT,Call Sign,Amateur Foundation Radio Licence,Available,N
M,6,UNU,M6UNU,Call Sign,Amateur Foundation Radio Licence,Available,N
M,6,UNV,M6UNV,Call Sign,Amateur Foundation Radio Licence,Available,N
M,6,UNW,M6UNW,Call Sign,Amateur Foundation Radio Licence,Available,N
M,6,UNX,M6UNX,Call Sign,Amateur Foundation Radio Licence,Available,N
M,6,UNY,M6UNY,Call Sign,Amateur Foundation Radio Licence,Available,N
M,6,UNZ,M6UNZ,Call Sign,Amateur Foundation Radio Licence,Available,N
M,6,UOA,M6UOA,Call Sign,Amateur Foundation Radio Licence,Available,N
M,6,UOB,M6UOB,Call Sign,Amateur Foundation Radio Licence,Available,N
M,6,UOC,M6UOC,Call Sign,Amateur Foundation Radio Licence,Available,N
M,6,UOD,M6UOD,Call Sign,Amateur Foundation Radio Licence,Available,N
M,6,UOE,M6UOE,Call Sign,Amateur Foundation Radio Licence,Available,N
M,6,UOF,M6UOF,Call Sign,Amateur Foundation Radio Licence,Available,N
M,6,UOG,M6UOG,Call Sign,Amateur Foundation Radio Licence,Available,N
M,6,UOH,M6UOH,Call Sign,Amateur Foundation Radio Licence,Available,N
M,6,UOI,M6UOI,Call Sign,Amateur Foundation Radio Licence,Available,N
M,6,UOL,M6UOL,Call Sign,Amateur Foundation Radio Licence,Available,N
M,6,UOM,M6UOM,Call Sign,Amateur Foundation Radio Licence,Available,N
M,6,UON,M6UON,Call Sign,Amateur Foundation Radio Licence,Available,N
M,6,UOO,M6UOO,Call Sign,Amateur Foundation Radio Licence,Available,N
M,6,UOP,M6UOP,Call Sign,Amateur Foundation Radio Licence,Available,N
M,6,UOQ,M6UOQ,Call Sign,Amateur Foundation Radio Licence,Available,N
M,6,UOR,M6UOR,Call Sign,Amateur Foundation Radio Licence,Available,N
M,6,UOT,M6UOT,Call Sign,Amateur Foundation Radio Licence,Available,N
M,6,UOU,M6UOU,Call Sign,Amateur Foundation Radio Licence,Available,N
M,6,UOV,M6UOV,Call Sign,Amateur Foundation Radio Licence,Available,N
M,6,UOW,M6UOW,Call Sign,Amateur Foundation Radio Licence,Available,N
M,6,UOX,M6UOX,Call Sign,Amateur Foundation Radio Licence,Available,N
M,6,UOY,M6UOY,Call Sign,Amateur Foundation Radio Licence,Available,N
M,6,UOZ,M6UOZ,Call Sign,Amateur Foundation Radio Licence,Available,N
M,6,UPA,M6UPA,Call Sign,Amateur Foundation Radio Licence,Available,N
M,6,UPB,M6UPB,Call Sign,Amateur Foundation Radio Licence,Available,N
M,6,UPC,M6UPC,Call Sign,Amateur Foundation Radio Licence,Available,N
M,6,UPD,M6UPD,Call Sign,Amateur Foundation Radio Licence,Available,N
M,6,UPF,M6UPF,Call Sign,Amateur Foundation Radio Licence,Available,N
M,6,UPG,M6UPG,Call Sign,Amateur Foundation Radio Licence,Available,N
M,6,UPI,M6UPI,Call Sign,Amateur Foundation Radio Licence,Available,N
M,6,UPJ,M6UPJ,Call Sign,Amateur Foundation Radio Licence,Available,N
M,6,UPK,M6UPK,Call Sign,Amateur Foundation Radio Licence,Available,N
M,6,UPL,M6UPL,Call Sign,Amateur Foundation Radio Licence,Available,N
M,6,UPM,M6UPM,Call Sign,Amateur Foundation Radio Licence,Available,N
M,6,UPN,M6UPN,Call Sign,Amateur Foundation Radio Licence,Available,N
M,6,UPO,M6UPO,Call Sign,Amateur Foundation Radio Licence,Available,N
M,6,UPP,M6UPP,Call Sign,Amateur Foundation Radio Licence,Available,N
M,6,UPQ,M6UPQ,Call Sign,Amateur Foundation Radio Licence,Available,N
M,6,UPR,M6UPR,Call Sign,Amateur Foundation Radio Licence,Available,N
M,6,UPT,M6UPT,Call Sign,Amateur Foundation Radio Licence,Available,N
M,6,UPV,M6UPV,Call Sign,Amateur Foundation Radio Licence,Available,N
M,6,UPW,M6UPW,Call Sign,Amateur Foundation Radio Licence,Available,N
M,6,UPX,M6UPX,Call Sign,Amateur Foundation Radio Licence,Available,N
M,6,UPY,M6UPY,Call Sign,Amateur Foundation Radio Licence,Available,N
M,6,UPZ,M6UPZ,Call Sign,Amateur Foundation Radio Licence,Available,N
M,6,UQA,M6UQA,Call Sign,Amateur Foundation Radio Licence,Available,N
M,6,UQB,M6UQB,Call Sign,Amateur Foundation Radio Licence,Available,N
M,6,UQC,M6UQC,Call Sign,Amateur Foundation Radio Licence,Available,N
M,6,UQD,M6UQD,Call Sign,Amateur Foundation Radio Licence,Available,N
M,6,UQE,M6UQE,Call Sign,Amateur Foundation Radio Licence,Available,N
M,6,UQF,M6UQF,Call Sign,Amateur Foundation Radio Licence,Available,N
M,6,UQG,M6UQG,Call Sign,Amateur Foundation Radio Licence,Available,N
M,6,UQH,M6UQH,Call Sign,Amateur Foundation Radio Licence,Available,N
M,6,UQI,M6UQI,Call Sign,Amateur Foundation Radio Licence,Available,N
M,6,UQJ,M6UQJ,Call Sign,Amateur Foundation Radio Licence,Available,N
M,6,UQK,M6UQK,Call Sign,Amateur Foundation Radio Licence,Available,N
M,6,UQL,M6UQL,Call Sign,Amateur Foundation Radio Licence,Available,N
M,6,UQM,M6UQM,Call Sign,Amateur Foundation Radio Licence,Available,N
M,6,UQN,M6UQN,Call Sign,Amateur Foundation Radio Licence,Available,N
M,6,UQO,M6UQO,Call Sign,Amateur Foundation Radio Licence,Available,N
M,6,UQP,M6UQP,Call Sign,Amateur Foundation Radio Licence,Available,N
M,6,UQQ,M6UQQ,Call Sign,Amateur Foundation Radio Licence,Available,N
M,6,UQR,M6UQR,Call Sign,Amateur Foundation Radio Licence,Available,N
M,6,UQS,M6UQS,Call Sign,Amateur Foundation Radio Licence,Available,N
M,6,UQT,M6UQT,Call Sign,Amateur Foundation Radio Licence,Available,N
M,6,UQU,M6UQU,Call Sign,Amateur Foundation Radio Licence,Available,N
M,6,UQV,M6UQV,Call Sign,Amateur Foundation Radio Licence,Available,N
M,6,UQW,M6UQW,Call Sign,Amateur Foundation Radio Licence,Available,N
M,6,UQX,M6UQX,Call Sign,Amateur Foundation Radio Licence,Available,N
M,6,UQY,M6UQY,Call Sign,Amateur Foundation Radio Licence,Available,N
M,6,UQZ,M6UQZ,Call Sign,Amateur Foundation Radio Licence,Available,N
M,6,URA,M6URA,Call Sign,Amateur Foundation Radio Licence,Available,N
M,6,URD,M6URD,Call Sign,Amateur Foundation Radio Licence,Available,N
M,6,URE,M6URE,Call Sign,Amateur Foundation Radio Licence,Available,N
M,6,URH,M6URH,Call Sign,Amateur Foundation Radio Licence,Available,N
M,6,URI,M6URI,Call Sign,Amateur Foundation Radio Licence,Available,N
M,6,URJ,M6URJ,Call Sign,Amateur Foundation Radio Licence,Available,N
M,6,URK,M6URK,Call Sign,Amateur Foundation Radio Licence,Available,N
M,6,URM,M6URM,Call Sign,Amateur Foundation Radio Licence,Available,N
M,6,URO,M6URO,Call Sign,Amateur Foundation Radio Licence,Available,N
M,6,URP,M6URP,Call Sign,Amateur Foundation Radio Licence,Available,N
M,6,URQ,M6URQ,Call Sign,Amateur Foundation Radio Licence,Available,N
M,6,URT,M6URT,Call Sign,Amateur Foundation Radio Licence,Available,N
M,6,URV,M6URV,Call Sign,Amateur Foundation Radio Licence,Available,N
M,6,URW,M6URW,Call Sign,Amateur Foundation Radio Licence,Available,N
M,6,URY,M6URY,Call Sign,Amateur Foundation Radio Licence,Available,N
M,6,USF,M6USF,Call Sign,Amateur Foundation Radio Licence,Available,N
M,6,USH,M6USH,Call Sign,Amateur Foundation Radio Licence,Available,N
M,6,USI,M6USI,Call Sign,Amateur Foundation Radio Licence,Available,N
M,6,USJ,M6USJ,Call Sign,Amateur Foundation Radio Licence,Available,N
M,6,USL,M6USL,Call Sign,Amateur Foundation Radio Licence,Available,N
M,6,USN,M6USN,Call Sign,Amateur Foundation Radio Licence,Available,N
M,6,USO,M6USO,Call Sign,Amateur Foundation Radio Licence,Available,N
M,6,USQ,M6USQ,Call Sign,Amateur Foundation Radio Licence,Available,N
M,6,USR,M6USR,Call Sign,Amateur Foundation Radio Licence,Available,N
M,6,USS,M6USS,Call Sign,Amateur Foundation Radio Licence,Available,N
M,6,UST,M6UST,Call Sign,Amateur Foundation Radio Licence,Available,N
M,6,USU,M6USU,Call Sign,Amateur Foundation Radio Licence,Available,N
M,6,USW,M6USW,Call Sign,Amateur Foundation Radio Licence,Available,N
M,6,USX,M6USX,Call Sign,Amateur Foundation Radio Licence,Available,N
M,6,USY,M6USY,Call Sign,Amateur Foundation Radio Licence,Available,N
M,6,USZ,M6USZ,Call Sign,Amateur Foundation Radio Licence,Available,N
M,6,UTF,M6UTF,Call Sign,Amateur Foundation Radio Licence,Available,N
M,6,UTG,M6UTG,Call Sign,Amateur Foundation Radio Licence,Available,N
M,6,UTH,M6UTH,Call Sign,Amateur Foundation Radio Licence,Available,N
M,6,UTJ,M6UTJ,Call Sign,Amateur Foundation Radio Licence,Available,N
M,6,UTK,M6UTK,Call Sign,Amateur Foundation Radio Licence,Available,N
M,6,UTL,M6UTL,Call Sign,Amateur Foundation Radio Licence,Available,N
M,6,UTN,M6UTN,Call Sign,Amateur Foundation Radio Licence,Available,N
M,6,UTO,M6UTO,Call Sign,Amateur Foundation Radio Licence,Available,N
M,6,UTQ,M6UTQ,Call Sign,Amateur Foundation Radio Licence,Available,N
M,6,UTR,M6UTR,Call Sign,Amateur Foundation Radio Licence,Available,N
M,6,UTS,M6UTS,Call Sign,Amateur Foundation Radio Licence,Available,N
M,6,UTU,M6UTU,Call Sign,Amateur Foundation Radio Licence,Available,N
M,6,UTW,M6UTW,Call Sign,Amateur Foundation Radio Licence,Available,N
M,6,UTX,M6UTX,Call Sign,Amateur Foundation Radio Licence,Available,N
M,6,UTY,M6UTY,Call Sign,Amateur Foundation Radio Licence,Available,N
M,6,UTZ,M6UTZ,Call Sign,Amateur Foundation Radio Licence,Available,N
M,6,UUA,M6UUA,Call Sign,Amateur Foundation Radio Licence,Available,N
M,6,UUB,M6UUB,Call Sign,Amateur Foundation Radio Licence,Available,N
M,6,UUC,M6UUC,Call Sign,Amateur Foundation Radio Licence,Available,N
M,6,UUD,M6UUD,Call Sign,Amateur Foundation Radio Licence,Available,N
M,6,UUE,M6UUE,Call Sign,Amateur Foundation Radio Licence,Available,N
M,6,UUF,M6UUF,Call Sign,Amateur Foundation Radio Licence,Available,N
M,6,UUG,M6UUG,Call Sign,Amateur Foundation Radio Licence,Available,N
M,6,UUH,M6UUH,Call Sign,Amateur Foundation Radio Licence,Available,N
M,6,UUI,M6UUI,Call Sign,Amateur Foundation Radio Licence,Available,N
M,6,UUK,M6UUK,Call Sign,Amateur Foundation Radio Licence,Available,N
M,6,UUL,M6UUL,Call Sign,Amateur Foundation Radio Licence,Available,N
M,6,UUM,M6UUM,Call Sign,Amateur Foundation Radio Licence,Available,N
M,6,UUN,M6UUN,Call Sign,Amateur Foundation Radio Licence,Available,N
M,6,UUO,M6UUO,Call Sign,Amateur Foundation Radio Licence,Available,N
M,6,UUP,M6UUP,Call Sign,Amateur Foundation Radio Licence,Available,N
M,6,UUQ,M6UUQ,Call Sign,Amateur Foundation Radio Licence,Available,N
M,6,UUR,M6UUR,Call Sign,Amateur Foundation Radio Licence,Available,N
M,6,UUS,M6UUS,Call Sign,Amateur Foundation Radio Licence,Available,N
M,6,UUT,M6UUT,Call Sign,Amateur Foundation Radio Licence,Available,N
M,6,UUV,M6UUV,Call Sign,Amateur Foundation Radio Licence,Available,N
M,6,UUW,M6UUW,Call Sign,Amateur Foundation Radio Licence,Available,N
M,6,UUX,M6UUX,Call Sign,Amateur Foundation Radio Licence,Available,N
M,6,UUY,M6UUY,Call Sign,Amateur Foundation Radio Licence,Available,N
M,6,UUZ,M6UUZ,Call Sign,Amateur Foundation Radio Licence,Available,N
M,6,UVA,M6UVA,Call Sign,Amateur Foundation Radio Licence,Available,N
M,6,UVC,M6UVC,Call Sign,Amateur Foundation Radio Licence,Available,N
M,6,UVD,M6UVD,Call Sign,Amateur Foundation Radio Licence,Available,N
M,6,UVE,M6UVE,Call Sign,Amateur Foundation Radio Licence,Available,N
M,6,UVG,M6UVG,Call Sign,Amateur Foundation Radio Licence,Available,N
M,6,UVH,M6UVH,Call Sign,Amateur Foundation Radio Licence,Available,N
M,6,UVI,M6UVI,Call Sign,Amateur Foundation Radio Licence,Available,N
M,6,UVJ,M6UVJ,Call Sign,Amateur Foundation Radio Licence,Available,N
M,6,UVK,M6UVK,Call Sign,Amateur Foundation Radio Licence,Available,N
M,6,UVL,M6UVL,Call Sign,Amateur Foundation Radio Licence,Available,N
M,6,UVM,M6UVM,Call Sign,Amateur Foundation Radio Licence,Available,N
M,6,UVN,M6UVN,Call Sign,Amateur Foundation Radio Licence,Available,N
M,6,UVO,M6UVO,Call Sign,Amateur Foundation Radio Licence,Available,N
M,6,UVP,M6UVP,Call Sign,Amateur Foundation Radio Licence,Available,N
M,6,UVQ,M6UVQ,Call Sign,Amateur Foundation Radio Licence,Available,N
M,6,UVS,M6UVS,Call Sign,Amateur Foundation Radio Licence,Available,N
M,6,UVT,M6UVT,Call Sign,Amateur Foundation Radio Licence,Available,N
M,6,UVU,M6UVU,Call Sign,Amateur Foundation Radio Licence,Available,N
M,6,UVV,M6UVV,Call Sign,Amateur Foundation Radio Licence,Available,N
M,6,UVW,M6UVW,Call Sign,Amateur Foundation Radio Licence,Available,N
M,6,UVX,M6UVX,Call Sign,Amateur Foundation Radio Licence,Available,N
M,6,UVY,M6UVY,Call Sign,Amateur Foundation Radio Licence,Available,N
M,6,UVZ,M6UVZ,Call Sign,Amateur Foundation Radio Licence,Available,N
M,6,UWA,M6UWA,Call Sign,Amateur Foundation Radio Licence,Available,N
M,6,UWB,M6UWB,Call Sign,Amateur Foundation Radio Licence,Available,N
M,6,UWC,M6UWC,Call Sign,Amateur Foundation Radio Licence,Available,N
M,6,UWD,M6UWD,Call Sign,Amateur Foundation Radio Licence,Available,N
M,6,UWF,M6UWF,Call Sign,Amateur Foundation Radio Licence,Available,N
M,6,UWG,M6UWG,Call Sign,Amateur Foundation Radio Licence,Available,N
M,6,UWH,M6UWH,Call Sign,Amateur Foundation Radio Licence,Available,N
M,6,UWI,M6UWI,Call Sign,Amateur Foundation Radio Licence,Available,N
M,6,UWJ,M6UWJ,Call Sign,Amateur Foundation Radio Licence,Available,N
M,6,UWL,M6UWL,Call Sign,Amateur Foundation Radio Licence,Available,N
M,6,UWM,M6UWM,Call Sign,Amateur Foundation Radio Licence,Available,N
M,6,UWN,M6UWN,Call Sign,Amateur Foundation Radio Licence,Available,N
M,6,UWO,M6UWO,Call Sign,Amateur Foundation Radio Licence,Available,N
M,6,UWP,M6UWP,Call Sign,Amateur Foundation Radio Licence,Available,N
M,6,UWQ,M6UWQ,Call Sign,Amateur Foundation Radio Licence,Available,N
M,6,UWR,M6UWR,Call Sign,Amateur Foundation Radio Licence,Available,N
M,6,UWT,M6UWT,Call Sign,Amateur Foundation Radio Licence,Available,N
M,6,UWU,M6UWU,Call Sign,Amateur Foundation Radio Licence,Available,N
M,6,UWV,M6UWV,Call Sign,Amateur Foundation Radio Licence,Available,N
M,6,UWW,M6UWW,Call Sign,Amateur Foundation Radio Licence,Available,N
M,6,UWX,M6UWX,Call Sign,Amateur Foundation Radio Licence,Available,N
M,6,UWY,M6UWY,Call Sign,Amateur Foundation Radio Licence,Available,N
M,6,UWZ,M6UWZ,Call Sign,Amateur Foundation Radio Licence,Available,N
M,6,UXA,M6UXA,Call Sign,Amateur Foundation Radio Licence,Available,N
M,6,UXC,M6UXC,Call Sign,Amateur Foundation Radio Licence,Available,N
M,6,UXD,M6UXD,Call Sign,Amateur Foundation Radio Licence,Available,N
M,6,UXE,M6UXE,Call Sign,Amateur Foundation Radio Licence,Available,N
M,6,UXF,M6UXF,Call Sign,Amateur Foundation Radio Licence,Available,N
M,6,UXG,M6UXG,Call Sign,Amateur Foundation Radio Licence,Available,N
M,6,UXI,M6UXI,Call Sign,Amateur Foundation Radio Licence,Available,N
M,6,UXJ,M6UXJ,Call Sign,Amateur Foundation Radio Licence,Available,N
M,6,UXK,M6UXK,Call Sign,Amateur Foundation Radio Licence,Available,N
M,6,UXL,M6UXL,Call Sign,Amateur Foundation Radio Licence,Available,N
M,6,UXM,M6UXM,Call Sign,Amateur Foundation Radio Licence,Available,N
M,6,UXN,M6UXN,Call Sign,Amateur Foundation Radio Licence,Available,N
M,6,UXO,M6UXO,Call Sign,Amateur Foundation Radio Licence,Available,N
M,6,UXP,M6UXP,Call Sign,Amateur Foundation Radio Licence,Available,N
M,6,UXQ,M6UXQ,Call Sign,Amateur Foundation Radio Licence,Available,N
M,6,UXR,M6UXR,Call Sign,Amateur Foundation Radio Licence,Available,N
M,6,UXS,M6UXS,Call Sign,Amateur Foundation Radio Licence,Available,N
M,6,UXT,M6UXT,Call Sign,Amateur Foundation Radio Licence,Available,N
M,6,UXU,M6UXU,Call Sign,Amateur Foundation Radio Licence,Available,N
M,6,UXV,M6UXV,Call Sign,Amateur Foundation Radio Licence,Available,N
M,6,UXX,M6UXX,Call Sign,Amateur Foundation Radio Licence,Available,N
M,6,UXY,M6UXY,Call Sign,Amateur Foundation Radio Licence,Available,N
M,6,UXZ,M6UXZ,Call Sign,Amateur Foundation Radio Licence,Available,N
M,6,UYA,M6UYA,Call Sign,Amateur Foundation Radio Licence,Available,N
M,6,UYB,M6UYB,Call Sign,Amateur Foundation Radio Licence,Available,N
M,6,UYC,M6UYC,Call Sign,Amateur Foundation Radio Licence,Available,N
M,6,UYD,M6UYD,Call Sign,Amateur Foundation Radio Licence,Available,N
M,6,UYE,M6UYE,Call Sign,Amateur Foundation Radio Licence,Available,N
M,6,UYF,M6UYF,Call Sign,Amateur Foundation Radio Licence,Available,N
M,6,UYG,M6UYG,Call Sign,Amateur Foundation Radio Licence,Available,N
M,6,UYH,M6UYH,Call Sign,Amateur Foundation Radio Licence,Available,N
M,6,UYI,M6UYI,Call Sign,Amateur Foundation Radio Licence,Available,N
M,6,UYJ,M6UYJ,Call Sign,Amateur Foundation Radio Licence,Available,N
M,6,UYK,M6UYK,Call Sign,Amateur Foundation Radio Licence,Available,N
M,6,UYL,M6UYL,Call Sign,Amateur Foundation Radio Licence,Available,N
M,6,UYM,M6UYM,Call Sign,Amateur Foundation Radio Licence,Available,N
M,6,UYN,M6UYN,Call Sign,Amateur Foundation Radio Licence,Available,N
M,6,UYO,M6UYO,Call Sign,Amateur Foundation Radio Licence,Available,N
M,6,UYP,M6UYP,Call Sign,Amateur Foundation Radio Licence,Available,N
M,6,UYQ,M6UYQ,Call Sign,Amateur Foundation Radio Licence,Available,N
M,6,UYR,M6UYR,Call Sign,Amateur Foundation Radio Licence,Available,N
M,6,UYS,M6UYS,Call Sign,Amateur Foundation Radio Licence,Available,N
M,6,UYT,M6UYT,Call Sign,Amateur Foundation Radio Licence,Available,N
M,6,UYU,M6UYU,Call Sign,Amateur Foundation Radio Licence,Available,N
M,6,UYV,M6UYV,Call Sign,Amateur Foundation Radio Licence,Available,N
M,6,UYW,M6UYW,Call Sign,Amateur Foundation Radio Licence,Available,N
M,6,UYX,M6UYX,Call Sign,Amateur Foundation Radio Licence,Available,N
M,6,UYY,M6UYY,Call Sign,Amateur Foundation Radio Licence,Available,N
M,6,UYZ,M6UYZ,Call Sign,Amateur Foundation Radio Licence,Available,N
M,6,UZA,M6UZA,Call Sign,Amateur Foundation Radio Licence,Available,N
M,6,UZB,M6UZB,Call Sign,Amateur Foundation Radio Licence,Available,N
M,6,UZC,M6UZC,Call Sign,Amateur Foundation Radio Licence,Available,N
M,6,UZD,M6UZD,Call Sign,Amateur Foundation Radio Licence,Available,N
M,6,UZE,M6UZE,Call Sign,Amateur Foundation Radio Licence,Available,N
M,6,UZF,M6UZF,Call Sign,Amateur Foundation Radio Licence,Available,N
M,6,UZG,M6UZG,Call Sign,Amateur Foundation Radio Licence,Available,N
M,6,UZI,M6UZI,Call Sign,Amateur Foundation Radio Licence,Available,N
M,6,UZJ,M6UZJ,Call Sign,Amateur Foundation Radio Licence,Available,N
M,6,UZL,M6UZL,Call Sign,Amateur Foundation Radio Licence,Available,N
M,6,UZM,M6UZM,Call Sign,Amateur Foundation Radio Licence,Available,N
M,6,UZN,M6UZN,Call Sign,Amateur Foundation Radio Licence,Available,N
M,6,UZO,M6UZO,Call Sign,Amateur Foundation Radio Licence,Available,N
M,6,UZP,M6UZP,Call Sign,Amateur Foundation Radio Licence,Available,N
M,6,UZQ,M6UZQ,Call Sign,Amateur Foundation Radio Licence,Available,N
M,6,UZR,M6UZR,Call Sign,Amateur Foundation Radio Licence,Available,N
M,6,UZS,M6UZS,Call Sign,Amateur Foundation Radio Licence,Available,N
M,6,UZT,M6UZT,Call Sign,Amateur Foundation Radio Licence,Available,N
M,6,UZU,M6UZU,Call Sign,Amateur Foundation Radio Licence,Available,N
M,6,UZV,M6UZV,Call Sign,Amateur Foundation Radio Licence,Available,N
M,6,UZW,M6UZW,Call Sign,Amateur Foundation Radio Licence,Available,N
M,6,UZX,M6UZX,Call Sign,Amateur Foundation Radio Licence,Available,N
M,6,UZY,M6UZY,Call Sign,Amateur Foundation Radio Licence,Available,N
M,6,VAH,M6VAH,Call Sign,Amateur Foundation Radio Licence,Available,N
M,6,VAI,M6VAI,Call Sign,Amateur Foundation Radio Licence,Available,N
M,6,VAQ,M6VAQ,Call Sign,Amateur Foundation Radio Licence,Available,N
M,6,VAW,M6VAW,Call Sign,Amateur Foundation Radio Licence,Available,N
M,6,VAY,M6VAY,Call Sign,Amateur Foundation Radio Licence,Available,N
M,6,VAZ,M6VAZ,Call Sign,Amateur Foundation Radio Licence,Available,N
M,6,VBB,M6VBB,Call Sign,Amateur Foundation Radio Licence,Available,N
M,6,VBC,M6VBC,Call Sign,Amateur Foundation Radio Licence,Available,N
M,6,VBE,M6VBE,Call Sign,Amateur Foundation Radio Licence,Available,N
M,6,VBH,M6VBH,Call Sign,Amateur Foundation Radio Licence,Available,N
M,6,VBI,M6VBI,Call Sign,Amateur Foundation Radio Licence,Available,N
M,6,VBK,M6VBK,Call Sign,Amateur Foundation Radio Licence,Available,N
M,6,VBL,M6VBL,Call Sign,Amateur Foundation Radio Licence,Available,N
M,6,VBN,M6VBN,Call Sign,Amateur Foundation Radio Licence,Available,N
M,6,VBO,M6VBO,Call Sign,Amateur Foundation Radio Licence,Available,N
M,6,VBQ,M6VBQ,Call Sign,Amateur Foundation Radio Licence,Available,N
M,6,VBS,M6VBS,Call Sign,Amateur Foundation Radio Licence,Available,N
M,6,VBT,M6VBT,Call Sign,Amateur Foundation Radio Licence,Available,N
M,6,VBU,M6VBU,Call Sign,Amateur Foundation Radio Licence,Available,N
M,6,VBV,M6VBV,Call Sign,Amateur Foundation Radio Licence,Available,N
M,6,VBW,M6VBW,Call Sign,Amateur Foundation Radio Licence,Available,N
M,6,VBY,M6VBY,Call Sign,Amateur Foundation Radio Licence,Available,N
M,6,VBZ,M6VBZ,Call Sign,Amateur Foundation Radio Licence,Available,N
M,6,VCF,M6VCF,Call Sign,Amateur Foundation Radio Licence,Available,N
M,6,VCG,M6VCG,Call Sign,Amateur Foundation Radio Licence,Available,N
M,6,VCH,M6VCH,Call Sign,Amateur Foundation Radio Licence,Available,N
M,6,VCI,M6VCI,Call Sign,Amateur Foundation Radio Licence,Available,N
M,6,VCJ,M6VCJ,Call Sign,Amateur Foundation Radio Licence,Available,N
M,6,VCL,M6VCL,Call Sign,Amateur Foundation Radio Licence,Available,N
M,6,VCQ,M6VCQ,Call Sign,Amateur Foundation Radio Licence,Available,N
M,6,VCR,M6VCR,Call Sign,Amateur Foundation Radio Licence,Available,N
M,6,VCU,M6VCU,Call Sign,Amateur Foundation Radio Licence,Available,N
M,6,VCV,M6VCV,Call Sign,Amateur Foundation Radio Licence,Available,N
M,6,VCW,M6VCW,Call Sign,Amateur Foundation Radio Licence,Available,N
M,6,VCX,M6VCX,Call Sign,Amateur Foundation Radio Licence,Available,N
M,6,VCY,M6VCY,Call Sign,Amateur Foundation Radio Licence,Available,N
M,6,VCZ,M6VCZ,Call Sign,Amateur Foundation Radio Licence,Available,N
M,6,VDA,M6VDA,Call Sign,Amateur Foundation Radio Licence,Available,N
M,6,VDD,M6VDD,Call Sign,Amateur Foundation Radio Licence,Available,N
M,6,VDF,M6VDF,Call Sign,Amateur Foundation Radio Licence,Available,N
M,6,VDG,M6VDG,Call Sign,Amateur Foundation Radio Licence,Available,N
M,6,VDI,M6VDI,Call Sign,Amateur Foundation Radio Licence,Available,N
M,6,VDJ,M6VDJ,Call Sign,Amateur Foundation Radio Licence,Available,N
M,6,VDK,M6VDK,Call Sign,Amateur Foundation Radio Licence,Available,N
M,6,VDL,M6VDL,Call Sign,Amateur Foundation Radio Licence,Available,N
M,6,VDM,M6VDM,Call Sign,Amateur Foundation Radio Licence,Available,N
M,6,VDO,M6VDO,Call Sign,Amateur Foundation Radio Licence,Available,N
M,6,VDP,M6VDP,Call Sign,Amateur Foundation Radio Licence,Available,N
M,6,VDQ,M6VDQ,Call Sign,Amateur Foundation Radio Licence,Available,N
M,6,VDS,M6VDS,Call Sign,Amateur Foundation Radio Licence,Available,N
M,6,VDT,M6VDT,Call Sign,Amateur Foundation Radio Licence,Available,N
M,6,VDU,M6VDU,Call Sign,Amateur Foundation Radio Licence,Available,N
M,6,VDV,M6VDV,Call Sign,Amateur Foundation Radio Licence,Available,N
M,6,VDW,M6VDW,Call Sign,Amateur Foundation Radio Licence,Available,N
M,6,VDY,M6VDY,Call Sign,Amateur Foundation Radio Licence,Available,N
M,6,VDZ,M6VDZ,Call Sign,Amateur Foundation Radio Licence,Available,N
M,6,VEA,M6VEA,Call Sign,Amateur Foundation Radio Licence,Available,N
M,6,VED,M6VED,Call Sign,Amateur Foundation Radio Licence,Available,N
M,6,VEE,M6VEE,Call Sign,Amateur Foundation Radio Licence,Available,N
M,6,VEF,M6VEF,Call Sign,Amateur Foundation Radio Licence,Available,N
M,6,VEH,M6VEH,Call Sign,Amateur Foundation Radio Licence,Available,N
M,6,VEI,M6VEI,Call Sign,Amateur Foundation Radio Licence,Available,N
M,6,VEJ,M6VEJ,Call Sign,Amateur Foundation Radio Licence,Available,N
M,6,VEK,M6VEK,Call Sign,Amateur Foundation Radio Licence,Available,N
M,6,VEM,M6VEM,Call Sign,Amateur Foundation Radio Licence,Available,N
M,6,VEO,M6VEO,Call Sign,Amateur Foundation Radio Licence,Available,N
M,6,VEP,M6VEP,Call Sign,Amateur Foundation Radio Licence,Available,N
M,6,VEQ,M6VEQ,Call Sign,Amateur Foundation Radio Licence,Available,N
M,6,VES,M6VES,Call Sign,Amateur Foundation Radio Licence,Available,N
M,6,VEU,M6VEU,Call Sign,Amateur Foundation Radio Licence,Available,N
M,6,VEV,M6VEV,Call Sign,Amateur Foundation Radio Licence,Available,N
M,6,VEW,M6VEW,Call Sign,Amateur Foundation Radio Licence,Available,N
M,6,VEX,M6VEX,Call Sign,Amateur Foundation Radio Licence,Available,N
M,6,VEZ,M6VEZ,Call Sign,Amateur Foundation Radio Licence,Available,N
M,6,VFB,M6VFB,Call Sign,Amateur Foundation Radio Licence,Available,N
M,6,VFD,M6VFD,Call Sign,Amateur Foundation Radio Licence,Available,N
M,6,VFE,M6VFE,Call Sign,Amateur Foundation Radio Licence,Available,N
M,6,VFF,M6VFF,Call Sign,Amateur Foundation Radio Licence,Available,N
M,6,VFG,M6VFG,Call Sign,Amateur Foundation Radio Licence,Available,N
M,6,VFH,M6VFH,Call Sign,Amateur Foundation Radio Licence,Available,N
M,6,VFI,M6VFI,Call Sign,Amateur Foundation Radio Licence,Available,N
M,6,VFJ,M6VFJ,Call Sign,Amateur Foundation Radio Licence,Available,N
M,6,VFK,M6VFK,Call Sign,Amateur Foundation Radio Licence,Available,N
M,6,VFL,M6VFL,Call Sign,Amateur Foundation Radio Licence,Available,N
M,6,VFM,M6VFM,Call Sign,Amateur Foundation Radio Licence,Available,N
M,6,VFN,M6VFN,Call Sign,Amateur Foundation Radio Licence,Available,N
M,6,VFP,M6VFP,Call Sign,Amateur Foundation Radio Licence,Available,N
M,6,VFQ,M6VFQ,Call Sign,Amateur Foundation Radio Licence,Available,N
M,6,VFS,M6VFS,Call Sign,Amateur Foundation Radio Licence,Available,N
M,6,VFT,M6VFT,Call Sign,Amateur Foundation Radio Licence,Available,N
M,6,VFU,M6VFU,Call Sign,Amateur Foundation Radio Licence,Available,N
M,6,VFV,M6VFV,Call Sign,Amateur Foundation Radio Licence,Available,N
M,6,VFW,M6VFW,Call Sign,Amateur Foundation Radio Licence,Available,N
M,6,VFY,M6VFY,Call Sign,Amateur Foundation Radio Licence,Available,N
M,6,VFZ,M6VFZ,Call Sign,Amateur Foundation Radio Licence,Available,N
M,6,VGB,M6VGB,Call Sign,Amateur Foundation Radio Licence,Available,N
M,6,VGC,M6VGC,Call Sign,Amateur Foundation Radio Licence,Available,N
M,6,VGD,M6VGD,Call Sign,Amateur Foundation Radio Licence,Available,N
M,6,VGF,M6VGF,Call Sign,Amateur Foundation Radio Licence,Available,N
M,6,VGH,M6VGH,Call Sign,Amateur Foundation Radio Licence,Available,N
M,6,VGI,M6VGI,Call Sign,Amateur Foundation Radio Licence,Available,N
M,6,VGJ,M6VGJ,Call Sign,Amateur Foundation Radio Licence,Available,N
M,6,VGK,M6VGK,Call Sign,Amateur Foundation Radio Licence,Available,N
M,6,VGL,M6VGL,Call Sign,Amateur Foundation Radio Licence,Available,N
M,6,VGM,M6VGM,Call Sign,Amateur Foundation Radio Licence,Available,N
M,6,VGN,M6VGN,Call Sign,Amateur Foundation Radio Licence,Available,N
M,6,VGO,M6VGO,Call Sign,Amateur Foundation Radio Licence,Available,N
M,6,VGP,M6VGP,Call Sign,Amateur Foundation Radio Licence,Available,N
M,6,VGQ,M6VGQ,Call Sign,Amateur Foundation Radio Licence,Available,N
M,6,VGR,M6VGR,Call Sign,Amateur Foundation Radio Licence,Available,N
M,6,VGT,M6VGT,Call Sign,Amateur Foundation Radio Licence,Available,N
M,6,VGW,M6VGW,Call Sign,Amateur Foundation Radio Licence,Available,N
M,6,VGX,M6VGX,Call Sign,Amateur Foundation Radio Licence,Available,N
M,6,VGY,M6VGY,Call Sign,Amateur Foundation Radio Licence,Available,N
M,6,VGZ,M6VGZ,Call Sign,Amateur Foundation Radio Licence,Available,N
M,6,VHA,M6VHA,Call Sign,Amateur Foundation Radio Licence,Available,N
M,6,VHB,M6VHB,Call Sign,Amateur Foundation Radio Licence,Available,N
M,6,VHE,M6VHE,Call Sign,Amateur Foundation Radio Licence,Available,N
M,6,VHG,M6VHG,Call Sign,Amateur Foundation Radio Licence,Available,N
M,6,VHH,M6VHH,Call Sign,Amateur Foundation Radio Licence,Available,N
M,6,VHI,M6VHI,Call Sign,Amateur Foundation Radio Licence,Available,N
M,6,VHJ,M6VHJ,Call Sign,Amateur Foundation Radio Licence,Available,N
M,6,VHK,M6VHK,Call Sign,Amateur Foundation Radio Licence,Available,N
M,6,VHL,M6VHL,Call Sign,Amateur Foundation Radio Licence,Available,N
M,6,VHM,M6VHM,Call Sign,Amateur Foundation Radio Licence,Available,N
M,6,VHN,M6VHN,Call Sign,Amateur Foundation Radio Licence,Available,N
M,6,VHO,M6VHO,Call Sign,Amateur Foundation Radio Licence,Available,N
M,6,VHP,M6VHP,Call Sign,Amateur Foundation Radio Licence,Available,N
M,6,VHQ,M6VHQ,Call Sign,Amateur Foundation Radio Licence,Available,N
M,6,VHR,M6VHR,Call Sign,Amateur Foundation Radio Licence,Available,N
M,6,VHT,M6VHT,Call Sign,Amateur Foundation Radio Licence,Available,N
M,6,VHU,M6VHU,Call Sign,Amateur Foundation Radio Licence,Available,N
M,6,VHV,M6VHV,Call Sign,Amateur Foundation Radio Licence,Available,N
M,6,VHW,M6VHW,Call Sign,Amateur Foundation Radio Licence,Available,N
M,6,VHX,M6VHX,Call Sign,Amateur Foundation Radio Licence,Available,N
M,6,VHY,M6VHY,Call Sign,Amateur Foundation Radio Licence,Available,N
M,6,VIB,M6VIB,Call Sign,Amateur Foundation Radio Licence,Available,N
M,6,VIE,M6VIE,Call Sign,Amateur Foundation Radio Licence,Available,N
M,6,VIF,M6VIF,Call Sign,Amateur Foundation Radio Licence,Available,N
M,6,VIG,M6VIG,Call Sign,Amateur Foundation Radio Licence,Available,N
M,6,VIH,M6VIH,Call Sign,Amateur Foundation Radio Licence,Available,N
M,6,VIJ,M6VIJ,Call Sign,Amateur Foundation Radio Licence,Available,N
M,6,VIO,M6VIO,Call Sign,Amateur Foundation Radio Licence,Available,N
M,6,VIQ,M6VIQ,Call Sign,Amateur Foundation Radio Licence,Available,N
M,6,VIT,M6VIT,Call Sign,Amateur Foundation Radio Licence,Available,N
M,6,VIU,M6VIU,Call Sign,Amateur Foundation Radio Licence,Available,N
M,6,VIW,M6VIW,Call Sign,Amateur Foundation Radio Licence,Available,N
M,6,VIY,M6VIY,Call Sign,Amateur Foundation Radio Licence,Available,N
M,6,VJA,M6VJA,Call Sign,Amateur Foundation Radio Licence,Available,N
M,6,VJC,M6VJC,Call Sign,Amateur Foundation Radio Licence,Available,N
M,6,VJD,M6VJD,Call Sign,Amateur Foundation Radio Licence,Available,N
M,6,VJE,M6VJE,Call Sign,Amateur Foundation Radio Licence,Available,N
M,6,VJF,M6VJF,Call Sign,Amateur Foundation Radio Licence,Available,N
M,6,VJH,M6VJH,Call Sign,Amateur Foundation Radio Licence,Available,N
M,6,VJI,M6VJI,Call Sign,Amateur Foundation Radio Licence,Available,N
M,6,VJJ,M6VJJ,Call Sign,Amateur Foundation Radio Licence,Available,N
M,6,VJL,M6VJL,Call Sign,Amateur Foundation Radio Licence,Available,N
M,6,VJM,M6VJM,Call Sign,Amateur Foundation Radio Licence,Available,N
M,6,VJN,M6VJN,Call Sign,Amateur Foundation Radio Licence,Available,N
M,6,VJO,M6VJO,Call Sign,Amateur Foundation Radio Licence,Available,N
M,6,VJP,M6VJP,Call Sign,Amateur Foundation Radio Licence,Available,N
M,6,VJQ,M6VJQ,Call Sign,Amateur Foundation Radio Licence,Available,N
M,6,VJU,M6VJU,Call Sign,Amateur Foundation Radio Licence,Available,N
M,6,VJV,M6VJV,Call Sign,Amateur Foundation Radio Licence,Available,N
M,6,VJW,M6VJW,Call Sign,Amateur Foundation Radio Licence,Available,N
M,6,VJY,M6VJY,Call Sign,Amateur Foundation Radio Licence,Available,N
M,6,VJZ,M6VJZ,Call Sign,Amateur Foundation Radio Licence,Available,N
M,6,VKA,M6VKA,Call Sign,Amateur Foundation Radio Licence,Available,N
M,6,VKB,M6VKB,Call Sign,Amateur Foundation Radio Licence,Available,N
M,6,VKC,M6VKC,Call Sign,Amateur Foundation Radio Licence,Available,N
M,6,VKD,M6VKD,Call Sign,Amateur Foundation Radio Licence,Available,N
M,6,VKF,M6VKF,Call Sign,Amateur Foundation Radio Licence,Available,N
M,6,VKI,M6VKI,Call Sign,Amateur Foundation Radio Licence,Available,N
M,6,VKJ,M6VKJ,Call Sign,Amateur Foundation Radio Licence,Available,N
M,6,VKL,M6VKL,Call Sign,Amateur Foundation Radio Licence,Available,N
M,6,VKM,M6VKM,Call Sign,Amateur Foundation Radio Licence,Available,N
M,6,VKP,M6VKP,Call Sign,Amateur Foundation Radio Licence,Available,N
M,6,VKQ,M6VKQ,Call Sign,Amateur Foundation Radio Licence,Available,N
M,6,VKR,M6VKR,Call Sign,Amateur Foundation Radio Licence,Available,N
M,6,VKS,M6VKS,Call Sign,Amateur Foundation Radio Licence,Available,N
M,6,VKT,M6VKT,Call Sign,Amateur Foundation Radio Licence,Available,N
M,6,VKU,M6VKU,Call Sign,Amateur Foundation Radio Licence,Available,N
M,6,VKX,M6VKX,Call Sign,Amateur Foundation Radio Licence,Available,N
M,6,VKZ,M6VKZ,Call Sign,Amateur Foundation Radio Licence,Available,N
M,6,VLE,M6VLE,Call Sign,Amateur Foundation Radio Licence,Available,N
M,6,VLH,M6VLH,Call Sign,Amateur Foundation Radio Licence,Available,N
M,6,VLI,M6VLI,Call Sign,Amateur Foundation Radio Licence,Available,N
M,6,VLJ,M6VLJ,Call Sign,Amateur Foundation Radio Licence,Available,N
M,6,VLK,M6VLK,Call Sign,Amateur Foundation Radio Licence,Available,N
M,6,VLL,M6VLL,Call Sign,Amateur Foundation Radio Licence,Available,N
M,6,VLN,M6VLN,Call Sign,Amateur Foundation Radio Licence,Available,N
M,6,VLO,M6VLO,Call Sign,Amateur Foundation Radio Licence,Available,N
M,6,VLP,M6VLP,Call Sign,Amateur Foundation Radio Licence,Available,N
M,6,VLQ,M6VLQ,Call Sign,Amateur Foundation Radio Licence,Available,N
M,6,VLR,M6VLR,Call Sign,Amateur Foundation Radio Licence,Available,N
M,6,VLS,M6VLS,Call Sign,Amateur Foundation Radio Licence,Available,N
M,6,VLT,M6VLT,Call Sign,Amateur Foundation Radio Licence,Available,N
M,6,VLU,M6VLU,Call Sign,Amateur Foundation Radio Licence,Available,N
M,6,VLW,M6VLW,Call Sign,Amateur Foundation Radio Licence,Available,N
M,6,VLX,M6VLX,Call Sign,Amateur Foundation Radio Licence,Available,N
M,6,VLY,M6VLY,Call Sign,Amateur Foundation Radio Licence,Available,N
M,6,VLZ,M6VLZ,Call Sign,Amateur Foundation Radio Licence,Available,N
M,6,VMB,M6VMB,Call Sign,Amateur Foundation Radio Licence,Available,N
M,6,VMD,M6VMD,Call Sign,Amateur Foundation Radio Licence,Available,N
M,6,VME,M6VME,Call Sign,Amateur Foundation Radio Licence,Available,N
M,6,VMF,M6VMF,Call Sign,Amateur Foundation Radio Licence,Available,N
M,6,VMH,M6VMH,Call Sign,Amateur Foundation Radio Licence,Available,N
M,6,VMI,M6VMI,Call Sign,Amateur Foundation Radio Licence,Available,N
M,6,VMK,M6VMK,Call Sign,Amateur Foundation Radio Licence,Available,N
M,6,VML,M6VML,Call Sign,Amateur Foundation Radio Licence,Available,N
M,6,VMM,M6VMM,Call Sign,Amateur Foundation Radio Licence,Available,N
M,6,VMN,M6VMN,Call Sign,Amateur Foundation Radio Licence,Available,N
M,6,VMO,M6VMO,Call Sign,Amateur Foundation Radio Licence,Available,N
M,6,VMQ,M6VMQ,Call Sign,Amateur Foundation Radio Licence,Available,N
M,6,VMR,M6VMR,Call Sign,Amateur Foundation Radio Licence,Available,N
M,6,VMS,M6VMS,Call Sign,Amateur Foundation Radio Licence,Available,N
M,6,VMT,M6VMT,Call Sign,Amateur Foundation Radio Licence,Available,N
M,6,VMU,M6VMU,Call Sign,Amateur Foundation Radio Licence,Available,N
M,6,VMV,M6VMV,Call Sign,Amateur Foundation Radio Licence,Available,N
M,6,VMX,M6VMX,Call Sign,Amateur Foundation Radio Licence,Available,N
M,6,VMY,M6VMY,Call Sign,Amateur Foundation Radio Licence,Available,N
M,6,VNA,M6VNA,Call Sign,Amateur Foundation Radio Licence,Available,N
M,6,VNB,M6VNB,Call Sign,Amateur Foundation Radio Licence,Available,N
M,6,VNC,M6VNC,Call Sign,Amateur Foundation Radio Licence,Available,N
M,6,VND,M6VND,Call Sign,Amateur Foundation Radio Licence,Available,N
M,6,VNF,M6VNF,Call Sign,Amateur Foundation Radio Licence,Available,N
M,6,VNG,M6VNG,Call Sign,Amateur Foundation Radio Licence,Available,N
M,6,VNH,M6VNH,Call Sign,Amateur Foundation Radio Licence,Available,N
M,6,VNI,M6VNI,Call Sign,Amateur Foundation Radio Licence,Available,N
M,6,VNJ,M6VNJ,Call Sign,Amateur Foundation Radio Licence,Available,N
M,6,VNK,M6VNK,Call Sign,Amateur Foundation Radio Licence,Available,N
M,6,VNM,M6VNM,Call Sign,Amateur Foundation Radio Licence,Available,N
M,6,VNN,M6VNN,Call Sign,Amateur Foundation Radio Licence,Available,N
M,6,VNO,M6VNO,Call Sign,Amateur Foundation Radio Licence,Available,N
M,6,VNQ,M6VNQ,Call Sign,Amateur Foundation Radio Licence,Available,N
M,6,VNR,M6VNR,Call Sign,Amateur Foundation Radio Licence,Available,N
M,6,VNT,M6VNT,Call Sign,Amateur Foundation Radio Licence,Available,N
M,6,VNU,M6VNU,Call Sign,Amateur Foundation Radio Licence,Available,N
M,6,VNV,M6VNV,Call Sign,Amateur Foundation Radio Licence,Available,N
M,6,VNW,M6VNW,Call Sign,Amateur Foundation Radio Licence,Available,N
M,6,VNX,M6VNX,Call Sign,Amateur Foundation Radio Licence,Available,N
M,6,VNY,M6VNY,Call Sign,Amateur Foundation Radio Licence,Available,N
M,6,VNZ,M6VNZ,Call Sign,Amateur Foundation Radio Licence,Available,N
M,6,VOA,M6VOA,Call Sign,Amateur Foundation Radio Licence,Available,N
M,6,VOB,M6VOB,Call Sign,Amateur Foundation Radio Licence,Available,N
M,6,VOD,M6VOD,Call Sign,Amateur Foundation Radio Licence,Available,N
M,6,VOF,M6VOF,Call Sign,Amateur Foundation Radio Licence,Available,N
M,6,VOH,M6VOH,Call Sign,Amateur Foundation Radio Licence,Available,N
M,6,VOI,M6VOI,Call Sign,Amateur Foundation Radio Licence,Available,N
M,6,VOK,M6VOK,Call Sign,Amateur Foundation Radio Licence,Available,N
M,6,VOM,M6VOM,Call Sign,Amateur Foundation Radio Licence,Available,N
M,6,VOO,M6VOO,Call Sign,Amateur Foundation Radio Licence,Available,N
M,6,VOQ,M6VOQ,Call Sign,Amateur Foundation Radio Licence,Available,N
M,6,VOT,M6VOT,Call Sign,Amateur Foundation Radio Licence,Available,N
M,6,VOU,M6VOU,Call Sign,Amateur Foundation Radio Licence,Available,N
M,6,VOV,M6VOV,Call Sign,Amateur Foundation Radio Licence,Available,N
M,6,VPA,M6VPA,Call Sign,Amateur Foundation Radio Licence,Available,N
M,6,VPB,M6VPB,Call Sign,Amateur Foundation Radio Licence,Available,N
M,6,VPD,M6VPD,Call Sign,Amateur Foundation Radio Licence,Available,N
M,6,VPE,M6VPE,Call Sign,Amateur Foundation Radio Licence,Available,N
M,6,VPH,M6VPH,Call Sign,Amateur Foundation Radio Licence,Available,N
M,6,VPI,M6VPI,Call Sign,Amateur Foundation Radio Licence,Available,N
M,6,VPJ,M6VPJ,Call Sign,Amateur Foundation Radio Licence,Available,N
M,6,VPL,M6VPL,Call Sign,Amateur Foundation Radio Licence,Available,N
M,6,VPM,M6VPM,Call Sign,Amateur Foundation Radio Licence,Available,N
M,6,VPO,M6VPO,Call Sign,Amateur Foundation Radio Licence,Available,N
M,6,VPP,M6VPP,Call Sign,Amateur Foundation Radio Licence,Available,N
M,6,VPQ,M6VPQ,Call Sign,Amateur Foundation Radio Licence,Available,N
M,6,VPR,M6VPR,Call Sign,Amateur Foundation Radio Licence,Available,N
M,6,VPU,M6VPU,Call Sign,Amateur Foundation Radio Licence,Available,N
M,6,VPV,M6VPV,Call Sign,Amateur Foundation Radio Licence,Available,N
M,6,VPW,M6VPW,Call Sign,Amateur Foundation Radio Licence,Available,N
M,6,VPX,M6VPX,Call Sign,Amateur Foundation Radio Licence,Available,N
M,6,VPY,M6VPY,Call Sign,Amateur Foundation Radio Licence,Available,N
M,6,VQA,M6VQA,Call Sign,Amateur Foundation Radio Licence,Available,N
M,6,VQB,M6VQB,Call Sign,Amateur Foundation Radio Licence,Available,N
M,6,VQD,M6VQD,Call Sign,Amateur Foundation Radio Licence,Available,N
M,6,VQE,M6VQE,Call Sign,Amateur Foundation Radio Licence,Available,N
M,6,VQF,M6VQF,Call Sign,Amateur Foundation Radio Licence,Available,N
M,6,VQG,M6VQG,Call Sign,Amateur Foundation Radio Licence,Available,N
M,6,VQH,M6VQH,Call Sign,Amateur Foundation Radio Licence,Available,N
M,6,VQI,M6VQI,Call Sign,Amateur Foundation Radio Licence,Available,N
M,6,VQJ,M6VQJ,Call Sign,Amateur Foundation Radio Licence,Available,N
M,6,VQK,M6VQK,Call Sign,Amateur Foundation Radio Licence,Available,N
M,6,VQL,M6VQL,Call Sign,Amateur Foundation Radio Licence,Available,N
M,6,VQM,M6VQM,Call Sign,Amateur Foundation Radio Licence,Available,N
M,6,VQN,M6VQN,Call Sign,Amateur Foundation Radio Licence,Available,N
M,6,VQO,M6VQO,Call Sign,Amateur Foundation Radio Licence,Available,N
M,6,VQP,M6VQP,Call Sign,Amateur Foundation Radio Licence,Available,N
M,6,VQQ,M6VQQ,Call Sign,Amateur Foundation Radio Licence,Available,N
M,6,VQR,M6VQR,Call Sign,Amateur Foundation Radio Licence,Available,N
M,6,VQS,M6VQS,Call Sign,Amateur Foundation Radio Licence,Available,N
M,6,VQT,M6VQT,Call Sign,Amateur Foundation Radio Licence,Available,N
M,6,VQU,M6VQU,Call Sign,Amateur Foundation Radio Licence,Available,N
M,6,VQW,M6VQW,Call Sign,Amateur Foundation Radio Licence,Available,N
M,6,VQX,M6VQX,Call Sign,Amateur Foundation Radio Licence,Available,N
M,6,VQY,M6VQY,Call Sign,Amateur Foundation Radio Licence,Available,N
M,6,VQZ,M6VQZ,Call Sign,Amateur Foundation Radio Licence,Available,N
M,6,VRA,M6VRA,Call Sign,Amateur Foundation Radio Licence,Available,N
M,6,VRB,M6VRB,Call Sign,Amateur Foundation Radio Licence,Available,N
M,6,VRE,M6VRE,Call Sign,Amateur Foundation Radio Licence,Available,N
M,6,VRF,M6VRF,Call Sign,Amateur Foundation Radio Licence,Available,N
M,6,VRG,M6VRG,Call Sign,Amateur Foundation Radio Licence,Available,N
M,6,VRI,M6VRI,Call Sign,Amateur Foundation Radio Licence,Available,N
M,6,VRJ,M6VRJ,Call Sign,Amateur Foundation Radio Licence,Available,N
M,6,VRK,M6VRK,Call Sign,Amateur Foundation Radio Licence,Available,N
M,6,VRL,M6VRL,Call Sign,Amateur Foundation Radio Licence,Available,N
M,6,VRN,M6VRN,Call Sign,Amateur Foundation Radio Licence,Available,N
M,6,VRP,M6VRP,Call Sign,Amateur Foundation Radio Licence,Available,N
M,6,VRQ,M6VRQ,Call Sign,Amateur Foundation Radio Licence,Available,N
M,6,VRR,M6VRR,Call Sign,Amateur Foundation Radio Licence,Available,N
M,6,VRU,M6VRU,Call Sign,Amateur Foundation Radio Licence,Available,N
M,6,VRV,M6VRV,Call Sign,Amateur Foundation Radio Licence,Available,N
M,6,VRW,M6VRW,Call Sign,Amateur Foundation Radio Licence,Available,N
M,6,VRX,M6VRX,Call Sign,Amateur Foundation Radio Licence,Available,N
M,6,VRY,M6VRY,Call Sign,Amateur Foundation Radio Licence,Available,N
M,6,VRZ,M6VRZ,Call Sign,Amateur Foundation Radio Licence,Available,N
M,6,VSC,M6VSC,Call Sign,Amateur Foundation Radio Licence,Available,N
M,6,VSD,M6VSD,Call Sign,Amateur Foundation Radio Licence,Available,N
M,6,VSE,M6VSE,Call Sign,Amateur Foundation Radio Licence,Available,N
M,6,VSF,M6VSF,Call Sign,Amateur Foundation Radio Licence,Available,N
M,6,VSG,M6VSG,Call Sign,Amateur Foundation Radio Licence,Available,N
M,6,VSH,M6VSH,Call Sign,Amateur Foundation Radio Licence,Available,N
M,6,VSI,M6VSI,Call Sign,Amateur Foundation Radio Licence,Available,N
M,6,VSJ,M6VSJ,Call Sign,Amateur Foundation Radio Licence,Available,N
M,6,VSK,M6VSK,Call Sign,Amateur Foundation Radio Licence,Available,N
M,6,VSL,M6VSL,Call Sign,Amateur Foundation Radio Licence,Available,N
M,6,VSM,M6VSM,Call Sign,Amateur Foundation Radio Licence,Available,N
M,6,VSN,M6VSN,Call Sign,Amateur Foundation Radio Licence,Available,N
M,6,VSO,M6VSO,Call Sign,Amateur Foundation Radio Licence,Available,N
M,6,VSQ,M6VSQ,Call Sign,Amateur Foundation Radio Licence,Available,N
M,6,VSR,M6VSR,Call Sign,Amateur Foundation Radio Licence,Available,N
M,6,VSS,M6VSS,Call Sign,Amateur Foundation Radio Licence,Available,N
M,6,VSU,M6VSU,Call Sign,Amateur Foundation Radio Licence,Available,N
M,6,VSV,M6VSV,Call Sign,Amateur Foundation Radio Licence,Available,N
M,6,VSW,M6VSW,Call Sign,Amateur Foundation Radio Licence,Available,N
M,6,VSX,M6VSX,Call Sign,Amateur Foundation Radio Licence,Available,N
M,6,VSY,M6VSY,Call Sign,Amateur Foundation Radio Licence,Available,N
M,6,VSZ,M6VSZ,Call Sign,Amateur Foundation Radio Licence,Available,N
M,6,VTA,M6VTA,Call Sign,Amateur Foundation Radio Licence,Available,N
M,6,VTB,M6VTB,Call Sign,Amateur Foundation Radio Licence,Available,N
M,6,VTD,M6VTD,Call Sign,Amateur Foundation Radio Licence,Available,N
M,6,VTE,M6VTE,Call Sign,Amateur Foundation Radio Licence,Available,N
M,6,VTF,M6VTF,Call Sign,Amateur Foundation Radio Licence,Available,N
M,6,VTH,M6VTH,Call Sign,Amateur Foundation Radio Licence,Available,N
M,6,VTI,M6VTI,Call Sign,Amateur Foundation Radio Licence,Available,N
M,6,VTJ,M6VTJ,Call Sign,Amateur Foundation Radio Licence,Available,N
M,6,VTK,M6VTK,Call Sign,Amateur Foundation Radio Licence,Available,N
M,6,VTM,M6VTM,Call Sign,Amateur Foundation Radio Licence,Available,N
M,6,VTN,M6VTN,Call Sign,Amateur Foundation Radio Licence,Available,N
M,6,VTO,M6VTO,Call Sign,Amateur Foundation Radio Licence,Available,N
M,6,VTP,M6VTP,Call Sign,Amateur Foundation Radio Licence,Available,N
M,6,VTQ,M6VTQ,Call Sign,Amateur Foundation Radio Licence,Available,N
M,6,VTT,M6VTT,Call Sign,Amateur Foundation Radio Licence,Available,N
M,6,VTU,M6VTU,Call Sign,Amateur Foundation Radio Licence,Available,N
M,6,VTV,M6VTV,Call Sign,Amateur Foundation Radio Licence,Available,N
M,6,VTW,M6VTW,Call Sign,Amateur Foundation Radio Licence,Available,N
M,6,VTY,M6VTY,Call Sign,Amateur Foundation Radio Licence,Available,N
M,6,VTZ,M6VTZ,Call Sign,Amateur Foundation Radio Licence,Available,N
M,6,VUA,M6VUA,Call Sign,Amateur Foundation Radio Licence,Available,N
M,6,VUB,M6VUB,Call Sign,Amateur Foundation Radio Licence,Available,N
M,6,VUC,M6VUC,Call Sign,Amateur Foundation Radio Licence,Available,N
M,6,VUD,M6VUD,Call Sign,Amateur Foundation Radio Licence,Available,N
M,6,VUE,M6VUE,Call Sign,Amateur Foundation Radio Licence,Available,N
M,6,VUF,M6VUF,Call Sign,Amateur Foundation Radio Licence,Available,N
M,6,VUG,M6VUG,Call Sign,Amateur Foundation Radio Licence,Available,N
M,6,VUH,M6VUH,Call Sign,Amateur Foundation Radio Licence,Available,N
M,6,VUI,M6VUI,Call Sign,Amateur Foundation Radio Licence,Available,N
M,6,VUJ,M6VUJ,Call Sign,Amateur Foundation Radio Licence,Available,N
M,6,VUK,M6VUK,Call Sign,Amateur Foundation Radio Licence,Available,N
M,6,VUM,M6VUM,Call Sign,Amateur Foundation Radio Licence,Available,N
M,6,VUN,M6VUN,Call Sign,Amateur Foundation Radio Licence,Available,N
M,6,VUO,M6VUO,Call Sign,Amateur Foundation Radio Licence,Available,N
M,6,VUP,M6VUP,Call Sign,Amateur Foundation Radio Licence,Available,N
M,6,VUQ,M6VUQ,Call Sign,Amateur Foundation Radio Licence,Available,N
M,6,VUR,M6VUR,Call Sign,Amateur Foundation Radio Licence,Available,N
M,6,VUS,M6VUS,Call Sign,Amateur Foundation Radio Licence,Available,N
M,6,VUT,M6VUT,Call Sign,Amateur Foundation Radio Licence,Available,N
M,6,VUU,M6VUU,Call Sign,Amateur Foundation Radio Licence,Available,N
M,6,VUW,M6VUW,Call Sign,Amateur Foundation Radio Licence,Available,N
M,6,VUX,M6VUX,Call Sign,Amateur Foundation Radio Licence,Available,N
M,6,VUY,M6VUY,Call Sign,Amateur Foundation Radio Licence,Available,N
M,6,VUZ,M6VUZ,Call Sign,Amateur Foundation Radio Licence,Available,N
M,6,VVA,M6VVA,Call Sign,Amateur Foundation Radio Licence,Available,N
M,6,VVB,M6VVB,Call Sign,Amateur Foundation Radio Licence,Available,N
M,6,VVD,M6VVD,Call Sign,Amateur Foundation Radio Licence,Available,N
M,6,VVF,M6VVF,Call Sign,Amateur Foundation Radio Licence,Available,N
M,6,VVG,M6VVG,Call Sign,Amateur Foundation Radio Licence,Available,N
M,6,VVH,M6VVH,Call Sign,Amateur Foundation Radio Licence,Available,N
M,6,VVI,M6VVI,Call Sign,Amateur Foundation Radio Licence,Available,N
M,6,VVJ,M6VVJ,Call Sign,Amateur Foundation Radio Licence,Available,N
M,6,VVK,M6VVK,Call Sign,Amateur Foundation Radio Licence,Available,N
M,6,VVM,M6VVM,Call Sign,Amateur Foundation Radio Licence,Available,N
M,6,VVO,M6VVO,Call Sign,Amateur Foundation Radio Licence,Available,N
M,6,VVQ,M6VVQ,Call Sign,Amateur Foundation Radio Licence,Available,N
M,6,VVR,M6VVR,Call Sign,Amateur Foundation Radio Licence,Available,N
M,6,VVS,M6VVS,Call Sign,Amateur Foundation Radio Licence,Available,N
M,6,VVU,M6VVU,Call Sign,Amateur Foundation Radio Licence,Available,N
M,6,VVX,M6VVX,Call Sign,Amateur Foundation Radio Licence,Available,N
M,6,VVY,M6VVY,Call Sign,Amateur Foundation Radio Licence,Available,N
M,6,VVZ,M6VVZ,Call Sign,Amateur Foundation Radio Licence,Available,N
M,6,VWC,M6VWC,Call Sign,Amateur Foundation Radio Licence,Available,N
M,6,VWE,M6VWE,Call Sign,Amateur Foundation Radio Licence,Available,N
M,6,VWF,M6VWF,Call Sign,Amateur Foundation Radio Licence,Available,N
M,6,VWH,M6VWH,Call Sign,Amateur Foundation Radio Licence,Available,N
M,6,VWI,M6VWI,Call Sign,Amateur Foundation Radio Licence,Available,N
M,6,VWJ,M6VWJ,Call Sign,Amateur Foundation Radio Licence,Available,N
M,6,VWK,M6VWK,Call Sign,Amateur Foundation Radio Licence,Available,N
M,6,VWL,M6VWL,Call Sign,Amateur Foundation Radio Licence,Available,N
M,6,VWM,M6VWM,Call Sign,Amateur Foundation Radio Licence,Available,N
M,6,VWO,M6VWO,Call Sign,Amateur Foundation Radio Licence,Available,N
M,6,VWQ,M6VWQ,Call Sign,Amateur Foundation Radio Licence,Available,N
M,6,VWR,M6VWR,Call Sign,Amateur Foundation Radio Licence,Available,N
M,6,VWS,M6VWS,Call Sign,Amateur Foundation Radio Licence,Available,N
M,6,VWU,M6VWU,Call Sign,Amateur Foundation Radio Licence,Available,N
M,6,VWV,M6VWV,Call Sign,Amateur Foundation Radio Licence,Available,N
M,6,VWW,M6VWW,Call Sign,Amateur Foundation Radio Licence,Available,N
M,6,VWX,M6VWX,Call Sign,Amateur Foundation Radio Licence,Available,N
M,6,VWY,M6VWY,Call Sign,Amateur Foundation Radio Licence,Available,N
M,6,VWZ,M6VWZ,Call Sign,Amateur Foundation Radio Licence,Available,N
M,6,VXA,M6VXA,Call Sign,Amateur Foundation Radio Licence,Available,N
M,6,VXC,M6VXC,Call Sign,Amateur Foundation Radio Licence,Available,N
M,6,VXD,M6VXD,Call Sign,Amateur Foundation Radio Licence,Available,N
M,6,VXE,M6VXE,Call Sign,Amateur Foundation Radio Licence,Available,N
M,6,VXF,M6VXF,Call Sign,Amateur Foundation Radio Licence,Available,N
M,6,VXG,M6VXG,Call Sign,Amateur Foundation Radio Licence,Available,N
M,6,VXH,M6VXH,Call Sign,Amateur Foundation Radio Licence,Available,N
M,6,VXJ,M6VXJ,Call Sign,Amateur Foundation Radio Licence,Available,N
M,6,VXK,M6VXK,Call Sign,Amateur Foundation Radio Licence,Available,N
M,6,VXM,M6VXM,Call Sign,Amateur Foundation Radio Licence,Available,N
M,6,VXN,M6VXN,Call Sign,Amateur Foundation Radio Licence,Available,N
M,6,VXP,M6VXP,Call Sign,Amateur Foundation Radio Licence,Available,N
M,6,VXQ,M6VXQ,Call Sign,Amateur Foundation Radio Licence,Available,N
M,6,VXS,M6VXS,Call Sign,Amateur Foundation Radio Licence,Available,N
M,6,VXU,M6VXU,Call Sign,Amateur Foundation Radio Licence,Available,N
M,6,VXV,M6VXV,Call Sign,Amateur Foundation Radio Licence,Available,N
M,6,VXW,M6VXW,Call Sign,Amateur Foundation Radio Licence,Available,N
M,6,VXY,M6VXY,Call Sign,Amateur Foundation Radio Licence,Available,N
M,6,VXZ,M6VXZ,Call Sign,Amateur Foundation Radio Licence,Available,N
M,6,VYA,M6VYA,Call Sign,Amateur Foundation Radio Licence,Available,N
M,6,VYB,M6VYB,Call Sign,Amateur Foundation Radio Licence,Available,N
M,6,VYC,M6VYC,Call Sign,Amateur Foundation Radio Licence,Available,N
M,6,VYD,M6VYD,Call Sign,Amateur Foundation Radio Licence,Available,N
M,6,VYE,M6VYE,Call Sign,Amateur Foundation Radio Licence,Available,N
M,6,VYF,M6VYF,Call Sign,Amateur Foundation Radio Licence,Available,N
M,6,VYG,M6VYG,Call Sign,Amateur Foundation Radio Licence,Available,N
M,6,VYH,M6VYH,Call Sign,Amateur Foundation Radio Licence,Available,N
M,6,VYI,M6VYI,Call Sign,Amateur Foundation Radio Licence,Available,N
M,6,VYJ,M6VYJ,Call Sign,Amateur Foundation Radio Licence,Available,N
M,6,VYK,M6VYK,Call Sign,Amateur Foundation Radio Licence,Available,N
M,6,VYL,M6VYL,Call Sign,Amateur Foundation Radio Licence,Available,N
M,6,VYM,M6VYM,Call Sign,Amateur Foundation Radio Licence,Available,N
M,6,VYN,M6VYN,Call Sign,Amateur Foundation Radio Licence,Available,N
M,6,VYO,M6VYO,Call Sign,Amateur Foundation Radio Licence,Available,N
M,6,VYP,M6VYP,Call Sign,Amateur Foundation Radio Licence,Available,N
M,6,VYQ,M6VYQ,Call Sign,Amateur Foundation Radio Licence,Available,N
M,6,VYR,M6VYR,Call Sign,Amateur Foundation Radio Licence,Available,N
M,6,VYS,M6VYS,Call Sign,Amateur Foundation Radio Licence,Available,N
M,6,VYT,M6VYT,Call Sign,Amateur Foundation Radio Licence,Available,N
M,6,VYU,M6VYU,Call Sign,Amateur Foundation Radio Licence,Available,N
M,6,VYV,M6VYV,Call Sign,Amateur Foundation Radio Licence,Available,N
M,6,VYW,M6VYW,Call Sign,Amateur Foundation Radio Licence,Available,N
M,6,VYX,M6VYX,Call Sign,Amateur Foundation Radio Licence,Available,N
M,6,VYY,M6VYY,Call Sign,Amateur Foundation Radio Licence,Available,N
M,6,VZA,M6VZA,Call Sign,Amateur Foundation Radio Licence,Available,N
M,6,VZB,M6VZB,Call Sign,Amateur Foundation Radio Licence,Available,N
M,6,VZC,M6VZC,Call Sign,Amateur Foundation Radio Licence,Available,N
M,6,VZD,M6VZD,Call Sign,Amateur Foundation Radio Licence,Available,N
M,6,VZE,M6VZE,Call Sign,Amateur Foundation Radio Licence,Available,N
M,6,VZG,M6VZG,Call Sign,Amateur Foundation Radio Licence,Available,N
M,6,VZH,M6VZH,Call Sign,Amateur Foundation Radio Licence,Available,N
M,6,VZI,M6VZI,Call Sign,Amateur Foundation Radio Licence,Available,N
M,6,VZJ,M6VZJ,Call Sign,Amateur Foundation Radio Licence,Available,N
M,6,VZK,M6VZK,Call Sign,Amateur Foundation Radio Licence,Available,N
M,6,VZL,M6VZL,Call Sign,Amateur Foundation Radio Licence,Available,N
M,6,VZN,M6VZN,Call Sign,Amateur Foundation Radio Licence,Available,N
M,6,VZP,M6VZP,Call Sign,Amateur Foundation Radio Licence,Available,N
M,6,VZQ,M6VZQ,Call Sign,Amateur Foundation Radio Licence,Available,N
M,6,VZR,M6VZR,Call Sign,Amateur Foundation Radio Licence,Available,N
M,6,VZS,M6VZS,Call Sign,Amateur Foundation Radio Licence,Available,N
M,6,VZT,M6VZT,Call Sign,Amateur Foundation Radio Licence,Available,N
M,6,VZU,M6VZU,Call Sign,Amateur Foundation Radio Licence,Available,N
M,6,VZV,M6VZV,Call Sign,Amateur Foundation Radio Licence,Available,N
M,6,VZW,M6VZW,Call Sign,Amateur Foundation Radio Licence,Available,N
M,6,VZX,M6VZX,Call Sign,Amateur Foundation Radio Licence,Available,N
M,6,VZY,M6VZY,Call Sign,Amateur Foundation Radio Licence,Available,N
M,6,VZZ,M6VZZ,Call Sign,Amateur Foundation Radio Licence,Available,N
M,6,WCN,M6WCN,Call Sign,Amateur Foundation Radio Licence,Available,N
M,6,WCU,M6WCU,Call Sign,Amateur Foundation Radio Licence,Available,N
M,6,WDF,M6WDF,Call Sign,Amateur Foundation Radio Licence,Available,N
M,6,WDI,M6WDI,Call Sign,Amateur Foundation Radio Licence,Available,N
M,6,WDK,M6WDK,Call Sign,Amateur Foundation Radio Licence,Available,N
M,6,WDN,M6WDN,Call Sign,Amateur Foundation Radio Licence,Available,N
M,6,WDO,M6WDO,Call Sign,Amateur Foundation Radio Licence,Available,N
M,6,WDQ,M6WDQ,Call Sign,Amateur Foundation Radio Licence,Available,N
M,6,WDU,M6WDU,Call Sign,Amateur Foundation Radio Licence,Available,N
M,6,WDV,M6WDV,Call Sign,Amateur Foundation Radio Licence,Available,N
M,6,WEA,M6WEA,Call Sign,Amateur Foundation Radio Licence,Available,N
M,6,WEF,M6WEF,Call Sign,Amateur Foundation Radio Licence,Available,N
M,6,WEH,M6WEH,Call Sign,Amateur Foundation Radio Licence,Available,N
M,6,WEI,M6WEI,Call Sign,Amateur Foundation Radio Licence,Available,N
M,6,WEK,M6WEK,Call Sign,Amateur Foundation Radio Licence,Available,N
M,6,WEO,M6WEO,Call Sign,Amateur Foundation Radio Licence,Available,N
M,6,WEP,M6WEP,Call Sign,Amateur Foundation Radio Licence,Available,N
M,6,WEQ,M6WEQ,Call Sign,Amateur Foundation Radio Licence,Available,N
M,6,WEU,M6WEU,Call Sign,Amateur Foundation Radio Licence,Available,N
M,6,WFF,M6WFF,Call Sign,Amateur Foundation Radio Licence,Available,N
M,6,WFG,M6WFG,Call Sign,Amateur Foundation Radio Licence,Available,N
M,6,WFJ,M6WFJ,Call Sign,Amateur Foundation Radio Licence,Available,N
M,6,WFK,M6WFK,Call Sign,Amateur Foundation Radio Licence,Available,N
M,6,WFL,M6WFL,Call Sign,Amateur Foundation Radio Licence,Available,N
M,6,WFN,M6WFN,Call Sign,Amateur Foundation Radio Licence,Available,N
M,6,WFP,M6WFP,Call Sign,Amateur Foundation Radio Licence,Available,N
M,6,WFQ,M6WFQ,Call Sign,Amateur Foundation Radio Licence,Available,N
M,6,WFR,M6WFR,Call Sign,Amateur Foundation Radio Licence,Available,N
M,6,WFS,M6WFS,Call Sign,Amateur Foundation Radio Licence,Available,N
M,6,WFT,M6WFT,Call Sign,Amateur Foundation Radio Licence,Available,N
M,6,WFU,M6WFU,Call Sign,Amateur Foundation Radio Licence,Available,N
M,6,WFV,M6WFV,Call Sign,Amateur Foundation Radio Licence,Available,N
M,6,WFW,M6WFW,Call Sign,Amateur Foundation Radio Licence,Available,N
M,6,WFX,M6WFX,Call Sign,Amateur Foundation Radio Licence,Available,N
M,6,WFZ,M6WFZ,Call Sign,Amateur Foundation Radio Licence,Available,N
M,6,WGE,M6WGE,Call Sign,Amateur Foundation Radio Licence,Available,N
M,6,WGF,M6WGF,Call Sign,Amateur Foundation Radio Licence,Available,N
M,6,WGG,M6WGG,Call Sign,Amateur Foundation Radio Licence,Available,N
M,6,WGH,M6WGH,Call Sign,Amateur Foundation Radio Licence,Available,N
M,6,WGI,M6WGI,Call Sign,Amateur Foundation Radio Licence,Available,N
M,6,WGN,M6WGN,Call Sign,Amateur Foundation Radio Licence,Available,N
M,6,WGO,M6WGO,Call Sign,Amateur Foundation Radio Licence,Available,N
M,6,WGP,M6WGP,Call Sign,Amateur Foundation Radio Licence,Available,N
M,6,WGQ,M6WGQ,Call Sign,Amateur Foundation Radio Licence,Available,N
M,6,WGR,M6WGR,Call Sign,Amateur Foundation Radio Licence,Available,N
M,6,WGS,M6WGS,Call Sign,Amateur Foundation Radio Licence,Available,N
M,6,WGU,M6WGU,Call Sign,Amateur Foundation Radio Licence,Available,N
M,6,WGV,M6WGV,Call Sign,Amateur Foundation Radio Licence,Available,N
M,6,WGW,M6WGW,Call Sign,Amateur Foundation Radio Licence,Available,N
M,6,WGX,M6WGX,Call Sign,Amateur Foundation Radio Licence,Available,N
M,6,WGY,M6WGY,Call Sign,Amateur Foundation Radio Licence,Available,N
M,6,WGZ,M6WGZ,Call Sign,Amateur Foundation Radio Licence,Available,N
M,6,WHA,M6WHA,Call Sign,Amateur Foundation Radio Licence,Available,N
M,6,WHD,M6WHD,Call Sign,Amateur Foundation Radio Licence,Available,N
M,6,WHE,M6WHE,Call Sign,Amateur Foundation Radio Licence,Available,N
M,6,WHF,M6WHF,Call Sign,Amateur Foundation Radio Licence,Available,N
M,6,WHH,M6WHH,Call Sign,Amateur Foundation Radio Licence,Available,N
M,6,WHI,M6WHI,Call Sign,Amateur Foundation Radio Licence,Available,N
M,6,WHJ,M6WHJ,Call Sign,Amateur Foundation Radio Licence,Available,N
M,6,WHK,M6WHK,Call Sign,Amateur Foundation Radio Licence,Available,N
M,6,WHL,M6WHL,Call Sign,Amateur Foundation Radio Licence,Available,N
M,6,WHM,M6WHM,Call Sign,Amateur Foundation Radio Licence,Available,N
M,6,WHQ,M6WHQ,Call Sign,Amateur Foundation Radio Licence,Available,N
M,6,WHS,M6WHS,Call Sign,Amateur Foundation Radio Licence,Available,N
M,6,WHV,M6WHV,Call Sign,Amateur Foundation Radio Licence,Available,N
M,6,WHX,M6WHX,Call Sign,Amateur Foundation Radio Licence,Available,N
M,6,WHZ,M6WHZ,Call Sign,Amateur Foundation Radio Licence,Available,N
M,6,WIB,M6WIB,Call Sign,Amateur Foundation Radio Licence,Available,N
M,6,WIE,M6WIE,Call Sign,Amateur Foundation Radio Licence,Available,N
M,6,WIH,M6WIH,Call Sign,Amateur Foundation Radio Licence,Available,N
M,6,WII,M6WII,Call Sign,Amateur Foundation Radio Licence,Available,N
M,6,WIJ,M6WIJ,Call Sign,Amateur Foundation Radio Licence,Available,N
M,6,WIM,M6WIM,Call Sign,Amateur Foundation Radio Licence,Available,N
M,6,WIO,M6WIO,Call Sign,Amateur Foundation Radio Licence,Available,N
M,6,WIQ,M6WIQ,Call Sign,Amateur Foundation Radio Licence,Available,N
M,6,WIS,M6WIS,Call Sign,Amateur Foundation Radio Licence,Available,N
M,6,WIU,M6WIU,Call Sign,Amateur Foundation Radio Licence,Available,N
M,6,WIV,M6WIV,Call Sign,Amateur Foundation Radio Licence,Available,N
M,6,WIW,M6WIW,Call Sign,Amateur Foundation Radio Licence,Available,N
M,6,WIX,M6WIX,Call Sign,Amateur Foundation Radio Licence,Available,N
M,6,WIY,M6WIY,Call Sign,Amateur Foundation Radio Licence,Available,N
M,6,WJD,M6WJD,Call Sign,Amateur Foundation Radio Licence,Available,N
M,6,WJE,M6WJE,Call Sign,Amateur Foundation Radio Licence,Available,N
M,6,WJG,M6WJG,Call Sign,Amateur Foundation Radio Licence,Available,N
M,6,WJI,M6WJI,Call Sign,Amateur Foundation Radio Licence,Available,N
M,6,WJQ,M6WJQ,Call Sign,Amateur Foundation Radio Licence,Available,N
M,6,WJT,M6WJT,Call Sign,Amateur Foundation Radio Licence,Available,N
M,6,WJU,M6WJU,Call Sign,Amateur Foundation Radio Licence,Available,N
M,6,WJX,M6WJX,Call Sign,Amateur Foundation Radio Licence,Available,N
M,6,WJY,M6WJY,Call Sign,Amateur Foundation Radio Licence,Available,N
M,6,WJZ,M6WJZ,Call Sign,Amateur Foundation Radio Licence,Available,N
M,6,WKB,M6WKB,Call Sign,Amateur Foundation Radio Licence,Available,N
M,6,WKH,M6WKH,Call Sign,Amateur Foundation Radio Licence,Available,N
M,6,WKJ,M6WKJ,Call Sign,Amateur Foundation Radio Licence,Available,N
M,6,WKK,M6WKK,Call Sign,Amateur Foundation Radio Licence,Available,N
M,6,WKM,M6WKM,Call Sign,Amateur Foundation Radio Licence,Available,N
M,6,WKO,M6WKO,Call Sign,Amateur Foundation Radio Licence,Available,N
M,6,WKP,M6WKP,Call Sign,Amateur Foundation Radio Licence,Available,N
M,6,WKQ,M6WKQ,Call Sign,Amateur Foundation Radio Licence,Available,N
M,6,WKU,M6WKU,Call Sign,Amateur Foundation Radio Licence,Available,N
M,6,WKV,M6WKV,Call Sign,Amateur Foundation Radio Licence,Available,N
M,6,WKX,M6WKX,Call Sign,Amateur Foundation Radio Licence,Available,N
M,6,WLG,M6WLG,Call Sign,Amateur Foundation Radio Licence,Available,N
M,6,WLI,M6WLI,Call Sign,Amateur Foundation Radio Licence,Available,N
M,6,WLJ,M6WLJ,Call Sign,Amateur Foundation Radio Licence,Available,N
M,6,WLN,M6WLN,Call Sign,Amateur Foundation Radio Licence,Available,N
M,6,WLO,M6WLO,Call Sign,Amateur Foundation Radio Licence,Available,N
M,6,WLP,M6WLP,Call Sign,Amateur Foundation Radio Licence,Available,N
M,6,WLQ,M6WLQ,Call Sign,Amateur Foundation Radio Licence,Available,N
M,6,WLR,M6WLR,Call Sign,Amateur Foundation Radio Licence,Available,N
M,6,WLT,M6WLT,Call Sign,Amateur Foundation Radio Licence,Available,N
M,6,WLU,M6WLU,Call Sign,Amateur Foundation Radio Licence,Available,N
M,6,WLV,M6WLV,Call Sign,Amateur Foundation Radio Licence,Available,N
M,6,WLW,M6WLW,Call Sign,Amateur Foundation Radio Licence,Available,N
M,6,WLX,M6WLX,Call Sign,Amateur Foundation Radio Licence,Available,N
M,6,WLZ,M6WLZ,Call Sign,Amateur Foundation Radio Licence,Available,N
M,6,WMF,M6WMF,Call Sign,Amateur Foundation Radio Licence,Available,N
M,6,WMG,M6WMG,Call Sign,Amateur Foundation Radio Licence,Available,N
M,6,WMI,M6WMI,Call Sign,Amateur Foundation Radio Licence,Available,N
M,6,WMK,M6WMK,Call Sign,Amateur Foundation Radio Licence,Available,N
M,6,WML,M6WML,Call Sign,Amateur Foundation Radio Licence,Available,N
M,6,WMN,M6WMN,Call Sign,Amateur Foundation Radio Licence,Available,N
M,6,WMQ,M6WMQ,Call Sign,Amateur Foundation Radio Licence,Available,N
M,6,WMS,M6WMS,Call Sign,Amateur Foundation Radio Licence,Available,N
M,6,WMW,M6WMW,Call Sign,Amateur Foundation Radio Licence,Available,N
M,6,WMX,M6WMX,Call Sign,Amateur Foundation Radio Licence,Available,N
M,6,WMY,M6WMY,Call Sign,Amateur Foundation Radio Licence,Available,N
M,6,WNA,M6WNA,Call Sign,Amateur Foundation Radio Licence,Available,N
M,6,WNB,M6WNB,Call Sign,Amateur Foundation Radio Licence,Available,N
M,6,WNF,M6WNF,Call Sign,Amateur Foundation Radio Licence,Available,N
M,6,WNH,M6WNH,Call Sign,Amateur Foundation Radio Licence,Available,N
M,6,WNI,M6WNI,Call Sign,Amateur Foundation Radio Licence,Available,N
M,6,WNL,M6WNL,Call Sign,Amateur Foundation Radio Licence,Available,N
M,6,WNN,M6WNN,Call Sign,Amateur Foundation Radio Licence,Available,N
M,6,WNO,M6WNO,Call Sign,Amateur Foundation Radio Licence,Available,N
M,6,WNP,M6WNP,Call Sign,Amateur Foundation Radio Licence,Available,N
M,6,WNQ,M6WNQ,Call Sign,Amateur Foundation Radio Licence,Available,N
M,6,WNS,M6WNS,Call Sign,Amateur Foundation Radio Licence,Available,N
M,6,WNT,M6WNT,Call Sign,Amateur Foundation Radio Licence,Available,N
M,6,WNU,M6WNU,Call Sign,Amateur Foundation Radio Licence,Available,N
M,6,WNV,M6WNV,Call Sign,Amateur Foundation Radio Licence,Available,N
M,6,WNX,M6WNX,Call Sign,Amateur Foundation Radio Licence,Available,N
M,6,WNY,M6WNY,Call Sign,Amateur Foundation Radio Licence,Available,N
M,6,WNZ,M6WNZ,Call Sign,Amateur Foundation Radio Licence,Available,N
M,6,WOA,M6WOA,Call Sign,Amateur Foundation Radio Licence,Available,N
M,6,WOC,M6WOC,Call Sign,Amateur Foundation Radio Licence,Available,N
M,6,WOH,M6WOH,Call Sign,Amateur Foundation Radio Licence,Available,N
M,6,WOI,M6WOI,Call Sign,Amateur Foundation Radio Licence,Available,N
M,6,WOJ,M6WOJ,Call Sign,Amateur Foundation Radio Licence,Available,N
M,6,WOQ,M6WOQ,Call Sign,Amateur Foundation Radio Licence,Available,N
M,6,WOS,M6WOS,Call Sign,Amateur Foundation Radio Licence,Available,N
M,6,WOU,M6WOU,Call Sign,Amateur Foundation Radio Licence,Available,N
M,6,WOX,M6WOX,Call Sign,Amateur Foundation Radio Licence,Available,N
M,6,WOY,M6WOY,Call Sign,Amateur Foundation Radio Licence,Available,N
M,6,WPA,M6WPA,Call Sign,Amateur Foundation Radio Licence,Available,N
M,6,WPB,M6WPB,Call Sign,Amateur Foundation Radio Licence,Available,N
M,6,WPD,M6WPD,Call Sign,Amateur Foundation Radio Licence,Available,N
M,6,WPE,M6WPE,Call Sign,Amateur Foundation Radio Licence,Available,N
M,6,WPF,M6WPF,Call Sign,Amateur Foundation Radio Licence,Available,N
M,6,WPI,M6WPI,Call Sign,Amateur Foundation Radio Licence,Available,N
M,6,WPK,M6WPK,Call Sign,Amateur Foundation Radio Licence,Available,N
M,6,WPL,M6WPL,Call Sign,Amateur Foundation Radio Licence,Available,N
M,6,WPO,M6WPO,Call Sign,Amateur Foundation Radio Licence,Available,N
M,6,WPP,M6WPP,Call Sign,Amateur Foundation Radio Licence,Available,N
M,6,WPQ,M6WPQ,Call Sign,Amateur Foundation Radio Licence,Available,N
M,6,WPR,M6WPR,Call Sign,Amateur Foundation Radio Licence,Available,N
M,6,WPS,M6WPS,Call Sign,Amateur Foundation Radio Licence,Available,N
M,6,WPU,M6WPU,Call Sign,Amateur Foundation Radio Licence,Available,N
M,6,WPV,M6WPV,Call Sign,Amateur Foundation Radio Licence,Available,N
M,6,WPX,M6WPX,Call Sign,Amateur Foundation Radio Licence,Available,N
M,6,WPY,M6WPY,Call Sign,Amateur Foundation Radio Licence,Available,N
M,6,WQA,M6WQA,Call Sign,Amateur Foundation Radio Licence,Available,N
M,6,WQB,M6WQB,Call Sign,Amateur Foundation Radio Licence,Available,N
M,6,WQC,M6WQC,Call Sign,Amateur Foundation Radio Licence,Available,N
M,6,WQD,M6WQD,Call Sign,Amateur Foundation Radio Licence,Available,N
M,6,WQE,M6WQE,Call Sign,Amateur Foundation Radio Licence,Available,N
M,6,WQF,M6WQF,Call Sign,Amateur Foundation Radio Licence,Available,N
M,6,WQG,M6WQG,Call Sign,Amateur Foundation Radio Licence,Available,N
M,6,WQH,M6WQH,Call Sign,Amateur Foundation Radio Licence,Available,N
M,6,WQJ,M6WQJ,Call Sign,Amateur Foundation Radio Licence,Available,N
M,6,WQK,M6WQK,Call Sign,Amateur Foundation Radio Licence,Available,N
M,6,WQL,M6WQL,Call Sign,Amateur Foundation Radio Licence,Available,N
M,6,WQM,M6WQM,Call Sign,Amateur Foundation Radio Licence,Available,N
M,6,WQN,M6WQN,Call Sign,Amateur Foundation Radio Licence,Available,N
M,6,WQO,M6WQO,Call Sign,Amateur Foundation Radio Licence,Available,N
M,6,WQP,M6WQP,Call Sign,Amateur Foundation Radio Licence,Available,N
M,6,WQQ,M6WQQ,Call Sign,Amateur Foundation Radio Licence,Available,N
M,6,WQR,M6WQR,Call Sign,Amateur Foundation Radio Licence,Available,N
M,6,WQS,M6WQS,Call Sign,Amateur Foundation Radio Licence,Available,N
M,6,WQT,M6WQT,Call Sign,Amateur Foundation Radio Licence,Available,N
M,6,WQU,M6WQU,Call Sign,Amateur Foundation Radio Licence,Available,N
M,6,WQV,M6WQV,Call Sign,Amateur Foundation Radio Licence,Available,N
M,6,WQX,M6WQX,Call Sign,Amateur Foundation Radio Licence,Available,N
M,6,WQY,M6WQY,Call Sign,Amateur Foundation Radio Licence,Available,N
M,6,WQZ,M6WQZ,Call Sign,Amateur Foundation Radio Licence,Available,N
M,6,WRF,M6WRF,Call Sign,Amateur Foundation Radio Licence,Available,N
M,6,WRI,M6WRI,Call Sign,Amateur Foundation Radio Licence,Available,N
M,6,WRL,M6WRL,Call Sign,Amateur Foundation Radio Licence,Available,N
M,6,WRQ,M6WRQ,Call Sign,Amateur Foundation Radio Licence,Available,N
M,6,WRR,M6WRR,Call Sign,Amateur Foundation Radio Licence,Available,N
M,6,WRU,M6WRU,Call Sign,Amateur Foundation Radio Licence,Available,N
M,6,WRV,M6WRV,Call Sign,Amateur Foundation Radio Licence,Available,N
M,6,WSE,M6WSE,Call Sign,Amateur Foundation Radio Licence,Available,N
M,6,WSF,M6WSF,Call Sign,Amateur Foundation Radio Licence,Available,N
M,6,WSI,M6WSI,Call Sign,Amateur Foundation Radio Licence,Available,N
M,6,WSJ,M6WSJ,Call Sign,Amateur Foundation Radio Licence,Available,N
M,6,WSO,M6WSO,Call Sign,Amateur Foundation Radio Licence,Available,N
M,6,WSP,M6WSP,Call Sign,Amateur Foundation Radio Licence,Available,N
M,6,WSQ,M6WSQ,Call Sign,Amateur Foundation Radio Licence,Available,N
M,6,WSR,M6WSR,Call Sign,Amateur Foundation Radio Licence,Available,N
M,6,WSS,M6WSS,Call Sign,Amateur Foundation Radio Licence,Available,N
M,6,WSV,M6WSV,Call Sign,Amateur Foundation Radio Licence,Available,N
M,6,WSW,M6WSW,Call Sign,Amateur Foundation Radio Licence,Available,N
M,6,WSY,M6WSY,Call Sign,Amateur Foundation Radio Licence,Available,N
M,6,WSZ,M6WSZ,Call Sign,Amateur Foundation Radio Licence,Available,N
M,6,WTB,M6WTB,Call Sign,Amateur Foundation Radio Licence,Available,N
M,6,WTI,M6WTI,Call Sign,Amateur Foundation Radio Licence,Available,N
M,6,WTJ,M6WTJ,Call Sign,Amateur Foundation Radio Licence,Available,N
M,6,WTK,M6WTK,Call Sign,Amateur Foundation Radio Licence,Available,N
M,6,WTL,M6WTL,Call Sign,Amateur Foundation Radio Licence,Available,N
M,6,WTO,M6WTO,Call Sign,Amateur Foundation Radio Licence,Available,N
M,6,WTQ,M6WTQ,Call Sign,Amateur Foundation Radio Licence,Available,N
M,6,WTR,M6WTR,Call Sign,Amateur Foundation Radio Licence,Available,N
M,6,WTU,M6WTU,Call Sign,Amateur Foundation Radio Licence,Available,N
M,6,WTV,M6WTV,Call Sign,Amateur Foundation Radio Licence,Available,N
M,6,WTY,M6WTY,Call Sign,Amateur Foundation Radio Licence,Available,N
M,6,WUA,M6WUA,Call Sign,Amateur Foundation Radio Licence,Available,N
M,6,WUB,M6WUB,Call Sign,Amateur Foundation Radio Licence,Available,N
M,6,WUC,M6WUC,Call Sign,Amateur Foundation Radio Licence,Available,N
M,6,WUD,M6WUD,Call Sign,Amateur Foundation Radio Licence,Available,N
M,6,WUE,M6WUE,Call Sign,Amateur Foundation Radio Licence,Available,N
M,6,WUG,M6WUG,Call Sign,Amateur Foundation Radio Licence,Available,N
M,6,WUI,M6WUI,Call Sign,Amateur Foundation Radio Licence,Available,N
M,6,WUJ,M6WUJ,Call Sign,Amateur Foundation Radio Licence,Available,N
M,6,WUK,M6WUK,Call Sign,Amateur Foundation Radio Licence,Available,N
M,6,WUM,M6WUM,Call Sign,Amateur Foundation Radio Licence,Available,N
M,6,WUO,M6WUO,Call Sign,Amateur Foundation Radio Licence,Available,N
M,6,WUP,M6WUP,Call Sign,Amateur Foundation Radio Licence,Available,N
M,6,WUQ,M6WUQ,Call Sign,Amateur Foundation Radio Licence,Available,N
M,6,WUR,M6WUR,Call Sign,Amateur Foundation Radio Licence,Available,N
M,6,WUS,M6WUS,Call Sign,Amateur Foundation Radio Licence,Available,N
M,6,WUT,M6WUT,Call Sign,Amateur Foundation Radio Licence,Available,N
M,6,WUU,M6WUU,Call Sign,Amateur Foundation Radio Licence,Available,N
M,6,WUV,M6WUV,Call Sign,Amateur Foundation Radio Licence,Available,N
M,6,WUW,M6WUW,Call Sign,Amateur Foundation Radio Licence,Available,N
M,6,WUY,M6WUY,Call Sign,Amateur Foundation Radio Licence,Available,N
M,6,WUZ,M6WUZ,Call Sign,Amateur Foundation Radio Licence,Available,N
M,6,WVA,M6WVA,Call Sign,Amateur Foundation Radio Licence,Available,N
M,6,WVB,M6WVB,Call Sign,Amateur Foundation Radio Licence,Available,N
M,6,WVF,M6WVF,Call Sign,Amateur Foundation Radio Licence,Available,N
M,6,WVG,M6WVG,Call Sign,Amateur Foundation Radio Licence,Available,N
M,6,WVJ,M6WVJ,Call Sign,Amateur Foundation Radio Licence,Available,N
M,6,WVK,M6WVK,Call Sign,Amateur Foundation Radio Licence,Available,N
M,6,WVL,M6WVL,Call Sign,Amateur Foundation Radio Licence,Available,N
M,6,WVN,M6WVN,Call Sign,Amateur Foundation Radio Licence,Available,N
M,6,WVO,M6WVO,Call Sign,Amateur Foundation Radio Licence,Available,N
M,6,WVP,M6WVP,Call Sign,Amateur Foundation Radio Licence,Available,N
M,6,WVQ,M6WVQ,Call Sign,Amateur Foundation Radio Licence,Available,N
M,6,WVR,M6WVR,Call Sign,Amateur Foundation Radio Licence,Available,N
M,6,WVS,M6WVS,Call Sign,Amateur Foundation Radio Licence,Available,N
M,6,WVT,M6WVT,Call Sign,Amateur Foundation Radio Licence,Available,N
M,6,WVU,M6WVU,Call Sign,Amateur Foundation Radio Licence,Available,N
M,6,WVV,M6WVV,Call Sign,Amateur Foundation Radio Licence,Available,N
M,6,WVW,M6WVW,Call Sign,Amateur Foundation Radio Licence,Available,N
M,6,WVX,M6WVX,Call Sign,Amateur Foundation Radio Licence,Available,N
M,6,WVY,M6WVY,Call Sign,Amateur Foundation Radio Licence,Available,N
M,6,WVZ,M6WVZ,Call Sign,Amateur Foundation Radio Licence,Available,N
M,6,WWC,M6WWC,Call Sign,Amateur Foundation Radio Licence,Available,N
M,6,WWF,M6WWF,Call Sign,Amateur Foundation Radio Licence,Available,N
M,6,WWG,M6WWG,Call Sign,Amateur Foundation Radio Licence,Available,N
M,6,WWH,M6WWH,Call Sign,Amateur Foundation Radio Licence,Available,N
M,6,WWI,M6WWI,Call Sign,Amateur Foundation Radio Licence,Available,N
M,6,WWK,M6WWK,Call Sign,Amateur Foundation Radio Licence,Available,N
M,6,WWL,M6WWL,Call Sign,Amateur Foundation Radio Licence,Available,N
M,6,WWM,M6WWM,Call Sign,Amateur Foundation Radio Licence,Available,N
M,6,WWN,M6WWN,Call Sign,Amateur Foundation Radio Licence,Available,N
M,6,WWO,M6WWO,Call Sign,Amateur Foundation Radio Licence,Available,N
M,6,WWQ,M6WWQ,Call Sign,Amateur Foundation Radio Licence,Available,N
M,6,WWS,M6WWS,Call Sign,Amateur Foundation Radio Licence,Available,N
M,6,WWU,M6WWU,Call Sign,Amateur Foundation Radio Licence,Available,N
M,6,WWV,M6WWV,Call Sign,Amateur Foundation Radio Licence,Available,N
M,6,WWX,M6WWX,Call Sign,Amateur Foundation Radio Licence,Available,N
M,6,WWY,M6WWY,Call Sign,Amateur Foundation Radio Licence,Available,N
M,6,WWZ,M6WWZ,Call Sign,Amateur Foundation Radio Licence,Available,N
M,6,WXB,M6WXB,Call Sign,Amateur Foundation Radio Licence,Available,N
M,6,WXC,M6WXC,Call Sign,Amateur Foundation Radio Licence,Available,N
M,6,WXE,M6WXE,Call Sign,Amateur Foundation Radio Licence,Available,N
M,6,WXF,M6WXF,Call Sign,Amateur Foundation Radio Licence,Available,N
M,6,WXH,M6WXH,Call Sign,Amateur Foundation Radio Licence,Available,N
M,6,WXI,M6WXI,Call Sign,Amateur Foundation Radio Licence,Available,N
M,6,WXK,M6WXK,Call Sign,Amateur Foundation Radio Licence,Available,N
M,6,WXL,M6WXL,Call Sign,Amateur Foundation Radio Licence,Available,N
M,6,WXQ,M6WXQ,Call Sign,Amateur Foundation Radio Licence,Available,N
M,6,WXR,M6WXR,Call Sign,Amateur Foundation Radio Licence,Available,N
M,6,WXT,M6WXT,Call Sign,Amateur Foundation Radio Licence,Available,N
M,6,WXU,M6WXU,Call Sign,Amateur Foundation Radio Licence,Available,N
M,6,WXV,M6WXV,Call Sign,Amateur Foundation Radio Licence,Available,N
M,6,WXW,M6WXW,Call Sign,Amateur Foundation Radio Licence,Available,N
M,6,WXX,M6WXX,Call Sign,Amateur Foundation Radio Licence,Available,N
M,6,WXZ,M6WXZ,Call Sign,Amateur Foundation Radio Licence,Available,N
M,6,WYA,M6WYA,Call Sign,Amateur Foundation Radio Licence,Available,N
M,6,WYB,M6WYB,Call Sign,Amateur Foundation Radio Licence,Available,N
M,6,WYC,M6WYC,Call Sign,Amateur Foundation Radio Licence,Available,N
M,6,WYF,M6WYF,Call Sign,Amateur Foundation Radio Licence,Available,N
M,6,WYG,M6WYG,Call Sign,Amateur Foundation Radio Licence,Available,N
M,6,WYH,M6WYH,Call Sign,Amateur Foundation Radio Licence,Available,N
M,6,WYI,M6WYI,Call Sign,Amateur Foundation Radio Licence,Available,N
M,6,WYJ,M6WYJ,Call Sign,Amateur Foundation Radio Licence,Available,N
M,6,WYK,M6WYK,Call Sign,Amateur Foundation Radio Licence,Available,N
M,6,WYL,M6WYL,Call Sign,Amateur Foundation Radio Licence,Available,N
M,6,WYM,M6WYM,Call Sign,Amateur Foundation Radio Licence,Available,N
M,6,WYO,M6WYO,Call Sign,Amateur Foundation Radio Licence,Available,N
M,6,WYP,M6WYP,Call Sign,Amateur Foundation Radio Licence,Available,N
M,6,WYQ,M6WYQ,Call Sign,Amateur Foundation Radio Licence,Available,N
M,6,WYU,M6WYU,Call Sign,Amateur Foundation Radio Licence,Available,N
M,6,WYV,M6WYV,Call Sign,Amateur Foundation Radio Licence,Available,N
M,6,WYW,M6WYW,Call Sign,Amateur Foundation Radio Licence,Available,N
M,6,WYX,M6WYX,Call Sign,Amateur Foundation Radio Licence,Available,N
M,6,WYY,M6WYY,Call Sign,Amateur Foundation Radio Licence,Available,N
M,6,WZA,M6WZA,Call Sign,Amateur Foundation Radio Licence,Available,N
M,6,WZC,M6WZC,Call Sign,Amateur Foundation Radio Licence,Available,N
M,6,WZD,M6WZD,Call Sign,Amateur Foundation Radio Licence,Available,N
M,6,WZE,M6WZE,Call Sign,Amateur Foundation Radio Licence,Available,N
M,6,WZF,M6WZF,Call Sign,Amateur Foundation Radio Licence,Available,N
M,6,WZG,M6WZG,Call Sign,Amateur Foundation Radio Licence,Available,N
M,6,WZH,M6WZH,Call Sign,Amateur Foundation Radio Licence,Available,N
M,6,WZI,M6WZI,Call Sign,Amateur Foundation Radio Licence,Available,N
M,6,WZJ,M6WZJ,Call Sign,Amateur Foundation Radio Licence,Available,N
M,6,WZM,M6WZM,Call Sign,Amateur Foundation Radio Licence,Available,N
M,6,WZO,M6WZO,Call Sign,Amateur Foundation Radio Licence,Available,N
M,6,WZP,M6WZP,Call Sign,Amateur Foundation Radio Licence,Available,N
M,6,WZQ,M6WZQ,Call Sign,Amateur Foundation Radio Licence,Available,N
M,6,WZR,M6WZR,Call Sign,Amateur Foundation Radio Licence,Available,N
M,6,WZS,M6WZS,Call Sign,Amateur Foundation Radio Licence,Available,N
M,6,WZU,M6WZU,Call Sign,Amateur Foundation Radio Licence,Available,N
M,6,WZV,M6WZV,Call Sign,Amateur Foundation Radio Licence,Available,N
M,6,WZW,M6WZW,Call Sign,Amateur Foundation Radio Licence,Available,N
M,6,WZX,M6WZX,Call Sign,Amateur Foundation Radio Licence,Available,N
M,6,WZZ,M6WZZ,Call Sign,Amateur Foundation Radio Licence,Available,N
M,6,XAQ,M6XAQ,Call Sign,Amateur Foundation Radio Licence,Available,N
M,6,XAV,M6XAV,Call Sign,Amateur Foundation Radio Licence,Available,N
M,6,XBA,M6XBA,Call Sign,Amateur Foundation Radio Licence,Available,N
M,6,XBB,M6XBB,Call Sign,Amateur Foundation Radio Licence,Available,N
M,6,XBE,M6XBE,Call Sign,Amateur Foundation Radio Licence,Available,N
M,6,XBG,M6XBG,Call Sign,Amateur Foundation Radio Licence,Available,N
M,6,XBI,M6XBI,Call Sign,Amateur Foundation Radio Licence,Available,N
M,6,XBJ,M6XBJ,Call Sign,Amateur Foundation Radio Licence,Available,N
M,6,XBK,M6XBK,Call Sign,Amateur Foundation Radio Licence,Available,N
M,6,XBN,M6XBN,Call Sign,Amateur Foundation Radio Licence,Available,N
M,6,XBO,M6XBO,Call Sign,Amateur Foundation Radio Licence,Available,N
M,6,XBQ,M6XBQ,Call Sign,Amateur Foundation Radio Licence,Available,N
M,6,XBR,M6XBR,Call Sign,Amateur Foundation Radio Licence,Available,N
M,6,XBS,M6XBS,Call Sign,Amateur Foundation Radio Licence,Available,N
M,6,XBT,M6XBT,Call Sign,Amateur Foundation Radio Licence,Available,N
M,6,XBU,M6XBU,Call Sign,Amateur Foundation Radio Licence,Available,N
M,6,XBV,M6XBV,Call Sign,Amateur Foundation Radio Licence,Available,N
M,6,XBW,M6XBW,Call Sign,Amateur Foundation Radio Licence,Available,N
M,6,XBY,M6XBY,Call Sign,Amateur Foundation Radio Licence,Available,N
M,6,XBZ,M6XBZ,Call Sign,Amateur Foundation Radio Licence,Available,N
M,6,XCA,M6XCA,Call Sign,Amateur Foundation Radio Licence,Available,N
M,6,XCC,M6XCC,Call Sign,Amateur Foundation Radio Licence,Available,N
M,6,XCD,M6XCD,Call Sign,Amateur Foundation Radio Licence,Available,N
M,6,XCE,M6XCE,Call Sign,Amateur Foundation Radio Licence,Available,N
M,6,XCG,M6XCG,Call Sign,Amateur Foundation Radio Licence,Available,N
M,6,XCH,M6XCH,Call Sign,Amateur Foundation Radio Licence,Available,N
M,6,XCI,M6XCI,Call Sign,Amateur Foundation Radio Licence,Available,N
M,6,XCJ,M6XCJ,Call Sign,Amateur Foundation Radio Licence,Available,N
M,6,XCK,M6XCK,Call Sign,Amateur Foundation Radio Licence,Available,N
M,6,XCL,M6XCL,Call Sign,Amateur Foundation Radio Licence,Available,N
M,6,XCN,M6XCN,Call Sign,Amateur Foundation Radio Licence,Available,N
M,6,XCP,M6XCP,Call Sign,Amateur Foundation Radio Licence,Available,N
M,6,XCQ,M6XCQ,Call Sign,Amateur Foundation Radio Licence,Available,N
M,6,XCR,M6XCR,Call Sign,Amateur Foundation Radio Licence,Available,N
M,6,XCS,M6XCS,Call Sign,Amateur Foundation Radio Licence,Available,N
M,6,XCU,M6XCU,Call Sign,Amateur Foundation Radio Licence,Available,N
M,6,XCV,M6XCV,Call Sign,Amateur Foundation Radio Licence,Available,N
M,6,XCW,M6XCW,Call Sign,Amateur Foundation Radio Licence,Available,N
M,6,XCX,M6XCX,Call Sign,Amateur Foundation Radio Licence,Available,N
M,6,XCY,M6XCY,Call Sign,Amateur Foundation Radio Licence,Available,N
M,6,XCZ,M6XCZ,Call Sign,Amateur Foundation Radio Licence,Available,N
M,6,XDE,M6XDE,Call Sign,Amateur Foundation Radio Licence,Available,N
M,6,XDF,M6XDF,Call Sign,Amateur Foundation Radio Licence,Available,N
M,6,XDI,M6XDI,Call Sign,Amateur Foundation Radio Licence,Available,N
M,6,XDK,M6XDK,Call Sign,Amateur Foundation Radio Licence,Available,N
M,6,XDL,M6XDL,Call Sign,Amateur Foundation Radio Licence,Available,N
M,6,XDN,M6XDN,Call Sign,Amateur Foundation Radio Licence,Available,N
M,6,XDP,M6XDP,Call Sign,Amateur Foundation Radio Licence,Available,N
M,6,XDQ,M6XDQ,Call Sign,Amateur Foundation Radio Licence,Available,N
M,6,XDR,M6XDR,Call Sign,Amateur Foundation Radio Licence,Available,N
M,6,XDS,M6XDS,Call Sign,Amateur Foundation Radio Licence,Available,N
M,6,XDT,M6XDT,Call Sign,Amateur Foundation Radio Licence,Available,N
M,6,XDU,M6XDU,Call Sign,Amateur Foundation Radio Licence,Available,N
M,6,XDV,M6XDV,Call Sign,Amateur Foundation Radio Licence,Available,N
M,6,XEA,M6XEA,Call Sign,Amateur Foundation Radio Licence,Available,N
M,6,XEB,M6XEB,Call Sign,Amateur Foundation Radio Licence,Available,N
M,6,XEC,M6XEC,Call Sign,Amateur Foundation Radio Licence,Available,N
M,6,XEF,M6XEF,Call Sign,Amateur Foundation Radio Licence,Available,N
M,6,XEG,M6XEG,Call Sign,Amateur Foundation Radio Licence,Available,N
M,6,XEH,M6XEH,Call Sign,Amateur Foundation Radio Licence,Available,N
M,6,XEI,M6XEI,Call Sign,Amateur Foundation Radio Licence,Available,N
M,6,XEJ,M6XEJ,Call Sign,Amateur Foundation Radio Licence,Available,N
M,6,XEK,M6XEK,Call Sign,Amateur Foundation Radio Licence,Available,N
M,6,XEL,M6XEL,Call Sign,Amateur Foundation Radio Licence,Available,N
M,6,XEQ,M6XEQ,Call Sign,Amateur Foundation Radio Licence,Available,N
M,6,XES,M6XES,Call Sign,Amateur Foundation Radio Licence,Available,N
M,6,XEU,M6XEU,Call Sign,Amateur Foundation Radio Licence,Available,N
M,6,XEV,M6XEV,Call Sign,Amateur Foundation Radio Licence,Available,N
M,6,XEW,M6XEW,Call Sign,Amateur Foundation Radio Licence,Available,N
M,6,XEX,M6XEX,Call Sign,Amateur Foundation Radio Licence,Available,N
M,6,XEY,M6XEY,Call Sign,Amateur Foundation Radio Licence,Available,N
M,6,XEZ,M6XEZ,Call Sign,Amateur Foundation Radio Licence,Available,N
M,6,XFA,M6XFA,Call Sign,Amateur Foundation Radio Licence,Available,N
M,6,XFB,M6XFB,Call Sign,Amateur Foundation Radio Licence,Available,N
M,6,XFC,M6XFC,Call Sign,Amateur Foundation Radio Licence,Available,N
M,6,XFD,M6XFD,Call Sign,Amateur Foundation Radio Licence,Available,N
M,6,XFE,M6XFE,Call Sign,Amateur Foundation Radio Licence,Available,N
M,6,XFF,M6XFF,Call Sign,Amateur Foundation Radio Licence,Available,N
M,6,XFG,M6XFG,Call Sign,Amateur Foundation Radio Licence,Available,N
M,6,XFH,M6XFH,Call Sign,Amateur Foundation Radio Licence,Available,N
M,6,XFI,M6XFI,Call Sign,Amateur Foundation Radio Licence,Available,N
M,6,XFJ,M6XFJ,Call Sign,Amateur Foundation Radio Licence,Available,N
M,6,XFK,M6XFK,Call Sign,Amateur Foundation Radio Licence,Available,N
M,6,XFL,M6XFL,Call Sign,Amateur Foundation Radio Licence,Available,N
M,6,XFN,M6XFN,Call Sign,Amateur Foundation Radio Licence,Available,N
M,6,XFO,M6XFO,Call Sign,Amateur Foundation Radio Licence,Available,N
M,6,XFP,M6XFP,Call Sign,Amateur Foundation Radio Licence,Available,N
M,6,XFQ,M6XFQ,Call Sign,Amateur Foundation Radio Licence,Available,N
M,6,XFR,M6XFR,Call Sign,Amateur Foundation Radio Licence,Available,N
M,6,XFS,M6XFS,Call Sign,Amateur Foundation Radio Licence,Available,N
M,6,XFT,M6XFT,Call Sign,Amateur Foundation Radio Licence,Available,N
M,6,XFU,M6XFU,Call Sign,Amateur Foundation Radio Licence,Available,N
M,6,XFW,M6XFW,Call Sign,Amateur Foundation Radio Licence,Available,N
M,6,XFX,M6XFX,Call Sign,Amateur Foundation Radio Licence,Available,N
M,6,XFY,M6XFY,Call Sign,Amateur Foundation Radio Licence,Available,N
M,6,XFZ,M6XFZ,Call Sign,Amateur Foundation Radio Licence,Available,N
M,6,XGA,M6XGA,Call Sign,Amateur Foundation Radio Licence,Available,N
M,6,XGB,M6XGB,Call Sign,Amateur Foundation Radio Licence,Available,N
M,6,XGC,M6XGC,Call Sign,Amateur Foundation Radio Licence,Available,N
M,6,XGD,M6XGD,Call Sign,Amateur Foundation Radio Licence,Available,N
M,6,XGE,M6XGE,Call Sign,Amateur Foundation Radio Licence,Available,N
M,6,XGG,M6XGG,Call Sign,Amateur Foundation Radio Licence,Available,N
M,6,XGH,M6XGH,Call Sign,Amateur Foundation Radio Licence,Available,N
M,6,XGI,M6XGI,Call Sign,Amateur Foundation Radio Licence,Available,N
M,6,XGK,M6XGK,Call Sign,Amateur Foundation Radio Licence,Available,N
M,6,XGL,M6XGL,Call Sign,Amateur Foundation Radio Licence,Available,N
M,6,XGM,M6XGM,Call Sign,Amateur Foundation Radio Licence,Available,N
M,6,XGO,M6XGO,Call Sign,Amateur Foundation Radio Licence,Available,N
M,6,XGQ,M6XGQ,Call Sign,Amateur Foundation Radio Licence,Available,N
M,6,XGR,M6XGR,Call Sign,Amateur Foundation Radio Licence,Available,N
M,6,XGS,M6XGS,Call Sign,Amateur Foundation Radio Licence,Available,N
M,6,XGU,M6XGU,Call Sign,Amateur Foundation Radio Licence,Available,N
M,6,XGV,M6XGV,Call Sign,Amateur Foundation Radio Licence,Available,N
M,6,XGW,M6XGW,Call Sign,Amateur Foundation Radio Licence,Available,N
M,6,XGX,M6XGX,Call Sign,Amateur Foundation Radio Licence,Available,N
M,6,XGY,M6XGY,Call Sign,Amateur Foundation Radio Licence,Available,N
M,6,XGZ,M6XGZ,Call Sign,Amateur Foundation Radio Licence,Available,N
M,6,XHA,M6XHA,Call Sign,Amateur Foundation Radio Licence,Available,N
M,6,XHB,M6XHB,Call Sign,Amateur Foundation Radio Licence,Available,N
M,6,XHC,M6XHC,Call Sign,Amateur Foundation Radio Licence,Available,N
M,6,XHD,M6XHD,Call Sign,Amateur Foundation Radio Licence,Available,N
M,6,XHE,M6XHE,Call Sign,Amateur Foundation Radio Licence,Available,N
M,6,XHG,M6XHG,Call Sign,Amateur Foundation Radio Licence,Available,N
M,6,XHH,M6XHH,Call Sign,Amateur Foundation Radio Licence,Available,N
M,6,XHI,M6XHI,Call Sign,Amateur Foundation Radio Licence,Available,N
M,6,XHJ,M6XHJ,Call Sign,Amateur Foundation Radio Licence,Available,N
M,6,XHK,M6XHK,Call Sign,Amateur Foundation Radio Licence,Available,N
M,6,XHL,M6XHL,Call Sign,Amateur Foundation Radio Licence,Available,N
M,6,XHM,M6XHM,Call Sign,Amateur Foundation Radio Licence,Available,N
M,6,XHN,M6XHN,Call Sign,Amateur Foundation Radio Licence,Available,N
M,6,XHO,M6XHO,Call Sign,Amateur Foundation Radio Licence,Available,N
M,6,XHP,M6XHP,Call Sign,Amateur Foundation Radio Licence,Available,N
M,6,XHQ,M6XHQ,Call Sign,Amateur Foundation Radio Licence,Available,N
M,6,XHR,M6XHR,Call Sign,Amateur Foundation Radio Licence,Available,N
M,6,XHS,M6XHS,Call Sign,Amateur Foundation Radio Licence,Available,N
M,6,XHT,M6XHT,Call Sign,Amateur Foundation Radio Licence,Available,N
M,6,XHU,M6XHU,Call Sign,Amateur Foundation Radio Licence,Available,N
M,6,XHV,M6XHV,Call Sign,Amateur Foundation Radio Licence,Available,N
M,6,XHW,M6XHW,Call Sign,Amateur Foundation Radio Licence,Available,N
M,6,XHX,M6XHX,Call Sign,Amateur Foundation Radio Licence,Available,N
M,6,XHY,M6XHY,Call Sign,Amateur Foundation Radio Licence,Available,N
M,6,XHZ,M6XHZ,Call Sign,Amateur Foundation Radio Licence,Available,N
M,6,XIA,M6XIA,Call Sign,Amateur Foundation Radio Licence,Available,N
M,6,XIB,M6XIB,Call Sign,Amateur Foundation Radio Licence,Available,N
M,6,XIC,M6XIC,Call Sign,Amateur Foundation Radio Licence,Available,N
M,6,XID,M6XID,Call Sign,Amateur Foundation Radio Licence,Available,N
M,6,XIF,M6XIF,Call Sign,Amateur Foundation Radio Licence,Available,N
M,6,XIG,M6XIG,Call Sign,Amateur Foundation Radio Licence,Available,N
M,6,XIH,M6XIH,Call Sign,Amateur Foundation Radio Licence,Available,N
M,6,XII,M6XII,Call Sign,Amateur Foundation Radio Licence,Available,N
M,6,XIJ,M6XIJ,Call Sign,Amateur Foundation Radio Licence,Available,N
M,6,XIK,M6XIK,Call Sign,Amateur Foundation Radio Licence,Available,N
M,6,XIL,M6XIL,Call Sign,Amateur Foundation Radio Licence,Available,N
M,6,XIN,M6XIN,Call Sign,Amateur Foundation Radio Licence,Available,N
M,6,XIO,M6XIO,Call Sign,Amateur Foundation Radio Licence,Available,N
M,6,XIP,M6XIP,Call Sign,Amateur Foundation Radio Licence,Available,N
M,6,XIQ,M6XIQ,Call Sign,Amateur Foundation Radio Licence,Available,N
M,6,XIR,M6XIR,Call Sign,Amateur Foundation Radio Licence,Available,N
M,6,XIU,M6XIU,Call Sign,Amateur Foundation Radio Licence,Available,N
M,6,XIV,M6XIV,Call Sign,Amateur Foundation Radio Licence,Available,N
M,6,XIW,M6XIW,Call Sign,Amateur Foundation Radio Licence,Available,N
M,6,XIX,M6XIX,Call Sign,Amateur Foundation Radio Licence,Available,N
M,6,XIY,M6XIY,Call Sign,Amateur Foundation Radio Licence,Available,N
M,6,XIZ,M6XIZ,Call Sign,Amateur Foundation Radio Licence,Available,N
M,6,XJA,M6XJA,Call Sign,Amateur Foundation Radio Licence,Available,N
M,6,XJD,M6XJD,Call Sign,Amateur Foundation Radio Licence,Available,N
M,6,XJE,M6XJE,Call Sign,Amateur Foundation Radio Licence,Available,N
M,6,XJF,M6XJF,Call Sign,Amateur Foundation Radio Licence,Available,N
M,6,XJG,M6XJG,Call Sign,Amateur Foundation Radio Licence,Available,N
M,6,XJH,M6XJH,Call Sign,Amateur Foundation Radio Licence,Available,N
M,6,XJI,M6XJI,Call Sign,Amateur Foundation Radio Licence,Available,N
M,6,XJJ,M6XJJ,Call Sign,Amateur Foundation Radio Licence,Available,N
M,6,XJL,M6XJL,Call Sign,Amateur Foundation Radio Licence,Available,N
M,6,XJM,M6XJM,Call Sign,Amateur Foundation Radio Licence,Available,N
M,6,XJN,M6XJN,Call Sign,Amateur Foundation Radio Licence,Available,N
M,6,XJO,M6XJO,Call Sign,Amateur Foundation Radio Licence,Available,N
M,6,XJQ,M6XJQ,Call Sign,Amateur Foundation Radio Licence,Available,N
M,6,XJT,M6XJT,Call Sign,Amateur Foundation Radio Licence,Available,N
M,6,XJU,M6XJU,Call Sign,Amateur Foundation Radio Licence,Available,N
M,6,XJV,M6XJV,Call Sign,Amateur Foundation Radio Licence,Available,N
M,6,XJX,M6XJX,Call Sign,Amateur Foundation Radio Licence,Available,N
M,6,XJY,M6XJY,Call Sign,Amateur Foundation Radio Licence,Available,N
M,6,XJZ,M6XJZ,Call Sign,Amateur Foundation Radio Licence,Available,N
M,6,XKB,M6XKB,Call Sign,Amateur Foundation Radio Licence,Available,N
M,6,XKC,M6XKC,Call Sign,Amateur Foundation Radio Licence,Available,N
M,6,XKD,M6XKD,Call Sign,Amateur Foundation Radio Licence,Available,N
M,6,XKF,M6XKF,Call Sign,Amateur Foundation Radio Licence,Available,N
M,6,XKH,M6XKH,Call Sign,Amateur Foundation Radio Licence,Available,N
M,6,XKI,M6XKI,Call Sign,Amateur Foundation Radio Licence,Available,N
M,6,XKJ,M6XKJ,Call Sign,Amateur Foundation Radio Licence,Available,N
M,6,XKK,M6XKK,Call Sign,Amateur Foundation Radio Licence,Available,N
M,6,XKL,M6XKL,Call Sign,Amateur Foundation Radio Licence,Available,N
M,6,XKM,M6XKM,Call Sign,Amateur Foundation Radio Licence,Available,N
M,6,XKN,M6XKN,Call Sign,Amateur Foundation Radio Licence,Available,N
M,6,XKO,M6XKO,Call Sign,Amateur Foundation Radio Licence,Available,N
M,6,XKP,M6XKP,Call Sign,Amateur Foundation Radio Licence,Available,N
M,6,XKQ,M6XKQ,Call Sign,Amateur Foundation Radio Licence,Available,N
M,6,XKR,M6XKR,Call Sign,Amateur Foundation Radio Licence,Available,N
M,6,XKS,M6XKS,Call Sign,Amateur Foundation Radio Licence,Available,N
M,6,XKU,M6XKU,Call Sign,Amateur Foundation Radio Licence,Available,N
M,6,XKV,M6XKV,Call Sign,Amateur Foundation Radio Licence,Available,N
M,6,XKW,M6XKW,Call Sign,Amateur Foundation Radio Licence,Available,N
M,6,XKY,M6XKY,Call Sign,Amateur Foundation Radio Licence,Available,N
M,6,XKZ,M6XKZ,Call Sign,Amateur Foundation Radio Licence,Available,N
M,6,XLC,M6XLC,Call Sign,Amateur Foundation Radio Licence,Available,N
M,6,XLD,M6XLD,Call Sign,Amateur Foundation Radio Licence,Available,N
M,6,XLE,M6XLE,Call Sign,Amateur Foundation Radio Licence,Available,N
M,6,XLF,M6XLF,Call Sign,Amateur Foundation Radio Licence,Available,N
M,6,XLG,M6XLG,Call Sign,Amateur Foundation Radio Licence,Available,N
M,6,XLH,M6XLH,Call Sign,Amateur Foundation Radio Licence,Available,N
M,6,XLI,M6XLI,Call Sign,Amateur Foundation Radio Licence,Available,N
M,6,XLJ,M6XLJ,Call Sign,Amateur Foundation Radio Licence,Available,N
M,6,XLK,M6XLK,Call Sign,Amateur Foundation Radio Licence,Available,N
M,6,XLM,M6XLM,Call Sign,Amateur Foundation Radio Licence,Available,N
M,6,XLN,M6XLN,Call Sign,Amateur Foundation Radio Licence,Available,N
M,6,XLO,M6XLO,Call Sign,Amateur Foundation Radio Licence,Available,N
M,6,XLQ,M6XLQ,Call Sign,Amateur Foundation Radio Licence,Available,N
M,6,XLT,M6XLT,Call Sign,Amateur Foundation Radio Licence,Available,N
M,6,XLU,M6XLU,Call Sign,Amateur Foundation Radio Licence,Available,N
M,6,XLW,M6XLW,Call Sign,Amateur Foundation Radio Licence,Available,N
M,6,XLZ,M6XLZ,Call Sign,Amateur Foundation Radio Licence,Available,N
M,6,XMD,M6XMD,Call Sign,Amateur Foundation Radio Licence,Available,N
M,6,XME,M6XME,Call Sign,Amateur Foundation Radio Licence,Available,N
M,6,XMF,M6XMF,Call Sign,Amateur Foundation Radio Licence,Available,N
M,6,XMH,M6XMH,Call Sign,Amateur Foundation Radio Licence,Available,N
M,6,XMI,M6XMI,Call Sign,Amateur Foundation Radio Licence,Available,N
M,6,XMJ,M6XMJ,Call Sign,Amateur Foundation Radio Licence,Available,N
M,6,XMK,M6XMK,Call Sign,Amateur Foundation Radio Licence,Available,N
M,6,XMO,M6XMO,Call Sign,Amateur Foundation Radio Licence,Available,N
M,6,XMQ,M6XMQ,Call Sign,Amateur Foundation Radio Licence,Available,N
M,6,XMR,M6XMR,Call Sign,Amateur Foundation Radio Licence,Available,N
M,6,XMS,M6XMS,Call Sign,Amateur Foundation Radio Licence,Available,N
M,6,XMU,M6XMU,Call Sign,Amateur Foundation Radio Licence,Available,N
M,6,XMV,M6XMV,Call Sign,Amateur Foundation Radio Licence,Available,N
M,6,XMY,M6XMY,Call Sign,Amateur Foundation Radio Licence,Available,N
M,6,XMZ,M6XMZ,Call Sign,Amateur Foundation Radio Licence,Available,N
M,6,XNA,M6XNA,Call Sign,Amateur Foundation Radio Licence,Available,N
M,6,XNB,M6XNB,Call Sign,Amateur Foundation Radio Licence,Available,N
M,6,XNC,M6XNC,Call Sign,Amateur Foundation Radio Licence,Available,N
M,6,XND,M6XND,Call Sign,Amateur Foundation Radio Licence,Available,N
M,6,XNE,M6XNE,Call Sign,Amateur Foundation Radio Licence,Available,N
M,6,XNF,M6XNF,Call Sign,Amateur Foundation Radio Licence,Available,N
M,6,XNG,M6XNG,Call Sign,Amateur Foundation Radio Licence,Available,N
M,6,XNH,M6XNH,Call Sign,Amateur Foundation Radio Licence,Available,N
M,6,XNI,M6XNI,Call Sign,Amateur Foundation Radio Licence,Available,N
M,6,XNJ,M6XNJ,Call Sign,Amateur Foundation Radio Licence,Available,N
M,6,XNK,M6XNK,Call Sign,Amateur Foundation Radio Licence,Available,N
M,6,XNL,M6XNL,Call Sign,Amateur Foundation Radio Licence,Available,N
M,6,XNM,M6XNM,Call Sign,Amateur Foundation Radio Licence,Available,N
M,6,XNN,M6XNN,Call Sign,Amateur Foundation Radio Licence,Available,N
M,6,XNP,M6XNP,Call Sign,Amateur Foundation Radio Licence,Available,N
M,6,XNQ,M6XNQ,Call Sign,Amateur Foundation Radio Licence,Available,N
M,6,XNR,M6XNR,Call Sign,Amateur Foundation Radio Licence,Available,N
M,6,XNS,M6XNS,Call Sign,Amateur Foundation Radio Licence,Available,N
M,6,XNT,M6XNT,Call Sign,Amateur Foundation Radio Licence,Available,N
M,6,XNV,M6XNV,Call Sign,Amateur Foundation Radio Licence,Available,N
M,6,XNW,M6XNW,Call Sign,Amateur Foundation Radio Licence,Available,N
M,6,XNX,M6XNX,Call Sign,Amateur Foundation Radio Licence,Available,N
M,6,XNY,M6XNY,Call Sign,Amateur Foundation Radio Licence,Available,N
M,6,XNZ,M6XNZ,Call Sign,Amateur Foundation Radio Licence,Available,N
M,6,XOA,M6XOA,Call Sign,Amateur Foundation Radio Licence,Available,N
M,6,XOB,M6XOB,Call Sign,Amateur Foundation Radio Licence,Available,N
M,6,XOE,M6XOE,Call Sign,Amateur Foundation Radio Licence,Available,N
M,6,XOG,M6XOG,Call Sign,Amateur Foundation Radio Licence,Available,N
M,6,XOH,M6XOH,Call Sign,Amateur Foundation Radio Licence,Available,N
M,6,XOI,M6XOI,Call Sign,Amateur Foundation Radio Licence,Available,N
M,6,XOJ,M6XOJ,Call Sign,Amateur Foundation Radio Licence,Available,N
M,6,XOK,M6XOK,Call Sign,Amateur Foundation Radio Licence,Available,N
M,6,XOL,M6XOL,Call Sign,Amateur Foundation Radio Licence,Available,N
M,6,XOM,M6XOM,Call Sign,Amateur Foundation Radio Licence,Available,N
M,6,XON,M6XON,Call Sign,Amateur Foundation Radio Licence,Available,N
M,6,XOO,M6XOO,Call Sign,Amateur Foundation Radio Licence,Available,N
M,6,XOQ,M6XOQ,Call Sign,Amateur Foundation Radio Licence,Available,N
M,6,XOT,M6XOT,Call Sign,Amateur Foundation Radio Licence,Available,N
M,6,XOU,M6XOU,Call Sign,Amateur Foundation Radio Licence,Available,N
M,6,XOV,M6XOV,Call Sign,Amateur Foundation Radio Licence,Available,N
M,6,XOW,M6XOW,Call Sign,Amateur Foundation Radio Licence,Available,N
M,6,XOY,M6XOY,Call Sign,Amateur Foundation Radio Licence,Available,N
M,6,XPC,M6XPC,Call Sign,Amateur Foundation Radio Licence,Available,N
M,6,XPD,M6XPD,Call Sign,Amateur Foundation Radio Licence,Available,N
M,6,XPE,M6XPE,Call Sign,Amateur Foundation Radio Licence,Available,N
M,6,XPF,M6XPF,Call Sign,Amateur Foundation Radio Licence,Available,N
M,6,XPH,M6XPH,Call Sign,Amateur Foundation Radio Licence,Available,N
M,6,XPI,M6XPI,Call Sign,Amateur Foundation Radio Licence,Available,N
M,6,XPJ,M6XPJ,Call Sign,Amateur Foundation Radio Licence,Available,N
M,6,XPK,M6XPK,Call Sign,Amateur Foundation Radio Licence,Available,N
M,6,XPL,M6XPL,Call Sign,Amateur Foundation Radio Licence,Available,N
M,6,XPO,M6XPO,Call Sign,Amateur Foundation Radio Licence,Available,N
M,6,XPP,M6XPP,Call Sign,Amateur Foundation Radio Licence,Available,N
M,6,XPQ,M6XPQ,Call Sign,Amateur Foundation Radio Licence,Available,N
M,6,XPR,M6XPR,Call Sign,Amateur Foundation Radio Licence,Available,N
M,6,XPS,M6XPS,Call Sign,Amateur Foundation Radio Licence,Available,N
M,6,XPU,M6XPU,Call Sign,Amateur Foundation Radio Licence,Available,N
M,6,XPV,M6XPV,Call Sign,Amateur Foundation Radio Licence,Available,N
M,6,XPW,M6XPW,Call Sign,Amateur Foundation Radio Licence,Available,N
M,6,XPX,M6XPX,Call Sign,Amateur Foundation Radio Licence,Available,N
M,6,XPY,M6XPY,Call Sign,Amateur Foundation Radio Licence,Available,N
M,6,XPZ,M6XPZ,Call Sign,Amateur Foundation Radio Licence,Available,N
M,6,XQA,M6XQA,Call Sign,Amateur Foundation Radio Licence,Available,N
M,6,XQB,M6XQB,Call Sign,Amateur Foundation Radio Licence,Available,N
M,6,XQC,M6XQC,Call Sign,Amateur Foundation Radio Licence,Available,N
M,6,XQD,M6XQD,Call Sign,Amateur Foundation Radio Licence,Available,N
M,6,XQE,M6XQE,Call Sign,Amateur Foundation Radio Licence,Available,N
M,6,XQF,M6XQF,Call Sign,Amateur Foundation Radio Licence,Available,N
M,6,XQG,M6XQG,Call Sign,Amateur Foundation Radio Licence,Available,N
M,6,XQH,M6XQH,Call Sign,Amateur Foundation Radio Licence,Available,N
M,6,XQI,M6XQI,Call Sign,Amateur Foundation Radio Licence,Available,N
M,6,XQJ,M6XQJ,Call Sign,Amateur Foundation Radio Licence,Available,N
M,6,XQK,M6XQK,Call Sign,Amateur Foundation Radio Licence,Available,N
M,6,XQL,M6XQL,Call Sign,Amateur Foundation Radio Licence,Available,N
M,6,XQM,M6XQM,Call Sign,Amateur Foundation Radio Licence,Available,N
M,6,XQN,M6XQN,Call Sign,Amateur Foundation Radio Licence,Available,N
M,6,XQO,M6XQO,Call Sign,Amateur Foundation Radio Licence,Available,N
M,6,XQP,M6XQP,Call Sign,Amateur Foundation Radio Licence,Available,N
M,6,XQQ,M6XQQ,Call Sign,Amateur Foundation Radio Licence,Available,N
M,6,XQR,M6XQR,Call Sign,Amateur Foundation Radio Licence,Available,N
M,6,XQS,M6XQS,Call Sign,Amateur Foundation Radio Licence,Available,N
M,6,XQT,M6XQT,Call Sign,Amateur Foundation Radio Licence,Available,N
M,6,XQU,M6XQU,Call Sign,Amateur Foundation Radio Licence,Available,N
M,6,XQV,M6XQV,Call Sign,Amateur Foundation Radio Licence,Available,N
M,6,XQW,M6XQW,Call Sign,Amateur Foundation Radio Licence,Available,N
M,6,XQY,M6XQY,Call Sign,Amateur Foundation Radio Licence,Available,N
M,6,XQZ,M6XQZ,Call Sign,Amateur Foundation Radio Licence,Available,N
M,6,XRD,M6XRD,Call Sign,Amateur Foundation Radio Licence,Available,N
M,6,XRJ,M6XRJ,Call Sign,Amateur Foundation Radio Licence,Available,N
M,6,XRK,M6XRK,Call Sign,Amateur Foundation Radio Licence,Available,N
M,6,XRL,M6XRL,Call Sign,Amateur Foundation Radio Licence,Available,N
M,6,XRM,M6XRM,Call Sign,Amateur Foundation Radio Licence,Available,N
M,6,XRP,M6XRP,Call Sign,Amateur Foundation Radio Licence,Available,N
M,6,XRQ,M6XRQ,Call Sign,Amateur Foundation Radio Licence,Available,N
M,6,XRR,M6XRR,Call Sign,Amateur Foundation Radio Licence,Available,N
M,6,XRU,M6XRU,Call Sign,Amateur Foundation Radio Licence,Available,N
M,6,XRV,M6XRV,Call Sign,Amateur Foundation Radio Licence,Available,N
M,6,XRW,M6XRW,Call Sign,Amateur Foundation Radio Licence,Available,N
M,6,XRX,M6XRX,Call Sign,Amateur Foundation Radio Licence,Available,N
M,6,XRY,M6XRY,Call Sign,Amateur Foundation Radio Licence,Available,N
M,6,XRZ,M6XRZ,Call Sign,Amateur Foundation Radio Licence,Available,N
M,6,XSA,M6XSA,Call Sign,Amateur Foundation Radio Licence,Available,N
M,6,XSE,M6XSE,Call Sign,Amateur Foundation Radio Licence,Available,N
M,6,XSH,M6XSH,Call Sign,Amateur Foundation Radio Licence,Available,N
M,6,XSK,M6XSK,Call Sign,Amateur Foundation Radio Licence,Available,N
M,6,XSL,M6XSL,Call Sign,Amateur Foundation Radio Licence,Available,N
M,6,XSM,M6XSM,Call Sign,Amateur Foundation Radio Licence,Available,N
M,6,XSN,M6XSN,Call Sign,Amateur Foundation Radio Licence,Available,N
M,6,XSO,M6XSO,Call Sign,Amateur Foundation Radio Licence,Available,N
M,6,XSQ,M6XSQ,Call Sign,Amateur Foundation Radio Licence,Available,N
M,6,XSR,M6XSR,Call Sign,Amateur Foundation Radio Licence,Available,N
M,6,XSU,M6XSU,Call Sign,Amateur Foundation Radio Licence,Available,N
M,6,XSV,M6XSV,Call Sign,Amateur Foundation Radio Licence,Available,N
M,6,XSX,M6XSX,Call Sign,Amateur Foundation Radio Licence,Available,N
M,6,XSY,M6XSY,Call Sign,Amateur Foundation Radio Licence,Available,N
M,6,XTE,M6XTE,Call Sign,Amateur Foundation Radio Licence,Available,N
M,6,XTG,M6XTG,Call Sign,Amateur Foundation Radio Licence,Available,N
M,6,XTH,M6XTH,Call Sign,Amateur Foundation Radio Licence,Available,N
M,6,XTI,M6XTI,Call Sign,Amateur Foundation Radio Licence,Available,N
M,6,XTJ,M6XTJ,Call Sign,Amateur Foundation Radio Licence,Available,N
M,6,XTN,M6XTN,Call Sign,Amateur Foundation Radio Licence,Available,N
M,6,XTO,M6XTO,Call Sign,Amateur Foundation Radio Licence,Available,N
M,6,XTQ,M6XTQ,Call Sign,Amateur Foundation Radio Licence,Available,N
M,6,XTT,M6XTT,Call Sign,Amateur Foundation Radio Licence,Available,N
M,6,XTU,M6XTU,Call Sign,Amateur Foundation Radio Licence,Available,N
M,6,XTV,M6XTV,Call Sign,Amateur Foundation Radio Licence,Available,N
M,6,XTW,M6XTW,Call Sign,Amateur Foundation Radio Licence,Available,N
M,6,XTX,M6XTX,Call Sign,Amateur Foundation Radio Licence,Available,N
M,6,XUA,M6XUA,Call Sign,Amateur Foundation Radio Licence,Available,N
M,6,XUB,M6XUB,Call Sign,Amateur Foundation Radio Licence,Available,N
M,6,XUC,M6XUC,Call Sign,Amateur Foundation Radio Licence,Available,N
M,6,XUE,M6XUE,Call Sign,Amateur Foundation Radio Licence,Available,N
M,6,XUF,M6XUF,Call Sign,Amateur Foundation Radio Licence,Available,N
M,6,XUG,M6XUG,Call Sign,Amateur Foundation Radio Licence,Available,N
M,6,XUH,M6XUH,Call Sign,Amateur Foundation Radio Licence,Available,N
M,6,XUI,M6XUI,Call Sign,Amateur Foundation Radio Licence,Available,N
M,6,XUJ,M6XUJ,Call Sign,Amateur Foundation Radio Licence,Available,N
M,6,XUL,M6XUL,Call Sign,Amateur Foundation Radio Licence,Available,N
M,6,XUM,M6XUM,Call Sign,Amateur Foundation Radio Licence,Available,N
M,6,XUN,M6XUN,Call Sign,Amateur Foundation Radio Licence,Available,N
M,6,XUO,M6XUO,Call Sign,Amateur Foundation Radio Licence,Available,N
M,6,XUQ,M6XUQ,Call Sign,Amateur Foundation Radio Licence,Available,N
M,6,XUR,M6XUR,Call Sign,Amateur Foundation Radio Licence,Available,N
M,6,XUS,M6XUS,Call Sign,Amateur Foundation Radio Licence,Available,N
M,6,XUT,M6XUT,Call Sign,Amateur Foundation Radio Licence,Available,N
M,6,XUU,M6XUU,Call Sign,Amateur Foundation Radio Licence,Available,N
M,6,XUV,M6XUV,Call Sign,Amateur Foundation Radio Licence,Available,N
M,6,XUW,M6XUW,Call Sign,Amateur Foundation Radio Licence,Available,N
M,6,XUX,M6XUX,Call Sign,Amateur Foundation Radio Licence,Available,N
M,6,XUY,M6XUY,Call Sign,Amateur Foundation Radio Licence,Available,N
M,6,XUZ,M6XUZ,Call Sign,Amateur Foundation Radio Licence,Available,N
M,6,XVA,M6XVA,Call Sign,Amateur Foundation Radio Licence,Available,N
M,6,XVB,M6XVB,Call Sign,Amateur Foundation Radio Licence,Available,N
M,6,XVD,M6XVD,Call Sign,Amateur Foundation Radio Licence,Available,N
M,6,XVF,M6XVF,Call Sign,Amateur Foundation Radio Licence,Available,N
M,6,XVG,M6XVG,Call Sign,Amateur Foundation Radio Licence,Available,N
M,6,XVH,M6XVH,Call Sign,Amateur Foundation Radio Licence,Available,N
M,6,XVI,M6XVI,Call Sign,Amateur Foundation Radio Licence,Available,N
M,6,XVJ,M6XVJ,Call Sign,Amateur Foundation Radio Licence,Available,N
M,6,XVK,M6XVK,Call Sign,Amateur Foundation Radio Licence,Available,N
M,6,XVL,M6XVL,Call Sign,Amateur Foundation Radio Licence,Available,N
M,6,XVM,M6XVM,Call Sign,Amateur Foundation Radio Licence,Available,N
M,6,XVN,M6XVN,Call Sign,Amateur Foundation Radio Licence,Available,N
M,6,XVO,M6XVO,Call Sign,Amateur Foundation Radio Licence,Available,N
M,6,XVP,M6XVP,Call Sign,Amateur Foundation Radio Licence,Available,N
M,6,XVQ,M6XVQ,Call Sign,Amateur Foundation Radio Licence,Available,N
M,6,XVR,M6XVR,Call Sign,Amateur Foundation Radio Licence,Available,N
M,6,XVS,M6XVS,Call Sign,Amateur Foundation Radio Licence,Available,N
M,6,XVU,M6XVU,Call Sign,Amateur Foundation Radio Licence,Available,N
M,6,XVV,M6XVV,Call Sign,Amateur Foundation Radio Licence,Available,N
M,6,XVW,M6XVW,Call Sign,Amateur Foundation Radio Licence,Available,N
M,6,XVX,M6XVX,Call Sign,Amateur Foundation Radio Licence,Available,N
M,6,XVY,M6XVY,Call Sign,Amateur Foundation Radio Licence,Available,N
M,6,XWA,M6XWA,Call Sign,Amateur Foundation Radio Licence,Available,N
M,6,XWB,M6XWB,Call Sign,Amateur Foundation Radio Licence,Available,N
M,6,XWC,M6XWC,Call Sign,Amateur Foundation Radio Licence,Available,N
M,6,XWE,M6XWE,Call Sign,Amateur Foundation Radio Licence,Available,N
M,6,XWF,M6XWF,Call Sign,Amateur Foundation Radio Licence,Available,N
M,6,XWH,M6XWH,Call Sign,Amateur Foundation Radio Licence,Available,N
M,6,XWI,M6XWI,Call Sign,Amateur Foundation Radio Licence,Available,N
M,6,XWJ,M6XWJ,Call Sign,Amateur Foundation Radio Licence,Available,N
M,6,XWK,M6XWK,Call Sign,Amateur Foundation Radio Licence,Available,N
M,6,XWL,M6XWL,Call Sign,Amateur Foundation Radio Licence,Available,N
M,6,XWM,M6XWM,Call Sign,Amateur Foundation Radio Licence,Available,N
M,6,XWN,M6XWN,Call Sign,Amateur Foundation Radio Licence,Available,N
M,6,XWO,M6XWO,Call Sign,Amateur Foundation Radio Licence,Available,N
M,6,XWP,M6XWP,Call Sign,Amateur Foundation Radio Licence,Available,N
M,6,XWQ,M6XWQ,Call Sign,Amateur Foundation Radio Licence,Available,N
M,6,XWR,M6XWR,Call Sign,Amateur Foundation Radio Licence,Available,N
M,6,XWS,M6XWS,Call Sign,Amateur Foundation Radio Licence,Available,N
M,6,XWU,M6XWU,Call Sign,Amateur Foundation Radio Licence,Available,N
M,6,XWV,M6XWV,Call Sign,Amateur Foundation Radio Licence,Available,N
M,6,XWW,M6XWW,Call Sign,Amateur Foundation Radio Licence,Available,N
M,6,XWX,M6XWX,Call Sign,Amateur Foundation Radio Licence,Available,N
M,6,XWY,M6XWY,Call Sign,Amateur Foundation Radio Licence,Available,N
M,6,XXA,M6XXA,Call Sign,Amateur Foundation Radio Licence,Available,N
M,6,XXB,M6XXB,Call Sign,Amateur Foundation Radio Licence,Available,N
M,6,XXC,M6XXC,Call Sign,Amateur Foundation Radio Licence,Available,N
M,6,XXE,M6XXE,Call Sign,Amateur Foundation Radio Licence,Available,N
M,6,XXF,M6XXF,Call Sign,Amateur Foundation Radio Licence,Available,N
M,6,XXG,M6XXG,Call Sign,Amateur Foundation Radio Licence,Available,N
M,6,XXH,M6XXH,Call Sign,Amateur Foundation Radio Licence,Available,N
M,6,XXJ,M6XXJ,Call Sign,Amateur Foundation Radio Licence,Available,N
M,6,XXK,M6XXK,Call Sign,Amateur Foundation Radio Licence,Available,N
M,6,XXN,M6XXN,Call Sign,Amateur Foundation Radio Licence,Available,N
M,6,XXO,M6XXO,Call Sign,Amateur Foundation Radio Licence,Available,N
M,6,XXP,M6XXP,Call Sign,Amateur Foundation Radio Licence,Available,N
M,6,XXQ,M6XXQ,Call Sign,Amateur Foundation Radio Licence,Available,N
M,6,XXR,M6XXR,Call Sign,Amateur Foundation Radio Licence,Available,N
M,6,XXS,M6XXS,Call Sign,Amateur Foundation Radio Licence,Available,N
M,6,XXU,M6XXU,Call Sign,Amateur Foundation Radio Licence,Available,N
M,6,XXW,M6XXW,Call Sign,Amateur Foundation Radio Licence,Available,N
M,6,XXY,M6XXY,Call Sign,Amateur Foundation Radio Licence,Available,N
M,6,XXZ,M6XXZ,Call Sign,Amateur Foundation Radio Licence,Available,N
M,6,XYA,M6XYA,Call Sign,Amateur Foundation Radio Licence,Available,N
M,6,XYB,M6XYB,Call Sign,Amateur Foundation Radio Licence,Available,N
M,6,XYC,M6XYC,Call Sign,Amateur Foundation Radio Licence,Available,N
M,6,XYD,M6XYD,Call Sign,Amateur Foundation Radio Licence,Available,N
M,6,XYE,M6XYE,Call Sign,Amateur Foundation Radio Licence,Available,N
M,6,XYF,M6XYF,Call Sign,Amateur Foundation Radio Licence,Available,N
M,6,XYG,M6XYG,Call Sign,Amateur Foundation Radio Licence,Available,N
M,6,XYI,M6XYI,Call Sign,Amateur Foundation Radio Licence,Available,N
M,6,XYJ,M6XYJ,Call Sign,Amateur Foundation Radio Licence,Available,N
M,6,XYK,M6XYK,Call Sign,Amateur Foundation Radio Licence,Available,N
M,6,XYN,M6XYN,Call Sign,Amateur Foundation Radio Licence,Available,N
M,6,XYO,M6XYO,Call Sign,Amateur Foundation Radio Licence,Available,N
M,6,XYP,M6XYP,Call Sign,Amateur Foundation Radio Licence,Available,N
M,6,XYQ,M6XYQ,Call Sign,Amateur Foundation Radio Licence,Available,N
M,6,XYR,M6XYR,Call Sign,Amateur Foundation Radio Licence,Available,N
M,6,XYS,M6XYS,Call Sign,Amateur Foundation Radio Licence,Available,N
M,6,XYT,M6XYT,Call Sign,Amateur Foundation Radio Licence,Available,N
M,6,XYU,M6XYU,Call Sign,Amateur Foundation Radio Licence,Available,N
M,6,XYV,M6XYV,Call Sign,Amateur Foundation Radio Licence,Available,N
M,6,XYW,M6XYW,Call Sign,Amateur Foundation Radio Licence,Available,N
M,6,XZA,M6XZA,Call Sign,Amateur Foundation Radio Licence,Available,N
M,6,XZB,M6XZB,Call Sign,Amateur Foundation Radio Licence,Available,N
M,6,XZC,M6XZC,Call Sign,Amateur Foundation Radio Licence,Available,N
M,6,XZD,M6XZD,Call Sign,Amateur Foundation Radio Licence,Available,N
M,6,XZE,M6XZE,Call Sign,Amateur Foundation Radio Licence,Available,N
M,6,XZF,M6XZF,Call Sign,Amateur Foundation Radio Licence,Available,N
M,6,XZG,M6XZG,Call Sign,Amateur Foundation Radio Licence,Available,N
M,6,XZH,M6XZH,Call Sign,Amateur Foundation Radio Licence,Available,N
M,6,XZI,M6XZI,Call Sign,Amateur Foundation Radio Licence,Available,N
M,6,XZJ,M6XZJ,Call Sign,Amateur Foundation Radio Licence,Available,N
M,6,XZK,M6XZK,Call Sign,Amateur Foundation Radio Licence,Available,N
M,6,XZL,M6XZL,Call Sign,Amateur Foundation Radio Licence,Available,N
M,6,XZM,M6XZM,Call Sign,Amateur Foundation Radio Licence,Available,N
M,6,XZN,M6XZN,Call Sign,Amateur Foundation Radio Licence,Available,N
M,6,XZO,M6XZO,Call Sign,Amateur Foundation Radio Licence,Available,N
M,6,XZP,M6XZP,Call Sign,Amateur Foundation Radio Licence,Available,N
M,6,XZQ,M6XZQ,Call Sign,Amateur Foundation Radio Licence,Available,N
M,6,XZR,M6XZR,Call Sign,Amateur Foundation Radio Licence,Available,N
M,6,XZS,M6XZS,Call Sign,Amateur Foundation Radio Licence,Available,N
M,6,XZT,M6XZT,Call Sign,Amateur Foundation Radio Licence,Available,N
M,6,XZU,M6XZU,Call Sign,Amateur Foundation Radio Licence,Available,N
M,6,XZV,M6XZV,Call Sign,Amateur Foundation Radio Licence,Available,N
M,6,XZW,M6XZW,Call Sign,Amateur Foundation Radio Licence,Available,N
M,6,XZZ,M6XZZ,Call Sign,Amateur Foundation Radio Licence,Available,N
M,6,YAQ,M6YAQ,Call Sign,Amateur Foundation Radio Licence,Available,N
M,6,YAS,M6YAS,Call Sign,Amateur Foundation Radio Licence,Available,N
M,6,YAU,M6YAU,Call Sign,Amateur Foundation Radio Licence,Available,N
M,6,YAV,M6YAV,Call Sign,Amateur Foundation Radio Licence,Available,N
M,6,YAW,M6YAW,Call Sign,Amateur Foundation Radio Licence,Available,N
M,6,YAX,M6YAX,Call Sign,Amateur Foundation Radio Licence,Available,N
M,6,YBA,M6YBA,Call Sign,Amateur Foundation Radio Licence,Available,N
M,6,YBB,M6YBB,Call Sign,Amateur Foundation Radio Licence,Available,N
M,6,YBC,M6YBC,Call Sign,Amateur Foundation Radio Licence,Available,N
M,6,YBD,M6YBD,Call Sign,Amateur Foundation Radio Licence,Available,N
M,6,YBE,M6YBE,Call Sign,Amateur Foundation Radio Licence,Available,N
M,6,YBG,M6YBG,Call Sign,Amateur Foundation Radio Licence,Available,N
M,6,YBH,M6YBH,Call Sign,Amateur Foundation Radio Licence,Available,N
M,6,YBI,M6YBI,Call Sign,Amateur Foundation Radio Licence,Available,N
M,6,YBJ,M6YBJ,Call Sign,Amateur Foundation Radio Licence,Available,N
M,6,YBK,M6YBK,Call Sign,Amateur Foundation Radio Licence,Available,N
M,6,YBL,M6YBL,Call Sign,Amateur Foundation Radio Licence,Available,N
M,6,YBM,M6YBM,Call Sign,Amateur Foundation Radio Licence,Available,N
M,6,YBN,M6YBN,Call Sign,Amateur Foundation Radio Licence,Available,N
M,6,YBO,M6YBO,Call Sign,Amateur Foundation Radio Licence,Available,N
M,6,YBP,M6YBP,Call Sign,Amateur Foundation Radio Licence,Available,N
M,6,YBQ,M6YBQ,Call Sign,Amateur Foundation Radio Licence,Available,N
M,6,YBR,M6YBR,Call Sign,Amateur Foundation Radio Licence,Available,N
M,6,YBS,M6YBS,Call Sign,Amateur Foundation Radio Licence,Available,N
M,6,YBT,M6YBT,Call Sign,Amateur Foundation Radio Licence,Available,N
M,6,YBU,M6YBU,Call Sign,Amateur Foundation Radio Licence,Available,N
M,6,YBW,M6YBW,Call Sign,Amateur Foundation Radio Licence,Available,N
M,6,YBX,M6YBX,Call Sign,Amateur Foundation Radio Licence,Available,N
M,6,YBY,M6YBY,Call Sign,Amateur Foundation Radio Licence,Available,N
M,6,YCB,M6YCB,Call Sign,Amateur Foundation Radio Licence,Available,N
M,6,YCC,M6YCC,Call Sign,Amateur Foundation Radio Licence,Available,N
M,6,YCD,M6YCD,Call Sign,Amateur Foundation Radio Licence,Available,N
M,6,YCE,M6YCE,Call Sign,Amateur Foundation Radio Licence,Available,N
M,6,YCF,M6YCF,Call Sign,Amateur Foundation Radio Licence,Available,N
M,6,YCG,M6YCG,Call Sign,Amateur Foundation Radio Licence,Available,N
M,6,YCH,M6YCH,Call Sign,Amateur Foundation Radio Licence,Available,N
M,6,YCI,M6YCI,Call Sign,Amateur Foundation Radio Licence,Available,N
M,6,YCK,M6YCK,Call Sign,Amateur Foundation Radio Licence,Available,N
M,6,YCL,M6YCL,Call Sign,Amateur Foundation Radio Licence,Available,N
M,6,YCM,M6YCM,Call Sign,Amateur Foundation Radio Licence,Available,N
M,6,YCO,M6YCO,Call Sign,Amateur Foundation Radio Licence,Available,N
M,6,YCP,M6YCP,Call Sign,Amateur Foundation Radio Licence,Available,N
M,6,YCS,M6YCS,Call Sign,Amateur Foundation Radio Licence,Available,N
M,6,YCU,M6YCU,Call Sign,Amateur Foundation Radio Licence,Available,N
M,6,YCV,M6YCV,Call Sign,Amateur Foundation Radio Licence,Available,N
M,6,YCW,M6YCW,Call Sign,Amateur Foundation Radio Licence,Available,N
M,6,YCX,M6YCX,Call Sign,Amateur Foundation Radio Licence,Available,N
M,6,YCY,M6YCY,Call Sign,Amateur Foundation Radio Licence,Available,N
M,6,YCZ,M6YCZ,Call Sign,Amateur Foundation Radio Licence,Available,N
M,6,YDE,M6YDE,Call Sign,Amateur Foundation Radio Licence,Available,N
M,6,YDF,M6YDF,Call Sign,Amateur Foundation Radio Licence,Available,N
M,6,YDH,M6YDH,Call Sign,Amateur Foundation Radio Licence,Available,N
M,6,YDI,M6YDI,Call Sign,Amateur Foundation Radio Licence,Available,N
M,6,YDJ,M6YDJ,Call Sign,Amateur Foundation Radio Licence,Available,N
M,6,YDK,M6YDK,Call Sign,Amateur Foundation Radio Licence,Available,N
M,6,YDL,M6YDL,Call Sign,Amateur Foundation Radio Licence,Available,N
M,6,YDM,M6YDM,Call Sign,Amateur Foundation Radio Licence,Available,N
M,6,YDN,M6YDN,Call Sign,Amateur Foundation Radio Licence,Available,N
M,6,YDO,M6YDO,Call Sign,Amateur Foundation Radio Licence,Available,N
M,6,YDQ,M6YDQ,Call Sign,Amateur Foundation Radio Licence,Available,N
M,6,YDU,M6YDU,Call Sign,Amateur Foundation Radio Licence,Available,N
M,6,YDY,M6YDY,Call Sign,Amateur Foundation Radio Licence,Available,N
M,6,YDZ,M6YDZ,Call Sign,Amateur Foundation Radio Licence,Available,N
M,6,YED,M6YED,Call Sign,Amateur Foundation Radio Licence,Available,N
M,6,YEE,M6YEE,Call Sign,Amateur Foundation Radio Licence,Available,N
M,6,YEF,M6YEF,Call Sign,Amateur Foundation Radio Licence,Available,N
M,6,YEI,M6YEI,Call Sign,Amateur Foundation Radio Licence,Available,N
M,6,YEJ,M6YEJ,Call Sign,Amateur Foundation Radio Licence,Available,N
M,6,YEK,M6YEK,Call Sign,Amateur Foundation Radio Licence,Available,N
M,6,YEN,M6YEN,Call Sign,Amateur Foundation Radio Licence,Available,N
M,6,YEQ,M6YEQ,Call Sign,Amateur Foundation Radio Licence,Available,N
M,6,YEU,M6YEU,Call Sign,Amateur Foundation Radio Licence,Available,N
M,6,YEV,M6YEV,Call Sign,Amateur Foundation Radio Licence,Available,N
M,6,YEX,M6YEX,Call Sign,Amateur Foundation Radio Licence,Available,N
M,6,YFA,M6YFA,Call Sign,Amateur Foundation Radio Licence,Available,N
M,6,YFB,M6YFB,Call Sign,Amateur Foundation Radio Licence,Available,N
M,6,YFC,M6YFC,Call Sign,Amateur Foundation Radio Licence,Available,N
M,6,YFD,M6YFD,Call Sign,Amateur Foundation Radio Licence,Available,N
M,6,YFE,M6YFE,Call Sign,Amateur Foundation Radio Licence,Available,N
M,6,YFF,M6YFF,Call Sign,Amateur Foundation Radio Licence,Available,N
M,6,YFG,M6YFG,Call Sign,Amateur Foundation Radio Licence,Available,N
M,6,YFH,M6YFH,Call Sign,Amateur Foundation Radio Licence,Available,N
M,6,YFI,M6YFI,Call Sign,Amateur Foundation Radio Licence,Available,N
M,6,YFJ,M6YFJ,Call Sign,Amateur Foundation Radio Licence,Available,N
M,6,YFK,M6YFK,Call Sign,Amateur Foundation Radio Licence,Available,N
M,6,YFL,M6YFL,Call Sign,Amateur Foundation Radio Licence,Available,N
M,6,YFM,M6YFM,Call Sign,Amateur Foundation Radio Licence,Available,N
M,6,YFN,M6YFN,Call Sign,Amateur Foundation Radio Licence,Available,N
M,6,YFO,M6YFO,Call Sign,Amateur Foundation Radio Licence,Available,N
M,6,YFP,M6YFP,Call Sign,Amateur Foundation Radio Licence,Available,N
M,6,YFQ,M6YFQ,Call Sign,Amateur Foundation Radio Licence,Available,N
M,6,YFR,M6YFR,Call Sign,Amateur Foundation Radio Licence,Available,N
M,6,YFS,M6YFS,Call Sign,Amateur Foundation Radio Licence,Available,N
M,6,YFU,M6YFU,Call Sign,Amateur Foundation Radio Licence,Available,N
M,6,YFV,M6YFV,Call Sign,Amateur Foundation Radio Licence,Available,N
M,6,YFW,M6YFW,Call Sign,Amateur Foundation Radio Licence,Available,N
M,6,YFY,M6YFY,Call Sign,Amateur Foundation Radio Licence,Available,N
M,6,YFZ,M6YFZ,Call Sign,Amateur Foundation Radio Licence,Available,N
M,6,YGA,M6YGA,Call Sign,Amateur Foundation Radio Licence,Available,N
M,6,YGD,M6YGD,Call Sign,Amateur Foundation Radio Licence,Available,N
M,6,YGE,M6YGE,Call Sign,Amateur Foundation Radio Licence,Available,N
M,6,YGF,M6YGF,Call Sign,Amateur Foundation Radio Licence,Available,N
M,6,YGG,M6YGG,Call Sign,Amateur Foundation Radio Licence,Available,N
M,6,YGH,M6YGH,Call Sign,Amateur Foundation Radio Licence,Available,N
M,6,YGJ,M6YGJ,Call Sign,Amateur Foundation Radio Licence,Available,N
M,6,YGK,M6YGK,Call Sign,Amateur Foundation Radio Licence,Available,N
M,6,YGL,M6YGL,Call Sign,Amateur Foundation Radio Licence,Available,N
M,6,YGM,M6YGM,Call Sign,Amateur Foundation Radio Licence,Available,N
M,6,YGN,M6YGN,Call Sign,Amateur Foundation Radio Licence,Available,N
M,6,YGO,M6YGO,Call Sign,Amateur Foundation Radio Licence,Available,N
M,6,YGP,M6YGP,Call Sign,Amateur Foundation Radio Licence,Available,N
M,6,YGQ,M6YGQ,Call Sign,Amateur Foundation Radio Licence,Available,N
M,6,YGR,M6YGR,Call Sign,Amateur Foundation Radio Licence,Available,N
M,6,YGS,M6YGS,Call Sign,Amateur Foundation Radio Licence,Available,N
M,6,YGT,M6YGT,Call Sign,Amateur Foundation Radio Licence,Available,N
M,6,YGU,M6YGU,Call Sign,Amateur Foundation Radio Licence,Available,N
M,6,YGV,M6YGV,Call Sign,Amateur Foundation Radio Licence,Available,N
M,6,YGW,M6YGW,Call Sign,Amateur Foundation Radio Licence,Available,N
M,6,YGX,M6YGX,Call Sign,Amateur Foundation Radio Licence,Available,N
M,6,YGY,M6YGY,Call Sign,Amateur Foundation Radio Licence,Available,N
M,6,YGZ,M6YGZ,Call Sign,Amateur Foundation Radio Licence,Available,N
M,6,YHA,M6YHA,Call Sign,Amateur Foundation Radio Licence,Available,N
M,6,YHB,M6YHB,Call Sign,Amateur Foundation Radio Licence,Available,N
M,6,YHC,M6YHC,Call Sign,Amateur Foundation Radio Licence,Available,N
M,6,YHD,M6YHD,Call Sign,Amateur Foundation Radio Licence,Available,N
M,6,YHE,M6YHE,Call Sign,Amateur Foundation Radio Licence,Available,N
M,6,YHG,M6YHG,Call Sign,Amateur Foundation Radio Licence,Available,N
M,6,YHH,M6YHH,Call Sign,Amateur Foundation Radio Licence,Available,N
M,6,YHI,M6YHI,Call Sign,Amateur Foundation Radio Licence,Available,N
M,6,YHJ,M6YHJ,Call Sign,Amateur Foundation Radio Licence,Available,N
M,6,YHK,M6YHK,Call Sign,Amateur Foundation Radio Licence,Available,N
M,6,YHL,M6YHL,Call Sign,Amateur Foundation Radio Licence,Available,N
M,6,YHM,M6YHM,Call Sign,Amateur Foundation Radio Licence,Available,N
M,6,YHN,M6YHN,Call Sign,Amateur Foundation Radio Licence,Available,N
M,6,YHP,M6YHP,Call Sign,Amateur Foundation Radio Licence,Available,N
M,6,YHQ,M6YHQ,Call Sign,Amateur Foundation Radio Licence,Available,N
M,6,YHT,M6YHT,Call Sign,Amateur Foundation Radio Licence,Available,N
M,6,YHU,M6YHU,Call Sign,Amateur Foundation Radio Licence,Available,N
M,6,YHW,M6YHW,Call Sign,Amateur Foundation Radio Licence,Available,N
M,6,YHX,M6YHX,Call Sign,Amateur Foundation Radio Licence,Available,N
M,6,YHY,M6YHY,Call Sign,Amateur Foundation Radio Licence,Available,N
M,6,YHZ,M6YHZ,Call Sign,Amateur Foundation Radio Licence,Available,N
M,6,YIA,M6YIA,Call Sign,Amateur Foundation Radio Licence,Available,N
M,6,YIB,M6YIB,Call Sign,Amateur Foundation Radio Licence,Available,N
M,6,YIC,M6YIC,Call Sign,Amateur Foundation Radio Licence,Available,N
M,6,YIE,M6YIE,Call Sign,Amateur Foundation Radio Licence,Available,N
M,6,YIF,M6YIF,Call Sign,Amateur Foundation Radio Licence,Available,N
M,6,YIG,M6YIG,Call Sign,Amateur Foundation Radio Licence,Available,N
M,6,YIH,M6YIH,Call Sign,Amateur Foundation Radio Licence,Available,N
M,6,YII,M6YII,Call Sign,Amateur Foundation Radio Licence,Available,N
M,6,YIJ,M6YIJ,Call Sign,Amateur Foundation Radio Licence,Available,N
M,6,YIK,M6YIK,Call Sign,Amateur Foundation Radio Licence,Available,N
M,6,YIL,M6YIL,Call Sign,Amateur Foundation Radio Licence,Available,N
M,6,YIM,M6YIM,Call Sign,Amateur Foundation Radio Licence,Available,N
M,6,YIO,M6YIO,Call Sign,Amateur Foundation Radio Licence,Available,N
M,6,YIP,M6YIP,Call Sign,Amateur Foundation Radio Licence,Available,N
M,6,YIQ,M6YIQ,Call Sign,Amateur Foundation Radio Licence,Available,N
M,6,YIR,M6YIR,Call Sign,Amateur Foundation Radio Licence,Available,N
M,6,YIS,M6YIS,Call Sign,Amateur Foundation Radio Licence,Available,N
M,6,YIT,M6YIT,Call Sign,Amateur Foundation Radio Licence,Available,N
M,6,YIU,M6YIU,Call Sign,Amateur Foundation Radio Licence,Available,N
M,6,YIV,M6YIV,Call Sign,Amateur Foundation Radio Licence,Available,N
M,6,YIW,M6YIW,Call Sign,Amateur Foundation Radio Licence,Available,N
M,6,YIX,M6YIX,Call Sign,Amateur Foundation Radio Licence,Available,N
M,6,YIY,M6YIY,Call Sign,Amateur Foundation Radio Licence,Available,N
M,6,YIZ,M6YIZ,Call Sign,Amateur Foundation Radio Licence,Available,N
M,6,YJA,M6YJA,Call Sign,Amateur Foundation Radio Licence,Available,N
M,6,YJB,M6YJB,Call Sign,Amateur Foundation Radio Licence,Available,N
M,6,YJC,M6YJC,Call Sign,Amateur Foundation Radio Licence,Available,N
M,6,YJF,M6YJF,Call Sign,Amateur Foundation Radio Licence,Available,N
M,6,YJG,M6YJG,Call Sign,Amateur Foundation Radio Licence,Available,N
M,6,YJH,M6YJH,Call Sign,Amateur Foundation Radio Licence,Available,N
M,6,YJI,M6YJI,Call Sign,Amateur Foundation Radio Licence,Available,N
M,6,YJJ,M6YJJ,Call Sign,Amateur Foundation Radio Licence,Available,N
M,6,YJL,M6YJL,Call Sign,Amateur Foundation Radio Licence,Available,N
M,6,YJM,M6YJM,Call Sign,Amateur Foundation Radio Licence,Available,N
M,6,YJN,M6YJN,Call Sign,Amateur Foundation Radio Licence,Available,N
M,6,YJO,M6YJO,Call Sign,Amateur Foundation Radio Licence,Available,N
M,6,YJQ,M6YJQ,Call Sign,Amateur Foundation Radio Licence,Available,N
M,6,YJR,M6YJR,Call Sign,Amateur Foundation Radio Licence,Available,N
M,6,YJS,M6YJS,Call Sign,Amateur Foundation Radio Licence,Available,N
M,6,YJT,M6YJT,Call Sign,Amateur Foundation Radio Licence,Available,N
M,6,YJU,M6YJU,Call Sign,Amateur Foundation Radio Licence,Available,N
M,6,YJV,M6YJV,Call Sign,Amateur Foundation Radio Licence,Available,N
M,6,YJW,M6YJW,Call Sign,Amateur Foundation Radio Licence,Available,N
M,6,YJX,M6YJX,Call Sign,Amateur Foundation Radio Licence,Available,N
M,6,YJY,M6YJY,Call Sign,Amateur Foundation Radio Licence,Available,N
M,6,YJZ,M6YJZ,Call Sign,Amateur Foundation Radio Licence,Available,N
M,6,YKA,M6YKA,Call Sign,Amateur Foundation Radio Licence,Available,N
M,6,YKB,M6YKB,Call Sign,Amateur Foundation Radio Licence,Available,N
M,6,YKC,M6YKC,Call Sign,Amateur Foundation Radio Licence,Available,N
M,6,YKD,M6YKD,Call Sign,Amateur Foundation Radio Licence,Available,N
M,6,YKE,M6YKE,Call Sign,Amateur Foundation Radio Licence,Available,N
M,6,YKF,M6YKF,Call Sign,Amateur Foundation Radio Licence,Available,N
M,6,YKG,M6YKG,Call Sign,Amateur Foundation Radio Licence,Available,N
M,6,YKH,M6YKH,Call Sign,Amateur Foundation Radio Licence,Available,N
M,6,YKJ,M6YKJ,Call Sign,Amateur Foundation Radio Licence,Available,N
M,6,YKL,M6YKL,Call Sign,Amateur Foundation Radio Licence,Available,N
M,6,YKM,M6YKM,Call Sign,Amateur Foundation Radio Licence,Available,N
M,6,YKN,M6YKN,Call Sign,Amateur Foundation Radio Licence,Available,N
M,6,YKO,M6YKO,Call Sign,Amateur Foundation Radio Licence,Available,N
M,6,YKQ,M6YKQ,Call Sign,Amateur Foundation Radio Licence,Available,N
M,6,YKR,M6YKR,Call Sign,Amateur Foundation Radio Licence,Available,N
M,6,YKT,M6YKT,Call Sign,Amateur Foundation Radio Licence,Available,N
M,6,YKU,M6YKU,Call Sign,Amateur Foundation Radio Licence,Available,N
M,6,YKW,M6YKW,Call Sign,Amateur Foundation Radio Licence,Available,N
M,6,YKX,M6YKX,Call Sign,Amateur Foundation Radio Licence,Available,N
M,6,YKY,M6YKY,Call Sign,Amateur Foundation Radio Licence,Available,N
M,6,YKZ,M6YKZ,Call Sign,Amateur Foundation Radio Licence,Available,N
M,6,YLD,M6YLD,Call Sign,Amateur Foundation Radio Licence,Available,N
M,6,YLF,M6YLF,Call Sign,Amateur Foundation Radio Licence,Available,N
M,6,YLK,M6YLK,Call Sign,Amateur Foundation Radio Licence,Available,N
M,6,YLL,M6YLL,Call Sign,Amateur Foundation Radio Licence,Available,N
M,6,YLM,M6YLM,Call Sign,Amateur Foundation Radio Licence,Available,N
M,6,YLN,M6YLN,Call Sign,Amateur Foundation Radio Licence,Available,N
M,6,YLO,M6YLO,Call Sign,Amateur Foundation Radio Licence,Available,N
M,6,YLQ,M6YLQ,Call Sign,Amateur Foundation Radio Licence,Available,N
M,6,YLU,M6YLU,Call Sign,Amateur Foundation Radio Licence,Available,N
M,6,YLV,M6YLV,Call Sign,Amateur Foundation Radio Licence,Available,N
M,6,YLW,M6YLW,Call Sign,Amateur Foundation Radio Licence,Available,N
M,6,YLX,M6YLX,Call Sign,Amateur Foundation Radio Licence,Available,N
M,6,YLY,M6YLY,Call Sign,Amateur Foundation Radio Licence,Available,N
M,6,YLZ,M6YLZ,Call Sign,Amateur Foundation Radio Licence,Available,N
M,6,YMB,M6YMB,Call Sign,Amateur Foundation Radio Licence,Available,N
M,6,YMF,M6YMF,Call Sign,Amateur Foundation Radio Licence,Available,N
M,6,YMG,M6YMG,Call Sign,Amateur Foundation Radio Licence,Available,N
M,6,YMH,M6YMH,Call Sign,Amateur Foundation Radio Licence,Available,N
M,6,YMI,M6YMI,Call Sign,Amateur Foundation Radio Licence,Available,N
M,6,YMK,M6YMK,Call Sign,Amateur Foundation Radio Licence,Available,N
M,6,YML,M6YML,Call Sign,Amateur Foundation Radio Licence,Available,N
M,6,YMM,M6YMM,Call Sign,Amateur Foundation Radio Licence,Available,N
M,6,YMO,M6YMO,Call Sign,Amateur Foundation Radio Licence,Available,N
M,6,YMP,M6YMP,Call Sign,Amateur Foundation Radio Licence,Available,N
M,6,YMQ,M6YMQ,Call Sign,Amateur Foundation Radio Licence,Available,N
M,6,YMS,M6YMS,Call Sign,Amateur Foundation Radio Licence,Available,N
M,6,YMT,M6YMT,Call Sign,Amateur Foundation Radio Licence,Available,N
M,6,YMU,M6YMU,Call Sign,Amateur Foundation Radio Licence,Available,N
M,6,YMV,M6YMV,Call Sign,Amateur Foundation Radio Licence,Available,N
M,6,YMW,M6YMW,Call Sign,Amateur Foundation Radio Licence,Available,N
M,6,YMX,M6YMX,Call Sign,Amateur Foundation Radio Licence,Available,N
M,6,YMZ,M6YMZ,Call Sign,Amateur Foundation Radio Licence,Available,N
M,6,YNA,M6YNA,Call Sign,Amateur Foundation Radio Licence,Available,N
M,6,YNB,M6YNB,Call Sign,Amateur Foundation Radio Licence,Available,N
M,6,YNC,M6YNC,Call Sign,Amateur Foundation Radio Licence,Available,N
M,6,YND,M6YND,Call Sign,Amateur Foundation Radio Licence,Available,N
M,6,YNF,M6YNF,Call Sign,Amateur Foundation Radio Licence,Available,N
M,6,YNH,M6YNH,Call Sign,Amateur Foundation Radio Licence,Available,N
M,6,YNI,M6YNI,Call Sign,Amateur Foundation Radio Licence,Available,N
M,6,YNJ,M6YNJ,Call Sign,Amateur Foundation Radio Licence,Available,N
M,6,YNL,M6YNL,Call Sign,Amateur Foundation Radio Licence,Available,N
M,6,YNM,M6YNM,Call Sign,Amateur Foundation Radio Licence,Available,N
M,6,YNO,M6YNO,Call Sign,Amateur Foundation Radio Licence,Available,N
M,6,YNP,M6YNP,Call Sign,Amateur Foundation Radio Licence,Available,N
M,6,YNQ,M6YNQ,Call Sign,Amateur Foundation Radio Licence,Available,N
M,6,YNR,M6YNR,Call Sign,Amateur Foundation Radio Licence,Available,N
M,6,YNS,M6YNS,Call Sign,Amateur Foundation Radio Licence,Available,N
M,6,YNU,M6YNU,Call Sign,Amateur Foundation Radio Licence,Available,N
M,6,YNV,M6YNV,Call Sign,Amateur Foundation Radio Licence,Available,N
M,6,YNW,M6YNW,Call Sign,Amateur Foundation Radio Licence,Available,N
M,6,YNX,M6YNX,Call Sign,Amateur Foundation Radio Licence,Available,N
M,6,YNZ,M6YNZ,Call Sign,Amateur Foundation Radio Licence,Available,N
M,6,YOA,M6YOA,Call Sign,Amateur Foundation Radio Licence,Available,N
M,6,YOC,M6YOC,Call Sign,Amateur Foundation Radio Licence,Available,N
M,6,YOE,M6YOE,Call Sign,Amateur Foundation Radio Licence,Available,N
M,6,YOF,M6YOF,Call Sign,Amateur Foundation Radio Licence,Available,N
M,6,YOH,M6YOH,Call Sign,Amateur Foundation Radio Licence,Available,N
M,6,YOI,M6YOI,Call Sign,Amateur Foundation Radio Licence,Available,N
M,6,YOJ,M6YOJ,Call Sign,Amateur Foundation Radio Licence,Available,N
M,6,YOK,M6YOK,Call Sign,Amateur Foundation Radio Licence,Available,N
M,6,YOL,M6YOL,Call Sign,Amateur Foundation Radio Licence,Available,N
M,6,YOM,M6YOM,Call Sign,Amateur Foundation Radio Licence,Available,N
M,6,YOQ,M6YOQ,Call Sign,Amateur Foundation Radio Licence,Available,N
M,6,YOV,M6YOV,Call Sign,Amateur Foundation Radio Licence,Available,N
M,6,YOW,M6YOW,Call Sign,Amateur Foundation Radio Licence,Available,N
M,6,YOZ,M6YOZ,Call Sign,Amateur Foundation Radio Licence,Available,N
M,6,YPA,M6YPA,Call Sign,Amateur Foundation Radio Licence,Available,N
M,6,YPB,M6YPB,Call Sign,Amateur Foundation Radio Licence,Available,N
M,6,YPC,M6YPC,Call Sign,Amateur Foundation Radio Licence,Available,N
M,6,YPD,M6YPD,Call Sign,Amateur Foundation Radio Licence,Available,N
M,6,YPE,M6YPE,Call Sign,Amateur Foundation Radio Licence,Available,N
M,6,YPF,M6YPF,Call Sign,Amateur Foundation Radio Licence,Available,N
M,6,YPG,M6YPG,Call Sign,Amateur Foundation Radio Licence,Available,N
M,6,YPI,M6YPI,Call Sign,Amateur Foundation Radio Licence,Available,N
M,6,YPJ,M6YPJ,Call Sign,Amateur Foundation Radio Licence,Available,N
M,6,YPL,M6YPL,Call Sign,Amateur Foundation Radio Licence,Available,N
M,6,YPM,M6YPM,Call Sign,Amateur Foundation Radio Licence,Available,N
M,6,YPO,M6YPO,Call Sign,Amateur Foundation Radio Licence,Available,N
M,6,YPP,M6YPP,Call Sign,Amateur Foundation Radio Licence,Available,N
M,6,YPQ,M6YPQ,Call Sign,Amateur Foundation Radio Licence,Available,N
M,6,YPR,M6YPR,Call Sign,Amateur Foundation Radio Licence,Available,N
M,6,YPT,M6YPT,Call Sign,Amateur Foundation Radio Licence,Available,N
M,6,YPU,M6YPU,Call Sign,Amateur Foundation Radio Licence,Available,N
M,6,YPV,M6YPV,Call Sign,Amateur Foundation Radio Licence,Available,N
M,6,YPW,M6YPW,Call Sign,Amateur Foundation Radio Licence,Available,N
M,6,YPZ,M6YPZ,Call Sign,Amateur Foundation Radio Licence,Available,N
M,6,YQA,M6YQA,Call Sign,Amateur Foundation Radio Licence,Available,N
M,6,YQB,M6YQB,Call Sign,Amateur Foundation Radio Licence,Available,N
M,6,YQC,M6YQC,Call Sign,Amateur Foundation Radio Licence,Available,N
M,6,YQD,M6YQD,Call Sign,Amateur Foundation Radio Licence,Available,N
M,6,YQE,M6YQE,Call Sign,Amateur Foundation Radio Licence,Available,N
M,6,YQF,M6YQF,Call Sign,Amateur Foundation Radio Licence,Available,N
M,6,YQG,M6YQG,Call Sign,Amateur Foundation Radio Licence,Available,N
M,6,YQH,M6YQH,Call Sign,Amateur Foundation Radio Licence,Available,N
M,6,YQI,M6YQI,Call Sign,Amateur Foundation Radio Licence,Available,N
M,6,YQJ,M6YQJ,Call Sign,Amateur Foundation Radio Licence,Available,N
M,6,YQK,M6YQK,Call Sign,Amateur Foundation Radio Licence,Available,N
M,6,YQL,M6YQL,Call Sign,Amateur Foundation Radio Licence,Available,N
M,6,YQM,M6YQM,Call Sign,Amateur Foundation Radio Licence,Available,N
M,6,YQN,M6YQN,Call Sign,Amateur Foundation Radio Licence,Available,N
M,6,YQO,M6YQO,Call Sign,Amateur Foundation Radio Licence,Available,N
M,6,YQP,M6YQP,Call Sign,Amateur Foundation Radio Licence,Available,N
M,6,YQQ,M6YQQ,Call Sign,Amateur Foundation Radio Licence,Available,N
M,6,YQR,M6YQR,Call Sign,Amateur Foundation Radio Licence,Available,N
M,6,YQS,M6YQS,Call Sign,Amateur Foundation Radio Licence,Available,N
M,6,YQT,M6YQT,Call Sign,Amateur Foundation Radio Licence,Available,N
M,6,YQU,M6YQU,Call Sign,Amateur Foundation Radio Licence,Available,N
M,6,YQV,M6YQV,Call Sign,Amateur Foundation Radio Licence,Available,N
M,6,YQW,M6YQW,Call Sign,Amateur Foundation Radio Licence,Available,N
M,6,YQX,M6YQX,Call Sign,Amateur Foundation Radio Licence,Available,N
M,6,YQY,M6YQY,Call Sign,Amateur Foundation Radio Licence,Available,N
M,6,YQZ,M6YQZ,Call Sign,Amateur Foundation Radio Licence,Available,N
M,6,YRA,M6YRA,Call Sign,Amateur Foundation Radio Licence,Available,N
M,6,YRB,M6YRB,Call Sign,Amateur Foundation Radio Licence,Available,N
M,6,YRC,M6YRC,Call Sign,Amateur Foundation Radio Licence,Available,N
M,6,YRD,M6YRD,Call Sign,Amateur Foundation Radio Licence,Available,N
M,6,YRE,M6YRE,Call Sign,Amateur Foundation Radio Licence,Available,N
M,6,YRF,M6YRF,Call Sign,Amateur Foundation Radio Licence,Available,N
M,6,YRG,M6YRG,Call Sign,Amateur Foundation Radio Licence,Available,N
M,6,YRH,M6YRH,Call Sign,Amateur Foundation Radio Licence,Available,N
M,6,YRI,M6YRI,Call Sign,Amateur Foundation Radio Licence,Available,N
M,6,YRJ,M6YRJ,Call Sign,Amateur Foundation Radio Licence,Available,N
M,6,YRM,M6YRM,Call Sign,Amateur Foundation Radio Licence,Available,N
M,6,YRN,M6YRN,Call Sign,Amateur Foundation Radio Licence,Available,N
M,6,YRP,M6YRP,Call Sign,Amateur Foundation Radio Licence,Available,N
M,6,YRQ,M6YRQ,Call Sign,Amateur Foundation Radio Licence,Available,N
M,6,YRR,M6YRR,Call Sign,Amateur Foundation Radio Licence,Available,N
M,6,YRT,M6YRT,Call Sign,Amateur Foundation Radio Licence,Available,N
M,6,YRV,M6YRV,Call Sign,Amateur Foundation Radio Licence,Available,N
M,6,YRX,M6YRX,Call Sign,Amateur Foundation Radio Licence,Available,N
M,6,YRY,M6YRY,Call Sign,Amateur Foundation Radio Licence,Available,N
M,6,YRZ,M6YRZ,Call Sign,Amateur Foundation Radio Licence,Available,N
M,6,YSA,M6YSA,Call Sign,Amateur Foundation Radio Licence,Available,N
M,6,YSB,M6YSB,Call Sign,Amateur Foundation Radio Licence,Available,N
M,6,YSC,M6YSC,Call Sign,Amateur Foundation Radio Licence,Available,N
M,6,YSE,M6YSE,Call Sign,Amateur Foundation Radio Licence,Available,N
M,6,YSF,M6YSF,Call Sign,Amateur Foundation Radio Licence,Available,N
M,6,YSG,M6YSG,Call Sign,Amateur Foundation Radio Licence,Available,N
M,6,YSH,M6YSH,Call Sign,Amateur Foundation Radio Licence,Available,N
M,6,YSI,M6YSI,Call Sign,Amateur Foundation Radio Licence,Available,N
M,6,YSJ,M6YSJ,Call Sign,Amateur Foundation Radio Licence,Available,N
M,6,YSK,M6YSK,Call Sign,Amateur Foundation Radio Licence,Available,N
M,6,YSL,M6YSL,Call Sign,Amateur Foundation Radio Licence,Available,N
M,6,YSM,M6YSM,Call Sign,Amateur Foundation Radio Licence,Available,N
M,6,YSN,M6YSN,Call Sign,Amateur Foundation Radio Licence,Available,N
M,6,YSO,M6YSO,Call Sign,Amateur Foundation Radio Licence,Available,N
M,6,YSP,M6YSP,Call Sign,Amateur Foundation Radio Licence,Available,N
M,6,YSQ,M6YSQ,Call Sign,Amateur Foundation Radio Licence,Available,N
M,6,YSR,M6YSR,Call Sign,Amateur Foundation Radio Licence,Available,N
M,6,YSS,M6YSS,Call Sign,Amateur Foundation Radio Licence,Available,N
M,6,YSU,M6YSU,Call Sign,Amateur Foundation Radio Licence,Available,N
M,6,YSV,M6YSV,Call Sign,Amateur Foundation Radio Licence,Available,N
M,6,YSW,M6YSW,Call Sign,Amateur Foundation Radio Licence,Available,N
M,6,YSX,M6YSX,Call Sign,Amateur Foundation Radio Licence,Available,N
M,6,YSY,M6YSY,Call Sign,Amateur Foundation Radio Licence,Available,N
M,6,YSZ,M6YSZ,Call Sign,Amateur Foundation Radio Licence,Available,N
M,6,YTA,M6YTA,Call Sign,Amateur Foundation Radio Licence,Available,N
M,6,YTB,M6YTB,Call Sign,Amateur Foundation Radio Licence,Available,N
M,6,YTD,M6YTD,Call Sign,Amateur Foundation Radio Licence,Available,N
M,6,YTF,M6YTF,Call Sign,Amateur Foundation Radio Licence,Available,N
M,6,YTG,M6YTG,Call Sign,Amateur Foundation Radio Licence,Available,N
M,6,YTH,M6YTH,Call Sign,Amateur Foundation Radio Licence,Available,N
M,6,YTI,M6YTI,Call Sign,Amateur Foundation Radio Licence,Available,N
M,6,YTJ,M6YTJ,Call Sign,Amateur Foundation Radio Licence,Available,N
M,6,YTK,M6YTK,Call Sign,Amateur Foundation Radio Licence,Available,N
M,6,YTL,M6YTL,Call Sign,Amateur Foundation Radio Licence,Available,N
M,6,YTM,M6YTM,Call Sign,Amateur Foundation Radio Licence,Available,N
M,6,YTN,M6YTN,Call Sign,Amateur Foundation Radio Licence,Available,N
M,6,YTO,M6YTO,Call Sign,Amateur Foundation Radio Licence,Available,N
M,6,YTP,M6YTP,Call Sign,Amateur Foundation Radio Licence,Available,N
M,6,YTQ,M6YTQ,Call Sign,Amateur Foundation Radio Licence,Available,N
M,6,YTR,M6YTR,Call Sign,Amateur Foundation Radio Licence,Available,N
M,6,YTT,M6YTT,Call Sign,Amateur Foundation Radio Licence,Available,N
M,6,YTU,M6YTU,Call Sign,Amateur Foundation Radio Licence,Available,N
M,6,YTV,M6YTV,Call Sign,Amateur Foundation Radio Licence,Available,N
M,6,YTW,M6YTW,Call Sign,Amateur Foundation Radio Licence,Available,N
M,6,YTX,M6YTX,Call Sign,Amateur Foundation Radio Licence,Available,N
M,6,YTZ,M6YTZ,Call Sign,Amateur Foundation Radio Licence,Available,N
M,6,YUA,M6YUA,Call Sign,Amateur Foundation Radio Licence,Available,N
M,6,YUB,M6YUB,Call Sign,Amateur Foundation Radio Licence,Available,N
M,6,YUC,M6YUC,Call Sign,Amateur Foundation Radio Licence,Available,N
M,6,YUD,M6YUD,Call Sign,Amateur Foundation Radio Licence,Available,N
M,6,YUE,M6YUE,Call Sign,Amateur Foundation Radio Licence,Available,N
M,6,YUF,M6YUF,Call Sign,Amateur Foundation Radio Licence,Available,N
M,6,YUG,M6YUG,Call Sign,Amateur Foundation Radio Licence,Available,N
M,6,YUH,M6YUH,Call Sign,Amateur Foundation Radio Licence,Available,N
M,6,YUI,M6YUI,Call Sign,Amateur Foundation Radio Licence,Available,N
M,6,YUL,M6YUL,Call Sign,Amateur Foundation Radio Licence,Available,N
M,6,YUN,M6YUN,Call Sign,Amateur Foundation Radio Licence,Available,N
M,6,YUO,M6YUO,Call Sign,Amateur Foundation Radio Licence,Available,N
M,6,YUQ,M6YUQ,Call Sign,Amateur Foundation Radio Licence,Available,N
M,6,YUR,M6YUR,Call Sign,Amateur Foundation Radio Licence,Available,N
M,6,YUS,M6YUS,Call Sign,Amateur Foundation Radio Licence,Available,N
M,6,YUT,M6YUT,Call Sign,Amateur Foundation Radio Licence,Available,N
M,6,YUU,M6YUU,Call Sign,Amateur Foundation Radio Licence,Available,N
M,6,YUV,M6YUV,Call Sign,Amateur Foundation Radio Licence,Available,N
M,6,YUW,M6YUW,Call Sign,Amateur Foundation Radio Licence,Available,N
M,6,YUX,M6YUX,Call Sign,Amateur Foundation Radio Licence,Available,N
M,6,YUY,M6YUY,Call Sign,Amateur Foundation Radio Licence,Available,N
M,6,YUZ,M6YUZ,Call Sign,Amateur Foundation Radio Licence,Available,N
M,6,YVA,M6YVA,Call Sign,Amateur Foundation Radio Licence,Available,N
M,6,YVB,M6YVB,Call Sign,Amateur Foundation Radio Licence,Available,N
M,6,YVC,M6YVC,Call Sign,Amateur Foundation Radio Licence,Available,N
M,6,YVD,M6YVD,Call Sign,Amateur Foundation Radio Licence,Available,N
M,6,YVE,M6YVE,Call Sign,Amateur Foundation Radio Licence,Available,N
M,6,YVF,M6YVF,Call Sign,Amateur Foundation Radio Licence,Available,N
M,6,YVG,M6YVG,Call Sign,Amateur Foundation Radio Licence,Available,N
M,6,YVH,M6YVH,Call Sign,Amateur Foundation Radio Licence,Available,N
M,6,YVI,M6YVI,Call Sign,Amateur Foundation Radio Licence,Available,N
M,6,YVJ,M6YVJ,Call Sign,Amateur Foundation Radio Licence,Available,N
M,6,YVK,M6YVK,Call Sign,Amateur Foundation Radio Licence,Available,N
M,6,YVL,M6YVL,Call Sign,Amateur Foundation Radio Licence,Available,N
M,6,YVO,M6YVO,Call Sign,Amateur Foundation Radio Licence,Available,N
M,6,YVP,M6YVP,Call Sign,Amateur Foundation Radio Licence,Available,N
M,6,YVQ,M6YVQ,Call Sign,Amateur Foundation Radio Licence,Available,N
M,6,YVS,M6YVS,Call Sign,Amateur Foundation Radio Licence,Available,N
M,6,YVT,M6YVT,Call Sign,Amateur Foundation Radio Licence,Available,N
M,6,YVU,M6YVU,Call Sign,Amateur Foundation Radio Licence,Available,N
M,6,YVV,M6YVV,Call Sign,Amateur Foundation Radio Licence,Available,N
M,6,YVW,M6YVW,Call Sign,Amateur Foundation Radio Licence,Available,N
M,6,YVX,M6YVX,Call Sign,Amateur Foundation Radio Licence,Available,N
M,6,YVY,M6YVY,Call Sign,Amateur Foundation Radio Licence,Available,N
M,6,YVZ,M6YVZ,Call Sign,Amateur Foundation Radio Licence,Available,N
M,6,YWB,M6YWB,Call Sign,Amateur Foundation Radio Licence,Available,N
M,6,YWC,M6YWC,Call Sign,Amateur Foundation Radio Licence,Available,N
M,6,YWD,M6YWD,Call Sign,Amateur Foundation Radio Licence,Available,N
M,6,YWE,M6YWE,Call Sign,Amateur Foundation Radio Licence,Available,N
M,6,YWG,M6YWG,Call Sign,Amateur Foundation Radio Licence,Available,N
M,6,YWH,M6YWH,Call Sign,Amateur Foundation Radio Licence,Available,N
M,6,YWI,M6YWI,Call Sign,Amateur Foundation Radio Licence,Available,N
M,6,YWJ,M6YWJ,Call Sign,Amateur Foundation Radio Licence,Available,N
M,6,YWK,M6YWK,Call Sign,Amateur Foundation Radio Licence,Available,N
M,6,YWL,M6YWL,Call Sign,Amateur Foundation Radio Licence,Available,N
M,6,YWM,M6YWM,Call Sign,Amateur Foundation Radio Licence,Available,N
M,6,YWN,M6YWN,Call Sign,Amateur Foundation Radio Licence,Available,N
M,6,YWO,M6YWO,Call Sign,Amateur Foundation Radio Licence,Available,N
M,6,YWP,M6YWP,Call Sign,Amateur Foundation Radio Licence,Available,N
M,6,YWQ,M6YWQ,Call Sign,Amateur Foundation Radio Licence,Available,N
M,6,YWR,M6YWR,Call Sign,Amateur Foundation Radio Licence,Available,N
M,6,YWS,M6YWS,Call Sign,Amateur Foundation Radio Licence,Available,N
M,6,YWT,M6YWT,Call Sign,Amateur Foundation Radio Licence,Available,N
M,6,YWU,M6YWU,Call Sign,Amateur Foundation Radio Licence,Available,N
M,6,YWV,M6YWV,Call Sign,Amateur Foundation Radio Licence,Available,N
M,6,YWW,M6YWW,Call Sign,Amateur Foundation Radio Licence,Available,N
M,6,YWY,M6YWY,Call Sign,Amateur Foundation Radio Licence,Available,N
M,6,YWZ,M6YWZ,Call Sign,Amateur Foundation Radio Licence,Available,N
M,6,YXA,M6YXA,Call Sign,Amateur Foundation Radio Licence,Available,N
M,6,YXB,M6YXB,Call Sign,Amateur Foundation Radio Licence,Available,N
M,6,YXC,M6YXC,Call Sign,Amateur Foundation Radio Licence,Available,N
M,6,YXD,M6YXD,Call Sign,Amateur Foundation Radio Licence,Available,N
M,6,YXE,M6YXE,Call Sign,Amateur Foundation Radio Licence,Available,N
M,6,YXF,M6YXF,Call Sign,Amateur Foundation Radio Licence,Available,N
M,6,YXG,M6YXG,Call Sign,Amateur Foundation Radio Licence,Available,N
M,6,YXH,M6YXH,Call Sign,Amateur Foundation Radio Licence,Available,N
M,6,YXI,M6YXI,Call Sign,Amateur Foundation Radio Licence,Available,N
M,6,YXJ,M6YXJ,Call Sign,Amateur Foundation Radio Licence,Available,N
M,6,YXK,M6YXK,Call Sign,Amateur Foundation Radio Licence,Available,N
M,6,YXL,M6YXL,Call Sign,Amateur Foundation Radio Licence,Available,N
M,6,YXN,M6YXN,Call Sign,Amateur Foundation Radio Licence,Available,N
M,6,YXO,M6YXO,Call Sign,Amateur Foundation Radio Licence,Available,N
M,6,YXP,M6YXP,Call Sign,Amateur Foundation Radio Licence,Available,N
M,6,YXQ,M6YXQ,Call Sign,Amateur Foundation Radio Licence,Available,N
M,6,YXR,M6YXR,Call Sign,Amateur Foundation Radio Licence,Available,N
M,6,YXS,M6YXS,Call Sign,Amateur Foundation Radio Licence,Available,N
M,6,YXT,M6YXT,Call Sign,Amateur Foundation Radio Licence,Available,N
M,6,YXU,M6YXU,Call Sign,Amateur Foundation Radio Licence,Available,N
M,6,YXV,M6YXV,Call Sign,Amateur Foundation Radio Licence,Available,N
M,6,YXW,M6YXW,Call Sign,Amateur Foundation Radio Licence,Available,N
M,6,YXX,M6YXX,Call Sign,Amateur Foundation Radio Licence,Available,N
M,6,YXY,M6YXY,Call Sign,Amateur Foundation Radio Licence,Available,N
M,6,YYA,M6YYA,Call Sign,Amateur Foundation Radio Licence,Available,N
M,6,YYB,M6YYB,Call Sign,Amateur Foundation Radio Licence,Available,N
M,6,YYC,M6YYC,Call Sign,Amateur Foundation Radio Licence,Available,N
M,6,YYE,M6YYE,Call Sign,Amateur Foundation Radio Licence,Available,N
M,6,YYH,M6YYH,Call Sign,Amateur Foundation Radio Licence,Available,N
M,6,YYI,M6YYI,Call Sign,Amateur Foundation Radio Licence,Available,N
M,6,YYJ,M6YYJ,Call Sign,Amateur Foundation Radio Licence,Available,N
M,6,YYN,M6YYN,Call Sign,Amateur Foundation Radio Licence,Available,N
M,6,YYO,M6YYO,Call Sign,Amateur Foundation Radio Licence,Available,N
M,6,YYQ,M6YYQ,Call Sign,Amateur Foundation Radio Licence,Available,N
M,6,YYR,M6YYR,Call Sign,Amateur Foundation Radio Licence,Available,N
M,6,YYS,M6YYS,Call Sign,Amateur Foundation Radio Licence,Available,N
M,6,YYU,M6YYU,Call Sign,Amateur Foundation Radio Licence,Available,N
M,6,YYV,M6YYV,Call Sign,Amateur Foundation Radio Licence,Available,N
M,6,YYW,M6YYW,Call Sign,Amateur Foundation Radio Licence,Available,N
M,6,YYX,M6YYX,Call Sign,Amateur Foundation Radio Licence,Available,N
M,6,YZB,M6YZB,Call Sign,Amateur Foundation Radio Licence,Available,N
M,6,YZC,M6YZC,Call Sign,Amateur Foundation Radio Licence,Available,N
M,6,YZD,M6YZD,Call Sign,Amateur Foundation Radio Licence,Available,N
M,6,YZE,M6YZE,Call Sign,Amateur Foundation Radio Licence,Available,N
M,6,YZG,M6YZG,Call Sign,Amateur Foundation Radio Licence,Available,N
M,6,YZH,M6YZH,Call Sign,Amateur Foundation Radio Licence,Available,N
M,6,YZI,M6YZI,Call Sign,Amateur Foundation Radio Licence,Available,N
M,6,YZJ,M6YZJ,Call Sign,Amateur Foundation Radio Licence,Available,N
M,6,YZK,M6YZK,Call Sign,Amateur Foundation Radio Licence,Available,N
M,6,YZL,M6YZL,Call Sign,Amateur Foundation Radio Licence,Available,N
M,6,YZM,M6YZM,Call Sign,Amateur Foundation Radio Licence,Available,N
M,6,YZN,M6YZN,Call Sign,Amateur Foundation Radio Licence,Available,N
M,6,YZO,M6YZO,Call Sign,Amateur Foundation Radio Licence,Available,N
M,6,YZP,M6YZP,Call Sign,Amateur Foundation Radio Licence,Available,N
M,6,YZQ,M6YZQ,Call Sign,Amateur Foundation Radio Licence,Available,N
M,6,YZR,M6YZR,Call Sign,Amateur Foundation Radio Licence,Available,N
M,6,YZS,M6YZS,Call Sign,Amateur Foundation Radio Licence,Available,N
M,6,YZT,M6YZT,Call Sign,Amateur Foundation Radio Licence,Available,N
M,6,YZU,M6YZU,Call Sign,Amateur Foundation Radio Licence,Available,N
M,6,YZV,M6YZV,Call Sign,Amateur Foundation Radio Licence,Available,N
M,6,YZW,M6YZW,Call Sign,Amateur Foundation Radio Licence,Available,N
M,6,ZBJ,M6ZBJ,Call Sign,Amateur Foundation Radio Licence,Available,N
M,6,ZBN,M6ZBN,Call Sign,Amateur Foundation Radio Licence,Available,N
M,6,ZBP,M6ZBP,Call Sign,Amateur Foundation Radio Licence,Available,N
M,6,ZBQ,M6ZBQ,Call Sign,Amateur Foundation Radio Licence,Available,N
M,6,ZBS,M6ZBS,Call Sign,Amateur Foundation Radio Licence,Available,N
M,6,ZBU,M6ZBU,Call Sign,Amateur Foundation Radio Licence,Available,N
M,6,ZBV,M6ZBV,Call Sign,Amateur Foundation Radio Licence,Available,N
M,6,ZBX,M6ZBX,Call Sign,Amateur Foundation Radio Licence,Available,N
M,6,ZBY,M6ZBY,Call Sign,Amateur Foundation Radio Licence,Available,N
M,6,ZBZ,M6ZBZ,Call Sign,Amateur Foundation Radio Licence,Available,N
M,6,ZCD,M6ZCD,Call Sign,Amateur Foundation Radio Licence,Available,N
M,6,ZCE,M6ZCE,Call Sign,Amateur Foundation Radio Licence,Available,N
M,6,ZCF,M6ZCF,Call Sign,Amateur Foundation Radio Licence,Available,N
M,6,ZCG,M6ZCG,Call Sign,Amateur Foundation Radio Licence,Available,N
M,6,ZCH,M6ZCH,Call Sign,Amateur Foundation Radio Licence,Available,N
M,6,ZCI,M6ZCI,Call Sign,Amateur Foundation Radio Licence,Available,N
M,6,ZCK,M6ZCK,Call Sign,Amateur Foundation Radio Licence,Available,N
M,6,ZCN,M6ZCN,Call Sign,Amateur Foundation Radio Licence,Available,N
M,6,ZCO,M6ZCO,Call Sign,Amateur Foundation Radio Licence,Available,N
M,6,ZCQ,M6ZCQ,Call Sign,Amateur Foundation Radio Licence,Available,N
M,6,ZCS,M6ZCS,Call Sign,Amateur Foundation Radio Licence,Available,N
M,6,ZCT,M6ZCT,Call Sign,Amateur Foundation Radio Licence,Available,N
M,6,ZCU,M6ZCU,Call Sign,Amateur Foundation Radio Licence,Available,N
M,6,ZCV,M6ZCV,Call Sign,Amateur Foundation Radio Licence,Available,N
M,6,ZCW,M6ZCW,Call Sign,Amateur Foundation Radio Licence,Available,N
M,6,ZCX,M6ZCX,Call Sign,Amateur Foundation Radio Licence,Available,N
M,6,ZCY,M6ZCY,Call Sign,Amateur Foundation Radio Licence,Available,N
M,6,ZCZ,M6ZCZ,Call Sign,Amateur Foundation Radio Licence,Available,N
M,6,ZDE,M6ZDE,Call Sign,Amateur Foundation Radio Licence,Available,N
M,6,ZDG,M6ZDG,Call Sign,Amateur Foundation Radio Licence,Available,N
M,6,ZDH,M6ZDH,Call Sign,Amateur Foundation Radio Licence,Available,N
M,6,ZDI,M6ZDI,Call Sign,Amateur Foundation Radio Licence,Available,N
M,6,ZDJ,M6ZDJ,Call Sign,Amateur Foundation Radio Licence,Available,N
M,6,ZDM,M6ZDM,Call Sign,Amateur Foundation Radio Licence,Available,N
M,6,ZDN,M6ZDN,Call Sign,Amateur Foundation Radio Licence,Available,N
M,6,ZDO,M6ZDO,Call Sign,Amateur Foundation Radio Licence,Available,N
M,6,ZDP,M6ZDP,Call Sign,Amateur Foundation Radio Licence,Available,N
M,6,ZDQ,M6ZDQ,Call Sign,Amateur Foundation Radio Licence,Available,N
M,6,ZDS,M6ZDS,Call Sign,Amateur Foundation Radio Licence,Available,N
M,6,ZDT,M6ZDT,Call Sign,Amateur Foundation Radio Licence,Available,N
M,6,ZDU,M6ZDU,Call Sign,Amateur Foundation Radio Licence,Available,N
M,6,ZDV,M6ZDV,Call Sign,Amateur Foundation Radio Licence,Available,N
M,6,ZEA,M6ZEA,Call Sign,Amateur Foundation Radio Licence,Available,N
M,6,ZEB,M6ZEB,Call Sign,Amateur Foundation Radio Licence,Available,N
M,6,ZEE,M6ZEE,Call Sign,Amateur Foundation Radio Licence,Available,N
M,6,ZEG,M6ZEG,Call Sign,Amateur Foundation Radio Licence,Available,N
M,6,ZEH,M6ZEH,Call Sign,Amateur Foundation Radio Licence,Available,N
M,6,ZEI,M6ZEI,Call Sign,Amateur Foundation Radio Licence,Available,N
M,6,ZEM,M6ZEM,Call Sign,Amateur Foundation Radio Licence,Available,N
M,6,ZEO,M6ZEO,Call Sign,Amateur Foundation Radio Licence,Available,N
M,6,ZEQ,M6ZEQ,Call Sign,Amateur Foundation Radio Licence,Available,N
M,6,ZER,M6ZER,Call Sign,Amateur Foundation Radio Licence,Available,N
M,6,ZES,M6ZES,Call Sign,Amateur Foundation Radio Licence,Available,N
M,6,ZEU,M6ZEU,Call Sign,Amateur Foundation Radio Licence,Available,N
M,6,ZEV,M6ZEV,Call Sign,Amateur Foundation Radio Licence,Available,N
M,6,ZEW,M6ZEW,Call Sign,Amateur Foundation Radio Licence,Available,N
M,6,ZEX,M6ZEX,Call Sign,Amateur Foundation Radio Licence,Available,N
M,6,ZFA,M6ZFA,Call Sign,Amateur Foundation Radio Licence,Available,N
M,6,ZFB,M6ZFB,Call Sign,Amateur Foundation Radio Licence,Available,N
M,6,ZFC,M6ZFC,Call Sign,Amateur Foundation Radio Licence,Available,N
M,6,ZFD,M6ZFD,Call Sign,Amateur Foundation Radio Licence,Available,N
M,6,ZFF,M6ZFF,Call Sign,Amateur Foundation Radio Licence,Available,N
M,6,ZFH,M6ZFH,Call Sign,Amateur Foundation Radio Licence,Available,N
M,6,ZFI,M6ZFI,Call Sign,Amateur Foundation Radio Licence,Available,N
M,6,ZFJ,M6ZFJ,Call Sign,Amateur Foundation Radio Licence,Available,N
M,6,ZFK,M6ZFK,Call Sign,Amateur Foundation Radio Licence,Available,N
M,6,ZFL,M6ZFL,Call Sign,Amateur Foundation Radio Licence,Available,N
M,6,ZFM,M6ZFM,Call Sign,Amateur Foundation Radio Licence,Available,N
M,6,ZFN,M6ZFN,Call Sign,Amateur Foundation Radio Licence,Available,N
M,6,ZFO,M6ZFO,Call Sign,Amateur Foundation Radio Licence,Available,N
M,6,ZFP,M6ZFP,Call Sign,Amateur Foundation Radio Licence,Available,N
M,6,ZFQ,M6ZFQ,Call Sign,Amateur Foundation Radio Licence,Available,N
M,6,ZFR,M6ZFR,Call Sign,Amateur Foundation Radio Licence,Available,N
M,6,ZFS,M6ZFS,Call Sign,Amateur Foundation Radio Licence,Available,N
M,6,ZFT,M6ZFT,Call Sign,Amateur Foundation Radio Licence,Available,N
M,6,ZFU,M6ZFU,Call Sign,Amateur Foundation Radio Licence,Available,N
M,6,ZFV,M6ZFV,Call Sign,Amateur Foundation Radio Licence,Available,N
M,6,ZFW,M6ZFW,Call Sign,Amateur Foundation Radio Licence,Available,N
M,6,ZFY,M6ZFY,Call Sign,Amateur Foundation Radio Licence,Available,N
M,6,ZFZ,M6ZFZ,Call Sign,Amateur Foundation Radio Licence,Available,N
M,6,ZGA,M6ZGA,Call Sign,Amateur Foundation Radio Licence,Available,N
M,6,ZGB,M6ZGB,Call Sign,Amateur Foundation Radio Licence,Available,N
M,6,ZGC,M6ZGC,Call Sign,Amateur Foundation Radio Licence,Available,N
M,6,ZGD,M6ZGD,Call Sign,Amateur Foundation Radio Licence,Available,N
M,6,ZGE,M6ZGE,Call Sign,Amateur Foundation Radio Licence,Available,N
M,6,ZGF,M6ZGF,Call Sign,Amateur Foundation Radio Licence,Available,N
M,6,ZGG,M6ZGG,Call Sign,Amateur Foundation Radio Licence,Available,N
M,6,ZGH,M6ZGH,Call Sign,Amateur Foundation Radio Licence,Available,N
M,6,ZGI,M6ZGI,Call Sign,Amateur Foundation Radio Licence,Available,N
M,6,ZGJ,M6ZGJ,Call Sign,Amateur Foundation Radio Licence,Available,N
M,6,ZGK,M6ZGK,Call Sign,Amateur Foundation Radio Licence,Available,N
M,6,ZGL,M6ZGL,Call Sign,Amateur Foundation Radio Licence,Available,N
M,6,ZGM,M6ZGM,Call Sign,Amateur Foundation Radio Licence,Available,N
M,6,ZGN,M6ZGN,Call Sign,Amateur Foundation Radio Licence,Available,N
M,6,ZGO,M6ZGO,Call Sign,Amateur Foundation Radio Licence,Available,N
M,6,ZGQ,M6ZGQ,Call Sign,Amateur Foundation Radio Licence,Available,N
M,6,ZGR,M6ZGR,Call Sign,Amateur Foundation Radio Licence,Available,N
M,6,ZGS,M6ZGS,Call Sign,Amateur Foundation Radio Licence,Available,N
M,6,ZGT,M6ZGT,Call Sign,Amateur Foundation Radio Licence,Available,N
M,6,ZGU,M6ZGU,Call Sign,Amateur Foundation Radio Licence,Available,N
M,6,ZGV,M6ZGV,Call Sign,Amateur Foundation Radio Licence,Available,N
M,6,ZGW,M6ZGW,Call Sign,Amateur Foundation Radio Licence,Available,N
M,6,ZGX,M6ZGX,Call Sign,Amateur Foundation Radio Licence,Available,N
M,6,ZGY,M6ZGY,Call Sign,Amateur Foundation Radio Licence,Available,N
M,6,ZGZ,M6ZGZ,Call Sign,Amateur Foundation Radio Licence,Available,N
M,6,ZHA,M6ZHA,Call Sign,Amateur Foundation Radio Licence,Available,N
M,6,ZHB,M6ZHB,Call Sign,Amateur Foundation Radio Licence,Available,N
M,6,ZHD,M6ZHD,Call Sign,Amateur Foundation Radio Licence,Available,N
M,6,ZHE,M6ZHE,Call Sign,Amateur Foundation Radio Licence,Available,N
M,6,ZHF,M6ZHF,Call Sign,Amateur Foundation Radio Licence,Available,N
M,6,ZHG,M6ZHG,Call Sign,Amateur Foundation Radio Licence,Available,N
M,6,ZHH,M6ZHH,Call Sign,Amateur Foundation Radio Licence,Available,N
M,6,ZHI,M6ZHI,Call Sign,Amateur Foundation Radio Licence,Available,N
M,6,ZHJ,M6ZHJ,Call Sign,Amateur Foundation Radio Licence,Available,N
M,6,ZHK,M6ZHK,Call Sign,Amateur Foundation Radio Licence,Available,N
M,6,ZHL,M6ZHL,Call Sign,Amateur Foundation Radio Licence,Available,N
M,6,ZHM,M6ZHM,Call Sign,Amateur Foundation Radio Licence,Available,N
M,6,ZHN,M6ZHN,Call Sign,Amateur Foundation Radio Licence,Available,N
M,6,ZHO,M6ZHO,Call Sign,Amateur Foundation Radio Licence,Available,N
M,6,ZHP,M6ZHP,Call Sign,Amateur Foundation Radio Licence,Available,N
M,6,ZHQ,M6ZHQ,Call Sign,Amateur Foundation Radio Licence,Available,N
M,6,ZHR,M6ZHR,Call Sign,Amateur Foundation Radio Licence,Available,N
M,6,ZHS,M6ZHS,Call Sign,Amateur Foundation Radio Licence,Available,N
M,6,ZHT,M6ZHT,Call Sign,Amateur Foundation Radio Licence,Available,N
M,6,ZHU,M6ZHU,Call Sign,Amateur Foundation Radio Licence,Available,N
M,6,ZHV,M6ZHV,Call Sign,Amateur Foundation Radio Licence,Available,N
M,6,ZHW,M6ZHW,Call Sign,Amateur Foundation Radio Licence,Available,N
M,6,ZHX,M6ZHX,Call Sign,Amateur Foundation Radio Licence,Available,N
M,6,ZHY,M6ZHY,Call Sign,Amateur Foundation Radio Licence,Available,N
M,6,ZHZ,M6ZHZ,Call Sign,Amateur Foundation Radio Licence,Available,N
M,6,ZIA,M6ZIA,Call Sign,Amateur Foundation Radio Licence,Available,N
M,6,ZIC,M6ZIC,Call Sign,Amateur Foundation Radio Licence,Available,N
M,6,ZID,M6ZID,Call Sign,Amateur Foundation Radio Licence,Available,N
M,6,ZIE,M6ZIE,Call Sign,Amateur Foundation Radio Licence,Available,N
M,6,ZIF,M6ZIF,Call Sign,Amateur Foundation Radio Licence,Available,N
M,6,ZIH,M6ZIH,Call Sign,Amateur Foundation Radio Licence,Available,N
M,6,ZII,M6ZII,Call Sign,Amateur Foundation Radio Licence,Available,N
M,6,ZIJ,M6ZIJ,Call Sign,Amateur Foundation Radio Licence,Available,N
M,6,ZIK,M6ZIK,Call Sign,Amateur Foundation Radio Licence,Available,N
M,6,ZIL,M6ZIL,Call Sign,Amateur Foundation Radio Licence,Available,N
M,6,ZIO,M6ZIO,Call Sign,Amateur Foundation Radio Licence,Available,N
M,6,ZIQ,M6ZIQ,Call Sign,Amateur Foundation Radio Licence,Available,N
M,6,ZIR,M6ZIR,Call Sign,Amateur Foundation Radio Licence,Available,N
M,6,ZIS,M6ZIS,Call Sign,Amateur Foundation Radio Licence,Available,N
M,6,ZIU,M6ZIU,Call Sign,Amateur Foundation Radio Licence,Available,N
M,6,ZIV,M6ZIV,Call Sign,Amateur Foundation Radio Licence,Available,N
M,6,ZIW,M6ZIW,Call Sign,Amateur Foundation Radio Licence,Available,N
M,6,ZIX,M6ZIX,Call Sign,Amateur Foundation Radio Licence,Available,N
M,6,ZJA,M6ZJA,Call Sign,Amateur Foundation Radio Licence,Available,N
M,6,ZJD,M6ZJD,Call Sign,Amateur Foundation Radio Licence,Available,N
M,6,ZJE,M6ZJE,Call Sign,Amateur Foundation Radio Licence,Available,N
M,6,ZJF,M6ZJF,Call Sign,Amateur Foundation Radio Licence,Available,N
M,6,ZJG,M6ZJG,Call Sign,Amateur Foundation Radio Licence,Available,N
M,6,ZJI,M6ZJI,Call Sign,Amateur Foundation Radio Licence,Available,N
M,6,ZJJ,M6ZJJ,Call Sign,Amateur Foundation Radio Licence,Available,N
M,6,ZJK,M6ZJK,Call Sign,Amateur Foundation Radio Licence,Available,N
M,6,ZJL,M6ZJL,Call Sign,Amateur Foundation Radio Licence,Available,N
M,6,ZJM,M6ZJM,Call Sign,Amateur Foundation Radio Licence,Available,N
M,6,ZJN,M6ZJN,Call Sign,Amateur Foundation Radio Licence,Available,N
M,6,ZJQ,M6ZJQ,Call Sign,Amateur Foundation Radio Licence,Available,N
M,6,ZJR,M6ZJR,Call Sign,Amateur Foundation Radio Licence,Available,N
M,6,ZJU,M6ZJU,Call Sign,Amateur Foundation Radio Licence,Available,N
M,6,ZJV,M6ZJV,Call Sign,Amateur Foundation Radio Licence,Available,N
M,6,ZJX,M6ZJX,Call Sign,Amateur Foundation Radio Licence,Available,N
M,6,ZJY,M6ZJY,Call Sign,Amateur Foundation Radio Licence,Available,N
M,6,ZJZ,M6ZJZ,Call Sign,Amateur Foundation Radio Licence,Available,N
M,6,ZKB,M6ZKB,Call Sign,Amateur Foundation Radio Licence,Available,N
M,6,ZKE,M6ZKE,Call Sign,Amateur Foundation Radio Licence,Available,N
M,6,ZKF,M6ZKF,Call Sign,Amateur Foundation Radio Licence,Available,N
M,6,ZKH,M6ZKH,Call Sign,Amateur Foundation Radio Licence,Available,N
M,6,ZKI,M6ZKI,Call Sign,Amateur Foundation Radio Licence,Available,N
M,6,ZKJ,M6ZKJ,Call Sign,Amateur Foundation Radio Licence,Available,N
M,6,ZKK,M6ZKK,Call Sign,Amateur Foundation Radio Licence,Available,N
M,6,ZKL,M6ZKL,Call Sign,Amateur Foundation Radio Licence,Available,N
M,6,ZKM,M6ZKM,Call Sign,Amateur Foundation Radio Licence,Available,N
M,6,ZKN,M6ZKN,Call Sign,Amateur Foundation Radio Licence,Available,N
M,6,ZKO,M6ZKO,Call Sign,Amateur Foundation Radio Licence,Available,N
M,6,ZKP,M6ZKP,Call Sign,Amateur Foundation Radio Licence,Available,N
M,6,ZKQ,M6ZKQ,Call Sign,Amateur Foundation Radio Licence,Available,N
M,6,ZKR,M6ZKR,Call Sign,Amateur Foundation Radio Licence,Available,N
M,6,ZKS,M6ZKS,Call Sign,Amateur Foundation Radio Licence,Available,N
M,6,ZKT,M6ZKT,Call Sign,Amateur Foundation Radio Licence,Available,N
M,6,ZKU,M6ZKU,Call Sign,Amateur Foundation Radio Licence,Available,N
M,6,ZKV,M6ZKV,Call Sign,Amateur Foundation Radio Licence,Available,N
M,6,ZKW,M6ZKW,Call Sign,Amateur Foundation Radio Licence,Available,N
M,6,ZKY,M6ZKY,Call Sign,Amateur Foundation Radio Licence,Available,N
M,6,ZKZ,M6ZKZ,Call Sign,Amateur Foundation Radio Licence,Available,N
M,6,ZLB,M6ZLB,Call Sign,Amateur Foundation Radio Licence,Available,N
M,6,ZLE,M6ZLE,Call Sign,Amateur Foundation Radio Licence,Available,N
M,6,ZLF,M6ZLF,Call Sign,Amateur Foundation Radio Licence,Available,N
M,6,ZLH,M6ZLH,Call Sign,Amateur Foundation Radio Licence,Available,N
M,6,ZLI,M6ZLI,Call Sign,Amateur Foundation Radio Licence,Available,N
M,6,ZLJ,M6ZLJ,Call Sign,Amateur Foundation Radio Licence,Available,N
M,6,ZLK,M6ZLK,Call Sign,Amateur Foundation Radio Licence,Available,N
M,6,ZLL,M6ZLL,Call Sign,Amateur Foundation Radio Licence,Available,N
M,6,ZLM,M6ZLM,Call Sign,Amateur Foundation Radio Licence,Available,N
M,6,ZLO,M6ZLO,Call Sign,Amateur Foundation Radio Licence,Available,N
M,6,ZLQ,M6ZLQ,Call Sign,Amateur Foundation Radio Licence,Available,N
M,6,ZLS,M6ZLS,Call Sign,Amateur Foundation Radio Licence,Available,N
M,6,ZLT,M6ZLT,Call Sign,Amateur Foundation Radio Licence,Available,N
M,6,ZLU,M6ZLU,Call Sign,Amateur Foundation Radio Licence,Available,N
M,6,ZLV,M6ZLV,Call Sign,Amateur Foundation Radio Licence,Available,N
M,6,ZLW,M6ZLW,Call Sign,Amateur Foundation Radio Licence,Available,N
M,6,ZLY,M6ZLY,Call Sign,Amateur Foundation Radio Licence,Available,N
M,6,ZLZ,M6ZLZ,Call Sign,Amateur Foundation Radio Licence,Available,N
M,6,ZMA,M6ZMA,Call Sign,Amateur Foundation Radio Licence,Available,N
M,6,ZMB,M6ZMB,Call Sign,Amateur Foundation Radio Licence,Available,N
M,6,ZME,M6ZME,Call Sign,Amateur Foundation Radio Licence,Available,N
M,6,ZMF,M6ZMF,Call Sign,Amateur Foundation Radio Licence,Available,N
M,6,ZMG,M6ZMG,Call Sign,Amateur Foundation Radio Licence,Available,N
M,6,ZMH,M6ZMH,Call Sign,Amateur Foundation Radio Licence,Available,N
M,6,ZMI,M6ZMI,Call Sign,Amateur Foundation Radio Licence,Available,N
M,6,ZMJ,M6ZMJ,Call Sign,Amateur Foundation Radio Licence,Available,N
M,6,ZMK,M6ZMK,Call Sign,Amateur Foundation Radio Licence,Available,N
M,6,ZML,M6ZML,Call Sign,Amateur Foundation Radio Licence,Available,N
M,6,ZMM,M6ZMM,Call Sign,Amateur Foundation Radio Licence,Available,N
M,6,ZMN,M6ZMN,Call Sign,Amateur Foundation Radio Licence,Available,N
M,6,ZMO,M6ZMO,Call Sign,Amateur Foundation Radio Licence,Available,N
M,6,ZMP,M6ZMP,Call Sign,Amateur Foundation Radio Licence,Available,N
M,6,ZMQ,M6ZMQ,Call Sign,Amateur Foundation Radio Licence,Available,N
M,6,ZMS,M6ZMS,Call Sign,Amateur Foundation Radio Licence,Available,N
M,6,ZMT,M6ZMT,Call Sign,Amateur Foundation Radio Licence,Available,N
M,6,ZMU,M6ZMU,Call Sign,Amateur Foundation Radio Licence,Available,N
M,6,ZMW,M6ZMW,Call Sign,Amateur Foundation Radio Licence,Available,N
M,6,ZMX,M6ZMX,Call Sign,Amateur Foundation Radio Licence,Available,N
M,6,ZMY,M6ZMY,Call Sign,Amateur Foundation Radio Licence,Available,N
M,6,ZMZ,M6ZMZ,Call Sign,Amateur Foundation Radio Licence,Available,N
M,6,ZNA,M6ZNA,Call Sign,Amateur Foundation Radio Licence,Available,N
M,6,ZNB,M6ZNB,Call Sign,Amateur Foundation Radio Licence,Available,N
M,6,ZNC,M6ZNC,Call Sign,Amateur Foundation Radio Licence,Available,N
M,6,ZND,M6ZND,Call Sign,Amateur Foundation Radio Licence,Available,N
M,6,ZNE,M6ZNE,Call Sign,Amateur Foundation Radio Licence,Available,N
M,6,ZNG,M6ZNG,Call Sign,Amateur Foundation Radio Licence,Available,N
M,6,ZNH,M6ZNH,Call Sign,Amateur Foundation Radio Licence,Available,N
M,6,ZNI,M6ZNI,Call Sign,Amateur Foundation Radio Licence,Available,N
M,6,ZNJ,M6ZNJ,Call Sign,Amateur Foundation Radio Licence,Available,N
M,6,ZNK,M6ZNK,Call Sign,Amateur Foundation Radio Licence,Available,N
M,6,ZNL,M6ZNL,Call Sign,Amateur Foundation Radio Licence,Available,N
M,6,ZNM,M6ZNM,Call Sign,Amateur Foundation Radio Licence,Available,N
M,6,ZNN,M6ZNN,Call Sign,Amateur Foundation Radio Licence,Available,N
M,6,ZNO,M6ZNO,Call Sign,Amateur Foundation Radio Licence,Available,N
M,6,ZNP,M6ZNP,Call Sign,Amateur Foundation Radio Licence,Available,N
M,6,ZNQ,M6ZNQ,Call Sign,Amateur Foundation Radio Licence,Available,N
M,6,ZNR,M6ZNR,Call Sign,Amateur Foundation Radio Licence,Available,N
M,6,ZNS,M6ZNS,Call Sign,Amateur Foundation Radio Licence,Available,N
M,6,ZNT,M6ZNT,Call Sign,Amateur Foundation Radio Licence,Available,N
M,6,ZNU,M6ZNU,Call Sign,Amateur Foundation Radio Licence,Available,N
M,6,ZNV,M6ZNV,Call Sign,Amateur Foundation Radio Licence,Available,N
M,6,ZNW,M6ZNW,Call Sign,Amateur Foundation Radio Licence,Available,N
M,6,ZNX,M6ZNX,Call Sign,Amateur Foundation Radio Licence,Available,N
M,6,ZNY,M6ZNY,Call Sign,Amateur Foundation Radio Licence,Available,N
M,6,ZOB,M6ZOB,Call Sign,Amateur Foundation Radio Licence,Available,N
M,6,ZOC,M6ZOC,Call Sign,Amateur Foundation Radio Licence,Available,N
M,6,ZOF,M6ZOF,Call Sign,Amateur Foundation Radio Licence,Available,N
M,6,ZOH,M6ZOH,Call Sign,Amateur Foundation Radio Licence,Available,N
M,6,ZOI,M6ZOI,Call Sign,Amateur Foundation Radio Licence,Available,N
M,6,ZOJ,M6ZOJ,Call Sign,Amateur Foundation Radio Licence,Available,N
M,6,ZOK,M6ZOK,Call Sign,Amateur Foundation Radio Licence,Available,N
M,6,ZOP,M6ZOP,Call Sign,Amateur Foundation Radio Licence,Available,N
M,6,ZOQ,M6ZOQ,Call Sign,Amateur Foundation Radio Licence,Available,N
M,6,ZOR,M6ZOR,Call Sign,Amateur Foundation Radio Licence,Available,N
M,6,ZOS,M6ZOS,Call Sign,Amateur Foundation Radio Licence,Available,N
M,6,ZOU,M6ZOU,Call Sign,Amateur Foundation Radio Licence,Available,N
M,6,ZOV,M6ZOV,Call Sign,Amateur Foundation Radio Licence,Available,N
M,6,ZOW,M6ZOW,Call Sign,Amateur Foundation Radio Licence,Available,N
M,6,ZOX,M6ZOX,Call Sign,Amateur Foundation Radio Licence,Available,N
M,6,ZOY,M6ZOY,Call Sign,Amateur Foundation Radio Licence,Available,N
M,6,ZPA,M6ZPA,Call Sign,Amateur Foundation Radio Licence,Available,N
M,6,ZPC,M6ZPC,Call Sign,Amateur Foundation Radio Licence,Available,N
M,6,ZPD,M6ZPD,Call Sign,Amateur Foundation Radio Licence,Available,N
M,6,ZPE,M6ZPE,Call Sign,Amateur Foundation Radio Licence,Available,N
M,6,ZPF,M6ZPF,Call Sign,Amateur Foundation Radio Licence,Available,N
M,6,ZPJ,M6ZPJ,Call Sign,Amateur Foundation Radio Licence,Available,N
M,6,ZPK,M6ZPK,Call Sign,Amateur Foundation Radio Licence,Available,N
M,6,ZPN,M6ZPN,Call Sign,Amateur Foundation Radio Licence,Available,N
M,6,ZPO,M6ZPO,Call Sign,Amateur Foundation Radio Licence,Available,N
M,6,ZPP,M6ZPP,Call Sign,Amateur Foundation Radio Licence,Available,N
M,6,ZPQ,M6ZPQ,Call Sign,Amateur Foundation Radio Licence,Available,N
M,6,ZPR,M6ZPR,Call Sign,Amateur Foundation Radio Licence,Available,N
M,6,ZPS,M6ZPS,Call Sign,Amateur Foundation Radio Licence,Available,N
M,6,ZPT,M6ZPT,Call Sign,Amateur Foundation Radio Licence,Available,N
M,6,ZPU,M6ZPU,Call Sign,Amateur Foundation Radio Licence,Available,N
M,6,ZPV,M6ZPV,Call Sign,Amateur Foundation Radio Licence,Available,N
M,6,ZPW,M6ZPW,Call Sign,Amateur Foundation Radio Licence,Available,N
M,6,ZPX,M6ZPX,Call Sign,Amateur Foundation Radio Licence,Available,N
M,6,ZQA,M6ZQA,Call Sign,Amateur Foundation Radio Licence,Available,N
M,6,ZQB,M6ZQB,Call Sign,Amateur Foundation Radio Licence,Available,N
M,6,ZQC,M6ZQC,Call Sign,Amateur Foundation Radio Licence,Available,N
M,6,ZQD,M6ZQD,Call Sign,Amateur Foundation Radio Licence,Available,N
M,6,ZQE,M6ZQE,Call Sign,Amateur Foundation Radio Licence,Available,N
M,6,ZQF,M6ZQF,Call Sign,Amateur Foundation Radio Licence,Available,N
M,6,ZQG,M6ZQG,Call Sign,Amateur Foundation Radio Licence,Available,N
M,6,ZQH,M6ZQH,Call Sign,Amateur Foundation Radio Licence,Available,N
M,6,ZQI,M6ZQI,Call Sign,Amateur Foundation Radio Licence,Available,N
M,6,ZQJ,M6ZQJ,Call Sign,Amateur Foundation Radio Licence,Available,N
M,6,ZQK,M6ZQK,Call Sign,Amateur Foundation Radio Licence,Available,N
M,6,ZQL,M6ZQL,Call Sign,Amateur Foundation Radio Licence,Available,N
M,6,ZQM,M6ZQM,Call Sign,Amateur Foundation Radio Licence,Available,N
M,6,ZQN,M6ZQN,Call Sign,Amateur Foundation Radio Licence,Available,N
M,6,ZQO,M6ZQO,Call Sign,Amateur Foundation Radio Licence,Available,N
M,6,ZQP,M6ZQP,Call Sign,Amateur Foundation Radio Licence,Available,N
M,6,ZQR,M6ZQR,Call Sign,Amateur Foundation Radio Licence,Available,N
M,6,ZQS,M6ZQS,Call Sign,Amateur Foundation Radio Licence,Available,N
M,6,ZQT,M6ZQT,Call Sign,Amateur Foundation Radio Licence,Available,N
M,6,ZQU,M6ZQU,Call Sign,Amateur Foundation Radio Licence,Available,N
M,6,ZQV,M6ZQV,Call Sign,Amateur Foundation Radio Licence,Available,N
M,6,ZQW,M6ZQW,Call Sign,Amateur Foundation Radio Licence,Available,N
M,6,ZQX,M6ZQX,Call Sign,Amateur Foundation Radio Licence,Available,N
M,6,ZQY,M6ZQY,Call Sign,Amateur Foundation Radio Licence,Available,N
M,6,ZQZ,M6ZQZ,Call Sign,Amateur Foundation Radio Licence,Available,N
M,6,ZRA,M6ZRA,Call Sign,Amateur Foundation Radio Licence,Available,N
M,6,ZRC,M6ZRC,Call Sign,Amateur Foundation Radio Licence,Available,N
M,6,ZRD,M6ZRD,Call Sign,Amateur Foundation Radio Licence,Available,N
M,6,ZRE,M6ZRE,Call Sign,Amateur Foundation Radio Licence,Available,N
M,6,ZRF,M6ZRF,Call Sign,Amateur Foundation Radio Licence,Available,N
M,6,ZRH,M6ZRH,Call Sign,Amateur Foundation Radio Licence,Available,N
M,6,ZRI,M6ZRI,Call Sign,Amateur Foundation Radio Licence,Available,N
M,6,ZRK,M6ZRK,Call Sign,Amateur Foundation Radio Licence,Available,N
M,6,ZRM,M6ZRM,Call Sign,Amateur Foundation Radio Licence,Available,N
M,6,ZRN,M6ZRN,Call Sign,Amateur Foundation Radio Licence,Available,N
M,6,ZRO,M6ZRO,Call Sign,Amateur Foundation Radio Licence,Available,N
M,6,ZRP,M6ZRP,Call Sign,Amateur Foundation Radio Licence,Available,N
M,6,ZRQ,M6ZRQ,Call Sign,Amateur Foundation Radio Licence,Available,N
M,6,ZRR,M6ZRR,Call Sign,Amateur Foundation Radio Licence,Available,N
M,6,ZRS,M6ZRS,Call Sign,Amateur Foundation Radio Licence,Available,N
M,6,ZRU,M6ZRU,Call Sign,Amateur Foundation Radio Licence,Available,N
M,6,ZRV,M6ZRV,Call Sign,Amateur Foundation Radio Licence,Available,N
M,6,ZRW,M6ZRW,Call Sign,Amateur Foundation Radio Licence,Available,N
M,6,ZRY,M6ZRY,Call Sign,Amateur Foundation Radio Licence,Available,N
M,6,ZRZ,M6ZRZ,Call Sign,Amateur Foundation Radio Licence,Available,N
M,6,ZSA,M6ZSA,Call Sign,Amateur Foundation Radio Licence,Available,N
M,6,ZSD,M6ZSD,Call Sign,Amateur Foundation Radio Licence,Available,N
M,6,ZSF,M6ZSF,Call Sign,Amateur Foundation Radio Licence,Available,N
M,6,ZSG,M6ZSG,Call Sign,Amateur Foundation Radio Licence,Available,N
M,6,ZSH,M6ZSH,Call Sign,Amateur Foundation Radio Licence,Available,N
M,6,ZSI,M6ZSI,Call Sign,Amateur Foundation Radio Licence,Available,N
M,6,ZSJ,M6ZSJ,Call Sign,Amateur Foundation Radio Licence,Available,N
M,6,ZSL,M6ZSL,Call Sign,Amateur Foundation Radio Licence,Available,N
M,6,ZSM,M6ZSM,Call Sign,Amateur Foundation Radio Licence,Available,N
M,6,ZSN,M6ZSN,Call Sign,Amateur Foundation Radio Licence,Available,N
M,6,ZSO,M6ZSO,Call Sign,Amateur Foundation Radio Licence,Available,N
M,6,ZSP,M6ZSP,Call Sign,Amateur Foundation Radio Licence,Available,N
M,6,ZSQ,M6ZSQ,Call Sign,Amateur Foundation Radio Licence,Available,N
M,6,ZSS,M6ZSS,Call Sign,Amateur Foundation Radio Licence,Available,N
M,6,ZSW,M6ZSW,Call Sign,Amateur Foundation Radio Licence,Available,N
M,6,ZSX,M6ZSX,Call Sign,Amateur Foundation Radio Licence,Available,N
M,6,ZSY,M6ZSY,Call Sign,Amateur Foundation Radio Licence,Available,N
M,6,ZSZ,M6ZSZ,Call Sign,Amateur Foundation Radio Licence,Available,N
M,6,ZTB,M6ZTB,Call Sign,Amateur Foundation Radio Licence,Available,N
M,6,ZTD,M6ZTD,Call Sign,Amateur Foundation Radio Licence,Available,N
M,6,ZTE,M6ZTE,Call Sign,Amateur Foundation Radio Licence,Available,N
M,6,ZTF,M6ZTF,Call Sign,Amateur Foundation Radio Licence,Available,N
M,6,ZTG,M6ZTG,Call Sign,Amateur Foundation Radio Licence,Available,N
M,6,ZTH,M6ZTH,Call Sign,Amateur Foundation Radio Licence,Available,N
M,6,ZTI,M6ZTI,Call Sign,Amateur Foundation Radio Licence,Available,N
M,6,ZTJ,M6ZTJ,Call Sign,Amateur Foundation Radio Licence,Available,N
M,6,ZTK,M6ZTK,Call Sign,Amateur Foundation Radio Licence,Available,N
M,6,ZTL,M6ZTL,Call Sign,Amateur Foundation Radio Licence,Available,N
M,6,ZTN,M6ZTN,Call Sign,Amateur Foundation Radio Licence,Available,N
M,6,ZTQ,M6ZTQ,Call Sign,Amateur Foundation Radio Licence,Available,N
M,6,ZTR,M6ZTR,Call Sign,Amateur Foundation Radio Licence,Available,N
M,6,ZTT,M6ZTT,Call Sign,Amateur Foundation Radio Licence,Available,N
M,6,ZTU,M6ZTU,Call Sign,Amateur Foundation Radio Licence,Available,N
M,6,ZTV,M6ZTV,Call Sign,Amateur Foundation Radio Licence,Available,N
M,6,ZTW,M6ZTW,Call Sign,Amateur Foundation Radio Licence,Available,N
M,6,ZTY,M6ZTY,Call Sign,Amateur Foundation Radio Licence,Available,N
M,6,ZUA,M6ZUA,Call Sign,Amateur Foundation Radio Licence,Available,N
M,6,ZUC,M6ZUC,Call Sign,Amateur Foundation Radio Licence,Available,N
M,6,ZUD,M6ZUD,Call Sign,Amateur Foundation Radio Licence,Available,N
M,6,ZUE,M6ZUE,Call Sign,Amateur Foundation Radio Licence,Available,N
M,6,ZUF,M6ZUF,Call Sign,Amateur Foundation Radio Licence,Available,N
M,6,ZUG,M6ZUG,Call Sign,Amateur Foundation Radio Licence,Available,N
M,6,ZUH,M6ZUH,Call Sign,Amateur Foundation Radio Licence,Available,N
M,6,ZUI,M6ZUI,Call Sign,Amateur Foundation Radio Licence,Available,N
M,6,ZUJ,M6ZUJ,Call Sign,Amateur Foundation Radio Licence,Available,N
M,6,ZUL,M6ZUL,Call Sign,Amateur Foundation Radio Licence,Available,N
M,6,ZUN,M6ZUN,Call Sign,Amateur Foundation Radio Licence,Available,N
M,6,ZUO,M6ZUO,Call Sign,Amateur Foundation Radio Licence,Available,N
M,6,ZUP,M6ZUP,Call Sign,Amateur Foundation Radio Licence,Available,N
M,6,ZUQ,M6ZUQ,Call Sign,Amateur Foundation Radio Licence,Available,N
M,6,ZUR,M6ZUR,Call Sign,Amateur Foundation Radio Licence,Available,N
M,6,ZUS,M6ZUS,Call Sign,Amateur Foundation Radio Licence,Available,N
M,6,ZUV,M6ZUV,Call Sign,Amateur Foundation Radio Licence,Available,N
M,6,ZUW,M6ZUW,Call Sign,Amateur Foundation Radio Licence,Available,N
M,6,ZUX,M6ZUX,Call Sign,Amateur Foundation Radio Licence,Available,N
M,6,ZUZ,M6ZUZ,Call Sign,Amateur Foundation Radio Licence,Available,N
M,6,ZVA,M6ZVA,Call Sign,Amateur Foundation Radio Licence,Available,N
M,6,ZVB,M6ZVB,Call Sign,Amateur Foundation Radio Licence,Available,N
M,6,ZVC,M6ZVC,Call Sign,Amateur Foundation Radio Licence,Available,N
M,6,ZVE,M6ZVE,Call Sign,Amateur Foundation Radio Licence,Available,N
M,6,ZVF,M6ZVF,Call Sign,Amateur Foundation Radio Licence,Available,N
M,6,ZVG,M6ZVG,Call Sign,Amateur Foundation Radio Licence,Available,N
M,6,ZVH,M6ZVH,Call Sign,Amateur Foundation Radio Licence,Available,N
M,6,ZVI,M6ZVI,Call Sign,Amateur Foundation Radio Licence,Available,N
M,6,ZVJ,M6ZVJ,Call Sign,Amateur Foundation Radio Licence,Available,N
M,6,ZVK,M6ZVK,Call Sign,Amateur Foundation Radio Licence,Available,N
M,6,ZVM,M6ZVM,Call Sign,Amateur Foundation Radio Licence,Available,N
M,6,ZVN,M6ZVN,Call Sign,Amateur Foundation Radio Licence,Available,N
M,6,ZVO,M6ZVO,Call Sign,Amateur Foundation Radio Licence,Available,N
M,6,ZVP,M6ZVP,Call Sign,Amateur Foundation Radio Licence,Available,N
M,6,ZVQ,M6ZVQ,Call Sign,Amateur Foundation Radio Licence,Available,N
M,6,ZVR,M6ZVR,Call Sign,Amateur Foundation Radio Licence,Available,N
M,6,ZVS,M6ZVS,Call Sign,Amateur Foundation Radio Licence,Available,N
M,6,ZVT,M6ZVT,Call Sign,Amateur Foundation Radio Licence,Available,N
M,6,ZVU,M6ZVU,Call Sign,Amateur Foundation Radio Licence,Available,N
M,6,ZVV,M6ZVV,Call Sign,Amateur Foundation Radio Licence,Available,N
M,6,ZVW,M6ZVW,Call Sign,Amateur Foundation Radio Licence,Available,N
M,6,ZVX,M6ZVX,Call Sign,Amateur Foundation Radio Licence,Available,N
M,6,ZVY,M6ZVY,Call Sign,Amateur Foundation Radio Licence,Available,N
M,6,ZVZ,M6ZVZ,Call Sign,Amateur Foundation Radio Licence,Available,N
M,6,ZWA,M6ZWA,Call Sign,Amateur Foundation Radio Licence,Available,N
M,6,ZWC,M6ZWC,Call Sign,Amateur Foundation Radio Licence,Available,N
M,6,ZWD,M6ZWD,Call Sign,Amateur Foundation Radio Licence,Available,N
M,6,ZWE,M6ZWE,Call Sign,Amateur Foundation Radio Licence,Available,N
M,6,ZWF,M6ZWF,Call Sign,Amateur Foundation Radio Licence,Available,N
M,6,ZWG,M6ZWG,Call Sign,Amateur Foundation Radio Licence,Available,N
M,6,ZWH,M6ZWH,Call Sign,Amateur Foundation Radio Licence,Available,N
M,6,ZWI,M6ZWI,Call Sign,Amateur Foundation Radio Licence,Available,N
M,6,ZWJ,M6ZWJ,Call Sign,Amateur Foundation Radio Licence,Available,N
M,6,ZWK,M6ZWK,Call Sign,Amateur Foundation Radio Licence,Available,N
M,6,ZWL,M6ZWL,Call Sign,Amateur Foundation Radio Licence,Available,N
M,6,ZWM,M6ZWM,Call Sign,Amateur Foundation Radio Licence,Available,N
M,6,ZWN,M6ZWN,Call Sign,Amateur Foundation Radio Licence,Available,N
M,6,ZWO,M6ZWO,Call Sign,Amateur Foundation Radio Licence,Available,N
M,6,ZWQ,M6ZWQ,Call Sign,Amateur Foundation Radio Licence,Available,N
M,6,ZWR,M6ZWR,Call Sign,Amateur Foundation Radio Licence,Available,N
M,6,ZWS,M6ZWS,Call Sign,Amateur Foundation Radio Licence,Available,N
M,6,ZWU,M6ZWU,Call Sign,Amateur Foundation Radio Licence,Available,N
M,6,ZWV,M6ZWV,Call Sign,Amateur Foundation Radio Licence,Available,N
M,6,ZWW,M6ZWW,Call Sign,Amateur Foundation Radio Licence,Available,N
M,6,ZWX,M6ZWX,Call Sign,Amateur Foundation Radio Licence,Available,N
M,6,ZWY,M6ZWY,Call Sign,Amateur Foundation Radio Licence,Available,N
M,6,ZWZ,M6ZWZ,Call Sign,Amateur Foundation Radio Licence,Available,N
M,6,ZXD,M6ZXD,Call Sign,Amateur Foundation Radio Licence,Available,N
M,6,ZXE,M6ZXE,Call Sign,Amateur Foundation Radio Licence,Available,N
M,6,ZXF,M6ZXF,Call Sign,Amateur Foundation Radio Licence,Available,N
M,6,ZXG,M6ZXG,Call Sign,Amateur Foundation Radio Licence,Available,N
M,6,ZXJ,M6ZXJ,Call Sign,Amateur Foundation Radio Licence,Available,N
M,6,ZXK,M6ZXK,Call Sign,Amateur Foundation Radio Licence,Available,N
M,6,ZXM,M6ZXM,Call Sign,Amateur Foundation Radio Licence,Available,N
M,6,ZXN,M6ZXN,Call Sign,Amateur Foundation Radio Licence,Available,N
M,6,ZXP,M6ZXP,Call Sign,Amateur Foundation Radio Licence,Available,N
M,6,ZXQ,M6ZXQ,Call Sign,Amateur Foundation Radio Licence,Available,N
M,6,ZXS,M6ZXS,Call Sign,Amateur Foundation Radio Licence,Available,N
M,6,ZXU,M6ZXU,Call Sign,Amateur Foundation Radio Licence,Available,N
M,6,ZXV,M6ZXV,Call Sign,Amateur Foundation Radio Licence,Available,N
M,6,ZXW,M6ZXW,Call Sign,Amateur Foundation Radio Licence,Available,N
M,6,ZXX,M6ZXX,Call Sign,Amateur Foundation Radio Licence,Available,N
M,6,ZYA,M6ZYA,Call Sign,Amateur Foundation Radio Licence,Available,N
M,6,ZYB,M6ZYB,Call Sign,Amateur Foundation Radio Licence,Available,N
M,6,ZYC,M6ZYC,Call Sign,Amateur Foundation Radio Licence,Available,N
M,6,ZYD,M6ZYD,Call Sign,Amateur Foundation Radio Licence,Available,N
M,6,ZYE,M6ZYE,Call Sign,Amateur Foundation Radio Licence,Available,N
M,6,ZYF,M6ZYF,Call Sign,Amateur Foundation Radio Licence,Available,N
M,6,ZYG,M6ZYG,Call Sign,Amateur Foundation Radio Licence,Available,N
M,6,ZYH,M6ZYH,Call Sign,Amateur Foundation Radio Licence,Available,N
M,6,ZYI,M6ZYI,Call Sign,Amateur Foundation Radio Licence,Available,N
M,6,ZYJ,M6ZYJ,Call Sign,Amateur Foundation Radio Licence,Available,N
M,6,ZYL,M6ZYL,Call Sign,Amateur Foundation Radio Licence,Available,N
M,6,ZYM,M6ZYM,Call Sign,Amateur Foundation Radio Licence,Available,N
M,6,ZYN,M6ZYN,Call Sign,Amateur Foundation Radio Licence,Available,N
M,6,ZYO,M6ZYO,Call Sign,Amateur Foundation Radio Licence,Available,N
M,6,ZYP,M6ZYP,Call Sign,Amateur Foundation Radio Licence,Available,N
M,6,ZYQ,M6ZYQ,Call Sign,Amateur Foundation Radio Licence,Available,N
M,6,ZYR,M6ZYR,Call Sign,Amateur Foundation Radio Licence,Available,N
M,6,ZYS,M6ZYS,Call Sign,Amateur Foundation Radio Licence,Available,N
M,6,ZYT,M6ZYT,Call Sign,Amateur Foundation Radio Licence,Available,N
M,6,ZYU,M6ZYU,Call Sign,Amateur Foundation Radio Licence,Available,N
M,6,ZYV,M6ZYV,Call Sign,Amateur Foundation Radio Licence,Available,N
M,6,ZYW,M6ZYW,Call Sign,Amateur Foundation Radio Licence,Available,N
M,6,ZYY,M6ZYY,Call Sign,Amateur Foundation Radio Licence,Available,N
M,6,ZZB,M6ZZB,Call Sign,Amateur Foundation Radio Licence,Available,N
M,6,ZZC,M6ZZC,Call Sign,Amateur Foundation Radio Licence,Available,N
M,6,ZZF,M6ZZF,Call Sign,Amateur Foundation Radio Licence,Available,N
M,6,ZZG,M6ZZG,Call Sign,Amateur Foundation Radio Licence,Available,N
M,6,ZZH,M6ZZH,Call Sign,Amateur Foundation Radio Licence,Available,N
M,6,ZZJ,M6ZZJ,Call Sign,Amateur Foundation Radio Licence,Available,N
M,6,ZZK,M6ZZK,Call Sign,Amateur Foundation Radio Licence,Available,N
M,6,ZZL,M6ZZL,Call Sign,Amateur Foundation Radio Licence,Available,N
M,6,ZZM,M6ZZM,Call Sign,Amateur Foundation Radio Licence,Available,N
M,6,ZZN,M6ZZN,Call Sign,Amateur Foundation Radio Licence,Available,N
M,6,ZZP,M6ZZP,Call Sign,Amateur Foundation Radio Licence,Available,N
M,6,ZZU,M6ZZU,Call Sign,Amateur Foundation Radio Licence,Available,N
M,6,ZZV,M6ZZV,Call Sign,Amateur Foundation Radio Licence,Available,N
