callsign,status,licence_class,suffix
2015-06-20,Available,Amateur Intermediate Radio Licence,JUN
2015-09-20,Available,Amateur Intermediate Radio Licence,SEP
2015-10-20,Available,Amateur Intermediate Radio Licence,OCT
2015-11-20,Available,Amateur Intermediate Radio Licence,NOV
20DQF,Available,Amateur Intermediate Radio Licence,DQF
20DQG,Available,Amateur Intermediate Radio Licence,DQG
20DQH,Available,Amateur Intermediate Radio Licence,DQH
20DQI,Available,Amateur Intermediate Radio Licence,DQI
20DQJ,Available,Amateur Intermediate Radio Licence,DQJ
20DQK,Available,Amateur Intermediate Radio Licence,DQK
20DQL,Available,Amateur Intermediate Radio Licence,DQL
20DQM,Available,Amateur Intermediate Radio Licence,DQM
20DQN,Available,Amateur Intermediate Radio Licence,DQN
20DQO,Available,Amateur Intermediate Radio Licence,DQO
20DQQ,Available,Amateur Intermediate Radio Licence,DQQ
20DQT,Available,Amateur Intermediate Radio Licence,DQT
20DQU,Available,Amateur Intermediate Radio Licence,DQU
20DQV,Available,Amateur Intermediate Radio Licence,DQV
20DQW,Available,Amateur Intermediate Radio Licence,DQW
20DQX,Available,Amateur Intermediate Radio Licence,DQX
20DQZ,Available,Amateur Intermediate Radio Licence,DQZ
20DRI,Available,Amateur Intermediate Radio Licence,DRI
20DRJ,Available,Amateur Intermediate Radio Licence,DRJ
20DRL,Available,Amateur Intermediate Radio Licence,DRL
20DSD,Available,Amateur Intermediate Radio Licence,DSD
20DSQ,Available,Amateur Intermediate Radio Licence,DSQ
20DSU,Available,Amateur Intermediate Radio Licence,DSU
20DSV,Available,Amateur Intermediate Radio Licence,DSV
20DSX,Available,Amateur Intermediate Radio Licence,DSX
20DSY,Available,Amateur Intermediate Radio Licence,DSY
20DSZ,Available,Amateur Intermediate Radio Licence,DSZ
20DTF,Available,Amateur Intermediate Radio Licence,DTF
20DTJ,Available,Amateur Intermediate Radio Licence,DTJ
20DTP,Available,Amateur Intermediate Radio Licence,DTP
20DTQ,Available,Amateur Intermediate Radio Licence,DTQ
20DTS,Available,Amateur Intermediate Radio Licence,DTS
20DTU,Available,Amateur Intermediate Radio Licence,DTU
20DTY,Available,Amateur Intermediate Radio Licence,DTY
20DUA,Available,Amateur Intermediate Radio Licence,DUA
20DUE,Available,Amateur Intermediate Radio Licence,DUE
20DUF,Available,Amateur Intermediate Radio Licence,DUF
20DUH,Available,Amateur Intermediate Radio Licence,DUH
20DUI,Available,Amateur Intermediate Radio Licence,DUI
20DUJ,Available,Amateur Intermediate Radio Licence,DUJ
20DUM,Available,Amateur Intermediate Radio Licence,DUM
20DUP,Available,Amateur Intermediate Radio Licence,DUP
20DUQ,Available,Amateur Intermediate Radio Licence,DUQ
20DUS,Available,Amateur Intermediate Radio Licence,DUS
20DUT,Available,Amateur Intermediate Radio Licence,DUT
20DUU,Available,Amateur Intermediate Radio Licence,DUU
20DUV,Available,Amateur Intermediate Radio Licence,DUV
20DUW,Available,Amateur Intermediate Radio Licence,DUW
20DUX,Available,Amateur Intermediate Radio Licence,DUX
20DUY,Available,Amateur Intermediate Radio Licence,DUY
20DUZ,Available,Amateur Intermediate Radio Licence,DUZ
20DVF,Available,Amateur Intermediate Radio Licence,DVF
20DVI,Available,Amateur Intermediate Radio Licence,DVI
20DVJ,Available,Amateur Intermediate Radio Licence,DVJ
20DVM,Available,Amateur Intermediate Radio Licence,DVM
20DVO,Available,Amateur Intermediate Radio Licence,DVO
20DVQ,Available,Amateur Intermediate Radio Licence,DVQ
20DVR,Available,Amateur Intermediate Radio Licence,DVR
20DVS,Available,Amateur Intermediate Radio Licence,DVS
20DVT,Available,Amateur Intermediate Radio Licence,DVT
20DVU,Available,Amateur Intermediate Radio Licence,DVU
20DVV,Available,Amateur Intermediate Radio Licence,DVV
20DVW,Available,Amateur Intermediate Radio Licence,DVW
20DVY,Available,Amateur Intermediate Radio Licence,DVY
20DVZ,Available,Amateur Intermediate Radio Licence,DVZ
20DWD,Available,Amateur Intermediate Radio Licence,DWD
20DWE,Available,Amateur Intermediate Radio Licence,DWE
20DWF,Available,Amateur Intermediate Radio Licence,DWF
20DWG,Available,Amateur Intermediate Radio Licence,DWG
20DWH,Available,Amateur Intermediate Radio Licence,DWH
20DWK,Available,Amateur Intermediate Radio Licence,DWK
20DWO,Available,Amateur Intermediate Radio Licence,DWO
20DWQ,Available,Amateur Intermediate Radio Licence,DWQ
20DWU,Available,Amateur Intermediate Radio Licence,DWU
20DWV,Available,Amateur Intermediate Radio Licence,DWV
20DWW,Available,Amateur Intermediate Radio Licence,DWW
20DXE,Available,Amateur Intermediate Radio Licence,DXE
20DXH,Available,Amateur Intermediate Radio Licence,DXH
20DXJ,Available,Amateur Intermediate Radio Licence,DXJ
20DXK,Available,Amateur Intermediate Radio Licence,DXK
20DXL,Available,Amateur Intermediate Radio Licence,DXL
20DXQ,Available,Amateur Intermediate Radio Licence,DXQ
20DXS,Available,Amateur Intermediate Radio Licence,DXS
20DXW,Available,Amateur Intermediate Radio Licence,DXW
20DXZ,Available,Amateur Intermediate Radio Licence,DXZ
20DYA,Available,Amateur Intermediate Radio Licence,DYA
20DYE,Available,Amateur Intermediate Radio Licence,DYE
20DYF,Available,Amateur Intermediate Radio Licence,DYF
20DYG,Available,Amateur Intermediate Radio Licence,DYG
20DYH,Available,Amateur Intermediate Radio Licence,DYH
20DYI,Available,Amateur Intermediate Radio Licence,DYI
20DYJ,Available,Amateur Intermediate Radio Licence,DYJ
20DYK,Available,Amateur Intermediate Radio Licence,DYK
20DYL,Available,Amateur Intermediate Radio Licence,DYL
20DYN,Available,Amateur Intermediate Radio Licence,DYN
20DYO,Available,Amateur Intermediate Radio Licence,DYO
20DYP,Available,Amateur Intermediate Radio Licence,DYP
20DYQ,Available,Amateur Intermediate Radio Licence,DYQ
20DYR,Available,Amateur Intermediate Radio Licence,DYR
20DYS,Available,Amateur Intermediate Radio Licence,DYS
20DYT,Available,Amateur Intermediate Radio Licence,DYT
20DYU,Available,Amateur Intermediate Radio Licence,DYU
20DYV,Available,Amateur Intermediate Radio Licence,DYV
20DYW,Available,Amateur Intermediate Radio Licence,DYW
20DYX,Available,Amateur Intermediate Radio Licence,DYX
20DYY,Available,Amateur Intermediate Radio Licence,DYY
20DZA,Available,Amateur Intermediate Radio Licence,DZA
20DZB,Available,Amateur Intermediate Radio Licence,DZB
20DZC,Available,Amateur Intermediate Radio Licence,DZC
20DZD,Available,Amateur Intermediate Radio Licence,DZD
20DZE,Available,Amateur Intermediate Radio Licence,DZE
20DZF,Available,Amateur Intermediate Radio Licence,DZF
20DZG,Available,Amateur Intermediate Radio Licence,DZG
20DZH,Available,Amateur Intermediate Radio Licence,DZH
20DZI,Available,Amateur Intermediate Radio Licence,DZI
20DZJ,Available,Amateur Intermediate Radio Licence,DZJ
20DZK,Available,Amateur Intermediate Radio Licence,DZK
20DZM,Available,Amateur Intermediate Radio Licence,DZM
20DZN,Available,Amateur Intermediate Radio Licence,DZN
20DZO,Available,Amateur Intermediate Radio Licence,DZO
20DZP,Available,Amateur Intermediate Radio Licence,DZP
20DZQ,Available,Amateur Intermediate Radio Licence,DZQ
20DZR,Available,Amateur Intermediate Radio Licence,DZR
20DZT,Available,Amateur Intermediate Radio Licence,DZT
20DZW,Available,Amateur Intermediate Radio Licence,DZW
20DZX,Available,Amateur Intermediate Radio Licence,DZX
20DZY,Available,Amateur Intermediate Radio Licence,DZY
20EBH,Available,Amateur Intermediate Radio Licence,EBH
20EBI,Available,Amateur Intermediate Radio Licence,EBI
20EBL,Available,Amateur Intermediate Radio Licence,EBL
20EBP,Available,Amateur Intermediate Radio Licence,EBP
20EBQ,Available,Amateur Intermediate Radio Licence,EBQ
20EBU,Available,Amateur Intermediate Radio Licence,EBU
20EBW,Available,Amateur Intermediate Radio Licence,EBW
20EBX,Available,Amateur Intermediate Radio Licence,EBX
20EBY,Available,Amateur Intermediate Radio Licence,EBY
20EBZ,Available,Amateur Intermediate Radio Licence,EBZ
20ECB,Available,Amateur Intermediate Radio Licence,ECB
20ECE,Available,Amateur Intermediate Radio Licence,ECE
20ECF,Available,Amateur Intermediate Radio Licence,ECF
20ECH,Available,Amateur Intermediate Radio Licence,ECH
20ECJ,Available,Amateur Intermediate Radio Licence,ECJ
20ECP,Available,Amateur Intermediate Radio Licence,ECP
20ECQ,Available,Amateur Intermediate Radio Licence,ECQ
20ECT,Available,Amateur Intermediate Radio Licence,ECT
20ECU,Available,Amateur Intermediate Radio Licence,ECU
20ECV,Available,Amateur Intermediate Radio Licence,ECV
20ECX,Available,Amateur Intermediate Radio Licence,ECX
20ECY,Available,Amateur Intermediate Radio Licence,ECY
20EDA,Available,Amateur Intermediate Radio Licence,EDA
20EDB,Available,Amateur Intermediate Radio Licence,EDB
20EDC,Available,Amateur Intermediate Radio Licence,EDC
20EDF,Available,Amateur Intermediate Radio Licence,EDF
20EDH,Available,Amateur Intermediate Radio Licence,EDH
20EDN,Available,Amateur Intermediate Radio Licence,EDN
20EDO,Available,Amateur Intermediate Radio Licence,EDO
20EDR,Available,Amateur Intermediate Radio Licence,EDR
20EDV,Available,Amateur Intermediate Radio Licence,EDV
20EEC,Available,Amateur Intermediate Radio Licence,EEC
20EEF,Available,Amateur Intermediate Radio Licence,EEF
20EEG,Available,Amateur Intermediate Radio Licence,EEG
20EEH,Available,Amateur Intermediate Radio Licence,EEH
20EEI,Available,Amateur Intermediate Radio Licence,EEI
20EEJ,Available,Amateur Intermediate Radio Licence,EEJ
20EEL,Available,Amateur Intermediate Radio Licence,EEL
20EEN,Available,Amateur Intermediate Radio Licence,EEN
20EEP,Available,Amateur Intermediate Radio Licence,EEP
20EEQ,Available,Amateur Intermediate Radio Licence,EEQ
20EES,Available,Amateur Intermediate Radio Licence,EES
20EEU,Available,Amateur Intermediate Radio Licence,EEU
20EEV,Available,Amateur Intermediate Radio Licence,EEV
20EEW,Available,Amateur Intermediate Radio Licence,EEW
20EEX,Available,Amateur Intermediate Radio Licence,EEX
20EEZ,Available,Amateur Intermediate Radio Licence,EEZ
20EFD,Available,Amateur Intermediate Radio Licence,EFD
20EFF,Available,Amateur Intermediate Radio Licence,EFF
20EFG,Available,Amateur Intermediate Radio Licence,EFG
20EFJ,Available,Amateur Intermediate Radio Licence,EFJ
20EFK,Available,Amateur Intermediate Radio Licence,EFK
20EFL,Available,Amateur Intermediate Radio Licence,EFL
20EFN,Available,Amateur Intermediate Radio Licence,EFN
20EFO,Available,Amateur Intermediate Radio Licence,EFO
20EFP,Available,Amateur Intermediate Radio Licence,EFP
20EFQ,Available,Amateur Intermediate Radio Licence,EFQ
20EFS,Available,Amateur Intermediate Radio Licence,EFS
20EFT,Available,Amateur Intermediate Radio Licence,EFT
20EFU,Available,Amateur Intermediate Radio Licence,EFU
20EFV,Available,Amateur Intermediate Radio Licence,EFV
20EFW,Available,Amateur Intermediate Radio Licence,EFW
20EFY,Available,Amateur Intermediate Radio Licence,EFY
20EFZ,Available,Amateur Intermediate Radio Licence,EFZ
20EGA,Available,Amateur Intermediate Radio Licence,EGA
20EGC,Available,Amateur Intermediate Radio Licence,EGC
20EGD,Available,Amateur Intermediate Radio Licence,EGD
20EGE,Available,Amateur Intermediate Radio Licence,EGE
20EGH,Available,Amateur Intermediate Radio Licence,EGH
20EGJ,Available,Amateur Intermediate Radio Licence,EGJ
20EGL,Available,Amateur Intermediate Radio Licence,EGL
20EGM,Available,Amateur Intermediate Radio Licence,EGM
20EGO,Available,Amateur Intermediate Radio Licence,EGO
20EGQ,Available,Amateur Intermediate Radio Licence,EGQ
20EGS,Available,Amateur Intermediate Radio Licence,EGS
20EGU,Available,Amateur Intermediate Radio Licence,EGU
20EGV,Available,Amateur Intermediate Radio Licence,EGV
20EGW,Available,Amateur Intermediate Radio Licence,EGW
20EGX,Available,Amateur Intermediate Radio Licence,EGX
20EGY,Available,Amateur Intermediate Radio Licence,EGY
20EGZ,Available,Amateur Intermediate Radio Licence,EGZ
20EHA,Available,Amateur Intermediate Radio Licence,EHA
20EHC,Available,Amateur Intermediate Radio Licence,EHC
20EHE,Available,Amateur Intermediate Radio Licence,EHE
20EHH,Available,Amateur Intermediate Radio Licence,EHH
20EHI,Available,Amateur Intermediate Radio Licence,EHI
20EHJ,Available,Amateur Intermediate Radio Licence,EHJ
20EHK,Available,Amateur Intermediate Radio Licence,EHK
20EHL,Available,Amateur Intermediate Radio Licence,EHL
20EHM,Available,Amateur Intermediate Radio Licence,EHM
20EHN,Available,Amateur Intermediate Radio Licence,EHN
20EHO,Available,Amateur Intermediate Radio Licence,EHO
20EHP,Available,Amateur Intermediate Radio Licence,EHP
20EHQ,Available,Amateur Intermediate Radio Licence,EHQ
20EHR,Available,Amateur Intermediate Radio Licence,EHR
20EHS,Available,Amateur Intermediate Radio Licence,EHS
20EHU,Available,Amateur Intermediate Radio Licence,EHU
20EHW,Available,Amateur Intermediate Radio Licence,EHW
20EHX,Available,Amateur Intermediate Radio Licence,EHX
20EHY,Available,Amateur Intermediate Radio Licence,EHY
20EIA,Available,Amateur Intermediate Radio Licence,EIA
20EIC,Available,Amateur Intermediate Radio Licence,EIC
20EID,Available,Amateur Intermediate Radio Licence,EID
20EIE,Available,Amateur Intermediate Radio Licence,EIE
20EIF,Available,Amateur Intermediate Radio Licence,EIF
20EIH,Available,Amateur Intermediate Radio Licence,EIH
20EIJ,Available,Amateur Intermediate Radio Licence,EIJ
20EIK,Available,Amateur Intermediate Radio Licence,EIK
20EIL,Available,Amateur Intermediate Radio Licence,EIL
20EIM,Available,Amateur Intermediate Radio Licence,EIM
20EIN,Available,Amateur Intermediate Radio Licence,EIN
20EIP,Available,Amateur Intermediate Radio Licence,EIP
20EIQ,Available,Amateur Intermediate Radio Licence,EIQ
20EIT,Available,Amateur Intermediate Radio Licence,EIT
20EIU,Available,Amateur Intermediate Radio Licence,EIU
20EIV,Available,Amateur Intermediate Radio Licence,EIV
20EIX,Available,Amateur Intermediate Radio Licence,EIX
20EIY,Available,Amateur Intermediate Radio Licence,EIY
20EIZ,Available,Amateur Intermediate Radio Licence,EIZ
20EJC,Available,Amateur Intermediate Radio Licence,EJC
20EJD,Available,Amateur Intermediate Radio Licence,EJD
20EJE,Available,Amateur Intermediate Radio Licence,EJE
20EJG,Available,Amateur Intermediate Radio Licence,EJG
20EJI,Available,Amateur Intermediate Radio Licence,EJI
20EJJ,Available,Amateur Intermediate Radio Licence,EJJ
20EJN,Available,Amateur Intermediate Radio Licence,EJN
20EJO,Available,Amateur Intermediate Radio Licence,EJO
20EJP,Available,Amateur Intermediate Radio Licence,EJP
20EJQ,Available,Amateur Intermediate Radio Licence,EJQ
20EJV,Available,Amateur Intermediate Radio Licence,EJV
20EJY,Available,Amateur Intermediate Radio Licence,EJY
20EJZ,Available,Amateur Intermediate Radio Licence,EJZ
20EKA,Available,Amateur Intermediate Radio Licence,EKA
20EKC,Available,Amateur Intermediate Radio Licence,EKC
20EKD,Available,Amateur Intermediate Radio Licence,EKD
20EKE,Available,Amateur Intermediate Radio Licence,EKE
20EKI,Available,Amateur Intermediate Radio Licence,EKI
20EKJ,Available,Amateur Intermediate Radio Licence,EKJ
20EKK,Available,Amateur Intermediate Radio Licence,EKK
20EKM,Available,Amateur Intermediate Radio Licence,EKM
20EKO,Available,Amateur Intermediate Radio Licence,EKO
20EKP,Available,Amateur Intermediate Radio Licence,EKP
20EKQ,Available,Amateur Intermediate Radio Licence,EKQ
20EKS,Available,Amateur Intermediate Radio Licence,EKS
20EKT,Available,Amateur Intermediate Radio Licence,EKT
20EKU,Available,Amateur Intermediate Radio Licence,EKU
20EKV,Available,Amateur Intermediate Radio Licence,EKV
20EKW,Available,Amateur Intermediate Radio Licence,EKW
20EKX,Available,Amateur Intermediate Radio Licence,EKX
20EKY,Available,Amateur Intermediate Radio Licence,EKY
20EKZ,Available,Amateur Intermediate Radio Licence,EKZ
20ELA,Available,Amateur Intermediate Radio Licence,ELA
20ELB,Available,Amateur Intermediate Radio Licence,ELB
20ELE,Available,Amateur Intermediate Radio Licence,ELE
20ELH,Available,Amateur Intermediate Radio Licence,ELH
20ELJ,Available,Amateur Intermediate Radio Licence,ELJ
20ELN,Available,Amateur Intermediate Radio Licence,ELN
20ELQ,Available,Amateur Intermediate Radio Licence,ELQ
20ELR,Available,Amateur Intermediate Radio Licence,ELR
20ELU,Available,Amateur Intermediate Radio Licence,ELU
20ELX,Available,Amateur Intermediate Radio Licence,ELX
20ELZ,Available,Amateur Intermediate Radio Licence,ELZ
20EMH,Available,Amateur Intermediate Radio Licence,EMH
20EMK,Available,Amateur Intermediate Radio Licence,EMK
20EMN,Available,Amateur Intermediate Radio Licence,EMN
20EMQ,Available,Amateur Intermediate Radio Licence,EMQ
20EMY,Available,Amateur Intermediate Radio Licence,EMY
20EMZ,Available,Amateur Intermediate Radio Licence,EMZ
20ENA,Available,Amateur Intermediate Radio Licence,ENA
20ENB,Available,Amateur Intermediate Radio Licence,ENB
20ENC,Available,Amateur Intermediate Radio Licence,ENC
20ENE,Available,Amateur Intermediate Radio Licence,ENE
20ENF,Available,Amateur Intermediate Radio Licence,ENF
20ENH,Available,Amateur Intermediate Radio Licence,ENH
20ENI,Available,Amateur Intermediate Radio Licence,ENI
20ENJ,Available,Amateur Intermediate Radio Licence,ENJ
20ENK,Available,Amateur Intermediate Radio Licence,ENK
20ENL,Available,Amateur Intermediate Radio Licence,ENL
20ENM,Available,Amateur Intermediate Radio Licence,ENM
20ENS,Available,Amateur Intermediate Radio Licence,ENS
20ENU,Available,Amateur Intermediate Radio Licence,ENU
20ENV,Available,Amateur Intermediate Radio Licence,ENV
20ENX,Available,Amateur Intermediate Radio Licence,ENX
20ENY,Available,Amateur Intermediate Radio Licence,ENY
20EOA,Available,Amateur Intermediate Radio Licence,EOA
20EOC,Available,Amateur Intermediate Radio Licence,EOC
20EOH,Available,Amateur Intermediate Radio Licence,EOH
20EOI,Available,Amateur Intermediate Radio Licence,EOI
20EON,Available,Amateur Intermediate Radio Licence,EON
20EOQ,Available,Amateur Intermediate Radio Licence,EOQ
20EOR,Available,Amateur Intermediate Radio Licence,EOR
20EOT,Available,Amateur Intermediate Radio Licence,EOT
20EOV,Available,Amateur Intermediate Radio Licence,EOV
20EOX,Available,Amateur Intermediate Radio Licence,EOX
20EOY,Available,Amateur Intermediate Radio Licence,EOY
20EOZ,Available,Amateur Intermediate Radio Licence,EOZ
20EPA,Available,Amateur Intermediate Radio Licence,EPA
20EPB,Available,Amateur Intermediate Radio Licence,EPB
20EPD,Available,Amateur Intermediate Radio Licence,EPD
20EPF,Available,Amateur Intermediate Radio Licence,EPF
20EPG,Available,Amateur Intermediate Radio Licence,EPG
20EPH,Available,Amateur Intermediate Radio Licence,EPH
20EPI,Available,Amateur Intermediate Radio Licence,EPI
20EPJ,Available,Amateur Intermediate Radio Licence,EPJ
20EPK,Available,Amateur Intermediate Radio Licence,EPK
20EPL,Available,Amateur Intermediate Radio Licence,EPL
20EPN,Available,Amateur Intermediate Radio Licence,EPN
20EPP,Available,Amateur Intermediate Radio Licence,EPP
20EPQ,Available,Amateur Intermediate Radio Licence,EPQ
20EPS,Available,Amateur Intermediate Radio Licence,EPS
20EPU,Available,Amateur Intermediate Radio Licence,EPU
20EPV,Available,Amateur Intermediate Radio Licence,EPV
20EPX,Available,Amateur Intermediate Radio Licence,EPX
20EPY,Available,Amateur Intermediate Radio Licence,EPY
20EPZ,Available,Amateur Intermediate Radio Licence,EPZ
20EQA,Available,Amateur Intermediate Radio Licence,EQA
20EQB,Available,Amateur Intermediate Radio Licence,EQB
20EQD,Available,Amateur Intermediate Radio Licence,EQD
20EQE,Available,Amateur Intermediate Radio Licence,EQE
20EQF,Available,Amateur Intermediate Radio Licence,EQF
20EQG,Available,Amateur Intermediate Radio Licence,EQG
20EQH,Available,Amateur Intermediate Radio Licence,EQH
20EQI,Available,Amateur Intermediate Radio Licence,EQI
20EQJ,Available,Amateur Intermediate Radio Licence,EQJ
20EQK,Available,Amateur Intermediate Radio Licence,EQK
20EQL,Available,Amateur Intermediate Radio Licence,EQL
20EQM,Available,Amateur Intermediate Radio Licence,EQM
20EQN,Available,Amateur Intermediate Radio Licence,EQN
20EQO,Available,Amateur Intermediate Radio Licence,EQO
20EQP,Available,Amateur Intermediate Radio Licence,EQP
20EQQ,Available,Amateur Intermediate Radio Licence,EQQ
20EQT,Available,Amateur Intermediate Radio Licence,EQT
20EQU,Available,Amateur Intermediate Radio Licence,EQU
20EQV,Available,Amateur Intermediate Radio Licence,EQV
20EQW,Available,Amateur Intermediate Radio Licence,EQW
20EQY,Available,Amateur Intermediate Radio Licence,EQY
20EQZ,Available,Amateur Intermediate Radio Licence,EQZ
20ERB,Available,Amateur Intermediate Radio Licence,ERB
20ERH,Available,Amateur Intermediate Radio Licence,ERH
20ERI,Available,Amateur Intermediate Radio Licence,ERI
20ERJ,Available,Amateur Intermediate Radio Licence,ERJ
20ERL,Available,Amateur Intermediate Radio Licence,ERL
20ERO,Available,Amateur Intermediate Radio Licence,ERO
20ERQ,Available,Amateur Intermediate Radio Licence,ERQ
20ERR,Available,Amateur Intermediate Radio Licence,ERR
20ERU,Available,Amateur Intermediate Radio Licence,ERU
20ERW,Available,Amateur Intermediate Radio Licence,ERW
20ERX,Available,Amateur Intermediate Radio Licence,ERX
20ERY,Available,Amateur Intermediate Radio Licence,ERY
20ERZ,Available,Amateur Intermediate Radio Licence,ERZ
20ESB,Available,Amateur Intermediate Radio Licence,ESB
20ESE,Available,Amateur Intermediate Radio Licence,ESE
20ESF,Available,Amateur Intermediate Radio Licence,ESF
20ESG,Available,Amateur Intermediate Radio Licence,ESG
20ESH,Available,Amateur Intermediate Radio Licence,ESH
20ESI,Available,Amateur Intermediate Radio Licence,ESI
20ESK,Available,Amateur Intermediate Radio Licence,ESK
20ESN,Available,Amateur Intermediate Radio Licence,ESN
20ESQ,Available,Amateur Intermediate Radio Licence,ESQ
20ESV,Available,Amateur Intermediate Radio Licence,ESV
20ESY,Available,Amateur Intermediate Radio Licence,ESY
20ESZ,Available,Amateur Intermediate Radio Licence,ESZ
20ETF,Available,Amateur Intermediate Radio Licence,ETF
20ETG,Available,Amateur Intermediate Radio Licence,ETG
20ETI,Available,Amateur Intermediate Radio Licence,ETI
20ETJ,Available,Amateur Intermediate Radio Licence,ETJ
20ETK,Available,Amateur Intermediate Radio Licence,ETK
20ETL,Available,Amateur Intermediate Radio Licence,ETL
20ETQ,Available,Amateur Intermediate Radio Licence,ETQ
20ETS,Available,Amateur Intermediate Radio Licence,ETS
20ETU,Available,Amateur Intermediate Radio Licence,ETU
20ETY,Available,Amateur Intermediate Radio Licence,ETY
20ETZ,Available,Amateur Intermediate Radio Licence,ETZ
20EUB,Available,Amateur Intermediate Radio Licence,EUB
20EUC,Available,Amateur Intermediate Radio Licence,EUC
20EUD,Available,Amateur Intermediate Radio Licence,EUD
20EUE,Available,Amateur Intermediate Radio Licence,EUE
20EUF,Available,Amateur Intermediate Radio Licence,EUF
20EUG,Available,Amateur Intermediate Radio Licence,EUG
20EUH,Available,Amateur Intermediate Radio Licence,EUH
20EUI,Available,Amateur Intermediate Radio Licence,EUI
20EUJ,Available,Amateur Intermediate Radio Licence,EUJ
20EUL,Available,Amateur Intermediate Radio Licence,EUL
20EUM,Available,Amateur Intermediate Radio Licence,EUM
20EUP,Available,Amateur Intermediate Radio Licence,EUP
20EUQ,Available,Amateur Intermediate Radio Licence,EUQ
20EUT,Available,Amateur Intermediate Radio Licence,EUT
20EUU,Available,Amateur Intermediate Radio Licence,EUU
20EUV,Available,Amateur Intermediate Radio Licence,EUV
20EUW,Available,Amateur Intermediate Radio Licence,EUW
20EUX,Available,Amateur Intermediate Radio Licence,EUX
20EUY,Available,Amateur Intermediate Radio Licence,EUY
20EUZ,Available,Amateur Intermediate Radio Licence,EUZ
20EVC,Available,Amateur Intermediate Radio Licence,EVC
20EVF,Available,Amateur Intermediate Radio Licence,EVF
20EVH,Available,Amateur Intermediate Radio Licence,EVH
20EVI,Available,Amateur Intermediate Radio Licence,EVI
20EVL,Available,Amateur Intermediate Radio Licence,EVL
20EVM,Available,Amateur Intermediate Radio Licence,EVM
20EVN,Available,Amateur Intermediate Radio Licence,EVN
20EVQ,Available,Amateur Intermediate Radio Licence,EVQ
20EVR,Available,Amateur Intermediate Radio Licence,EVR
20EVT,Available,Amateur Intermediate Radio Licence,EVT
20EVU,Available,Amateur Intermediate Radio Licence,EVU
20EVV,Available,Amateur Intermediate Radio Licence,EVV
20EVW,Available,Amateur Intermediate Radio Licence,EVW
20EVY,Available,Amateur Intermediate Radio Licence,EVY
20EWB,Available,Amateur Intermediate Radio Licence,EWB
20EWC,Available,Amateur Intermediate Radio Licence,EWC
20EWD,Available,Amateur Intermediate Radio Licence,EWD
20EWF,Available,Amateur Intermediate Radio Licence,EWF
20EWG,Available,Amateur Intermediate Radio Licence,EWG
20EWH,Available,Amateur Intermediate Radio Licence,EWH
20EWI,Available,Amateur Intermediate Radio Licence,EWI
20EWJ,Available,Amateur Intermediate Radio Licence,EWJ
20EWK,Available,Amateur Intermediate Radio Licence,EWK
20EWN,Available,Amateur Intermediate Radio Licence,EWN
20EWO,Available,Amateur Intermediate Radio Licence,EWO
20EWQ,Available,Amateur Intermediate Radio Licence,EWQ
20EWR,Available,Amateur Intermediate Radio Licence,EWR
20EWT,Available,Amateur Intermediate Radio Licence,EWT
20EWU,Available,Amateur Intermediate Radio Licence,EWU
20EWV,Available,Amateur Intermediate Radio Licence,EWV
20EWX,Available,Amateur Intermediate Radio Licence,EWX
20EWY,Available,Amateur Intermediate Radio Licence,EWY
20EWZ,Available,Amateur Intermediate Radio Licence,EWZ
20EXA,Available,Amateur Intermediate Radio Licence,EXA
20EXB,Available,Amateur Intermediate Radio Licence,EXB
20EXF,Available,Amateur Intermediate Radio Licence,EXF
20EXG,Available,Amateur Intermediate Radio Licence,EXG
20EXH,Available,Amateur Intermediate Radio Licence,EXH
20EXI,Available,Amateur Intermediate Radio Licence,EXI
20EXK,Available,Amateur Intermediate Radio Licence,EXK
20EXM,Available,Amateur Intermediate Radio Licence,EXM
20EXN,Available,Amateur Intermediate Radio Licence,EXN
20EXQ,Available,Amateur Intermediate Radio Licence,EXQ
20EXT,Available,Amateur Intermediate Radio Licence,EXT
20EXU,Available,Amateur Intermediate Radio Licence,EXU
20EXV,Available,Amateur Intermediate Radio Licence,EXV
20EXW,Available,Amateur Intermediate Radio Licence,EXW
20EXZ,Available,Amateur Intermediate Radio Licence,EXZ
20EYA,Available,Amateur Intermediate Radio Licence,EYA
20EYB,Available,Amateur Intermediate Radio Licence,EYB
20EYD,Available,Amateur Intermediate Radio Licence,EYD
20EYF,Available,Amateur Intermediate Radio Licence,EYF
20EYG,Available,Amateur Intermediate Radio Licence,EYG
20EYH,Available,Amateur Intermediate Radio Licence,EYH
20EYI,Available,Amateur Intermediate Radio Licence,EYI
20EYJ,Available,Amateur Intermediate Radio Licence,EYJ
20EYK,Available,Amateur Intermediate Radio Licence,EYK
20EYL,Available,Amateur Intermediate Radio Licence,EYL
20EYM,Available,Amateur Intermediate Radio Licence,EYM
20EYN,Available,Amateur Intermediate Radio Licence,EYN
20EYO,Available,Amateur Intermediate Radio Licence,EYO
20EYR,Available,Amateur Intermediate Radio Licence,EYR
20EYS,Available,Amateur Intermediate Radio Licence,EYS
20EYT,Available,Amateur Intermediate Radio Licence,EYT
20EYU,Available,Amateur Intermediate Radio Licence,EYU
20EYV,Available,Amateur Intermediate Radio Licence,EYV
20EYW,Available,Amateur Intermediate Radio Licence,EYW
20EYY,Available,Amateur Intermediate Radio Licence,EYY
20EZA,Available,Amateur Intermediate Radio Licence,EZA
20EZC,Available,Amateur Intermediate Radio Licence,EZC
20EZF,Available,Amateur Intermediate Radio Licence,EZF
20EZG,Available,Amateur Intermediate Radio Licence,EZG
20EZH,Available,Amateur Intermediate Radio Licence,EZH
20EZJ,Available,Amateur Intermediate Radio Licence,EZJ
20EZK,Available,Amateur Intermediate Radio Licence,EZK
20EZM,Available,Amateur Intermediate Radio Licence,EZM
20EZO,Available,Amateur Intermediate Radio Licence,EZO
20EZP,Available,Amateur Intermediate Radio Licence,EZP
20EZR,Available,Amateur Intermediate Radio Licence,EZR
20EZS,Available,Amateur Intermediate Radio Licence,EZS
20EZT,Available,Amateur Intermediate Radio Licence,EZT
20EZU,Available,Amateur Intermediate Radio Licence,EZU
20EZV,Available,Amateur Intermediate Radio Licence,EZV
20EZZ,Available,Amateur Intermediate Radio Licence,EZZ
20FBJ,Available,Amateur Intermediate Radio Licence,FBJ
20FBN,Available,Amateur Intermediate Radio Licence,FBN
20FBO,Available,Amateur Intermediate Radio Licence,FBO
20FBP,Available,Amateur Intermediate Radio Licence,FBP
20FBQ,Available,Amateur Intermediate Radio Licence,FBQ
20FBR,Available,Amateur Intermediate Radio Licence,FBR
20FBT,Available,Amateur Intermediate Radio Licence,FBT
20FBU,Available,Amateur Intermediate Radio Licence,FBU
20FBV,Available,Amateur Intermediate Radio Licence,FBV
20FBW,Available,Amateur Intermediate Radio Licence,FBW
20FBX,Available,Amateur Intermediate Radio Licence,FBX
20FBZ,Available,Amateur Intermediate Radio Licence,FBZ
20FCB,Available,Amateur Intermediate Radio Licence,FCB
20FCD,Available,Amateur Intermediate Radio Licence,FCD
20FCE,Available,Amateur Intermediate Radio Licence,FCE
20FCF,Available,Amateur Intermediate Radio Licence,FCF
20FCG,Available,Amateur Intermediate Radio Licence,FCG
20FCJ,Available,Amateur Intermediate Radio Licence,FCJ
20FCO,Available,Amateur Intermediate Radio Licence,FCO
20FCP,Available,Amateur Intermediate Radio Licence,FCP
20FCQ,Available,Amateur Intermediate Radio Licence,FCQ
20FCS,Available,Amateur Intermediate Radio Licence,FCS
20FCT,Available,Amateur Intermediate Radio Licence,FCT
20FCV,Available,Amateur Intermediate Radio Licence,FCV
20FCX,Available,Amateur Intermediate Radio Licence,FCX
20FDA,Available,Amateur Intermediate Radio Licence,FDA
20FDB,Available,Amateur Intermediate Radio Licence,FDB
20FDC,Available,Amateur Intermediate Radio Licence,FDC
20FDE,Available,Amateur Intermediate Radio Licence,FDE
20FDF,Available,Amateur Intermediate Radio Licence,FDF
20FDH,Available,Amateur Intermediate Radio Licence,FDH
20FDI,Available,Amateur Intermediate Radio Licence,FDI
20FDK,Available,Amateur Intermediate Radio Licence,FDK
20FDL,Available,Amateur Intermediate Radio Licence,FDL
20FDM,Available,Amateur Intermediate Radio Licence,FDM
20FDN,Available,Amateur Intermediate Radio Licence,FDN
20FDO,Available,Amateur Intermediate Radio Licence,FDO
20FDP,Available,Amateur Intermediate Radio Licence,FDP
20FDQ,Available,Amateur Intermediate Radio Licence,FDQ
20FDR,Available,Amateur Intermediate Radio Licence,FDR
20FDS,Available,Amateur Intermediate Radio Licence,FDS
20FDT,Available,Amateur Intermediate Radio Licence,FDT
20FDU,Available,Amateur Intermediate Radio Licence,FDU
20FDV,Available,Amateur Intermediate Radio Licence,FDV
20FDW,Available,Amateur Intermediate Radio Licence,FDW
20FEA,Available,Amateur Intermediate Radio Licence,FEA
20FEE,Available,Amateur Intermediate Radio Licence,FEE
20FEF,Available,Amateur Intermediate Radio Licence,FEF
20FEG,Available,Amateur Intermediate Radio Licence,FEG
20FEH,Available,Amateur Intermediate Radio Licence,FEH
20FEI,Available,Amateur Intermediate Radio Licence,FEI
20FEJ,Available,Amateur Intermediate Radio Licence,FEJ
20FEL,Available,Amateur Intermediate Radio Licence,FEL
20FEM,Available,Amateur Intermediate Radio Licence,FEM
20FEN,Available,Amateur Intermediate Radio Licence,FEN
20FEP,Available,Amateur Intermediate Radio Licence,FEP
20FEQ,Available,Amateur Intermediate Radio Licence,FEQ
20FEV,Available,Amateur Intermediate Radio Licence,FEV
20FEZ,Available,Amateur Intermediate Radio Licence,FEZ
20FFB,Available,Amateur Intermediate Radio Licence,FFB
20FFC,Available,Amateur Intermediate Radio Licence,FFC
20FFD,Available,Amateur Intermediate Radio Licence,FFD
20FFI,Available,Amateur Intermediate Radio Licence,FFI
20FFJ,Available,Amateur Intermediate Radio Licence,FFJ
20FFK,Available,Amateur Intermediate Radio Licence,FFK
20FFN,Available,Amateur Intermediate Radio Licence,FFN
20FFO,Available,Amateur Intermediate Radio Licence,FFO
20FFP,Available,Amateur Intermediate Radio Licence,FFP
20FFT,Available,Amateur Intermediate Radio Licence,FFT
20FFU,Available,Amateur Intermediate Radio Licence,FFU
20FFV,Available,Amateur Intermediate Radio Licence,FFV
20FFX,Available,Amateur Intermediate Radio Licence,FFX
20FFZ,Available,Amateur Intermediate Radio Licence,FFZ
20FGA,Available,Amateur Intermediate Radio Licence,FGA
20FGB,Available,Amateur Intermediate Radio Licence,FGB
20FGC,Available,Amateur Intermediate Radio Licence,FGC
20FGD,Available,Amateur Intermediate Radio Licence,FGD
20FGE,Available,Amateur Intermediate Radio Licence,FGE
20FGF,Available,Amateur Intermediate Radio Licence,FGF
20FGG,Available,Amateur Intermediate Radio Licence,FGG
20FGJ,Available,Amateur Intermediate Radio Licence,FGJ
20FGK,Available,Amateur Intermediate Radio Licence,FGK
20FGL,Available,Amateur Intermediate Radio Licence,FGL
20FGM,Available,Amateur Intermediate Radio Licence,FGM
20FGN,Available,Amateur Intermediate Radio Licence,FGN
20FGO,Available,Amateur Intermediate Radio Licence,FGO
20FGP,Available,Amateur Intermediate Radio Licence,FGP
20FGR,Available,Amateur Intermediate Radio Licence,FGR
20FGS,Available,Amateur Intermediate Radio Licence,FGS
20FGU,Available,Amateur Intermediate Radio Licence,FGU
20FGV,Available,Amateur Intermediate Radio Licence,FGV
20FGX,Available,Amateur Intermediate Radio Licence,FGX
20FGZ,Available,Amateur Intermediate Radio Licence,FGZ
20FHA,Available,Amateur Intermediate Radio Licence,FHA
20FHB,Available,Amateur Intermediate Radio Licence,FHB
20FHC,Available,Amateur Intermediate Radio Licence,FHC
20FHD,Available,Amateur Intermediate Radio Licence,FHD
20FHE,Available,Amateur Intermediate Radio Licence,FHE
20FHF,Available,Amateur Intermediate Radio Licence,FHF
20FHH,Available,Amateur Intermediate Radio Licence,FHH
20FHI,Available,Amateur Intermediate Radio Licence,FHI
20FHJ,Available,Amateur Intermediate Radio Licence,FHJ
20FHK,Available,Amateur Intermediate Radio Licence,FHK
20FHL,Available,Amateur Intermediate Radio Licence,FHL
20FHM,Available,Amateur Intermediate Radio Licence,FHM
20FHN,Available,Amateur Intermediate Radio Licence,FHN
20FHO,Available,Amateur Intermediate Radio Licence,FHO
20FHP,Available,Amateur Intermediate Radio Licence,FHP
20FHQ,Available,Amateur Intermediate Radio Licence,FHQ
20FHT,Available,Amateur Intermediate Radio Licence,FHT
20FHV,Available,Amateur Intermediate Radio Licence,FHV
20FHW,Available,Amateur Intermediate Radio Licence,FHW
20FHX,Available,Amateur Intermediate Radio Licence,FHX
20FHY,Available,Amateur Intermediate Radio Licence,FHY
20FHZ,Available,Amateur Intermediate Radio Licence,FHZ
20FID,Available,Amateur Intermediate Radio Licence,FID
20FIE,Available,Amateur Intermediate Radio Licence,FIE
20FIH,Available,Amateur Intermediate Radio Licence,FIH
20FII,Available,Amateur Intermediate Radio Licence,FII
20FIJ,Available,Amateur Intermediate Radio Licence,FIJ
20FIK,Available,Amateur Intermediate Radio Licence,FIK
20FIM,Available,Amateur Intermediate Radio Licence,FIM
20FIO,Available,Amateur Intermediate Radio Licence,FIO
20FIP,Available,Amateur Intermediate Radio Licence,FIP
20FIS,Available,Amateur Intermediate Radio Licence,FIS
20FIU,Available,Amateur Intermediate Radio Licence,FIU
20FIV,Available,Amateur Intermediate Radio Licence,FIV
20FIW,Available,Amateur Intermediate Radio Licence,FIW
20FIY,Available,Amateur Intermediate Radio Licence,FIY
20FJB,Available,Amateur Intermediate Radio Licence,FJB
20FJC,Available,Amateur Intermediate Radio Licence,FJC
20FJD,Available,Amateur Intermediate Radio Licence,FJD
20FJE,Available,Amateur Intermediate Radio Licence,FJE
20FJF,Available,Amateur Intermediate Radio Licence,FJF
20FJG,Available,Amateur Intermediate Radio Licence,FJG
20FJH,Available,Amateur Intermediate Radio Licence,FJH
20FJI,Available,Amateur Intermediate Radio Licence,FJI
20FJJ,Available,Amateur Intermediate Radio Licence,FJJ
20FJK,Available,Amateur Intermediate Radio Licence,FJK
20FJL,Available,Amateur Intermediate Radio Licence,FJL
20FJN,Available,Amateur Intermediate Radio Licence,FJN
20FJO,Available,Amateur Intermediate Radio Licence,FJO
20FJQ,Available,Amateur Intermediate Radio Licence,FJQ
20FJT,Available,Amateur Intermediate Radio Licence,FJT
20FJU,Available,Amateur Intermediate Radio Licence,FJU
20FJV,Available,Amateur Intermediate Radio Licence,FJV
20FJW,Available,Amateur Intermediate Radio Licence,FJW
20FJX,Available,Amateur Intermediate Radio Licence,FJX
20FJY,Available,Amateur Intermediate Radio Licence,FJY
20FKB,Available,Amateur Intermediate Radio Licence,FKB
20FKC,Available,Amateur Intermediate Radio Licence,FKC
20FKD,Available,Amateur Intermediate Radio Licence,FKD
20FKE,Available,Amateur Intermediate Radio Licence,FKE
20FKF,Available,Amateur Intermediate Radio Licence,FKF
20FKI,Available,Amateur Intermediate Radio Licence,FKI
20FKJ,Available,Amateur Intermediate Radio Licence,FKJ
20FKK,Available,Amateur Intermediate Radio Licence,FKK
20FKL,Available,Amateur Intermediate Radio Licence,FKL
20FKM,Available,Amateur Intermediate Radio Licence,FKM
20FKO,Available,Amateur Intermediate Radio Licence,FKO
20FKP,Available,Amateur Intermediate Radio Licence,FKP
20FKQ,Available,Amateur Intermediate Radio Licence,FKQ
20FKR,Available,Amateur Intermediate Radio Licence,FKR
20FKT,Available,Amateur Intermediate Radio Licence,FKT
20FKV,Available,Amateur Intermediate Radio Licence,FKV
20FKW,Available,Amateur Intermediate Radio Licence,FKW
20FKX,Available,Amateur Intermediate Radio Licence,FKX
20FKY,Available,Amateur Intermediate Radio Licence,FKY
20FKZ,Available,Amateur Intermediate Radio Licence,FKZ
20FLB,Available,Amateur Intermediate Radio Licence,FLB
20FLD,Available,Amateur Intermediate Radio Licence,FLD
20FLF,Available,Amateur Intermediate Radio Licence,FLF
20FLH,Available,Amateur Intermediate Radio Licence,FLH
20FLI,Available,Amateur Intermediate Radio Licence,FLI
20FLK,Available,Amateur Intermediate Radio Licence,FLK
20FLL,Available,Amateur Intermediate Radio Licence,FLL
20FLM,Available,Amateur Intermediate Radio Licence,FLM
20FLQ,Available,Amateur Intermediate Radio Licence,FLQ
20FLS,Available,Amateur Intermediate Radio Licence,FLS
20FLU,Available,Amateur Intermediate Radio Licence,FLU
20FLV,Available,Amateur Intermediate Radio Licence,FLV
20FLW,Available,Amateur Intermediate Radio Licence,FLW
20FLZ,Available,Amateur Intermediate Radio Licence,FLZ
20FMH,Available,Amateur Intermediate Radio Licence,FMH
20FMI,Available,Amateur Intermediate Radio Licence,FMI
20FMJ,Available,Amateur Intermediate Radio Licence,FMJ
20FMK,Available,Amateur Intermediate Radio Licence,FMK
20FMM,Available,Amateur Intermediate Radio Licence,FMM
20FMN,Available,Amateur Intermediate Radio Licence,FMN
20FMO,Available,Amateur Intermediate Radio Licence,FMO
20FMP,Available,Amateur Intermediate Radio Licence,FMP
20FMQ,Available,Amateur Intermediate Radio Licence,FMQ
20FMR,Available,Amateur Intermediate Radio Licence,FMR
20FMT,Available,Amateur Intermediate Radio Licence,FMT
20FMU,Available,Amateur Intermediate Radio Licence,FMU
20FMV,Available,Amateur Intermediate Radio Licence,FMV
20FMW,Available,Amateur Intermediate Radio Licence,FMW
20FMZ,Available,Amateur Intermediate Radio Licence,FMZ
20FNA,Available,Amateur Intermediate Radio Licence,FNA
20FNC,Available,Amateur Intermediate Radio Licence,FNC
20FND,Available,Amateur Intermediate Radio Licence,FND
20FNE,Available,Amateur Intermediate Radio Licence,FNE
20FNF,Available,Amateur Intermediate Radio Licence,FNF
20FNH,Available,Amateur Intermediate Radio Licence,FNH
20FNI,Available,Amateur Intermediate Radio Licence,FNI
20FNJ,Available,Amateur Intermediate Radio Licence,FNJ
20FNK,Available,Amateur Intermediate Radio Licence,FNK
20FNL,Available,Amateur Intermediate Radio Licence,FNL
20FNM,Available,Amateur Intermediate Radio Licence,FNM
20FNO,Available,Amateur Intermediate Radio Licence,FNO
20FNP,Available,Amateur Intermediate Radio Licence,FNP
20FNR,Available,Amateur Intermediate Radio Licence,FNR
20FNS,Available,Amateur Intermediate Radio Licence,FNS
20FNT,Available,Amateur Intermediate Radio Licence,FNT
20FNU,Available,Amateur Intermediate Radio Licence,FNU
20FNV,Available,Amateur Intermediate Radio Licence,FNV
20FNW,Available,Amateur Intermediate Radio Licence,FNW
20FNX,Available,Amateur Intermediate Radio Licence,FNX
20FNY,Available,Amateur Intermediate Radio Licence,FNY
20FNZ,Available,Amateur Intermediate Radio Licence,FNZ
20FOA,Available,Amateur Intermediate Radio Licence,FOA
20FOB,Available,Amateur Intermediate Radio Licence,FOB
20FOE,Available,Amateur Intermediate Radio Licence,FOE
20FOH,Available,Amateur Intermediate Radio Licence,FOH
20FOI,Available,Amateur Intermediate Radio Licence,FOI
20FOK,Available,Amateur Intermediate Radio Licence,FOK
20FOL,Available,Amateur Intermediate Radio Licence,FOL
20FOM,Available,Amateur Intermediate Radio Licence,FOM
20FOP,Available,Amateur Intermediate Radio Licence,FOP
20FOQ,Available,Amateur Intermediate Radio Licence,FOQ
20FOT,Available,Amateur Intermediate Radio Licence,FOT
20FOU,Available,Amateur Intermediate Radio Licence,FOU
20FOV,Available,Amateur Intermediate Radio Licence,FOV
20FOW,Available,Amateur Intermediate Radio Licence,FOW
20FPB,Available,Amateur Intermediate Radio Licence,FPB
20FPD,Available,Amateur Intermediate Radio Licence,FPD
20FPF,Available,Amateur Intermediate Radio Licence,FPF
20FPG,Available,Amateur Intermediate Radio Licence,FPG
20FPH,Available,Amateur Intermediate Radio Licence,FPH
20FPI,Available,Amateur Intermediate Radio Licence,FPI
20FPJ,Available,Amateur Intermediate Radio Licence,FPJ
20FPL,Available,Amateur Intermediate Radio Licence,FPL
20FPM,Available,Amateur Intermediate Radio Licence,FPM
20FPN,Available,Amateur Intermediate Radio Licence,FPN
20FPP,Available,Amateur Intermediate Radio Licence,FPP
20FPQ,Available,Amateur Intermediate Radio Licence,FPQ
20FPR,Available,Amateur Intermediate Radio Licence,FPR
20FPS,Available,Amateur Intermediate Radio Licence,FPS
20FPU,Available,Amateur Intermediate Radio Licence,FPU
20FPW,Available,Amateur Intermediate Radio Licence,FPW
20FPX,Available,Amateur Intermediate Radio Licence,FPX
20FPY,Available,Amateur Intermediate Radio Licence,FPY
20FPZ,Available,Amateur Intermediate Radio Licence,FPZ
20FQA,Available,Amateur Intermediate Radio Licence,FQA
20FQB,Available,Amateur Intermediate Radio Licence,FQB
20FQD,Available,Amateur Intermediate Radio Licence,FQD
20FQE,Available,Amateur Intermediate Radio Licence,FQE
20FQF,Available,Amateur Intermediate Radio Licence,FQF
20FQG,Available,Amateur Intermediate Radio Licence,FQG
20FQH,Available,Amateur Intermediate Radio Licence,FQH
20FQI,Available,Amateur Intermediate Radio Licence,FQI
20FQJ,Available,Amateur Intermediate Radio Licence,FQJ
20FQK,Available,Amateur Intermediate Radio Licence,FQK
20FQL,Available,Amateur Intermediate Radio Licence,FQL
20FQM,Available,Amateur Intermediate Radio Licence,FQM
20FQN,Available,Amateur Intermediate Radio Licence,FQN
20FQO,Available,Amateur Intermediate Radio Licence,FQO
20FQP,Available,Amateur Intermediate Radio Licence,FQP
20FQQ,Available,Amateur Intermediate Radio Licence,FQQ
20FQR,Available,Amateur Intermediate Radio Licence,FQR
20FQS,Available,Amateur Intermediate Radio Licence,FQS
20FQU,Available,Amateur Intermediate Radio Licence,FQU
20FQW,Available,Amateur Intermediate Radio Licence,FQW
20FQX,Available,Amateur Intermediate Radio Licence,FQX
20FQY,Available,Amateur Intermediate Radio Licence,FQY
20FQZ,Available,Amateur Intermediate Radio Licence,FQZ
20FRD,Available,Amateur Intermediate Radio Licence,FRD
20FRH,Available,Amateur Intermediate Radio Licence,FRH
20FRI,Available,Amateur Intermediate Radio Licence,FRI
20FRJ,Available,Amateur Intermediate Radio Licence,FRJ
20FRL,Available,Amateur Intermediate Radio Licence,FRL
20FRM,Available,Amateur Intermediate Radio Licence,FRM
20FRP,Available,Amateur Intermediate Radio Licence,FRP
20FRQ,Available,Amateur Intermediate Radio Licence,FRQ
20FRR,Available,Amateur Intermediate Radio Licence,FRR
20FRS,Available,Amateur Intermediate Radio Licence,FRS
20FRU,Available,Amateur Intermediate Radio Licence,FRU
20FRW,Available,Amateur Intermediate Radio Licence,FRW
20FSA,Available,Amateur Intermediate Radio Licence,FSA
20FSC,Available,Amateur Intermediate Radio Licence,FSC
20FSD,Available,Amateur Intermediate Radio Licence,FSD
20FSE,Available,Amateur Intermediate Radio Licence,FSE
20FSI,Available,Amateur Intermediate Radio Licence,FSI
20FSJ,Available,Amateur Intermediate Radio Licence,FSJ
20FSN,Available,Amateur Intermediate Radio Licence,FSN
20FSO,Available,Amateur Intermediate Radio Licence,FSO
20FSQ,Available,Amateur Intermediate Radio Licence,FSQ
20FSS,Available,Amateur Intermediate Radio Licence,FSS
20FST,Available,Amateur Intermediate Radio Licence,FST
20FSU,Available,Amateur Intermediate Radio Licence,FSU
20FSV,Available,Amateur Intermediate Radio Licence,FSV
20FSW,Available,Amateur Intermediate Radio Licence,FSW
20FSY,Available,Amateur Intermediate Radio Licence,FSY
20FSZ,Available,Amateur Intermediate Radio Licence,FSZ
20FTA,Available,Amateur Intermediate Radio Licence,FTA
20FTB,Available,Amateur Intermediate Radio Licence,FTB
20FTC,Available,Amateur Intermediate Radio Licence,FTC
20FTD,Available,Amateur Intermediate Radio Licence,FTD
20FTE,Available,Amateur Intermediate Radio Licence,FTE
20FTF,Available,Amateur Intermediate Radio Licence,FTF
20FTG,Available,Amateur Intermediate Radio Licence,FTG
20FTI,Available,Amateur Intermediate Radio Licence,FTI
20FTK,Available,Amateur Intermediate Radio Licence,FTK
20FTL,Available,Amateur Intermediate Radio Licence,FTL
20FTO,Available,Amateur Intermediate Radio Licence,FTO
20FTP,Available,Amateur Intermediate Radio Licence,FTP
20FTQ,Available,Amateur Intermediate Radio Licence,FTQ
20FTS,Available,Amateur Intermediate Radio Licence,FTS
20FTT,Available,Amateur Intermediate Radio Licence,FTT
20FTU,Available,Amateur Intermediate Radio Licence,FTU
20FTY,Available,Amateur Intermediate Radio Licence,FTY
20FTZ,Available,Amateur Intermediate Radio Licence,FTZ
20FUA,Available,Amateur Intermediate Radio Licence,FUA
20FUB,Available,Amateur Intermediate Radio Licence,FUB
20FUE,Available,Amateur Intermediate Radio Licence,FUE
20FUF,Available,Amateur Intermediate Radio Licence,FUF
20FUG,Available,Amateur Intermediate Radio Licence,FUG
20FUI,Available,Amateur Intermediate Radio Licence,FUI
20FUJ,Available,Amateur Intermediate Radio Licence,FUJ
20FUL,Available,Amateur Intermediate Radio Licence,FUL
20FUM,Available,Amateur Intermediate Radio Licence,FUM
20FUO,Available,Amateur Intermediate Radio Licence,FUO
20FUP,Available,Amateur Intermediate Radio Licence,FUP
20FUQ,Available,Amateur Intermediate Radio Licence,FUQ
20FUS,Available,Amateur Intermediate Radio Licence,FUS
20FUU,Available,Amateur Intermediate Radio Licence,FUU
20FUV,Available,Amateur Intermediate Radio Licence,FUV
20FUY,Available,Amateur Intermediate Radio Licence,FUY
20FVA,Available,Amateur Intermediate Radio Licence,FVA
20FVB,Available,Amateur Intermediate Radio Licence,FVB
20FVC,Available,Amateur Intermediate Radio Licence,FVC
20FVE,Available,Amateur Intermediate Radio Licence,FVE
20FVF,Available,Amateur Intermediate Radio Licence,FVF
20FVG,Available,Amateur Intermediate Radio Licence,FVG
20FVH,Available,Amateur Intermediate Radio Licence,FVH
20FVI,Available,Amateur Intermediate Radio Licence,FVI
20FVJ,Available,Amateur Intermediate Radio Licence,FVJ
20FVK,Available,Amateur Intermediate Radio Licence,FVK
20FVN,Available,Amateur Intermediate Radio Licence,FVN
20FVO,Available,Amateur Intermediate Radio Licence,FVO
20FVP,Available,Amateur Intermediate Radio Licence,FVP
20FVQ,Available,Amateur Intermediate Radio Licence,FVQ
20FVR,Available,Amateur Intermediate Radio Licence,FVR
20FVS,Available,Amateur Intermediate Radio Licence,FVS
20FVT,Available,Amateur Intermediate Radio Licence,FVT
20FVU,Available,Amateur Intermediate Radio Licence,FVU
20FVV,Available,Amateur Intermediate Radio Licence,FVV
20FVW,Available,Amateur Intermediate Radio Licence,FVW
20FVX,Available,Amateur Intermediate Radio Licence,FVX
20FVY,Available,Amateur Intermediate Radio Licence,FVY
20FVZ,Available,Amateur Intermediate Radio Licence,FVZ
20FWA,Available,Amateur Intermediate Radio Licence,FWA
20FWB,Available,Amateur Intermediate Radio Licence,FWB
20FWE,Available,Amateur Intermediate Radio Licence,FWE
20FWF,Available,Amateur Intermediate Radio Licence,FWF
20FWG,Available,Amateur Intermediate Radio Licence,FWG
20FWH,Available,Amateur Intermediate Radio Licence,FWH
20FWI,Available,Amateur Intermediate Radio Licence,FWI
20FWJ,Available,Amateur Intermediate Radio Licence,FWJ
20FWK,Available,Amateur Intermediate Radio Licence,FWK
20FWL,Available,Amateur Intermediate Radio Licence,FWL
20FWM,Available,Amateur Intermediate Radio Licence,FWM
20FWP,Available,Amateur Intermediate Radio Licence,FWP
20FWQ,Available,Amateur Intermediate Radio Licence,FWQ
20FWS,Available,Amateur Intermediate Radio Licence,FWS
20FWT,Available,Amateur Intermediate Radio Licence,FWT
20FWU,Available,Amateur Intermediate Radio Licence,FWU
20FWV,Available,Amateur Intermediate Radio Licence,FWV
20FWW,Available,Amateur Intermediate Radio Licence,FWW
20FWX,Available,Amateur Intermediate Radio Licence,FWX
20FWZ,Available,Amateur Intermediate Radio Licence,FWZ
20FXA,Available,Amateur Intermediate Radio Licence,FXA
20FXC,Available,Amateur Intermediate Radio Licence,FXC
20FXD,Available,Amateur Intermediate Radio Licence,FXD
20FXE,Available,Amateur Intermediate Radio Licence,FXE
20FXF,Available,Amateur Intermediate Radio Licence,FXF
20FXG,Available,Amateur Intermediate Radio Licence,FXG
20FXH,Available,Amateur Intermediate Radio Licence,FXH
20FXJ,Available,Amateur Intermediate Radio Licence,FXJ
20FXK,Available,Amateur Intermediate Radio Licence,FXK
20FXL,Available,Amateur Intermediate Radio Licence,FXL
20FXM,Available,Amateur Intermediate Radio Licence,FXM
20FXN,Available,Amateur Intermediate Radio Licence,FXN
20FXO,Available,Amateur Intermediate Radio Licence,FXO
20FXQ,Available,Amateur Intermediate Radio Licence,FXQ
20FXS,Available,Amateur Intermediate Radio Licence,FXS
20FXU,Available,Amateur Intermediate Radio Licence,FXU
20FXV,Available,Amateur Intermediate Radio Licence,FXV
20FXW,Available,Amateur Intermediate Radio Licence,FXW
20FXY,Available,Amateur Intermediate Radio Licence,FXY
20FXZ,Available,Amateur Intermediate Radio Licence,FXZ
20FYA,Available,Amateur Intermediate Radio Licence,FYA
20FYC,Available,Amateur Intermediate Radio Licence,FYC
20FYD,Available,Amateur Intermediate Radio Licence,FYD
20FYH,Available,Amateur Intermediate Radio Licence,FYH
20FYJ,Available,Amateur Intermediate Radio Licence,FYJ
20FYK,Available,Amateur Intermediate Radio Licence,FYK
20FYM,Available,Amateur Intermediate Radio Licence,FYM
20FYN,Available,Amateur Intermediate Radio Licence,FYN
20FYO,Available,Amateur Intermediate Radio Licence,FYO
20FYP,Available,Amateur Intermediate Radio Licence,FYP
20FYQ,Available,Amateur Intermediate Radio Licence,FYQ
20FYR,Available,Amateur Intermediate Radio Licence,FYR
20FYS,Available,Amateur Intermediate Radio Licence,FYS
20FYT,Available,Amateur Intermediate Radio Licence,FYT
20FYU,Available,Amateur Intermediate Radio Licence,FYU
20FYV,Available,Amateur Intermediate Radio Licence,FYV
20FYW,Available,Amateur Intermediate Radio Licence,FYW
20FYX,Available,Amateur Intermediate Radio Licence,FYX
20FYY,Available,Amateur Intermediate Radio Licence,FYY
20FYZ,Available,Amateur Intermediate Radio Licence,FYZ
20FZA,Available,Amateur Intermediate Radio Licence,FZA
20FZB,Available,Amateur Intermediate Radio Licence,FZB
20FZC,Available,Amateur Intermediate Radio Licence,FZC
20FZD,Available,Amateur Intermediate Radio Licence,FZD
20FZE,Available,Amateur Intermediate Radio Licence,FZE
20FZF,Available,Amateur Intermediate Radio Licence,FZF
20FZG,Available,Amateur Intermediate Radio Licence,FZG
20FZH,Available,Amateur Intermediate Radio Licence,FZH
20FZI,Available,Amateur Intermediate Radio Licence,FZI
20FZL,Available,Amateur Intermediate Radio Licence,FZL
20FZN,Available,Amateur Intermediate Radio Licence,FZN
20FZO,Available,Amateur Intermediate Radio Licence,FZO
20FZP,Available,Amateur Intermediate Radio Licence,FZP
20FZQ,Available,Amateur Intermediate Radio Licence,FZQ
20FZR,Available,Amateur Intermediate Radio Licence,FZR
20FZS,Available,Amateur Intermediate Radio Licence,FZS
20FZT,Available,Amateur Intermediate Radio Licence,FZT
20FZU,Available,Amateur Intermediate Radio Licence,FZU
20FZV,Available,Amateur Intermediate Radio Licence,FZV
20FZW,Available,Amateur Intermediate Radio Licence,FZW
20FZX,Available,Amateur Intermediate Radio Licence,FZX
20FZY,Available,Amateur Intermediate Radio Licence,FZY
20FZZ,Available,Amateur Intermediate Radio Licence,FZZ
20GCJ,Available,Amateur Intermediate Radio Licence,GCJ
20GDJ,Available,Amateur Intermediate Radio Licence,GDJ
20GDT,Available,Amateur Intermediate Radio Licence,GDT
20GDU,Available,Amateur Intermediate Radio Licence,GDU
20GDV,Available,Amateur Intermediate Radio Licence,GDV
20GEA,Available,Amateur Intermediate Radio Licence,GEA
20GEC,Available,Amateur Intermediate Radio Licence,GEC
20GEH,Available,Amateur Intermediate Radio Licence,GEH
20GEI,Available,Amateur Intermediate Radio Licence,GEI
20GEP,Available,Amateur Intermediate Radio Licence,GEP
20GEQ,Available,Amateur Intermediate Radio Licence,GEQ
20GES,Available,Amateur Intermediate Radio Licence,GES
20GEU,Available,Amateur Intermediate Radio Licence,GEU
20GEW,Available,Amateur Intermediate Radio Licence,GEW
20GEX,Available,Amateur Intermediate Radio Licence,GEX
20GEY,Available,Amateur Intermediate Radio Licence,GEY
20GEZ,Available,Amateur Intermediate Radio Licence,GEZ
20GFA,Available,Amateur Intermediate Radio Licence,GFA
20GFD,Available,Amateur Intermediate Radio Licence,GFD
20GFG,Available,Amateur Intermediate Radio Licence,GFG
20GFH,Available,Amateur Intermediate Radio Licence,GFH
20GFI,Available,Amateur Intermediate Radio Licence,GFI
20GFJ,Available,Amateur Intermediate Radio Licence,GFJ
20GFK,Available,Amateur Intermediate Radio Licence,GFK
20GFL,Available,Amateur Intermediate Radio Licence,GFL
20GFM,Available,Amateur Intermediate Radio Licence,GFM
20GFN,Available,Amateur Intermediate Radio Licence,GFN
20GFQ,Available,Amateur Intermediate Radio Licence,GFQ
20GFR,Available,Amateur Intermediate Radio Licence,GFR
20GFS,Available,Amateur Intermediate Radio Licence,GFS
20GFT,Available,Amateur Intermediate Radio Licence,GFT
20GFU,Available,Amateur Intermediate Radio Licence,GFU
20GFV,Available,Amateur Intermediate Radio Licence,GFV
20GFY,Available,Amateur Intermediate Radio Licence,GFY
20GFZ,Available,Amateur Intermediate Radio Licence,GFZ
20GGA,Available,Amateur Intermediate Radio Licence,GGA
20GGB,Available,Amateur Intermediate Radio Licence,GGB
20GGC,Available,Amateur Intermediate Radio Licence,GGC
20GGD,Available,Amateur Intermediate Radio Licence,GGD
20GGE,Available,Amateur Intermediate Radio Licence,GGE
20GGH,Available,Amateur Intermediate Radio Licence,GGH
20GGJ,Available,Amateur Intermediate Radio Licence,GGJ
20GGK,Available,Amateur Intermediate Radio Licence,GGK
20GGM,Available,Amateur Intermediate Radio Licence,GGM
20GGN,Available,Amateur Intermediate Radio Licence,GGN
20GGP,Available,Amateur Intermediate Radio Licence,GGP
20GGQ,Available,Amateur Intermediate Radio Licence,GGQ
20GGS,Available,Amateur Intermediate Radio Licence,GGS
20GGU,Available,Amateur Intermediate Radio Licence,GGU
20GGV,Available,Amateur Intermediate Radio Licence,GGV
20GGX,Available,Amateur Intermediate Radio Licence,GGX
20GGZ,Available,Amateur Intermediate Radio Licence,GGZ
20GHC,Available,Amateur Intermediate Radio Licence,GHC
20GHE,Available,Amateur Intermediate Radio Licence,GHE
20GHF,Available,Amateur Intermediate Radio Licence,GHF
20GHG,Available,Amateur Intermediate Radio Licence,GHG
20GHH,Available,Amateur Intermediate Radio Licence,GHH
20GHI,Available,Amateur Intermediate Radio Licence,GHI
20GHJ,Available,Amateur Intermediate Radio Licence,GHJ
20GHN,Available,Amateur Intermediate Radio Licence,GHN
20GHO,Available,Amateur Intermediate Radio Licence,GHO
20GHV,Available,Amateur Intermediate Radio Licence,GHV
20GIC,Available,Amateur Intermediate Radio Licence,GIC
20GID,Available,Amateur Intermediate Radio Licence,GID
20GIE,Available,Amateur Intermediate Radio Licence,GIE
20GIF,Available,Amateur Intermediate Radio Licence,GIF
20GII,Available,Amateur Intermediate Radio Licence,GII
20GIJ,Available,Amateur Intermediate Radio Licence,GIJ
20GIK,Available,Amateur Intermediate Radio Licence,GIK
20GIM,Available,Amateur Intermediate Radio Licence,GIM
20GIP,Available,Amateur Intermediate Radio Licence,GIP
20GIU,Available,Amateur Intermediate Radio Licence,GIU
20GIY,Available,Amateur Intermediate Radio Licence,GIY
20GJA,Available,Amateur Intermediate Radio Licence,GJA
20GJF,Available,Amateur Intermediate Radio Licence,GJF
20GJG,Available,Amateur Intermediate Radio Licence,GJG
20GJI,Available,Amateur Intermediate Radio Licence,GJI
20GJK,Available,Amateur Intermediate Radio Licence,GJK
20GJN,Available,Amateur Intermediate Radio Licence,GJN
20GJP,Available,Amateur Intermediate Radio Licence,GJP
20GJQ,Available,Amateur Intermediate Radio Licence,GJQ
20GJR,Available,Amateur Intermediate Radio Licence,GJR
20GJT,Available,Amateur Intermediate Radio Licence,GJT
20GJU,Available,Amateur Intermediate Radio Licence,GJU
20GJV,Available,Amateur Intermediate Radio Licence,GJV
20GJW,Available,Amateur Intermediate Radio Licence,GJW
20GJX,Available,Amateur Intermediate Radio Licence,GJX
20GJY,Available,Amateur Intermediate Radio Licence,GJY
20GJZ,Available,Amateur Intermediate Radio Licence,GJZ
20GKC,Available,Amateur Intermediate Radio Licence,GKC
20GKE,Available,Amateur Intermediate Radio Licence,GKE
20GKF,Available,Amateur Intermediate Radio Licence,GKF
20GKG,Available,Amateur Intermediate Radio Licence,GKG
20GKH,Available,Amateur Intermediate Radio Licence,GKH
20GKI,Available,Amateur Intermediate Radio Licence,GKI
20GKJ,Available,Amateur Intermediate Radio Licence,GKJ
20GKK,Available,Amateur Intermediate Radio Licence,GKK
20GKL,Available,Amateur Intermediate Radio Licence,GKL
20GKN,Available,Amateur Intermediate Radio Licence,GKN
20GKO,Available,Amateur Intermediate Radio Licence,GKO
20GKP,Available,Amateur Intermediate Radio Licence,GKP
20GKQ,Available,Amateur Intermediate Radio Licence,GKQ
20GKT,Available,Amateur Intermediate Radio Licence,GKT
20GKU,Available,Amateur Intermediate Radio Licence,GKU
20GKV,Available,Amateur Intermediate Radio Licence,GKV
20GKW,Available,Amateur Intermediate Radio Licence,GKW
20GKX,Available,Amateur Intermediate Radio Licence,GKX
20GKZ,Available,Amateur Intermediate Radio Licence,GKZ
20GLG,Available,Amateur Intermediate Radio Licence,GLG
20GLJ,Available,Amateur Intermediate Radio Licence,GLJ
20GLL,Available,Amateur Intermediate Radio Licence,GLL
20GLM,Available,Amateur Intermediate Radio Licence,GLM
20GLO,Available,Amateur Intermediate Radio Licence,GLO
20GLP,Available,Amateur Intermediate Radio Licence,GLP
20GLQ,Available,Amateur Intermediate Radio Licence,GLQ
20GLZ,Available,Amateur Intermediate Radio Licence,GLZ
20GMF,Available,Amateur Intermediate Radio Licence,GMF
20GMI,Available,Amateur Intermediate Radio Licence,GMI
20GMJ,Available,Amateur Intermediate Radio Licence,GMJ
20GMK,Available,Amateur Intermediate Radio Licence,GMK
20GMP,Available,Amateur Intermediate Radio Licence,GMP
20GMQ,Available,Amateur Intermediate Radio Licence,GMQ
20GMV,Available,Amateur Intermediate Radio Licence,GMV
20GMY,Available,Amateur Intermediate Radio Licence,GMY
20GNA,Available,Amateur Intermediate Radio Licence,GNA
20GNB,Available,Amateur Intermediate Radio Licence,GNB
20GNC,Available,Amateur Intermediate Radio Licence,GNC
20GNE,Available,Amateur Intermediate Radio Licence,GNE
20GNF,Available,Amateur Intermediate Radio Licence,GNF
20GNH,Available,Amateur Intermediate Radio Licence,GNH
20GNI,Available,Amateur Intermediate Radio Licence,GNI
20GNJ,Available,Amateur Intermediate Radio Licence,GNJ
20GNK,Available,Amateur Intermediate Radio Licence,GNK
20GNL,Available,Amateur Intermediate Radio Licence,GNL
20GNM,Available,Amateur Intermediate Radio Licence,GNM
20GNO,Available,Amateur Intermediate Radio Licence,GNO
20GNQ,Available,Amateur Intermediate Radio Licence,GNQ
20GNV,Available,Amateur Intermediate Radio Licence,GNV
20GNX,Available,Amateur Intermediate Radio Licence,GNX
20GNY,Available,Amateur Intermediate Radio Licence,GNY
20GNZ,Available,Amateur Intermediate Radio Licence,GNZ
20GOB,Available,Amateur Intermediate Radio Licence,GOB
20GOC,Available,Amateur Intermediate Radio Licence,GOC
20GOE,Available,Amateur Intermediate Radio Licence,GOE
20GOF,Available,Amateur Intermediate Radio Licence,GOF
20GOG,Available,Amateur Intermediate Radio Licence,GOG
20GOH,Available,Amateur Intermediate Radio Licence,GOH
20GOI,Available,Amateur Intermediate Radio Licence,GOI
20GOJ,Available,Amateur Intermediate Radio Licence,GOJ
20GOK,Available,Amateur Intermediate Radio Licence,GOK
20GOO,Available,Amateur Intermediate Radio Licence,GOO
20GOP,Available,Amateur Intermediate Radio Licence,GOP
20GOT,Available,Amateur Intermediate Radio Licence,GOT
20GOU,Available,Amateur Intermediate Radio Licence,GOU
20GOX,Available,Amateur Intermediate Radio Licence,GOX
20GOY,Available,Amateur Intermediate Radio Licence,GOY
20GOZ,Available,Amateur Intermediate Radio Licence,GOZ
20GPD,Available,Amateur Intermediate Radio Licence,GPD
20GPI,Available,Amateur Intermediate Radio Licence,GPI
20GPJ,Available,Amateur Intermediate Radio Licence,GPJ
20GPM,Available,Amateur Intermediate Radio Licence,GPM
20GPN,Available,Amateur Intermediate Radio Licence,GPN
20GPP,Available,Amateur Intermediate Radio Licence,GPP
20GPQ,Available,Amateur Intermediate Radio Licence,GPQ
20GPR,Available,Amateur Intermediate Radio Licence,GPR
20GPV,Available,Amateur Intermediate Radio Licence,GPV
20GQA,Available,Amateur Intermediate Radio Licence,GQA
20GQC,Available,Amateur Intermediate Radio Licence,GQC
20GQE,Available,Amateur Intermediate Radio Licence,GQE
20GQF,Available,Amateur Intermediate Radio Licence,GQF
20GQG,Available,Amateur Intermediate Radio Licence,GQG
20GQH,Available,Amateur Intermediate Radio Licence,GQH
20GQI,Available,Amateur Intermediate Radio Licence,GQI
20GQJ,Available,Amateur Intermediate Radio Licence,GQJ
20GQK,Available,Amateur Intermediate Radio Licence,GQK
20GQL,Available,Amateur Intermediate Radio Licence,GQL
20GQM,Available,Amateur Intermediate Radio Licence,GQM
20GQN,Available,Amateur Intermediate Radio Licence,GQN
20GQO,Available,Amateur Intermediate Radio Licence,GQO
20GQP,Available,Amateur Intermediate Radio Licence,GQP
20GQQ,Available,Amateur Intermediate Radio Licence,GQQ
20GQR,Available,Amateur Intermediate Radio Licence,GQR
20GQS,Available,Amateur Intermediate Radio Licence,GQS
20GQT,Available,Amateur Intermediate Radio Licence,GQT
20GQU,Available,Amateur Intermediate Radio Licence,GQU
20GQV,Available,Amateur Intermediate Radio Licence,GQV
20GQX,Available,Amateur Intermediate Radio Licence,GQX
20GQY,Available,Amateur Intermediate Radio Licence,GQY
20GQZ,Available,Amateur Intermediate Radio Licence,GQZ
20GRB,Available,Amateur Intermediate Radio Licence,GRB
20GRJ,Available,Amateur Intermediate Radio Licence,GRJ
20GRL,Available,Amateur Intermediate Radio Licence,GRL
20GRO,Available,Amateur Intermediate Radio Licence,GRO
20GRQ,Available,Amateur Intermediate Radio Licence,GRQ
20GRV,Available,Amateur Intermediate Radio Licence,GRV
20GRZ,Available,Amateur Intermediate Radio Licence,GRZ
20GSE,Available,Amateur Intermediate Radio Licence,GSE
20GSH,Available,Amateur Intermediate Radio Licence,GSH
20GSN,Available,Amateur Intermediate Radio Licence,GSN
20GSO,Available,Amateur Intermediate Radio Licence,GSO
20GSP,Available,Amateur Intermediate Radio Licence,GSP
20GSQ,Available,Amateur Intermediate Radio Licence,GSQ
20GSV,Available,Amateur Intermediate Radio Licence,GSV
20GSZ,Available,Amateur Intermediate Radio Licence,GSZ
20GTD,Available,Amateur Intermediate Radio Licence,GTD
20GTH,Available,Amateur Intermediate Radio Licence,GTH
20GTJ,Available,Amateur Intermediate Radio Licence,GTJ
20GTN,Available,Amateur Intermediate Radio Licence,GTN
20GTQ,Available,Amateur Intermediate Radio Licence,GTQ
20GTS,Available,Amateur Intermediate Radio Licence,GTS
20GTU,Available,Amateur Intermediate Radio Licence,GTU
20GTY,Available,Amateur Intermediate Radio Licence,GTY
20GUA,Available,Amateur Intermediate Radio Licence,GUA
20GUB,Available,Amateur Intermediate Radio Licence,GUB
20GUC,Available,Amateur Intermediate Radio Licence,GUC
20GUE,Available,Amateur Intermediate Radio Licence,GUE
20GUF,Available,Amateur Intermediate Radio Licence,GUF
20GUG,Available,Amateur Intermediate Radio Licence,GUG
20GUJ,Available,Amateur Intermediate Radio Licence,GUJ
20GUK,Available,Amateur Intermediate Radio Licence,GUK
20GUO,Available,Amateur Intermediate Radio Licence,GUO
20GUP,Available,Amateur Intermediate Radio Licence,GUP
20GUQ,Available,Amateur Intermediate Radio Licence,GUQ
20GUR,Available,Amateur Intermediate Radio Licence,GUR
20GUS,Available,Amateur Intermediate Radio Licence,GUS
20GUU,Available,Amateur Intermediate Radio Licence,GUU
20GUW,Available,Amateur Intermediate Radio Licence,GUW
20GUX,Available,Amateur Intermediate Radio Licence,GUX
20GVA,Available,Amateur Intermediate Radio Licence,GVA
20GVB,Available,Amateur Intermediate Radio Licence,GVB
20GVD,Available,Amateur Intermediate Radio Licence,GVD
20GVE,Available,Amateur Intermediate Radio Licence,GVE
20GVF,Available,Amateur Intermediate Radio Licence,GVF
20GVH,Available,Amateur Intermediate Radio Licence,GVH
20GVI,Available,Amateur Intermediate Radio Licence,GVI
20GVJ,Available,Amateur Intermediate Radio Licence,GVJ
20GVK,Available,Amateur Intermediate Radio Licence,GVK
20GVM,Available,Amateur Intermediate Radio Licence,GVM
20GVN,Available,Amateur Intermediate Radio Licence,GVN
20GVP,Available,Amateur Intermediate Radio Licence,GVP
20GVQ,Available,Amateur Intermediate Radio Licence,GVQ
20GVR,Available,Amateur Intermediate Radio Licence,GVR
20GVS,Available,Amateur Intermediate Radio Licence,GVS
20GVU,Available,Amateur Intermediate Radio Licence,GVU
20GVV,Available,Amateur Intermediate Radio Licence,GVV
20GVW,Available,Amateur Intermediate Radio Licence,GVW
20GVY,Available,Amateur Intermediate Radio Licence,GVY
20GVZ,Available,Amateur Intermediate Radio Licence,GVZ
20GWG,Available,Amateur Intermediate Radio Licence,GWG
20GWJ,Available,Amateur Intermediate Radio Licence,GWJ
20GWL,Available,Amateur Intermediate Radio Licence,GWL
20GWO,Available,Amateur Intermediate Radio Licence,GWO
20GWQ,Available,Amateur Intermediate Radio Licence,GWQ
20GWU,Available,Amateur Intermediate Radio Licence,GWU
20GWV,Available,Amateur Intermediate Radio Licence,GWV
20GWX,Available,Amateur Intermediate Radio Licence,GWX
20GWY,Available,Amateur Intermediate Radio Licence,GWY
20GWZ,Available,Amateur Intermediate Radio Licence,GWZ
20GXA,Available,Amateur Intermediate Radio Licence,GXA
20GXC,Available,Amateur Intermediate Radio Licence,GXC
20GXD,Available,Amateur Intermediate Radio Licence,GXD
20GXF,Available,Amateur Intermediate Radio Licence,GXF
20GXG,Available,Amateur Intermediate Radio Licence,GXG
20GXI,Available,Amateur Intermediate Radio Licence,GXI
20GXJ,Available,Amateur Intermediate Radio Licence,GXJ
20GXK,Available,Amateur Intermediate Radio Licence,GXK
20GXL,Available,Amateur Intermediate Radio Licence,GXL
20GXM,Available,Amateur Intermediate Radio Licence,GXM
20GXP,Available,Amateur Intermediate Radio Licence,GXP
20GXQ,Available,Amateur Intermediate Radio Licence,GXQ
20GXS,Available,Amateur Intermediate Radio Licence,GXS
20GXT,Available,Amateur Intermediate Radio Licence,GXT
20GXV,Available,Amateur Intermediate Radio Licence,GXV
20GXW,Available,Amateur Intermediate Radio Licence,GXW
20GXY,Available,Amateur Intermediate Radio Licence,GXY
20GXZ,Available,Amateur Intermediate Radio Licence,GXZ
20GYA,Available,Amateur Intermediate Radio Licence,GYA
20GYB,Available,Amateur Intermediate Radio Licence,GYB
20GYE,Available,Amateur Intermediate Radio Licence,GYE
20GYF,Available,Amateur Intermediate Radio Licence,GYF
20GYG,Available,Amateur Intermediate Radio Licence,GYG
20GYH,Available,Amateur Intermediate Radio Licence,GYH
20GYI,Available,Amateur Intermediate Radio Licence,GYI
20GYJ,Available,Amateur Intermediate Radio Licence,GYJ
20GYK,Available,Amateur Intermediate Radio Licence,GYK
20GYQ,Available,Amateur Intermediate Radio Licence,GYQ
20GYR,Available,Amateur Intermediate Radio Licence,GYR
20GYT,Available,Amateur Intermediate Radio Licence,GYT
20GYU,Available,Amateur Intermediate Radio Licence,GYU
20GYV,Available,Amateur Intermediate Radio Licence,GYV
20GYX,Available,Amateur Intermediate Radio Licence,GYX
20GYY,Available,Amateur Intermediate Radio Licence,GYY
20GZB,Available,Amateur Intermediate Radio Licence,GZB
20GZC,Available,Amateur Intermediate Radio Licence,GZC
20GZD,Available,Amateur Intermediate Radio Licence,GZD
20GZE,Available,Amateur Intermediate Radio Licence,GZE
20GZF,Available,Amateur Intermediate Radio Licence,GZF
20GZG,Available,Amateur Intermediate Radio Licence,GZG
20GZH,Available,Amateur Intermediate Radio Licence,GZH
20GZI,Available,Amateur Intermediate Radio Licence,GZI
20GZJ,Available,Amateur Intermediate Radio Licence,GZJ
20GZK,Available,Amateur Intermediate Radio Licence,GZK
20GZL,Available,Amateur Intermediate Radio Licence,GZL
20GZM,Available,Amateur Intermediate Radio Licence,GZM
20GZN,Available,Amateur Intermediate Radio Licence,GZN
20GZO,Available,Amateur Intermediate Radio Licence,GZO
20GZP,Available,Amateur Intermediate Radio Licence,GZP
20GZQ,Available,Amateur Intermediate Radio Licence,GZQ
20GZU,Available,Amateur Intermediate Radio Licence,GZU
20GZW,Available,Amateur Intermediate Radio Licence,GZW
20GZX,Available,Amateur Intermediate Radio Licence,GZX
20GZY,Available,Amateur Intermediate Radio Licence,GZY
20GZZ,Available,Amateur Intermediate Radio Licence,GZZ
20HBD,Available,Amateur Intermediate Radio Licence,HBD
20HBE,Available,Amateur Intermediate Radio Licence,HBE
20HBH,Available,Amateur Intermediate Radio Licence,HBH
20HBI,Available,Amateur Intermediate Radio Licence,HBI
20HBJ,Available,Amateur Intermediate Radio Licence,HBJ
20HBK,Available,Amateur Intermediate Radio Licence,HBK
20HBL,Available,Amateur Intermediate Radio Licence,HBL
20HBM,Available,Amateur Intermediate Radio Licence,HBM
20HBP,Available,Amateur Intermediate Radio Licence,HBP
20HBQ,Available,Amateur Intermediate Radio Licence,HBQ
20HBR,Available,Amateur Intermediate Radio Licence,HBR
20HBU,Available,Amateur Intermediate Radio Licence,HBU
20HBV,Available,Amateur Intermediate Radio Licence,HBV
20HBW,Available,Amateur Intermediate Radio Licence,HBW
20HBX,Available,Amateur Intermediate Radio Licence,HBX
20HBZ,Available,Amateur Intermediate Radio Licence,HBZ
20HCA,Available,Amateur Intermediate Radio Licence,HCA
20HCC,Available,Amateur Intermediate Radio Licence,HCC
20HCE,Available,Amateur Intermediate Radio Licence,HCE
20HCG,Available,Amateur Intermediate Radio Licence,HCG
20HCI,Available,Amateur Intermediate Radio Licence,HCI
20HCJ,Available,Amateur Intermediate Radio Licence,HCJ
20HCL,Available,Amateur Intermediate Radio Licence,HCL
20HCM,Available,Amateur Intermediate Radio Licence,HCM
20HCN,Available,Amateur Intermediate Radio Licence,HCN
20HCO,Available,Amateur Intermediate Radio Licence,HCO
20HCP,Available,Amateur Intermediate Radio Licence,HCP
20HCR,Available,Amateur Intermediate Radio Licence,HCR
20HCS,Available,Amateur Intermediate Radio Licence,HCS
20HCU,Available,Amateur Intermediate Radio Licence,HCU
20HCV,Available,Amateur Intermediate Radio Licence,HCV
20HCW,Available,Amateur Intermediate Radio Licence,HCW
20HCX,Available,Amateur Intermediate Radio Licence,HCX
20HCY,Available,Amateur Intermediate Radio Licence,HCY
20HCZ,Available,Amateur Intermediate Radio Licence,HCZ
20HDD,Available,Amateur Intermediate Radio Licence,HDD
20HDI,Available,Amateur Intermediate Radio Licence,HDI
20HDJ,Available,Amateur Intermediate Radio Licence,HDJ
20HDL,Available,Amateur Intermediate Radio Licence,HDL
20HDO,Available,Amateur Intermediate Radio Licence,HDO
20HDP,Available,Amateur Intermediate Radio Licence,HDP
20HDQ,Available,Amateur Intermediate Radio Licence,HDQ
20HDR,Available,Amateur Intermediate Radio Licence,HDR
20HDT,Available,Amateur Intermediate Radio Licence,HDT
20HDV,Available,Amateur Intermediate Radio Licence,HDV
20HDZ,Available,Amateur Intermediate Radio Licence,HDZ
20HEC,Available,Amateur Intermediate Radio Licence,HEC
20HED,Available,Amateur Intermediate Radio Licence,HED
20HEE,Available,Amateur Intermediate Radio Licence,HEE
20HEG,Available,Amateur Intermediate Radio Licence,HEG
20HEH,Available,Amateur Intermediate Radio Licence,HEH
20HEI,Available,Amateur Intermediate Radio Licence,HEI
20HEK,Available,Amateur Intermediate Radio Licence,HEK
20HEM,Available,Amateur Intermediate Radio Licence,HEM
20HEO,Available,Amateur Intermediate Radio Licence,HEO
20HEQ,Available,Amateur Intermediate Radio Licence,HEQ
20HET,Available,Amateur Intermediate Radio Licence,HET
20HEU,Available,Amateur Intermediate Radio Licence,HEU
20HEV,Available,Amateur Intermediate Radio Licence,HEV
20HEZ,Available,Amateur Intermediate Radio Licence,HEZ
20HFC,Available,Amateur Intermediate Radio Licence,HFC
20HFD,Available,Amateur Intermediate Radio Licence,HFD
20HFE,Available,Amateur Intermediate Radio Licence,HFE
20HFF,Available,Amateur Intermediate Radio Licence,HFF
20HFG,Available,Amateur Intermediate Radio Licence,HFG
20HFH,Available,Amateur Intermediate Radio Licence,HFH
20HFJ,Available,Amateur Intermediate Radio Licence,HFJ
20HFK,Available,Amateur Intermediate Radio Licence,HFK
20HFL,Available,Amateur Intermediate Radio Licence,HFL
20HFN,Available,Amateur Intermediate Radio Licence,HFN
20HFO,Available,Amateur Intermediate Radio Licence,HFO
20HFP,Available,Amateur Intermediate Radio Licence,HFP
20HFQ,Available,Amateur Intermediate Radio Licence,HFQ
20HFR,Available,Amateur Intermediate Radio Licence,HFR
20HFS,Available,Amateur Intermediate Radio Licence,HFS
20HFV,Available,Amateur Intermediate Radio Licence,HFV
20HFW,Available,Amateur Intermediate Radio Licence,HFW
20HFX,Available,Amateur Intermediate Radio Licence,HFX
20HFY,Available,Amateur Intermediate Radio Licence,HFY
20HFZ,Available,Amateur Intermediate Radio Licence,HFZ
20HGA,Available,Amateur Intermediate Radio Licence,HGA
20HGD,Available,Amateur Intermediate Radio Licence,HGD
20HGE,Available,Amateur Intermediate Radio Licence,HGE
20HGF,Available,Amateur Intermediate Radio Licence,HGF
20HGH,Available,Amateur Intermediate Radio Licence,HGH
20HGI,Available,Amateur Intermediate Radio Licence,HGI
20HGK,Available,Amateur Intermediate Radio Licence,HGK
20HGM,Available,Amateur Intermediate Radio Licence,HGM
20HGO,Available,Amateur Intermediate Radio Licence,HGO
20HGP,Available,Amateur Intermediate Radio Licence,HGP
20HGQ,Available,Amateur Intermediate Radio Licence,HGQ
20HGS,Available,Amateur Intermediate Radio Licence,HGS
20HGT,Available,Amateur Intermediate Radio Licence,HGT
20HGU,Available,Amateur Intermediate Radio Licence,HGU
20HGW,Available,Amateur Intermediate Radio Licence,HGW
20HGY,Available,Amateur Intermediate Radio Licence,HGY
20HGZ,Available,Amateur Intermediate Radio Licence,HGZ
20HHA,Available,Amateur Intermediate Radio Licence,HHA
20HHB,Available,Amateur Intermediate Radio Licence,HHB
20HHC,Available,Amateur Intermediate Radio Licence,HHC
20HHD,Available,Amateur Intermediate Radio Licence,HHD
20HHF,Available,Amateur Intermediate Radio Licence,HHF
20HHG,Available,Amateur Intermediate Radio Licence,HHG
20HHI,Available,Amateur Intermediate Radio Licence,HHI
20HHJ,Available,Amateur Intermediate Radio Licence,HHJ
20HHK,Available,Amateur Intermediate Radio Licence,HHK
20HHL,Available,Amateur Intermediate Radio Licence,HHL
20HHM,Available,Amateur Intermediate Radio Licence,HHM
20HHN,Available,Amateur Intermediate Radio Licence,HHN
20HHO,Available,Amateur Intermediate Radio Licence,HHO
20HHP,Available,Amateur Intermediate Radio Licence,HHP
20HHQ,Available,Amateur Intermediate Radio Licence,HHQ
20HHR,Available,Amateur Intermediate Radio Licence,HHR
20HHS,Available,Amateur Intermediate Radio Licence,HHS
20HHT,Available,Amateur Intermediate Radio Licence,HHT
20HHV,Available,Amateur Intermediate Radio Licence,HHV
20HHW,Available,Amateur Intermediate Radio Licence,HHW
20HHX,Available,Amateur Intermediate Radio Licence,HHX
20HHY,Available,Amateur Intermediate Radio Licence,HHY
20HHZ,Available,Amateur Intermediate Radio Licence,HHZ
20HIA,Available,Amateur Intermediate Radio Licence,HIA
20HIB,Available,Amateur Intermediate Radio Licence,HIB
20HIC,Available,Amateur Intermediate Radio Licence,HIC
20HID,Available,Amateur Intermediate Radio Licence,HID
20HIE,Available,Amateur Intermediate Radio Licence,HIE
20HIF,Available,Amateur Intermediate Radio Licence,HIF
20HIH,Available,Amateur Intermediate Radio Licence,HIH
20HIJ,Available,Amateur Intermediate Radio Licence,HIJ
20HIK,Available,Amateur Intermediate Radio Licence,HIK
20HIL,Available,Amateur Intermediate Radio Licence,HIL
20HIO,Available,Amateur Intermediate Radio Licence,HIO
20HIQ,Available,Amateur Intermediate Radio Licence,HIQ
20HIR,Available,Amateur Intermediate Radio Licence,HIR
20HIS,Available,Amateur Intermediate Radio Licence,HIS
20HIU,Available,Amateur Intermediate Radio Licence,HIU
20HIW,Available,Amateur Intermediate Radio Licence,HIW
20HIY,Available,Amateur Intermediate Radio Licence,HIY
20HJB,Available,Amateur Intermediate Radio Licence,HJB
20HJC,Available,Amateur Intermediate Radio Licence,HJC
20HJF,Available,Amateur Intermediate Radio Licence,HJF
20HJG,Available,Amateur Intermediate Radio Licence,HJG
20HJH,Available,Amateur Intermediate Radio Licence,HJH
20HJI,Available,Amateur Intermediate Radio Licence,HJI
20HJK,Available,Amateur Intermediate Radio Licence,HJK
20HJL,Available,Amateur Intermediate Radio Licence,HJL
20HJM,Available,Amateur Intermediate Radio Licence,HJM
20HJN,Available,Amateur Intermediate Radio Licence,HJN
20HJO,Available,Amateur Intermediate Radio Licence,HJO
20HJQ,Available,Amateur Intermediate Radio Licence,HJQ
20HJT,Available,Amateur Intermediate Radio Licence,HJT
20HJU,Available,Amateur Intermediate Radio Licence,HJU
20HJV,Available,Amateur Intermediate Radio Licence,HJV
20HJW,Available,Amateur Intermediate Radio Licence,HJW
20HJX,Available,Amateur Intermediate Radio Licence,HJX
20HJY,Available,Amateur Intermediate Radio Licence,HJY
20HKA,Available,Amateur Intermediate Radio Licence,HKA
20HKB,Available,Amateur Intermediate Radio Licence,HKB
20HKD,Available,Amateur Intermediate Radio Licence,HKD
20HKE,Available,Amateur Intermediate Radio Licence,HKE
20HKF,Available,Amateur Intermediate Radio Licence,HKF
20HKG,Available,Amateur Intermediate Radio Licence,HKG
20HKH,Available,Amateur Intermediate Radio Licence,HKH
20HKI,Available,Amateur Intermediate Radio Licence,HKI
20HKJ,Available,Amateur Intermediate Radio Licence,HKJ
20HKL,Available,Amateur Intermediate Radio Licence,HKL
20HKM,Available,Amateur Intermediate Radio Licence,HKM
20HKO,Available,Amateur Intermediate Radio Licence,HKO
20HKP,Available,Amateur Intermediate Radio Licence,HKP
20HKQ,Available,Amateur Intermediate Radio Licence,HKQ
20HKS,Available,Amateur Intermediate Radio Licence,HKS
20HKT,Available,Amateur Intermediate Radio Licence,HKT
20HKU,Available,Amateur Intermediate Radio Licence,HKU
20HKV,Available,Amateur Intermediate Radio Licence,HKV
20HKW,Available,Amateur Intermediate Radio Licence,HKW
20HKX,Available,Amateur Intermediate Radio Licence,HKX
20HKZ,Available,Amateur Intermediate Radio Licence,HKZ
20HLA,Available,Amateur Intermediate Radio Licence,HLA
20HLD,Available,Amateur Intermediate Radio Licence,HLD
20HLE,Available,Amateur Intermediate Radio Licence,HLE
20HLF,Available,Amateur Intermediate Radio Licence,HLF
20HLG,Available,Amateur Intermediate Radio Licence,HLG
20HLI,Available,Amateur Intermediate Radio Licence,HLI
20HLJ,Available,Amateur Intermediate Radio Licence,HLJ
20HLL,Available,Amateur Intermediate Radio Licence,HLL
20HLN,Available,Amateur Intermediate Radio Licence,HLN
20HLQ,Available,Amateur Intermediate Radio Licence,HLQ
20HLR,Available,Amateur Intermediate Radio Licence,HLR
20HLS,Available,Amateur Intermediate Radio Licence,HLS
20HLU,Available,Amateur Intermediate Radio Licence,HLU
20HLV,Available,Amateur Intermediate Radio Licence,HLV
20HLX,Available,Amateur Intermediate Radio Licence,HLX
20HLY,Available,Amateur Intermediate Radio Licence,HLY
20HLZ,Available,Amateur Intermediate Radio Licence,HLZ
20HMA,Available,Amateur Intermediate Radio Licence,HMA
20HMC,Available,Amateur Intermediate Radio Licence,HMC
20HME,Available,Amateur Intermediate Radio Licence,HME
20HMG,Available,Amateur Intermediate Radio Licence,HMG
20HMI,Available,Amateur Intermediate Radio Licence,HMI
20HMK,Available,Amateur Intermediate Radio Licence,HMK
20HML,Available,Amateur Intermediate Radio Licence,HML
20HMN,Available,Amateur Intermediate Radio Licence,HMN
20HMO,Available,Amateur Intermediate Radio Licence,HMO
20HMP,Available,Amateur Intermediate Radio Licence,HMP
20HMQ,Available,Amateur Intermediate Radio Licence,HMQ
20HMR,Available,Amateur Intermediate Radio Licence,HMR
20HMT,Available,Amateur Intermediate Radio Licence,HMT
20HMU,Available,Amateur Intermediate Radio Licence,HMU
20HMV,Available,Amateur Intermediate Radio Licence,HMV
20HNB,Available,Amateur Intermediate Radio Licence,HNB
20HND,Available,Amateur Intermediate Radio Licence,HND
20HNE,Available,Amateur Intermediate Radio Licence,HNE
20HNG,Available,Amateur Intermediate Radio Licence,HNG
20HNH,Available,Amateur Intermediate Radio Licence,HNH
20HNI,Available,Amateur Intermediate Radio Licence,HNI
20HNL,Available,Amateur Intermediate Radio Licence,HNL
20HNM,Available,Amateur Intermediate Radio Licence,HNM
20HNN,Available,Amateur Intermediate Radio Licence,HNN
20HNQ,Available,Amateur Intermediate Radio Licence,HNQ
20HNR,Available,Amateur Intermediate Radio Licence,HNR
20HNS,Available,Amateur Intermediate Radio Licence,HNS
20HNT,Available,Amateur Intermediate Radio Licence,HNT
20HNU,Available,Amateur Intermediate Radio Licence,HNU
20HNV,Available,Amateur Intermediate Radio Licence,HNV
20HNW,Available,Amateur Intermediate Radio Licence,HNW
20HNZ,Available,Amateur Intermediate Radio Licence,HNZ
20HOB,Available,Amateur Intermediate Radio Licence,HOB
20HOD,Available,Amateur Intermediate Radio Licence,HOD
20HOE,Available,Amateur Intermediate Radio Licence,HOE
20HOF,Available,Amateur Intermediate Radio Licence,HOF
20HOH,Available,Amateur Intermediate Radio Licence,HOH
20HOI,Available,Amateur Intermediate Radio Licence,HOI
20HOJ,Available,Amateur Intermediate Radio Licence,HOJ
20HOL,Available,Amateur Intermediate Radio Licence,HOL
20HOM,Available,Amateur Intermediate Radio Licence,HOM
20HOS,Available,Amateur Intermediate Radio Licence,HOS
20HOV,Available,Amateur Intermediate Radio Licence,HOV
20HOX,Available,Amateur Intermediate Radio Licence,HOX
20HOY,Available,Amateur Intermediate Radio Licence,HOY
20HPC,Available,Amateur Intermediate Radio Licence,HPC
20HPE,Available,Amateur Intermediate Radio Licence,HPE
20HPH,Available,Amateur Intermediate Radio Licence,HPH
20HPK,Available,Amateur Intermediate Radio Licence,HPK
20HPN,Available,Amateur Intermediate Radio Licence,HPN
20HPP,Available,Amateur Intermediate Radio Licence,HPP
20HPQ,Available,Amateur Intermediate Radio Licence,HPQ
20HPS,Available,Amateur Intermediate Radio Licence,HPS
20HPT,Available,Amateur Intermediate Radio Licence,HPT
20HPU,Available,Amateur Intermediate Radio Licence,HPU
20HPV,Available,Amateur Intermediate Radio Licence,HPV
20HPW,Available,Amateur Intermediate Radio Licence,HPW
20HPX,Available,Amateur Intermediate Radio Licence,HPX
20HPZ,Available,Amateur Intermediate Radio Licence,HPZ
20HQA,Available,Amateur Intermediate Radio Licence,HQA
20HQB,Available,Amateur Intermediate Radio Licence,HQB
20HQC,Available,Amateur Intermediate Radio Licence,HQC
20HQE,Available,Amateur Intermediate Radio Licence,HQE
20HQF,Available,Amateur Intermediate Radio Licence,HQF
20HQG,Available,Amateur Intermediate Radio Licence,HQG
20HQI,Available,Amateur Intermediate Radio Licence,HQI
20HQK,Available,Amateur Intermediate Radio Licence,HQK
20HQL,Available,Amateur Intermediate Radio Licence,HQL
20HQM,Available,Amateur Intermediate Radio Licence,HQM
20HQN,Available,Amateur Intermediate Radio Licence,HQN
20HQP,Available,Amateur Intermediate Radio Licence,HQP
20HQQ,Available,Amateur Intermediate Radio Licence,HQQ
20HQR,Available,Amateur Intermediate Radio Licence,HQR
20HQS,Available,Amateur Intermediate Radio Licence,HQS
20HQT,Available,Amateur Intermediate Radio Licence,HQT
20HQU,Available,Amateur Intermediate Radio Licence,HQU
20HQV,Available,Amateur Intermediate Radio Licence,HQV
20HQW,Available,Amateur Intermediate Radio Licence,HQW
20HQX,Available,Amateur Intermediate Radio Licence,HQX
20HQY,Available,Amateur Intermediate Radio Licence,HQY
20HQZ,Available,Amateur Intermediate Radio Licence,HQZ
20HRB,Available,Amateur Intermediate Radio Licence,HRB
20HRE,Available,Amateur Intermediate Radio Licence,HRE
20HRG,Available,Amateur Intermediate Radio Licence,HRG
20HRI,Available,Amateur Intermediate Radio Licence,HRI
20HRK,Available,Amateur Intermediate Radio Licence,HRK
20HRN,Available,Amateur Intermediate Radio Licence,HRN
20HRP,Available,Amateur Intermediate Radio Licence,HRP
20HRQ,Available,Amateur Intermediate Radio Licence,HRQ
20HRR,Available,Amateur Intermediate Radio Licence,HRR
20HRT,Available,Amateur Intermediate Radio Licence,HRT
20HRW,Available,Amateur Intermediate Radio Licence,HRW
20HRX,Available,Amateur Intermediate Radio Licence,HRX
20HRZ,Available,Amateur Intermediate Radio Licence,HRZ
20HSA,Available,Amateur Intermediate Radio Licence,HSA
20HSC,Available,Amateur Intermediate Radio Licence,HSC
20HSD,Available,Amateur Intermediate Radio Licence,HSD
20HSE,Available,Amateur Intermediate Radio Licence,HSE
20HSF,Available,Amateur Intermediate Radio Licence,HSF
20HSG,Available,Amateur Intermediate Radio Licence,HSG
20HSH,Available,Amateur Intermediate Radio Licence,HSH
20HSI,Available,Amateur Intermediate Radio Licence,HSI
20HSJ,Available,Amateur Intermediate Radio Licence,HSJ
20HSK,Available,Amateur Intermediate Radio Licence,HSK
20HSL,Available,Amateur Intermediate Radio Licence,HSL
20HSM,Available,Amateur Intermediate Radio Licence,HSM
20HSO,Available,Amateur Intermediate Radio Licence,HSO
20HSP,Available,Amateur Intermediate Radio Licence,HSP
20HSQ,Available,Amateur Intermediate Radio Licence,HSQ
20HSR,Available,Amateur Intermediate Radio Licence,HSR
20HSS,Available,Amateur Intermediate Radio Licence,HSS
20HSU,Available,Amateur Intermediate Radio Licence,HSU
20HSV,Available,Amateur Intermediate Radio Licence,HSV
20HSX,Available,Amateur Intermediate Radio Licence,HSX
20HSY,Available,Amateur Intermediate Radio Licence,HSY
20HSZ,Available,Amateur Intermediate Radio Licence,HSZ
20HTA,Available,Amateur Intermediate Radio Licence,HTA
20HTD,Available,Amateur Intermediate Radio Licence,HTD
20HTE,Available,Amateur Intermediate Radio Licence,HTE
20HTF,Available,Amateur Intermediate Radio Licence,HTF
20HTG,Available,Amateur Intermediate Radio Licence,HTG
20HTI,Available,Amateur Intermediate Radio Licence,HTI
20HTJ,Available,Amateur Intermediate Radio Licence,HTJ
20HTK,Available,Amateur Intermediate Radio Licence,HTK
20HTN,Available,Amateur Intermediate Radio Licence,HTN
20HTO,Available,Amateur Intermediate Radio Licence,HTO
20HTP,Available,Amateur Intermediate Radio Licence,HTP
20HTR,Available,Amateur Intermediate Radio Licence,HTR
20HTU,Available,Amateur Intermediate Radio Licence,HTU
20HTV,Available,Amateur Intermediate Radio Licence,HTV
20HTW,Available,Amateur Intermediate Radio Licence,HTW
20HTX,Available,Amateur Intermediate Radio Licence,HTX
20HTY,Available,Amateur Intermediate Radio Licence,HTY
20HTZ,Available,Amateur Intermediate Radio Licence,HTZ
20HUA,Available,Amateur Intermediate Radio Licence,HUA
20HUB,Available,Amateur Intermediate Radio Licence,HUB
20HUC,Available,Amateur Intermediate Radio Licence,HUC
20HUF,Available,Amateur Intermediate Radio Licence,HUF
20HUH,Available,Amateur Intermediate Radio Licence,HUH
20HUI,Available,Amateur Intermediate Radio Licence,HUI
20HUJ,Available,Amateur Intermediate Radio Licence,HUJ
20HUK,Available,Amateur Intermediate Radio Licence,HUK
20HUM,Available,Amateur Intermediate Radio Licence,HUM
20HUP,Available,Amateur Intermediate Radio Licence,HUP
20HUQ,Available,Amateur Intermediate Radio Licence,HUQ
20HUS,Available,Amateur Intermediate Radio Licence,HUS
20HUW,Available,Amateur Intermediate Radio Licence,HUW
20HUX,Available,Amateur Intermediate Radio Licence,HUX
20HUY,Available,Amateur Intermediate Radio Licence,HUY
20HUZ,Available,Amateur Intermediate Radio Licence,HUZ
20HVA,Available,Amateur Intermediate Radio Licence,HVA
20HVB,Available,Amateur Intermediate Radio Licence,HVB
20HVC,Available,Amateur Intermediate Radio Licence,HVC
20HVD,Available,Amateur Intermediate Radio Licence,HVD
20HVF,Available,Amateur Intermediate Radio Licence,HVF
20HVG,Available,Amateur Intermediate Radio Licence,HVG
20HVH,Available,Amateur Intermediate Radio Licence,HVH
20HVI,Available,Amateur Intermediate Radio Licence,HVI
20HVJ,Available,Amateur Intermediate Radio Licence,HVJ
20HVK,Available,Amateur Intermediate Radio Licence,HVK
20HVM,Available,Amateur Intermediate Radio Licence,HVM
20HVO,Available,Amateur Intermediate Radio Licence,HVO
20HVP,Available,Amateur Intermediate Radio Licence,HVP
20HVQ,Available,Amateur Intermediate Radio Licence,HVQ
20HVR,Available,Amateur Intermediate Radio Licence,HVR
20HVT,Available,Amateur Intermediate Radio Licence,HVT
20HVU,Available,Amateur Intermediate Radio Licence,HVU
20HVV,Available,Amateur Intermediate Radio Licence,HVV
20HVX,Available,Amateur Intermediate Radio Licence,HVX
20HVY,Available,Amateur Intermediate Radio Licence,HVY
20HWA,Available,Amateur Intermediate Radio Licence,HWA
20HWB,Available,Amateur Intermediate Radio Licence,HWB
20HWE,Available,Amateur Intermediate Radio Licence,HWE
20HWF,Available,Amateur Intermediate Radio Licence,HWF
20HWG,Available,Amateur Intermediate Radio Licence,HWG
20HWH,Available,Amateur Intermediate Radio Licence,HWH
20HWI,Available,Amateur Intermediate Radio Licence,HWI
20HWJ,Available,Amateur Intermediate Radio Licence,HWJ
20HWL,Available,Amateur Intermediate Radio Licence,HWL
20HWO,Available,Amateur Intermediate Radio Licence,HWO
20HWQ,Available,Amateur Intermediate Radio Licence,HWQ
20HWR,Available,Amateur Intermediate Radio Licence,HWR
20HWS,Available,Amateur Intermediate Radio Licence,HWS
20HWT,Available,Amateur Intermediate Radio Licence,HWT
20HWU,Available,Amateur Intermediate Radio Licence,HWU
20HWV,Available,Amateur Intermediate Radio Licence,HWV
20HWY,Available,Amateur Intermediate Radio Licence,HWY
20HWZ,Available,Amateur Intermediate Radio Licence,HWZ
20HXA,Available,Amateur Intermediate Radio Licence,HXA
20HXB,Available,Amateur Intermediate Radio Licence,HXB
20HXC,Available,Amateur Intermediate Radio Licence,HXC
20HXE,Available,Amateur Intermediate Radio Licence,HXE
20HXF,Available,Amateur Intermediate Radio Licence,HXF
20HXG,Available,Amateur Intermediate Radio Licence,HXG
20HXH,Available,Amateur Intermediate Radio Licence,HXH
20HXI,Available,Amateur Intermediate Radio Licence,HXI
20HXJ,Available,Amateur Intermediate Radio Licence,HXJ
20HXK,Available,Amateur Intermediate Radio Licence,HXK
20HXL,Available,Amateur Intermediate Radio Licence,HXL
20HXM,Available,Amateur Intermediate Radio Licence,HXM
20HXN,Available,Amateur Intermediate Radio Licence,HXN
20HXO,Available,Amateur Intermediate Radio Licence,HXO
20HXP,Available,Amateur Intermediate Radio Licence,HXP
20HXQ,Available,Amateur Intermediate Radio Licence,HXQ
20HXR,Available,Amateur Intermediate Radio Licence,HXR
20HXS,Available,Amateur Intermediate Radio Licence,HXS
20HXU,Available,Amateur Intermediate Radio Licence,HXU
20HXV,Available,Amateur Intermediate Radio Licence,HXV
20HXW,Available,Amateur Intermediate Radio Licence,HXW
20HXX,Available,Amateur Intermediate Radio Licence,HXX
20HXY,Available,Amateur Intermediate Radio Licence,HXY
20HXZ,Available,Amateur Intermediate Radio Licence,HXZ
20HYB,Available,Amateur Intermediate Radio Licence,HYB
20HYD,Available,Amateur Intermediate Radio Licence,HYD
20HYF,Available,Amateur Intermediate Radio Licence,HYF
20HYG,Available,Amateur Intermediate Radio Licence,HYG
20HYH,Available,Amateur Intermediate Radio Licence,HYH
20HYI,Available,Amateur Intermediate Radio Licence,HYI
20HYJ,Available,Amateur Intermediate Radio Licence,HYJ
20HYK,Available,Amateur Intermediate Radio Licence,HYK
20HYN,Available,Amateur Intermediate Radio Licence,HYN
20HYO,Available,Amateur Intermediate Radio Licence,HYO
20HYP,Available,Amateur Intermediate Radio Licence,HYP
20HYQ,Available,Amateur Intermediate Radio Licence,HYQ
20HYS,Available,Amateur Intermediate Radio Licence,HYS
20HYU,Available,Amateur Intermediate Radio Licence,HYU
20HYV,Available,Amateur Intermediate Radio Licence,HYV
20HYW,Available,Amateur Intermediate Radio Licence,HYW
20HYX,Available,Amateur Intermediate Radio Licence,HYX
20HYY,Available,Amateur Intermediate Radio Licence,HYY
20HZA,Available,Amateur Intermediate Radio Licence,HZA
20HZB,Available,Amateur Intermediate Radio Licence,HZB
20HZC,Available,Amateur Intermediate Radio Licence,HZC
20HZD,Available,Amateur Intermediate Radio Licence,HZD
20HZE,Available,Amateur Intermediate Radio Licence,HZE
20HZF,Available,Amateur Intermediate Radio Licence,HZF
20HZG,Available,Amateur Intermediate Radio Licence,HZG
20HZH,Available,Amateur Intermediate Radio Licence,HZH
20HZI,Available,Amateur Intermediate Radio Licence,HZI
20HZJ,Available,Amateur Intermediate Radio Licence,HZJ
20HZK,Available,Amateur Intermediate Radio Licence,HZK
20HZM,Available,Amateur Intermediate Radio Licence,HZM
20HZN,Available,Amateur Intermediate Radio Licence,HZN
20HZO,Available,Amateur Intermediate Radio Licence,HZO
20HZP,Available,Amateur Intermediate Radio Licence,HZP
20HZQ,Available,Amateur Intermediate Radio Licence,HZQ
20HZR,Available,Amateur Intermediate Radio Licence,HZR
20HZT,Available,Amateur Intermediate Radio Licence,HZT
20HZU,Available,Amateur Intermediate Radio Licence,HZU
20HZV,Available,Amateur Intermediate Radio Licence,HZV
20HZW,Available,Amateur Intermediate Radio Licence,HZW
20HZX,Available,Amateur Intermediate Radio Licence,HZX
20HZY,Available,Amateur Intermediate Radio Licence,HZY
20HZZ,Available,Amateur Intermediate Radio Licence,HZZ
20IAQ,Available,Amateur Intermediate Radio Licence,IAQ
20IAU,Available,Amateur Intermediate Radio Licence,IAU
20IAV,Available,Amateur Intermediate Radio Licence,IAV
20IAX,Available,Amateur Intermediate Radio Licence,IAX
20IAY,Available,Amateur Intermediate Radio Licence,IAY
20IBB,Available,Amateur Intermediate Radio Licence,IBB
20IBC,Available,Amateur Intermediate Radio Licence,IBC
20IBD,Available,Amateur Intermediate Radio Licence,IBD
20IBE,Available,Amateur Intermediate Radio Licence,IBE
20IBG,Available,Amateur Intermediate Radio Licence,IBG
20IBH,Available,Amateur Intermediate Radio Licence,IBH
20IBI,Available,Amateur Intermediate Radio Licence,IBI
20IBJ,Available,Amateur Intermediate Radio Licence,IBJ
20IBK,Available,Amateur Intermediate Radio Licence,IBK
20IBL,Available,Amateur Intermediate Radio Licence,IBL
20IBP,Available,Amateur Intermediate Radio Licence,IBP
20IBQ,Available,Amateur Intermediate Radio Licence,IBQ
20IBR,Available,Amateur Intermediate Radio Licence,IBR
20IBS,Available,Amateur Intermediate Radio Licence,IBS
20IBV,Available,Amateur Intermediate Radio Licence,IBV
20IBY,Available,Amateur Intermediate Radio Licence,IBY
20ICC,Available,Amateur Intermediate Radio Licence,ICC
20ICF,Available,Amateur Intermediate Radio Licence,ICF
20ICH,Available,Amateur Intermediate Radio Licence,ICH
20ICJ,Available,Amateur Intermediate Radio Licence,ICJ
20ICL,Available,Amateur Intermediate Radio Licence,ICL
20ICN,Available,Amateur Intermediate Radio Licence,ICN
20ICR,Available,Amateur Intermediate Radio Licence,ICR
20ICS,Available,Amateur Intermediate Radio Licence,ICS
20ICV,Available,Amateur Intermediate Radio Licence,ICV
20ICX,Available,Amateur Intermediate Radio Licence,ICX
20ICZ,Available,Amateur Intermediate Radio Licence,ICZ
20IDE,Available,Amateur Intermediate Radio Licence,IDE
20IDF,Available,Amateur Intermediate Radio Licence,IDF
20IDH,Available,Amateur Intermediate Radio Licence,IDH
20IDJ,Available,Amateur Intermediate Radio Licence,IDJ
20IDL,Available,Amateur Intermediate Radio Licence,IDL
20IDM,Available,Amateur Intermediate Radio Licence,IDM
20IDO,Available,Amateur Intermediate Radio Licence,IDO
20IDQ,Available,Amateur Intermediate Radio Licence,IDQ
20IDS,Available,Amateur Intermediate Radio Licence,IDS
20IDU,Available,Amateur Intermediate Radio Licence,IDU
20IDW,Available,Amateur Intermediate Radio Licence,IDW
20IDY,Available,Amateur Intermediate Radio Licence,IDY
20IDZ,Available,Amateur Intermediate Radio Licence,IDZ
20IEA,Available,Amateur Intermediate Radio Licence,IEA
20IEB,Available,Amateur Intermediate Radio Licence,IEB
20IEF,Available,Amateur Intermediate Radio Licence,IEF
20IEG,Available,Amateur Intermediate Radio Licence,IEG
20IEH,Available,Amateur Intermediate Radio Licence,IEH
20IEI,Available,Amateur Intermediate Radio Licence,IEI
20IEJ,Available,Amateur Intermediate Radio Licence,IEJ
20IEL,Available,Amateur Intermediate Radio Licence,IEL
20IEM,Available,Amateur Intermediate Radio Licence,IEM
20IEN,Available,Amateur Intermediate Radio Licence,IEN
20IEP,Available,Amateur Intermediate Radio Licence,IEP
20IEQ,Available,Amateur Intermediate Radio Licence,IEQ
20IER,Available,Amateur Intermediate Radio Licence,IER
20IES,Available,Amateur Intermediate Radio Licence,IES
20IEU,Available,Amateur Intermediate Radio Licence,IEU
20IEV,Available,Amateur Intermediate Radio Licence,IEV
20IEW,Available,Amateur Intermediate Radio Licence,IEW
20IEX,Available,Amateur Intermediate Radio Licence,IEX
20IEY,Available,Amateur Intermediate Radio Licence,IEY
20IEZ,Available,Amateur Intermediate Radio Licence,IEZ
20IFA,Available,Amateur Intermediate Radio Licence,IFA
20IFB,Available,Amateur Intermediate Radio Licence,IFB
20IFD,Available,Amateur Intermediate Radio Licence,IFD
20IFE,Available,Amateur Intermediate Radio Licence,IFE
20IFG,Available,Amateur Intermediate Radio Licence,IFG
20IFI,Available,Amateur Intermediate Radio Licence,IFI
20IFK,Available,Amateur Intermediate Radio Licence,IFK
20IFL,Available,Amateur Intermediate Radio Licence,IFL
20IFN,Available,Amateur Intermediate Radio Licence,IFN
20IFO,Available,Amateur Intermediate Radio Licence,IFO
20IFP,Available,Amateur Intermediate Radio Licence,IFP
20IFQ,Available,Amateur Intermediate Radio Licence,IFQ
20IFR,Available,Amateur Intermediate Radio Licence,IFR
20IFS,Available,Amateur Intermediate Radio Licence,IFS
20IFT,Available,Amateur Intermediate Radio Licence,IFT
20IFV,Available,Amateur Intermediate Radio Licence,IFV
20IFX,Available,Amateur Intermediate Radio Licence,IFX
20IFY,Available,Amateur Intermediate Radio Licence,IFY
20IFZ,Available,Amateur Intermediate Radio Licence,IFZ
20IGA,Available,Amateur Intermediate Radio Licence,IGA
20IGC,Available,Amateur Intermediate Radio Licence,IGC
20IGD,Available,Amateur Intermediate Radio Licence,IGD
20IGE,Available,Amateur Intermediate Radio Licence,IGE
20IGF,Available,Amateur Intermediate Radio Licence,IGF
20IGG,Available,Amateur Intermediate Radio Licence,IGG
20IGH,Available,Amateur Intermediate Radio Licence,IGH
20IGI,Available,Amateur Intermediate Radio Licence,IGI
20IGK,Available,Amateur Intermediate Radio Licence,IGK
20IGL,Available,Amateur Intermediate Radio Licence,IGL
20IGN,Available,Amateur Intermediate Radio Licence,IGN
20IGO,Available,Amateur Intermediate Radio Licence,IGO
20IGP,Available,Amateur Intermediate Radio Licence,IGP
20IGS,Available,Amateur Intermediate Radio Licence,IGS
20IGT,Available,Amateur Intermediate Radio Licence,IGT
20IGU,Available,Amateur Intermediate Radio Licence,IGU
20IGV,Available,Amateur Intermediate Radio Licence,IGV
20IGX,Available,Amateur Intermediate Radio Licence,IGX
20IGZ,Available,Amateur Intermediate Radio Licence,IGZ
20IHA,Available,Amateur Intermediate Radio Licence,IHA
20IHC,Available,Amateur Intermediate Radio Licence,IHC
20IHD,Available,Amateur Intermediate Radio Licence,IHD
20IHE,Available,Amateur Intermediate Radio Licence,IHE
20IHF,Available,Amateur Intermediate Radio Licence,IHF
20IHG,Available,Amateur Intermediate Radio Licence,IHG
20IHH,Available,Amateur Intermediate Radio Licence,IHH
20IHJ,Available,Amateur Intermediate Radio Licence,IHJ
20IHK,Available,Amateur Intermediate Radio Licence,IHK
20IHL,Available,Amateur Intermediate Radio Licence,IHL
20IHM,Available,Amateur Intermediate Radio Licence,IHM
20IHN,Available,Amateur Intermediate Radio Licence,IHN
20IHP,Available,Amateur Intermediate Radio Licence,IHP
20IHQ,Available,Amateur Intermediate Radio Licence,IHQ
20IHR,Available,Amateur Intermediate Radio Licence,IHR
20IHS,Available,Amateur Intermediate Radio Licence,IHS
20IHT,Available,Amateur Intermediate Radio Licence,IHT
20IHU,Available,Amateur Intermediate Radio Licence,IHU
20IHV,Available,Amateur Intermediate Radio Licence,IHV
20IHW,Available,Amateur Intermediate Radio Licence,IHW
20IHX,Available,Amateur Intermediate Radio Licence,IHX
20IHY,Available,Amateur Intermediate Radio Licence,IHY
20IHZ,Available,Amateur Intermediate Radio Licence,IHZ
20IIA,Available,Amateur Intermediate Radio Licence,IIA
20IIB,Available,Amateur Intermediate Radio Licence,IIB
20IID,Available,Amateur Intermediate Radio Licence,IID
20IIF,Available,Amateur Intermediate Radio Licence,IIF
20IIG,Available,Amateur Intermediate Radio Licence,IIG
20IIH,Available,Amateur Intermediate Radio Licence,IIH
20IIJ,Available,Amateur Intermediate Radio Licence,IIJ
20IIK,Available,Amateur Intermediate Radio Licence,IIK
20IIL,Available,Amateur Intermediate Radio Licence,IIL
20IIN,Available,Amateur Intermediate Radio Licence,IIN
20IIO,Available,Amateur Intermediate Radio Licence,IIO
20IIP,Available,Amateur Intermediate Radio Licence,IIP
20IIQ,Available,Amateur Intermediate Radio Licence,IIQ
20IIS,Available,Amateur Intermediate Radio Licence,IIS
20IIT,Available,Amateur Intermediate Radio Licence,IIT
20IIU,Available,Amateur Intermediate Radio Licence,IIU
20IIV,Available,Amateur Intermediate Radio Licence,IIV
20IIW,Available,Amateur Intermediate Radio Licence,IIW
20IIX,Available,Amateur Intermediate Radio Licence,IIX
20IIY,Available,Amateur Intermediate Radio Licence,IIY
20IIZ,Available,Amateur Intermediate Radio Licence,IIZ
20IJC,Available,Amateur Intermediate Radio Licence,IJC
20IJD,Available,Amateur Intermediate Radio Licence,IJD
20IJE,Available,Amateur Intermediate Radio Licence,IJE
20IJF,Available,Amateur Intermediate Radio Licence,IJF
20IJG,Available,Amateur Intermediate Radio Licence,IJG
20IJI,Available,Amateur Intermediate Radio Licence,IJI
20IJJ,Available,Amateur Intermediate Radio Licence,IJJ
20IJN,Available,Amateur Intermediate Radio Licence,IJN
20IJO,Available,Amateur Intermediate Radio Licence,IJO
20IJP,Available,Amateur Intermediate Radio Licence,IJP
20IJT,Available,Amateur Intermediate Radio Licence,IJT
20IJU,Available,Amateur Intermediate Radio Licence,IJU
20IJV,Available,Amateur Intermediate Radio Licence,IJV
20IJX,Available,Amateur Intermediate Radio Licence,IJX
20IJZ,Available,Amateur Intermediate Radio Licence,IJZ
20IKA,Available,Amateur Intermediate Radio Licence,IKA
20IKC,Available,Amateur Intermediate Radio Licence,IKC
20IKG,Available,Amateur Intermediate Radio Licence,IKG
20IKI,Available,Amateur Intermediate Radio Licence,IKI
20IKJ,Available,Amateur Intermediate Radio Licence,IKJ
20IKL,Available,Amateur Intermediate Radio Licence,IKL
20IKN,Available,Amateur Intermediate Radio Licence,IKN
20IKO,Available,Amateur Intermediate Radio Licence,IKO
20IKP,Available,Amateur Intermediate Radio Licence,IKP
20IKR,Available,Amateur Intermediate Radio Licence,IKR
20IKS,Available,Amateur Intermediate Radio Licence,IKS
20IKT,Available,Amateur Intermediate Radio Licence,IKT
20IKU,Available,Amateur Intermediate Radio Licence,IKU
20IKV,Available,Amateur Intermediate Radio Licence,IKV
20IKX,Available,Amateur Intermediate Radio Licence,IKX
20IKZ,Available,Amateur Intermediate Radio Licence,IKZ
20ILA,Available,Amateur Intermediate Radio Licence,ILA
20ILC,Available,Amateur Intermediate Radio Licence,ILC
20ILD,Available,Amateur Intermediate Radio Licence,ILD
20ILE,Available,Amateur Intermediate Radio Licence,ILE
20ILF,Available,Amateur Intermediate Radio Licence,ILF
20ILG,Available,Amateur Intermediate Radio Licence,ILG
20ILI,Available,Amateur Intermediate Radio Licence,ILI
20ILJ,Available,Amateur Intermediate Radio Licence,ILJ
20ILK,Available,Amateur Intermediate Radio Licence,ILK
20ILL,Available,Amateur Intermediate Radio Licence,ILL
20ILM,Available,Amateur Intermediate Radio Licence,ILM
20ILP,Available,Amateur Intermediate Radio Licence,ILP
20ILQ,Available,Amateur Intermediate Radio Licence,ILQ
20ILR,Available,Amateur Intermediate Radio Licence,ILR
20ILT,Available,Amateur Intermediate Radio Licence,ILT
20ILU,Available,Amateur Intermediate Radio Licence,ILU
20ILV,Available,Amateur Intermediate Radio Licence,ILV
20ILX,Available,Amateur Intermediate Radio Licence,ILX
20ILZ,Available,Amateur Intermediate Radio Licence,ILZ
20IMA,Available,Amateur Intermediate Radio Licence,IMA
20IME,Available,Amateur Intermediate Radio Licence,IME
20IMF,Available,Amateur Intermediate Radio Licence,IMF
20IMH,Available,Amateur Intermediate Radio Licence,IMH
20IMK,Available,Amateur Intermediate Radio Licence,IMK
20IMQ,Available,Amateur Intermediate Radio Licence,IMQ
20IMR,Available,Amateur Intermediate Radio Licence,IMR
20IMU,Available,Amateur Intermediate Radio Licence,IMU
20IMV,Available,Amateur Intermediate Radio Licence,IMV
20IMX,Available,Amateur Intermediate Radio Licence,IMX
20IMY,Available,Amateur Intermediate Radio Licence,IMY
20INA,Available,Amateur Intermediate Radio Licence,INA
20INB,Available,Amateur Intermediate Radio Licence,INB
20ING,Available,Amateur Intermediate Radio Licence,ING
20INH,Available,Amateur Intermediate Radio Licence,INH
20INI,Available,Amateur Intermediate Radio Licence,INI
20INJ,Available,Amateur Intermediate Radio Licence,INJ
20INL,Available,Amateur Intermediate Radio Licence,INL
20INM,Available,Amateur Intermediate Radio Licence,INM
20INN,Available,Amateur Intermediate Radio Licence,INN
20INO,Available,Amateur Intermediate Radio Licence,INO
20INP,Available,Amateur Intermediate Radio Licence,INP
20INQ,Available,Amateur Intermediate Radio Licence,INQ
20INR,Available,Amateur Intermediate Radio Licence,INR
20INU,Available,Amateur Intermediate Radio Licence,INU
20INW,Available,Amateur Intermediate Radio Licence,INW
20INX,Available,Amateur Intermediate Radio Licence,INX
20INY,Available,Amateur Intermediate Radio Licence,INY
20INZ,Available,Amateur Intermediate Radio Licence,INZ
20IOA,Available,Amateur Intermediate Radio Licence,IOA
20IOC,Available,Amateur Intermediate Radio Licence,IOC
20IOE,Available,Amateur Intermediate Radio Licence,IOE
20IOF,Available,Amateur Intermediate Radio Licence,IOF
20IOH,Available,Amateur Intermediate Radio Licence,IOH
20IOI,Available,Amateur Intermediate Radio Licence,IOI
20IOJ,Available,Amateur Intermediate Radio Licence,IOJ
20IOL,Available,Amateur Intermediate Radio Licence,IOL
20ION,Available,Amateur Intermediate Radio Licence,ION
20IOO,Available,Amateur Intermediate Radio Licence,IOO
20IOP,Available,Amateur Intermediate Radio Licence,IOP
20IOQ,Available,Amateur Intermediate Radio Licence,IOQ
20IOR,Available,Amateur Intermediate Radio Licence,IOR
20IOT,Available,Amateur Intermediate Radio Licence,IOT
20IOV,Available,Amateur Intermediate Radio Licence,IOV
20IOX,Available,Amateur Intermediate Radio Licence,IOX
20IOY,Available,Amateur Intermediate Radio Licence,IOY
20IOZ,Available,Amateur Intermediate Radio Licence,IOZ
20IPD,Available,Amateur Intermediate Radio Licence,IPD
20IPF,Available,Amateur Intermediate Radio Licence,IPF
20IPG,Available,Amateur Intermediate Radio Licence,IPG
20IPH,Available,Amateur Intermediate Radio Licence,IPH
20IPI,Available,Amateur Intermediate Radio Licence,IPI
20IPJ,Available,Amateur Intermediate Radio Licence,IPJ
20IPK,Available,Amateur Intermediate Radio Licence,IPK
20IPL,Available,Amateur Intermediate Radio Licence,IPL
20IPM,Available,Amateur Intermediate Radio Licence,IPM
20IPN,Available,Amateur Intermediate Radio Licence,IPN
20IPO,Available,Amateur Intermediate Radio Licence,IPO
20IPQ,Available,Amateur Intermediate Radio Licence,IPQ
20IPS,Available,Amateur Intermediate Radio Licence,IPS
20IPU,Available,Amateur Intermediate Radio Licence,IPU
20IPV,Available,Amateur Intermediate Radio Licence,IPV
20IPW,Available,Amateur Intermediate Radio Licence,IPW
20IPY,Available,Amateur Intermediate Radio Licence,IPY
20IPZ,Available,Amateur Intermediate Radio Licence,IPZ
20IQA,Available,Amateur Intermediate Radio Licence,IQA
20IQB,Available,Amateur Intermediate Radio Licence,IQB
20IQC,Available,Amateur Intermediate Radio Licence,IQC
20IQD,Available,Amateur Intermediate Radio Licence,IQD
20IQE,Available,Amateur Intermediate Radio Licence,IQE
20IQF,Available,Amateur Intermediate Radio Licence,IQF
20IQG,Available,Amateur Intermediate Radio Licence,IQG
20IQH,Available,Amateur Intermediate Radio Licence,IQH
20IQI,Available,Amateur Intermediate Radio Licence,IQI
20IQJ,Available,Amateur Intermediate Radio Licence,IQJ
20IQK,Available,Amateur Intermediate Radio Licence,IQK
20IQL,Available,Amateur Intermediate Radio Licence,IQL
20IQM,Available,Amateur Intermediate Radio Licence,IQM
20IQN,Available,Amateur Intermediate Radio Licence,IQN
20IQP,Available,Amateur Intermediate Radio Licence,IQP
20IQQ,Available,Amateur Intermediate Radio Licence,IQQ
20IQR,Available,Amateur Intermediate Radio Licence,IQR
20IQS,Available,Amateur Intermediate Radio Licence,IQS
20IQV,Available,Amateur Intermediate Radio Licence,IQV
20IQW,Available,Amateur Intermediate Radio Licence,IQW
20IQY,Available,Amateur Intermediate Radio Licence,IQY
20IQZ,Available,Amateur Intermediate Radio Licence,IQZ
20IRD,Available,Amateur Intermediate Radio Licence,IRD
20IRF,Available,Amateur Intermediate Radio Licence,IRF
20IRG,Available,Amateur Intermediate Radio Licence,IRG
20IRH,Available,Amateur Intermediate Radio Licence,IRH
20IRI,Available,Amateur Intermediate Radio Licence,IRI
20IRJ,Available,Amateur Intermediate Radio Licence,IRJ
20IRK,Available,Amateur Intermediate Radio Licence,IRK
20IRM,Available,Amateur Intermediate Radio Licence,IRM
20IRO,Available,Amateur Intermediate Radio Licence,IRO
20IRQ,Available,Amateur Intermediate Radio Licence,IRQ
20IRR,Available,Amateur Intermediate Radio Licence,IRR
20IRS,Available,Amateur Intermediate Radio Licence,IRS
20IRU,Available,Amateur Intermediate Radio Licence,IRU
20IRW,Available,Amateur Intermediate Radio Licence,IRW
20IRY,Available,Amateur Intermediate Radio Licence,IRY
20ISB,Available,Amateur Intermediate Radio Licence,ISB
20ISC,Available,Amateur Intermediate Radio Licence,ISC
20ISD,Available,Amateur Intermediate Radio Licence,ISD
20ISE,Available,Amateur Intermediate Radio Licence,ISE
20ISF,Available,Amateur Intermediate Radio Licence,ISF
20ISG,Available,Amateur Intermediate Radio Licence,ISG
20ISH,Available,Amateur Intermediate Radio Licence,ISH
20ISI,Available,Amateur Intermediate Radio Licence,ISI
20ISJ,Available,Amateur Intermediate Radio Licence,ISJ
20ISL,Available,Amateur Intermediate Radio Licence,ISL
20ISN,Available,Amateur Intermediate Radio Licence,ISN
20ISR,Available,Amateur Intermediate Radio Licence,ISR
20IST,Available,Amateur Intermediate Radio Licence,IST
20ISU,Available,Amateur Intermediate Radio Licence,ISU
20ISV,Available,Amateur Intermediate Radio Licence,ISV
20ISX,Available,Amateur Intermediate Radio Licence,ISX
20ISY,Available,Amateur Intermediate Radio Licence,ISY
20ITA,Available,Amateur Intermediate Radio Licence,ITA
20ITB,Available,Amateur Intermediate Radio Licence,ITB
20ITD,Available,Amateur Intermediate Radio Licence,ITD
20ITE,Available,Amateur Intermediate Radio Licence,ITE
20ITF,Available,Amateur Intermediate Radio Licence,ITF
20ITG,Available,Amateur Intermediate Radio Licence,ITG
20ITH,Available,Amateur Intermediate Radio Licence,ITH
20ITI,Available,Amateur Intermediate Radio Licence,ITI
20ITK,Available,Amateur Intermediate Radio Licence,ITK
20ITL,Available,Amateur Intermediate Radio Licence,ITL
20ITO,Available,Amateur Intermediate Radio Licence,ITO
20ITP,Available,Amateur Intermediate Radio Licence,ITP
20ITQ,Available,Amateur Intermediate Radio Licence,ITQ
20ITR,Available,Amateur Intermediate Radio Licence,ITR
20ITW,Available,Amateur Intermediate Radio Licence,ITW
20ITX,Available,Amateur Intermediate Radio Licence,ITX
20ITZ,Available,Amateur Intermediate Radio Licence,ITZ
20IUA,Available,Amateur Intermediate Radio Licence,IUA
20IUC,Available,Amateur Intermediate Radio Licence,IUC
20IUE,Available,Amateur Intermediate Radio Licence,IUE
20IUF,Available,Amateur Intermediate Radio Licence,IUF
20IUG,Available,Amateur Intermediate Radio Licence,IUG
20IUJ,Available,Amateur Intermediate Radio Licence,IUJ
20IUL,Available,Amateur Intermediate Radio Licence,IUL
20IUM,Available,Amateur Intermediate Radio Licence,IUM
20IUO,Available,Amateur Intermediate Radio Licence,IUO
20IUP,Available,Amateur Intermediate Radio Licence,IUP
20IUQ,Available,Amateur Intermediate Radio Licence,IUQ
20IUR,Available,Amateur Intermediate Radio Licence,IUR
20IUS,Available,Amateur Intermediate Radio Licence,IUS
20IUT,Available,Amateur Intermediate Radio Licence,IUT
20IUU,Available,Amateur Intermediate Radio Licence,IUU
20IUV,Available,Amateur Intermediate Radio Licence,IUV
20IUW,Available,Amateur Intermediate Radio Licence,IUW
20IUX,Available,Amateur Intermediate Radio Licence,IUX
20IUY,Available,Amateur Intermediate Radio Licence,IUY
20IVA,Available,Amateur Intermediate Radio Licence,IVA
20IVB,Available,Amateur Intermediate Radio Licence,IVB
20IVC,Available,Amateur Intermediate Radio Licence,IVC
20IVD,Available,Amateur Intermediate Radio Licence,IVD
20IVE,Available,Amateur Intermediate Radio Licence,IVE
20IVF,Available,Amateur Intermediate Radio Licence,IVF
20IVH,Available,Amateur Intermediate Radio Licence,IVH
20IVI,Available,Amateur Intermediate Radio Licence,IVI
20IVJ,Available,Amateur Intermediate Radio Licence,IVJ
20IVK,Available,Amateur Intermediate Radio Licence,IVK
20IVM,Available,Amateur Intermediate Radio Licence,IVM
20IVN,Available,Amateur Intermediate Radio Licence,IVN
20IVP,Available,Amateur Intermediate Radio Licence,IVP
20IVQ,Available,Amateur Intermediate Radio Licence,IVQ
20IVS,Available,Amateur Intermediate Radio Licence,IVS
20IVT,Available,Amateur Intermediate Radio Licence,IVT
20IVU,Available,Amateur Intermediate Radio Licence,IVU
20IVV,Available,Amateur Intermediate Radio Licence,IVV
20IVX,Available,Amateur Intermediate Radio Licence,IVX
20IWC,Available,Amateur Intermediate Radio Licence,IWC
20IWE,Available,Amateur Intermediate Radio Licence,IWE
20IWG,Available,Amateur Intermediate Radio Licence,IWG
20IWH,Available,Amateur Intermediate Radio Licence,IWH
20IWI,Available,Amateur Intermediate Radio Licence,IWI
20IWJ,Available,Amateur Intermediate Radio Licence,IWJ
20IWK,Available,Amateur Intermediate Radio Licence,IWK
20IWL,Available,Amateur Intermediate Radio Licence,IWL
20IWN,Available,Amateur Intermediate Radio Licence,IWN
20IWO,Available,Amateur Intermediate Radio Licence,IWO
20IWP,Available,Amateur Intermediate Radio Licence,IWP
20IWQ,Available,Amateur Intermediate Radio Licence,IWQ
20IWR,Available,Amateur Intermediate Radio Licence,IWR
20IWS,Available,Amateur Intermediate Radio Licence,IWS
20IWU,Available,Amateur Intermediate Radio Licence,IWU
20IWV,Available,Amateur Intermediate Radio Licence,IWV
20IWW,Available,Amateur Intermediate Radio Licence,IWW
20IWX,Available,Amateur Intermediate Radio Licence,IWX
20IWY,Available,Amateur Intermediate Radio Licence,IWY
20IXA,Available,Amateur Intermediate Radio Licence,IXA
20IXB,Available,Amateur Intermediate Radio Licence,IXB
20IXE,Available,Amateur Intermediate Radio Licence,IXE
20IXF,Available,Amateur Intermediate Radio Licence,IXF
20IXG,Available,Amateur Intermediate Radio Licence,IXG
20IXJ,Available,Amateur Intermediate Radio Licence,IXJ
20IXK,Available,Amateur Intermediate Radio Licence,IXK
20IXL,Available,Amateur Intermediate Radio Licence,IXL
20IXM,Available,Amateur Intermediate Radio Licence,IXM
20IXN,Available,Amateur Intermediate Radio Licence,IXN
20IXO,Available,Amateur Intermediate Radio Licence,IXO
20IXP,Available,Amateur Intermediate Radio Licence,IXP
20IXQ,Available,Amateur Intermediate Radio Licence,IXQ
20IXR,Available,Amateur Intermediate Radio Licence,IXR
20IXS,Available,Amateur Intermediate Radio Licence,IXS
20IXT,Available,Amateur Intermediate Radio Licence,IXT
20IXU,Available,Amateur Intermediate Radio Licence,IXU
20IXV,Available,Amateur Intermediate Radio Licence,IXV
20IXW,Available,Amateur Intermediate Radio Licence,IXW
20IXY,Available,Amateur Intermediate Radio Licence,IXY
20IXZ,Available,Amateur Intermediate Radio Licence,IXZ
20IYA,Available,Amateur Intermediate Radio Licence,IYA
20IYB,Available,Amateur Intermediate Radio Licence,IYB
20IYC,Available,Amateur Intermediate Radio Licence,IYC
20IYD,Available,Amateur Intermediate Radio Licence,IYD
20IYE,Available,Amateur Intermediate Radio Licence,IYE
20IYF,Available,Amateur Intermediate Radio Licence,IYF
20IYG,Available,Amateur Intermediate Radio Licence,IYG
20IYI,Available,Amateur Intermediate Radio Licence,IYI
20IYJ,Available,Amateur Intermediate Radio Licence,IYJ
20IYK,Available,Amateur Intermediate Radio Licence,IYK
20IYL,Available,Amateur Intermediate Radio Licence,IYL
20IYM,Available,Amateur Intermediate Radio Licence,IYM
20IYN,Available,Amateur Intermediate Radio Licence,IYN
20IYO,Available,Amateur Intermediate Radio Licence,IYO
20IYP,Available,Amateur Intermediate Radio Licence,IYP
20IYQ,Available,Amateur Intermediate Radio Licence,IYQ
20IYR,Available,Amateur Intermediate Radio Licence,IYR
20IYS,Available,Amateur Intermediate Radio Licence,IYS
20IYT,Available,Amateur Intermediate Radio Licence,IYT
20IYU,Available,Amateur Intermediate Radio Licence,IYU
20IYV,Available,Amateur Intermediate Radio Licence,IYV
20IYW,Available,Amateur Intermediate Radio Licence,IYW
20IYX,Available,Amateur Intermediate Radio Licence,IYX
20IYZ,Available,Amateur Intermediate Radio Licence,IYZ
20IZA,Available,Amateur Intermediate Radio Licence,IZA
20IZB,Available,Amateur Intermediate Radio Licence,IZB
20IZD,Available,Amateur Intermediate Radio Licence,IZD
20IZE,Available,Amateur Intermediate Radio Licence,IZE
20IZF,Available,Amateur Intermediate Radio Licence,IZF
20IZG,Available,Amateur Intermediate Radio Licence,IZG
20IZH,Available,Amateur Intermediate Radio Licence,IZH
20IZJ,Available,Amateur Intermediate Radio Licence,IZJ
20IZK,Available,Amateur Intermediate Radio Licence,IZK
20IZM,Available,Amateur Intermediate Radio Licence,IZM
20IZN,Available,Amateur Intermediate Radio Licence,IZN
20IZO,Available,Amateur Intermediate Radio Licence,IZO
20IZQ,Available,Amateur Intermediate Radio Licence,IZQ
20IZS,Available,Amateur Intermediate Radio Licence,IZS
20IZT,Available,Amateur Intermediate Radio Licence,IZT
20IZU,Available,Amateur Intermediate Radio Licence,IZU
20IZV,Available,Amateur Intermediate Radio Licence,IZV
20IZX,Available,Amateur Intermediate Radio Licence,IZX
20IZZ,Available,Amateur Intermediate Radio Licence,IZZ
20JDG,Available,Amateur Intermediate Radio Licence,JDG
20JDJ,Available,Amateur Intermediate Radio Licence,JDJ
20JDL,Available,Amateur Intermediate Radio Licence,JDL
20JDQ,Available,Amateur Intermediate Radio Licence,JDQ
20JDU,Available,Amateur Intermediate Radio Licence,JDU
20JDY,Available,Amateur Intermediate Radio Licence,JDY
20JEF,Available,Amateur Intermediate Radio Licence,JEF
20JEG,Available,Amateur Intermediate Radio Licence,JEG
20JEI,Available,Amateur Intermediate Radio Licence,JEI
20JEJ,Available,Amateur Intermediate Radio Licence,JEJ
20JEO,Available,Amateur Intermediate Radio Licence,JEO
20JEP,Available,Amateur Intermediate Radio Licence,JEP
20JEQ,Available,Amateur Intermediate Radio Licence,JEQ
20JES,Available,Amateur Intermediate Radio Licence,JES
20JEV,Available,Amateur Intermediate Radio Licence,JEV
20JEY,Available,Amateur Intermediate Radio Licence,JEY
20JFB,Available,Amateur Intermediate Radio Licence,JFB
20JFD,Available,Amateur Intermediate Radio Licence,JFD
20JFE,Available,Amateur Intermediate Radio Licence,JFE
20JFF,Available,Amateur Intermediate Radio Licence,JFF
20JFH,Available,Amateur Intermediate Radio Licence,JFH
20JFI,Available,Amateur Intermediate Radio Licence,JFI
20JFJ,Available,Amateur Intermediate Radio Licence,JFJ
20JFL,Available,Amateur Intermediate Radio Licence,JFL
20JFN,Available,Amateur Intermediate Radio Licence,JFN
20JFP,Available,Amateur Intermediate Radio Licence,JFP
20JFR,Available,Amateur Intermediate Radio Licence,JFR
20JFU,Available,Amateur Intermediate Radio Licence,JFU
20JFV,Available,Amateur Intermediate Radio Licence,JFV
20JFX,Available,Amateur Intermediate Radio Licence,JFX
20JFY,Available,Amateur Intermediate Radio Licence,JFY
20JGA,Available,Amateur Intermediate Radio Licence,JGA
20JGF,Available,Amateur Intermediate Radio Licence,JGF
20JGJ,Available,Amateur Intermediate Radio Licence,JGJ
20JGL,Available,Amateur Intermediate Radio Licence,JGL
20JGM,Available,Amateur Intermediate Radio Licence,JGM
20JGN,Available,Amateur Intermediate Radio Licence,JGN
20JGO,Available,Amateur Intermediate Radio Licence,JGO
20JGQ,Available,Amateur Intermediate Radio Licence,JGQ
20JGT,Available,Amateur Intermediate Radio Licence,JGT
20JGU,Available,Amateur Intermediate Radio Licence,JGU
20JGV,Available,Amateur Intermediate Radio Licence,JGV
20JGY,Available,Amateur Intermediate Radio Licence,JGY
20JHC,Available,Amateur Intermediate Radio Licence,JHC
20JHE,Available,Amateur Intermediate Radio Licence,JHE
20JHH,Available,Amateur Intermediate Radio Licence,JHH
20JHI,Available,Amateur Intermediate Radio Licence,JHI
20JHJ,Available,Amateur Intermediate Radio Licence,JHJ
20JHK,Available,Amateur Intermediate Radio Licence,JHK
20JHQ,Available,Amateur Intermediate Radio Licence,JHQ
20JHU,Available,Amateur Intermediate Radio Licence,JHU
20JHV,Available,Amateur Intermediate Radio Licence,JHV
20JHW,Available,Amateur Intermediate Radio Licence,JHW
20JHX,Available,Amateur Intermediate Radio Licence,JHX
20JHY,Available,Amateur Intermediate Radio Licence,JHY
20JHZ,Available,Amateur Intermediate Radio Licence,JHZ
20JIB,Available,Amateur Intermediate Radio Licence,JIB
20JIC,Available,Amateur Intermediate Radio Licence,JIC
20JID,Available,Amateur Intermediate Radio Licence,JID
20JIE,Available,Amateur Intermediate Radio Licence,JIE
20JIH,Available,Amateur Intermediate Radio Licence,JIH
20JII,Available,Amateur Intermediate Radio Licence,JII
20JIJ,Available,Amateur Intermediate Radio Licence,JIJ
20JIK,Available,Amateur Intermediate Radio Licence,JIK
20JIN,Available,Amateur Intermediate Radio Licence,JIN
20JIO,Available,Amateur Intermediate Radio Licence,JIO
20JIP,Available,Amateur Intermediate Radio Licence,JIP
20JIQ,Available,Amateur Intermediate Radio Licence,JIQ
20JIS,Available,Amateur Intermediate Radio Licence,JIS
20JIT,Available,Amateur Intermediate Radio Licence,JIT
20JIU,Available,Amateur Intermediate Radio Licence,JIU
20JIV,Available,Amateur Intermediate Radio Licence,JIV
20JIX,Available,Amateur Intermediate Radio Licence,JIX
20JIY,Available,Amateur Intermediate Radio Licence,JIY
20JIZ,Available,Amateur Intermediate Radio Licence,JIZ
20JJC,Available,Amateur Intermediate Radio Licence,JJC
20JJE,Available,Amateur Intermediate Radio Licence,JJE
20JJF,Available,Amateur Intermediate Radio Licence,JJF
20JJG,Available,Amateur Intermediate Radio Licence,JJG
20JJI,Available,Amateur Intermediate Radio Licence,JJI
20JJL,Available,Amateur Intermediate Radio Licence,JJL
20JJN,Available,Amateur Intermediate Radio Licence,JJN
20JJP,Available,Amateur Intermediate Radio Licence,JJP
20JJQ,Available,Amateur Intermediate Radio Licence,JJQ
20JJS,Available,Amateur Intermediate Radio Licence,JJS
20JJT,Available,Amateur Intermediate Radio Licence,JJT
20JJU,Available,Amateur Intermediate Radio Licence,JJU
20JJV,Available,Amateur Intermediate Radio Licence,JJV
20JJY,Available,Amateur Intermediate Radio Licence,JJY
20JJZ,Available,Amateur Intermediate Radio Licence,JJZ
20JKA,Available,Amateur Intermediate Radio Licence,JKA
20JKF,Available,Amateur Intermediate Radio Licence,JKF
20JKH,Available,Amateur Intermediate Radio Licence,JKH
20JKI,Available,Amateur Intermediate Radio Licence,JKI
20JKM,Available,Amateur Intermediate Radio Licence,JKM
20JKN,Available,Amateur Intermediate Radio Licence,JKN
20JKP,Available,Amateur Intermediate Radio Licence,JKP
20JKQ,Available,Amateur Intermediate Radio Licence,JKQ
20JKS,Available,Amateur Intermediate Radio Licence,JKS
20JKU,Available,Amateur Intermediate Radio Licence,JKU
20JKV,Available,Amateur Intermediate Radio Licence,JKV
20JKX,Available,Amateur Intermediate Radio Licence,JKX
20JLC,Available,Amateur Intermediate Radio Licence,JLC
20JLE,Available,Amateur Intermediate Radio Licence,JLE
20JLF,Available,Amateur Intermediate Radio Licence,JLF
20JLI,Available,Amateur Intermediate Radio Licence,JLI
20JLJ,Available,Amateur Intermediate Radio Licence,JLJ
20JLO,Available,Amateur Intermediate Radio Licence,JLO
20JLP,Available,Amateur Intermediate Radio Licence,JLP
20JLQ,Available,Amateur Intermediate Radio Licence,JLQ
20JLR,Available,Amateur Intermediate Radio Licence,JLR
20JLT,Available,Amateur Intermediate Radio Licence,JLT
20JLU,Available,Amateur Intermediate Radio Licence,JLU
20JLV,Available,Amateur Intermediate Radio Licence,JLV
20JLW,Available,Amateur Intermediate Radio Licence,JLW
20JLZ,Available,Amateur Intermediate Radio Licence,JLZ
20JMD,Available,Amateur Intermediate Radio Licence,JMD
20JMI,Available,Amateur Intermediate Radio Licence,JMI
20JMJ,Available,Amateur Intermediate Radio Licence,JMJ
20JMQ,Available,Amateur Intermediate Radio Licence,JMQ
20JMU,Available,Amateur Intermediate Radio Licence,JMU
20JNA,Available,Amateur Intermediate Radio Licence,JNA
20JNB,Available,Amateur Intermediate Radio Licence,JNB
20JNC,Available,Amateur Intermediate Radio Licence,JNC
20JND,Available,Amateur Intermediate Radio Licence,JND
20JNE,Available,Amateur Intermediate Radio Licence,JNE
20JNF,Available,Amateur Intermediate Radio Licence,JNF
20JNG,Available,Amateur Intermediate Radio Licence,JNG
20JNJ,Available,Amateur Intermediate Radio Licence,JNJ
20JNM,Available,Amateur Intermediate Radio Licence,JNM
20JNN,Available,Amateur Intermediate Radio Licence,JNN
20JNO,Available,Amateur Intermediate Radio Licence,JNO
20JNR,Available,Amateur Intermediate Radio Licence,JNR
20JNU,Available,Amateur Intermediate Radio Licence,JNU
20JNV,Available,Amateur Intermediate Radio Licence,JNV
20JNW,Available,Amateur Intermediate Radio Licence,JNW
20JNX,Available,Amateur Intermediate Radio Licence,JNX
20JNY,Available,Amateur Intermediate Radio Licence,JNY
20JNZ,Available,Amateur Intermediate Radio Licence,JNZ
20JOA,Available,Amateur Intermediate Radio Licence,JOA
20JOD,Available,Amateur Intermediate Radio Licence,JOD
20JOI,Available,Amateur Intermediate Radio Licence,JOI
20JOL,Available,Amateur Intermediate Radio Licence,JOL
20JOO,Available,Amateur Intermediate Radio Licence,JOO
20JOQ,Available,Amateur Intermediate Radio Licence,JOQ
20JOT,Available,Amateur Intermediate Radio Licence,JOT
20JOU,Available,Amateur Intermediate Radio Licence,JOU
20JOV,Available,Amateur Intermediate Radio Licence,JOV
20JOW,Available,Amateur Intermediate Radio Licence,JOW
20JOZ,Available,Amateur Intermediate Radio Licence,JOZ
20JPQ,Available,Amateur Intermediate Radio Licence,JPQ
20JPV,Available,Amateur Intermediate Radio Licence,JPV
20JPY,Available,Amateur Intermediate Radio Licence,JPY
20JQA,Available,Amateur Intermediate Radio Licence,JQA
20JQB,Available,Amateur Intermediate Radio Licence,JQB
20JQC,Available,Amateur Intermediate Radio Licence,JQC
20JQD,Available,Amateur Intermediate Radio Licence,JQD
20JQE,Available,Amateur Intermediate Radio Licence,JQE
20JQG,Available,Amateur Intermediate Radio Licence,JQG
20JQH,Available,Amateur Intermediate Radio Licence,JQH
20JQJ,Available,Amateur Intermediate Radio Licence,JQJ
20JQL,Available,Amateur Intermediate Radio Licence,JQL
20JQM,Available,Amateur Intermediate Radio Licence,JQM
20JQN,Available,Amateur Intermediate Radio Licence,JQN
20JQO,Available,Amateur Intermediate Radio Licence,JQO
20JQP,Available,Amateur Intermediate Radio Licence,JQP
20JQR,Available,Amateur Intermediate Radio Licence,JQR
20JQS,Available,Amateur Intermediate Radio Licence,JQS
20JQT,Available,Amateur Intermediate Radio Licence,JQT
20JQU,Available,Amateur Intermediate Radio Licence,JQU
20JQV,Available,Amateur Intermediate Radio Licence,JQV
20JQX,Available,Amateur Intermediate Radio Licence,JQX
20JRE,Available,Amateur Intermediate Radio Licence,JRE
20JRI,Available,Amateur Intermediate Radio Licence,JRI
20JRJ,Available,Amateur Intermediate Radio Licence,JRJ
20JRK,Available,Amateur Intermediate Radio Licence,JRK
20JRO,Available,Amateur Intermediate Radio Licence,JRO
20JRU,Available,Amateur Intermediate Radio Licence,JRU
20JRV,Available,Amateur Intermediate Radio Licence,JRV
20JRY,Available,Amateur Intermediate Radio Licence,JRY
20JSE,Available,Amateur Intermediate Radio Licence,JSE
20JSQ,Available,Amateur Intermediate Radio Licence,JSQ
20JST,Available,Amateur Intermediate Radio Licence,JST
20JSU,Available,Amateur Intermediate Radio Licence,JSU
20JSV,Available,Amateur Intermediate Radio Licence,JSV
20JSX,Available,Amateur Intermediate Radio Licence,JSX
20JSY,Available,Amateur Intermediate Radio Licence,JSY
20JTG,Available,Amateur Intermediate Radio Licence,JTG
20JTK,Available,Amateur Intermediate Radio Licence,JTK
20JTO,Available,Amateur Intermediate Radio Licence,JTO
20JTQ,Available,Amateur Intermediate Radio Licence,JTQ
20JTS,Available,Amateur Intermediate Radio Licence,JTS
20JTT,Available,Amateur Intermediate Radio Licence,JTT
20JTU,Available,Amateur Intermediate Radio Licence,JTU
20JTV,Available,Amateur Intermediate Radio Licence,JTV
20JTX,Available,Amateur Intermediate Radio Licence,JTX
20JTY,Available,Amateur Intermediate Radio Licence,JTY
20JTZ,Available,Amateur Intermediate Radio Licence,JTZ
20JUA,Available,Amateur Intermediate Radio Licence,JUA
20JUC,Available,Amateur Intermediate Radio Licence,JUC
20JUD,Available,Amateur Intermediate Radio Licence,JUD
20JUF,Available,Amateur Intermediate Radio Licence,JUF
20JUH,Available,Amateur Intermediate Radio Licence,JUH
20JUI,Available,Amateur Intermediate Radio Licence,JUI
20JUJ,Available,Amateur Intermediate Radio Licence,JUJ
20JUM,Available,Amateur Intermediate Radio Licence,JUM
20JUO,Available,Amateur Intermediate Radio Licence,JUO
20JUP,Available,Amateur Intermediate Radio Licence,JUP
20JUQ,Available,Amateur Intermediate Radio Licence,JUQ
20JUR,Available,Amateur Intermediate Radio Licence,JUR
20JUS,Available,Amateur Intermediate Radio Licence,JUS
20JUT,Available,Amateur Intermediate Radio Licence,JUT
20JUU,Available,Amateur Intermediate Radio Licence,JUU
20JUV,Available,Amateur Intermediate Radio Licence,JUV
20JUX,Available,Amateur Intermediate Radio Licence,JUX
20JUY,Available,Amateur Intermediate Radio Licence,JUY
20JVB,Available,Amateur Intermediate Radio Licence,JVB
20JVC,Available,Amateur Intermediate Radio Licence,JVC
20JVD,Available,Amateur Intermediate Radio Licence,JVD
20JVE,Available,Amateur Intermediate Radio Licence,JVE
20JVF,Available,Amateur Intermediate Radio Licence,JVF
20JVH,Available,Amateur Intermediate Radio Licence,JVH
20JVJ,Available,Amateur Intermediate Radio Licence,JVJ
20JVK,Available,Amateur Intermediate Radio Licence,JVK
20JVL,Available,Amateur Intermediate Radio Licence,JVL
20JVN,Available,Amateur Intermediate Radio Licence,JVN
20JVO,Available,Amateur Intermediate Radio Licence,JVO
20JVQ,Available,Amateur Intermediate Radio Licence,JVQ
20JVS,Available,Amateur Intermediate Radio Licence,JVS
20JVT,Available,Amateur Intermediate Radio Licence,JVT
20JVU,Available,Amateur Intermediate Radio Licence,JVU
20JVW,Available,Amateur Intermediate Radio Licence,JVW
20JVX,Available,Amateur Intermediate Radio Licence,JVX
20JVY,Available,Amateur Intermediate Radio Licence,JVY
20JWD,Available,Amateur Intermediate Radio Licence,JWD
20JWI,Available,Amateur Intermediate Radio Licence,JWI
20JWN,Available,Amateur Intermediate Radio Licence,JWN
20JWO,Available,Amateur Intermediate Radio Licence,JWO
20JWQ,Available,Amateur Intermediate Radio Licence,JWQ
20JWR,Available,Amateur Intermediate Radio Licence,JWR
20JWT,Available,Amateur Intermediate Radio Licence,JWT
20JWU,Available,Amateur Intermediate Radio Licence,JWU
20JWV,Available,Amateur Intermediate Radio Licence,JWV
20JWX,Available,Amateur Intermediate Radio Licence,JWX
20JXA,Available,Amateur Intermediate Radio Licence,JXA
20JXF,Available,Amateur Intermediate Radio Licence,JXF
20JXG,Available,Amateur Intermediate Radio Licence,JXG
20JXH,Available,Amateur Intermediate Radio Licence,JXH
20JXI,Available,Amateur Intermediate Radio Licence,JXI
20JXJ,Available,Amateur Intermediate Radio Licence,JXJ
20JXK,Available,Amateur Intermediate Radio Licence,JXK
20JXQ,Available,Amateur Intermediate Radio Licence,JXQ
20JXS,Available,Amateur Intermediate Radio Licence,JXS
20JXT,Available,Amateur Intermediate Radio Licence,JXT
20JXU,Available,Amateur Intermediate Radio Licence,JXU
20JXW,Available,Amateur Intermediate Radio Licence,JXW
20JXX,Available,Amateur Intermediate Radio Licence,JXX
20JXY,Available,Amateur Intermediate Radio Licence,JXY
20JXZ,Available,Amateur Intermediate Radio Licence,JXZ
20JYB,Available,Amateur Intermediate Radio Licence,JYB
20JYD,Available,Amateur Intermediate Radio Licence,JYD
20JYE,Available,Amateur Intermediate Radio Licence,JYE
20JYF,Available,Amateur Intermediate Radio Licence,JYF
20JYG,Available,Amateur Intermediate Radio Licence,JYG
20JYH,Available,Amateur Intermediate Radio Licence,JYH
20JYJ,Available,Amateur Intermediate Radio Licence,JYJ
20JYO,Available,Amateur Intermediate Radio Licence,JYO
20JYP,Available,Amateur Intermediate Radio Licence,JYP
20JYQ,Available,Amateur Intermediate Radio Licence,JYQ
20JYR,Available,Amateur Intermediate Radio Licence,JYR
20JYS,Available,Amateur Intermediate Radio Licence,JYS
20JYT,Available,Amateur Intermediate Radio Licence,JYT
20JYU,Available,Amateur Intermediate Radio Licence,JYU
20JYV,Available,Amateur Intermediate Radio Licence,JYV
20JYW,Available,Amateur Intermediate Radio Licence,JYW
20JYZ,Available,Amateur Intermediate Radio Licence,JYZ
20JZA,Available,Amateur Intermediate Radio Licence,JZA
20JZB,Available,Amateur Intermediate Radio Licence,JZB
20JZD,Available,Amateur Intermediate Radio Licence,JZD
20JZE,Available,Amateur Intermediate Radio Licence,JZE
20JZG,Available,Amateur Intermediate Radio Licence,JZG
20JZH,Available,Amateur Intermediate Radio Licence,JZH
20JZI,Available,Amateur Intermediate Radio Licence,JZI
20JZJ,Available,Amateur Intermediate Radio Licence,JZJ
20JZL,Available,Amateur Intermediate Radio Licence,JZL
20JZM,Available,Amateur Intermediate Radio Licence,JZM
20JZN,Available,Amateur Intermediate Radio Licence,JZN
20JZO,Available,Amateur Intermediate Radio Licence,JZO
20JZP,Available,Amateur Intermediate Radio Licence,JZP
20JZQ,Available,Amateur Intermediate Radio Licence,JZQ
20JZR,Available,Amateur Intermediate Radio Licence,JZR
20JZS,Available,Amateur Intermediate Radio Licence,JZS
20JZV,Available,Amateur Intermediate Radio Licence,JZV
20JZW,Available,Amateur Intermediate Radio Licence,JZW
20JZY,Available,Amateur Intermediate Radio Licence,JZY
20KBO,Available,Amateur Intermediate Radio Licence,KBO
20KBP,Available,Amateur Intermediate Radio Licence,KBP
20KBQ,Available,Amateur Intermediate Radio Licence,KBQ
20KBR,Available,Amateur Intermediate Radio Licence,KBR
20KBU,Available,Amateur Intermediate Radio Licence,KBU
20KBV,Available,Amateur Intermediate Radio Licence,KBV
20KBW,Available,Amateur Intermediate Radio Licence,KBW
20KBY,Available,Amateur Intermediate Radio Licence,KBY
20KBZ,Available,Amateur Intermediate Radio Licence,KBZ
20KCA,Available,Amateur Intermediate Radio Licence,KCA
20KCD,Available,Amateur Intermediate Radio Licence,KCD
20KCG,Available,Amateur Intermediate Radio Licence,KCG
20KCH,Available,Amateur Intermediate Radio Licence,KCH
20KCI,Available,Amateur Intermediate Radio Licence,KCI
20KCJ,Available,Amateur Intermediate Radio Licence,KCJ
20KCQ,Available,Amateur Intermediate Radio Licence,KCQ
20KCR,Available,Amateur Intermediate Radio Licence,KCR
20KCS,Available,Amateur Intermediate Radio Licence,KCS
20KCU,Available,Amateur Intermediate Radio Licence,KCU
20KCV,Available,Amateur Intermediate Radio Licence,KCV
20KCY,Available,Amateur Intermediate Radio Licence,KCY
20KDB,Available,Amateur Intermediate Radio Licence,KDB
20KDI,Available,Amateur Intermediate Radio Licence,KDI
20KDJ,Available,Amateur Intermediate Radio Licence,KDJ
20KDK,Available,Amateur Intermediate Radio Licence,KDK
20KDO,Available,Amateur Intermediate Radio Licence,KDO
20KDQ,Available,Amateur Intermediate Radio Licence,KDQ
20KDS,Available,Amateur Intermediate Radio Licence,KDS
20KDT,Available,Amateur Intermediate Radio Licence,KDT
20KDU,Available,Amateur Intermediate Radio Licence,KDU
20KEC,Available,Amateur Intermediate Radio Licence,KEC
20KEJ,Available,Amateur Intermediate Radio Licence,KEJ
20KEK,Available,Amateur Intermediate Radio Licence,KEK
20KEP,Available,Amateur Intermediate Radio Licence,KEP
20KEU,Available,Amateur Intermediate Radio Licence,KEU
20KEX,Available,Amateur Intermediate Radio Licence,KEX
20KFA,Available,Amateur Intermediate Radio Licence,KFA
20KFB,Available,Amateur Intermediate Radio Licence,KFB
20KFD,Available,Amateur Intermediate Radio Licence,KFD
20KFE,Available,Amateur Intermediate Radio Licence,KFE
20KFF,Available,Amateur Intermediate Radio Licence,KFF
20KFG,Available,Amateur Intermediate Radio Licence,KFG
20KFI,Available,Amateur Intermediate Radio Licence,KFI
20KFJ,Available,Amateur Intermediate Radio Licence,KFJ
20KFL,Available,Amateur Intermediate Radio Licence,KFL
20KFN,Available,Amateur Intermediate Radio Licence,KFN
20KFP,Available,Amateur Intermediate Radio Licence,KFP
20KFQ,Available,Amateur Intermediate Radio Licence,KFQ
20KFR,Available,Amateur Intermediate Radio Licence,KFR
20KFV,Available,Amateur Intermediate Radio Licence,KFV
20KFW,Available,Amateur Intermediate Radio Licence,KFW
20KFY,Available,Amateur Intermediate Radio Licence,KFY
20KFZ,Available,Amateur Intermediate Radio Licence,KFZ
20KGA,Available,Amateur Intermediate Radio Licence,KGA
20KGE,Available,Amateur Intermediate Radio Licence,KGE
20KGF,Available,Amateur Intermediate Radio Licence,KGF
20KGH,Available,Amateur Intermediate Radio Licence,KGH
20KGI,Available,Amateur Intermediate Radio Licence,KGI
20KGK,Available,Amateur Intermediate Radio Licence,KGK
20KGL,Available,Amateur Intermediate Radio Licence,KGL
20KGM,Available,Amateur Intermediate Radio Licence,KGM
20KGN,Available,Amateur Intermediate Radio Licence,KGN
20KGO,Available,Amateur Intermediate Radio Licence,KGO
20KGR,Available,Amateur Intermediate Radio Licence,KGR
20KGT,Available,Amateur Intermediate Radio Licence,KGT
20KGU,Available,Amateur Intermediate Radio Licence,KGU
20KGW,Available,Amateur Intermediate Radio Licence,KGW
20KGX,Available,Amateur Intermediate Radio Licence,KGX
20KGY,Available,Amateur Intermediate Radio Licence,KGY
20KGZ,Available,Amateur Intermediate Radio Licence,KGZ
20KHB,Available,Amateur Intermediate Radio Licence,KHB
20KHC,Available,Amateur Intermediate Radio Licence,KHC
20KHD,Available,Amateur Intermediate Radio Licence,KHD
20KHE,Available,Amateur Intermediate Radio Licence,KHE
20KHF,Available,Amateur Intermediate Radio Licence,KHF
20KHH,Available,Amateur Intermediate Radio Licence,KHH
20KHI,Available,Amateur Intermediate Radio Licence,KHI
20KHJ,Available,Amateur Intermediate Radio Licence,KHJ
20KHL,Available,Amateur Intermediate Radio Licence,KHL
20KHM,Available,Amateur Intermediate Radio Licence,KHM
20KHN,Available,Amateur Intermediate Radio Licence,KHN
20KHP,Available,Amateur Intermediate Radio Licence,KHP
20KHQ,Available,Amateur Intermediate Radio Licence,KHQ
20KHR,Available,Amateur Intermediate Radio Licence,KHR
20KHT,Available,Amateur Intermediate Radio Licence,KHT
20KHU,Available,Amateur Intermediate Radio Licence,KHU
20KHV,Available,Amateur Intermediate Radio Licence,KHV
20KHX,Available,Amateur Intermediate Radio Licence,KHX
20KHY,Available,Amateur Intermediate Radio Licence,KHY
20KIA,Available,Amateur Intermediate Radio Licence,KIA
20KIC,Available,Amateur Intermediate Radio Licence,KIC
20KIE,Available,Amateur Intermediate Radio Licence,KIE
20KIF,Available,Amateur Intermediate Radio Licence,KIF
20KIH,Available,Amateur Intermediate Radio Licence,KIH
20KII,Available,Amateur Intermediate Radio Licence,KII
20KIJ,Available,Amateur Intermediate Radio Licence,KIJ
20KIK,Available,Amateur Intermediate Radio Licence,KIK
20KIN,Available,Amateur Intermediate Radio Licence,KIN
20KIO,Available,Amateur Intermediate Radio Licence,KIO
20KIQ,Available,Amateur Intermediate Radio Licence,KIQ
20KIS,Available,Amateur Intermediate Radio Licence,KIS
20KIU,Available,Amateur Intermediate Radio Licence,KIU
20KIV,Available,Amateur Intermediate Radio Licence,KIV
20KIW,Available,Amateur Intermediate Radio Licence,KIW
20KIX,Available,Amateur Intermediate Radio Licence,KIX
20KIY,Available,Amateur Intermediate Radio Licence,KIY
20KIZ,Available,Amateur Intermediate Radio Licence,KIZ
20KJC,Available,Amateur Intermediate Radio Licence,KJC
20KJD,Available,Amateur Intermediate Radio Licence,KJD
20KJE,Available,Amateur Intermediate Radio Licence,KJE
20KJF,Available,Amateur Intermediate Radio Licence,KJF
20KJH,Available,Amateur Intermediate Radio Licence,KJH
20KJI,Available,Amateur Intermediate Radio Licence,KJI
20KJL,Available,Amateur Intermediate Radio Licence,KJL
20KJN,Available,Amateur Intermediate Radio Licence,KJN
20KJQ,Available,Amateur Intermediate Radio Licence,KJQ
20KJR,Available,Amateur Intermediate Radio Licence,KJR
20KJT,Available,Amateur Intermediate Radio Licence,KJT
20KJU,Available,Amateur Intermediate Radio Licence,KJU
20KJX,Available,Amateur Intermediate Radio Licence,KJX
20KJY,Available,Amateur Intermediate Radio Licence,KJY
20KJZ,Available,Amateur Intermediate Radio Licence,KJZ
20KKD,Available,Amateur Intermediate Radio Licence,KKD
20KKE,Available,Amateur Intermediate Radio Licence,KKE
20KKF,Available,Amateur Intermediate Radio Licence,KKF
20KKG,Available,Amateur Intermediate Radio Licence,KKG
20KKH,Available,Amateur Intermediate Radio Licence,KKH
20KKI,Available,Amateur Intermediate Radio Licence,KKI
20KKL,Available,Amateur Intermediate Radio Licence,KKL
20KKM,Available,Amateur Intermediate Radio Licence,KKM
20KKN,Available,Amateur Intermediate Radio Licence,KKN
20KKO,Available,Amateur Intermediate Radio Licence,KKO
20KKQ,Available,Amateur Intermediate Radio Licence,KKQ
20KKR,Available,Amateur Intermediate Radio Licence,KKR
20KKT,Available,Amateur Intermediate Radio Licence,KKT
20KKU,Available,Amateur Intermediate Radio Licence,KKU
20KKV,Available,Amateur Intermediate Radio Licence,KKV
20KKX,Available,Amateur Intermediate Radio Licence,KKX
20KKY,Available,Amateur Intermediate Radio Licence,KKY
20KKZ,Available,Amateur Intermediate Radio Licence,KKZ
20KLA,Available,Amateur Intermediate Radio Licence,KLA
20KLB,Available,Amateur Intermediate Radio Licence,KLB
20KLC,Available,Amateur Intermediate Radio Licence,KLC
20KLG,Available,Amateur Intermediate Radio Licence,KLG
20KLI,Available,Amateur Intermediate Radio Licence,KLI
20KLK,Available,Amateur Intermediate Radio Licence,KLK
20KLQ,Available,Amateur Intermediate Radio Licence,KLQ
20KLU,Available,Amateur Intermediate Radio Licence,KLU
20KLW,Available,Amateur Intermediate Radio Licence,KLW
20KLX,Available,Amateur Intermediate Radio Licence,KLX
20KLZ,Available,Amateur Intermediate Radio Licence,KLZ
20KMH,Available,Amateur Intermediate Radio Licence,KMH
20KMJ,Available,Amateur Intermediate Radio Licence,KMJ
20KMN,Available,Amateur Intermediate Radio Licence,KMN
20KMQ,Available,Amateur Intermediate Radio Licence,KMQ
20KMT,Available,Amateur Intermediate Radio Licence,KMT
20KMV,Available,Amateur Intermediate Radio Licence,KMV
20KMX,Available,Amateur Intermediate Radio Licence,KMX
20KMY,Available,Amateur Intermediate Radio Licence,KMY
20KNK,Available,Amateur Intermediate Radio Licence,KNK
20KNL,Available,Amateur Intermediate Radio Licence,KNL
20KNM,Available,Amateur Intermediate Radio Licence,KNM
20KNP,Available,Amateur Intermediate Radio Licence,KNP
20KNQ,Available,Amateur Intermediate Radio Licence,KNQ
20KNR,Available,Amateur Intermediate Radio Licence,KNR
20KNS,Available,Amateur Intermediate Radio Licence,KNS
20KNV,Available,Amateur Intermediate Radio Licence,KNV
20KNX,Available,Amateur Intermediate Radio Licence,KNX
20KNZ,Available,Amateur Intermediate Radio Licence,KNZ
20KOA,Available,Amateur Intermediate Radio Licence,KOA
20KOB,Available,Amateur Intermediate Radio Licence,KOB
20KOD,Available,Amateur Intermediate Radio Licence,KOD
20KOE,Available,Amateur Intermediate Radio Licence,KOE
20KOF,Available,Amateur Intermediate Radio Licence,KOF
20KOG,Available,Amateur Intermediate Radio Licence,KOG
20KOH,Available,Amateur Intermediate Radio Licence,KOH
20KOJ,Available,Amateur Intermediate Radio Licence,KOJ
20KOQ,Available,Amateur Intermediate Radio Licence,KOQ
20KOT,Available,Amateur Intermediate Radio Licence,KOT
20KOU,Available,Amateur Intermediate Radio Licence,KOU
20KOV,Available,Amateur Intermediate Radio Licence,KOV
20KOX,Available,Amateur Intermediate Radio Licence,KOX
20KPB,Available,Amateur Intermediate Radio Licence,KPB
20KPF,Available,Amateur Intermediate Radio Licence,KPF
20KPJ,Available,Amateur Intermediate Radio Licence,KPJ
20KPK,Available,Amateur Intermediate Radio Licence,KPK
20KPL,Available,Amateur Intermediate Radio Licence,KPL
20KPM,Available,Amateur Intermediate Radio Licence,KPM
20KPN,Available,Amateur Intermediate Radio Licence,KPN
20KPQ,Available,Amateur Intermediate Radio Licence,KPQ
20KPS,Available,Amateur Intermediate Radio Licence,KPS
20KPU,Available,Amateur Intermediate Radio Licence,KPU
20KPV,Available,Amateur Intermediate Radio Licence,KPV
20KPW,Available,Amateur Intermediate Radio Licence,KPW
20KPY,Available,Amateur Intermediate Radio Licence,KPY
20KQA,Available,Amateur Intermediate Radio Licence,KQA
20KQB,Available,Amateur Intermediate Radio Licence,KQB
20KQC,Available,Amateur Intermediate Radio Licence,KQC
20KQE,Available,Amateur Intermediate Radio Licence,KQE
20KQF,Available,Amateur Intermediate Radio Licence,KQF
20KQG,Available,Amateur Intermediate Radio Licence,KQG
20KQH,Available,Amateur Intermediate Radio Licence,KQH
20KQI,Available,Amateur Intermediate Radio Licence,KQI
20KQJ,Available,Amateur Intermediate Radio Licence,KQJ
20KQK,Available,Amateur Intermediate Radio Licence,KQK
20KQL,Available,Amateur Intermediate Radio Licence,KQL
20KQM,Available,Amateur Intermediate Radio Licence,KQM
20KQN,Available,Amateur Intermediate Radio Licence,KQN
20KQO,Available,Amateur Intermediate Radio Licence,KQO
20KQP,Available,Amateur Intermediate Radio Licence,KQP
20KQQ,Available,Amateur Intermediate Radio Licence,KQQ
20KQR,Available,Amateur Intermediate Radio Licence,KQR
20KQS,Available,Amateur Intermediate Radio Licence,KQS
20KQT,Available,Amateur Intermediate Radio Licence,KQT
20KQU,Available,Amateur Intermediate Radio Licence,KQU
20KQW,Available,Amateur Intermediate Radio Licence,KQW
20KQX,Available,Amateur Intermediate Radio Licence,KQX
20KQY,Available,Amateur Intermediate Radio Licence,KQY
20KQZ,Available,Amateur Intermediate Radio Licence,KQZ
20KRA,Available,Amateur Intermediate Radio Licence,KRA
20KRC,Available,Amateur Intermediate Radio Licence,KRC
20KRE,Available,Amateur Intermediate Radio Licence,KRE
20KRF,Available,Amateur Intermediate Radio Licence,KRF
20KRG,Available,Amateur Intermediate Radio Licence,KRG
20KRH,Available,Amateur Intermediate Radio Licence,KRH
20KRI,Available,Amateur Intermediate Radio Licence,KRI
20KRM,Available,Amateur Intermediate Radio Licence,KRM
20KRO,Available,Amateur Intermediate Radio Licence,KRO
20KRP,Available,Amateur Intermediate Radio Licence,KRP
20KRQ,Available,Amateur Intermediate Radio Licence,KRQ
20KRU,Available,Amateur Intermediate Radio Licence,KRU
20KRV,Available,Amateur Intermediate Radio Licence,KRV
20KRY,Available,Amateur Intermediate Radio Licence,KRY
20KRZ,Available,Amateur Intermediate Radio Licence,KRZ
20KSA,Available,Amateur Intermediate Radio Licence,KSA
20KSB,Available,Amateur Intermediate Radio Licence,KSB
20KSC,Available,Amateur Intermediate Radio Licence,KSC
20KSD,Available,Amateur Intermediate Radio Licence,KSD
20KSE,Available,Amateur Intermediate Radio Licence,KSE
20KSF,Available,Amateur Intermediate Radio Licence,KSF
20KSI,Available,Amateur Intermediate Radio Licence,KSI
20KSJ,Available,Amateur Intermediate Radio Licence,KSJ
20KSK,Available,Amateur Intermediate Radio Licence,KSK
20KSN,Available,Amateur Intermediate Radio Licence,KSN
20KSP,Available,Amateur Intermediate Radio Licence,KSP
20KSQ,Available,Amateur Intermediate Radio Licence,KSQ
20KSR,Available,Amateur Intermediate Radio Licence,KSR
20KSS,Available,Amateur Intermediate Radio Licence,KSS
20KSU,Available,Amateur Intermediate Radio Licence,KSU
20KSV,Available,Amateur Intermediate Radio Licence,KSV
20KSX,Available,Amateur Intermediate Radio Licence,KSX
20KSY,Available,Amateur Intermediate Radio Licence,KSY
20KSZ,Available,Amateur Intermediate Radio Licence,KSZ
20KTA,Available,Amateur Intermediate Radio Licence,KTA
20KTH,Available,Amateur Intermediate Radio Licence,KTH
20KTI,Available,Amateur Intermediate Radio Licence,KTI
20KTJ,Available,Amateur Intermediate Radio Licence,KTJ
20KTK,Available,Amateur Intermediate Radio Licence,KTK
20KTN,Available,Amateur Intermediate Radio Licence,KTN
20KTO,Available,Amateur Intermediate Radio Licence,KTO
20KTP,Available,Amateur Intermediate Radio Licence,KTP
20KTQ,Available,Amateur Intermediate Radio Licence,KTQ
20KTR,Available,Amateur Intermediate Radio Licence,KTR
20KTS,Available,Amateur Intermediate Radio Licence,KTS
20KTT,Available,Amateur Intermediate Radio Licence,KTT
20KTU,Available,Amateur Intermediate Radio Licence,KTU
20KTY,Available,Amateur Intermediate Radio Licence,KTY
20KUA,Available,Amateur Intermediate Radio Licence,KUA
20KUD,Available,Amateur Intermediate Radio Licence,KUD
20KUE,Available,Amateur Intermediate Radio Licence,KUE
20KUG,Available,Amateur Intermediate Radio Licence,KUG
20KUI,Available,Amateur Intermediate Radio Licence,KUI
20KUJ,Available,Amateur Intermediate Radio Licence,KUJ
20KUK,Available,Amateur Intermediate Radio Licence,KUK
20KUL,Available,Amateur Intermediate Radio Licence,KUL
20KUM,Available,Amateur Intermediate Radio Licence,KUM
20KUN,Available,Amateur Intermediate Radio Licence,KUN
20KUO,Available,Amateur Intermediate Radio Licence,KUO
20KUP,Available,Amateur Intermediate Radio Licence,KUP
20KUQ,Available,Amateur Intermediate Radio Licence,KUQ
20KUR,Available,Amateur Intermediate Radio Licence,KUR
20KUS,Available,Amateur Intermediate Radio Licence,KUS
20KUT,Available,Amateur Intermediate Radio Licence,KUT
20KUU,Available,Amateur Intermediate Radio Licence,KUU
20KUV,Available,Amateur Intermediate Radio Licence,KUV
20KUW,Available,Amateur Intermediate Radio Licence,KUW
20KUY,Available,Amateur Intermediate Radio Licence,KUY
20KUZ,Available,Amateur Intermediate Radio Licence,KUZ
20KVC,Available,Amateur Intermediate Radio Licence,KVC
20KVD,Available,Amateur Intermediate Radio Licence,KVD
20KVG,Available,Amateur Intermediate Radio Licence,KVG
20KVH,Available,Amateur Intermediate Radio Licence,KVH
20KVI,Available,Amateur Intermediate Radio Licence,KVI
20KVJ,Available,Amateur Intermediate Radio Licence,KVJ
20KVO,Available,Amateur Intermediate Radio Licence,KVO
20KVP,Available,Amateur Intermediate Radio Licence,KVP
20KVQ,Available,Amateur Intermediate Radio Licence,KVQ
20KVS,Available,Amateur Intermediate Radio Licence,KVS
20KVU,Available,Amateur Intermediate Radio Licence,KVU
20KVV,Available,Amateur Intermediate Radio Licence,KVV
20KVW,Available,Amateur Intermediate Radio Licence,KVW
20KVX,Available,Amateur Intermediate Radio Licence,KVX
20KVY,Available,Amateur Intermediate Radio Licence,KVY
20KVZ,Available,Amateur Intermediate Radio Licence,KVZ
20KWA,Available,Amateur Intermediate Radio Licence,KWA
20KWB,Available,Amateur Intermediate Radio Licence,KWB
20KWD,Available,Amateur Intermediate Radio Licence,KWD
20KWE,Available,Amateur Intermediate Radio Licence,KWE
20KWF,Available,Amateur Intermediate Radio Licence,KWF
20KWI,Available,Amateur Intermediate Radio Licence,KWI
20KWJ,Available,Amateur Intermediate Radio Licence,KWJ
20KWL,Available,Amateur Intermediate Radio Licence,KWL
20KWO,Available,Amateur Intermediate Radio Licence,KWO
20KWP,Available,Amateur Intermediate Radio Licence,KWP
20KWQ,Available,Amateur Intermediate Radio Licence,KWQ
20KWU,Available,Amateur Intermediate Radio Licence,KWU
20KWV,Available,Amateur Intermediate Radio Licence,KWV
20KWX,Available,Amateur Intermediate Radio Licence,KWX
20KWY,Available,Amateur Intermediate Radio Licence,KWY
20KWZ,Available,Amateur Intermediate Radio Licence,KWZ
20KXA,Available,Amateur Intermediate Radio Licence,KXA
20KXB,Available,Amateur Intermediate Radio Licence,KXB
20KXC,Available,Amateur Intermediate Radio Licence,KXC
20KXE,Available,Amateur Intermediate Radio Licence,KXE
20KXF,Available,Amateur Intermediate Radio Licence,KXF
20KXG,Available,Amateur Intermediate Radio Licence,KXG
20KXH,Available,Amateur Intermediate Radio Licence,KXH
20KXI,Available,Amateur Intermediate Radio Licence,KXI
20KXJ,Available,Amateur Intermediate Radio Licence,KXJ
20KXK,Available,Amateur Intermediate Radio Licence,KXK
20KXL,Available,Amateur Intermediate Radio Licence,KXL
20KXM,Available,Amateur Intermediate Radio Licence,KXM
20KXN,Available,Amateur Intermediate Radio Licence,KXN
20KXP,Available,Amateur Intermediate Radio Licence,KXP
20KXR,Available,Amateur Intermediate Radio Licence,KXR
20KXS,Available,Amateur Intermediate Radio Licence,KXS
20KXT,Available,Amateur Intermediate Radio Licence,KXT
20KXU,Available,Amateur Intermediate Radio Licence,KXU
20KXV,Available,Amateur Intermediate Radio Licence,KXV
20KXW,Available,Amateur Intermediate Radio Licence,KXW
20KXX,Available,Amateur Intermediate Radio Licence,KXX
20KXY,Available,Amateur Intermediate Radio Licence,KXY
20KXZ,Available,Amateur Intermediate Radio Licence,KXZ
20KYB,Available,Amateur Intermediate Radio Licence,KYB
20KYC,Available,Amateur Intermediate Radio Licence,KYC
20KYD,Available,Amateur Intermediate Radio Licence,KYD
20KYF,Available,Amateur Intermediate Radio Licence,KYF
20KYG,Available,Amateur Intermediate Radio Licence,KYG
20KYH,Available,Amateur Intermediate Radio Licence,KYH
20KYJ,Available,Amateur Intermediate Radio Licence,KYJ
20KYK,Available,Amateur Intermediate Radio Licence,KYK
20KYM,Available,Amateur Intermediate Radio Licence,KYM
20KYN,Available,Amateur Intermediate Radio Licence,KYN
20KYP,Available,Amateur Intermediate Radio Licence,KYP
20KYQ,Available,Amateur Intermediate Radio Licence,KYQ
20KYS,Available,Amateur Intermediate Radio Licence,KYS
20KYT,Available,Amateur Intermediate Radio Licence,KYT
20KYU,Available,Amateur Intermediate Radio Licence,KYU
20KYV,Available,Amateur Intermediate Radio Licence,KYV
20KYW,Available,Amateur Intermediate Radio Licence,KYW
20KYX,Available,Amateur Intermediate Radio Licence,KYX
20KYY,Available,Amateur Intermediate Radio Licence,KYY
20KYZ,Available,Amateur Intermediate Radio Licence,KYZ
20KZA,Available,Amateur Intermediate Radio Licence,KZA
20KZB,Available,Amateur Intermediate Radio Licence,KZB
20KZD,Available,Amateur Intermediate Radio Licence,KZD
20KZE,Available,Amateur Intermediate Radio Licence,KZE
20KZF,Available,Amateur Intermediate Radio Licence,KZF
20KZG,Available,Amateur Intermediate Radio Licence,KZG
20KZK,Available,Amateur Intermediate Radio Licence,KZK
20KZN,Available,Amateur Intermediate Radio Licence,KZN
20KZO,Available,Amateur Intermediate Radio Licence,KZO
20KZP,Available,Amateur Intermediate Radio Licence,KZP
20KZQ,Available,Amateur Intermediate Radio Licence,KZQ
20KZR,Available,Amateur Intermediate Radio Licence,KZR
20KZS,Available,Amateur Intermediate Radio Licence,KZS
20KZT,Available,Amateur Intermediate Radio Licence,KZT
20KZU,Available,Amateur Intermediate Radio Licence,KZU
20KZV,Available,Amateur Intermediate Radio Licence,KZV
20KZW,Available,Amateur Intermediate Radio Licence,KZW
20KZX,Available,Amateur Intermediate Radio Licence,KZX
20KZY,Available,Amateur Intermediate Radio Licence,KZY
20KZZ,Available,Amateur Intermediate Radio Licence,KZZ
20LBJ,Available,Amateur Intermediate Radio Licence,LBJ
20LBM,Available,Amateur Intermediate Radio Licence,LBM
20LBN,Available,Amateur Intermediate Radio Licence,LBN
20LBP,Available,Amateur Intermediate Radio Licence,LBP
20LBQ,Available,Amateur Intermediate Radio Licence,LBQ
20LBR,Available,Amateur Intermediate Radio Licence,LBR
20LBU,Available,Amateur Intermediate Radio Licence,LBU
20LBV,Available,Amateur Intermediate Radio Licence,LBV
20LBW,Available,Amateur Intermediate Radio Licence,LBW
20LBY,Available,Amateur Intermediate Radio Licence,LBY
20LCB,Available,Amateur Intermediate Radio Licence,LCB
20LCF,Available,Amateur Intermediate Radio Licence,LCF
20LCG,Available,Amateur Intermediate Radio Licence,LCG
20LCI,Available,Amateur Intermediate Radio Licence,LCI
20LCK,Available,Amateur Intermediate Radio Licence,LCK
20LCL,Available,Amateur Intermediate Radio Licence,LCL
20LCP,Available,Amateur Intermediate Radio Licence,LCP
20LCQ,Available,Amateur Intermediate Radio Licence,LCQ
20LCS,Available,Amateur Intermediate Radio Licence,LCS
20LCT,Available,Amateur Intermediate Radio Licence,LCT
20LCU,Available,Amateur Intermediate Radio Licence,LCU
20LCV,Available,Amateur Intermediate Radio Licence,LCV
20LCX,Available,Amateur Intermediate Radio Licence,LCX
20LDA,Available,Amateur Intermediate Radio Licence,LDA
20LDG,Available,Amateur Intermediate Radio Licence,LDG
20LDH,Available,Amateur Intermediate Radio Licence,LDH
20LDI,Available,Amateur Intermediate Radio Licence,LDI
20LDL,Available,Amateur Intermediate Radio Licence,LDL
20LDP,Available,Amateur Intermediate Radio Licence,LDP
20LDU,Available,Amateur Intermediate Radio Licence,LDU
20LDW,Available,Amateur Intermediate Radio Licence,LDW
20LEH,Available,Amateur Intermediate Radio Licence,LEH
20LEI,Available,Amateur Intermediate Radio Licence,LEI
20LEJ,Available,Amateur Intermediate Radio Licence,LEJ
20LEK,Available,Amateur Intermediate Radio Licence,LEK
20LEL,Available,Amateur Intermediate Radio Licence,LEL
20LEQ,Available,Amateur Intermediate Radio Licence,LEQ
20LET,Available,Amateur Intermediate Radio Licence,LET
20LEU,Available,Amateur Intermediate Radio Licence,LEU
20LFA,Available,Amateur Intermediate Radio Licence,LFA
20LFB,Available,Amateur Intermediate Radio Licence,LFB
20LFD,Available,Amateur Intermediate Radio Licence,LFD
20LFE,Available,Amateur Intermediate Radio Licence,LFE
20LFF,Available,Amateur Intermediate Radio Licence,LFF
20LFG,Available,Amateur Intermediate Radio Licence,LFG
20LFH,Available,Amateur Intermediate Radio Licence,LFH
20LFI,Available,Amateur Intermediate Radio Licence,LFI
20LFL,Available,Amateur Intermediate Radio Licence,LFL
20LFN,Available,Amateur Intermediate Radio Licence,LFN
20LFP,Available,Amateur Intermediate Radio Licence,LFP
20LFQ,Available,Amateur Intermediate Radio Licence,LFQ
20LFS,Available,Amateur Intermediate Radio Licence,LFS
20LFU,Available,Amateur Intermediate Radio Licence,LFU
20LFV,Available,Amateur Intermediate Radio Licence,LFV
20LFW,Available,Amateur Intermediate Radio Licence,LFW
20LFX,Available,Amateur Intermediate Radio Licence,LFX
20LFZ,Available,Amateur Intermediate Radio Licence,LFZ
20LGC,Available,Amateur Intermediate Radio Licence,LGC
20LGE,Available,Amateur Intermediate Radio Licence,LGE
20LGF,Available,Amateur Intermediate Radio Licence,LGF
20LGI,Available,Amateur Intermediate Radio Licence,LGI
20LGJ,Available,Amateur Intermediate Radio Licence,LGJ
20LGK,Available,Amateur Intermediate Radio Licence,LGK
20LGN,Available,Amateur Intermediate Radio Licence,LGN
20LGP,Available,Amateur Intermediate Radio Licence,LGP
20LGQ,Available,Amateur Intermediate Radio Licence,LGQ
20LGS,Available,Amateur Intermediate Radio Licence,LGS
20LGU,Available,Amateur Intermediate Radio Licence,LGU
20LGX,Available,Amateur Intermediate Radio Licence,LGX
20LHA,Available,Amateur Intermediate Radio Licence,LHA
20LHD,Available,Amateur Intermediate Radio Licence,LHD
20LHE,Available,Amateur Intermediate Radio Licence,LHE
20LHF,Available,Amateur Intermediate Radio Licence,LHF
20LHG,Available,Amateur Intermediate Radio Licence,LHG
20LHH,Available,Amateur Intermediate Radio Licence,LHH
20LHI,Available,Amateur Intermediate Radio Licence,LHI
20LHJ,Available,Amateur Intermediate Radio Licence,LHJ
20LHK,Available,Amateur Intermediate Radio Licence,LHK
20LHL,Available,Amateur Intermediate Radio Licence,LHL
20LHM,Available,Amateur Intermediate Radio Licence,LHM
20LHN,Available,Amateur Intermediate Radio Licence,LHN
20LHO,Available,Amateur Intermediate Radio Licence,LHO
20LHQ,Available,Amateur Intermediate Radio Licence,LHQ
20LHS,Available,Amateur Intermediate Radio Licence,LHS
20LHT,Available,Amateur Intermediate Radio Licence,LHT
20LHU,Available,Amateur Intermediate Radio Licence,LHU
20LHV,Available,Amateur Intermediate Radio Licence,LHV
20LHW,Available,Amateur Intermediate Radio Licence,LHW
20LHX,Available,Amateur Intermediate Radio Licence,LHX
20LHY,Available,Amateur Intermediate Radio Licence,LHY
20LHZ,Available,Amateur Intermediate Radio Licence,LHZ
20LIA,Available,Amateur Intermediate Radio Licence,LIA
20LID,Available,Amateur Intermediate Radio Licence,LID
20LIE,Available,Amateur Intermediate Radio Licence,LIE
20LIF,Available,Amateur Intermediate Radio Licence,LIF
20LIG,Available,Amateur Intermediate Radio Licence,LIG
20LIH,Available,Amateur Intermediate Radio Licence,LIH
20LII,Available,Amateur Intermediate Radio Licence,LII
20LIJ,Available,Amateur Intermediate Radio Licence,LIJ
20LIL,Available,Amateur Intermediate Radio Licence,LIL
20LIN,Available,Amateur Intermediate Radio Licence,LIN
20LIP,Available,Amateur Intermediate Radio Licence,LIP
20LIQ,Available,Amateur Intermediate Radio Licence,LIQ
20LIR,Available,Amateur Intermediate Radio Licence,LIR
20LIU,Available,Amateur Intermediate Radio Licence,LIU
20LIX,Available,Amateur Intermediate Radio Licence,LIX
20LIY,Available,Amateur Intermediate Radio Licence,LIY
20LJE,Available,Amateur Intermediate Radio Licence,LJE
20LJF,Available,Amateur Intermediate Radio Licence,LJF
20LJI,Available,Amateur Intermediate Radio Licence,LJI
20LJJ,Available,Amateur Intermediate Radio Licence,LJJ
20LJL,Available,Amateur Intermediate Radio Licence,LJL
20LJN,Available,Amateur Intermediate Radio Licence,LJN
20LJO,Available,Amateur Intermediate Radio Licence,LJO
20LJP,Available,Amateur Intermediate Radio Licence,LJP
20LJR,Available,Amateur Intermediate Radio Licence,LJR
20LJV,Available,Amateur Intermediate Radio Licence,LJV
20LJX,Available,Amateur Intermediate Radio Licence,LJX
20LJY,Available,Amateur Intermediate Radio Licence,LJY
20LKA,Available,Amateur Intermediate Radio Licence,LKA
20LKB,Available,Amateur Intermediate Radio Licence,LKB
20LKD,Available,Amateur Intermediate Radio Licence,LKD
20LKF,Available,Amateur Intermediate Radio Licence,LKF
20LKG,Available,Amateur Intermediate Radio Licence,LKG
20LKJ,Available,Amateur Intermediate Radio Licence,LKJ
20LKK,Available,Amateur Intermediate Radio Licence,LKK
20LKN,Available,Amateur Intermediate Radio Licence,LKN
20LKO,Available,Amateur Intermediate Radio Licence,LKO
20LKR,Available,Amateur Intermediate Radio Licence,LKR
20LKU,Available,Amateur Intermediate Radio Licence,LKU
20LKW,Available,Amateur Intermediate Radio Licence,LKW
20LKX,Available,Amateur Intermediate Radio Licence,LKX
20LKZ,Available,Amateur Intermediate Radio Licence,LKZ
20LLB,Available,Amateur Intermediate Radio Licence,LLB
20LLD,Available,Amateur Intermediate Radio Licence,LLD
20LLH,Available,Amateur Intermediate Radio Licence,LLH
20LLI,Available,Amateur Intermediate Radio Licence,LLI
20LLJ,Available,Amateur Intermediate Radio Licence,LLJ
20LLK,Available,Amateur Intermediate Radio Licence,LLK
20LLN,Available,Amateur Intermediate Radio Licence,LLN
20LLP,Available,Amateur Intermediate Radio Licence,LLP
20LLQ,Available,Amateur Intermediate Radio Licence,LLQ
20LLU,Available,Amateur Intermediate Radio Licence,LLU
20LLV,Available,Amateur Intermediate Radio Licence,LLV
20LLZ,Available,Amateur Intermediate Radio Licence,LLZ
20LMI,Available,Amateur Intermediate Radio Licence,LMI
20LMJ,Available,Amateur Intermediate Radio Licence,LMJ
20LML,Available,Amateur Intermediate Radio Licence,LML
20LMN,Available,Amateur Intermediate Radio Licence,LMN
20LMO,Available,Amateur Intermediate Radio Licence,LMO
20LMQ,Available,Amateur Intermediate Radio Licence,LMQ
20LMT,Available,Amateur Intermediate Radio Licence,LMT
20LMU,Available,Amateur Intermediate Radio Licence,LMU
20LMV,Available,Amateur Intermediate Radio Licence,LMV
20LMW,Available,Amateur Intermediate Radio Licence,LMW
20LMY,Available,Amateur Intermediate Radio Licence,LMY
20LMZ,Available,Amateur Intermediate Radio Licence,LMZ
20LNB,Available,Amateur Intermediate Radio Licence,LNB
20LNC,Available,Amateur Intermediate Radio Licence,LNC
20LND,Available,Amateur Intermediate Radio Licence,LND
20LNE,Available,Amateur Intermediate Radio Licence,LNE
20LNH,Available,Amateur Intermediate Radio Licence,LNH
20LNI,Available,Amateur Intermediate Radio Licence,LNI
20LNJ,Available,Amateur Intermediate Radio Licence,LNJ
20LNL,Available,Amateur Intermediate Radio Licence,LNL
20LNM,Available,Amateur Intermediate Radio Licence,LNM
20LNN,Available,Amateur Intermediate Radio Licence,LNN
20LNO,Available,Amateur Intermediate Radio Licence,LNO
20LNP,Available,Amateur Intermediate Radio Licence,LNP
20LNQ,Available,Amateur Intermediate Radio Licence,LNQ
20LNS,Available,Amateur Intermediate Radio Licence,LNS
20LNT,Available,Amateur Intermediate Radio Licence,LNT
20LNV,Available,Amateur Intermediate Radio Licence,LNV
20LNW,Available,Amateur Intermediate Radio Licence,LNW
20LNX,Available,Amateur Intermediate Radio Licence,LNX
20LOA,Available,Amateur Intermediate Radio Licence,LOA
20LOB,Available,Amateur Intermediate Radio Licence,LOB
20LOD,Available,Amateur Intermediate Radio Licence,LOD
20LOF,Available,Amateur Intermediate Radio Licence,LOF
20LOH,Available,Amateur Intermediate Radio Licence,LOH
20LOI,Available,Amateur Intermediate Radio Licence,LOI
20LOJ,Available,Amateur Intermediate Radio Licence,LOJ
20LOP,Available,Amateur Intermediate Radio Licence,LOP
20LOQ,Available,Amateur Intermediate Radio Licence,LOQ
20LOV,Available,Amateur Intermediate Radio Licence,LOV
20LOX,Available,Amateur Intermediate Radio Licence,LOX
20LOY,Available,Amateur Intermediate Radio Licence,LOY
20LPE,Available,Amateur Intermediate Radio Licence,LPE
20LPH,Available,Amateur Intermediate Radio Licence,LPH
20LPL,Available,Amateur Intermediate Radio Licence,LPL
20LPN,Available,Amateur Intermediate Radio Licence,LPN
20LPP,Available,Amateur Intermediate Radio Licence,LPP
20LPQ,Available,Amateur Intermediate Radio Licence,LPQ
20LPS,Available,Amateur Intermediate Radio Licence,LPS
20LPU,Available,Amateur Intermediate Radio Licence,LPU
20LPV,Available,Amateur Intermediate Radio Licence,LPV
20LPX,Available,Amateur Intermediate Radio Licence,LPX
20LPY,Available,Amateur Intermediate Radio Licence,LPY
20LPZ,Available,Amateur Intermediate Radio Licence,LPZ
20LQA,Available,Amateur Intermediate Radio Licence,LQA
20LQB,Available,Amateur Intermediate Radio Licence,LQB
20LQC,Available,Amateur Intermediate Radio Licence,LQC
20LQD,Available,Amateur Intermediate Radio Licence,LQD
20LQE,Available,Amateur Intermediate Radio Licence,LQE
20LQF,Available,Amateur Intermediate Radio Licence,LQF
20LQG,Available,Amateur Intermediate Radio Licence,LQG
20LQH,Available,Amateur Intermediate Radio Licence,LQH
20LQI,Available,Amateur Intermediate Radio Licence,LQI
20LQJ,Available,Amateur Intermediate Radio Licence,LQJ
20LQK,Available,Amateur Intermediate Radio Licence,LQK
20LQL,Available,Amateur Intermediate Radio Licence,LQL
20LQM,Available,Amateur Intermediate Radio Licence,LQM
20LQN,Available,Amateur Intermediate Radio Licence,LQN
20LQO,Available,Amateur Intermediate Radio Licence,LQO
20LQP,Available,Amateur Intermediate Radio Licence,LQP
20LQQ,Available,Amateur Intermediate Radio Licence,LQQ
20LQS,Available,Amateur Intermediate Radio Licence,LQS
20LQT,Available,Amateur Intermediate Radio Licence,LQT
20LQU,Available,Amateur Intermediate Radio Licence,LQU
20LQV,Available,Amateur Intermediate Radio Licence,LQV
20LQX,Available,Amateur Intermediate Radio Licence,LQX
20LQY,Available,Amateur Intermediate Radio Licence,LQY
20LQZ,Available,Amateur Intermediate Radio Licence,LQZ
20LRB,Available,Amateur Intermediate Radio Licence,LRB
20LRE,Available,Amateur Intermediate Radio Licence,LRE
20LRF,Available,Amateur Intermediate Radio Licence,LRF
20LRH,Available,Amateur Intermediate Radio Licence,LRH
20LRI,Available,Amateur Intermediate Radio Licence,LRI
20LRL,Available,Amateur Intermediate Radio Licence,LRL
20LRQ,Available,Amateur Intermediate Radio Licence,LRQ
20LRR,Available,Amateur Intermediate Radio Licence,LRR
20LRU,Available,Amateur Intermediate Radio Licence,LRU
20LRV,Available,Amateur Intermediate Radio Licence,LRV
20LRW,Available,Amateur Intermediate Radio Licence,LRW
20LRX,Available,Amateur Intermediate Radio Licence,LRX
20LRZ,Available,Amateur Intermediate Radio Licence,LRZ
20LSC,Available,Amateur Intermediate Radio Licence,LSC
20LSF,Available,Amateur Intermediate Radio Licence,LSF
20LSG,Available,Amateur Intermediate Radio Licence,LSG
20LSH,Available,Amateur Intermediate Radio Licence,LSH
20LSJ,Available,Amateur Intermediate Radio Licence,LSJ
20LSK,Available,Amateur Intermediate Radio Licence,LSK
20LSL,Available,Amateur Intermediate Radio Licence,LSL
20LSM,Available,Amateur Intermediate Radio Licence,LSM
20LSO,Available,Amateur Intermediate Radio Licence,LSO
20LSS,Available,Amateur Intermediate Radio Licence,LSS
20LSU,Available,Amateur Intermediate Radio Licence,LSU
20LSZ,Available,Amateur Intermediate Radio Licence,LSZ
20LTA,Available,Amateur Intermediate Radio Licence,LTA
20LTB,Available,Amateur Intermediate Radio Licence,LTB
20LTG,Available,Amateur Intermediate Radio Licence,LTG
20LTI,Available,Amateur Intermediate Radio Licence,LTI
20LTL,Available,Amateur Intermediate Radio Licence,LTL
20LTM,Available,Amateur Intermediate Radio Licence,LTM
20LTO,Available,Amateur Intermediate Radio Licence,LTO
20LTP,Available,Amateur Intermediate Radio Licence,LTP
20LTQ,Available,Amateur Intermediate Radio Licence,LTQ
20LTV,Available,Amateur Intermediate Radio Licence,LTV
20LTW,Available,Amateur Intermediate Radio Licence,LTW
20LTY,Available,Amateur Intermediate Radio Licence,LTY
20LTZ,Available,Amateur Intermediate Radio Licence,LTZ
20LUA,Available,Amateur Intermediate Radio Licence,LUA
20LUB,Available,Amateur Intermediate Radio Licence,LUB
20LUE,Available,Amateur Intermediate Radio Licence,LUE
20LUF,Available,Amateur Intermediate Radio Licence,LUF
20LUH,Available,Amateur Intermediate Radio Licence,LUH
20LUI,Available,Amateur Intermediate Radio Licence,LUI
20LUJ,Available,Amateur Intermediate Radio Licence,LUJ
20LUK,Available,Amateur Intermediate Radio Licence,LUK
20LUM,Available,Amateur Intermediate Radio Licence,LUM
20LUO,Available,Amateur Intermediate Radio Licence,LUO
20LUP,Available,Amateur Intermediate Radio Licence,LUP
20LUQ,Available,Amateur Intermediate Radio Licence,LUQ
20LUR,Available,Amateur Intermediate Radio Licence,LUR
20LUS,Available,Amateur Intermediate Radio Licence,LUS
20LUT,Available,Amateur Intermediate Radio Licence,LUT
20LUU,Available,Amateur Intermediate Radio Licence,LUU
20LUW,Available,Amateur Intermediate Radio Licence,LUW
20LUZ,Available,Amateur Intermediate Radio Licence,LUZ
20LVA,Available,Amateur Intermediate Radio Licence,LVA
20LVB,Available,Amateur Intermediate Radio Licence,LVB
20LVC,Available,Amateur Intermediate Radio Licence,LVC
20LVD,Available,Amateur Intermediate Radio Licence,LVD
20LVE,Available,Amateur Intermediate Radio Licence,LVE
20LVF,Available,Amateur Intermediate Radio Licence,LVF
20LVG,Available,Amateur Intermediate Radio Licence,LVG
20LVH,Available,Amateur Intermediate Radio Licence,LVH
20LVI,Available,Amateur Intermediate Radio Licence,LVI
20LVJ,Available,Amateur Intermediate Radio Licence,LVJ
20LVK,Available,Amateur Intermediate Radio Licence,LVK
20LVL,Available,Amateur Intermediate Radio Licence,LVL
20LVM,Available,Amateur Intermediate Radio Licence,LVM
20LVN,Available,Amateur Intermediate Radio Licence,LVN
20LVP,Available,Amateur Intermediate Radio Licence,LVP
20LVQ,Available,Amateur Intermediate Radio Licence,LVQ
20LVS,Available,Amateur Intermediate Radio Licence,LVS
20LVT,Available,Amateur Intermediate Radio Licence,LVT
20LVU,Available,Amateur Intermediate Radio Licence,LVU
20LVV,Available,Amateur Intermediate Radio Licence,LVV
20LVW,Available,Amateur Intermediate Radio Licence,LVW
20LVX,Available,Amateur Intermediate Radio Licence,LVX
20LVY,Available,Amateur Intermediate Radio Licence,LVY
20LVZ,Available,Amateur Intermediate Radio Licence,LVZ
20LWA,Available,Amateur Intermediate Radio Licence,LWA
20LWD,Available,Amateur Intermediate Radio Licence,LWD
20LWE,Available,Amateur Intermediate Radio Licence,LWE
20LWF,Available,Amateur Intermediate Radio Licence,LWF
20LWH,Available,Amateur Intermediate Radio Licence,LWH
20LWI,Available,Amateur Intermediate Radio Licence,LWI
20LWJ,Available,Amateur Intermediate Radio Licence,LWJ
20LWK,Available,Amateur Intermediate Radio Licence,LWK
20LWL,Available,Amateur Intermediate Radio Licence,LWL
20LWM,Available,Amateur Intermediate Radio Licence,LWM
20LWN,Available,Amateur Intermediate Radio Licence,LWN
20LWO,Available,Amateur Intermediate Radio Licence,LWO
20LWP,Available,Amateur Intermediate Radio Licence,LWP
20LWQ,Available,Amateur Intermediate Radio Licence,LWQ
20LWS,Available,Amateur Intermediate Radio Licence,LWS
20LWU,Available,Amateur Intermediate Radio Licence,LWU
20LWV,Available,Amateur Intermediate Radio Licence,LWV
20LWW,Available,Amateur Intermediate Radio Licence,LWW
20LWX,Available,Amateur Intermediate Radio Licence,LWX
20LWY,Available,Amateur Intermediate Radio Licence,LWY
20LWZ,Available,Amateur Intermediate Radio Licence,LWZ
20LXB,Available,Amateur Intermediate Radio Licence,LXB
20LXC,Available,Amateur Intermediate Radio Licence,LXC
20LXE,Available,Amateur Intermediate Radio Licence,LXE
20LXG,Available,Amateur Intermediate Radio Licence,LXG
20LXI,Available,Amateur Intermediate Radio Licence,LXI
20LXJ,Available,Amateur Intermediate Radio Licence,LXJ
20LXK,Available,Amateur Intermediate Radio Licence,LXK
20LXL,Available,Amateur Intermediate Radio Licence,LXL
20LXM,Available,Amateur Intermediate Radio Licence,LXM
20LXN,Available,Amateur Intermediate Radio Licence,LXN
20LXO,Available,Amateur Intermediate Radio Licence,LXO
20LXP,Available,Amateur Intermediate Radio Licence,LXP
20LXQ,Available,Amateur Intermediate Radio Licence,LXQ
20LXR,Available,Amateur Intermediate Radio Licence,LXR
20LXT,Available,Amateur Intermediate Radio Licence,LXT
20LXU,Available,Amateur Intermediate Radio Licence,LXU
20LXV,Available,Amateur Intermediate Radio Licence,LXV
20LXY,Available,Amateur Intermediate Radio Licence,LXY
20LXZ,Available,Amateur Intermediate Radio Licence,LXZ
20LYA,Available,Amateur Intermediate Radio Licence,LYA
20LYB,Available,Amateur Intermediate Radio Licence,LYB
20LYC,Available,Amateur Intermediate Radio Licence,LYC
20LYE,Available,Amateur Intermediate Radio Licence,LYE
20LYF,Available,Amateur Intermediate Radio Licence,LYF
20LYG,Available,Amateur Intermediate Radio Licence,LYG
20LYH,Available,Amateur Intermediate Radio Licence,LYH
20LYJ,Available,Amateur Intermediate Radio Licence,LYJ
20LYK,Available,Amateur Intermediate Radio Licence,LYK
20LYM,Available,Amateur Intermediate Radio Licence,LYM
20LYP,Available,Amateur Intermediate Radio Licence,LYP
20LYQ,Available,Amateur Intermediate Radio Licence,LYQ
20LYS,Available,Amateur Intermediate Radio Licence,LYS
20LYU,Available,Amateur Intermediate Radio Licence,LYU
20LYV,Available,Amateur Intermediate Radio Licence,LYV
20LYW,Available,Amateur Intermediate Radio Licence,LYW
20LYX,Available,Amateur Intermediate Radio Licence,LYX
20LYY,Available,Amateur Intermediate Radio Licence,LYY
20LYZ,Available,Amateur Intermediate Radio Licence,LYZ
20LZA,Available,Amateur Intermediate Radio Licence,LZA
20LZB,Available,Amateur Intermediate Radio Licence,LZB
20LZC,Available,Amateur Intermediate Radio Licence,LZC
20LZD,Available,Amateur Intermediate Radio Licence,LZD
20LZE,Available,Amateur Intermediate Radio Licence,LZE
20LZF,Available,Amateur Intermediate Radio Licence,LZF
20LZG,Available,Amateur Intermediate Radio Licence,LZG
20LZH,Available,Amateur Intermediate Radio Licence,LZH
20LZI,Available,Amateur Intermediate Radio Licence,LZI
20LZJ,Available,Amateur Intermediate Radio Licence,LZJ
20LZK,Available,Amateur Intermediate Radio Licence,LZK
20LZL,Available,Amateur Intermediate Radio Licence,LZL
20LZN,Available,Amateur Intermediate Radio Licence,LZN
20LZO,Available,Amateur Intermediate Radio Licence,LZO
20LZP,Available,Amateur Intermediate Radio Licence,LZP
20LZQ,Available,Amateur Intermediate Radio Licence,LZQ
20LZR,Available,Amateur Intermediate Radio Licence,LZR
20LZS,Available,Amateur Intermediate Radio Licence,LZS
20LZU,Available,Amateur Intermediate Radio Licence,LZU
20LZV,Available,Amateur Intermediate Radio Licence,LZV
20LZW,Available,Amateur Intermediate Radio Licence,LZW
20LZX,Available,Amateur Intermediate Radio Licence,LZX
20LZY,Available,Amateur Intermediate Radio Licence,LZY
20MFG,Available,Amateur Intermediate Radio Licence,MFG
20MFH,Available,Amateur Intermediate Radio Licence,MFH
20MFI,Available,Amateur Intermediate Radio Licence,MFI
20MFK,Available,Amateur Intermediate Radio Licence,MFK
20MFM,Available,Amateur Intermediate Radio Licence,MFM
20MFN,Available,Amateur Intermediate Radio Licence,MFN
20MFO,Available,Amateur Intermediate Radio Licence,MFO
20MFS,Available,Amateur Intermediate Radio Licence,MFS
20MFU,Available,Amateur Intermediate Radio Licence,MFU
20MFX,Available,Amateur Intermediate Radio Licence,MFX
20MFY,Available,Amateur Intermediate Radio Licence,MFY
20MFZ,Available,Amateur Intermediate Radio Licence,MFZ
20MGA,Available,Amateur Intermediate Radio Licence,MGA
20MGG,Available,Amateur Intermediate Radio Licence,MGG
20MGJ,Available,Amateur Intermediate Radio Licence,MGJ
20MGK,Available,Amateur Intermediate Radio Licence,MGK
20MGN,Available,Amateur Intermediate Radio Licence,MGN
20MGO,Available,Amateur Intermediate Radio Licence,MGO
20MGP,Available,Amateur Intermediate Radio Licence,MGP
20MGQ,Available,Amateur Intermediate Radio Licence,MGQ
20MGT,Available,Amateur Intermediate Radio Licence,MGT
20MGU,Available,Amateur Intermediate Radio Licence,MGU
20MGV,Available,Amateur Intermediate Radio Licence,MGV
20MHA,Available,Amateur Intermediate Radio Licence,MHA
20MHC,Available,Amateur Intermediate Radio Licence,MHC
20MHD,Available,Amateur Intermediate Radio Licence,MHD
20MHF,Available,Amateur Intermediate Radio Licence,MHF
20MHG,Available,Amateur Intermediate Radio Licence,MHG
20MHH,Available,Amateur Intermediate Radio Licence,MHH
20MHJ,Available,Amateur Intermediate Radio Licence,MHJ
20MHK,Available,Amateur Intermediate Radio Licence,MHK
20MHL,Available,Amateur Intermediate Radio Licence,MHL
20MHM,Available,Amateur Intermediate Radio Licence,MHM
20MHO,Available,Amateur Intermediate Radio Licence,MHO
20MHP,Available,Amateur Intermediate Radio Licence,MHP
20MHQ,Available,Amateur Intermediate Radio Licence,MHQ
20MHR,Available,Amateur Intermediate Radio Licence,MHR
20MHT,Available,Amateur Intermediate Radio Licence,MHT
20MHV,Available,Amateur Intermediate Radio Licence,MHV
20MHW,Available,Amateur Intermediate Radio Licence,MHW
20MHY,Available,Amateur Intermediate Radio Licence,MHY
20MII,Available,Amateur Intermediate Radio Licence,MII
20MIP,Available,Amateur Intermediate Radio Licence,MIP
20MIQ,Available,Amateur Intermediate Radio Licence,MIQ
20MIY,Available,Amateur Intermediate Radio Licence,MIY
20MJI,Available,Amateur Intermediate Radio Licence,MJI
20MJQ,Available,Amateur Intermediate Radio Licence,MJQ
20MJV,Available,Amateur Intermediate Radio Licence,MJV
20MKH,Available,Amateur Intermediate Radio Licence,MKH
20MKN,Available,Amateur Intermediate Radio Licence,MKN
20MKO,Available,Amateur Intermediate Radio Licence,MKO
20MKP,Available,Amateur Intermediate Radio Licence,MKP
20MKU,Available,Amateur Intermediate Radio Licence,MKU
20MKZ,Available,Amateur Intermediate Radio Licence,MKZ
20MLC,Available,Amateur Intermediate Radio Licence,MLC
20MLE,Available,Amateur Intermediate Radio Licence,MLE
20MLG,Available,Amateur Intermediate Radio Licence,MLG
20MLI,Available,Amateur Intermediate Radio Licence,MLI
20MLM,Available,Amateur Intermediate Radio Licence,MLM
20MLN,Available,Amateur Intermediate Radio Licence,MLN
20MLQ,Available,Amateur Intermediate Radio Licence,MLQ
20MLU,Available,Amateur Intermediate Radio Licence,MLU
20MME,Available,Amateur Intermediate Radio Licence,MME
20MML,Available,Amateur Intermediate Radio Licence,MML
20MMN,Available,Amateur Intermediate Radio Licence,MMN
20MMQ,Available,Amateur Intermediate Radio Licence,MMQ
20MMU,Available,Amateur Intermediate Radio Licence,MMU
20MMV,Available,Amateur Intermediate Radio Licence,MMV
20MMW,Available,Amateur Intermediate Radio Licence,MMW
20MMX,Available,Amateur Intermediate Radio Licence,MMX
20MNA,Available,Amateur Intermediate Radio Licence,MNA
20MNB,Available,Amateur Intermediate Radio Licence,MNB
20MNF,Available,Amateur Intermediate Radio Licence,MNF
20MNH,Available,Amateur Intermediate Radio Licence,MNH
20MNJ,Available,Amateur Intermediate Radio Licence,MNJ
20MNL,Available,Amateur Intermediate Radio Licence,MNL
20MNN,Available,Amateur Intermediate Radio Licence,MNN
20MNQ,Available,Amateur Intermediate Radio Licence,MNQ
20MNT,Available,Amateur Intermediate Radio Licence,MNT
20MNV,Available,Amateur Intermediate Radio Licence,MNV
20MNW,Available,Amateur Intermediate Radio Licence,MNW
20MNX,Available,Amateur Intermediate Radio Licence,MNX
20MNY,Available,Amateur Intermediate Radio Licence,MNY
20MNZ,Available,Amateur Intermediate Radio Licence,MNZ
20MOJ,Available,Amateur Intermediate Radio Licence,MOJ
20MOQ,Available,Amateur Intermediate Radio Licence,MOQ
20MOU,Available,Amateur Intermediate Radio Licence,MOU
20MOV,Available,Amateur Intermediate Radio Licence,MOV
20MOW,Available,Amateur Intermediate Radio Licence,MOW
20MOX,Available,Amateur Intermediate Radio Licence,MOX
20MPD,Available,Amateur Intermediate Radio Licence,MPD
20MPF,Available,Amateur Intermediate Radio Licence,MPF
20MPI,Available,Amateur Intermediate Radio Licence,MPI
20MPQ,Available,Amateur Intermediate Radio Licence,MPQ
20MPU,Available,Amateur Intermediate Radio Licence,MPU
20MPV,Available,Amateur Intermediate Radio Licence,MPV
20MPW,Available,Amateur Intermediate Radio Licence,MPW
20MPY,Available,Amateur Intermediate Radio Licence,MPY
20MPZ,Available,Amateur Intermediate Radio Licence,MPZ
20MQA,Available,Amateur Intermediate Radio Licence,MQA
20MQB,Available,Amateur Intermediate Radio Licence,MQB
20MQC,Available,Amateur Intermediate Radio Licence,MQC
20MQD,Available,Amateur Intermediate Radio Licence,MQD
20MQE,Available,Amateur Intermediate Radio Licence,MQE
20MQF,Available,Amateur Intermediate Radio Licence,MQF
20MQG,Available,Amateur Intermediate Radio Licence,MQG
20MQH,Available,Amateur Intermediate Radio Licence,MQH
20MQI,Available,Amateur Intermediate Radio Licence,MQI
20MQJ,Available,Amateur Intermediate Radio Licence,MQJ
20MQL,Available,Amateur Intermediate Radio Licence,MQL
20MQM,Available,Amateur Intermediate Radio Licence,MQM
20MQN,Available,Amateur Intermediate Radio Licence,MQN
20MQO,Available,Amateur Intermediate Radio Licence,MQO
20MQP,Available,Amateur Intermediate Radio Licence,MQP
20MQQ,Available,Amateur Intermediate Radio Licence,MQQ
20MQR,Available,Amateur Intermediate Radio Licence,MQR
20MQS,Available,Amateur Intermediate Radio Licence,MQS
20MQU,Available,Amateur Intermediate Radio Licence,MQU
20MQV,Available,Amateur Intermediate Radio Licence,MQV
20MQW,Available,Amateur Intermediate Radio Licence,MQW
20MQX,Available,Amateur Intermediate Radio Licence,MQX
20MQY,Available,Amateur Intermediate Radio Licence,MQY
20MQZ,Available,Amateur Intermediate Radio Licence,MQZ
20MRF,Available,Amateur Intermediate Radio Licence,MRF
20MRH,Available,Amateur Intermediate Radio Licence,MRH
20MRI,Available,Amateur Intermediate Radio Licence,MRI
20MRR,Available,Amateur Intermediate Radio Licence,MRR
20MRU,Available,Amateur Intermediate Radio Licence,MRU
20MRZ,Available,Amateur Intermediate Radio Licence,MRZ
20MSK,Available,Amateur Intermediate Radio Licence,MSK
20MSN,Available,Amateur Intermediate Radio Licence,MSN
20MSP,Available,Amateur Intermediate Radio Licence,MSP
20MSQ,Available,Amateur Intermediate Radio Licence,MSQ
20MSU,Available,Amateur Intermediate Radio Licence,MSU
20MSY,Available,Amateur Intermediate Radio Licence,MSY
20MSZ,Available,Amateur Intermediate Radio Licence,MSZ
20MTA,Available,Amateur Intermediate Radio Licence,MTA
20MTE,Available,Amateur Intermediate Radio Licence,MTE
20MTF,Available,Amateur Intermediate Radio Licence,MTF
20MTG,Available,Amateur Intermediate Radio Licence,MTG
20MTH,Available,Amateur Intermediate Radio Licence,MTH
20MTK,Available,Amateur Intermediate Radio Licence,MTK
20MTP,Available,Amateur Intermediate Radio Licence,MTP
20MTQ,Available,Amateur Intermediate Radio Licence,MTQ
20MUB,Available,Amateur Intermediate Radio Licence,MUB
20MUC,Available,Amateur Intermediate Radio Licence,MUC
20MUE,Available,Amateur Intermediate Radio Licence,MUE
20MUH,Available,Amateur Intermediate Radio Licence,MUH
20MUI,Available,Amateur Intermediate Radio Licence,MUI
20MUJ,Available,Amateur Intermediate Radio Licence,MUJ
20MUK,Available,Amateur Intermediate Radio Licence,MUK
20MUO,Available,Amateur Intermediate Radio Licence,MUO
20MUP,Available,Amateur Intermediate Radio Licence,MUP
20MUQ,Available,Amateur Intermediate Radio Licence,MUQ
20MUU,Available,Amateur Intermediate Radio Licence,MUU
20MUV,Available,Amateur Intermediate Radio Licence,MUV
20MUX,Available,Amateur Intermediate Radio Licence,MUX
20MUY,Available,Amateur Intermediate Radio Licence,MUY
20MVA,Available,Amateur Intermediate Radio Licence,MVA
20MVC,Available,Amateur Intermediate Radio Licence,MVC
20MVE,Available,Amateur Intermediate Radio Licence,MVE
20MVI,Available,Amateur Intermediate Radio Licence,MVI
20MVJ,Available,Amateur Intermediate Radio Licence,MVJ
20MVN,Available,Amateur Intermediate Radio Licence,MVN
20MVO,Available,Amateur Intermediate Radio Licence,MVO
20MVQ,Available,Amateur Intermediate Radio Licence,MVQ
20MVR,Available,Amateur Intermediate Radio Licence,MVR
20MVU,Available,Amateur Intermediate Radio Licence,MVU
20MVV,Available,Amateur Intermediate Radio Licence,MVV
20MVW,Available,Amateur Intermediate Radio Licence,MVW
20MVX,Available,Amateur Intermediate Radio Licence,MVX
20MVY,Available,Amateur Intermediate Radio Licence,MVY
20MVZ,Available,Amateur Intermediate Radio Licence,MVZ
20MWD,Available,Amateur Intermediate Radio Licence,MWD
20MWF,Available,Amateur Intermediate Radio Licence,MWF
20MWK,Available,Amateur Intermediate Radio Licence,MWK
20MWN,Available,Amateur Intermediate Radio Licence,MWN
20MWO,Available,Amateur Intermediate Radio Licence,MWO
20MWQ,Available,Amateur Intermediate Radio Licence,MWQ
20MWT,Available,Amateur Intermediate Radio Licence,MWT
20MWU,Available,Amateur Intermediate Radio Licence,MWU
20MWV,Available,Amateur Intermediate Radio Licence,MWV
20MWX,Available,Amateur Intermediate Radio Licence,MWX
20MWY,Available,Amateur Intermediate Radio Licence,MWY
20MXA,Available,Amateur Intermediate Radio Licence,MXA
20MXD,Available,Amateur Intermediate Radio Licence,MXD
20MXE,Available,Amateur Intermediate Radio Licence,MXE
20MXF,Available,Amateur Intermediate Radio Licence,MXF
20MXG,Available,Amateur Intermediate Radio Licence,MXG
20MXH,Available,Amateur Intermediate Radio Licence,MXH
20MXJ,Available,Amateur Intermediate Radio Licence,MXJ
20MXK,Available,Amateur Intermediate Radio Licence,MXK
20MXL,Available,Amateur Intermediate Radio Licence,MXL
20MXN,Available,Amateur Intermediate Radio Licence,MXN
20MXO,Available,Amateur Intermediate Radio Licence,MXO
20MXQ,Available,Amateur Intermediate Radio Licence,MXQ
20MXR,Available,Amateur Intermediate Radio Licence,MXR
20MXU,Available,Amateur Intermediate Radio Licence,MXU
20MXY,Available,Amateur Intermediate Radio Licence,MXY
20MYA,Available,Amateur Intermediate Radio Licence,MYA
20MYD,Available,Amateur Intermediate Radio Licence,MYD
20MYF,Available,Amateur Intermediate Radio Licence,MYF
20MYG,Available,Amateur Intermediate Radio Licence,MYG
20MYI,Available,Amateur Intermediate Radio Licence,MYI
20MYL,Available,Amateur Intermediate Radio Licence,MYL
20MYM,Available,Amateur Intermediate Radio Licence,MYM
20MYQ,Available,Amateur Intermediate Radio Licence,MYQ
20MYS,Available,Amateur Intermediate Radio Licence,MYS
20MYU,Available,Amateur Intermediate Radio Licence,MYU
20MYV,Available,Amateur Intermediate Radio Licence,MYV
20MYW,Available,Amateur Intermediate Radio Licence,MYW
20MYX,Available,Amateur Intermediate Radio Licence,MYX
20MYY,Available,Amateur Intermediate Radio Licence,MYY
20MYZ,Available,Amateur Intermediate Radio Licence,MYZ
20MZA,Available,Amateur Intermediate Radio Licence,MZA
20MZC,Available,Amateur Intermediate Radio Licence,MZC
20MZD,Available,Amateur Intermediate Radio Licence,MZD
20MZE,Available,Amateur Intermediate Radio Licence,MZE
20MZF,Available,Amateur Intermediate Radio Licence,MZF
20MZG,Available,Amateur Intermediate Radio Licence,MZG
20MZJ,Available,Amateur Intermediate Radio Licence,MZJ
20MZK,Available,Amateur Intermediate Radio Licence,MZK
20MZN,Available,Amateur Intermediate Radio Licence,MZN
20MZP,Available,Amateur Intermediate Radio Licence,MZP
20MZQ,Available,Amateur Intermediate Radio Licence,MZQ
20MZR,Available,Amateur Intermediate Radio Licence,MZR
20MZS,Available,Amateur Intermediate Radio Licence,MZS
20MZT,Available,Amateur Intermediate Radio Licence,MZT
20MZV,Available,Amateur Intermediate Radio Licence,MZV
20MZY,Available,Amateur Intermediate Radio Licence,MZY
20NAU,Available,Amateur Intermediate Radio Licence,NAU
20NAX,Available,Amateur Intermediate Radio Licence,NAX
20NBB,Available,Amateur Intermediate Radio Licence,NBB
20NBE,Available,Amateur Intermediate Radio Licence,NBE
20NBF,Available,Amateur Intermediate Radio Licence,NBF
20NBG,Available,Amateur Intermediate Radio Licence,NBG
20NBI,Available,Amateur Intermediate Radio Licence,NBI
20NBJ,Available,Amateur Intermediate Radio Licence,NBJ
20NBK,Available,Amateur Intermediate Radio Licence,NBK
20NBL,Available,Amateur Intermediate Radio Licence,NBL
20NBN,Available,Amateur Intermediate Radio Licence,NBN
20NBO,Available,Amateur Intermediate Radio Licence,NBO
20NBP,Available,Amateur Intermediate Radio Licence,NBP
20NBQ,Available,Amateur Intermediate Radio Licence,NBQ
20NBS,Available,Amateur Intermediate Radio Licence,NBS
20NBU,Available,Amateur Intermediate Radio Licence,NBU
20NBV,Available,Amateur Intermediate Radio Licence,NBV
20NBW,Available,Amateur Intermediate Radio Licence,NBW
20NBX,Available,Amateur Intermediate Radio Licence,NBX
20NBY,Available,Amateur Intermediate Radio Licence,NBY
20NCD,Available,Amateur Intermediate Radio Licence,NCD
20NCI,Available,Amateur Intermediate Radio Licence,NCI
20NCJ,Available,Amateur Intermediate Radio Licence,NCJ
20NCN,Available,Amateur Intermediate Radio Licence,NCN
20NCQ,Available,Amateur Intermediate Radio Licence,NCQ
20NCR,Available,Amateur Intermediate Radio Licence,NCR
20NCT,Available,Amateur Intermediate Radio Licence,NCT
20NCU,Available,Amateur Intermediate Radio Licence,NCU
20NCV,Available,Amateur Intermediate Radio Licence,NCV
20NCX,Available,Amateur Intermediate Radio Licence,NCX
20NDA,Available,Amateur Intermediate Radio Licence,NDA
20NDC,Available,Amateur Intermediate Radio Licence,NDC
20NDD,Available,Amateur Intermediate Radio Licence,NDD
20NDF,Available,Amateur Intermediate Radio Licence,NDF
20NDK,Available,Amateur Intermediate Radio Licence,NDK
20NDL,Available,Amateur Intermediate Radio Licence,NDL
20NDN,Available,Amateur Intermediate Radio Licence,NDN
20NDO,Available,Amateur Intermediate Radio Licence,NDO
20NDQ,Available,Amateur Intermediate Radio Licence,NDQ
20NDS,Available,Amateur Intermediate Radio Licence,NDS
20NDU,Available,Amateur Intermediate Radio Licence,NDU
20NDV,Available,Amateur Intermediate Radio Licence,NDV
20NDW,Available,Amateur Intermediate Radio Licence,NDW
20NDZ,Available,Amateur Intermediate Radio Licence,NDZ
20NEB,Available,Amateur Intermediate Radio Licence,NEB
20NEC,Available,Amateur Intermediate Radio Licence,NEC
20NED,Available,Amateur Intermediate Radio Licence,NED
20NEE,Available,Amateur Intermediate Radio Licence,NEE
20NEF,Available,Amateur Intermediate Radio Licence,NEF
20NEG,Available,Amateur Intermediate Radio Licence,NEG
20NEH,Available,Amateur Intermediate Radio Licence,NEH
20NEJ,Available,Amateur Intermediate Radio Licence,NEJ
20NEK,Available,Amateur Intermediate Radio Licence,NEK
20NEM,Available,Amateur Intermediate Radio Licence,NEM
20NEN,Available,Amateur Intermediate Radio Licence,NEN
20NEP,Available,Amateur Intermediate Radio Licence,NEP
20NEQ,Available,Amateur Intermediate Radio Licence,NEQ
20NES,Available,Amateur Intermediate Radio Licence,NES
20NEU,Available,Amateur Intermediate Radio Licence,NEU
20NEX,Available,Amateur Intermediate Radio Licence,NEX
20NEZ,Available,Amateur Intermediate Radio Licence,NEZ
20NFA,Available,Amateur Intermediate Radio Licence,NFA
20NFD,Available,Amateur Intermediate Radio Licence,NFD
20NFE,Available,Amateur Intermediate Radio Licence,NFE
20NFF,Available,Amateur Intermediate Radio Licence,NFF
20NFG,Available,Amateur Intermediate Radio Licence,NFG
20NFH,Available,Amateur Intermediate Radio Licence,NFH
20NFJ,Available,Amateur Intermediate Radio Licence,NFJ
20NFL,Available,Amateur Intermediate Radio Licence,NFL
20NFM,Available,Amateur Intermediate Radio Licence,NFM
20NFN,Available,Amateur Intermediate Radio Licence,NFN
20NFO,Available,Amateur Intermediate Radio Licence,NFO
20NFP,Available,Amateur Intermediate Radio Licence,NFP
20NFQ,Available,Amateur Intermediate Radio Licence,NFQ
20NFT,Available,Amateur Intermediate Radio Licence,NFT
20NFU,Available,Amateur Intermediate Radio Licence,NFU
20NFV,Available,Amateur Intermediate Radio Licence,NFV
20NFW,Available,Amateur Intermediate Radio Licence,NFW
20NFX,Available,Amateur Intermediate Radio Licence,NFX
20NFZ,Available,Amateur Intermediate Radio Licence,NFZ
20NGA,Available,Amateur Intermediate Radio Licence,NGA
20NGD,Available,Amateur Intermediate Radio Licence,NGD
20NGE,Available,Amateur Intermediate Radio Licence,NGE
20NGF,Available,Amateur Intermediate Radio Licence,NGF
20NGH,Available,Amateur Intermediate Radio Licence,NGH
20NGJ,Available,Amateur Intermediate Radio Licence,NGJ
20NGL,Available,Amateur Intermediate Radio Licence,NGL
20NGM,Available,Amateur Intermediate Radio Licence,NGM
20NGN,Available,Amateur Intermediate Radio Licence,NGN
20NGP,Available,Amateur Intermediate Radio Licence,NGP
20NGS,Available,Amateur Intermediate Radio Licence,NGS
20NGV,Available,Amateur Intermediate Radio Licence,NGV
20NGW,Available,Amateur Intermediate Radio Licence,NGW
20NGX,Available,Amateur Intermediate Radio Licence,NGX
20NGZ,Available,Amateur Intermediate Radio Licence,NGZ
20NHA,Available,Amateur Intermediate Radio Licence,NHA
20NHB,Available,Amateur Intermediate Radio Licence,NHB
20NHC,Available,Amateur Intermediate Radio Licence,NHC
20NHD,Available,Amateur Intermediate Radio Licence,NHD
20NHE,Available,Amateur Intermediate Radio Licence,NHE
20NHF,Available,Amateur Intermediate Radio Licence,NHF
20NHH,Available,Amateur Intermediate Radio Licence,NHH
20NHI,Available,Amateur Intermediate Radio Licence,NHI
20NHJ,Available,Amateur Intermediate Radio Licence,NHJ
20NHK,Available,Amateur Intermediate Radio Licence,NHK
20NHL,Available,Amateur Intermediate Radio Licence,NHL
20NHN,Available,Amateur Intermediate Radio Licence,NHN
20NHO,Available,Amateur Intermediate Radio Licence,NHO
20NHP,Available,Amateur Intermediate Radio Licence,NHP
20NHQ,Available,Amateur Intermediate Radio Licence,NHQ
20NHU,Available,Amateur Intermediate Radio Licence,NHU
20NHV,Available,Amateur Intermediate Radio Licence,NHV
20NHW,Available,Amateur Intermediate Radio Licence,NHW
20NHY,Available,Amateur Intermediate Radio Licence,NHY
20NHZ,Available,Amateur Intermediate Radio Licence,NHZ
20NID,Available,Amateur Intermediate Radio Licence,NID
20NII,Available,Amateur Intermediate Radio Licence,NII
20NIL,Available,Amateur Intermediate Radio Licence,NIL
20NIO,Available,Amateur Intermediate Radio Licence,NIO
20NIQ,Available,Amateur Intermediate Radio Licence,NIQ
20NIS,Available,Amateur Intermediate Radio Licence,NIS
20NIU,Available,Amateur Intermediate Radio Licence,NIU
20NIW,Available,Amateur Intermediate Radio Licence,NIW
20NIY,Available,Amateur Intermediate Radio Licence,NIY
20NIZ,Available,Amateur Intermediate Radio Licence,NIZ
20NJD,Available,Amateur Intermediate Radio Licence,NJD
20NJF,Available,Amateur Intermediate Radio Licence,NJF
20NJG,Available,Amateur Intermediate Radio Licence,NJG
20NJH,Available,Amateur Intermediate Radio Licence,NJH
20NJI,Available,Amateur Intermediate Radio Licence,NJI
20NJL,Available,Amateur Intermediate Radio Licence,NJL
20NJM,Available,Amateur Intermediate Radio Licence,NJM
20NJN,Available,Amateur Intermediate Radio Licence,NJN
20NJQ,Available,Amateur Intermediate Radio Licence,NJQ
20NJU,Available,Amateur Intermediate Radio Licence,NJU
20NJV,Available,Amateur Intermediate Radio Licence,NJV
20NJX,Available,Amateur Intermediate Radio Licence,NJX
20NJY,Available,Amateur Intermediate Radio Licence,NJY
20NKB,Available,Amateur Intermediate Radio Licence,NKB
20NKG,Available,Amateur Intermediate Radio Licence,NKG
20NKH,Available,Amateur Intermediate Radio Licence,NKH
20NKJ,Available,Amateur Intermediate Radio Licence,NKJ
20NKK,Available,Amateur Intermediate Radio Licence,NKK
20NKL,Available,Amateur Intermediate Radio Licence,NKL
20NKN,Available,Amateur Intermediate Radio Licence,NKN
20NKO,Available,Amateur Intermediate Radio Licence,NKO
20NKS,Available,Amateur Intermediate Radio Licence,NKS
20NKU,Available,Amateur Intermediate Radio Licence,NKU
20NKW,Available,Amateur Intermediate Radio Licence,NKW
20NKX,Available,Amateur Intermediate Radio Licence,NKX
20NKZ,Available,Amateur Intermediate Radio Licence,NKZ
20NLE,Available,Amateur Intermediate Radio Licence,NLE
20NLH,Available,Amateur Intermediate Radio Licence,NLH
20NLI,Available,Amateur Intermediate Radio Licence,NLI
20NLJ,Available,Amateur Intermediate Radio Licence,NLJ
20NLL,Available,Amateur Intermediate Radio Licence,NLL
20NLN,Available,Amateur Intermediate Radio Licence,NLN
20NLQ,Available,Amateur Intermediate Radio Licence,NLQ
20NLR,Available,Amateur Intermediate Radio Licence,NLR
20NLS,Available,Amateur Intermediate Radio Licence,NLS
20NLT,Available,Amateur Intermediate Radio Licence,NLT
20NLU,Available,Amateur Intermediate Radio Licence,NLU
20NLV,Available,Amateur Intermediate Radio Licence,NLV
20NLX,Available,Amateur Intermediate Radio Licence,NLX
20NLZ,Available,Amateur Intermediate Radio Licence,NLZ
20NMA,Available,Amateur Intermediate Radio Licence,NMA
20NMB,Available,Amateur Intermediate Radio Licence,NMB
20NME,Available,Amateur Intermediate Radio Licence,NME
20NMF,Available,Amateur Intermediate Radio Licence,NMF
20NMG,Available,Amateur Intermediate Radio Licence,NMG
20NMI,Available,Amateur Intermediate Radio Licence,NMI
20NMJ,Available,Amateur Intermediate Radio Licence,NMJ
20NMK,Available,Amateur Intermediate Radio Licence,NMK
20NML,Available,Amateur Intermediate Radio Licence,NML
20NMM,Available,Amateur Intermediate Radio Licence,NMM
20NMN,Available,Amateur Intermediate Radio Licence,NMN
20NMO,Available,Amateur Intermediate Radio Licence,NMO
20NMQ,Available,Amateur Intermediate Radio Licence,NMQ
20NMR,Available,Amateur Intermediate Radio Licence,NMR
20NMS,Available,Amateur Intermediate Radio Licence,NMS
20NMT,Available,Amateur Intermediate Radio Licence,NMT
20NMU,Available,Amateur Intermediate Radio Licence,NMU
20NMV,Available,Amateur Intermediate Radio Licence,NMV
20NMW,Available,Amateur Intermediate Radio Licence,NMW
20NMX,Available,Amateur Intermediate Radio Licence,NMX
20NMY,Available,Amateur Intermediate Radio Licence,NMY
20NMZ,Available,Amateur Intermediate Radio Licence,NMZ
20NNB,Available,Amateur Intermediate Radio Licence,NNB
20NNC,Available,Amateur Intermediate Radio Licence,NNC
20NNE,Available,Amateur Intermediate Radio Licence,NNE
20NNF,Available,Amateur Intermediate Radio Licence,NNF
20NNG,Available,Amateur Intermediate Radio Licence,NNG
20NNI,Available,Amateur Intermediate Radio Licence,NNI
20NNJ,Available,Amateur Intermediate Radio Licence,NNJ
20NNK,Available,Amateur Intermediate Radio Licence,NNK
20NNL,Available,Amateur Intermediate Radio Licence,NNL
20NNM,Available,Amateur Intermediate Radio Licence,NNM
20NNO,Available,Amateur Intermediate Radio Licence,NNO
20NNP,Available,Amateur Intermediate Radio Licence,NNP
20NNR,Available,Amateur Intermediate Radio Licence,NNR
20NNU,Available,Amateur Intermediate Radio Licence,NNU
20NNV,Available,Amateur Intermediate Radio Licence,NNV
20NNW,Available,Amateur Intermediate Radio Licence,NNW
20NNY,Available,Amateur Intermediate Radio Licence,NNY
20NNZ,Available,Amateur Intermediate Radio Licence,NNZ
20NOE,Available,Amateur Intermediate Radio Licence,NOE
20NOF,Available,Amateur Intermediate Radio Licence,NOF
20NOG,Available,Amateur Intermediate Radio Licence,NOG
20NOH,Available,Amateur Intermediate Radio Licence,NOH
20NOI,Available,Amateur Intermediate Radio Licence,NOI
20NOM,Available,Amateur Intermediate Radio Licence,NOM
20NOO,Available,Amateur Intermediate Radio Licence,NOO
20NOQ,Available,Amateur Intermediate Radio Licence,NOQ
20NOU,Available,Amateur Intermediate Radio Licence,NOU
20NOY,Available,Amateur Intermediate Radio Licence,NOY
20NPA,Available,Amateur Intermediate Radio Licence,NPA
20NPC,Available,Amateur Intermediate Radio Licence,NPC
20NPE,Available,Amateur Intermediate Radio Licence,NPE
20NPF,Available,Amateur Intermediate Radio Licence,NPF
20NPG,Available,Amateur Intermediate Radio Licence,NPG
20NPH,Available,Amateur Intermediate Radio Licence,NPH
20NPI,Available,Amateur Intermediate Radio Licence,NPI
20NPJ,Available,Amateur Intermediate Radio Licence,NPJ
20NPL,Available,Amateur Intermediate Radio Licence,NPL
20NPM,Available,Amateur Intermediate Radio Licence,NPM
20NPO,Available,Amateur Intermediate Radio Licence,NPO
20NPQ,Available,Amateur Intermediate Radio Licence,NPQ
20NPR,Available,Amateur Intermediate Radio Licence,NPR
20NPU,Available,Amateur Intermediate Radio Licence,NPU
20NPV,Available,Amateur Intermediate Radio Licence,NPV
20NPW,Available,Amateur Intermediate Radio Licence,NPW
20NPY,Available,Amateur Intermediate Radio Licence,NPY
20NPZ,Available,Amateur Intermediate Radio Licence,NPZ
20NQA,Available,Amateur Intermediate Radio Licence,NQA
20NQC,Available,Amateur Intermediate Radio Licence,NQC
20NQD,Available,Amateur Intermediate Radio Licence,NQD
20NQF,Available,Amateur Intermediate Radio Licence,NQF
20NQG,Available,Amateur Intermediate Radio Licence,NQG
20NQH,Available,Amateur Intermediate Radio Licence,NQH
20NQI,Available,Amateur Intermediate Radio Licence,NQI
20NQJ,Available,Amateur Intermediate Radio Licence,NQJ
20NQK,Available,Amateur Intermediate Radio Licence,NQK
20NQL,Available,Amateur Intermediate Radio Licence,NQL
20NQM,Available,Amateur Intermediate Radio Licence,NQM
20NQN,Available,Amateur Intermediate Radio Licence,NQN
20NQO,Available,Amateur Intermediate Radio Licence,NQO
20NQP,Available,Amateur Intermediate Radio Licence,NQP
20NQQ,Available,Amateur Intermediate Radio Licence,NQQ
20NQR,Available,Amateur Intermediate Radio Licence,NQR
20NQS,Available,Amateur Intermediate Radio Licence,NQS
20NQT,Available,Amateur Intermediate Radio Licence,NQT
20NQV,Available,Amateur Intermediate Radio Licence,NQV
20NQW,Available,Amateur Intermediate Radio Licence,NQW
20NQX,Available,Amateur Intermediate Radio Licence,NQX
20NQY,Available,Amateur Intermediate Radio Licence,NQY
20NQZ,Available,Amateur Intermediate Radio Licence,NQZ
20NRE,Available,Amateur Intermediate Radio Licence,NRE
20NRF,Available,Amateur Intermediate Radio Licence,NRF
20NRI,Available,Amateur Intermediate Radio Licence,NRI
20NRK,Available,Amateur Intermediate Radio Licence,NRK
20NRL,Available,Amateur Intermediate Radio Licence,NRL
20NRN,Available,Amateur Intermediate Radio Licence,NRN
20NRQ,Available,Amateur Intermediate Radio Licence,NRQ
20NRR,Available,Amateur Intermediate Radio Licence,NRR
20NRS,Available,Amateur Intermediate Radio Licence,NRS
20NRT,Available,Amateur Intermediate Radio Licence,NRT
20NRU,Available,Amateur Intermediate Radio Licence,NRU
20NRV,Available,Amateur Intermediate Radio Licence,NRV
20NRW,Available,Amateur Intermediate Radio Licence,NRW
20NRX,Available,Amateur Intermediate Radio Licence,NRX
20NRY,Available,Amateur Intermediate Radio Licence,NRY
20NRZ,Available,Amateur Intermediate Radio Licence,NRZ
20NSA,Available,Amateur Intermediate Radio Licence,NSA
20NSB,Available,Amateur Intermediate Radio Licence,NSB
20NSE,Available,Amateur Intermediate Radio Licence,NSE
20NSF,Available,Amateur Intermediate Radio Licence,NSF
20NSH,Available,Amateur Intermediate Radio Licence,NSH
20NSI,Available,Amateur Intermediate Radio Licence,NSI
20NSJ,Available,Amateur Intermediate Radio Licence,NSJ
20NSK,Available,Amateur Intermediate Radio Licence,NSK
20NSL,Available,Amateur Intermediate Radio Licence,NSL
20NSN,Available,Amateur Intermediate Radio Licence,NSN
20NSO,Available,Amateur Intermediate Radio Licence,NSO
20NSV,Available,Amateur Intermediate Radio Licence,NSV
20NSX,Available,Amateur Intermediate Radio Licence,NSX
20NSZ,Available,Amateur Intermediate Radio Licence,NSZ
20NTB,Available,Amateur Intermediate Radio Licence,NTB
20NTD,Available,Amateur Intermediate Radio Licence,NTD
20NTE,Available,Amateur Intermediate Radio Licence,NTE
20NTF,Available,Amateur Intermediate Radio Licence,NTF
20NTG,Available,Amateur Intermediate Radio Licence,NTG
20NTH,Available,Amateur Intermediate Radio Licence,NTH
20NTK,Available,Amateur Intermediate Radio Licence,NTK
20NTL,Available,Amateur Intermediate Radio Licence,NTL
20NTM,Available,Amateur Intermediate Radio Licence,NTM
20NTN,Available,Amateur Intermediate Radio Licence,NTN
20NTO,Available,Amateur Intermediate Radio Licence,NTO
20NTP,Available,Amateur Intermediate Radio Licence,NTP
20NTQ,Available,Amateur Intermediate Radio Licence,NTQ
20NTR,Available,Amateur Intermediate Radio Licence,NTR
20NTS,Available,Amateur Intermediate Radio Licence,NTS
20NTU,Available,Amateur Intermediate Radio Licence,NTU
20NTV,Available,Amateur Intermediate Radio Licence,NTV
20NTX,Available,Amateur Intermediate Radio Licence,NTX
20NTZ,Available,Amateur Intermediate Radio Licence,NTZ
20NUA,Available,Amateur Intermediate Radio Licence,NUA
20NUB,Available,Amateur Intermediate Radio Licence,NUB
20NUD,Available,Amateur Intermediate Radio Licence,NUD
20NUF,Available,Amateur Intermediate Radio Licence,NUF
20NUH,Available,Amateur Intermediate Radio Licence,NUH
20NUI,Available,Amateur Intermediate Radio Licence,NUI
20NUJ,Available,Amateur Intermediate Radio Licence,NUJ
20NUK,Available,Amateur Intermediate Radio Licence,NUK
20NUL,Available,Amateur Intermediate Radio Licence,NUL
20NUN,Available,Amateur Intermediate Radio Licence,NUN
20NUO,Available,Amateur Intermediate Radio Licence,NUO
20NUP,Available,Amateur Intermediate Radio Licence,NUP
20NUR,Available,Amateur Intermediate Radio Licence,NUR
20NUS,Available,Amateur Intermediate Radio Licence,NUS
20NUU,Available,Amateur Intermediate Radio Licence,NUU
20NUV,Available,Amateur Intermediate Radio Licence,NUV
20NUW,Available,Amateur Intermediate Radio Licence,NUW
20NUX,Available,Amateur Intermediate Radio Licence,NUX
20NUY,Available,Amateur Intermediate Radio Licence,NUY
20NUZ,Available,Amateur Intermediate Radio Licence,NUZ
20NVA,Available,Amateur Intermediate Radio Licence,NVA
20NVC,Available,Amateur Intermediate Radio Licence,NVC
20NVD,Available,Amateur Intermediate Radio Licence,NVD
20NVE,Available,Amateur Intermediate Radio Licence,NVE
20NVF,Available,Amateur Intermediate Radio Licence,NVF
20NVG,Available,Amateur Intermediate Radio Licence,NVG
20NVH,Available,Amateur Intermediate Radio Licence,NVH
20NVI,Available,Amateur Intermediate Radio Licence,NVI
20NVL,Available,Amateur Intermediate Radio Licence,NVL
20NVM,Available,Amateur Intermediate Radio Licence,NVM
20NVN,Available,Amateur Intermediate Radio Licence,NVN
20NVO,Available,Amateur Intermediate Radio Licence,NVO
20NVQ,Available,Amateur Intermediate Radio Licence,NVQ
20NVT,Available,Amateur Intermediate Radio Licence,NVT
20NVU,Available,Amateur Intermediate Radio Licence,NVU
20NVV,Available,Amateur Intermediate Radio Licence,NVV
20NVW,Available,Amateur Intermediate Radio Licence,NVW
20NVX,Available,Amateur Intermediate Radio Licence,NVX
20NVY,Available,Amateur Intermediate Radio Licence,NVY
20NVZ,Available,Amateur Intermediate Radio Licence,NVZ
20NWC,Available,Amateur Intermediate Radio Licence,NWC
20NWD,Available,Amateur Intermediate Radio Licence,NWD
20NWE,Available,Amateur Intermediate Radio Licence,NWE
20NWF,Available,Amateur Intermediate Radio Licence,NWF
20NWH,Available,Amateur Intermediate Radio Licence,NWH
20NWI,Available,Amateur Intermediate Radio Licence,NWI
20NWJ,Available,Amateur Intermediate Radio Licence,NWJ
20NWK,Available,Amateur Intermediate Radio Licence,NWK
20NWL,Available,Amateur Intermediate Radio Licence,NWL
20NWN,Available,Amateur Intermediate Radio Licence,NWN
20NWQ,Available,Amateur Intermediate Radio Licence,NWQ
20NWS,Available,Amateur Intermediate Radio Licence,NWS
20NWU,Available,Amateur Intermediate Radio Licence,NWU
20NWV,Available,Amateur Intermediate Radio Licence,NWV
20NWX,Available,Amateur Intermediate Radio Licence,NWX
20NWZ,Available,Amateur Intermediate Radio Licence,NWZ
20NXA,Available,Amateur Intermediate Radio Licence,NXA
20NXB,Available,Amateur Intermediate Radio Licence,NXB
20NXC,Available,Amateur Intermediate Radio Licence,NXC
20NXD,Available,Amateur Intermediate Radio Licence,NXD
20NXE,Available,Amateur Intermediate Radio Licence,NXE
20NXF,Available,Amateur Intermediate Radio Licence,NXF
20NXG,Available,Amateur Intermediate Radio Licence,NXG
20NXH,Available,Amateur Intermediate Radio Licence,NXH
20NXI,Available,Amateur Intermediate Radio Licence,NXI
20NXJ,Available,Amateur Intermediate Radio Licence,NXJ
20NXK,Available,Amateur Intermediate Radio Licence,NXK
20NXL,Available,Amateur Intermediate Radio Licence,NXL
20NXM,Available,Amateur Intermediate Radio Licence,NXM
20NXN,Available,Amateur Intermediate Radio Licence,NXN
20NXO,Available,Amateur Intermediate Radio Licence,NXO
20NXP,Available,Amateur Intermediate Radio Licence,NXP
20NXQ,Available,Amateur Intermediate Radio Licence,NXQ
20NXT,Available,Amateur Intermediate Radio Licence,NXT
20NXU,Available,Amateur Intermediate Radio Licence,NXU
20NXV,Available,Amateur Intermediate Radio Licence,NXV
20NXW,Available,Amateur Intermediate Radio Licence,NXW
20NXX,Available,Amateur Intermediate Radio Licence,NXX
20NXY,Available,Amateur Intermediate Radio Licence,NXY
20NXZ,Available,Amateur Intermediate Radio Licence,NXZ
20NYA,Available,Amateur Intermediate Radio Licence,NYA
20NYB,Available,Amateur Intermediate Radio Licence,NYB
20NYD,Available,Amateur Intermediate Radio Licence,NYD
20NYF,Available,Amateur Intermediate Radio Licence,NYF
20NYG,Available,Amateur Intermediate Radio Licence,NYG
20NYH,Available,Amateur Intermediate Radio Licence,NYH
20NYI,Available,Amateur Intermediate Radio Licence,NYI
20NYJ,Available,Amateur Intermediate Radio Licence,NYJ
20NYK,Available,Amateur Intermediate Radio Licence,NYK
20NYL,Available,Amateur Intermediate Radio Licence,NYL
20NYN,Available,Amateur Intermediate Radio Licence,NYN
20NYO,Available,Amateur Intermediate Radio Licence,NYO
20NYP,Available,Amateur Intermediate Radio Licence,NYP
20NYQ,Available,Amateur Intermediate Radio Licence,NYQ
20NYR,Available,Amateur Intermediate Radio Licence,NYR
20NYS,Available,Amateur Intermediate Radio Licence,NYS
20NYT,Available,Amateur Intermediate Radio Licence,NYT
20NYU,Available,Amateur Intermediate Radio Licence,NYU
20NYV,Available,Amateur Intermediate Radio Licence,NYV
20NYW,Available,Amateur Intermediate Radio Licence,NYW
20NYY,Available,Amateur Intermediate Radio Licence,NYY
20NYZ,Available,Amateur Intermediate Radio Licence,NYZ
20NZA,Available,Amateur Intermediate Radio Licence,NZA
20NZB,Available,Amateur Intermediate Radio Licence,NZB
20NZC,Available,Amateur Intermediate Radio Licence,NZC
20NZE,Available,Amateur Intermediate Radio Licence,NZE
20NZF,Available,Amateur Intermediate Radio Licence,NZF
20NZG,Available,Amateur Intermediate Radio Licence,NZG
20NZH,Available,Amateur Intermediate Radio Licence,NZH
20NZI,Available,Amateur Intermediate Radio Licence,NZI
20NZJ,Available,Amateur Intermediate Radio Licence,NZJ
20NZK,Available,Amateur Intermediate Radio Licence,NZK
20NZM,Available,Amateur Intermediate Radio Licence,NZM
20NZN,Available,Amateur Intermediate Radio Licence,NZN
20NZO,Available,Amateur Intermediate Radio Licence,NZO
20NZP,Available,Amateur Intermediate Radio Licence,NZP
20NZQ,Available,Amateur Intermediate Radio Licence,NZQ
20NZR,Available,Amateur Intermediate Radio Licence,NZR
20NZS,Available,Amateur Intermediate Radio Licence,NZS
20NZT,Available,Amateur Intermediate Radio Licence,NZT
20NZU,Available,Amateur Intermediate Radio Licence,NZU
20NZV,Available,Amateur Intermediate Radio Licence,NZV
20NZW,Available,Amateur Intermediate Radio Licence,NZW
20NZX,Available,Amateur Intermediate Radio Licence,NZX
20NZY,Available,Amateur Intermediate Radio Licence,NZY
20NZZ,Available,Amateur Intermediate Radio Licence,NZZ
20OAJ,Available,Amateur Intermediate Radio Licence,OAJ
20OAM,Available,Amateur Intermediate Radio Licence,OAM
20OAQ,Available,Amateur Intermediate Radio Licence,OAQ
20OAR,Available,Amateur Intermediate Radio Licence,OAR
20OAS,Available,Amateur Intermediate Radio Licence,OAS
20OAU,Available,Amateur Intermediate Radio Licence,OAU
20OAW,Available,Amateur Intermediate Radio Licence,OAW
20OAX,Available,Amateur Intermediate Radio Licence,OAX
20OAY,Available,Amateur Intermediate Radio Licence,OAY
20OBA,Available,Amateur Intermediate Radio Licence,OBA
20OBD,Available,Amateur Intermediate Radio Licence,OBD
20OBF,Available,Amateur Intermediate Radio Licence,OBF
20OBG,Available,Amateur Intermediate Radio Licence,OBG
20OBH,Available,Amateur Intermediate Radio Licence,OBH
20OBK,Available,Amateur Intermediate Radio Licence,OBK
20OBM,Available,Amateur Intermediate Radio Licence,OBM
20OBN,Available,Amateur Intermediate Radio Licence,OBN
20OBO,Available,Amateur Intermediate Radio Licence,OBO
20OBP,Available,Amateur Intermediate Radio Licence,OBP
20OBQ,Available,Amateur Intermediate Radio Licence,OBQ
20OBR,Available,Amateur Intermediate Radio Licence,OBR
20OBT,Available,Amateur Intermediate Radio Licence,OBT
20OBU,Available,Amateur Intermediate Radio Licence,OBU
20OBV,Available,Amateur Intermediate Radio Licence,OBV
20OBW,Available,Amateur Intermediate Radio Licence,OBW
20OBX,Available,Amateur Intermediate Radio Licence,OBX
20OBY,Available,Amateur Intermediate Radio Licence,OBY
20OCA,Available,Amateur Intermediate Radio Licence,OCA
20OCF,Available,Amateur Intermediate Radio Licence,OCF
20OCI,Available,Amateur Intermediate Radio Licence,OCI
20OCJ,Available,Amateur Intermediate Radio Licence,OCJ
20OCN,Available,Amateur Intermediate Radio Licence,OCN
20OCO,Available,Amateur Intermediate Radio Licence,OCO
20OCP,Available,Amateur Intermediate Radio Licence,OCP
20OCQ,Available,Amateur Intermediate Radio Licence,OCQ
20OCR,Available,Amateur Intermediate Radio Licence,OCR
20OCS,Available,Amateur Intermediate Radio Licence,OCS
20OCU,Available,Amateur Intermediate Radio Licence,OCU
20OCV,Available,Amateur Intermediate Radio Licence,OCV
20OCW,Available,Amateur Intermediate Radio Licence,OCW
20OCX,Available,Amateur Intermediate Radio Licence,OCX
20OCY,Available,Amateur Intermediate Radio Licence,OCY
20OCZ,Available,Amateur Intermediate Radio Licence,OCZ
20ODA,Available,Amateur Intermediate Radio Licence,ODA
20ODB,Available,Amateur Intermediate Radio Licence,ODB
20ODC,Available,Amateur Intermediate Radio Licence,ODC
20ODD,Available,Amateur Intermediate Radio Licence,ODD
20ODE,Available,Amateur Intermediate Radio Licence,ODE
20ODG,Available,Amateur Intermediate Radio Licence,ODG
20ODH,Available,Amateur Intermediate Radio Licence,ODH
20ODJ,Available,Amateur Intermediate Radio Licence,ODJ
20ODK,Available,Amateur Intermediate Radio Licence,ODK
20ODM,Available,Amateur Intermediate Radio Licence,ODM
20ODN,Available,Amateur Intermediate Radio Licence,ODN
20ODP,Available,Amateur Intermediate Radio Licence,ODP
20ODQ,Available,Amateur Intermediate Radio Licence,ODQ
20ODR,Available,Amateur Intermediate Radio Licence,ODR
20ODS,Available,Amateur Intermediate Radio Licence,ODS
20ODU,Available,Amateur Intermediate Radio Licence,ODU
20ODV,Available,Amateur Intermediate Radio Licence,ODV
20ODW,Available,Amateur Intermediate Radio Licence,ODW
20ODZ,Available,Amateur Intermediate Radio Licence,ODZ
20OEA,Available,Amateur Intermediate Radio Licence,OEA
20OEB,Available,Amateur Intermediate Radio Licence,OEB
20OEC,Available,Amateur Intermediate Radio Licence,OEC
20OED,Available,Amateur Intermediate Radio Licence,OED
20OEF,Available,Amateur Intermediate Radio Licence,OEF
20OEG,Available,Amateur Intermediate Radio Licence,OEG
20OEH,Available,Amateur Intermediate Radio Licence,OEH
20OEI,Available,Amateur Intermediate Radio Licence,OEI
20OEJ,Available,Amateur Intermediate Radio Licence,OEJ
20OEK,Available,Amateur Intermediate Radio Licence,OEK
20OEL,Available,Amateur Intermediate Radio Licence,OEL
20OEN,Available,Amateur Intermediate Radio Licence,OEN
20OEO,Available,Amateur Intermediate Radio Licence,OEO
20OEP,Available,Amateur Intermediate Radio Licence,OEP
20OEQ,Available,Amateur Intermediate Radio Licence,OEQ
20OER,Available,Amateur Intermediate Radio Licence,OER
20OES,Available,Amateur Intermediate Radio Licence,OES
20OET,Available,Amateur Intermediate Radio Licence,OET
20OEU,Available,Amateur Intermediate Radio Licence,OEU
20OEW,Available,Amateur Intermediate Radio Licence,OEW
20OEX,Available,Amateur Intermediate Radio Licence,OEX
20OEY,Available,Amateur Intermediate Radio Licence,OEY
20OFA,Available,Amateur Intermediate Radio Licence,OFA
20OFB,Available,Amateur Intermediate Radio Licence,OFB
20OFD,Available,Amateur Intermediate Radio Licence,OFD
20OFE,Available,Amateur Intermediate Radio Licence,OFE
20OFG,Available,Amateur Intermediate Radio Licence,OFG
20OFH,Available,Amateur Intermediate Radio Licence,OFH
20OFI,Available,Amateur Intermediate Radio Licence,OFI
20OFJ,Available,Amateur Intermediate Radio Licence,OFJ
20OFL,Available,Amateur Intermediate Radio Licence,OFL
20OFO,Available,Amateur Intermediate Radio Licence,OFO
20OFP,Available,Amateur Intermediate Radio Licence,OFP
20OFQ,Available,Amateur Intermediate Radio Licence,OFQ
20OFS,Available,Amateur Intermediate Radio Licence,OFS
20OFT,Available,Amateur Intermediate Radio Licence,OFT
20OFU,Available,Amateur Intermediate Radio Licence,OFU
20OFV,Available,Amateur Intermediate Radio Licence,OFV
20OFW,Available,Amateur Intermediate Radio Licence,OFW
20OFY,Available,Amateur Intermediate Radio Licence,OFY
20OFZ,Available,Amateur Intermediate Radio Licence,OFZ
20OGA,Available,Amateur Intermediate Radio Licence,OGA
20OGB,Available,Amateur Intermediate Radio Licence,OGB
20OGD,Available,Amateur Intermediate Radio Licence,OGD
20OGE,Available,Amateur Intermediate Radio Licence,OGE
20OGF,Available,Amateur Intermediate Radio Licence,OGF
20OGG,Available,Amateur Intermediate Radio Licence,OGG
20OGH,Available,Amateur Intermediate Radio Licence,OGH
20OGI,Available,Amateur Intermediate Radio Licence,OGI
20OGJ,Available,Amateur Intermediate Radio Licence,OGJ
20OGK,Available,Amateur Intermediate Radio Licence,OGK
20OGL,Available,Amateur Intermediate Radio Licence,OGL
20OGM,Available,Amateur Intermediate Radio Licence,OGM
20OGN,Available,Amateur Intermediate Radio Licence,OGN
20OGO,Available,Amateur Intermediate Radio Licence,OGO
20OGQ,Available,Amateur Intermediate Radio Licence,OGQ
20OGR,Available,Amateur Intermediate Radio Licence,OGR
20OGS,Available,Amateur Intermediate Radio Licence,OGS
20OGT,Available,Amateur Intermediate Radio Licence,OGT
20OGU,Available,Amateur Intermediate Radio Licence,OGU
20OGV,Available,Amateur Intermediate Radio Licence,OGV
20OGW,Available,Amateur Intermediate Radio Licence,OGW
20OGX,Available,Amateur Intermediate Radio Licence,OGX
20OHA,Available,Amateur Intermediate Radio Licence,OHA
20OHB,Available,Amateur Intermediate Radio Licence,OHB
20OHC,Available,Amateur Intermediate Radio Licence,OHC
20OHD,Available,Amateur Intermediate Radio Licence,OHD
20OHF,Available,Amateur Intermediate Radio Licence,OHF
20OHG,Available,Amateur Intermediate Radio Licence,OHG
20OHH,Available,Amateur Intermediate Radio Licence,OHH
20OHI,Available,Amateur Intermediate Radio Licence,OHI
20OHJ,Available,Amateur Intermediate Radio Licence,OHJ
20OHK,Available,Amateur Intermediate Radio Licence,OHK
20OHL,Available,Amateur Intermediate Radio Licence,OHL
20OHN,Available,Amateur Intermediate Radio Licence,OHN
20OHO,Available,Amateur Intermediate Radio Licence,OHO
20OHP,Available,Amateur Intermediate Radio Licence,OHP
20OHQ,Available,Amateur Intermediate Radio Licence,OHQ
20OHR,Available,Amateur Intermediate Radio Licence,OHR
20OHT,Available,Amateur Intermediate Radio Licence,OHT
20OHU,Available,Amateur Intermediate Radio Licence,OHU
20OHV,Available,Amateur Intermediate Radio Licence,OHV
20OHW,Available,Amateur Intermediate Radio Licence,OHW
20OHX,Available,Amateur Intermediate Radio Licence,OHX
20OHY,Available,Amateur Intermediate Radio Licence,OHY
20OHZ,Available,Amateur Intermediate Radio Licence,OHZ
20OIA,Available,Amateur Intermediate Radio Licence,OIA
20OIB,Available,Amateur Intermediate Radio Licence,OIB
20OIE,Available,Amateur Intermediate Radio Licence,OIE
20OIF,Available,Amateur Intermediate Radio Licence,OIF
20OIG,Available,Amateur Intermediate Radio Licence,OIG
20OIH,Available,Amateur Intermediate Radio Licence,OIH
20OII,Available,Amateur Intermediate Radio Licence,OII
20OIJ,Available,Amateur Intermediate Radio Licence,OIJ
20OIK,Available,Amateur Intermediate Radio Licence,OIK
20OIO,Available,Amateur Intermediate Radio Licence,OIO
20OIP,Available,Amateur Intermediate Radio Licence,OIP
20OIQ,Available,Amateur Intermediate Radio Licence,OIQ
20OIR,Available,Amateur Intermediate Radio Licence,OIR
20OIS,Available,Amateur Intermediate Radio Licence,OIS
20OIT,Available,Amateur Intermediate Radio Licence,OIT
20OIU,Available,Amateur Intermediate Radio Licence,OIU
20OIV,Available,Amateur Intermediate Radio Licence,OIV
20OIW,Available,Amateur Intermediate Radio Licence,OIW
20OIX,Available,Amateur Intermediate Radio Licence,OIX
20OIY,Available,Amateur Intermediate Radio Licence,OIY
20OIZ,Available,Amateur Intermediate Radio Licence,OIZ
20OJD,Available,Amateur Intermediate Radio Licence,OJD
20OJF,Available,Amateur Intermediate Radio Licence,OJF
20OJG,Available,Amateur Intermediate Radio Licence,OJG
20OJH,Available,Amateur Intermediate Radio Licence,OJH
20OJI,Available,Amateur Intermediate Radio Licence,OJI
20OJJ,Available,Amateur Intermediate Radio Licence,OJJ
20OJL,Available,Amateur Intermediate Radio Licence,OJL
20OJM,Available,Amateur Intermediate Radio Licence,OJM
20OJN,Available,Amateur Intermediate Radio Licence,OJN
20OJO,Available,Amateur Intermediate Radio Licence,OJO
20OJP,Available,Amateur Intermediate Radio Licence,OJP
20OJQ,Available,Amateur Intermediate Radio Licence,OJQ
20OJR,Available,Amateur Intermediate Radio Licence,OJR
20OJT,Available,Amateur Intermediate Radio Licence,OJT
20OJU,Available,Amateur Intermediate Radio Licence,OJU
20OJV,Available,Amateur Intermediate Radio Licence,OJV
20OJW,Available,Amateur Intermediate Radio Licence,OJW
20OJX,Available,Amateur Intermediate Radio Licence,OJX
20OJY,Available,Amateur Intermediate Radio Licence,OJY
20OJZ,Available,Amateur Intermediate Radio Licence,OJZ
20OKA,Available,Amateur Intermediate Radio Licence,OKA
20OKB,Available,Amateur Intermediate Radio Licence,OKB
20OKD,Available,Amateur Intermediate Radio Licence,OKD
20OKF,Available,Amateur Intermediate Radio Licence,OKF
20OKG,Available,Amateur Intermediate Radio Licence,OKG
20OKH,Available,Amateur Intermediate Radio Licence,OKH
20OKI,Available,Amateur Intermediate Radio Licence,OKI
20OKJ,Available,Amateur Intermediate Radio Licence,OKJ
20OKL,Available,Amateur Intermediate Radio Licence,OKL
20OKM,Available,Amateur Intermediate Radio Licence,OKM
20OKN,Available,Amateur Intermediate Radio Licence,OKN
20OKO,Available,Amateur Intermediate Radio Licence,OKO
20OKQ,Available,Amateur Intermediate Radio Licence,OKQ
20OKR,Available,Amateur Intermediate Radio Licence,OKR
20OKT,Available,Amateur Intermediate Radio Licence,OKT
20OKU,Available,Amateur Intermediate Radio Licence,OKU
20OKV,Available,Amateur Intermediate Radio Licence,OKV
20OKW,Available,Amateur Intermediate Radio Licence,OKW
20OKX,Available,Amateur Intermediate Radio Licence,OKX
20OLA,Available,Amateur Intermediate Radio Licence,OLA
20OLC,Available,Amateur Intermediate Radio Licence,OLC
20OLF,Available,Amateur Intermediate Radio Licence,OLF
20OLG,Available,Amateur Intermediate Radio Licence,OLG
20OLH,Available,Amateur Intermediate Radio Licence,OLH
20OLJ,Available,Amateur Intermediate Radio Licence,OLJ
20OLM,Available,Amateur Intermediate Radio Licence,OLM
20OLN,Available,Amateur Intermediate Radio Licence,OLN
20OLP,Available,Amateur Intermediate Radio Licence,OLP
20OLQ,Available,Amateur Intermediate Radio Licence,OLQ
20OLR,Available,Amateur Intermediate Radio Licence,OLR
20OLS,Available,Amateur Intermediate Radio Licence,OLS
20OLU,Available,Amateur Intermediate Radio Licence,OLU
20OLV,Available,Amateur Intermediate Radio Licence,OLV
20OLW,Available,Amateur Intermediate Radio Licence,OLW
20OLZ,Available,Amateur Intermediate Radio Licence,OLZ
20OMB,Available,Amateur Intermediate Radio Licence,OMB
20OMC,Available,Amateur Intermediate Radio Licence,OMC
20OME,Available,Amateur Intermediate Radio Licence,OME
20OMF,Available,Amateur Intermediate Radio Licence,OMF
20OMH,Available,Amateur Intermediate Radio Licence,OMH
20OMJ,Available,Amateur Intermediate Radio Licence,OMJ
20OMK,Available,Amateur Intermediate Radio Licence,OMK
20OMM,Available,Amateur Intermediate Radio Licence,OMM
20OMN,Available,Amateur Intermediate Radio Licence,OMN
20OMO,Available,Amateur Intermediate Radio Licence,OMO
20OMP,Available,Amateur Intermediate Radio Licence,OMP
20OMQ,Available,Amateur Intermediate Radio Licence,OMQ
20OMR,Available,Amateur Intermediate Radio Licence,OMR
20OMU,Available,Amateur Intermediate Radio Licence,OMU
20OMW,Available,Amateur Intermediate Radio Licence,OMW
20OMX,Available,Amateur Intermediate Radio Licence,OMX
20OMY,Available,Amateur Intermediate Radio Licence,OMY
20ONA,Available,Amateur Intermediate Radio Licence,ONA
20ONB,Available,Amateur Intermediate Radio Licence,ONB
20ONC,Available,Amateur Intermediate Radio Licence,ONC
20OND,Available,Amateur Intermediate Radio Licence,OND
20ONF,Available,Amateur Intermediate Radio Licence,ONF
20ONG,Available,Amateur Intermediate Radio Licence,ONG
20ONH,Available,Amateur Intermediate Radio Licence,ONH
20ONI,Available,Amateur Intermediate Radio Licence,ONI
20ONJ,Available,Amateur Intermediate Radio Licence,ONJ
20ONK,Available,Amateur Intermediate Radio Licence,ONK
20ONL,Available,Amateur Intermediate Radio Licence,ONL
20ONM,Available,Amateur Intermediate Radio Licence,ONM
20ONN,Available,Amateur Intermediate Radio Licence,ONN
20ONP,Available,Amateur Intermediate Radio Licence,ONP
20ONR,Available,Amateur Intermediate Radio Licence,ONR
20ONT,Available,Amateur Intermediate Radio Licence,ONT
20ONU,Available,Amateur Intermediate Radio Licence,ONU
20ONX,Available,Amateur Intermediate Radio Licence,ONX
20ONY,Available,Amateur Intermediate Radio Licence,ONY
20ONZ,Available,Amateur Intermediate Radio Licence,ONZ
20OOA,Available,Amateur Intermediate Radio Licence,OOA
20OOE,Available,Amateur Intermediate Radio Licence,OOE
20OOF,Available,Amateur Intermediate Radio Licence,OOF
20OOH,Available,Amateur Intermediate Radio Licence,OOH
20OOI,Available,Amateur Intermediate Radio Licence,OOI
20OOJ,Available,Amateur Intermediate Radio Licence,OOJ
20OOL,Available,Amateur Intermediate Radio Licence,OOL
20OON,Available,Amateur Intermediate Radio Licence,OON
20OOQ,Available,Amateur Intermediate Radio Licence,OOQ
20OOR,Available,Amateur Intermediate Radio Licence,OOR
20OOS,Available,Amateur Intermediate Radio Licence,OOS
20OOU,Available,Amateur Intermediate Radio Licence,OOU
20OOV,Available,Amateur Intermediate Radio Licence,OOV
20OOW,Available,Amateur Intermediate Radio Licence,OOW
20OOX,Available,Amateur Intermediate Radio Licence,OOX
20OOY,Available,Amateur Intermediate Radio Licence,OOY
20OOZ,Available,Amateur Intermediate Radio Licence,OOZ
20OPD,Available,Amateur Intermediate Radio Licence,OPD
20OPE,Available,Amateur Intermediate Radio Licence,OPE
20OPF,Available,Amateur Intermediate Radio Licence,OPF
20OPG,Available,Amateur Intermediate Radio Licence,OPG
20OPH,Available,Amateur Intermediate Radio Licence,OPH
20OPI,Available,Amateur Intermediate Radio Licence,OPI
20OPJ,Available,Amateur Intermediate Radio Licence,OPJ
20OPK,Available,Amateur Intermediate Radio Licence,OPK
20OPL,Available,Amateur Intermediate Radio Licence,OPL
20OPN,Available,Amateur Intermediate Radio Licence,OPN
20OPP,Available,Amateur Intermediate Radio Licence,OPP
20OPQ,Available,Amateur Intermediate Radio Licence,OPQ
20OPT,Available,Amateur Intermediate Radio Licence,OPT
20OPV,Available,Amateur Intermediate Radio Licence,OPV
20OPW,Available,Amateur Intermediate Radio Licence,OPW
20OPZ,Available,Amateur Intermediate Radio Licence,OPZ
20OQA,Available,Amateur Intermediate Radio Licence,OQA
20OQB,Available,Amateur Intermediate Radio Licence,OQB
20OQC,Available,Amateur Intermediate Radio Licence,OQC
20OQD,Available,Amateur Intermediate Radio Licence,OQD
20OQE,Available,Amateur Intermediate Radio Licence,OQE
20OQF,Available,Amateur Intermediate Radio Licence,OQF
20OQG,Available,Amateur Intermediate Radio Licence,OQG
20OQI,Available,Amateur Intermediate Radio Licence,OQI
20OQJ,Available,Amateur Intermediate Radio Licence,OQJ
20OQK,Available,Amateur Intermediate Radio Licence,OQK
20OQL,Available,Amateur Intermediate Radio Licence,OQL
20OQM,Available,Amateur Intermediate Radio Licence,OQM
20OQO,Available,Amateur Intermediate Radio Licence,OQO
20OQP,Available,Amateur Intermediate Radio Licence,OQP
20OQQ,Available,Amateur Intermediate Radio Licence,OQQ
20OQR,Available,Amateur Intermediate Radio Licence,OQR
20OQS,Available,Amateur Intermediate Radio Licence,OQS
20OQT,Available,Amateur Intermediate Radio Licence,OQT
20OQU,Available,Amateur Intermediate Radio Licence,OQU
20OQV,Available,Amateur Intermediate Radio Licence,OQV
20OQW,Available,Amateur Intermediate Radio Licence,OQW
20OQX,Available,Amateur Intermediate Radio Licence,OQX
20OQY,Available,Amateur Intermediate Radio Licence,OQY
20ORA,Available,Amateur Intermediate Radio Licence,ORA
20ORD,Available,Amateur Intermediate Radio Licence,ORD
20ORE,Available,Amateur Intermediate Radio Licence,ORE
20ORF,Available,Amateur Intermediate Radio Licence,ORF
20ORG,Available,Amateur Intermediate Radio Licence,ORG
20ORH,Available,Amateur Intermediate Radio Licence,ORH
20ORJ,Available,Amateur Intermediate Radio Licence,ORJ
20ORL,Available,Amateur Intermediate Radio Licence,ORL
20ORM,Available,Amateur Intermediate Radio Licence,ORM
20ORO,Available,Amateur Intermediate Radio Licence,ORO
20ORQ,Available,Amateur Intermediate Radio Licence,ORQ
20ORS,Available,Amateur Intermediate Radio Licence,ORS
20ORV,Available,Amateur Intermediate Radio Licence,ORV
20ORW,Available,Amateur Intermediate Radio Licence,ORW
20ORX,Available,Amateur Intermediate Radio Licence,ORX
20ORY,Available,Amateur Intermediate Radio Licence,ORY
20ORZ,Available,Amateur Intermediate Radio Licence,ORZ
20OSA,Available,Amateur Intermediate Radio Licence,OSA
20OSB,Available,Amateur Intermediate Radio Licence,OSB
20OSD,Available,Amateur Intermediate Radio Licence,OSD
20OSF,Available,Amateur Intermediate Radio Licence,OSF
20OSI,Available,Amateur Intermediate Radio Licence,OSI
20OSJ,Available,Amateur Intermediate Radio Licence,OSJ
20OSM,Available,Amateur Intermediate Radio Licence,OSM
20OSN,Available,Amateur Intermediate Radio Licence,OSN
20OSP,Available,Amateur Intermediate Radio Licence,OSP
20OSQ,Available,Amateur Intermediate Radio Licence,OSQ
20OSR,Available,Amateur Intermediate Radio Licence,OSR
20OSS,Available,Amateur Intermediate Radio Licence,OSS
20OST,Available,Amateur Intermediate Radio Licence,OST
20OSU,Available,Amateur Intermediate Radio Licence,OSU
20OSV,Available,Amateur Intermediate Radio Licence,OSV
20OSW,Available,Amateur Intermediate Radio Licence,OSW
20OSZ,Available,Amateur Intermediate Radio Licence,OSZ
20OTA,Available,Amateur Intermediate Radio Licence,OTA
20OTD,Available,Amateur Intermediate Radio Licence,OTD
20OTG,Available,Amateur Intermediate Radio Licence,OTG
20OTH,Available,Amateur Intermediate Radio Licence,OTH
20OTJ,Available,Amateur Intermediate Radio Licence,OTJ
20OTM,Available,Amateur Intermediate Radio Licence,OTM
20OTN,Available,Amateur Intermediate Radio Licence,OTN
20OTP,Available,Amateur Intermediate Radio Licence,OTP
20OTQ,Available,Amateur Intermediate Radio Licence,OTQ
20OTR,Available,Amateur Intermediate Radio Licence,OTR
20OTS,Available,Amateur Intermediate Radio Licence,OTS
20OTU,Available,Amateur Intermediate Radio Licence,OTU
20OTV,Available,Amateur Intermediate Radio Licence,OTV
20OTX,Available,Amateur Intermediate Radio Licence,OTX
20OUA,Available,Amateur Intermediate Radio Licence,OUA
20OUB,Available,Amateur Intermediate Radio Licence,OUB
20OUD,Available,Amateur Intermediate Radio Licence,OUD
20OUE,Available,Amateur Intermediate Radio Licence,OUE
20OUF,Available,Amateur Intermediate Radio Licence,OUF
20OUG,Available,Amateur Intermediate Radio Licence,OUG
20OUH,Available,Amateur Intermediate Radio Licence,OUH
20OUI,Available,Amateur Intermediate Radio Licence,OUI
20OUJ,Available,Amateur Intermediate Radio Licence,OUJ
20OUL,Available,Amateur Intermediate Radio Licence,OUL
20OUM,Available,Amateur Intermediate Radio Licence,OUM
20OUO,Available,Amateur Intermediate Radio Licence,OUO
20OUP,Available,Amateur Intermediate Radio Licence,OUP
20OUQ,Available,Amateur Intermediate Radio Licence,OUQ
20OUR,Available,Amateur Intermediate Radio Licence,OUR
20OUS,Available,Amateur Intermediate Radio Licence,OUS
20OUU,Available,Amateur Intermediate Radio Licence,OUU
20OUV,Available,Amateur Intermediate Radio Licence,OUV
20OUW,Available,Amateur Intermediate Radio Licence,OUW
20OUX,Available,Amateur Intermediate Radio Licence,OUX
20OUY,Available,Amateur Intermediate Radio Licence,OUY
20OVC,Available,Amateur Intermediate Radio Licence,OVC
20OVG,Available,Amateur Intermediate Radio Licence,OVG
20OVH,Available,Amateur Intermediate Radio Licence,OVH
20OVJ,Available,Amateur Intermediate Radio Licence,OVJ
20OVK,Available,Amateur Intermediate Radio Licence,OVK
20OVM,Available,Amateur Intermediate Radio Licence,OVM
20OVN,Available,Amateur Intermediate Radio Licence,OVN
20OVO,Available,Amateur Intermediate Radio Licence,OVO
20OVP,Available,Amateur Intermediate Radio Licence,OVP
20OVQ,Available,Amateur Intermediate Radio Licence,OVQ
20OVS,Available,Amateur Intermediate Radio Licence,OVS
20OVU,Available,Amateur Intermediate Radio Licence,OVU
20OVW,Available,Amateur Intermediate Radio Licence,OVW
20OVX,Available,Amateur Intermediate Radio Licence,OVX
20OVY,Available,Amateur Intermediate Radio Licence,OVY
20OVZ,Available,Amateur Intermediate Radio Licence,OVZ
20OWA,Available,Amateur Intermediate Radio Licence,OWA
20OWB,Available,Amateur Intermediate Radio Licence,OWB
20OWC,Available,Amateur Intermediate Radio Licence,OWC
20OWD,Available,Amateur Intermediate Radio Licence,OWD
20OWE,Available,Amateur Intermediate Radio Licence,OWE
20OWF,Available,Amateur Intermediate Radio Licence,OWF
20OWG,Available,Amateur Intermediate Radio Licence,OWG
20OWI,Available,Amateur Intermediate Radio Licence,OWI
20OWJ,Available,Amateur Intermediate Radio Licence,OWJ
20OWK,Available,Amateur Intermediate Radio Licence,OWK
20OWM,Available,Amateur Intermediate Radio Licence,OWM
20OWN,Available,Amateur Intermediate Radio Licence,OWN
20OWP,Available,Amateur Intermediate Radio Licence,OWP
20OWQ,Available,Amateur Intermediate Radio Licence,OWQ
20OWR,Available,Amateur Intermediate Radio Licence,OWR
20OWS,Available,Amateur Intermediate Radio Licence,OWS
20OWT,Available,Amateur Intermediate Radio Licence,OWT
20OWU,Available,Amateur Intermediate Radio Licence,OWU
20OWV,Available,Amateur Intermediate Radio Licence,OWV
20OWW,Available,Amateur Intermediate Radio Licence,OWW
20OWY,Available,Amateur Intermediate Radio Licence,OWY
20OWZ,Available,Amateur Intermediate Radio Licence,OWZ
20OXA,Available,Amateur Intermediate Radio Licence,OXA
20OXB,Available,Amateur Intermediate Radio Licence,OXB
20OXC,Available,Amateur Intermediate Radio Licence,OXC
20OXD,Available,Amateur Intermediate Radio Licence,OXD
20OXE,Available,Amateur Intermediate Radio Licence,OXE
20OXG,Available,Amateur Intermediate Radio Licence,OXG
20OXH,Available,Amateur Intermediate Radio Licence,OXH
20OXJ,Available,Amateur Intermediate Radio Licence,OXJ
20OXK,Available,Amateur Intermediate Radio Licence,OXK
20OXL,Available,Amateur Intermediate Radio Licence,OXL
20OXM,Available,Amateur Intermediate Radio Licence,OXM
20OXN,Available,Amateur Intermediate Radio Licence,OXN
20OXP,Available,Amateur Intermediate Radio Licence,OXP
20OXR,Available,Amateur Intermediate Radio Licence,OXR
20OXS,Available,Amateur Intermediate Radio Licence,OXS
20OXT,Available,Amateur Intermediate Radio Licence,OXT
20OXU,Available,Amateur Intermediate Radio Licence,OXU
20OXV,Available,Amateur Intermediate Radio Licence,OXV
20OXW,Available,Amateur Intermediate Radio Licence,OXW
20OXY,Available,Amateur Intermediate Radio Licence,OXY
20OYA,Available,Amateur Intermediate Radio Licence,OYA
20OYB,Available,Amateur Intermediate Radio Licence,OYB
20OYC,Available,Amateur Intermediate Radio Licence,OYC
20OYD,Available,Amateur Intermediate Radio Licence,OYD
20OYE,Available,Amateur Intermediate Radio Licence,OYE
20OYF,Available,Amateur Intermediate Radio Licence,OYF
20OYH,Available,Amateur Intermediate Radio Licence,OYH
20OYI,Available,Amateur Intermediate Radio Licence,OYI
20OYJ,Available,Amateur Intermediate Radio Licence,OYJ
20OYK,Available,Amateur Intermediate Radio Licence,OYK
20OYL,Available,Amateur Intermediate Radio Licence,OYL
20OYM,Available,Amateur Intermediate Radio Licence,OYM
20OYO,Available,Amateur Intermediate Radio Licence,OYO
20OYP,Available,Amateur Intermediate Radio Licence,OYP
20OYQ,Available,Amateur Intermediate Radio Licence,OYQ
20OYR,Available,Amateur Intermediate Radio Licence,OYR
20OYS,Available,Amateur Intermediate Radio Licence,OYS
20OYT,Available,Amateur Intermediate Radio Licence,OYT
20OYU,Available,Amateur Intermediate Radio Licence,OYU
20OYV,Available,Amateur Intermediate Radio Licence,OYV
20OYW,Available,Amateur Intermediate Radio Licence,OYW
20OYX,Available,Amateur Intermediate Radio Licence,OYX
20OYY,Available,Amateur Intermediate Radio Licence,OYY
20OYZ,Available,Amateur Intermediate Radio Licence,OYZ
20OZA,Available,Amateur Intermediate Radio Licence,OZA
20OZB,Available,Amateur Intermediate Radio Licence,OZB
20OZC,Available,Amateur Intermediate Radio Licence,OZC
20OZF,Available,Amateur Intermediate Radio Licence,OZF
20OZG,Available,Amateur Intermediate Radio Licence,OZG
20OZK,Available,Amateur Intermediate Radio Licence,OZK
20OZL,Available,Amateur Intermediate Radio Licence,OZL
20OZM,Available,Amateur Intermediate Radio Licence,OZM
20OZN,Available,Amateur Intermediate Radio Licence,OZN
20OZO,Available,Amateur Intermediate Radio Licence,OZO
20OZP,Available,Amateur Intermediate Radio Licence,OZP
20OZR,Available,Amateur Intermediate Radio Licence,OZR
20OZS,Available,Amateur Intermediate Radio Licence,OZS
20OZT,Available,Amateur Intermediate Radio Licence,OZT
20OZU,Available,Amateur Intermediate Radio Licence,OZU
20OZX,Available,Amateur Intermediate Radio Licence,OZX
20PBV,Available,Amateur Intermediate Radio Licence,PBV
20PCE,Available,Amateur Intermediate Radio Licence,PCE
20PCP,Available,Amateur Intermediate Radio Licence,PCP
20PCU,Available,Amateur Intermediate Radio Licence,PCU
20PCW,Available,Amateur Intermediate Radio Licence,PCW
20PCX,Available,Amateur Intermediate Radio Licence,PCX
20PCY,Available,Amateur Intermediate Radio Licence,PCY
20PDB,Available,Amateur Intermediate Radio Licence,PDB
20PDD,Available,Amateur Intermediate Radio Licence,PDD
20PDJ,Available,Amateur Intermediate Radio Licence,PDJ
20PDK,Available,Amateur Intermediate Radio Licence,PDK
20PDN,Available,Amateur Intermediate Radio Licence,PDN
20PDV,Available,Amateur Intermediate Radio Licence,PDV
20PEG,Available,Amateur Intermediate Radio Licence,PEG
20PEI,Available,Amateur Intermediate Radio Licence,PEI
20PEJ,Available,Amateur Intermediate Radio Licence,PEJ
20PEQ,Available,Amateur Intermediate Radio Licence,PEQ
20PEU,Available,Amateur Intermediate Radio Licence,PEU
20PEV,Available,Amateur Intermediate Radio Licence,PEV
20PEX,Available,Amateur Intermediate Radio Licence,PEX
20PEY,Available,Amateur Intermediate Radio Licence,PEY
20PFE,Available,Amateur Intermediate Radio Licence,PFE
20PFF,Available,Amateur Intermediate Radio Licence,PFF
20PFI,Available,Amateur Intermediate Radio Licence,PFI
20PFJ,Available,Amateur Intermediate Radio Licence,PFJ
20PFK,Available,Amateur Intermediate Radio Licence,PFK
20PFN,Available,Amateur Intermediate Radio Licence,PFN
20PFO,Available,Amateur Intermediate Radio Licence,PFO
20PFP,Available,Amateur Intermediate Radio Licence,PFP
20PFQ,Available,Amateur Intermediate Radio Licence,PFQ
20PFS,Available,Amateur Intermediate Radio Licence,PFS
20PFT,Available,Amateur Intermediate Radio Licence,PFT
20PFU,Available,Amateur Intermediate Radio Licence,PFU
20PFV,Available,Amateur Intermediate Radio Licence,PFV
20PFY,Available,Amateur Intermediate Radio Licence,PFY
20PFZ,Available,Amateur Intermediate Radio Licence,PFZ
20PGC,Available,Amateur Intermediate Radio Licence,PGC
20PGD,Available,Amateur Intermediate Radio Licence,PGD
20PGE,Available,Amateur Intermediate Radio Licence,PGE
20PGF,Available,Amateur Intermediate Radio Licence,PGF
20PGJ,Available,Amateur Intermediate Radio Licence,PGJ
20PGK,Available,Amateur Intermediate Radio Licence,PGK
20PGN,Available,Amateur Intermediate Radio Licence,PGN
20PGO,Available,Amateur Intermediate Radio Licence,PGO
20PGQ,Available,Amateur Intermediate Radio Licence,PGQ
20PGU,Available,Amateur Intermediate Radio Licence,PGU
20PGV,Available,Amateur Intermediate Radio Licence,PGV
20PGX,Available,Amateur Intermediate Radio Licence,PGX
20PGY,Available,Amateur Intermediate Radio Licence,PGY
20PGZ,Available,Amateur Intermediate Radio Licence,PGZ
20PHA,Available,Amateur Intermediate Radio Licence,PHA
20PHC,Available,Amateur Intermediate Radio Licence,PHC
20PHE,Available,Amateur Intermediate Radio Licence,PHE
20PHF,Available,Amateur Intermediate Radio Licence,PHF
20PHG,Available,Amateur Intermediate Radio Licence,PHG
20PHK,Available,Amateur Intermediate Radio Licence,PHK
20PHN,Available,Amateur Intermediate Radio Licence,PHN
20PHO,Available,Amateur Intermediate Radio Licence,PHO
20PHQ,Available,Amateur Intermediate Radio Licence,PHQ
20PHR,Available,Amateur Intermediate Radio Licence,PHR
20PHT,Available,Amateur Intermediate Radio Licence,PHT
20PHV,Available,Amateur Intermediate Radio Licence,PHV
20PHX,Available,Amateur Intermediate Radio Licence,PHX
20PHZ,Available,Amateur Intermediate Radio Licence,PHZ
20PIB,Available,Amateur Intermediate Radio Licence,PIB
20PIF,Available,Amateur Intermediate Radio Licence,PIF
20PIH,Available,Amateur Intermediate Radio Licence,PIH
20PII,Available,Amateur Intermediate Radio Licence,PII
20PIJ,Available,Amateur Intermediate Radio Licence,PIJ
20PIQ,Available,Amateur Intermediate Radio Licence,PIQ
20PIR,Available,Amateur Intermediate Radio Licence,PIR
20PIT,Available,Amateur Intermediate Radio Licence,PIT
20PIU,Available,Amateur Intermediate Radio Licence,PIU
20PIX,Available,Amateur Intermediate Radio Licence,PIX
20PIY,Available,Amateur Intermediate Radio Licence,PIY
20PIZ,Available,Amateur Intermediate Radio Licence,PIZ
20PJC,Available,Amateur Intermediate Radio Licence,PJC
20PJF,Available,Amateur Intermediate Radio Licence,PJF
20PJG,Available,Amateur Intermediate Radio Licence,PJG
20PJI,Available,Amateur Intermediate Radio Licence,PJI
20PJL,Available,Amateur Intermediate Radio Licence,PJL
20PJQ,Available,Amateur Intermediate Radio Licence,PJQ
20PJU,Available,Amateur Intermediate Radio Licence,PJU
20PJV,Available,Amateur Intermediate Radio Licence,PJV
20PJX,Available,Amateur Intermediate Radio Licence,PJX
20PJZ,Available,Amateur Intermediate Radio Licence,PJZ
20PKC,Available,Amateur Intermediate Radio Licence,PKC
20PKD,Available,Amateur Intermediate Radio Licence,PKD
20PKF,Available,Amateur Intermediate Radio Licence,PKF
20PKH,Available,Amateur Intermediate Radio Licence,PKH
20PKJ,Available,Amateur Intermediate Radio Licence,PKJ
20PKM,Available,Amateur Intermediate Radio Licence,PKM
20PKN,Available,Amateur Intermediate Radio Licence,PKN
20PKO,Available,Amateur Intermediate Radio Licence,PKO
20PKQ,Available,Amateur Intermediate Radio Licence,PKQ
20PKS,Available,Amateur Intermediate Radio Licence,PKS
20PKV,Available,Amateur Intermediate Radio Licence,PKV
20PKW,Available,Amateur Intermediate Radio Licence,PKW
20PKX,Available,Amateur Intermediate Radio Licence,PKX
20PKZ,Available,Amateur Intermediate Radio Licence,PKZ
20PLB,Available,Amateur Intermediate Radio Licence,PLB
20PLI,Available,Amateur Intermediate Radio Licence,PLI
20PLJ,Available,Amateur Intermediate Radio Licence,PLJ
20PLO,Available,Amateur Intermediate Radio Licence,PLO
20PLP,Available,Amateur Intermediate Radio Licence,PLP
20PLQ,Available,Amateur Intermediate Radio Licence,PLQ
20PLU,Available,Amateur Intermediate Radio Licence,PLU
20PLZ,Available,Amateur Intermediate Radio Licence,PLZ
20PMF,Available,Amateur Intermediate Radio Licence,PMF
20PMI,Available,Amateur Intermediate Radio Licence,PMI
20PMJ,Available,Amateur Intermediate Radio Licence,PMJ
20PMK,Available,Amateur Intermediate Radio Licence,PMK
20PMN,Available,Amateur Intermediate Radio Licence,PMN
20PMO,Available,Amateur Intermediate Radio Licence,PMO
20PMQ,Available,Amateur Intermediate Radio Licence,PMQ
20PMU,Available,Amateur Intermediate Radio Licence,PMU
20PMY,Available,Amateur Intermediate Radio Licence,PMY
20PND,Available,Amateur Intermediate Radio Licence,PND
20PNE,Available,Amateur Intermediate Radio Licence,PNE
20PNF,Available,Amateur Intermediate Radio Licence,PNF
20PNH,Available,Amateur Intermediate Radio Licence,PNH
20PNI,Available,Amateur Intermediate Radio Licence,PNI
20PNJ,Available,Amateur Intermediate Radio Licence,PNJ
20PNL,Available,Amateur Intermediate Radio Licence,PNL
20PNM,Available,Amateur Intermediate Radio Licence,PNM
20PNO,Available,Amateur Intermediate Radio Licence,PNO
20PNQ,Available,Amateur Intermediate Radio Licence,PNQ
20PNS,Available,Amateur Intermediate Radio Licence,PNS
20PNU,Available,Amateur Intermediate Radio Licence,PNU
20PNV,Available,Amateur Intermediate Radio Licence,PNV
20PNW,Available,Amateur Intermediate Radio Licence,PNW
20PNY,Available,Amateur Intermediate Radio Licence,PNY
20PNZ,Available,Amateur Intermediate Radio Licence,PNZ
20POC,Available,Amateur Intermediate Radio Licence,POC
20POD,Available,Amateur Intermediate Radio Licence,POD
20POE,Available,Amateur Intermediate Radio Licence,POE
20POF,Available,Amateur Intermediate Radio Licence,POF
20POG,Available,Amateur Intermediate Radio Licence,POG
20POH,Available,Amateur Intermediate Radio Licence,POH
20POJ,Available,Amateur Intermediate Radio Licence,POJ
20POM,Available,Amateur Intermediate Radio Licence,POM
20POV,Available,Amateur Intermediate Radio Licence,POV
20PPB,Available,Amateur Intermediate Radio Licence,PPB
20PPE,Available,Amateur Intermediate Radio Licence,PPE
20PPF,Available,Amateur Intermediate Radio Licence,PPF
20PPI,Available,Amateur Intermediate Radio Licence,PPI
20PPM,Available,Amateur Intermediate Radio Licence,PPM
20PPO,Available,Amateur Intermediate Radio Licence,PPO
20PPQ,Available,Amateur Intermediate Radio Licence,PPQ
20PPT,Available,Amateur Intermediate Radio Licence,PPT
20PPU,Available,Amateur Intermediate Radio Licence,PPU
20PPV,Available,Amateur Intermediate Radio Licence,PPV
20PPX,Available,Amateur Intermediate Radio Licence,PPX
20PQA,Available,Amateur Intermediate Radio Licence,PQA
20PQB,Available,Amateur Intermediate Radio Licence,PQB
20PQC,Available,Amateur Intermediate Radio Licence,PQC
20PQD,Available,Amateur Intermediate Radio Licence,PQD
20PQE,Available,Amateur Intermediate Radio Licence,PQE
20PQF,Available,Amateur Intermediate Radio Licence,PQF
20PQG,Available,Amateur Intermediate Radio Licence,PQG
20PQH,Available,Amateur Intermediate Radio Licence,PQH
20PQI,Available,Amateur Intermediate Radio Licence,PQI
20PQJ,Available,Amateur Intermediate Radio Licence,PQJ
20PQK,Available,Amateur Intermediate Radio Licence,PQK
20PQL,Available,Amateur Intermediate Radio Licence,PQL
20PQM,Available,Amateur Intermediate Radio Licence,PQM
20PQN,Available,Amateur Intermediate Radio Licence,PQN
20PQO,Available,Amateur Intermediate Radio Licence,PQO
20PQP,Available,Amateur Intermediate Radio Licence,PQP
20PQQ,Available,Amateur Intermediate Radio Licence,PQQ
20PQS,Available,Amateur Intermediate Radio Licence,PQS
20PQT,Available,Amateur Intermediate Radio Licence,PQT
20PQU,Available,Amateur Intermediate Radio Licence,PQU
20PQV,Available,Amateur Intermediate Radio Licence,PQV
20PQW,Available,Amateur Intermediate Radio Licence,PQW
20PQX,Available,Amateur Intermediate Radio Licence,PQX
20PQY,Available,Amateur Intermediate Radio Licence,PQY
20PQZ,Available,Amateur Intermediate Radio Licence,PQZ
20PRA,Available,Amateur Intermediate Radio Licence,PRA
20PRE,Available,Amateur Intermediate Radio Licence,PRE
20PRG,Available,Amateur Intermediate Radio Licence,PRG
20PRK,Available,Amateur Intermediate Radio Licence,PRK
20PRL,Available,Amateur Intermediate Radio Licence,PRL
20PRN,Available,Amateur Intermediate Radio Licence,PRN
20PRQ,Available,Amateur Intermediate Radio Licence,PRQ
20PRR,Available,Amateur Intermediate Radio Licence,PRR
20PRU,Available,Amateur Intermediate Radio Licence,PRU
20PRV,Available,Amateur Intermediate Radio Licence,PRV
20PRY,Available,Amateur Intermediate Radio Licence,PRY
20PRZ,Available,Amateur Intermediate Radio Licence,PRZ
20PSE,Available,Amateur Intermediate Radio Licence,PSE
20PSF,Available,Amateur Intermediate Radio Licence,PSF
20PSQ,Available,Amateur Intermediate Radio Licence,PSQ
20PSS,Available,Amateur Intermediate Radio Licence,PSS
20PSY,Available,Amateur Intermediate Radio Licence,PSY
20PTB,Available,Amateur Intermediate Radio Licence,PTB
20PTD,Available,Amateur Intermediate Radio Licence,PTD
20PTF,Available,Amateur Intermediate Radio Licence,PTF
20PTH,Available,Amateur Intermediate Radio Licence,PTH
20PTJ,Available,Amateur Intermediate Radio Licence,PTJ
20PTK,Available,Amateur Intermediate Radio Licence,PTK
20PTL,Available,Amateur Intermediate Radio Licence,PTL
20PTQ,Available,Amateur Intermediate Radio Licence,PTQ
20PTV,Available,Amateur Intermediate Radio Licence,PTV
20PTY,Available,Amateur Intermediate Radio Licence,PTY
20PTZ,Available,Amateur Intermediate Radio Licence,PTZ
20PUA,Available,Amateur Intermediate Radio Licence,PUA
20PUC,Available,Amateur Intermediate Radio Licence,PUC
20PUD,Available,Amateur Intermediate Radio Licence,PUD
20PUF,Available,Amateur Intermediate Radio Licence,PUF
20PUH,Available,Amateur Intermediate Radio Licence,PUH
20PUI,Available,Amateur Intermediate Radio Licence,PUI
20PUJ,Available,Amateur Intermediate Radio Licence,PUJ
20PUK,Available,Amateur Intermediate Radio Licence,PUK
20PUM,Available,Amateur Intermediate Radio Licence,PUM
20PUO,Available,Amateur Intermediate Radio Licence,PUO
20PUQ,Available,Amateur Intermediate Radio Licence,PUQ
20PUR,Available,Amateur Intermediate Radio Licence,PUR
20PUT,Available,Amateur Intermediate Radio Licence,PUT
20PUU,Available,Amateur Intermediate Radio Licence,PUU
20PUV,Available,Amateur Intermediate Radio Licence,PUV
20PUW,Available,Amateur Intermediate Radio Licence,PUW
20PUY,Available,Amateur Intermediate Radio Licence,PUY
20PUZ,Available,Amateur Intermediate Radio Licence,PUZ
20PVA,Available,Amateur Intermediate Radio Licence,PVA
20PVB,Available,Amateur Intermediate Radio Licence,PVB
20PVD,Available,Amateur Intermediate Radio Licence,PVD
20PVE,Available,Amateur Intermediate Radio Licence,PVE
20PVF,Available,Amateur Intermediate Radio Licence,PVF
20PVG,Available,Amateur Intermediate Radio Licence,PVG
20PVH,Available,Amateur Intermediate Radio Licence,PVH
20PVI,Available,Amateur Intermediate Radio Licence,PVI
20PVJ,Available,Amateur Intermediate Radio Licence,PVJ
20PVK,Available,Amateur Intermediate Radio Licence,PVK
20PVL,Available,Amateur Intermediate Radio Licence,PVL
20PVM,Available,Amateur Intermediate Radio Licence,PVM
20PVP,Available,Amateur Intermediate Radio Licence,PVP
20PVR,Available,Amateur Intermediate Radio Licence,PVR
20PVS,Available,Amateur Intermediate Radio Licence,PVS
20PVT,Available,Amateur Intermediate Radio Licence,PVT
20PVU,Available,Amateur Intermediate Radio Licence,PVU
20PVV,Available,Amateur Intermediate Radio Licence,PVV
20PVW,Available,Amateur Intermediate Radio Licence,PVW
20PVY,Available,Amateur Intermediate Radio Licence,PVY
20PVZ,Available,Amateur Intermediate Radio Licence,PVZ
20PWH,Available,Amateur Intermediate Radio Licence,PWH
20PWJ,Available,Amateur Intermediate Radio Licence,PWJ
20PWQ,Available,Amateur Intermediate Radio Licence,PWQ
20PWS,Available,Amateur Intermediate Radio Licence,PWS
20PWU,Available,Amateur Intermediate Radio Licence,PWU
20PWV,Available,Amateur Intermediate Radio Licence,PWV
20PWX,Available,Amateur Intermediate Radio Licence,PWX
20PWY,Available,Amateur Intermediate Radio Licence,PWY
20PWZ,Available,Amateur Intermediate Radio Licence,PWZ
20PXA,Available,Amateur Intermediate Radio Licence,PXA
20PXB,Available,Amateur Intermediate Radio Licence,PXB
20PXE,Available,Amateur Intermediate Radio Licence,PXE
20PXF,Available,Amateur Intermediate Radio Licence,PXF
20PXG,Available,Amateur Intermediate Radio Licence,PXG
20PXI,Available,Amateur Intermediate Radio Licence,PXI
20PXJ,Available,Amateur Intermediate Radio Licence,PXJ
20PXK,Available,Amateur Intermediate Radio Licence,PXK
20PXL,Available,Amateur Intermediate Radio Licence,PXL
20PXM,Available,Amateur Intermediate Radio Licence,PXM
20PXN,Available,Amateur Intermediate Radio Licence,PXN
20PXO,Available,Amateur Intermediate Radio Licence,PXO
20PXQ,Available,Amateur Intermediate Radio Licence,PXQ
20PXS,Available,Amateur Intermediate Radio Licence,PXS
20PXT,Available,Amateur Intermediate Radio Licence,PXT
20PXU,Available,Amateur Intermediate Radio Licence,PXU
20PXX,Available,Amateur Intermediate Radio Licence,PXX
20PYB,Available,Amateur Intermediate Radio Licence,PYB
20PYD,Available,Amateur Intermediate Radio Licence,PYD
20PYF,Available,Amateur Intermediate Radio Licence,PYF
20PYH,Available,Amateur Intermediate Radio Licence,PYH
20PYI,Available,Amateur Intermediate Radio Licence,PYI
20PYJ,Available,Amateur Intermediate Radio Licence,PYJ
20PYL,Available,Amateur Intermediate Radio Licence,PYL
20PYO,Available,Amateur Intermediate Radio Licence,PYO
20PYP,Available,Amateur Intermediate Radio Licence,PYP
20PYQ,Available,Amateur Intermediate Radio Licence,PYQ
20PYS,Available,Amateur Intermediate Radio Licence,PYS
20PYT,Available,Amateur Intermediate Radio Licence,PYT
20PYV,Available,Amateur Intermediate Radio Licence,PYV
20PYW,Available,Amateur Intermediate Radio Licence,PYW
20PYX,Available,Amateur Intermediate Radio Licence,PYX
20PYY,Available,Amateur Intermediate Radio Licence,PYY
20PYZ,Available,Amateur Intermediate Radio Licence,PYZ
20PZA,Available,Amateur Intermediate Radio Licence,PZA
20PZB,Available,Amateur Intermediate Radio Licence,PZB
20PZC,Available,Amateur Intermediate Radio Licence,PZC
20PZD,Available,Amateur Intermediate Radio Licence,PZD
20PZE,Available,Amateur Intermediate Radio Licence,PZE
20PZF,Available,Amateur Intermediate Radio Licence,PZF
20PZG,Available,Amateur Intermediate Radio Licence,PZG
20PZH,Available,Amateur Intermediate Radio Licence,PZH
20PZI,Available,Amateur Intermediate Radio Licence,PZI
20PZJ,Available,Amateur Intermediate Radio Licence,PZJ
20PZL,Available,Amateur Intermediate Radio Licence,PZL
20PZM,Available,Amateur Intermediate Radio Licence,PZM
20PZN,Available,Amateur Intermediate Radio Licence,PZN
20PZO,Available,Amateur Intermediate Radio Licence,PZO
20PZQ,Available,Amateur Intermediate Radio Licence,PZQ
20PZR,Available,Amateur Intermediate Radio Licence,PZR
20PZS,Available,Amateur Intermediate Radio Licence,PZS
20PZU,Available,Amateur Intermediate Radio Licence,PZU
20PZV,Available,Amateur Intermediate Radio Licence,PZV
20PZX,Available,Amateur Intermediate Radio Licence,PZX
20PZZ,Available,Amateur Intermediate Radio Licence,PZZ
20REI,Available,Amateur Intermediate Radio Licence,REI
20REN,Available,Amateur Intermediate Radio Licence,REN
20REQ,Available,Amateur Intermediate Radio Licence,REQ
20REU,Available,Amateur Intermediate Radio Licence,REU
20REZ,Available,Amateur Intermediate Radio Licence,REZ
20RFF,Available,Amateur Intermediate Radio Licence,RFF
20RFJ,Available,Amateur Intermediate Radio Licence,RFJ
20RFL,Available,Amateur Intermediate Radio Licence,RFL
20RFN,Available,Amateur Intermediate Radio Licence,RFN
20RFO,Available,Amateur Intermediate Radio Licence,RFO
20RFP,Available,Amateur Intermediate Radio Licence,RFP
20RFR,Available,Amateur Intermediate Radio Licence,RFR
20RFW,Available,Amateur Intermediate Radio Licence,RFW
20RFY,Available,Amateur Intermediate Radio Licence,RFY
20RGF,Available,Amateur Intermediate Radio Licence,RGF
20RGI,Available,Amateur Intermediate Radio Licence,RGI
20RGQ,Available,Amateur Intermediate Radio Licence,RGQ
20RGU,Available,Amateur Intermediate Radio Licence,RGU
20RGV,Available,Amateur Intermediate Radio Licence,RGV
20RGX,Available,Amateur Intermediate Radio Licence,RGX
20RGZ,Available,Amateur Intermediate Radio Licence,RGZ
20RHA,Available,Amateur Intermediate Radio Licence,RHA
20RHG,Available,Amateur Intermediate Radio Licence,RHG
20RHJ,Available,Amateur Intermediate Radio Licence,RHJ
20RHK,Available,Amateur Intermediate Radio Licence,RHK
20RHO,Available,Amateur Intermediate Radio Licence,RHO
20RHP,Available,Amateur Intermediate Radio Licence,RHP
20RHU,Available,Amateur Intermediate Radio Licence,RHU
20RHW,Available,Amateur Intermediate Radio Licence,RHW
20RHY,Available,Amateur Intermediate Radio Licence,RHY
20RIE,Available,Amateur Intermediate Radio Licence,RIE
20RIF,Available,Amateur Intermediate Radio Licence,RIF
20RII,Available,Amateur Intermediate Radio Licence,RII
20RIJ,Available,Amateur Intermediate Radio Licence,RIJ
20RIL,Available,Amateur Intermediate Radio Licence,RIL
20RIQ,Available,Amateur Intermediate Radio Licence,RIQ
20RIT,Available,Amateur Intermediate Radio Licence,RIT
20RIU,Available,Amateur Intermediate Radio Licence,RIU
20RIV,Available,Amateur Intermediate Radio Licence,RIV
20RIY,Available,Amateur Intermediate Radio Licence,RIY
20RJJ,Available,Amateur Intermediate Radio Licence,RJJ
20RJK,Available,Amateur Intermediate Radio Licence,RJK
20RJQ,Available,Amateur Intermediate Radio Licence,RJQ
20RJY,Available,Amateur Intermediate Radio Licence,RJY
20RKC,Available,Amateur Intermediate Radio Licence,RKC
20RKD,Available,Amateur Intermediate Radio Licence,RKD
20RKE,Available,Amateur Intermediate Radio Licence,RKE
20RKF,Available,Amateur Intermediate Radio Licence,RKF
20RKG,Available,Amateur Intermediate Radio Licence,RKG
20RKH,Available,Amateur Intermediate Radio Licence,RKH
20RKI,Available,Amateur Intermediate Radio Licence,RKI
20RKJ,Available,Amateur Intermediate Radio Licence,RKJ
20RKM,Available,Amateur Intermediate Radio Licence,RKM
20RKN,Available,Amateur Intermediate Radio Licence,RKN
20RKP,Available,Amateur Intermediate Radio Licence,RKP
20RKQ,Available,Amateur Intermediate Radio Licence,RKQ
20RKT,Available,Amateur Intermediate Radio Licence,RKT
20RKU,Available,Amateur Intermediate Radio Licence,RKU
20RKV,Available,Amateur Intermediate Radio Licence,RKV
20RKW,Available,Amateur Intermediate Radio Licence,RKW
20RKZ,Available,Amateur Intermediate Radio Licence,RKZ
20RLB,Available,Amateur Intermediate Radio Licence,RLB
20RLE,Available,Amateur Intermediate Radio Licence,RLE
20RLF,Available,Amateur Intermediate Radio Licence,RLF
20RLH,Available,Amateur Intermediate Radio Licence,RLH
20RLN,Available,Amateur Intermediate Radio Licence,RLN
20RLP,Available,Amateur Intermediate Radio Licence,RLP
20RLQ,Available,Amateur Intermediate Radio Licence,RLQ
20RLR,Available,Amateur Intermediate Radio Licence,RLR
20RLT,Available,Amateur Intermediate Radio Licence,RLT
20RLU,Available,Amateur Intermediate Radio Licence,RLU
20RLV,Available,Amateur Intermediate Radio Licence,RLV
20RLX,Available,Amateur Intermediate Radio Licence,RLX
20RLZ,Available,Amateur Intermediate Radio Licence,RLZ
20RME,Available,Amateur Intermediate Radio Licence,RME
20RMF,Available,Amateur Intermediate Radio Licence,RMF
20RMQ,Available,Amateur Intermediate Radio Licence,RMQ
20RMU,Available,Amateur Intermediate Radio Licence,RMU
20RMV,Available,Amateur Intermediate Radio Licence,RMV
20RMW,Available,Amateur Intermediate Radio Licence,RMW
20RMX,Available,Amateur Intermediate Radio Licence,RMX
20RMY,Available,Amateur Intermediate Radio Licence,RMY
20RNB,Available,Amateur Intermediate Radio Licence,RNB
20RNC,Available,Amateur Intermediate Radio Licence,RNC
20RNF,Available,Amateur Intermediate Radio Licence,RNF
20RNG,Available,Amateur Intermediate Radio Licence,RNG
20RNH,Available,Amateur Intermediate Radio Licence,RNH
20RNL,Available,Amateur Intermediate Radio Licence,RNL
20RNN,Available,Amateur Intermediate Radio Licence,RNN
20RNQ,Available,Amateur Intermediate Radio Licence,RNQ
20RNV,Available,Amateur Intermediate Radio Licence,RNV
20RNW,Available,Amateur Intermediate Radio Licence,RNW
20RNX,Available,Amateur Intermediate Radio Licence,RNX
20ROA,Available,Amateur Intermediate Radio Licence,ROA
20ROE,Available,Amateur Intermediate Radio Licence,ROE
20ROF,Available,Amateur Intermediate Radio Licence,ROF
20ROH,Available,Amateur Intermediate Radio Licence,ROH
20ROJ,Available,Amateur Intermediate Radio Licence,ROJ
20ROO,Available,Amateur Intermediate Radio Licence,ROO
20ROQ,Available,Amateur Intermediate Radio Licence,ROQ
20ROR,Available,Amateur Intermediate Radio Licence,ROR
20ROU,Available,Amateur Intermediate Radio Licence,ROU
20ROX,Available,Amateur Intermediate Radio Licence,ROX
20ROZ,Available,Amateur Intermediate Radio Licence,ROZ
20RPE,Available,Amateur Intermediate Radio Licence,RPE
20RPJ,Available,Amateur Intermediate Radio Licence,RPJ
20RPK,Available,Amateur Intermediate Radio Licence,RPK
20RPL,Available,Amateur Intermediate Radio Licence,RPL
20RPN,Available,Amateur Intermediate Radio Licence,RPN
20RPP,Available,Amateur Intermediate Radio Licence,RPP
20RPQ,Available,Amateur Intermediate Radio Licence,RPQ
20RPU,Available,Amateur Intermediate Radio Licence,RPU
20RPW,Available,Amateur Intermediate Radio Licence,RPW
20RPX,Available,Amateur Intermediate Radio Licence,RPX
20RPZ,Available,Amateur Intermediate Radio Licence,RPZ
20RQA,Available,Amateur Intermediate Radio Licence,RQA
20RQB,Available,Amateur Intermediate Radio Licence,RQB
20RQC,Available,Amateur Intermediate Radio Licence,RQC
20RQD,Available,Amateur Intermediate Radio Licence,RQD
20RQE,Available,Amateur Intermediate Radio Licence,RQE
20RQG,Available,Amateur Intermediate Radio Licence,RQG
20RQH,Available,Amateur Intermediate Radio Licence,RQH
20RQI,Available,Amateur Intermediate Radio Licence,RQI
20RQJ,Available,Amateur Intermediate Radio Licence,RQJ
20RQL,Available,Amateur Intermediate Radio Licence,RQL
20RQM,Available,Amateur Intermediate Radio Licence,RQM
20RQO,Available,Amateur Intermediate Radio Licence,RQO
20RQP,Available,Amateur Intermediate Radio Licence,RQP
20RQQ,Available,Amateur Intermediate Radio Licence,RQQ
20RQR,Available,Amateur Intermediate Radio Licence,RQR
20RQS,Available,Amateur Intermediate Radio Licence,RQS
20RQT,Available,Amateur Intermediate Radio Licence,RQT
20RQU,Available,Amateur Intermediate Radio Licence,RQU
20RQV,Available,Amateur Intermediate Radio Licence,RQV
20RQW,Available,Amateur Intermediate Radio Licence,RQW
20RQX,Available,Amateur Intermediate Radio Licence,RQX
20RQY,Available,Amateur Intermediate Radio Licence,RQY
20RQZ,Available,Amateur Intermediate Radio Licence,RQZ
20RRA,Available,Amateur Intermediate Radio Licence,RRA
20RRB,Available,Amateur Intermediate Radio Licence,RRB
20RRD,Available,Amateur Intermediate Radio Licence,RRD
20RRF,Available,Amateur Intermediate Radio Licence,RRF
20RRI,Available,Amateur Intermediate Radio Licence,RRI
20RRJ,Available,Amateur Intermediate Radio Licence,RRJ
20RRL,Available,Amateur Intermediate Radio Licence,RRL
20RRM,Available,Amateur Intermediate Radio Licence,RRM
20RRN,Available,Amateur Intermediate Radio Licence,RRN
20RRP,Available,Amateur Intermediate Radio Licence,RRP
20RRQ,Available,Amateur Intermediate Radio Licence,RRQ
20RRT,Available,Amateur Intermediate Radio Licence,RRT
20RRU,Available,Amateur Intermediate Radio Licence,RRU
20RRW,Available,Amateur Intermediate Radio Licence,RRW
20RRX,Available,Amateur Intermediate Radio Licence,RRX
20RRZ,Available,Amateur Intermediate Radio Licence,RRZ
20RSC,Available,Amateur Intermediate Radio Licence,RSC
20RSK,Available,Amateur Intermediate Radio Licence,RSK
20RSL,Available,Amateur Intermediate Radio Licence,RSL
20RSP,Available,Amateur Intermediate Radio Licence,RSP
20RSR,Available,Amateur Intermediate Radio Licence,RSR
20RSU,Available,Amateur Intermediate Radio Licence,RSU
20RSX,Available,Amateur Intermediate Radio Licence,RSX
20RSY,Available,Amateur Intermediate Radio Licence,RSY
20RSZ,Available,Amateur Intermediate Radio Licence,RSZ
20RTA,Available,Amateur Intermediate Radio Licence,RTA
20RTG,Available,Amateur Intermediate Radio Licence,RTG
20RTH,Available,Amateur Intermediate Radio Licence,RTH
20RTI,Available,Amateur Intermediate Radio Licence,RTI
20RTK,Available,Amateur Intermediate Radio Licence,RTK
20RTU,Available,Amateur Intermediate Radio Licence,RTU
20RTV,Available,Amateur Intermediate Radio Licence,RTV
20RTX,Available,Amateur Intermediate Radio Licence,RTX
20RUA,Available,Amateur Intermediate Radio Licence,RUA
20RUB,Available,Amateur Intermediate Radio Licence,RUB
20RUE,Available,Amateur Intermediate Radio Licence,RUE
20RUF,Available,Amateur Intermediate Radio Licence,RUF
20RUG,Available,Amateur Intermediate Radio Licence,RUG
20RUJ,Available,Amateur Intermediate Radio Licence,RUJ
20RUL,Available,Amateur Intermediate Radio Licence,RUL
20RUO,Available,Amateur Intermediate Radio Licence,RUO
20RUQ,Available,Amateur Intermediate Radio Licence,RUQ
20RUR,Available,Amateur Intermediate Radio Licence,RUR
20RUT,Available,Amateur Intermediate Radio Licence,RUT
20RUU,Available,Amateur Intermediate Radio Licence,RUU
20RUV,Available,Amateur Intermediate Radio Licence,RUV
20RUW,Available,Amateur Intermediate Radio Licence,RUW
20RUX,Available,Amateur Intermediate Radio Licence,RUX
20RUY,Available,Amateur Intermediate Radio Licence,RUY
20RVA,Available,Amateur Intermediate Radio Licence,RVA
20RVB,Available,Amateur Intermediate Radio Licence,RVB
20RVC,Available,Amateur Intermediate Radio Licence,RVC
20RVD,Available,Amateur Intermediate Radio Licence,RVD
20RVE,Available,Amateur Intermediate Radio Licence,RVE
20RVG,Available,Amateur Intermediate Radio Licence,RVG
20RVJ,Available,Amateur Intermediate Radio Licence,RVJ
20RVK,Available,Amateur Intermediate Radio Licence,RVK
20RVL,Available,Amateur Intermediate Radio Licence,RVL
20RVM,Available,Amateur Intermediate Radio Licence,RVM
20RVN,Available,Amateur Intermediate Radio Licence,RVN
20RVP,Available,Amateur Intermediate Radio Licence,RVP
20RVQ,Available,Amateur Intermediate Radio Licence,RVQ
20RVS,Available,Amateur Intermediate Radio Licence,RVS
20RVU,Available,Amateur Intermediate Radio Licence,RVU
20RVW,Available,Amateur Intermediate Radio Licence,RVW
20RVX,Available,Amateur Intermediate Radio Licence,RVX
20RVZ,Available,Amateur Intermediate Radio Licence,RVZ
20RWC,Available,Amateur Intermediate Radio Licence,RWC
20RWE,Available,Amateur Intermediate Radio Licence,RWE
20RWI,Available,Amateur Intermediate Radio Licence,RWI
20RWJ,Available,Amateur Intermediate Radio Licence,RWJ
20RWK,Available,Amateur Intermediate Radio Licence,RWK
20RWO,Available,Amateur Intermediate Radio Licence,RWO
20RWQ,Available,Amateur Intermediate Radio Licence,RWQ
20RWR,Available,Amateur Intermediate Radio Licence,RWR
20RWU,Available,Amateur Intermediate Radio Licence,RWU
20RWV,Available,Amateur Intermediate Radio Licence,RWV
20RWW,Available,Amateur Intermediate Radio Licence,RWW
20RWY,Available,Amateur Intermediate Radio Licence,RWY
20RWZ,Available,Amateur Intermediate Radio Licence,RWZ
20RXA,Available,Amateur Intermediate Radio Licence,RXA
20RXC,Available,Amateur Intermediate Radio Licence,RXC
20RXD,Available,Amateur Intermediate Radio Licence,RXD
20RXE,Available,Amateur Intermediate Radio Licence,RXE
20RXF,Available,Amateur Intermediate Radio Licence,RXF
20RXG,Available,Amateur Intermediate Radio Licence,RXG
20RXH,Available,Amateur Intermediate Radio Licence,RXH
20RXI,Available,Amateur Intermediate Radio Licence,RXI
20RXJ,Available,Amateur Intermediate Radio Licence,RXJ
20RXK,Available,Amateur Intermediate Radio Licence,RXK
20RXL,Available,Amateur Intermediate Radio Licence,RXL
20RXO,Available,Amateur Intermediate Radio Licence,RXO
20RXP,Available,Amateur Intermediate Radio Licence,RXP
20RXQ,Available,Amateur Intermediate Radio Licence,RXQ
20RXT,Available,Amateur Intermediate Radio Licence,RXT
20RXU,Available,Amateur Intermediate Radio Licence,RXU
20RXV,Available,Amateur Intermediate Radio Licence,RXV
20RYA,Available,Amateur Intermediate Radio Licence,RYA
20RYC,Available,Amateur Intermediate Radio Licence,RYC
20RYD,Available,Amateur Intermediate Radio Licence,RYD
20RYE,Available,Amateur Intermediate Radio Licence,RYE
20RYF,Available,Amateur Intermediate Radio Licence,RYF
20RYG,Available,Amateur Intermediate Radio Licence,RYG
20RYH,Available,Amateur Intermediate Radio Licence,RYH
20RYI,Available,Amateur Intermediate Radio Licence,RYI
20RYJ,Available,Amateur Intermediate Radio Licence,RYJ
20RYK,Available,Amateur Intermediate Radio Licence,RYK
20RYM,Available,Amateur Intermediate Radio Licence,RYM
20RYO,Available,Amateur Intermediate Radio Licence,RYO
20RYQ,Available,Amateur Intermediate Radio Licence,RYQ
20RYR,Available,Amateur Intermediate Radio Licence,RYR
20RYT,Available,Amateur Intermediate Radio Licence,RYT
20RYU,Available,Amateur Intermediate Radio Licence,RYU
20RYV,Available,Amateur Intermediate Radio Licence,RYV
20RYY,Available,Amateur Intermediate Radio Licence,RYY
20RZA,Available,Amateur Intermediate Radio Licence,RZA
20RZB,Available,Amateur Intermediate Radio Licence,RZB
20RZC,Available,Amateur Intermediate Radio Licence,RZC
20RZF,Available,Amateur Intermediate Radio Licence,RZF
20RZG,Available,Amateur Intermediate Radio Licence,RZG
20RZI,Available,Amateur Intermediate Radio Licence,RZI
20RZJ,Available,Amateur Intermediate Radio Licence,RZJ
20RZN,Available,Amateur Intermediate Radio Licence,RZN
20RZO,Available,Amateur Intermediate Radio Licence,RZO
20RZP,Available,Amateur Intermediate Radio Licence,RZP
20RZQ,Available,Amateur Intermediate Radio Licence,RZQ
20RZS,Available,Amateur Intermediate Radio Licence,RZS
20RZU,Available,Amateur Intermediate Radio Licence,RZU
20RZV,Available,Amateur Intermediate Radio Licence,RZV
20RZW,Available,Amateur Intermediate Radio Licence,RZW
20RZY,Available,Amateur Intermediate Radio Licence,RZY
20SEO,Available,Amateur Intermediate Radio Licence,SEO
20SER,Available,Amateur Intermediate Radio Licence,SER
20SES,Available,Amateur Intermediate Radio Licence,SES
20SET,Available,Amateur Intermediate Radio Licence,SET
20SEU,Available,Amateur Intermediate Radio Licence,SEU
20SEV,Available,Amateur Intermediate Radio Licence,SEV
20SFE,Available,Amateur Intermediate Radio Licence,SFE
20SFF,Available,Amateur Intermediate Radio Licence,SFF
20SFH,Available,Amateur Intermediate Radio Licence,SFH
20SFI,Available,Amateur Intermediate Radio Licence,SFI
20SFJ,Available,Amateur Intermediate Radio Licence,SFJ
20SFK,Available,Amateur Intermediate Radio Licence,SFK
20SFL,Available,Amateur Intermediate Radio Licence,SFL
20SFN,Available,Amateur Intermediate Radio Licence,SFN
20SFP,Available,Amateur Intermediate Radio Licence,SFP
20SFQ,Available,Amateur Intermediate Radio Licence,SFQ
20SFR,Available,Amateur Intermediate Radio Licence,SFR
20SFS,Available,Amateur Intermediate Radio Licence,SFS
20SFV,Available,Amateur Intermediate Radio Licence,SFV
20SFW,Available,Amateur Intermediate Radio Licence,SFW
20SFY,Available,Amateur Intermediate Radio Licence,SFY
20SFZ,Available,Amateur Intermediate Radio Licence,SFZ
20SGA,Available,Amateur Intermediate Radio Licence,SGA
20SGJ,Available,Amateur Intermediate Radio Licence,SGJ
20SGK,Available,Amateur Intermediate Radio Licence,SGK
20SGL,Available,Amateur Intermediate Radio Licence,SGL
20SGN,Available,Amateur Intermediate Radio Licence,SGN
20SGO,Available,Amateur Intermediate Radio Licence,SGO
20SGS,Available,Amateur Intermediate Radio Licence,SGS
20SGV,Available,Amateur Intermediate Radio Licence,SGV
20SGW,Available,Amateur Intermediate Radio Licence,SGW
20SHC,Available,Amateur Intermediate Radio Licence,SHC
20SHD,Available,Amateur Intermediate Radio Licence,SHD
20SHH,Available,Amateur Intermediate Radio Licence,SHH
20SHJ,Available,Amateur Intermediate Radio Licence,SHJ
20SHK,Available,Amateur Intermediate Radio Licence,SHK
20SHN,Available,Amateur Intermediate Radio Licence,SHN
20SHO,Available,Amateur Intermediate Radio Licence,SHO
20SHQ,Available,Amateur Intermediate Radio Licence,SHQ
20SHR,Available,Amateur Intermediate Radio Licence,SHR
20SHS,Available,Amateur Intermediate Radio Licence,SHS
20SHT,Available,Amateur Intermediate Radio Licence,SHT
20SHU,Available,Amateur Intermediate Radio Licence,SHU
20SHX,Available,Amateur Intermediate Radio Licence,SHX
20SHZ,Available,Amateur Intermediate Radio Licence,SHZ
20SIF,Available,Amateur Intermediate Radio Licence,SIF
20SIH,Available,Amateur Intermediate Radio Licence,SIH
20SII,Available,Amateur Intermediate Radio Licence,SII
20SIJ,Available,Amateur Intermediate Radio Licence,SIJ
20SIK,Available,Amateur Intermediate Radio Licence,SIK
20SIO,Available,Amateur Intermediate Radio Licence,SIO
20SIP,Available,Amateur Intermediate Radio Licence,SIP
20SIQ,Available,Amateur Intermediate Radio Licence,SIQ
20SIU,Available,Amateur Intermediate Radio Licence,SIU
20SIV,Available,Amateur Intermediate Radio Licence,SIV
20SIW,Available,Amateur Intermediate Radio Licence,SIW
20SIZ,Available,Amateur Intermediate Radio Licence,SIZ
20SJE,Available,Amateur Intermediate Radio Licence,SJE
20SJJ,Available,Amateur Intermediate Radio Licence,SJJ
20SJO,Available,Amateur Intermediate Radio Licence,SJO
20SJU,Available,Amateur Intermediate Radio Licence,SJU
20SJV,Available,Amateur Intermediate Radio Licence,SJV
20SJX,Available,Amateur Intermediate Radio Licence,SJX
20SJZ,Available,Amateur Intermediate Radio Licence,SJZ
20SKE,Available,Amateur Intermediate Radio Licence,SKE
20SKH,Available,Amateur Intermediate Radio Licence,SKH
20SKN,Available,Amateur Intermediate Radio Licence,SKN
20SKO,Available,Amateur Intermediate Radio Licence,SKO
20SKP,Available,Amateur Intermediate Radio Licence,SKP
20SKQ,Available,Amateur Intermediate Radio Licence,SKQ
20SKR,Available,Amateur Intermediate Radio Licence,SKR
20SKU,Available,Amateur Intermediate Radio Licence,SKU
20SKV,Available,Amateur Intermediate Radio Licence,SKV
20SLG,Available,Amateur Intermediate Radio Licence,SLG
20SLI,Available,Amateur Intermediate Radio Licence,SLI
20SLL,Available,Amateur Intermediate Radio Licence,SLL
20SLO,Available,Amateur Intermediate Radio Licence,SLO
20SLQ,Available,Amateur Intermediate Radio Licence,SLQ
20SLU,Available,Amateur Intermediate Radio Licence,SLU
20SLV,Available,Amateur Intermediate Radio Licence,SLV
20SLX,Available,Amateur Intermediate Radio Licence,SLX
20SLZ,Available,Amateur Intermediate Radio Licence,SLZ
20SMQ,Available,Amateur Intermediate Radio Licence,SMQ
20SMR,Available,Amateur Intermediate Radio Licence,SMR
20SMV,Available,Amateur Intermediate Radio Licence,SMV
20SNB,Available,Amateur Intermediate Radio Licence,SNB
20SNC,Available,Amateur Intermediate Radio Licence,SNC
20SNF,Available,Amateur Intermediate Radio Licence,SNF
20SNI,Available,Amateur Intermediate Radio Licence,SNI
20SNK,Available,Amateur Intermediate Radio Licence,SNK
20SNL,Available,Amateur Intermediate Radio Licence,SNL
20SNN,Available,Amateur Intermediate Radio Licence,SNN
20SNQ,Available,Amateur Intermediate Radio Licence,SNQ
20SNS,Available,Amateur Intermediate Radio Licence,SNS
20SNT,Available,Amateur Intermediate Radio Licence,SNT
20SNV,Available,Amateur Intermediate Radio Licence,SNV
20SNY,Available,Amateur Intermediate Radio Licence,SNY
20SNZ,Available,Amateur Intermediate Radio Licence,SNZ
20SOC,Available,Amateur Intermediate Radio Licence,SOC
20SOG,Available,Amateur Intermediate Radio Licence,SOG
20SOH,Available,Amateur Intermediate Radio Licence,SOH
20SOJ,Available,Amateur Intermediate Radio Licence,SOJ
20SOK,Available,Amateur Intermediate Radio Licence,SOK
20SOM,Available,Amateur Intermediate Radio Licence,SOM
20SOO,Available,Amateur Intermediate Radio Licence,SOO
20SOQ,Available,Amateur Intermediate Radio Licence,SOQ
20SOR,Available,Amateur Intermediate Radio Licence,SOR
20SOU,Available,Amateur Intermediate Radio Licence,SOU
20SOV,Available,Amateur Intermediate Radio Licence,SOV
20SOY,Available,Amateur Intermediate Radio Licence,SOY
20SPE,Available,Amateur Intermediate Radio Licence,SPE
20SPJ,Available,Amateur Intermediate Radio Licence,SPJ
20SPO,Available,Amateur Intermediate Radio Licence,SPO
20SPP,Available,Amateur Intermediate Radio Licence,SPP
20SPQ,Available,Amateur Intermediate Radio Licence,SPQ
20SPS,Available,Amateur Intermediate Radio Licence,SPS
20SPV,Available,Amateur Intermediate Radio Licence,SPV
20SQA,Available,Amateur Intermediate Radio Licence,SQA
20SQB,Available,Amateur Intermediate Radio Licence,SQB
20SQC,Available,Amateur Intermediate Radio Licence,SQC
20SQD,Available,Amateur Intermediate Radio Licence,SQD
20SQE,Available,Amateur Intermediate Radio Licence,SQE
20SQF,Available,Amateur Intermediate Radio Licence,SQF
20SQG,Available,Amateur Intermediate Radio Licence,SQG
20SQH,Available,Amateur Intermediate Radio Licence,SQH
20SQI,Available,Amateur Intermediate Radio Licence,SQI
20SQJ,Available,Amateur Intermediate Radio Licence,SQJ
20SQN,Available,Amateur Intermediate Radio Licence,SQN
20SQO,Available,Amateur Intermediate Radio Licence,SQO
20SQP,Available,Amateur Intermediate Radio Licence,SQP
20SQQ,Available,Amateur Intermediate Radio Licence,SQQ
20SQR,Available,Amateur Intermediate Radio Licence,SQR
20SQS,Available,Amateur Intermediate Radio Licence,SQS
20SQT,Available,Amateur Intermediate Radio Licence,SQT
20SQU,Available,Amateur Intermediate Radio Licence,SQU
20SQV,Available,Amateur Intermediate Radio Licence,SQV
20SQW,Available,Amateur Intermediate Radio Licence,SQW
20SQX,Available,Amateur Intermediate Radio Licence,SQX
20SQY,Available,Amateur Intermediate Radio Licence,SQY
20SQZ,Available,Amateur Intermediate Radio Licence,SQZ
20SRD,Available,Amateur Intermediate Radio Licence,SRD
20SRH,Available,Amateur Intermediate Radio Licence,SRH
20SRN,Available,Amateur Intermediate Radio Licence,SRN
20SRO,Available,Amateur Intermediate Radio Licence,SRO
20SRQ,Available,Amateur Intermediate Radio Licence,SRQ
20SRT,Available,Amateur Intermediate Radio Licence,SRT
20SRU,Available,Amateur Intermediate Radio Licence,SRU
20SRZ,Available,Amateur Intermediate Radio Licence,SRZ
20SSE,Available,Amateur Intermediate Radio Licence,SSE
20SSF,Available,Amateur Intermediate Radio Licence,SSF
20SSI,Available,Amateur Intermediate Radio Licence,SSI
20SSM,Available,Amateur Intermediate Radio Licence,SSM
20SSP,Available,Amateur Intermediate Radio Licence,SSP
20SSR,Available,Amateur Intermediate Radio Licence,SSR
20SSU,Available,Amateur Intermediate Radio Licence,SSU
20SSV,Available,Amateur Intermediate Radio Licence,SSV
20SSZ,Available,Amateur Intermediate Radio Licence,SSZ
20STD,Available,Amateur Intermediate Radio Licence,STD
20STH,Available,Amateur Intermediate Radio Licence,STH
20STK,Available,Amateur Intermediate Radio Licence,STK
20STO,Available,Amateur Intermediate Radio Licence,STO
20SUA,Available,Amateur Intermediate Radio Licence,SUA
20SUC,Available,Amateur Intermediate Radio Licence,SUC
20SUG,Available,Amateur Intermediate Radio Licence,SUG
20SUH,Available,Amateur Intermediate Radio Licence,SUH
20SUI,Available,Amateur Intermediate Radio Licence,SUI
20SUK,Available,Amateur Intermediate Radio Licence,SUK
20SUO,Available,Amateur Intermediate Radio Licence,SUO
20SUP,Available,Amateur Intermediate Radio Licence,SUP
20SUQ,Available,Amateur Intermediate Radio Licence,SUQ
20SUV,Available,Amateur Intermediate Radio Licence,SUV
20SUW,Available,Amateur Intermediate Radio Licence,SUW
20SUY,Available,Amateur Intermediate Radio Licence,SUY
20SVA,Available,Amateur Intermediate Radio Licence,SVA
20SVB,Available,Amateur Intermediate Radio Licence,SVB
20SVC,Available,Amateur Intermediate Radio Licence,SVC
20SVE,Available,Amateur Intermediate Radio Licence,SVE
20SVF,Available,Amateur Intermediate Radio Licence,SVF
20SVH,Available,Amateur Intermediate Radio Licence,SVH
20SVI,Available,Amateur Intermediate Radio Licence,SVI
20SVJ,Available,Amateur Intermediate Radio Licence,SVJ
20SVL,Available,Amateur Intermediate Radio Licence,SVL
20SVM,Available,Amateur Intermediate Radio Licence,SVM
20SVN,Available,Amateur Intermediate Radio Licence,SVN
20SVO,Available,Amateur Intermediate Radio Licence,SVO
20SVP,Available,Amateur Intermediate Radio Licence,SVP
20SVQ,Available,Amateur Intermediate Radio Licence,SVQ
20SVU,Available,Amateur Intermediate Radio Licence,SVU
20SVX,Available,Amateur Intermediate Radio Licence,SVX
20SWC,Available,Amateur Intermediate Radio Licence,SWC
20SWD,Available,Amateur Intermediate Radio Licence,SWD
20SWH,Available,Amateur Intermediate Radio Licence,SWH
20SWI,Available,Amateur Intermediate Radio Licence,SWI
20SWJ,Available,Amateur Intermediate Radio Licence,SWJ
20SWK,Available,Amateur Intermediate Radio Licence,SWK
20SWN,Available,Amateur Intermediate Radio Licence,SWN
20SWP,Available,Amateur Intermediate Radio Licence,SWP
20SWQ,Available,Amateur Intermediate Radio Licence,SWQ
20SWU,Available,Amateur Intermediate Radio Licence,SWU
20SWV,Available,Amateur Intermediate Radio Licence,SWV
20SWY,Available,Amateur Intermediate Radio Licence,SWY
20SXA,Available,Amateur Intermediate Radio Licence,SXA
20SXE,Available,Amateur Intermediate Radio Licence,SXE
20SXH,Available,Amateur Intermediate Radio Licence,SXH
20SXI,Available,Amateur Intermediate Radio Licence,SXI
20SXK,Available,Amateur Intermediate Radio Licence,SXK
20SXQ,Available,Amateur Intermediate Radio Licence,SXQ
20SXS,Available,Amateur Intermediate Radio Licence,SXS
20SXU,Available,Amateur Intermediate Radio Licence,SXU
20SXV,Available,Amateur Intermediate Radio Licence,SXV
20SXW,Available,Amateur Intermediate Radio Licence,SXW
20SXX,Available,Amateur Intermediate Radio Licence,SXX
20SXZ,Available,Amateur Intermediate Radio Licence,SXZ
20SYA,Available,Amateur Intermediate Radio Licence,SYA
20SYB,Available,Amateur Intermediate Radio Licence,SYB
20SYC,Available,Amateur Intermediate Radio Licence,SYC
20SYF,Available,Amateur Intermediate Radio Licence,SYF
20SYG,Available,Amateur Intermediate Radio Licence,SYG
20SYH,Available,Amateur Intermediate Radio Licence,SYH
20SYI,Available,Amateur Intermediate Radio Licence,SYI
20SYJ,Available,Amateur Intermediate Radio Licence,SYJ
20SYK,Available,Amateur Intermediate Radio Licence,SYK
20SYO,Available,Amateur Intermediate Radio Licence,SYO
20SYP,Available,Amateur Intermediate Radio Licence,SYP
20SYQ,Available,Amateur Intermediate Radio Licence,SYQ
20SYT,Available,Amateur Intermediate Radio Licence,SYT
20SYU,Available,Amateur Intermediate Radio Licence,SYU
20SYV,Available,Amateur Intermediate Radio Licence,SYV
20SYX,Available,Amateur Intermediate Radio Licence,SYX
20SYZ,Available,Amateur Intermediate Radio Licence,SYZ
20SZA,Available,Amateur Intermediate Radio Licence,SZA
20SZB,Available,Amateur Intermediate Radio Licence,SZB
20SZC,Available,Amateur Intermediate Radio Licence,SZC
20SZD,Available,Amateur Intermediate Radio Licence,SZD
20SZF,Available,Amateur Intermediate Radio Licence,SZF
20SZG,Available,Amateur Intermediate Radio Licence,SZG
20SZJ,Available,Amateur Intermediate Radio Licence,SZJ
20SZK,Available,Amateur Intermediate Radio Licence,SZK
20SZL,Available,Amateur Intermediate Radio Licence,SZL
20SZM,Available,Amateur Intermediate Radio Licence,SZM
20SZO,Available,Amateur Intermediate Radio Licence,SZO
20SZP,Available,Amateur Intermediate Radio Licence,SZP
20SZQ,Available,Amateur Intermediate Radio Licence,SZQ
20SZR,Available,Amateur Intermediate Radio Licence,SZR
20SZS,Available,Amateur Intermediate Radio Licence,SZS
20SZT,Available,Amateur Intermediate Radio Licence,SZT
20SZU,Available,Amateur Intermediate Radio Licence,SZU
20SZV,Available,Amateur Intermediate Radio Licence,SZV
20SZW,Available,Amateur Intermediate Radio Licence,SZW
20SZX,Available,Amateur Intermediate Radio Licence,SZX
20SZZ,Available,Amateur Intermediate Radio Licence,SZZ
20TDJ,Available,Amateur Intermediate Radio Licence,TDJ
20TDK,Available,Amateur Intermediate Radio Licence,TDK
20TDN,Available,Amateur Intermediate Radio Licence,TDN
20TDR,Available,Amateur Intermediate Radio Licence,TDR
20TDT,Available,Amateur Intermediate Radio Licence,TDT
20TDV,Available,Amateur Intermediate Radio Licence,TDV
20TDW,Available,Amateur Intermediate Radio Licence,TDW
20TEJ,Available,Amateur Intermediate Radio Licence,TEJ
20TEO,Available,Amateur Intermediate Radio Licence,TEO
20TEP,Available,Amateur Intermediate Radio Licence,TEP
20TER,Available,Amateur Intermediate Radio Licence,TER
20TES,Available,Amateur Intermediate Radio Licence,TES
20TEU,Available,Amateur Intermediate Radio Licence,TEU
20TEX,Available,Amateur Intermediate Radio Licence,TEX
20TFA,Available,Amateur Intermediate Radio Licence,TFA
20TFB,Available,Amateur Intermediate Radio Licence,TFB
20TFD,Available,Amateur Intermediate Radio Licence,TFD
20TFF,Available,Amateur Intermediate Radio Licence,TFF
20TFG,Available,Amateur Intermediate Radio Licence,TFG
20TFJ,Available,Amateur Intermediate Radio Licence,TFJ
20TFK,Available,Amateur Intermediate Radio Licence,TFK
20TFM,Available,Amateur Intermediate Radio Licence,TFM
20TFN,Available,Amateur Intermediate Radio Licence,TFN
20TFP,Available,Amateur Intermediate Radio Licence,TFP
20TFS,Available,Amateur Intermediate Radio Licence,TFS
20TFV,Available,Amateur Intermediate Radio Licence,TFV
20TFW,Available,Amateur Intermediate Radio Licence,TFW
20TFY,Available,Amateur Intermediate Radio Licence,TFY
20TGA,Available,Amateur Intermediate Radio Licence,TGA
20TGI,Available,Amateur Intermediate Radio Licence,TGI
20TGJ,Available,Amateur Intermediate Radio Licence,TGJ
20TGK,Available,Amateur Intermediate Radio Licence,TGK
20TGM,Available,Amateur Intermediate Radio Licence,TGM
20TGN,Available,Amateur Intermediate Radio Licence,TGN
20TGO,Available,Amateur Intermediate Radio Licence,TGO
20TGP,Available,Amateur Intermediate Radio Licence,TGP
20TGR,Available,Amateur Intermediate Radio Licence,TGR
20TGU,Available,Amateur Intermediate Radio Licence,TGU
20TGX,Available,Amateur Intermediate Radio Licence,TGX
20TGY,Available,Amateur Intermediate Radio Licence,TGY
20TGZ,Available,Amateur Intermediate Radio Licence,TGZ
20THA,Available,Amateur Intermediate Radio Licence,THA
20THD,Available,Amateur Intermediate Radio Licence,THD
20THE,Available,Amateur Intermediate Radio Licence,THE
20THF,Available,Amateur Intermediate Radio Licence,THF
20THG,Available,Amateur Intermediate Radio Licence,THG
20THH,Available,Amateur Intermediate Radio Licence,THH
20THI,Available,Amateur Intermediate Radio Licence,THI
20THJ,Available,Amateur Intermediate Radio Licence,THJ
20THK,Available,Amateur Intermediate Radio Licence,THK
20THN,Available,Amateur Intermediate Radio Licence,THN
20THP,Available,Amateur Intermediate Radio Licence,THP
20THQ,Available,Amateur Intermediate Radio Licence,THQ
20THR,Available,Amateur Intermediate Radio Licence,THR
20THU,Available,Amateur Intermediate Radio Licence,THU
20THV,Available,Amateur Intermediate Radio Licence,THV
20THX,Available,Amateur Intermediate Radio Licence,THX
20TIB,Available,Amateur Intermediate Radio Licence,TIB
20TIC,Available,Amateur Intermediate Radio Licence,TIC
20TIE,Available,Amateur Intermediate Radio Licence,TIE
20TIH,Available,Amateur Intermediate Radio Licence,TIH
20TII,Available,Amateur Intermediate Radio Licence,TII
20TIJ,Available,Amateur Intermediate Radio Licence,TIJ
20TIK,Available,Amateur Intermediate Radio Licence,TIK
20TIL,Available,Amateur Intermediate Radio Licence,TIL
20TIO,Available,Amateur Intermediate Radio Licence,TIO
20TIQ,Available,Amateur Intermediate Radio Licence,TIQ
20TIR,Available,Amateur Intermediate Radio Licence,TIR
20TIS,Available,Amateur Intermediate Radio Licence,TIS
20TIW,Available,Amateur Intermediate Radio Licence,TIW
20TIY,Available,Amateur Intermediate Radio Licence,TIY
20TIZ,Available,Amateur Intermediate Radio Licence,TIZ
20TJD,Available,Amateur Intermediate Radio Licence,TJD
20TJJ,Available,Amateur Intermediate Radio Licence,TJJ
20TJL,Available,Amateur Intermediate Radio Licence,TJL
20TJN,Available,Amateur Intermediate Radio Licence,TJN
20TJO,Available,Amateur Intermediate Radio Licence,TJO
20TJQ,Available,Amateur Intermediate Radio Licence,TJQ
20TJV,Available,Amateur Intermediate Radio Licence,TJV
20TJY,Available,Amateur Intermediate Radio Licence,TJY
20TJZ,Available,Amateur Intermediate Radio Licence,TJZ
20TKD,Available,Amateur Intermediate Radio Licence,TKD
20TKG,Available,Amateur Intermediate Radio Licence,TKG
20TKH,Available,Amateur Intermediate Radio Licence,TKH
20TKJ,Available,Amateur Intermediate Radio Licence,TKJ
20TKK,Available,Amateur Intermediate Radio Licence,TKK
20TKL,Available,Amateur Intermediate Radio Licence,TKL
20TKM,Available,Amateur Intermediate Radio Licence,TKM
20TKO,Available,Amateur Intermediate Radio Licence,TKO
20TKP,Available,Amateur Intermediate Radio Licence,TKP
20TKQ,Available,Amateur Intermediate Radio Licence,TKQ
20TKT,Available,Amateur Intermediate Radio Licence,TKT
20TKU,Available,Amateur Intermediate Radio Licence,TKU
20TLD,Available,Amateur Intermediate Radio Licence,TLD
20TLF,Available,Amateur Intermediate Radio Licence,TLF
20TLH,Available,Amateur Intermediate Radio Licence,TLH
20TLI,Available,Amateur Intermediate Radio Licence,TLI
20TLJ,Available,Amateur Intermediate Radio Licence,TLJ
20TLL,Available,Amateur Intermediate Radio Licence,TLL
20TLN,Available,Amateur Intermediate Radio Licence,TLN
20TLO,Available,Amateur Intermediate Radio Licence,TLO
20TLP,Available,Amateur Intermediate Radio Licence,TLP
20TLQ,Available,Amateur Intermediate Radio Licence,TLQ
20TLS,Available,Amateur Intermediate Radio Licence,TLS
20TLU,Available,Amateur Intermediate Radio Licence,TLU
20TLV,Available,Amateur Intermediate Radio Licence,TLV
20TLW,Available,Amateur Intermediate Radio Licence,TLW
20TLZ,Available,Amateur Intermediate Radio Licence,TLZ
20TMQ,Available,Amateur Intermediate Radio Licence,TMQ
20TMR,Available,Amateur Intermediate Radio Licence,TMR
20TMS,Available,Amateur Intermediate Radio Licence,TMS
20TMT,Available,Amateur Intermediate Radio Licence,TMT
20TMU,Available,Amateur Intermediate Radio Licence,TMU
20TND,Available,Amateur Intermediate Radio Licence,TND
20TNF,Available,Amateur Intermediate Radio Licence,TNF
20TNH,Available,Amateur Intermediate Radio Licence,TNH
20TNI,Available,Amateur Intermediate Radio Licence,TNI
20TNJ,Available,Amateur Intermediate Radio Licence,TNJ
20TNL,Available,Amateur Intermediate Radio Licence,TNL
20TNM,Available,Amateur Intermediate Radio Licence,TNM
20TNN,Available,Amateur Intermediate Radio Licence,TNN
20TNO,Available,Amateur Intermediate Radio Licence,TNO
20TNP,Available,Amateur Intermediate Radio Licence,TNP
20TNQ,Available,Amateur Intermediate Radio Licence,TNQ
20TNS,Available,Amateur Intermediate Radio Licence,TNS
20TNU,Available,Amateur Intermediate Radio Licence,TNU
20TNW,Available,Amateur Intermediate Radio Licence,TNW
20TNX,Available,Amateur Intermediate Radio Licence,TNX
20TNZ,Available,Amateur Intermediate Radio Licence,TNZ
20TOC,Available,Amateur Intermediate Radio Licence,TOC
20TOI,Available,Amateur Intermediate Radio Licence,TOI
20TOJ,Available,Amateur Intermediate Radio Licence,TOJ
20TOQ,Available,Amateur Intermediate Radio Licence,TOQ
20TOU,Available,Amateur Intermediate Radio Licence,TOU
20TOV,Available,Amateur Intermediate Radio Licence,TOV
20TOZ,Available,Amateur Intermediate Radio Licence,TOZ
20TPB,Available,Amateur Intermediate Radio Licence,TPB
20TPE,Available,Amateur Intermediate Radio Licence,TPE
20TPF,Available,Amateur Intermediate Radio Licence,TPF
20TPI,Available,Amateur Intermediate Radio Licence,TPI
20TPK,Available,Amateur Intermediate Radio Licence,TPK
20TPL,Available,Amateur Intermediate Radio Licence,TPL
20TPQ,Available,Amateur Intermediate Radio Licence,TPQ
20TPR,Available,Amateur Intermediate Radio Licence,TPR
20TPT,Available,Amateur Intermediate Radio Licence,TPT
20TPU,Available,Amateur Intermediate Radio Licence,TPU
20TPV,Available,Amateur Intermediate Radio Licence,TPV
20TPY,Available,Amateur Intermediate Radio Licence,TPY
20TQA,Available,Amateur Intermediate Radio Licence,TQA
20TQC,Available,Amateur Intermediate Radio Licence,TQC
20TQD,Available,Amateur Intermediate Radio Licence,TQD
20TQE,Available,Amateur Intermediate Radio Licence,TQE
20TQG,Available,Amateur Intermediate Radio Licence,TQG
20TQH,Available,Amateur Intermediate Radio Licence,TQH
20TQI,Available,Amateur Intermediate Radio Licence,TQI
20TQJ,Available,Amateur Intermediate Radio Licence,TQJ
20TQK,Available,Amateur Intermediate Radio Licence,TQK
20TQL,Available,Amateur Intermediate Radio Licence,TQL
20TQM,Available,Amateur Intermediate Radio Licence,TQM
20TQN,Available,Amateur Intermediate Radio Licence,TQN
20TQO,Available,Amateur Intermediate Radio Licence,TQO
20TQP,Available,Amateur Intermediate Radio Licence,TQP
20TQQ,Available,Amateur Intermediate Radio Licence,TQQ
20TQT,Available,Amateur Intermediate Radio Licence,TQT
20TQU,Available,Amateur Intermediate Radio Licence,TQU
20TQV,Available,Amateur Intermediate Radio Licence,TQV
20TQW,Available,Amateur Intermediate Radio Licence,TQW
20TQX,Available,Amateur Intermediate Radio Licence,TQX
20TQY,Available,Amateur Intermediate Radio Licence,TQY
20TQZ,Available,Amateur Intermediate Radio Licence,TQZ
20TRI,Available,Amateur Intermediate Radio Licence,TRI
20TRJ,Available,Amateur Intermediate Radio Licence,TRJ
20TRS,Available,Amateur Intermediate Radio Licence,TRS
20TRZ,Available,Amateur Intermediate Radio Licence,TRZ
20TSE,Available,Amateur Intermediate Radio Licence,TSE
20TSH,Available,Amateur Intermediate Radio Licence,TSH
20TSN,Available,Amateur Intermediate Radio Licence,TSN
20TSP,Available,Amateur Intermediate Radio Licence,TSP
20TSQ,Available,Amateur Intermediate Radio Licence,TSQ
20TSS,Available,Amateur Intermediate Radio Licence,TSS
20TSV,Available,Amateur Intermediate Radio Licence,TSV
20TSY,Available,Amateur Intermediate Radio Licence,TSY
20TSZ,Available,Amateur Intermediate Radio Licence,TSZ
20TTE,Available,Amateur Intermediate Radio Licence,TTE
20TTN,Available,Amateur Intermediate Radio Licence,TTN
20TTP,Available,Amateur Intermediate Radio Licence,TTP
20TTQ,Available,Amateur Intermediate Radio Licence,TTQ
20TTU,Available,Amateur Intermediate Radio Licence,TTU
20TTZ,Available,Amateur Intermediate Radio Licence,TTZ
20TUB,Available,Amateur Intermediate Radio Licence,TUB
20TUD,Available,Amateur Intermediate Radio Licence,TUD
20TUE,Available,Amateur Intermediate Radio Licence,TUE
20TUG,Available,Amateur Intermediate Radio Licence,TUG
20TUJ,Available,Amateur Intermediate Radio Licence,TUJ
20TUL,Available,Amateur Intermediate Radio Licence,TUL
20TUM,Available,Amateur Intermediate Radio Licence,TUM
20TUO,Available,Amateur Intermediate Radio Licence,TUO
20TUQ,Available,Amateur Intermediate Radio Licence,TUQ
20TUS,Available,Amateur Intermediate Radio Licence,TUS
20TUT,Available,Amateur Intermediate Radio Licence,TUT
20TUU,Available,Amateur Intermediate Radio Licence,TUU
20TUY,Available,Amateur Intermediate Radio Licence,TUY
20TUZ,Available,Amateur Intermediate Radio Licence,TUZ
20TVA,Available,Amateur Intermediate Radio Licence,TVA
20TVB,Available,Amateur Intermediate Radio Licence,TVB
20TVF,Available,Amateur Intermediate Radio Licence,TVF
20TVG,Available,Amateur Intermediate Radio Licence,TVG
20TVH,Available,Amateur Intermediate Radio Licence,TVH
20TVJ,Available,Amateur Intermediate Radio Licence,TVJ
20TVK,Available,Amateur Intermediate Radio Licence,TVK
20TVN,Available,Amateur Intermediate Radio Licence,TVN
20TVO,Available,Amateur Intermediate Radio Licence,TVO
20TVQ,Available,Amateur Intermediate Radio Licence,TVQ
20TVU,Available,Amateur Intermediate Radio Licence,TVU
20TVY,Available,Amateur Intermediate Radio Licence,TVY
20TWB,Available,Amateur Intermediate Radio Licence,TWB
20TWD,Available,Amateur Intermediate Radio Licence,TWD
20TWE,Available,Amateur Intermediate Radio Licence,TWE
20TWF,Available,Amateur Intermediate Radio Licence,TWF
20TWG,Available,Amateur Intermediate Radio Licence,TWG
20TWH,Available,Amateur Intermediate Radio Licence,TWH
20TWJ,Available,Amateur Intermediate Radio Licence,TWJ
20TWN,Available,Amateur Intermediate Radio Licence,TWN
20TWR,Available,Amateur Intermediate Radio Licence,TWR
20TWU,Available,Amateur Intermediate Radio Licence,TWU
20TWV,Available,Amateur Intermediate Radio Licence,TWV
20TWX,Available,Amateur Intermediate Radio Licence,TWX
20TWY,Available,Amateur Intermediate Radio Licence,TWY
20TXE,Available,Amateur Intermediate Radio Licence,TXE
20TXH,Available,Amateur Intermediate Radio Licence,TXH
20TXI,Available,Amateur Intermediate Radio Licence,TXI
20TXN,Available,Amateur Intermediate Radio Licence,TXN
20TXO,Available,Amateur Intermediate Radio Licence,TXO
20TXQ,Available,Amateur Intermediate Radio Licence,TXQ
20TXS,Available,Amateur Intermediate Radio Licence,TXS
20TXU,Available,Amateur Intermediate Radio Licence,TXU
20TXV,Available,Amateur Intermediate Radio Licence,TXV
20TXW,Available,Amateur Intermediate Radio Licence,TXW
20TXX,Available,Amateur Intermediate Radio Licence,TXX
20TXZ,Available,Amateur Intermediate Radio Licence,TXZ
20TYA,Available,Amateur Intermediate Radio Licence,TYA
20TYB,Available,Amateur Intermediate Radio Licence,TYB
20TYD,Available,Amateur Intermediate Radio Licence,TYD
20TYH,Available,Amateur Intermediate Radio Licence,TYH
20TYI,Available,Amateur Intermediate Radio Licence,TYI
20TYJ,Available,Amateur Intermediate Radio Licence,TYJ
20TYM,Available,Amateur Intermediate Radio Licence,TYM
20TYQ,Available,Amateur Intermediate Radio Licence,TYQ
20TYS,Available,Amateur Intermediate Radio Licence,TYS
20TYV,Available,Amateur Intermediate Radio Licence,TYV
20TYW,Available,Amateur Intermediate Radio Licence,TYW
20TYX,Available,Amateur Intermediate Radio Licence,TYX
20TYY,Available,Amateur Intermediate Radio Licence,TYY
20TYZ,Available,Amateur Intermediate Radio Licence,TYZ
20TZC,Available,Amateur Intermediate Radio Licence,TZC
20TZD,Available,Amateur Intermediate Radio Licence,TZD
20TZE,Available,Amateur Intermediate Radio Licence,TZE
20TZF,Available,Amateur Intermediate Radio Licence,TZF
20TZG,Available,Amateur Intermediate Radio Licence,TZG
20TZH,Available,Amateur Intermediate Radio Licence,TZH
20TZI,Available,Amateur Intermediate Radio Licence,TZI
20TZJ,Available,Amateur Intermediate Radio Licence,TZJ
20TZK,Available,Amateur Intermediate Radio Licence,TZK
20TZL,Available,Amateur Intermediate Radio Licence,TZL
20TZN,Available,Amateur Intermediate Radio Licence,TZN
20TZP,Available,Amateur Intermediate Radio Licence,TZP
20TZQ,Available,Amateur Intermediate Radio Licence,TZQ
20TZS,Available,Amateur Intermediate Radio Licence,TZS
20TZT,Available,Amateur Intermediate Radio Licence,TZT
20TZU,Available,Amateur Intermediate Radio Licence,TZU
20TZV,Available,Amateur Intermediate Radio Licence,TZV
20TZW,Available,Amateur Intermediate Radio Licence,TZW
20TZX,Available,Amateur Intermediate Radio Licence,TZX
20UAH,Available,Amateur Intermediate Radio Licence,UAH
20UAI,Available,Amateur Intermediate Radio Licence,UAI
20UAJ,Available,Amateur Intermediate Radio Licence,UAJ
20UAK,Available,Amateur Intermediate Radio Licence,UAK
20UAL,Available,Amateur Intermediate Radio Licence,UAL
20UAN,Available,Amateur Intermediate Radio Licence,UAN
20UAP,Available,Amateur Intermediate Radio Licence,UAP
20UAQ,Available,Amateur Intermediate Radio Licence,UAQ
20UAR,Available,Amateur Intermediate Radio Licence,UAR
20UAS,Available,Amateur Intermediate Radio Licence,UAS
20UAT,Available,Amateur Intermediate Radio Licence,UAT
20UAU,Available,Amateur Intermediate Radio Licence,UAU
20UAW,Available,Amateur Intermediate Radio Licence,UAW
20UAX,Available,Amateur Intermediate Radio Licence,UAX
20UAZ,Available,Amateur Intermediate Radio Licence,UAZ
20UBA,Available,Amateur Intermediate Radio Licence,UBA
20UBB,Available,Amateur Intermediate Radio Licence,UBB
20UBC,Available,Amateur Intermediate Radio Licence,UBC
20UBE,Available,Amateur Intermediate Radio Licence,UBE
20UBF,Available,Amateur Intermediate Radio Licence,UBF
20UBG,Available,Amateur Intermediate Radio Licence,UBG
20UBH,Available,Amateur Intermediate Radio Licence,UBH
20UBI,Available,Amateur Intermediate Radio Licence,UBI
20UBJ,Available,Amateur Intermediate Radio Licence,UBJ
20UBK,Available,Amateur Intermediate Radio Licence,UBK
20UBL,Available,Amateur Intermediate Radio Licence,UBL
20UBM,Available,Amateur Intermediate Radio Licence,UBM
20UBN,Available,Amateur Intermediate Radio Licence,UBN
20UBO,Available,Amateur Intermediate Radio Licence,UBO
20UBP,Available,Amateur Intermediate Radio Licence,UBP
20UBQ,Available,Amateur Intermediate Radio Licence,UBQ
20UBR,Available,Amateur Intermediate Radio Licence,UBR
20UBS,Available,Amateur Intermediate Radio Licence,UBS
20UBV,Available,Amateur Intermediate Radio Licence,UBV
20UBX,Available,Amateur Intermediate Radio Licence,UBX
20UBY,Available,Amateur Intermediate Radio Licence,UBY
20UBZ,Available,Amateur Intermediate Radio Licence,UBZ
20UCA,Available,Amateur Intermediate Radio Licence,UCA
20UCB,Available,Amateur Intermediate Radio Licence,UCB
20UCC,Available,Amateur Intermediate Radio Licence,UCC
20UCD,Available,Amateur Intermediate Radio Licence,UCD
20UCE,Available,Amateur Intermediate Radio Licence,UCE
20UCF,Available,Amateur Intermediate Radio Licence,UCF
20UCG,Available,Amateur Intermediate Radio Licence,UCG
20UCI,Available,Amateur Intermediate Radio Licence,UCI
20UCJ,Available,Amateur Intermediate Radio Licence,UCJ
20UCL,Available,Amateur Intermediate Radio Licence,UCL
20UCM,Available,Amateur Intermediate Radio Licence,UCM
20UCN,Available,Amateur Intermediate Radio Licence,UCN
20UCO,Available,Amateur Intermediate Radio Licence,UCO
20UCP,Available,Amateur Intermediate Radio Licence,UCP
20UCQ,Available,Amateur Intermediate Radio Licence,UCQ
20UCR,Available,Amateur Intermediate Radio Licence,UCR
20UCT,Available,Amateur Intermediate Radio Licence,UCT
20UCU,Available,Amateur Intermediate Radio Licence,UCU
20UCX,Available,Amateur Intermediate Radio Licence,UCX
20UCY,Available,Amateur Intermediate Radio Licence,UCY
20UCZ,Available,Amateur Intermediate Radio Licence,UCZ
20UDB,Available,Amateur Intermediate Radio Licence,UDB
20UDC,Available,Amateur Intermediate Radio Licence,UDC
20UDD,Available,Amateur Intermediate Radio Licence,UDD
20UDF,Available,Amateur Intermediate Radio Licence,UDF
20UDH,Available,Amateur Intermediate Radio Licence,UDH
20UDI,Available,Amateur Intermediate Radio Licence,UDI
20UDJ,Available,Amateur Intermediate Radio Licence,UDJ
20UDK,Available,Amateur Intermediate Radio Licence,UDK
20UDN,Available,Amateur Intermediate Radio Licence,UDN
20UDO,Available,Amateur Intermediate Radio Licence,UDO
20UDP,Available,Amateur Intermediate Radio Licence,UDP
20UDQ,Available,Amateur Intermediate Radio Licence,UDQ
20UDR,Available,Amateur Intermediate Radio Licence,UDR
20UDS,Available,Amateur Intermediate Radio Licence,UDS
20UDT,Available,Amateur Intermediate Radio Licence,UDT
20UDU,Available,Amateur Intermediate Radio Licence,UDU
20UDV,Available,Amateur Intermediate Radio Licence,UDV
20UDW,Available,Amateur Intermediate Radio Licence,UDW
20UDY,Available,Amateur Intermediate Radio Licence,UDY
20UDZ,Available,Amateur Intermediate Radio Licence,UDZ
20UEB,Available,Amateur Intermediate Radio Licence,UEB
20UEC,Available,Amateur Intermediate Radio Licence,UEC
20UED,Available,Amateur Intermediate Radio Licence,UED
20UEE,Available,Amateur Intermediate Radio Licence,UEE
20UEF,Available,Amateur Intermediate Radio Licence,UEF
20UEG,Available,Amateur Intermediate Radio Licence,UEG
20UEI,Available,Amateur Intermediate Radio Licence,UEI
20UEJ,Available,Amateur Intermediate Radio Licence,UEJ
20UEK,Available,Amateur Intermediate Radio Licence,UEK
20UEM,Available,Amateur Intermediate Radio Licence,UEM
20UEN,Available,Amateur Intermediate Radio Licence,UEN
20UEO,Available,Amateur Intermediate Radio Licence,UEO
20UEP,Available,Amateur Intermediate Radio Licence,UEP
20UEQ,Available,Amateur Intermediate Radio Licence,UEQ
20UER,Available,Amateur Intermediate Radio Licence,UER
20UES,Available,Amateur Intermediate Radio Licence,UES
20UET,Available,Amateur Intermediate Radio Licence,UET
20UEU,Available,Amateur Intermediate Radio Licence,UEU
20UEV,Available,Amateur Intermediate Radio Licence,UEV
20UEW,Available,Amateur Intermediate Radio Licence,UEW
20UEX,Available,Amateur Intermediate Radio Licence,UEX
20UEY,Available,Amateur Intermediate Radio Licence,UEY
20UEZ,Available,Amateur Intermediate Radio Licence,UEZ
20UFA,Available,Amateur Intermediate Radio Licence,UFA
20UFB,Available,Amateur Intermediate Radio Licence,UFB
20UFC,Available,Amateur Intermediate Radio Licence,UFC
20UFD,Available,Amateur Intermediate Radio Licence,UFD
20UFE,Available,Amateur Intermediate Radio Licence,UFE
20UFF,Available,Amateur Intermediate Radio Licence,UFF
20UFG,Available,Amateur Intermediate Radio Licence,UFG
20UFH,Available,Amateur Intermediate Radio Licence,UFH
20UFI,Available,Amateur Intermediate Radio Licence,UFI
20UFJ,Available,Amateur Intermediate Radio Licence,UFJ
20UFK,Available,Amateur Intermediate Radio Licence,UFK
20UFL,Available,Amateur Intermediate Radio Licence,UFL
20UFN,Available,Amateur Intermediate Radio Licence,UFN
20UFP,Available,Amateur Intermediate Radio Licence,UFP
20UFQ,Available,Amateur Intermediate Radio Licence,UFQ
20UFR,Available,Amateur Intermediate Radio Licence,UFR
20UFS,Available,Amateur Intermediate Radio Licence,UFS
20UFT,Available,Amateur Intermediate Radio Licence,UFT
20UFU,Available,Amateur Intermediate Radio Licence,UFU
20UFV,Available,Amateur Intermediate Radio Licence,UFV
20UFW,Available,Amateur Intermediate Radio Licence,UFW
20UFX,Available,Amateur Intermediate Radio Licence,UFX
20UFY,Available,Amateur Intermediate Radio Licence,UFY
20UFZ,Available,Amateur Intermediate Radio Licence,UFZ
20UGA,Available,Amateur Intermediate Radio Licence,UGA
20UGB,Available,Amateur Intermediate Radio Licence,UGB
20UGC,Available,Amateur Intermediate Radio Licence,UGC
20UGE,Available,Amateur Intermediate Radio Licence,UGE
20UGG,Available,Amateur Intermediate Radio Licence,UGG
20UGI,Available,Amateur Intermediate Radio Licence,UGI
20UGJ,Available,Amateur Intermediate Radio Licence,UGJ
20UGK,Available,Amateur Intermediate Radio Licence,UGK
20UGM,Available,Amateur Intermediate Radio Licence,UGM
20UGN,Available,Amateur Intermediate Radio Licence,UGN
20UGP,Available,Amateur Intermediate Radio Licence,UGP
20UGQ,Available,Amateur Intermediate Radio Licence,UGQ
20UGR,Available,Amateur Intermediate Radio Licence,UGR
20UGS,Available,Amateur Intermediate Radio Licence,UGS
20UGT,Available,Amateur Intermediate Radio Licence,UGT
20UGU,Available,Amateur Intermediate Radio Licence,UGU
20UGV,Available,Amateur Intermediate Radio Licence,UGV
20UGW,Available,Amateur Intermediate Radio Licence,UGW
20UGY,Available,Amateur Intermediate Radio Licence,UGY
20UGZ,Available,Amateur Intermediate Radio Licence,UGZ
20UHA,Available,Amateur Intermediate Radio Licence,UHA
20UHB,Available,Amateur Intermediate Radio Licence,UHB
20UHC,Available,Amateur Intermediate Radio Licence,UHC
20UHD,Available,Amateur Intermediate Radio Licence,UHD
20UHE,Available,Amateur Intermediate Radio Licence,UHE
20UHG,Available,Amateur Intermediate Radio Licence,UHG
20UHH,Available,Amateur Intermediate Radio Licence,UHH
20UHI,Available,Amateur Intermediate Radio Licence,UHI
20UHK,Available,Amateur Intermediate Radio Licence,UHK
20UHM,Available,Amateur Intermediate Radio Licence,UHM
20UHN,Available,Amateur Intermediate Radio Licence,UHN
20UHO,Available,Amateur Intermediate Radio Licence,UHO
20UHP,Available,Amateur Intermediate Radio Licence,UHP
20UHQ,Available,Amateur Intermediate Radio Licence,UHQ
20UHR,Available,Amateur Intermediate Radio Licence,UHR
20UHT,Available,Amateur Intermediate Radio Licence,UHT
20UHU,Available,Amateur Intermediate Radio Licence,UHU
20UHV,Available,Amateur Intermediate Radio Licence,UHV
20UHW,Available,Amateur Intermediate Radio Licence,UHW
20UHX,Available,Amateur Intermediate Radio Licence,UHX
20UHY,Available,Amateur Intermediate Radio Licence,UHY
20UHZ,Available,Amateur Intermediate Radio Licence,UHZ
20UIA,Available,Amateur Intermediate Radio Licence,UIA
20UIB,Available,Amateur Intermediate Radio Licence,UIB
20UIC,Available,Amateur Intermediate Radio Licence,UIC
20UID,Available,Amateur Intermediate Radio Licence,UID
20UIE,Available,Amateur Intermediate Radio Licence,UIE
20UIF,Available,Amateur Intermediate Radio Licence,UIF
20UIG,Available,Amateur Intermediate Radio Licence,UIG
20UIH,Available,Amateur Intermediate Radio Licence,UIH
20UII,Available,Amateur Intermediate Radio Licence,UII
20UIJ,Available,Amateur Intermediate Radio Licence,UIJ
20UIK,Available,Amateur Intermediate Radio Licence,UIK
20UIL,Available,Amateur Intermediate Radio Licence,UIL
20UIM,Available,Amateur Intermediate Radio Licence,UIM
20UIN,Available,Amateur Intermediate Radio Licence,UIN
20UIO,Available,Amateur Intermediate Radio Licence,UIO
20UIR,Available,Amateur Intermediate Radio Licence,UIR
20UIS,Available,Amateur Intermediate Radio Licence,UIS
20UIT,Available,Amateur Intermediate Radio Licence,UIT
20UIU,Available,Amateur Intermediate Radio Licence,UIU
20UIV,Available,Amateur Intermediate Radio Licence,UIV
20UIW,Available,Amateur Intermediate Radio Licence,UIW
20UIX,Available,Amateur Intermediate Radio Licence,UIX
20UIY,Available,Amateur Intermediate Radio Licence,UIY
20UIZ,Available,Amateur Intermediate Radio Licence,UIZ
20UJA,Available,Amateur Intermediate Radio Licence,UJA
20UJB,Available,Amateur Intermediate Radio Licence,UJB
20UJE,Available,Amateur Intermediate Radio Licence,UJE
20UJF,Available,Amateur Intermediate Radio Licence,UJF
20UJG,Available,Amateur Intermediate Radio Licence,UJG
20UJH,Available,Amateur Intermediate Radio Licence,UJH
20UJI,Available,Amateur Intermediate Radio Licence,UJI
20UJJ,Available,Amateur Intermediate Radio Licence,UJJ
20UJK,Available,Amateur Intermediate Radio Licence,UJK
20UJL,Available,Amateur Intermediate Radio Licence,UJL
20UJM,Available,Amateur Intermediate Radio Licence,UJM
20UJN,Available,Amateur Intermediate Radio Licence,UJN
20UJO,Available,Amateur Intermediate Radio Licence,UJO
20UJP,Available,Amateur Intermediate Radio Licence,UJP
20UJQ,Available,Amateur Intermediate Radio Licence,UJQ
20UJR,Available,Amateur Intermediate Radio Licence,UJR
20UJS,Available,Amateur Intermediate Radio Licence,UJS
20UJT,Available,Amateur Intermediate Radio Licence,UJT
20UJU,Available,Amateur Intermediate Radio Licence,UJU
20UJV,Available,Amateur Intermediate Radio Licence,UJV
20UJW,Available,Amateur Intermediate Radio Licence,UJW
20UJX,Available,Amateur Intermediate Radio Licence,UJX
20UJY,Available,Amateur Intermediate Radio Licence,UJY
20UJZ,Available,Amateur Intermediate Radio Licence,UJZ
20UKB,Available,Amateur Intermediate Radio Licence,UKB
20UKC,Available,Amateur Intermediate Radio Licence,UKC
20UKE,Available,Amateur Intermediate Radio Licence,UKE
20UKF,Available,Amateur Intermediate Radio Licence,UKF
20UKI,Available,Amateur Intermediate Radio Licence,UKI
20UKJ,Available,Amateur Intermediate Radio Licence,UKJ
20UKK,Available,Amateur Intermediate Radio Licence,UKK
20UKN,Available,Amateur Intermediate Radio Licence,UKN
20UKS,Available,Amateur Intermediate Radio Licence,UKS
20UKT,Available,Amateur Intermediate Radio Licence,UKT
20UKU,Available,Amateur Intermediate Radio Licence,UKU
20UKW,Available,Amateur Intermediate Radio Licence,UKW
20UKY,Available,Amateur Intermediate Radio Licence,UKY
20UKZ,Available,Amateur Intermediate Radio Licence,UKZ
20ULB,Available,Amateur Intermediate Radio Licence,ULB
20ULD,Available,Amateur Intermediate Radio Licence,ULD
20ULE,Available,Amateur Intermediate Radio Licence,ULE
20ULG,Available,Amateur Intermediate Radio Licence,ULG
20ULI,Available,Amateur Intermediate Radio Licence,ULI
20ULJ,Available,Amateur Intermediate Radio Licence,ULJ
20ULK,Available,Amateur Intermediate Radio Licence,ULK
20ULM,Available,Amateur Intermediate Radio Licence,ULM
20ULN,Available,Amateur Intermediate Radio Licence,ULN
20ULO,Available,Amateur Intermediate Radio Licence,ULO
20ULP,Available,Amateur Intermediate Radio Licence,ULP
20ULQ,Available,Amateur Intermediate Radio Licence,ULQ
20ULR,Available,Amateur Intermediate Radio Licence,ULR
20ULS,Available,Amateur Intermediate Radio Licence,ULS
20ULT,Available,Amateur Intermediate Radio Licence,ULT
20ULU,Available,Amateur Intermediate Radio Licence,ULU
20ULV,Available,Amateur Intermediate Radio Licence,ULV
20ULW,Available,Amateur Intermediate Radio Licence,ULW
20ULX,Available,Amateur Intermediate Radio Licence,ULX
20ULZ,Available,Amateur Intermediate Radio Licence,ULZ
20UMA,Available,Amateur Intermediate Radio Licence,UMA
20UMC,Available,Amateur Intermediate Radio Licence,UMC
20UMD,Available,Amateur Intermediate Radio Licence,UMD
20UME,Available,Amateur Intermediate Radio Licence,UME
20UMG,Available,Amateur Intermediate Radio Licence,UMG
20UMJ,Available,Amateur Intermediate Radio Licence,UMJ
20UMK,Available,Amateur Intermediate Radio Licence,UMK
20UML,Available,Amateur Intermediate Radio Licence,UML
20UMM,Available,Amateur Intermediate Radio Licence,UMM
20UMN,Available,Amateur Intermediate Radio Licence,UMN
20UMO,Available,Amateur Intermediate Radio Licence,UMO
20UMP,Available,Amateur Intermediate Radio Licence,UMP
20UMQ,Available,Amateur Intermediate Radio Licence,UMQ
20UMR,Available,Amateur Intermediate Radio Licence,UMR
20UMS,Available,Amateur Intermediate Radio Licence,UMS
20UMT,Available,Amateur Intermediate Radio Licence,UMT
20UMU,Available,Amateur Intermediate Radio Licence,UMU
20UMV,Available,Amateur Intermediate Radio Licence,UMV
20UMW,Available,Amateur Intermediate Radio Licence,UMW
20UMX,Available,Amateur Intermediate Radio Licence,UMX
20UMY,Available,Amateur Intermediate Radio Licence,UMY
20UMZ,Available,Amateur Intermediate Radio Licence,UMZ
20UNA,Available,Amateur Intermediate Radio Licence,UNA
20UNB,Available,Amateur Intermediate Radio Licence,UNB
20UNC,Available,Amateur Intermediate Radio Licence,UNC
20UNF,Available,Amateur Intermediate Radio Licence,UNF
20UNG,Available,Amateur Intermediate Radio Licence,UNG
20UNH,Available,Amateur Intermediate Radio Licence,UNH
20UNJ,Available,Amateur Intermediate Radio Licence,UNJ
20UNK,Available,Amateur Intermediate Radio Licence,UNK
20UNL,Available,Amateur Intermediate Radio Licence,UNL
20UNM,Available,Amateur Intermediate Radio Licence,UNM
20UNO,Available,Amateur Intermediate Radio Licence,UNO
20UNP,Available,Amateur Intermediate Radio Licence,UNP
20UNQ,Available,Amateur Intermediate Radio Licence,UNQ
20UNR,Available,Amateur Intermediate Radio Licence,UNR
20UNS,Available,Amateur Intermediate Radio Licence,UNS
20UNT,Available,Amateur Intermediate Radio Licence,UNT
20UNU,Available,Amateur Intermediate Radio Licence,UNU
20UNV,Available,Amateur Intermediate Radio Licence,UNV
20UNW,Available,Amateur Intermediate Radio Licence,UNW
20UNX,Available,Amateur Intermediate Radio Licence,UNX
20UNY,Available,Amateur Intermediate Radio Licence,UNY
20UNZ,Available,Amateur Intermediate Radio Licence,UNZ
20UOA,Available,Amateur Intermediate Radio Licence,UOA
20UOB,Available,Amateur Intermediate Radio Licence,UOB
20UOC,Available,Amateur Intermediate Radio Licence,UOC
20UOD,Available,Amateur Intermediate Radio Licence,UOD
20UOE,Available,Amateur Intermediate Radio Licence,UOE
20UOF,Available,Amateur Intermediate Radio Licence,UOF
20UOH,Available,Amateur Intermediate Radio Licence,UOH
20UOI,Available,Amateur Intermediate Radio Licence,UOI
20UOL,Available,Amateur Intermediate Radio Licence,UOL
20UOM,Available,Amateur Intermediate Radio Licence,UOM
20UON,Available,Amateur Intermediate Radio Licence,UON
20UOP,Available,Amateur Intermediate Radio Licence,UOP
20UOQ,Available,Amateur Intermediate Radio Licence,UOQ
20UOR,Available,Amateur Intermediate Radio Licence,UOR
20UOT,Available,Amateur Intermediate Radio Licence,UOT
20UOU,Available,Amateur Intermediate Radio Licence,UOU
20UOV,Available,Amateur Intermediate Radio Licence,UOV
20UOW,Available,Amateur Intermediate Radio Licence,UOW
20UOX,Available,Amateur Intermediate Radio Licence,UOX
20UOY,Available,Amateur Intermediate Radio Licence,UOY
20UOZ,Available,Amateur Intermediate Radio Licence,UOZ
20UPB,Available,Amateur Intermediate Radio Licence,UPB
20UPC,Available,Amateur Intermediate Radio Licence,UPC
20UPD,Available,Amateur Intermediate Radio Licence,UPD
20UPE,Available,Amateur Intermediate Radio Licence,UPE
20UPF,Available,Amateur Intermediate Radio Licence,UPF
20UPI,Available,Amateur Intermediate Radio Licence,UPI
20UPJ,Available,Amateur Intermediate Radio Licence,UPJ
20UPK,Available,Amateur Intermediate Radio Licence,UPK
20UPL,Available,Amateur Intermediate Radio Licence,UPL
20UPM,Available,Amateur Intermediate Radio Licence,UPM
20UPN,Available,Amateur Intermediate Radio Licence,UPN
20UPO,Available,Amateur Intermediate Radio Licence,UPO
20UPP,Available,Amateur Intermediate Radio Licence,UPP
20UPQ,Available,Amateur Intermediate Radio Licence,UPQ
20UPR,Available,Amateur Intermediate Radio Licence,UPR
20UPS,Available,Amateur Intermediate Radio Licence,UPS
20UPV,Available,Amateur Intermediate Radio Licence,UPV
20UPW,Available,Amateur Intermediate Radio Licence,UPW
20UPX,Available,Amateur Intermediate Radio Licence,UPX
20UPY,Available,Amateur Intermediate Radio Licence,UPY
20UPZ,Available,Amateur Intermediate Radio Licence,UPZ
20UQA,Available,Amateur Intermediate Radio Licence,UQA
20UQB,Available,Amateur Intermediate Radio Licence,UQB
20UQC,Available,Amateur Intermediate Radio Licence,UQC
20UQD,Available,Amateur Intermediate Radio Licence,UQD
20UQE,Available,Amateur Intermediate Radio Licence,UQE
20UQF,Available,Amateur Intermediate Radio Licence,UQF
20UQG,Available,Amateur Intermediate Radio Licence,UQG
20UQH,Available,Amateur Intermediate Radio Licence,UQH
20UQI,Available,Amateur Intermediate Radio Licence,UQI
20UQJ,Available,Amateur Intermediate Radio Licence,UQJ
20UQK,Available,Amateur Intermediate Radio Licence,UQK
20UQL,Available,Amateur Intermediate Radio Licence,UQL
20UQM,Available,Amateur Intermediate Radio Licence,UQM
20UQN,Available,Amateur Intermediate Radio Licence,UQN
20UQO,Available,Amateur Intermediate Radio Licence,UQO
20UQP,Available,Amateur Intermediate Radio Licence,UQP
20UQQ,Available,Amateur Intermediate Radio Licence,UQQ
20UQR,Available,Amateur Intermediate Radio Licence,UQR
20UQS,Available,Amateur Intermediate Radio Licence,UQS
20UQT,Available,Amateur Intermediate Radio Licence,UQT
20UQU,Available,Amateur Intermediate Radio Licence,UQU
20UQV,Available,Amateur Intermediate Radio Licence,UQV
20UQW,Available,Amateur Intermediate Radio Licence,UQW
20UQX,Available,Amateur Intermediate Radio Licence,UQX
20UQY,Available,Amateur Intermediate Radio Licence,UQY
20UQZ,Available,Amateur Intermediate Radio Licence,UQZ
20URA,Available,Amateur Intermediate Radio Licence,URA
20URB,Available,Amateur Intermediate Radio Licence,URB
20URC,Available,Amateur Intermediate Radio Licence,URC
20URD,Available,Amateur Intermediate Radio Licence,URD
20URE,Available,Amateur Intermediate Radio Licence,URE
20URG,Available,Amateur Intermediate Radio Licence,URG
20URH,Available,Amateur Intermediate Radio Licence,URH
20URI,Available,Amateur Intermediate Radio Licence,URI
20URK,Available,Amateur Intermediate Radio Licence,URK
20URM,Available,Amateur Intermediate Radio Licence,URM
20URO,Available,Amateur Intermediate Radio Licence,URO
20URP,Available,Amateur Intermediate Radio Licence,URP
20URQ,Available,Amateur Intermediate Radio Licence,URQ
20URR,Available,Amateur Intermediate Radio Licence,URR
20URS,Available,Amateur Intermediate Radio Licence,URS
20URT,Available,Amateur Intermediate Radio Licence,URT
20URU,Available,Amateur Intermediate Radio Licence,URU
20URV,Available,Amateur Intermediate Radio Licence,URV
20URW,Available,Amateur Intermediate Radio Licence,URW
20URX,Available,Amateur Intermediate Radio Licence,URX
20URY,Available,Amateur Intermediate Radio Licence,URY
20URZ,Available,Amateur Intermediate Radio Licence,URZ
20USD,Available,Amateur Intermediate Radio Licence,USD
20USF,Available,Amateur Intermediate Radio Licence,USF
20USG,Available,Amateur Intermediate Radio Licence,USG
20USH,Available,Amateur Intermediate Radio Licence,USH
20USI,Available,Amateur Intermediate Radio Licence,USI
20USJ,Available,Amateur Intermediate Radio Licence,USJ
20USK,Available,Amateur Intermediate Radio Licence,USK
20USL,Available,Amateur Intermediate Radio Licence,USL
20USM,Available,Amateur Intermediate Radio Licence,USM
20USO,Available,Amateur Intermediate Radio Licence,USO
20USP,Available,Amateur Intermediate Radio Licence,USP
20USS,Available,Amateur Intermediate Radio Licence,USS
20UST,Available,Amateur Intermediate Radio Licence,UST
20USW,Available,Amateur Intermediate Radio Licence,USW
20USX,Available,Amateur Intermediate Radio Licence,USX
20USY,Available,Amateur Intermediate Radio Licence,USY
20USZ,Available,Amateur Intermediate Radio Licence,USZ
20UTA,Available,Amateur Intermediate Radio Licence,UTA
20UTB,Available,Amateur Intermediate Radio Licence,UTB
20UTE,Available,Amateur Intermediate Radio Licence,UTE
20UTF,Available,Amateur Intermediate Radio Licence,UTF
20UTG,Available,Amateur Intermediate Radio Licence,UTG
20UTI,Available,Amateur Intermediate Radio Licence,UTI
20UTJ,Available,Amateur Intermediate Radio Licence,UTJ
20UTK,Available,Amateur Intermediate Radio Licence,UTK
20UTN,Available,Amateur Intermediate Radio Licence,UTN
20UTP,Available,Amateur Intermediate Radio Licence,UTP
20UTQ,Available,Amateur Intermediate Radio Licence,UTQ
20UTR,Available,Amateur Intermediate Radio Licence,UTR
20UTS,Available,Amateur Intermediate Radio Licence,UTS
20UTU,Available,Amateur Intermediate Radio Licence,UTU
20UTV,Available,Amateur Intermediate Radio Licence,UTV
20UTW,Available,Amateur Intermediate Radio Licence,UTW
20UTY,Available,Amateur Intermediate Radio Licence,UTY
20UTZ,Available,Amateur Intermediate Radio Licence,UTZ
20UUB,Available,Amateur Intermediate Radio Licence,UUB
20UUD,Available,Amateur Intermediate Radio Licence,UUD
20UUE,Available,Amateur Intermediate Radio Licence,UUE
20UUF,Available,Amateur Intermediate Radio Licence,UUF
20UUG,Available,Amateur Intermediate Radio Licence,UUG
20UUH,Available,Amateur Intermediate Radio Licence,UUH
20UUI,Available,Amateur Intermediate Radio Licence,UUI
20UUJ,Available,Amateur Intermediate Radio Licence,UUJ
20UUK,Available,Amateur Intermediate Radio Licence,UUK
20UUL,Available,Amateur Intermediate Radio Licence,UUL
20UUM,Available,Amateur Intermediate Radio Licence,UUM
20UUN,Available,Amateur Intermediate Radio Licence,UUN
20UUO,Available,Amateur Intermediate Radio Licence,UUO
20UUP,Available,Amateur Intermediate Radio Licence,UUP
20UUQ,Available,Amateur Intermediate Radio Licence,UUQ
20UUR,Available,Amateur Intermediate Radio Licence,UUR
20UUS,Available,Amateur Intermediate Radio Licence,UUS
20UUT,Available,Amateur Intermediate Radio Licence,UUT
20UUV,Available,Amateur Intermediate Radio Licence,UUV
20UUX,Available,Amateur Intermediate Radio Licence,UUX
20UUY,Available,Amateur Intermediate Radio Licence,UUY
20UUZ,Available,Amateur Intermediate Radio Licence,UUZ
20UVA,Available,Amateur Intermediate Radio Licence,UVA
20UVB,Available,Amateur Intermediate Radio Licence,UVB
20UVC,Available,Amateur Intermediate Radio Licence,UVC
20UVD,Available,Amateur Intermediate Radio Licence,UVD
20UVE,Available,Amateur Intermediate Radio Licence,UVE
20UVF,Available,Amateur Intermediate Radio Licence,UVF
20UVG,Available,Amateur Intermediate Radio Licence,UVG
20UVH,Available,Amateur Intermediate Radio Licence,UVH
20UVI,Available,Amateur Intermediate Radio Licence,UVI
20UVJ,Available,Amateur Intermediate Radio Licence,UVJ
20UVK,Available,Amateur Intermediate Radio Licence,UVK
20UVL,Available,Amateur Intermediate Radio Licence,UVL
20UVM,Available,Amateur Intermediate Radio Licence,UVM
20UVN,Available,Amateur Intermediate Radio Licence,UVN
20UVQ,Available,Amateur Intermediate Radio Licence,UVQ
20UVR,Available,Amateur Intermediate Radio Licence,UVR
20UVS,Available,Amateur Intermediate Radio Licence,UVS
20UVT,Available,Amateur Intermediate Radio Licence,UVT
20UVU,Available,Amateur Intermediate Radio Licence,UVU
20UVW,Available,Amateur Intermediate Radio Licence,UVW
20UVX,Available,Amateur Intermediate Radio Licence,UVX
20UVY,Available,Amateur Intermediate Radio Licence,UVY
20UWA,Available,Amateur Intermediate Radio Licence,UWA
20UWB,Available,Amateur Intermediate Radio Licence,UWB
20UWD,Available,Amateur Intermediate Radio Licence,UWD
20UWE,Available,Amateur Intermediate Radio Licence,UWE
20UWF,Available,Amateur Intermediate Radio Licence,UWF
20UWG,Available,Amateur Intermediate Radio Licence,UWG
20UWH,Available,Amateur Intermediate Radio Licence,UWH
20UWJ,Available,Amateur Intermediate Radio Licence,UWJ
20UWL,Available,Amateur Intermediate Radio Licence,UWL
20UWM,Available,Amateur Intermediate Radio Licence,UWM
20UWN,Available,Amateur Intermediate Radio Licence,UWN
20UWO,Available,Amateur Intermediate Radio Licence,UWO
20UWP,Available,Amateur Intermediate Radio Licence,UWP
20UWQ,Available,Amateur Intermediate Radio Licence,UWQ
20UWR,Available,Amateur Intermediate Radio Licence,UWR
20UWS,Available,Amateur Intermediate Radio Licence,UWS
20UWU,Available,Amateur Intermediate Radio Licence,UWU
20UWV,Available,Amateur Intermediate Radio Licence,UWV
20UWW,Available,Amateur Intermediate Radio Licence,UWW
20UWX,Available,Amateur Intermediate Radio Licence,UWX
20UWY,Available,Amateur Intermediate Radio Licence,UWY
20UWZ,Available,Amateur Intermediate Radio Licence,UWZ
20UXC,Available,Amateur Intermediate Radio Licence,UXC
20UXD,Available,Amateur Intermediate Radio Licence,UXD
20UXE,Available,Amateur Intermediate Radio Licence,UXE
20UXF,Available,Amateur Intermediate Radio Licence,UXF
20UXG,Available,Amateur Intermediate Radio Licence,UXG
20UXH,Available,Amateur Intermediate Radio Licence,UXH
20UXI,Available,Amateur Intermediate Radio Licence,UXI
20UXJ,Available,Amateur Intermediate Radio Licence,UXJ
20UXK,Available,Amateur Intermediate Radio Licence,UXK
20UXL,Available,Amateur Intermediate Radio Licence,UXL
20UXM,Available,Amateur Intermediate Radio Licence,UXM
20UXN,Available,Amateur Intermediate Radio Licence,UXN
20UXP,Available,Amateur Intermediate Radio Licence,UXP
20UXQ,Available,Amateur Intermediate Radio Licence,UXQ
20UXR,Available,Amateur Intermediate Radio Licence,UXR
20UXT,Available,Amateur Intermediate Radio Licence,UXT
20UXU,Available,Amateur Intermediate Radio Licence,UXU
20UXV,Available,Amateur Intermediate Radio Licence,UXV
20UXX,Available,Amateur Intermediate Radio Licence,UXX
20UXY,Available,Amateur Intermediate Radio Licence,UXY
20UXZ,Available,Amateur Intermediate Radio Licence,UXZ
20UYA,Available,Amateur Intermediate Radio Licence,UYA
20UYB,Available,Amateur Intermediate Radio Licence,UYB
20UYC,Available,Amateur Intermediate Radio Licence,UYC
20UYE,Available,Amateur Intermediate Radio Licence,UYE
20UYF,Available,Amateur Intermediate Radio Licence,UYF
20UYG,Available,Amateur Intermediate Radio Licence,UYG
20UYH,Available,Amateur Intermediate Radio Licence,UYH
20UYI,Available,Amateur Intermediate Radio Licence,UYI
20UYJ,Available,Amateur Intermediate Radio Licence,UYJ
20UYK,Available,Amateur Intermediate Radio Licence,UYK
20UYL,Available,Amateur Intermediate Radio Licence,UYL
20UYM,Available,Amateur Intermediate Radio Licence,UYM
20UYN,Available,Amateur Intermediate Radio Licence,UYN
20UYO,Available,Amateur Intermediate Radio Licence,UYO
20UYQ,Available,Amateur Intermediate Radio Licence,UYQ
20UYR,Available,Amateur Intermediate Radio Licence,UYR
20UYS,Available,Amateur Intermediate Radio Licence,UYS
20UYT,Available,Amateur Intermediate Radio Licence,UYT
20UYU,Available,Amateur Intermediate Radio Licence,UYU
20UYV,Available,Amateur Intermediate Radio Licence,UYV
20UYW,Available,Amateur Intermediate Radio Licence,UYW
20UYX,Available,Amateur Intermediate Radio Licence,UYX
20UYY,Available,Amateur Intermediate Radio Licence,UYY
20UYZ,Available,Amateur Intermediate Radio Licence,UYZ
20UZA,Available,Amateur Intermediate Radio Licence,UZA
20UZB,Available,Amateur Intermediate Radio Licence,UZB
20UZC,Available,Amateur Intermediate Radio Licence,UZC
20UZD,Available,Amateur Intermediate Radio Licence,UZD
20UZE,Available,Amateur Intermediate Radio Licence,UZE
20UZG,Available,Amateur Intermediate Radio Licence,UZG
20UZH,Available,Amateur Intermediate Radio Licence,UZH
20UZI,Available,Amateur Intermediate Radio Licence,UZI
20UZJ,Available,Amateur Intermediate Radio Licence,UZJ
20UZL,Available,Amateur Intermediate Radio Licence,UZL
20UZM,Available,Amateur Intermediate Radio Licence,UZM
20UZN,Available,Amateur Intermediate Radio Licence,UZN
20UZP,Available,Amateur Intermediate Radio Licence,UZP
20UZQ,Available,Amateur Intermediate Radio Licence,UZQ
20UZR,Available,Amateur Intermediate Radio Licence,UZR
20UZS,Available,Amateur Intermediate Radio Licence,UZS
20UZT,Available,Amateur Intermediate Radio Licence,UZT
20UZU,Available,Amateur Intermediate Radio Licence,UZU
20UZV,Available,Amateur Intermediate Radio Licence,UZV
20UZW,Available,Amateur Intermediate Radio Licence,UZW
20UZX,Available,Amateur Intermediate Radio Licence,UZX
20UZY,Available,Amateur Intermediate Radio Licence,UZY
20UZZ,Available,Amateur Intermediate Radio Licence,UZZ
20VAO,Available,Amateur Intermediate Radio Licence,VAO
20VAQ,Available,Amateur Intermediate Radio Licence,VAQ
20VBF,Available,Amateur Intermediate Radio Licence,VBF
20VBG,Available,Amateur Intermediate Radio Licence,VBG
20VBH,Available,Amateur Intermediate Radio Licence,VBH
20VBI,Available,Amateur Intermediate Radio Licence,VBI
20VBJ,Available,Amateur Intermediate Radio Licence,VBJ
20VBL,Available,Amateur Intermediate Radio Licence,VBL
20VBO,Available,Amateur Intermediate Radio Licence,VBO
20VBP,Available,Amateur Intermediate Radio Licence,VBP
20VBS,Available,Amateur Intermediate Radio Licence,VBS
20VBT,Available,Amateur Intermediate Radio Licence,VBT
20VBU,Available,Amateur Intermediate Radio Licence,VBU
20VBV,Available,Amateur Intermediate Radio Licence,VBV
20VBZ,Available,Amateur Intermediate Radio Licence,VBZ
20VCA,Available,Amateur Intermediate Radio Licence,VCA
20VCG,Available,Amateur Intermediate Radio Licence,VCG
20VCI,Available,Amateur Intermediate Radio Licence,VCI
20VCJ,Available,Amateur Intermediate Radio Licence,VCJ
20VCK,Available,Amateur Intermediate Radio Licence,VCK
20VCL,Available,Amateur Intermediate Radio Licence,VCL
20VCN,Available,Amateur Intermediate Radio Licence,VCN
20VCQ,Available,Amateur Intermediate Radio Licence,VCQ
20VCV,Available,Amateur Intermediate Radio Licence,VCV
20VCW,Available,Amateur Intermediate Radio Licence,VCW
20VCX,Available,Amateur Intermediate Radio Licence,VCX
20VCZ,Available,Amateur Intermediate Radio Licence,VCZ
20VDA,Available,Amateur Intermediate Radio Licence,VDA
20VDF,Available,Amateur Intermediate Radio Licence,VDF
20VDG,Available,Amateur Intermediate Radio Licence,VDG
20VDH,Available,Amateur Intermediate Radio Licence,VDH
20VDI,Available,Amateur Intermediate Radio Licence,VDI
20VDJ,Available,Amateur Intermediate Radio Licence,VDJ
20VDK,Available,Amateur Intermediate Radio Licence,VDK
20VDL,Available,Amateur Intermediate Radio Licence,VDL
20VDN,Available,Amateur Intermediate Radio Licence,VDN
20VDO,Available,Amateur Intermediate Radio Licence,VDO
20VDQ,Available,Amateur Intermediate Radio Licence,VDQ
20VDR,Available,Amateur Intermediate Radio Licence,VDR
20VDT,Available,Amateur Intermediate Radio Licence,VDT
20VDU,Available,Amateur Intermediate Radio Licence,VDU
20VDV,Available,Amateur Intermediate Radio Licence,VDV
20VDY,Available,Amateur Intermediate Radio Licence,VDY
20VDZ,Available,Amateur Intermediate Radio Licence,VDZ
20VEA,Available,Amateur Intermediate Radio Licence,VEA
20VEB,Available,Amateur Intermediate Radio Licence,VEB
20VED,Available,Amateur Intermediate Radio Licence,VED
20VEE,Available,Amateur Intermediate Radio Licence,VEE
20VEI,Available,Amateur Intermediate Radio Licence,VEI
20VEJ,Available,Amateur Intermediate Radio Licence,VEJ
20VEL,Available,Amateur Intermediate Radio Licence,VEL
20VEM,Available,Amateur Intermediate Radio Licence,VEM
20VEN,Available,Amateur Intermediate Radio Licence,VEN
20VEO,Available,Amateur Intermediate Radio Licence,VEO
20VEQ,Available,Amateur Intermediate Radio Licence,VEQ
20VES,Available,Amateur Intermediate Radio Licence,VES
20VEU,Available,Amateur Intermediate Radio Licence,VEU
20VEW,Available,Amateur Intermediate Radio Licence,VEW
20VEY,Available,Amateur Intermediate Radio Licence,VEY
20VEZ,Available,Amateur Intermediate Radio Licence,VEZ
20VFB,Available,Amateur Intermediate Radio Licence,VFB
20VFC,Available,Amateur Intermediate Radio Licence,VFC
20VFD,Available,Amateur Intermediate Radio Licence,VFD
20VFE,Available,Amateur Intermediate Radio Licence,VFE
20VFF,Available,Amateur Intermediate Radio Licence,VFF
20VFG,Available,Amateur Intermediate Radio Licence,VFG
20VFH,Available,Amateur Intermediate Radio Licence,VFH
20VFI,Available,Amateur Intermediate Radio Licence,VFI
20VFJ,Available,Amateur Intermediate Radio Licence,VFJ
20VFK,Available,Amateur Intermediate Radio Licence,VFK
20VFL,Available,Amateur Intermediate Radio Licence,VFL
20VFM,Available,Amateur Intermediate Radio Licence,VFM
20VFN,Available,Amateur Intermediate Radio Licence,VFN
20VFP,Available,Amateur Intermediate Radio Licence,VFP
20VFQ,Available,Amateur Intermediate Radio Licence,VFQ
20VFS,Available,Amateur Intermediate Radio Licence,VFS
20VFT,Available,Amateur Intermediate Radio Licence,VFT
20VFU,Available,Amateur Intermediate Radio Licence,VFU
20VFW,Available,Amateur Intermediate Radio Licence,VFW
20VFX,Available,Amateur Intermediate Radio Licence,VFX
20VFY,Available,Amateur Intermediate Radio Licence,VFY
20VFZ,Available,Amateur Intermediate Radio Licence,VFZ
20VGA,Available,Amateur Intermediate Radio Licence,VGA
20VGD,Available,Amateur Intermediate Radio Licence,VGD
20VGE,Available,Amateur Intermediate Radio Licence,VGE
20VGF,Available,Amateur Intermediate Radio Licence,VGF
20VGG,Available,Amateur Intermediate Radio Licence,VGG
20VGH,Available,Amateur Intermediate Radio Licence,VGH
20VGI,Available,Amateur Intermediate Radio Licence,VGI
20VGJ,Available,Amateur Intermediate Radio Licence,VGJ
20VGL,Available,Amateur Intermediate Radio Licence,VGL
20VGM,Available,Amateur Intermediate Radio Licence,VGM
20VGN,Available,Amateur Intermediate Radio Licence,VGN
20VGO,Available,Amateur Intermediate Radio Licence,VGO
20VGP,Available,Amateur Intermediate Radio Licence,VGP
20VGQ,Available,Amateur Intermediate Radio Licence,VGQ
20VGR,Available,Amateur Intermediate Radio Licence,VGR
20VGT,Available,Amateur Intermediate Radio Licence,VGT
20VGU,Available,Amateur Intermediate Radio Licence,VGU
20VGX,Available,Amateur Intermediate Radio Licence,VGX
20VGY,Available,Amateur Intermediate Radio Licence,VGY
20VGZ,Available,Amateur Intermediate Radio Licence,VGZ
20VHB,Available,Amateur Intermediate Radio Licence,VHB
20VHD,Available,Amateur Intermediate Radio Licence,VHD
20VHE,Available,Amateur Intermediate Radio Licence,VHE
20VHG,Available,Amateur Intermediate Radio Licence,VHG
20VHH,Available,Amateur Intermediate Radio Licence,VHH
20VHI,Available,Amateur Intermediate Radio Licence,VHI
20VHJ,Available,Amateur Intermediate Radio Licence,VHJ
20VHK,Available,Amateur Intermediate Radio Licence,VHK
20VHL,Available,Amateur Intermediate Radio Licence,VHL
20VHM,Available,Amateur Intermediate Radio Licence,VHM
20VHN,Available,Amateur Intermediate Radio Licence,VHN
20VHO,Available,Amateur Intermediate Radio Licence,VHO
20VHP,Available,Amateur Intermediate Radio Licence,VHP
20VHQ,Available,Amateur Intermediate Radio Licence,VHQ
20VHT,Available,Amateur Intermediate Radio Licence,VHT
20VHU,Available,Amateur Intermediate Radio Licence,VHU
20VHW,Available,Amateur Intermediate Radio Licence,VHW
20VHX,Available,Amateur Intermediate Radio Licence,VHX
20VHY,Available,Amateur Intermediate Radio Licence,VHY
20VIA,Available,Amateur Intermediate Radio Licence,VIA
20VIB,Available,Amateur Intermediate Radio Licence,VIB
20VID,Available,Amateur Intermediate Radio Licence,VID
20VIE,Available,Amateur Intermediate Radio Licence,VIE
20VIF,Available,Amateur Intermediate Radio Licence,VIF
20VIG,Available,Amateur Intermediate Radio Licence,VIG
20VIJ,Available,Amateur Intermediate Radio Licence,VIJ
20VIK,Available,Amateur Intermediate Radio Licence,VIK
20VIO,Available,Amateur Intermediate Radio Licence,VIO
20VIQ,Available,Amateur Intermediate Radio Licence,VIQ
20VIT,Available,Amateur Intermediate Radio Licence,VIT
20VIU,Available,Amateur Intermediate Radio Licence,VIU
20VIW,Available,Amateur Intermediate Radio Licence,VIW
20VIX,Available,Amateur Intermediate Radio Licence,VIX
20VIY,Available,Amateur Intermediate Radio Licence,VIY
20VJA,Available,Amateur Intermediate Radio Licence,VJA
20VJC,Available,Amateur Intermediate Radio Licence,VJC
20VJD,Available,Amateur Intermediate Radio Licence,VJD
20VJE,Available,Amateur Intermediate Radio Licence,VJE
20VJG,Available,Amateur Intermediate Radio Licence,VJG
20VJI,Available,Amateur Intermediate Radio Licence,VJI
20VJJ,Available,Amateur Intermediate Radio Licence,VJJ
20VJM,Available,Amateur Intermediate Radio Licence,VJM
20VJN,Available,Amateur Intermediate Radio Licence,VJN
20VJP,Available,Amateur Intermediate Radio Licence,VJP
20VJQ,Available,Amateur Intermediate Radio Licence,VJQ
20VJR,Available,Amateur Intermediate Radio Licence,VJR
20VJS,Available,Amateur Intermediate Radio Licence,VJS
20VJT,Available,Amateur Intermediate Radio Licence,VJT
20VJU,Available,Amateur Intermediate Radio Licence,VJU
20VJV,Available,Amateur Intermediate Radio Licence,VJV
20VJW,Available,Amateur Intermediate Radio Licence,VJW
20VJY,Available,Amateur Intermediate Radio Licence,VJY
20VJZ,Available,Amateur Intermediate Radio Licence,VJZ
20VKB,Available,Amateur Intermediate Radio Licence,VKB
20VKC,Available,Amateur Intermediate Radio Licence,VKC
20VKD,Available,Amateur Intermediate Radio Licence,VKD
20VKE,Available,Amateur Intermediate Radio Licence,VKE
20VKF,Available,Amateur Intermediate Radio Licence,VKF
20VKI,Available,Amateur Intermediate Radio Licence,VKI
20VKJ,Available,Amateur Intermediate Radio Licence,VKJ
20VKL,Available,Amateur Intermediate Radio Licence,VKL
20VKM,Available,Amateur Intermediate Radio Licence,VKM
20VKP,Available,Amateur Intermediate Radio Licence,VKP
20VKR,Available,Amateur Intermediate Radio Licence,VKR
20VKT,Available,Amateur Intermediate Radio Licence,VKT
20VKU,Available,Amateur Intermediate Radio Licence,VKU
20VKX,Available,Amateur Intermediate Radio Licence,VKX
20VKZ,Available,Amateur Intermediate Radio Licence,VKZ
20VLC,Available,Amateur Intermediate Radio Licence,VLC
20VLD,Available,Amateur Intermediate Radio Licence,VLD
20VLE,Available,Amateur Intermediate Radio Licence,VLE
20VLG,Available,Amateur Intermediate Radio Licence,VLG
20VLH,Available,Amateur Intermediate Radio Licence,VLH
20VLI,Available,Amateur Intermediate Radio Licence,VLI
20VLJ,Available,Amateur Intermediate Radio Licence,VLJ
20VLK,Available,Amateur Intermediate Radio Licence,VLK
20VLM,Available,Amateur Intermediate Radio Licence,VLM
20VLN,Available,Amateur Intermediate Radio Licence,VLN
20VLO,Available,Amateur Intermediate Radio Licence,VLO
20VLP,Available,Amateur Intermediate Radio Licence,VLP
20VLQ,Available,Amateur Intermediate Radio Licence,VLQ
20VLR,Available,Amateur Intermediate Radio Licence,VLR
20VLW,Available,Amateur Intermediate Radio Licence,VLW
20VLX,Available,Amateur Intermediate Radio Licence,VLX
20VLY,Available,Amateur Intermediate Radio Licence,VLY
20VLZ,Available,Amateur Intermediate Radio Licence,VLZ
20VMB,Available,Amateur Intermediate Radio Licence,VMB
20VMD,Available,Amateur Intermediate Radio Licence,VMD
20VME,Available,Amateur Intermediate Radio Licence,VME
20VMG,Available,Amateur Intermediate Radio Licence,VMG
20VMH,Available,Amateur Intermediate Radio Licence,VMH
20VMI,Available,Amateur Intermediate Radio Licence,VMI
20VMJ,Available,Amateur Intermediate Radio Licence,VMJ
20VMK,Available,Amateur Intermediate Radio Licence,VMK
20VML,Available,Amateur Intermediate Radio Licence,VML
20VMO,Available,Amateur Intermediate Radio Licence,VMO
20VMP,Available,Amateur Intermediate Radio Licence,VMP
20VMQ,Available,Amateur Intermediate Radio Licence,VMQ
20VMU,Available,Amateur Intermediate Radio Licence,VMU
20VMW,Available,Amateur Intermediate Radio Licence,VMW
20VMX,Available,Amateur Intermediate Radio Licence,VMX
20VMY,Available,Amateur Intermediate Radio Licence,VMY
20VNA,Available,Amateur Intermediate Radio Licence,VNA
20VNC,Available,Amateur Intermediate Radio Licence,VNC
20VND,Available,Amateur Intermediate Radio Licence,VND
20VNE,Available,Amateur Intermediate Radio Licence,VNE
20VNF,Available,Amateur Intermediate Radio Licence,VNF
20VNG,Available,Amateur Intermediate Radio Licence,VNG
20VNH,Available,Amateur Intermediate Radio Licence,VNH
20VNI,Available,Amateur Intermediate Radio Licence,VNI
20VNJ,Available,Amateur Intermediate Radio Licence,VNJ
20VNM,Available,Amateur Intermediate Radio Licence,VNM
20VNP,Available,Amateur Intermediate Radio Licence,VNP
20VNQ,Available,Amateur Intermediate Radio Licence,VNQ
20VNR,Available,Amateur Intermediate Radio Licence,VNR
20VNS,Available,Amateur Intermediate Radio Licence,VNS
20VNT,Available,Amateur Intermediate Radio Licence,VNT
20VNU,Available,Amateur Intermediate Radio Licence,VNU
20VNV,Available,Amateur Intermediate Radio Licence,VNV
20VNX,Available,Amateur Intermediate Radio Licence,VNX
20VNY,Available,Amateur Intermediate Radio Licence,VNY
20VNZ,Available,Amateur Intermediate Radio Licence,VNZ
20VOA,Available,Amateur Intermediate Radio Licence,VOA
20VOB,Available,Amateur Intermediate Radio Licence,VOB
20VOE,Available,Amateur Intermediate Radio Licence,VOE
20VOF,Available,Amateur Intermediate Radio Licence,VOF
20VOG,Available,Amateur Intermediate Radio Licence,VOG
20VOH,Available,Amateur Intermediate Radio Licence,VOH
20VOI,Available,Amateur Intermediate Radio Licence,VOI
20VOJ,Available,Amateur Intermediate Radio Licence,VOJ
20VON,Available,Amateur Intermediate Radio Licence,VON
20VOO,Available,Amateur Intermediate Radio Licence,VOO
20VOP,Available,Amateur Intermediate Radio Licence,VOP
20VOT,Available,Amateur Intermediate Radio Licence,VOT
20VOU,Available,Amateur Intermediate Radio Licence,VOU
20VOY,Available,Amateur Intermediate Radio Licence,VOY
20VOZ,Available,Amateur Intermediate Radio Licence,VOZ
20VPA,Available,Amateur Intermediate Radio Licence,VPA
20VPB,Available,Amateur Intermediate Radio Licence,VPB
20VPD,Available,Amateur Intermediate Radio Licence,VPD
20VPF,Available,Amateur Intermediate Radio Licence,VPF
20VPG,Available,Amateur Intermediate Radio Licence,VPG
20VPH,Available,Amateur Intermediate Radio Licence,VPH
20VPI,Available,Amateur Intermediate Radio Licence,VPI
20VPJ,Available,Amateur Intermediate Radio Licence,VPJ
20VPL,Available,Amateur Intermediate Radio Licence,VPL
20VPM,Available,Amateur Intermediate Radio Licence,VPM
20VPN,Available,Amateur Intermediate Radio Licence,VPN
20VPP,Available,Amateur Intermediate Radio Licence,VPP
20VPQ,Available,Amateur Intermediate Radio Licence,VPQ
20VPS,Available,Amateur Intermediate Radio Licence,VPS
20VPV,Available,Amateur Intermediate Radio Licence,VPV
20VPW,Available,Amateur Intermediate Radio Licence,VPW
20VPY,Available,Amateur Intermediate Radio Licence,VPY
20VQA,Available,Amateur Intermediate Radio Licence,VQA
20VQB,Available,Amateur Intermediate Radio Licence,VQB
20VQC,Available,Amateur Intermediate Radio Licence,VQC
20VQD,Available,Amateur Intermediate Radio Licence,VQD
20VQE,Available,Amateur Intermediate Radio Licence,VQE
20VQF,Available,Amateur Intermediate Radio Licence,VQF
20VQG,Available,Amateur Intermediate Radio Licence,VQG
20VQH,Available,Amateur Intermediate Radio Licence,VQH
20VQI,Available,Amateur Intermediate Radio Licence,VQI
20VQJ,Available,Amateur Intermediate Radio Licence,VQJ
20VQK,Available,Amateur Intermediate Radio Licence,VQK
20VQL,Available,Amateur Intermediate Radio Licence,VQL
20VQN,Available,Amateur Intermediate Radio Licence,VQN
20VQO,Available,Amateur Intermediate Radio Licence,VQO
20VQP,Available,Amateur Intermediate Radio Licence,VQP
20VQQ,Available,Amateur Intermediate Radio Licence,VQQ
20VQR,Available,Amateur Intermediate Radio Licence,VQR
20VQS,Available,Amateur Intermediate Radio Licence,VQS
20VQT,Available,Amateur Intermediate Radio Licence,VQT
20VQU,Available,Amateur Intermediate Radio Licence,VQU
20VQV,Available,Amateur Intermediate Radio Licence,VQV
20VQW,Available,Amateur Intermediate Radio Licence,VQW
20VQX,Available,Amateur Intermediate Radio Licence,VQX
20VQY,Available,Amateur Intermediate Radio Licence,VQY
20VQZ,Available,Amateur Intermediate Radio Licence,VQZ
20VRA,Available,Amateur Intermediate Radio Licence,VRA
20VRB,Available,Amateur Intermediate Radio Licence,VRB
20VRC,Available,Amateur Intermediate Radio Licence,VRC
20VRF,Available,Amateur Intermediate Radio Licence,VRF
20VRI,Available,Amateur Intermediate Radio Licence,VRI
20VRJ,Available,Amateur Intermediate Radio Licence,VRJ
20VRK,Available,Amateur Intermediate Radio Licence,VRK
20VRL,Available,Amateur Intermediate Radio Licence,VRL
20VRO,Available,Amateur Intermediate Radio Licence,VRO
20VRP,Available,Amateur Intermediate Radio Licence,VRP
20VRQ,Available,Amateur Intermediate Radio Licence,VRQ
20VRU,Available,Amateur Intermediate Radio Licence,VRU
20VRV,Available,Amateur Intermediate Radio Licence,VRV
20VRW,Available,Amateur Intermediate Radio Licence,VRW
20VRY,Available,Amateur Intermediate Radio Licence,VRY
20VRZ,Available,Amateur Intermediate Radio Licence,VRZ
20VSA,Available,Amateur Intermediate Radio Licence,VSA
20VSB,Available,Amateur Intermediate Radio Licence,VSB
20VSC,Available,Amateur Intermediate Radio Licence,VSC
20VSD,Available,Amateur Intermediate Radio Licence,VSD
20VSE,Available,Amateur Intermediate Radio Licence,VSE
20VSF,Available,Amateur Intermediate Radio Licence,VSF
20VSG,Available,Amateur Intermediate Radio Licence,VSG
20VSH,Available,Amateur Intermediate Radio Licence,VSH
20VSI,Available,Amateur Intermediate Radio Licence,VSI
20VSJ,Available,Amateur Intermediate Radio Licence,VSJ
20VSK,Available,Amateur Intermediate Radio Licence,VSK
20VSL,Available,Amateur Intermediate Radio Licence,VSL
20VSM,Available,Amateur Intermediate Radio Licence,VSM
20VSN,Available,Amateur Intermediate Radio Licence,VSN
20VSO,Available,Amateur Intermediate Radio Licence,VSO
20VSP,Available,Amateur Intermediate Radio Licence,VSP
20VSQ,Available,Amateur Intermediate Radio Licence,VSQ
20VSR,Available,Amateur Intermediate Radio Licence,VSR
20VSS,Available,Amateur Intermediate Radio Licence,VSS
20VST,Available,Amateur Intermediate Radio Licence,VST
20VSY,Available,Amateur Intermediate Radio Licence,VSY
20VSZ,Available,Amateur Intermediate Radio Licence,VSZ
20VTA,Available,Amateur Intermediate Radio Licence,VTA
20VTC,Available,Amateur Intermediate Radio Licence,VTC
20VTD,Available,Amateur Intermediate Radio Licence,VTD
20VTE,Available,Amateur Intermediate Radio Licence,VTE
20VTF,Available,Amateur Intermediate Radio Licence,VTF
20VTH,Available,Amateur Intermediate Radio Licence,VTH
20VTI,Available,Amateur Intermediate Radio Licence,VTI
20VTJ,Available,Amateur Intermediate Radio Licence,VTJ
20VTN,Available,Amateur Intermediate Radio Licence,VTN
20VTO,Available,Amateur Intermediate Radio Licence,VTO
20VTP,Available,Amateur Intermediate Radio Licence,VTP
20VTQ,Available,Amateur Intermediate Radio Licence,VTQ
20VTT,Available,Amateur Intermediate Radio Licence,VTT
20VTU,Available,Amateur Intermediate Radio Licence,VTU
20VTV,Available,Amateur Intermediate Radio Licence,VTV
20VTW,Available,Amateur Intermediate Radio Licence,VTW
20VTY,Available,Amateur Intermediate Radio Licence,VTY
20VTZ,Available,Amateur Intermediate Radio Licence,VTZ
20VUA,Available,Amateur Intermediate Radio Licence,VUA
20VUB,Available,Amateur Intermediate Radio Licence,VUB
20VUC,Available,Amateur Intermediate Radio Licence,VUC
20VUD,Available,Amateur Intermediate Radio Licence,VUD
20VUE,Available,Amateur Intermediate Radio Licence,VUE
20VUF,Available,Amateur Intermediate Radio Licence,VUF
20VUG,Available,Amateur Intermediate Radio Licence,VUG
20VUH,Available,Amateur Intermediate Radio Licence,VUH
20VUI,Available,Amateur Intermediate Radio Licence,VUI
20VUJ,Available,Amateur Intermediate Radio Licence,VUJ
20VUL,Available,Amateur Intermediate Radio Licence,VUL
20VUM,Available,Amateur Intermediate Radio Licence,VUM
20VUN,Available,Amateur Intermediate Radio Licence,VUN
20VUO,Available,Amateur Intermediate Radio Licence,VUO
20VUP,Available,Amateur Intermediate Radio Licence,VUP
20VUQ,Available,Amateur Intermediate Radio Licence,VUQ
20VUR,Available,Amateur Intermediate Radio Licence,VUR
20VUS,Available,Amateur Intermediate Radio Licence,VUS
20VUT,Available,Amateur Intermediate Radio Licence,VUT
20VUU,Available,Amateur Intermediate Radio Licence,VUU
20VUX,Available,Amateur Intermediate Radio Licence,VUX
20VUY,Available,Amateur Intermediate Radio Licence,VUY
20VUZ,Available,Amateur Intermediate Radio Licence,VUZ
20VVA,Available,Amateur Intermediate Radio Licence,VVA
20VVB,Available,Amateur Intermediate Radio Licence,VVB
20VVD,Available,Amateur Intermediate Radio Licence,VVD
20VVF,Available,Amateur Intermediate Radio Licence,VVF
20VVG,Available,Amateur Intermediate Radio Licence,VVG
20VVH,Available,Amateur Intermediate Radio Licence,VVH
20VVI,Available,Amateur Intermediate Radio Licence,VVI
20VVK,Available,Amateur Intermediate Radio Licence,VVK
20VVM,Available,Amateur Intermediate Radio Licence,VVM
20VVN,Available,Amateur Intermediate Radio Licence,VVN
20VVP,Available,Amateur Intermediate Radio Licence,VVP
20VVR,Available,Amateur Intermediate Radio Licence,VVR
20VVU,Available,Amateur Intermediate Radio Licence,VVU
20VVW,Available,Amateur Intermediate Radio Licence,VVW
20VVX,Available,Amateur Intermediate Radio Licence,VVX
20VVY,Available,Amateur Intermediate Radio Licence,VVY
20VVZ,Available,Amateur Intermediate Radio Licence,VVZ
20VWA,Available,Amateur Intermediate Radio Licence,VWA
20VWC,Available,Amateur Intermediate Radio Licence,VWC
20VWD,Available,Amateur Intermediate Radio Licence,VWD
20VWE,Available,Amateur Intermediate Radio Licence,VWE
20VWF,Available,Amateur Intermediate Radio Licence,VWF
20VWH,Available,Amateur Intermediate Radio Licence,VWH
20VWJ,Available,Amateur Intermediate Radio Licence,VWJ
20VWL,Available,Amateur Intermediate Radio Licence,VWL
20VWM,Available,Amateur Intermediate Radio Licence,VWM
20VWN,Available,Amateur Intermediate Radio Licence,VWN
20VWO,Available,Amateur Intermediate Radio Licence,VWO
20VWP,Available,Amateur Intermediate Radio Licence,VWP
20VWQ,Available,Amateur Intermediate Radio Licence,VWQ
20VWR,Available,Amateur Intermediate Radio Licence,VWR
20VWS,Available,Amateur Intermediate Radio Licence,VWS
20VWT,Available,Amateur Intermediate Radio Licence,VWT
20VWU,Available,Amateur Intermediate Radio Licence,VWU
20VWV,Available,Amateur Intermediate Radio Licence,VWV
20VWY,Available,Amateur Intermediate Radio Licence,VWY
20VWZ,Available,Amateur Intermediate Radio Licence,VWZ
20VXA,Available,Amateur Intermediate Radio Licence,VXA
20VXC,Available,Amateur Intermediate Radio Licence,VXC
20VXD,Available,Amateur Intermediate Radio Licence,VXD
20VXE,Available,Amateur Intermediate Radio Licence,VXE
20VXF,Available,Amateur Intermediate Radio Licence,VXF
20VXG,Available,Amateur Intermediate Radio Licence,VXG
20VXH,Available,Amateur Intermediate Radio Licence,VXH
20VXJ,Available,Amateur Intermediate Radio Licence,VXJ
20VXK,Available,Amateur Intermediate Radio Licence,VXK
20VXM,Available,Amateur Intermediate Radio Licence,VXM
20VXO,Available,Amateur Intermediate Radio Licence,VXO
20VXP,Available,Amateur Intermediate Radio Licence,VXP
20VXQ,Available,Amateur Intermediate Radio Licence,VXQ
20VXS,Available,Amateur Intermediate Radio Licence,VXS
20VXU,Available,Amateur Intermediate Radio Licence,VXU
20VXV,Available,Amateur Intermediate Radio Licence,VXV
20VXW,Available,Amateur Intermediate Radio Licence,VXW
20VXY,Available,Amateur Intermediate Radio Licence,VXY
20VXZ,Available,Amateur Intermediate Radio Licence,VXZ
20VYA,Available,Amateur Intermediate Radio Licence,VYA
20VYB,Available,Amateur Intermediate Radio Licence,VYB
20VYC,Available,Amateur Intermediate Radio Licence,VYC
20VYD,Available,Amateur Intermediate Radio Licence,VYD
20VYE,Available,Amateur Intermediate Radio Licence,VYE
20VYF,Available,Amateur Intermediate Radio Licence,VYF
20VYG,Available,Amateur Intermediate Radio Licence,VYG
20VYH,Available,Amateur Intermediate Radio Licence,VYH
20VYI,Available,Amateur Intermediate Radio Licence,VYI
20VYJ,Available,Amateur Intermediate Radio Licence,VYJ
20VYK,Available,Amateur Intermediate Radio Licence,VYK
20VYL,Available,Amateur Intermediate Radio Licence,VYL
20VYM,Available,Amateur Intermediate Radio Licence,VYM
20VYN,Available,Amateur Intermediate Radio Licence,VYN
20VYO,Available,Amateur Intermediate Radio Licence,VYO
20VYP,Available,Amateur Intermediate Radio Licence,VYP
20VYQ,Available,Amateur Intermediate Radio Licence,VYQ
20VYR,Available,Amateur Intermediate Radio Licence,VYR
20VYS,Available,Amateur Intermediate Radio Licence,VYS
20VYT,Available,Amateur Intermediate Radio Licence,VYT
20VYU,Available,Amateur Intermediate Radio Licence,VYU
20VYX,Available,Amateur Intermediate Radio Licence,VYX
20VYY,Available,Amateur Intermediate Radio Licence,VYY
20VYZ,Available,Amateur Intermediate Radio Licence,VYZ
20VZA,Available,Amateur Intermediate Radio Licence,VZA
20VZB,Available,Amateur Intermediate Radio Licence,VZB
20VZC,Available,Amateur Intermediate Radio Licence,VZC
20VZD,Available,Amateur Intermediate Radio Licence,VZD
20VZE,Available,Amateur Intermediate Radio Licence,VZE
20VZF,Available,Amateur Intermediate Radio Licence,VZF
20VZG,Available,Amateur Intermediate Radio Licence,VZG
20VZH,Available,Amateur Intermediate Radio Licence,VZH
20VZI,Available,Amateur Intermediate Radio Licence,VZI
20VZM,Available,Amateur Intermediate Radio Licence,VZM
20VZN,Available,Amateur Intermediate Radio Licence,VZN
20VZO,Available,Amateur Intermediate Radio Licence,VZO
20VZP,Available,Amateur Intermediate Radio Licence,VZP
20VZQ,Available,Amateur Intermediate Radio Licence,VZQ
20VZR,Available,Amateur Intermediate Radio Licence,VZR
20VZS,Available,Amateur Intermediate Radio Licence,VZS
20VZT,Available,Amateur Intermediate Radio Licence,VZT
20VZU,Available,Amateur Intermediate Radio Licence,VZU
20VZV,Available,Amateur Intermediate Radio Licence,VZV
20VZW,Available,Amateur Intermediate Radio Licence,VZW
20VZX,Available,Amateur Intermediate Radio Licence,VZX
20VZY,Available,Amateur Intermediate Radio Licence,VZY
20VZZ,Available,Amateur Intermediate Radio Licence,VZZ
20WBS,Available,Amateur Intermediate Radio Licence,WBS
20WBV,Available,Amateur Intermediate Radio Licence,WBV
20WBX,Available,Amateur Intermediate Radio Licence,WBX
20WBZ,Available,Amateur Intermediate Radio Licence,WBZ
20WCC,Available,Amateur Intermediate Radio Licence,WCC
20WCF,Available,Amateur Intermediate Radio Licence,WCF
20WCG,Available,Amateur Intermediate Radio Licence,WCG
20WCI,Available,Amateur Intermediate Radio Licence,WCI
20WCJ,Available,Amateur Intermediate Radio Licence,WCJ
20WCL,Available,Amateur Intermediate Radio Licence,WCL
20WCN,Available,Amateur Intermediate Radio Licence,WCN
20WCP,Available,Amateur Intermediate Radio Licence,WCP
20WCQ,Available,Amateur Intermediate Radio Licence,WCQ
20WCR,Available,Amateur Intermediate Radio Licence,WCR
20WCS,Available,Amateur Intermediate Radio Licence,WCS
20WCU,Available,Amateur Intermediate Radio Licence,WCU
20WCV,Available,Amateur Intermediate Radio Licence,WCV
20WCY,Available,Amateur Intermediate Radio Licence,WCY
20WCZ,Available,Amateur Intermediate Radio Licence,WCZ
20WDA,Available,Amateur Intermediate Radio Licence,WDA
20WDC,Available,Amateur Intermediate Radio Licence,WDC
20WDG,Available,Amateur Intermediate Radio Licence,WDG
20WDK,Available,Amateur Intermediate Radio Licence,WDK
20WDL,Available,Amateur Intermediate Radio Licence,WDL
20WDN,Available,Amateur Intermediate Radio Licence,WDN
20WDO,Available,Amateur Intermediate Radio Licence,WDO
20WDP,Available,Amateur Intermediate Radio Licence,WDP
20WDQ,Available,Amateur Intermediate Radio Licence,WDQ
20WDR,Available,Amateur Intermediate Radio Licence,WDR
20WDT,Available,Amateur Intermediate Radio Licence,WDT
20WDU,Available,Amateur Intermediate Radio Licence,WDU
20WDV,Available,Amateur Intermediate Radio Licence,WDV
20WDW,Available,Amateur Intermediate Radio Licence,WDW
20WDZ,Available,Amateur Intermediate Radio Licence,WDZ
20WEA,Available,Amateur Intermediate Radio Licence,WEA
20WED,Available,Amateur Intermediate Radio Licence,WED
20WEH,Available,Amateur Intermediate Radio Licence,WEH
20WEI,Available,Amateur Intermediate Radio Licence,WEI
20WEK,Available,Amateur Intermediate Radio Licence,WEK
20WEM,Available,Amateur Intermediate Radio Licence,WEM
20WEO,Available,Amateur Intermediate Radio Licence,WEO
20WEQ,Available,Amateur Intermediate Radio Licence,WEQ
20WER,Available,Amateur Intermediate Radio Licence,WER
20WEU,Available,Amateur Intermediate Radio Licence,WEU
20WEW,Available,Amateur Intermediate Radio Licence,WEW
20WEY,Available,Amateur Intermediate Radio Licence,WEY
20WFA,Available,Amateur Intermediate Radio Licence,WFA
20WFD,Available,Amateur Intermediate Radio Licence,WFD
20WFE,Available,Amateur Intermediate Radio Licence,WFE
20WFF,Available,Amateur Intermediate Radio Licence,WFF
20WFH,Available,Amateur Intermediate Radio Licence,WFH
20WFI,Available,Amateur Intermediate Radio Licence,WFI
20WFJ,Available,Amateur Intermediate Radio Licence,WFJ
20WFK,Available,Amateur Intermediate Radio Licence,WFK
20WFL,Available,Amateur Intermediate Radio Licence,WFL
20WFP,Available,Amateur Intermediate Radio Licence,WFP
20WFQ,Available,Amateur Intermediate Radio Licence,WFQ
20WFR,Available,Amateur Intermediate Radio Licence,WFR
20WFS,Available,Amateur Intermediate Radio Licence,WFS
20WFT,Available,Amateur Intermediate Radio Licence,WFT
20WFU,Available,Amateur Intermediate Radio Licence,WFU
20WFV,Available,Amateur Intermediate Radio Licence,WFV
20WFW,Available,Amateur Intermediate Radio Licence,WFW
20WFY,Available,Amateur Intermediate Radio Licence,WFY
20WFZ,Available,Amateur Intermediate Radio Licence,WFZ
20WGD,Available,Amateur Intermediate Radio Licence,WGD
20WGF,Available,Amateur Intermediate Radio Licence,WGF
20WGG,Available,Amateur Intermediate Radio Licence,WGG
20WGJ,Available,Amateur Intermediate Radio Licence,WGJ
20WGK,Available,Amateur Intermediate Radio Licence,WGK
20WGN,Available,Amateur Intermediate Radio Licence,WGN
20WGQ,Available,Amateur Intermediate Radio Licence,WGQ
20WGR,Available,Amateur Intermediate Radio Licence,WGR
20WGT,Available,Amateur Intermediate Radio Licence,WGT
20WGU,Available,Amateur Intermediate Radio Licence,WGU
20WGV,Available,Amateur Intermediate Radio Licence,WGV
20WGW,Available,Amateur Intermediate Radio Licence,WGW
20WGX,Available,Amateur Intermediate Radio Licence,WGX
20WGY,Available,Amateur Intermediate Radio Licence,WGY
20WHB,Available,Amateur Intermediate Radio Licence,WHB
20WHC,Available,Amateur Intermediate Radio Licence,WHC
20WHE,Available,Amateur Intermediate Radio Licence,WHE
20WHF,Available,Amateur Intermediate Radio Licence,WHF
20WHI,Available,Amateur Intermediate Radio Licence,WHI
20WHJ,Available,Amateur Intermediate Radio Licence,WHJ
20WHK,Available,Amateur Intermediate Radio Licence,WHK
20WHL,Available,Amateur Intermediate Radio Licence,WHL
20WHM,Available,Amateur Intermediate Radio Licence,WHM
20WHP,Available,Amateur Intermediate Radio Licence,WHP
20WHQ,Available,Amateur Intermediate Radio Licence,WHQ
20WHS,Available,Amateur Intermediate Radio Licence,WHS
20WHT,Available,Amateur Intermediate Radio Licence,WHT
20WHV,Available,Amateur Intermediate Radio Licence,WHV
20WHX,Available,Amateur Intermediate Radio Licence,WHX
20WHZ,Available,Amateur Intermediate Radio Licence,WHZ
20WID,Available,Amateur Intermediate Radio Licence,WID
20WIF,Available,Amateur Intermediate Radio Licence,WIF
20WIH,Available,Amateur Intermediate Radio Licence,WIH
20WII,Available,Amateur Intermediate Radio Licence,WII
20WIJ,Available,Amateur Intermediate Radio Licence,WIJ
20WIK,Available,Amateur Intermediate Radio Licence,WIK
20WIM,Available,Amateur Intermediate Radio Licence,WIM
20WIO,Available,Amateur Intermediate Radio Licence,WIO
20WIQ,Available,Amateur Intermediate Radio Licence,WIQ
20WIR,Available,Amateur Intermediate Radio Licence,WIR
20WIT,Available,Amateur Intermediate Radio Licence,WIT
20WIU,Available,Amateur Intermediate Radio Licence,WIU
20WIV,Available,Amateur Intermediate Radio Licence,WIV
20WIX,Available,Amateur Intermediate Radio Licence,WIX
20WIY,Available,Amateur Intermediate Radio Licence,WIY
20WJD,Available,Amateur Intermediate Radio Licence,WJD
20WJF,Available,Amateur Intermediate Radio Licence,WJF
20WJG,Available,Amateur Intermediate Radio Licence,WJG
20WJH,Available,Amateur Intermediate Radio Licence,WJH
20WJJ,Available,Amateur Intermediate Radio Licence,WJJ
20WJK,Available,Amateur Intermediate Radio Licence,WJK
20WJM,Available,Amateur Intermediate Radio Licence,WJM
20WJN,Available,Amateur Intermediate Radio Licence,WJN
20WJO,Available,Amateur Intermediate Radio Licence,WJO
20WJP,Available,Amateur Intermediate Radio Licence,WJP
20WJQ,Available,Amateur Intermediate Radio Licence,WJQ
20WJU,Available,Amateur Intermediate Radio Licence,WJU
20WJW,Available,Amateur Intermediate Radio Licence,WJW
20WJX,Available,Amateur Intermediate Radio Licence,WJX
20WJY,Available,Amateur Intermediate Radio Licence,WJY
20WJZ,Available,Amateur Intermediate Radio Licence,WJZ
20WKB,Available,Amateur Intermediate Radio Licence,WKB
20WKC,Available,Amateur Intermediate Radio Licence,WKC
20WKF,Available,Amateur Intermediate Radio Licence,WKF
20WKI,Available,Amateur Intermediate Radio Licence,WKI
20WKJ,Available,Amateur Intermediate Radio Licence,WKJ
20WKK,Available,Amateur Intermediate Radio Licence,WKK
20WKL,Available,Amateur Intermediate Radio Licence,WKL
20WKM,Available,Amateur Intermediate Radio Licence,WKM
20WKN,Available,Amateur Intermediate Radio Licence,WKN
20WKO,Available,Amateur Intermediate Radio Licence,WKO
20WKP,Available,Amateur Intermediate Radio Licence,WKP
20WKQ,Available,Amateur Intermediate Radio Licence,WKQ
20WKS,Available,Amateur Intermediate Radio Licence,WKS
20WKU,Available,Amateur Intermediate Radio Licence,WKU
20WKW,Available,Amateur Intermediate Radio Licence,WKW
20WKX,Available,Amateur Intermediate Radio Licence,WKX
20WKY,Available,Amateur Intermediate Radio Licence,WKY
20WLB,Available,Amateur Intermediate Radio Licence,WLB
20WLE,Available,Amateur Intermediate Radio Licence,WLE
20WLF,Available,Amateur Intermediate Radio Licence,WLF
20WLG,Available,Amateur Intermediate Radio Licence,WLG
20WLI,Available,Amateur Intermediate Radio Licence,WLI
20WLJ,Available,Amateur Intermediate Radio Licence,WLJ
20WLO,Available,Amateur Intermediate Radio Licence,WLO
20WLP,Available,Amateur Intermediate Radio Licence,WLP
20WLQ,Available,Amateur Intermediate Radio Licence,WLQ
20WLU,Available,Amateur Intermediate Radio Licence,WLU
20WLV,Available,Amateur Intermediate Radio Licence,WLV
20WLW,Available,Amateur Intermediate Radio Licence,WLW
20WLZ,Available,Amateur Intermediate Radio Licence,WLZ
20WMA,Available,Amateur Intermediate Radio Licence,WMA
20WME,Available,Amateur Intermediate Radio Licence,WME
20WMF,Available,Amateur Intermediate Radio Licence,WMF
20WMI,Available,Amateur Intermediate Radio Licence,WMI
20WMK,Available,Amateur Intermediate Radio Licence,WMK
20WML,Available,Amateur Intermediate Radio Licence,WML
20WMM,Available,Amateur Intermediate Radio Licence,WMM
20WMN,Available,Amateur Intermediate Radio Licence,WMN
20WMO,Available,Amateur Intermediate Radio Licence,WMO
20WMQ,Available,Amateur Intermediate Radio Licence,WMQ
20WMT,Available,Amateur Intermediate Radio Licence,WMT
20WMV,Available,Amateur Intermediate Radio Licence,WMV
20WMW,Available,Amateur Intermediate Radio Licence,WMW
20WMX,Available,Amateur Intermediate Radio Licence,WMX
20WMZ,Available,Amateur Intermediate Radio Licence,WMZ
20WNA,Available,Amateur Intermediate Radio Licence,WNA
20WNC,Available,Amateur Intermediate Radio Licence,WNC
20WND,Available,Amateur Intermediate Radio Licence,WND
20WNE,Available,Amateur Intermediate Radio Licence,WNE
20WNH,Available,Amateur Intermediate Radio Licence,WNH
20WNL,Available,Amateur Intermediate Radio Licence,WNL
20WNN,Available,Amateur Intermediate Radio Licence,WNN
20WNO,Available,Amateur Intermediate Radio Licence,WNO
20WNP,Available,Amateur Intermediate Radio Licence,WNP
20WNQ,Available,Amateur Intermediate Radio Licence,WNQ
20WNR,Available,Amateur Intermediate Radio Licence,WNR
20WNS,Available,Amateur Intermediate Radio Licence,WNS
20WNU,Available,Amateur Intermediate Radio Licence,WNU
20WNV,Available,Amateur Intermediate Radio Licence,WNV
20WNX,Available,Amateur Intermediate Radio Licence,WNX
20WNY,Available,Amateur Intermediate Radio Licence,WNY
20WNZ,Available,Amateur Intermediate Radio Licence,WNZ
20WOC,Available,Amateur Intermediate Radio Licence,WOC
20WOF,Available,Amateur Intermediate Radio Licence,WOF
20WOH,Available,Amateur Intermediate Radio Licence,WOH
20WOI,Available,Amateur Intermediate Radio Licence,WOI
20WOK,Available,Amateur Intermediate Radio Licence,WOK
20WOQ,Available,Amateur Intermediate Radio Licence,WOQ
20WOU,Available,Amateur Intermediate Radio Licence,WOU
20WOV,Available,Amateur Intermediate Radio Licence,WOV
20WOX,Available,Amateur Intermediate Radio Licence,WOX
20WOY,Available,Amateur Intermediate Radio Licence,WOY
20WPB,Available,Amateur Intermediate Radio Licence,WPB
20WPD,Available,Amateur Intermediate Radio Licence,WPD
20WPF,Available,Amateur Intermediate Radio Licence,WPF
20WPG,Available,Amateur Intermediate Radio Licence,WPG
20WPI,Available,Amateur Intermediate Radio Licence,WPI
20WPL,Available,Amateur Intermediate Radio Licence,WPL
20WPM,Available,Amateur Intermediate Radio Licence,WPM
20WPN,Available,Amateur Intermediate Radio Licence,WPN
20WPO,Available,Amateur Intermediate Radio Licence,WPO
20WPP,Available,Amateur Intermediate Radio Licence,WPP
20WPQ,Available,Amateur Intermediate Radio Licence,WPQ
20WPR,Available,Amateur Intermediate Radio Licence,WPR
20WPS,Available,Amateur Intermediate Radio Licence,WPS
20WPU,Available,Amateur Intermediate Radio Licence,WPU
20WPV,Available,Amateur Intermediate Radio Licence,WPV
20WPW,Available,Amateur Intermediate Radio Licence,WPW
20WPY,Available,Amateur Intermediate Radio Licence,WPY
20WQA,Available,Amateur Intermediate Radio Licence,WQA
20WQB,Available,Amateur Intermediate Radio Licence,WQB
20WQC,Available,Amateur Intermediate Radio Licence,WQC
20WQD,Available,Amateur Intermediate Radio Licence,WQD
20WQE,Available,Amateur Intermediate Radio Licence,WQE
20WQF,Available,Amateur Intermediate Radio Licence,WQF
20WQG,Available,Amateur Intermediate Radio Licence,WQG
20WQH,Available,Amateur Intermediate Radio Licence,WQH
20WQI,Available,Amateur Intermediate Radio Licence,WQI
20WQJ,Available,Amateur Intermediate Radio Licence,WQJ
20WQL,Available,Amateur Intermediate Radio Licence,WQL
20WQM,Available,Amateur Intermediate Radio Licence,WQM
20WQN,Available,Amateur Intermediate Radio Licence,WQN
20WQO,Available,Amateur Intermediate Radio Licence,WQO
20WQP,Available,Amateur Intermediate Radio Licence,WQP
20WQQ,Available,Amateur Intermediate Radio Licence,WQQ
20WQS,Available,Amateur Intermediate Radio Licence,WQS
20WQT,Available,Amateur Intermediate Radio Licence,WQT
20WQU,Available,Amateur Intermediate Radio Licence,WQU
20WQV,Available,Amateur Intermediate Radio Licence,WQV
20WQW,Available,Amateur Intermediate Radio Licence,WQW
20WQX,Available,Amateur Intermediate Radio Licence,WQX
20WQY,Available,Amateur Intermediate Radio Licence,WQY
20WQZ,Available,Amateur Intermediate Radio Licence,WQZ
20WRB,Available,Amateur Intermediate Radio Licence,WRB
20WRD,Available,Amateur Intermediate Radio Licence,WRD
20WRE,Available,Amateur Intermediate Radio Licence,WRE
20WRG,Available,Amateur Intermediate Radio Licence,WRG
20WRI,Available,Amateur Intermediate Radio Licence,WRI
20WRJ,Available,Amateur Intermediate Radio Licence,WRJ
20WRK,Available,Amateur Intermediate Radio Licence,WRK
20WRL,Available,Amateur Intermediate Radio Licence,WRL
20WRN,Available,Amateur Intermediate Radio Licence,WRN
20WRO,Available,Amateur Intermediate Radio Licence,WRO
20WRQ,Available,Amateur Intermediate Radio Licence,WRQ
20WRT,Available,Amateur Intermediate Radio Licence,WRT
20WRU,Available,Amateur Intermediate Radio Licence,WRU
20WRV,Available,Amateur Intermediate Radio Licence,WRV
20WRW,Available,Amateur Intermediate Radio Licence,WRW
20WSC,Available,Amateur Intermediate Radio Licence,WSC
20WSE,Available,Amateur Intermediate Radio Licence,WSE
20WSG,Available,Amateur Intermediate Radio Licence,WSG
20WSI,Available,Amateur Intermediate Radio Licence,WSI
20WSN,Available,Amateur Intermediate Radio Licence,WSN
20WSO,Available,Amateur Intermediate Radio Licence,WSO
20WSP,Available,Amateur Intermediate Radio Licence,WSP
20WSQ,Available,Amateur Intermediate Radio Licence,WSQ
20WSU,Available,Amateur Intermediate Radio Licence,WSU
20WSV,Available,Amateur Intermediate Radio Licence,WSV
20WSY,Available,Amateur Intermediate Radio Licence,WSY
20WSZ,Available,Amateur Intermediate Radio Licence,WSZ
20WTI,Available,Amateur Intermediate Radio Licence,WTI
20WTJ,Available,Amateur Intermediate Radio Licence,WTJ
20WTK,Available,Amateur Intermediate Radio Licence,WTK
20WTL,Available,Amateur Intermediate Radio Licence,WTL
20WTM,Available,Amateur Intermediate Radio Licence,WTM
20WTO,Available,Amateur Intermediate Radio Licence,WTO
20WTP,Available,Amateur Intermediate Radio Licence,WTP
20WTR,Available,Amateur Intermediate Radio Licence,WTR
20WTS,Available,Amateur Intermediate Radio Licence,WTS
20WTU,Available,Amateur Intermediate Radio Licence,WTU
20WTV,Available,Amateur Intermediate Radio Licence,WTV
20WTW,Available,Amateur Intermediate Radio Licence,WTW
20WUA,Available,Amateur Intermediate Radio Licence,WUA
20WUB,Available,Amateur Intermediate Radio Licence,WUB
20WUC,Available,Amateur Intermediate Radio Licence,WUC
20WUD,Available,Amateur Intermediate Radio Licence,WUD
20WUE,Available,Amateur Intermediate Radio Licence,WUE
20WUG,Available,Amateur Intermediate Radio Licence,WUG
20WUH,Available,Amateur Intermediate Radio Licence,WUH
20WUI,Available,Amateur Intermediate Radio Licence,WUI
20WUJ,Available,Amateur Intermediate Radio Licence,WUJ
20WUK,Available,Amateur Intermediate Radio Licence,WUK
20WUM,Available,Amateur Intermediate Radio Licence,WUM
20WUO,Available,Amateur Intermediate Radio Licence,WUO
20WUP,Available,Amateur Intermediate Radio Licence,WUP
20WUQ,Available,Amateur Intermediate Radio Licence,WUQ
20WUR,Available,Amateur Intermediate Radio Licence,WUR
20WUS,Available,Amateur Intermediate Radio Licence,WUS
20WUU,Available,Amateur Intermediate Radio Licence,WUU
20WUV,Available,Amateur Intermediate Radio Licence,WUV
20WUW,Available,Amateur Intermediate Radio Licence,WUW
20WUX,Available,Amateur Intermediate Radio Licence,WUX
20WUY,Available,Amateur Intermediate Radio Licence,WUY
20WUZ,Available,Amateur Intermediate Radio Licence,WUZ
20WVA,Available,Amateur Intermediate Radio Licence,WVA
20WVC,Available,Amateur Intermediate Radio Licence,WVC
20WVF,Available,Amateur Intermediate Radio Licence,WVF
20WVG,Available,Amateur Intermediate Radio Licence,WVG
20WVH,Available,Amateur Intermediate Radio Licence,WVH
20WVI,Available,Amateur Intermediate Radio Licence,WVI
20WVJ,Available,Amateur Intermediate Radio Licence,WVJ
20WVL,Available,Amateur Intermediate Radio Licence,WVL
20WVN,Available,Amateur Intermediate Radio Licence,WVN
20WVO,Available,Amateur Intermediate Radio Licence,WVO
20WVP,Available,Amateur Intermediate Radio Licence,WVP
20WVQ,Available,Amateur Intermediate Radio Licence,WVQ
20WVT,Available,Amateur Intermediate Radio Licence,WVT
20WVU,Available,Amateur Intermediate Radio Licence,WVU
20WVV,Available,Amateur Intermediate Radio Licence,WVV
20WVW,Available,Amateur Intermediate Radio Licence,WVW
20WVX,Available,Amateur Intermediate Radio Licence,WVX
20WVY,Available,Amateur Intermediate Radio Licence,WVY
20WWA,Available,Amateur Intermediate Radio Licence,WWA
20WWB,Available,Amateur Intermediate Radio Licence,WWB
20WWC,Available,Amateur Intermediate Radio Licence,WWC
20WWD,Available,Amateur Intermediate Radio Licence,WWD
20WWE,Available,Amateur Intermediate Radio Licence,WWE
20WWF,Available,Amateur Intermediate Radio Licence,WWF
20WWG,Available,Amateur Intermediate Radio Licence,WWG
20WWH,Available,Amateur Intermediate Radio Licence,WWH
20WWI,Available,Amateur Intermediate Radio Licence,WWI
20WWJ,Available,Amateur Intermediate Radio Licence,WWJ
20WWK,Available,Amateur Intermediate Radio Licence,WWK
20WWL,Available,Amateur Intermediate Radio Licence,WWL
20WWO,Available,Amateur Intermediate Radio Licence,WWO
20WWP,Available,Amateur Intermediate Radio Licence,WWP
20WWQ,Available,Amateur Intermediate Radio Licence,WWQ
20WWU,Available,Amateur Intermediate Radio Licence,WWU
20WWV,Available,Amateur Intermediate Radio Licence,WWV
20WWY,Available,Amateur Intermediate Radio Licence,WWY
20WXA,Available,Amateur Intermediate Radio Licence,WXA
20WXB,Available,Amateur Intermediate Radio Licence,WXB
20WXC,Available,Amateur Intermediate Radio Licence,WXC
20WXF,Available,Amateur Intermediate Radio Licence,WXF
20WXG,Available,Amateur Intermediate Radio Licence,WXG
20WXH,Available,Amateur Intermediate Radio Licence,WXH
20WXI,Available,Amateur Intermediate Radio Licence,WXI
20WXJ,Available,Amateur Intermediate Radio Licence,WXJ
20WXK,Available,Amateur Intermediate Radio Licence,WXK
20WXN,Available,Amateur Intermediate Radio Licence,WXN
20WXO,Available,Amateur Intermediate Radio Licence,WXO
20WXP,Available,Amateur Intermediate Radio Licence,WXP
20WXQ,Available,Amateur Intermediate Radio Licence,WXQ
20WXR,Available,Amateur Intermediate Radio Licence,WXR
20WXU,Available,Amateur Intermediate Radio Licence,WXU
20WXW,Available,Amateur Intermediate Radio Licence,WXW
20WXX,Available,Amateur Intermediate Radio Licence,WXX
20WXY,Available,Amateur Intermediate Radio Licence,WXY
20WXZ,Available,Amateur Intermediate Radio Licence,WXZ
20WYA,Available,Amateur Intermediate Radio Licence,WYA
20WYC,Available,Amateur Intermediate Radio Licence,WYC
20WYD,Available,Amateur Intermediate Radio Licence,WYD
20WYF,Available,Amateur Intermediate Radio Licence,WYF
20WYG,Available,Amateur Intermediate Radio Licence,WYG
20WYH,Available,Amateur Intermediate Radio Licence,WYH
20WYI,Available,Amateur Intermediate Radio Licence,WYI
20WYJ,Available,Amateur Intermediate Radio Licence,WYJ
20WYK,Available,Amateur Intermediate Radio Licence,WYK
20WYL,Available,Amateur Intermediate Radio Licence,WYL
20WYO,Available,Amateur Intermediate Radio Licence,WYO
20WYQ,Available,Amateur Intermediate Radio Licence,WYQ
20WYR,Available,Amateur Intermediate Radio Licence,WYR
20WYS,Available,Amateur Intermediate Radio Licence,WYS
20WYU,Available,Amateur Intermediate Radio Licence,WYU
20WYV,Available,Amateur Intermediate Radio Licence,WYV
20WYW,Available,Amateur Intermediate Radio Licence,WYW
20WYX,Available,Amateur Intermediate Radio Licence,WYX
20WYY,Available,Amateur Intermediate Radio Licence,WYY
20WZA,Available,Amateur Intermediate Radio Licence,WZA
20WZC,Available,Amateur Intermediate Radio Licence,WZC
20WZE,Available,Amateur Intermediate Radio Licence,WZE
20WZF,Available,Amateur Intermediate Radio Licence,WZF
20WZG,Available,Amateur Intermediate Radio Licence,WZG
20WZH,Available,Amateur Intermediate Radio Licence,WZH
20WZI,Available,Amateur Intermediate Radio Licence,WZI
20WZJ,Available,Amateur Intermediate Radio Licence,WZJ
20WZK,Available,Amateur Intermediate Radio Licence,WZK
20WZL,Available,Amateur Intermediate Radio Licence,WZL
20WZM,Available,Amateur Intermediate Radio Licence,WZM
20WZN,Available,Amateur Intermediate Radio Licence,WZN
20WZP,Available,Amateur Intermediate Radio Licence,WZP
20WZQ,Available,Amateur Intermediate Radio Licence,WZQ
20WZR,Available,Amateur Intermediate Radio Licence,WZR
20WZS,Available,Amateur Intermediate Radio Licence,WZS
20WZU,Available,Amateur Intermediate Radio Licence,WZU
20WZV,Available,Amateur Intermediate Radio Licence,WZV
20WZW,Available,Amateur Intermediate Radio Licence,WZW
20WZX,Available,Amateur Intermediate Radio Licence,WZX
20WZY,Available,Amateur Intermediate Radio Licence,WZY
20XBA,Available,Amateur Intermediate Radio Licence,XBA
20XBB,Available,Amateur Intermediate Radio Licence,XBB
20XBG,Available,Amateur Intermediate Radio Licence,XBG
20XBJ,Available,Amateur Intermediate Radio Licence,XBJ
20XBL,Available,Amateur Intermediate Radio Licence,XBL
20XBO,Available,Amateur Intermediate Radio Licence,XBO
20XBP,Available,Amateur Intermediate Radio Licence,XBP
20XBQ,Available,Amateur Intermediate Radio Licence,XBQ
20XBS,Available,Amateur Intermediate Radio Licence,XBS
20XBU,Available,Amateur Intermediate Radio Licence,XBU
20XBV,Available,Amateur Intermediate Radio Licence,XBV
20XBW,Available,Amateur Intermediate Radio Licence,XBW
20XBY,Available,Amateur Intermediate Radio Licence,XBY
20XBZ,Available,Amateur Intermediate Radio Licence,XBZ
20XCA,Available,Amateur Intermediate Radio Licence,XCA
20XCC,Available,Amateur Intermediate Radio Licence,XCC
20XCD,Available,Amateur Intermediate Radio Licence,XCD
20XCE,Available,Amateur Intermediate Radio Licence,XCE
20XCF,Available,Amateur Intermediate Radio Licence,XCF
20XCG,Available,Amateur Intermediate Radio Licence,XCG
20XCI,Available,Amateur Intermediate Radio Licence,XCI
20XCJ,Available,Amateur Intermediate Radio Licence,XCJ
20XCK,Available,Amateur Intermediate Radio Licence,XCK
20XCL,Available,Amateur Intermediate Radio Licence,XCL
20XCN,Available,Amateur Intermediate Radio Licence,XCN
20XCQ,Available,Amateur Intermediate Radio Licence,XCQ
20XCR,Available,Amateur Intermediate Radio Licence,XCR
20XCS,Available,Amateur Intermediate Radio Licence,XCS
20XCU,Available,Amateur Intermediate Radio Licence,XCU
20XCW,Available,Amateur Intermediate Radio Licence,XCW
20XCX,Available,Amateur Intermediate Radio Licence,XCX
20XCY,Available,Amateur Intermediate Radio Licence,XCY
20XCZ,Available,Amateur Intermediate Radio Licence,XCZ
20XDA,Available,Amateur Intermediate Radio Licence,XDA
20XDE,Available,Amateur Intermediate Radio Licence,XDE
20XDH,Available,Amateur Intermediate Radio Licence,XDH
20XDM,Available,Amateur Intermediate Radio Licence,XDM
20XDN,Available,Amateur Intermediate Radio Licence,XDN
20XDO,Available,Amateur Intermediate Radio Licence,XDO
20XDP,Available,Amateur Intermediate Radio Licence,XDP
20XDQ,Available,Amateur Intermediate Radio Licence,XDQ
20XDU,Available,Amateur Intermediate Radio Licence,XDU
20XDV,Available,Amateur Intermediate Radio Licence,XDV
20XEB,Available,Amateur Intermediate Radio Licence,XEB
20XEC,Available,Amateur Intermediate Radio Licence,XEC
20XED,Available,Amateur Intermediate Radio Licence,XED
20XEF,Available,Amateur Intermediate Radio Licence,XEF
20XEG,Available,Amateur Intermediate Radio Licence,XEG
20XEH,Available,Amateur Intermediate Radio Licence,XEH
20XEI,Available,Amateur Intermediate Radio Licence,XEI
20XEJ,Available,Amateur Intermediate Radio Licence,XEJ
20XEK,Available,Amateur Intermediate Radio Licence,XEK
20XEL,Available,Amateur Intermediate Radio Licence,XEL
20XEM,Available,Amateur Intermediate Radio Licence,XEM
20XEO,Available,Amateur Intermediate Radio Licence,XEO
20XEP,Available,Amateur Intermediate Radio Licence,XEP
20XEQ,Available,Amateur Intermediate Radio Licence,XEQ
20XES,Available,Amateur Intermediate Radio Licence,XES
20XET,Available,Amateur Intermediate Radio Licence,XET
20XEU,Available,Amateur Intermediate Radio Licence,XEU
20XEV,Available,Amateur Intermediate Radio Licence,XEV
20XEW,Available,Amateur Intermediate Radio Licence,XEW
20XEX,Available,Amateur Intermediate Radio Licence,XEX
20XEY,Available,Amateur Intermediate Radio Licence,XEY
20XEZ,Available,Amateur Intermediate Radio Licence,XEZ
20XFA,Available,Amateur Intermediate Radio Licence,XFA
20XFB,Available,Amateur Intermediate Radio Licence,XFB
20XFC,Available,Amateur Intermediate Radio Licence,XFC
20XFD,Available,Amateur Intermediate Radio Licence,XFD
20XFE,Available,Amateur Intermediate Radio Licence,XFE
20XFG,Available,Amateur Intermediate Radio Licence,XFG
20XFI,Available,Amateur Intermediate Radio Licence,XFI
20XFJ,Available,Amateur Intermediate Radio Licence,XFJ
20XFK,Available,Amateur Intermediate Radio Licence,XFK
20XFL,Available,Amateur Intermediate Radio Licence,XFL
20XFN,Available,Amateur Intermediate Radio Licence,XFN
20XFO,Available,Amateur Intermediate Radio Licence,XFO
20XFP,Available,Amateur Intermediate Radio Licence,XFP
20XFQ,Available,Amateur Intermediate Radio Licence,XFQ
20XFT,Available,Amateur Intermediate Radio Licence,XFT
20XFV,Available,Amateur Intermediate Radio Licence,XFV
20XFW,Available,Amateur Intermediate Radio Licence,XFW
20XFX,Available,Amateur Intermediate Radio Licence,XFX
20XFY,Available,Amateur Intermediate Radio Licence,XFY
20XFZ,Available,Amateur Intermediate Radio Licence,XFZ
20XGB,Available,Amateur Intermediate Radio Licence,XGB
20XGC,Available,Amateur Intermediate Radio Licence,XGC
20XGD,Available,Amateur Intermediate Radio Licence,XGD
20XGE,Available,Amateur Intermediate Radio Licence,XGE
20XGF,Available,Amateur Intermediate Radio Licence,XGF
20XGH,Available,Amateur Intermediate Radio Licence,XGH
20XGI,Available,Amateur Intermediate Radio Licence,XGI
20XGK,Available,Amateur Intermediate Radio Licence,XGK
20XGL,Available,Amateur Intermediate Radio Licence,XGL
20XGM,Available,Amateur Intermediate Radio Licence,XGM
20XGN,Available,Amateur Intermediate Radio Licence,XGN
20XGO,Available,Amateur Intermediate Radio Licence,XGO
20XGQ,Available,Amateur Intermediate Radio Licence,XGQ
20XGR,Available,Amateur Intermediate Radio Licence,XGR
20XGS,Available,Amateur Intermediate Radio Licence,XGS
20XGT,Available,Amateur Intermediate Radio Licence,XGT
20XGU,Available,Amateur Intermediate Radio Licence,XGU
20XGV,Available,Amateur Intermediate Radio Licence,XGV
20XGX,Available,Amateur Intermediate Radio Licence,XGX
20XGY,Available,Amateur Intermediate Radio Licence,XGY
20XGZ,Available,Amateur Intermediate Radio Licence,XGZ
20XHA,Available,Amateur Intermediate Radio Licence,XHA
20XHB,Available,Amateur Intermediate Radio Licence,XHB
20XHC,Available,Amateur Intermediate Radio Licence,XHC
20XHE,Available,Amateur Intermediate Radio Licence,XHE
20XHH,Available,Amateur Intermediate Radio Licence,XHH
20XHI,Available,Amateur Intermediate Radio Licence,XHI
20XHJ,Available,Amateur Intermediate Radio Licence,XHJ
20XHK,Available,Amateur Intermediate Radio Licence,XHK
20XHM,Available,Amateur Intermediate Radio Licence,XHM
20XHN,Available,Amateur Intermediate Radio Licence,XHN
20XHO,Available,Amateur Intermediate Radio Licence,XHO
20XHQ,Available,Amateur Intermediate Radio Licence,XHQ
20XHR,Available,Amateur Intermediate Radio Licence,XHR
20XHS,Available,Amateur Intermediate Radio Licence,XHS
20XHU,Available,Amateur Intermediate Radio Licence,XHU
20XHV,Available,Amateur Intermediate Radio Licence,XHV
20XHW,Available,Amateur Intermediate Radio Licence,XHW
20XHX,Available,Amateur Intermediate Radio Licence,XHX
20XHY,Available,Amateur Intermediate Radio Licence,XHY
20XHZ,Available,Amateur Intermediate Radio Licence,XHZ
20XIA,Available,Amateur Intermediate Radio Licence,XIA
20XIB,Available,Amateur Intermediate Radio Licence,XIB
20XIC,Available,Amateur Intermediate Radio Licence,XIC
20XID,Available,Amateur Intermediate Radio Licence,XID
20XIF,Available,Amateur Intermediate Radio Licence,XIF
20XIG,Available,Amateur Intermediate Radio Licence,XIG
20XII,Available,Amateur Intermediate Radio Licence,XII
20XIJ,Available,Amateur Intermediate Radio Licence,XIJ
20XIL,Available,Amateur Intermediate Radio Licence,XIL
20XIN,Available,Amateur Intermediate Radio Licence,XIN
20XIO,Available,Amateur Intermediate Radio Licence,XIO
20XIP,Available,Amateur Intermediate Radio Licence,XIP
20XIQ,Available,Amateur Intermediate Radio Licence,XIQ
20XIR,Available,Amateur Intermediate Radio Licence,XIR
20XIT,Available,Amateur Intermediate Radio Licence,XIT
20XIU,Available,Amateur Intermediate Radio Licence,XIU
20XIV,Available,Amateur Intermediate Radio Licence,XIV
20XIW,Available,Amateur Intermediate Radio Licence,XIW
20XIX,Available,Amateur Intermediate Radio Licence,XIX
20XIY,Available,Amateur Intermediate Radio Licence,XIY
20XIZ,Available,Amateur Intermediate Radio Licence,XIZ
20XJA,Available,Amateur Intermediate Radio Licence,XJA
20XJB,Available,Amateur Intermediate Radio Licence,XJB
20XJD,Available,Amateur Intermediate Radio Licence,XJD
20XJE,Available,Amateur Intermediate Radio Licence,XJE
20XJF,Available,Amateur Intermediate Radio Licence,XJF
20XJG,Available,Amateur Intermediate Radio Licence,XJG
20XJH,Available,Amateur Intermediate Radio Licence,XJH
20XJI,Available,Amateur Intermediate Radio Licence,XJI
20XJK,Available,Amateur Intermediate Radio Licence,XJK
20XJM,Available,Amateur Intermediate Radio Licence,XJM
20XJN,Available,Amateur Intermediate Radio Licence,XJN
20XJO,Available,Amateur Intermediate Radio Licence,XJO
20XJQ,Available,Amateur Intermediate Radio Licence,XJQ
20XJU,Available,Amateur Intermediate Radio Licence,XJU
20XJV,Available,Amateur Intermediate Radio Licence,XJV
20XJW,Available,Amateur Intermediate Radio Licence,XJW
20XJX,Available,Amateur Intermediate Radio Licence,XJX
20XJY,Available,Amateur Intermediate Radio Licence,XJY
20XJZ,Available,Amateur Intermediate Radio Licence,XJZ
20XKA,Available,Amateur Intermediate Radio Licence,XKA
20XKB,Available,Amateur Intermediate Radio Licence,XKB
20XKC,Available,Amateur Intermediate Radio Licence,XKC
20XKE,Available,Amateur Intermediate Radio Licence,XKE
20XKF,Available,Amateur Intermediate Radio Licence,XKF
20XKG,Available,Amateur Intermediate Radio Licence,XKG
20XKI,Available,Amateur Intermediate Radio Licence,XKI
20XKJ,Available,Amateur Intermediate Radio Licence,XKJ
20XKK,Available,Amateur Intermediate Radio Licence,XKK
20XKM,Available,Amateur Intermediate Radio Licence,XKM
20XKN,Available,Amateur Intermediate Radio Licence,XKN
20XKP,Available,Amateur Intermediate Radio Licence,XKP
20XKQ,Available,Amateur Intermediate Radio Licence,XKQ
20XKS,Available,Amateur Intermediate Radio Licence,XKS
20XKU,Available,Amateur Intermediate Radio Licence,XKU
20XKV,Available,Amateur Intermediate Radio Licence,XKV
20XKW,Available,Amateur Intermediate Radio Licence,XKW
20XKX,Available,Amateur Intermediate Radio Licence,XKX
20XKY,Available,Amateur Intermediate Radio Licence,XKY
20XKZ,Available,Amateur Intermediate Radio Licence,XKZ
20XLA,Available,Amateur Intermediate Radio Licence,XLA
20XLB,Available,Amateur Intermediate Radio Licence,XLB
20XLC,Available,Amateur Intermediate Radio Licence,XLC
20XLF,Available,Amateur Intermediate Radio Licence,XLF
20XLH,Available,Amateur Intermediate Radio Licence,XLH
20XLI,Available,Amateur Intermediate Radio Licence,XLI
20XLK,Available,Amateur Intermediate Radio Licence,XLK
20XLN,Available,Amateur Intermediate Radio Licence,XLN
20XLO,Available,Amateur Intermediate Radio Licence,XLO
20XLP,Available,Amateur Intermediate Radio Licence,XLP
20XLQ,Available,Amateur Intermediate Radio Licence,XLQ
20XLR,Available,Amateur Intermediate Radio Licence,XLR
20XLS,Available,Amateur Intermediate Radio Licence,XLS
20XLT,Available,Amateur Intermediate Radio Licence,XLT
20XLU,Available,Amateur Intermediate Radio Licence,XLU
20XLV,Available,Amateur Intermediate Radio Licence,XLV
20XLW,Available,Amateur Intermediate Radio Licence,XLW
20XLZ,Available,Amateur Intermediate Radio Licence,XLZ
20XMA,Available,Amateur Intermediate Radio Licence,XMA
20XMB,Available,Amateur Intermediate Radio Licence,XMB
20XMD,Available,Amateur Intermediate Radio Licence,XMD
20XME,Available,Amateur Intermediate Radio Licence,XME
20XMF,Available,Amateur Intermediate Radio Licence,XMF
20XMH,Available,Amateur Intermediate Radio Licence,XMH
20XMM,Available,Amateur Intermediate Radio Licence,XMM
20XMN,Available,Amateur Intermediate Radio Licence,XMN
20XMO,Available,Amateur Intermediate Radio Licence,XMO
20XMQ,Available,Amateur Intermediate Radio Licence,XMQ
20XMR,Available,Amateur Intermediate Radio Licence,XMR
20XMU,Available,Amateur Intermediate Radio Licence,XMU
20XMV,Available,Amateur Intermediate Radio Licence,XMV
20XMW,Available,Amateur Intermediate Radio Licence,XMW
20XMX,Available,Amateur Intermediate Radio Licence,XMX
20XMY,Available,Amateur Intermediate Radio Licence,XMY
20XMZ,Available,Amateur Intermediate Radio Licence,XMZ
20XNB,Available,Amateur Intermediate Radio Licence,XNB
20XNC,Available,Amateur Intermediate Radio Licence,XNC
20XND,Available,Amateur Intermediate Radio Licence,XND
20XNE,Available,Amateur Intermediate Radio Licence,XNE
20XNG,Available,Amateur Intermediate Radio Licence,XNG
20XNH,Available,Amateur Intermediate Radio Licence,XNH
20XNI,Available,Amateur Intermediate Radio Licence,XNI
20XNJ,Available,Amateur Intermediate Radio Licence,XNJ
20XNK,Available,Amateur Intermediate Radio Licence,XNK
20XNM,Available,Amateur Intermediate Radio Licence,XNM
20XNN,Available,Amateur Intermediate Radio Licence,XNN
20XNO,Available,Amateur Intermediate Radio Licence,XNO
20XNP,Available,Amateur Intermediate Radio Licence,XNP
20XNQ,Available,Amateur Intermediate Radio Licence,XNQ
20XNS,Available,Amateur Intermediate Radio Licence,XNS
20XNT,Available,Amateur Intermediate Radio Licence,XNT
20XNU,Available,Amateur Intermediate Radio Licence,XNU
20XNV,Available,Amateur Intermediate Radio Licence,XNV
20XNW,Available,Amateur Intermediate Radio Licence,XNW
20XNX,Available,Amateur Intermediate Radio Licence,XNX
20XNY,Available,Amateur Intermediate Radio Licence,XNY
20XNZ,Available,Amateur Intermediate Radio Licence,XNZ
20XOA,Available,Amateur Intermediate Radio Licence,XOA
20XOC,Available,Amateur Intermediate Radio Licence,XOC
20XOE,Available,Amateur Intermediate Radio Licence,XOE
20XOF,Available,Amateur Intermediate Radio Licence,XOF
20XOG,Available,Amateur Intermediate Radio Licence,XOG
20XOH,Available,Amateur Intermediate Radio Licence,XOH
20XOI,Available,Amateur Intermediate Radio Licence,XOI
20XOK,Available,Amateur Intermediate Radio Licence,XOK
20XOL,Available,Amateur Intermediate Radio Licence,XOL
20XON,Available,Amateur Intermediate Radio Licence,XON
20XOP,Available,Amateur Intermediate Radio Licence,XOP
20XOQ,Available,Amateur Intermediate Radio Licence,XOQ
20XOU,Available,Amateur Intermediate Radio Licence,XOU
20XOV,Available,Amateur Intermediate Radio Licence,XOV
20XOW,Available,Amateur Intermediate Radio Licence,XOW
20XOY,Available,Amateur Intermediate Radio Licence,XOY
20XOZ,Available,Amateur Intermediate Radio Licence,XOZ
20XPC,Available,Amateur Intermediate Radio Licence,XPC
20XPD,Available,Amateur Intermediate Radio Licence,XPD
20XPE,Available,Amateur Intermediate Radio Licence,XPE
20XPF,Available,Amateur Intermediate Radio Licence,XPF
20XPH,Available,Amateur Intermediate Radio Licence,XPH
20XPI,Available,Amateur Intermediate Radio Licence,XPI
20XPO,Available,Amateur Intermediate Radio Licence,XPO
20XPQ,Available,Amateur Intermediate Radio Licence,XPQ
20XPS,Available,Amateur Intermediate Radio Licence,XPS
20XPU,Available,Amateur Intermediate Radio Licence,XPU
20XPV,Available,Amateur Intermediate Radio Licence,XPV
20XPW,Available,Amateur Intermediate Radio Licence,XPW
20XPX,Available,Amateur Intermediate Radio Licence,XPX
20XPY,Available,Amateur Intermediate Radio Licence,XPY
20XPZ,Available,Amateur Intermediate Radio Licence,XPZ
20XQA,Available,Amateur Intermediate Radio Licence,XQA
20XQB,Available,Amateur Intermediate Radio Licence,XQB
20XQC,Available,Amateur Intermediate Radio Licence,XQC
20XQD,Available,Amateur Intermediate Radio Licence,XQD
20XQE,Available,Amateur Intermediate Radio Licence,XQE
20XQF,Available,Amateur Intermediate Radio Licence,XQF
20XQG,Available,Amateur Intermediate Radio Licence,XQG
20XQH,Available,Amateur Intermediate Radio Licence,XQH
20XQI,Available,Amateur Intermediate Radio Licence,XQI
20XQJ,Available,Amateur Intermediate Radio Licence,XQJ
20XQL,Available,Amateur Intermediate Radio Licence,XQL
20XQM,Available,Amateur Intermediate Radio Licence,XQM
20XQN,Available,Amateur Intermediate Radio Licence,XQN
20XQO,Available,Amateur Intermediate Radio Licence,XQO
20XQP,Available,Amateur Intermediate Radio Licence,XQP
20XQQ,Available,Amateur Intermediate Radio Licence,XQQ
20XQR,Available,Amateur Intermediate Radio Licence,XQR
20XQS,Available,Amateur Intermediate Radio Licence,XQS
20XQT,Available,Amateur Intermediate Radio Licence,XQT
20XQV,Available,Amateur Intermediate Radio Licence,XQV
20XQW,Available,Amateur Intermediate Radio Licence,XQW
20XQX,Available,Amateur Intermediate Radio Licence,XQX
20XQY,Available,Amateur Intermediate Radio Licence,XQY
20XQZ,Available,Amateur Intermediate Radio Licence,XQZ
20XRA,Available,Amateur Intermediate Radio Licence,XRA
20XRB,Available,Amateur Intermediate Radio Licence,XRB
20XRD,Available,Amateur Intermediate Radio Licence,XRD
20XRE,Available,Amateur Intermediate Radio Licence,XRE
20XRH,Available,Amateur Intermediate Radio Licence,XRH
20XRJ,Available,Amateur Intermediate Radio Licence,XRJ
20XRL,Available,Amateur Intermediate Radio Licence,XRL
20XRO,Available,Amateur Intermediate Radio Licence,XRO
20XRP,Available,Amateur Intermediate Radio Licence,XRP
20XRQ,Available,Amateur Intermediate Radio Licence,XRQ
20XRR,Available,Amateur Intermediate Radio Licence,XRR
20XRT,Available,Amateur Intermediate Radio Licence,XRT
20XRU,Available,Amateur Intermediate Radio Licence,XRU
20XRV,Available,Amateur Intermediate Radio Licence,XRV
20XRW,Available,Amateur Intermediate Radio Licence,XRW
20XRY,Available,Amateur Intermediate Radio Licence,XRY
20XSA,Available,Amateur Intermediate Radio Licence,XSA
20XSB,Available,Amateur Intermediate Radio Licence,XSB
20XSE,Available,Amateur Intermediate Radio Licence,XSE
20XSF,Available,Amateur Intermediate Radio Licence,XSF
20XSG,Available,Amateur Intermediate Radio Licence,XSG
20XSH,Available,Amateur Intermediate Radio Licence,XSH
20XSI,Available,Amateur Intermediate Radio Licence,XSI
20XSJ,Available,Amateur Intermediate Radio Licence,XSJ
20XSK,Available,Amateur Intermediate Radio Licence,XSK
20XSM,Available,Amateur Intermediate Radio Licence,XSM
20XSN,Available,Amateur Intermediate Radio Licence,XSN
20XSO,Available,Amateur Intermediate Radio Licence,XSO
20XSP,Available,Amateur Intermediate Radio Licence,XSP
20XSQ,Available,Amateur Intermediate Radio Licence,XSQ
20XSS,Available,Amateur Intermediate Radio Licence,XSS
20XSU,Available,Amateur Intermediate Radio Licence,XSU
20XSV,Available,Amateur Intermediate Radio Licence,XSV
20XSX,Available,Amateur Intermediate Radio Licence,XSX
20XSY,Available,Amateur Intermediate Radio Licence,XSY
20XSZ,Available,Amateur Intermediate Radio Licence,XSZ
20XTA,Available,Amateur Intermediate Radio Licence,XTA
20XTB,Available,Amateur Intermediate Radio Licence,XTB
20XTE,Available,Amateur Intermediate Radio Licence,XTE
20XTF,Available,Amateur Intermediate Radio Licence,XTF
20XTG,Available,Amateur Intermediate Radio Licence,XTG
20XTH,Available,Amateur Intermediate Radio Licence,XTH
20XTI,Available,Amateur Intermediate Radio Licence,XTI
20XTJ,Available,Amateur Intermediate Radio Licence,XTJ
20XTK,Available,Amateur Intermediate Radio Licence,XTK
20XTM,Available,Amateur Intermediate Radio Licence,XTM
20XTN,Available,Amateur Intermediate Radio Licence,XTN
20XTO,Available,Amateur Intermediate Radio Licence,XTO
20XTQ,Available,Amateur Intermediate Radio Licence,XTQ
20XTS,Available,Amateur Intermediate Radio Licence,XTS
20XTU,Available,Amateur Intermediate Radio Licence,XTU
20XTW,Available,Amateur Intermediate Radio Licence,XTW
20XTX,Available,Amateur Intermediate Radio Licence,XTX
20XTY,Available,Amateur Intermediate Radio Licence,XTY
20XUA,Available,Amateur Intermediate Radio Licence,XUA
20XUC,Available,Amateur Intermediate Radio Licence,XUC
20XUD,Available,Amateur Intermediate Radio Licence,XUD
20XUE,Available,Amateur Intermediate Radio Licence,XUE
20XUF,Available,Amateur Intermediate Radio Licence,XUF
20XUG,Available,Amateur Intermediate Radio Licence,XUG
20XUI,Available,Amateur Intermediate Radio Licence,XUI
20XUJ,Available,Amateur Intermediate Radio Licence,XUJ
20XUK,Available,Amateur Intermediate Radio Licence,XUK
20XUL,Available,Amateur Intermediate Radio Licence,XUL
20XUM,Available,Amateur Intermediate Radio Licence,XUM
20XUN,Available,Amateur Intermediate Radio Licence,XUN
20XUO,Available,Amateur Intermediate Radio Licence,XUO
20XUP,Available,Amateur Intermediate Radio Licence,XUP
20XUQ,Available,Amateur Intermediate Radio Licence,XUQ
20XUR,Available,Amateur Intermediate Radio Licence,XUR
20XUS,Available,Amateur Intermediate Radio Licence,XUS
20XUT,Available,Amateur Intermediate Radio Licence,XUT
20XUV,Available,Amateur Intermediate Radio Licence,XUV
20XUW,Available,Amateur Intermediate Radio Licence,XUW
20XUX,Available,Amateur Intermediate Radio Licence,XUX
20XUY,Available,Amateur Intermediate Radio Licence,XUY
20XVA,Available,Amateur Intermediate Radio Licence,XVA
20XVB,Available,Amateur Intermediate Radio Licence,XVB
20XVC,Available,Amateur Intermediate Radio Licence,XVC
20XVD,Available,Amateur Intermediate Radio Licence,XVD
20XVE,Available,Amateur Intermediate Radio Licence,XVE
20XVG,Available,Amateur Intermediate Radio Licence,XVG
20XVH,Available,Amateur Intermediate Radio Licence,XVH
20XVJ,Available,Amateur Intermediate Radio Licence,XVJ
20XVK,Available,Amateur Intermediate Radio Licence,XVK
20XVL,Available,Amateur Intermediate Radio Licence,XVL
20XVM,Available,Amateur Intermediate Radio Licence,XVM
20XVN,Available,Amateur Intermediate Radio Licence,XVN
20XVO,Available,Amateur Intermediate Radio Licence,XVO
20XVP,Available,Amateur Intermediate Radio Licence,XVP
20XVQ,Available,Amateur Intermediate Radio Licence,XVQ
20XVR,Available,Amateur Intermediate Radio Licence,XVR
20XVS,Available,Amateur Intermediate Radio Licence,XVS
20XVU,Available,Amateur Intermediate Radio Licence,XVU
20XVV,Available,Amateur Intermediate Radio Licence,XVV
20XVW,Available,Amateur Intermediate Radio Licence,XVW
20XVX,Available,Amateur Intermediate Radio Licence,XVX
20XVY,Available,Amateur Intermediate Radio Licence,XVY
20XWA,Available,Amateur Intermediate Radio Licence,XWA
20XWB,Available,Amateur Intermediate Radio Licence,XWB
20XWC,Available,Amateur Intermediate Radio Licence,XWC
20XWE,Available,Amateur Intermediate Radio Licence,XWE
20XWF,Available,Amateur Intermediate Radio Licence,XWF
20XWG,Available,Amateur Intermediate Radio Licence,XWG
20XWH,Available,Amateur Intermediate Radio Licence,XWH
20XWI,Available,Amateur Intermediate Radio Licence,XWI
20XWK,Available,Amateur Intermediate Radio Licence,XWK
20XWL,Available,Amateur Intermediate Radio Licence,XWL
20XWM,Available,Amateur Intermediate Radio Licence,XWM
20XWN,Available,Amateur Intermediate Radio Licence,XWN
20XWO,Available,Amateur Intermediate Radio Licence,XWO
20XWP,Available,Amateur Intermediate Radio Licence,XWP
20XWQ,Available,Amateur Intermediate Radio Licence,XWQ
20XWR,Available,Amateur Intermediate Radio Licence,XWR
20XWS,Available,Amateur Intermediate Radio Licence,XWS
20XWU,Available,Amateur Intermediate Radio Licence,XWU
20XWV,Available,Amateur Intermediate Radio Licence,XWV
20XWW,Available,Amateur Intermediate Radio Licence,XWW
20XWX,Available,Amateur Intermediate Radio Licence,XWX
20XWY,Available,Amateur Intermediate Radio Licence,XWY
20XXA,Available,Amateur Intermediate Radio Licence,XXA
20XXC,Available,Amateur Intermediate Radio Licence,XXC
20XXD,Available,Amateur Intermediate Radio Licence,XXD
20XXE,Available,Amateur Intermediate Radio Licence,XXE
20XXF,Available,Amateur Intermediate Radio Licence,XXF
20XXG,Available,Amateur Intermediate Radio Licence,XXG
20XXH,Available,Amateur Intermediate Radio Licence,XXH
20XXI,Available,Amateur Intermediate Radio Licence,XXI
20XXJ,Available,Amateur Intermediate Radio Licence,XXJ
20XXM,Available,Amateur Intermediate Radio Licence,XXM
20XXN,Available,Amateur Intermediate Radio Licence,XXN
20XXO,Available,Amateur Intermediate Radio Licence,XXO
20XXQ,Available,Amateur Intermediate Radio Licence,XXQ
20XXR,Available,Amateur Intermediate Radio Licence,XXR
20XXS,Available,Amateur Intermediate Radio Licence,XXS
20XXU,Available,Amateur Intermediate Radio Licence,XXU
20XXV,Available,Amateur Intermediate Radio Licence,XXV
20XXY,Available,Amateur Intermediate Radio Licence,XXY
20XXZ,Available,Amateur Intermediate Radio Licence,XXZ
20XYA,Available,Amateur Intermediate Radio Licence,XYA
20XYB,Available,Amateur Intermediate Radio Licence,XYB
20XYC,Available,Amateur Intermediate Radio Licence,XYC
20XYD,Available,Amateur Intermediate Radio Licence,XYD
20XYE,Available,Amateur Intermediate Radio Licence,XYE
20XYF,Available,Amateur Intermediate Radio Licence,XYF
20XYG,Available,Amateur Intermediate Radio Licence,XYG
20XYH,Available,Amateur Intermediate Radio Licence,XYH
20XYI,Available,Amateur Intermediate Radio Licence,XYI
20XYJ,Available,Amateur Intermediate Radio Licence,XYJ
20XYK,Available,Amateur Intermediate Radio Licence,XYK
20XYN,Available,Amateur Intermediate Radio Licence,XYN
20XYO,Available,Amateur Intermediate Radio Licence,XYO
20XYP,Available,Amateur Intermediate Radio Licence,XYP
20XYQ,Available,Amateur Intermediate Radio Licence,XYQ
20XYR,Available,Amateur Intermediate Radio Licence,XYR
20XYS,Available,Amateur Intermediate Radio Licence,XYS
20XYU,Available,Amateur Intermediate Radio Licence,XYU
20XYV,Available,Amateur Intermediate Radio Licence,XYV
20XYW,Available,Amateur Intermediate Radio Licence,XYW
20XYY,Available,Amateur Intermediate Radio Licence,XYY
20XZA,Available,Amateur Intermediate Radio Licence,XZA
20XZB,Available,Amateur Intermediate Radio Licence,XZB
20XZC,Available,Amateur Intermediate Radio Licence,XZC
20XZD,Available,Amateur Intermediate Radio Licence,XZD
20XZE,Available,Amateur Intermediate Radio Licence,XZE
20XZF,Available,Amateur Intermediate Radio Licence,XZF
20XZG,Available,Amateur Intermediate Radio Licence,XZG
20XZH,Available,Amateur Intermediate Radio Licence,XZH
20XZJ,Available,Amateur Intermediate Radio Licence,XZJ
20XZK,Available,Amateur Intermediate Radio Licence,XZK
20XZM,Available,Amateur Intermediate Radio Licence,XZM
20XZN,Available,Amateur Intermediate Radio Licence,XZN
20XZO,Available,Amateur Intermediate Radio Licence,XZO
20XZP,Available,Amateur Intermediate Radio Licence,XZP
20XZQ,Available,Amateur Intermediate Radio Licence,XZQ
20XZR,Available,Amateur Intermediate Radio Licence,XZR
20XZS,Available,Amateur Intermediate Radio Licence,XZS
20XZT,Available,Amateur Intermediate Radio Licence,XZT
20XZU,Available,Amateur Intermediate Radio Licence,XZU
20XZV,Available,Amateur Intermediate Radio Licence,XZV
20XZW,Available,Amateur Intermediate Radio Licence,XZW
20XZY,Available,Amateur Intermediate Radio Licence,XZY
20YAI,Available,Amateur Intermediate Radio Licence,YAI
20YAQ,Available,Amateur Intermediate Radio Licence,YAQ
20YBB,Available,Amateur Intermediate Radio Licence,YBB
20YBC,Available,Amateur Intermediate Radio Licence,YBC
20YBD,Available,Amateur Intermediate Radio Licence,YBD
20YBE,Available,Amateur Intermediate Radio Licence,YBE
20YBF,Available,Amateur Intermediate Radio Licence,YBF
20YBG,Available,Amateur Intermediate Radio Licence,YBG
20YBH,Available,Amateur Intermediate Radio Licence,YBH
20YBI,Available,Amateur Intermediate Radio Licence,YBI
20YBJ,Available,Amateur Intermediate Radio Licence,YBJ
20YBK,Available,Amateur Intermediate Radio Licence,YBK
20YBL,Available,Amateur Intermediate Radio Licence,YBL
20YBM,Available,Amateur Intermediate Radio Licence,YBM
20YBN,Available,Amateur Intermediate Radio Licence,YBN
20YBP,Available,Amateur Intermediate Radio Licence,YBP
20YBQ,Available,Amateur Intermediate Radio Licence,YBQ
20YBU,Available,Amateur Intermediate Radio Licence,YBU
20YBW,Available,Amateur Intermediate Radio Licence,YBW
20YBX,Available,Amateur Intermediate Radio Licence,YBX
20YBY,Available,Amateur Intermediate Radio Licence,YBY
20YCA,Available,Amateur Intermediate Radio Licence,YCA
20YCB,Available,Amateur Intermediate Radio Licence,YCB
20YCC,Available,Amateur Intermediate Radio Licence,YCC
20YCE,Available,Amateur Intermediate Radio Licence,YCE
20YCF,Available,Amateur Intermediate Radio Licence,YCF
20YCH,Available,Amateur Intermediate Radio Licence,YCH
20YCI,Available,Amateur Intermediate Radio Licence,YCI
20YCK,Available,Amateur Intermediate Radio Licence,YCK
20YCL,Available,Amateur Intermediate Radio Licence,YCL
20YCM,Available,Amateur Intermediate Radio Licence,YCM
20YCN,Available,Amateur Intermediate Radio Licence,YCN
20YCO,Available,Amateur Intermediate Radio Licence,YCO
20YCP,Available,Amateur Intermediate Radio Licence,YCP
20YCQ,Available,Amateur Intermediate Radio Licence,YCQ
20YCR,Available,Amateur Intermediate Radio Licence,YCR
20YCS,Available,Amateur Intermediate Radio Licence,YCS
20YCT,Available,Amateur Intermediate Radio Licence,YCT
20YCV,Available,Amateur Intermediate Radio Licence,YCV
20YCW,Available,Amateur Intermediate Radio Licence,YCW
20YCX,Available,Amateur Intermediate Radio Licence,YCX
20YCY,Available,Amateur Intermediate Radio Licence,YCY
20YCZ,Available,Amateur Intermediate Radio Licence,YCZ
20YDE,Available,Amateur Intermediate Radio Licence,YDE
20YDG,Available,Amateur Intermediate Radio Licence,YDG
20YDH,Available,Amateur Intermediate Radio Licence,YDH
20YDI,Available,Amateur Intermediate Radio Licence,YDI
20YDN,Available,Amateur Intermediate Radio Licence,YDN
20YDO,Available,Amateur Intermediate Radio Licence,YDO
20YDP,Available,Amateur Intermediate Radio Licence,YDP
20YDQ,Available,Amateur Intermediate Radio Licence,YDQ
20YDR,Available,Amateur Intermediate Radio Licence,YDR
20YDS,Available,Amateur Intermediate Radio Licence,YDS
20YDU,Available,Amateur Intermediate Radio Licence,YDU
20YDV,Available,Amateur Intermediate Radio Licence,YDV
20YDY,Available,Amateur Intermediate Radio Licence,YDY
20YDZ,Available,Amateur Intermediate Radio Licence,YDZ
20YEA,Available,Amateur Intermediate Radio Licence,YEA
20YEB,Available,Amateur Intermediate Radio Licence,YEB
20YEC,Available,Amateur Intermediate Radio Licence,YEC
20YED,Available,Amateur Intermediate Radio Licence,YED
20YEE,Available,Amateur Intermediate Radio Licence,YEE
20YEF,Available,Amateur Intermediate Radio Licence,YEF
20YEG,Available,Amateur Intermediate Radio Licence,YEG
20YEH,Available,Amateur Intermediate Radio Licence,YEH
20YEI,Available,Amateur Intermediate Radio Licence,YEI
20YEJ,Available,Amateur Intermediate Radio Licence,YEJ
20YEK,Available,Amateur Intermediate Radio Licence,YEK
20YEL,Available,Amateur Intermediate Radio Licence,YEL
20YEM,Available,Amateur Intermediate Radio Licence,YEM
20YEO,Available,Amateur Intermediate Radio Licence,YEO
20YER,Available,Amateur Intermediate Radio Licence,YER
20YEU,Available,Amateur Intermediate Radio Licence,YEU
20YEV,Available,Amateur Intermediate Radio Licence,YEV
20YEX,Available,Amateur Intermediate Radio Licence,YEX
20YEY,Available,Amateur Intermediate Radio Licence,YEY
20YEZ,Available,Amateur Intermediate Radio Licence,YEZ
20YFA,Available,Amateur Intermediate Radio Licence,YFA
20YFB,Available,Amateur Intermediate Radio Licence,YFB
20YFD,Available,Amateur Intermediate Radio Licence,YFD
20YFE,Available,Amateur Intermediate Radio Licence,YFE
20YFF,Available,Amateur Intermediate Radio Licence,YFF
20YFG,Available,Amateur Intermediate Radio Licence,YFG
20YFH,Available,Amateur Intermediate Radio Licence,YFH
20YFI,Available,Amateur Intermediate Radio Licence,YFI
20YFJ,Available,Amateur Intermediate Radio Licence,YFJ
20YFK,Available,Amateur Intermediate Radio Licence,YFK
20YFL,Available,Amateur Intermediate Radio Licence,YFL
20YFM,Available,Amateur Intermediate Radio Licence,YFM
20YFN,Available,Amateur Intermediate Radio Licence,YFN
20YFP,Available,Amateur Intermediate Radio Licence,YFP
20YFQ,Available,Amateur Intermediate Radio Licence,YFQ
20YFU,Available,Amateur Intermediate Radio Licence,YFU
20YFV,Available,Amateur Intermediate Radio Licence,YFV
20YFW,Available,Amateur Intermediate Radio Licence,YFW
20YFX,Available,Amateur Intermediate Radio Licence,YFX
20YFY,Available,Amateur Intermediate Radio Licence,YFY
20YGA,Available,Amateur Intermediate Radio Licence,YGA
20YGC,Available,Amateur Intermediate Radio Licence,YGC
20YGD,Available,Amateur Intermediate Radio Licence,YGD
20YGE,Available,Amateur Intermediate Radio Licence,YGE
20YGF,Available,Amateur Intermediate Radio Licence,YGF
20YGH,Available,Amateur Intermediate Radio Licence,YGH
20YGI,Available,Amateur Intermediate Radio Licence,YGI
20YGJ,Available,Amateur Intermediate Radio Licence,YGJ
20YGK,Available,Amateur Intermediate Radio Licence,YGK
20YGL,Available,Amateur Intermediate Radio Licence,YGL
20YGM,Available,Amateur Intermediate Radio Licence,YGM
20YGN,Available,Amateur Intermediate Radio Licence,YGN
20YGO,Available,Amateur Intermediate Radio Licence,YGO
20YGP,Available,Amateur Intermediate Radio Licence,YGP
20YGQ,Available,Amateur Intermediate Radio Licence,YGQ
20YGR,Available,Amateur Intermediate Radio Licence,YGR
20YGS,Available,Amateur Intermediate Radio Licence,YGS
20YGT,Available,Amateur Intermediate Radio Licence,YGT
20YGU,Available,Amateur Intermediate Radio Licence,YGU
20YGV,Available,Amateur Intermediate Radio Licence,YGV
20YGW,Available,Amateur Intermediate Radio Licence,YGW
20YGX,Available,Amateur Intermediate Radio Licence,YGX
20YGY,Available,Amateur Intermediate Radio Licence,YGY
20YGZ,Available,Amateur Intermediate Radio Licence,YGZ
20YHA,Available,Amateur Intermediate Radio Licence,YHA
20YHC,Available,Amateur Intermediate Radio Licence,YHC
20YHD,Available,Amateur Intermediate Radio Licence,YHD
20YHE,Available,Amateur Intermediate Radio Licence,YHE
20YHF,Available,Amateur Intermediate Radio Licence,YHF
20YHG,Available,Amateur Intermediate Radio Licence,YHG
20YHH,Available,Amateur Intermediate Radio Licence,YHH
20YHI,Available,Amateur Intermediate Radio Licence,YHI
20YHJ,Available,Amateur Intermediate Radio Licence,YHJ
20YHK,Available,Amateur Intermediate Radio Licence,YHK
20YHL,Available,Amateur Intermediate Radio Licence,YHL
20YHM,Available,Amateur Intermediate Radio Licence,YHM
20YHN,Available,Amateur Intermediate Radio Licence,YHN
20YHO,Available,Amateur Intermediate Radio Licence,YHO
20YHP,Available,Amateur Intermediate Radio Licence,YHP
20YHQ,Available,Amateur Intermediate Radio Licence,YHQ
20YHR,Available,Amateur Intermediate Radio Licence,YHR
20YHS,Available,Amateur Intermediate Radio Licence,YHS
20YHT,Available,Amateur Intermediate Radio Licence,YHT
20YHU,Available,Amateur Intermediate Radio Licence,YHU
20YHV,Available,Amateur Intermediate Radio Licence,YHV
20YHW,Available,Amateur Intermediate Radio Licence,YHW
20YHX,Available,Amateur Intermediate Radio Licence,YHX
20YHY,Available,Amateur Intermediate Radio Licence,YHY
20YHZ,Available,Amateur Intermediate Radio Licence,YHZ
20YIA,Available,Amateur Intermediate Radio Licence,YIA
20YIB,Available,Amateur Intermediate Radio Licence,YIB
20YIE,Available,Amateur Intermediate Radio Licence,YIE
20YIF,Available,Amateur Intermediate Radio Licence,YIF
20YIG,Available,Amateur Intermediate Radio Licence,YIG
20YIH,Available,Amateur Intermediate Radio Licence,YIH
20YII,Available,Amateur Intermediate Radio Licence,YII
20YIK,Available,Amateur Intermediate Radio Licence,YIK
20YIL,Available,Amateur Intermediate Radio Licence,YIL
20YIM,Available,Amateur Intermediate Radio Licence,YIM
20YIN,Available,Amateur Intermediate Radio Licence,YIN
20YIQ,Available,Amateur Intermediate Radio Licence,YIQ
20YIR,Available,Amateur Intermediate Radio Licence,YIR
20YIS,Available,Amateur Intermediate Radio Licence,YIS
20YIT,Available,Amateur Intermediate Radio Licence,YIT
20YIU,Available,Amateur Intermediate Radio Licence,YIU
20YIV,Available,Amateur Intermediate Radio Licence,YIV
20YIW,Available,Amateur Intermediate Radio Licence,YIW
20YIX,Available,Amateur Intermediate Radio Licence,YIX
20YIY,Available,Amateur Intermediate Radio Licence,YIY
20YIZ,Available,Amateur Intermediate Radio Licence,YIZ
20YJA,Available,Amateur Intermediate Radio Licence,YJA
20YJB,Available,Amateur Intermediate Radio Licence,YJB
20YJC,Available,Amateur Intermediate Radio Licence,YJC
20YJD,Available,Amateur Intermediate Radio Licence,YJD
20YJE,Available,Amateur Intermediate Radio Licence,YJE
20YJG,Available,Amateur Intermediate Radio Licence,YJG
20YJH,Available,Amateur Intermediate Radio Licence,YJH
20YJI,Available,Amateur Intermediate Radio Licence,YJI
20YJJ,Available,Amateur Intermediate Radio Licence,YJJ
20YJK,Available,Amateur Intermediate Radio Licence,YJK
20YJN,Available,Amateur Intermediate Radio Licence,YJN
20YJO,Available,Amateur Intermediate Radio Licence,YJO
20YJP,Available,Amateur Intermediate Radio Licence,YJP
20YJQ,Available,Amateur Intermediate Radio Licence,YJQ
20YJR,Available,Amateur Intermediate Radio Licence,YJR
20YJS,Available,Amateur Intermediate Radio Licence,YJS
20YJT,Available,Amateur Intermediate Radio Licence,YJT
20YJU,Available,Amateur Intermediate Radio Licence,YJU
20YJV,Available,Amateur Intermediate Radio Licence,YJV
20YJX,Available,Amateur Intermediate Radio Licence,YJX
20YJZ,Available,Amateur Intermediate Radio Licence,YJZ
20YKA,Available,Amateur Intermediate Radio Licence,YKA
20YKB,Available,Amateur Intermediate Radio Licence,YKB
20YKC,Available,Amateur Intermediate Radio Licence,YKC
20YKD,Available,Amateur Intermediate Radio Licence,YKD
20YKE,Available,Amateur Intermediate Radio Licence,YKE
20YKG,Available,Amateur Intermediate Radio Licence,YKG
20YKH,Available,Amateur Intermediate Radio Licence,YKH
20YKI,Available,Amateur Intermediate Radio Licence,YKI
20YKJ,Available,Amateur Intermediate Radio Licence,YKJ
20YKL,Available,Amateur Intermediate Radio Licence,YKL
20YKM,Available,Amateur Intermediate Radio Licence,YKM
20YKN,Available,Amateur Intermediate Radio Licence,YKN
20YKO,Available,Amateur Intermediate Radio Licence,YKO
20YKP,Available,Amateur Intermediate Radio Licence,YKP
20YKQ,Available,Amateur Intermediate Radio Licence,YKQ
20YKR,Available,Amateur Intermediate Radio Licence,YKR
20YKT,Available,Amateur Intermediate Radio Licence,YKT
20YKU,Available,Amateur Intermediate Radio Licence,YKU
20YKV,Available,Amateur Intermediate Radio Licence,YKV
20YKW,Available,Amateur Intermediate Radio Licence,YKW
20YKX,Available,Amateur Intermediate Radio Licence,YKX
20YKY,Available,Amateur Intermediate Radio Licence,YKY
20YKZ,Available,Amateur Intermediate Radio Licence,YKZ
20YLA,Available,Amateur Intermediate Radio Licence,YLA
20YLB,Available,Amateur Intermediate Radio Licence,YLB
20YLC,Available,Amateur Intermediate Radio Licence,YLC
20YLD,Available,Amateur Intermediate Radio Licence,YLD
20YLF,Available,Amateur Intermediate Radio Licence,YLF
20YLI,Available,Amateur Intermediate Radio Licence,YLI
20YLK,Available,Amateur Intermediate Radio Licence,YLK
20YLM,Available,Amateur Intermediate Radio Licence,YLM
20YLN,Available,Amateur Intermediate Radio Licence,YLN
20YLP,Available,Amateur Intermediate Radio Licence,YLP
20YLQ,Available,Amateur Intermediate Radio Licence,YLQ
20YLR,Available,Amateur Intermediate Radio Licence,YLR
20YLU,Available,Amateur Intermediate Radio Licence,YLU
20YLV,Available,Amateur Intermediate Radio Licence,YLV
20YLW,Available,Amateur Intermediate Radio Licence,YLW
20YLZ,Available,Amateur Intermediate Radio Licence,YLZ
20YMA,Available,Amateur Intermediate Radio Licence,YMA
20YMB,Available,Amateur Intermediate Radio Licence,YMB
20YMC,Available,Amateur Intermediate Radio Licence,YMC
20YMD,Available,Amateur Intermediate Radio Licence,YMD
20YMG,Available,Amateur Intermediate Radio Licence,YMG
20YMH,Available,Amateur Intermediate Radio Licence,YMH
20YMI,Available,Amateur Intermediate Radio Licence,YMI
20YMJ,Available,Amateur Intermediate Radio Licence,YMJ
20YML,Available,Amateur Intermediate Radio Licence,YML
20YMM,Available,Amateur Intermediate Radio Licence,YMM
20YMN,Available,Amateur Intermediate Radio Licence,YMN
20YMO,Available,Amateur Intermediate Radio Licence,YMO
20YMP,Available,Amateur Intermediate Radio Licence,YMP
20YMQ,Available,Amateur Intermediate Radio Licence,YMQ
20YMS,Available,Amateur Intermediate Radio Licence,YMS
20YMU,Available,Amateur Intermediate Radio Licence,YMU
20YMV,Available,Amateur Intermediate Radio Licence,YMV
20YMW,Available,Amateur Intermediate Radio Licence,YMW
20YMX,Available,Amateur Intermediate Radio Licence,YMX
20YMY,Available,Amateur Intermediate Radio Licence,YMY
20YMZ,Available,Amateur Intermediate Radio Licence,YMZ
20YNA,Available,Amateur Intermediate Radio Licence,YNA
20YNB,Available,Amateur Intermediate Radio Licence,YNB
20YNC,Available,Amateur Intermediate Radio Licence,YNC
20YNF,Available,Amateur Intermediate Radio Licence,YNF
20YNH,Available,Amateur Intermediate Radio Licence,YNH
20YNJ,Available,Amateur Intermediate Radio Licence,YNJ
20YNK,Available,Amateur Intermediate Radio Licence,YNK
20YNL,Available,Amateur Intermediate Radio Licence,YNL
20YNM,Available,Amateur Intermediate Radio Licence,YNM
20YNN,Available,Amateur Intermediate Radio Licence,YNN
20YNO,Available,Amateur Intermediate Radio Licence,YNO
20YNP,Available,Amateur Intermediate Radio Licence,YNP
20YNQ,Available,Amateur Intermediate Radio Licence,YNQ
20YNR,Available,Amateur Intermediate Radio Licence,YNR
20YNS,Available,Amateur Intermediate Radio Licence,YNS
20YNU,Available,Amateur Intermediate Radio Licence,YNU
20YNW,Available,Amateur Intermediate Radio Licence,YNW
20YNX,Available,Amateur Intermediate Radio Licence,YNX
20YNY,Available,Amateur Intermediate Radio Licence,YNY
20YNZ,Available,Amateur Intermediate Radio Licence,YNZ
20YOA,Available,Amateur Intermediate Radio Licence,YOA
20YOD,Available,Amateur Intermediate Radio Licence,YOD
20YOE,Available,Amateur Intermediate Radio Licence,YOE
20YOF,Available,Amateur Intermediate Radio Licence,YOF
20YOG,Available,Amateur Intermediate Radio Licence,YOG
20YOH,Available,Amateur Intermediate Radio Licence,YOH
20YOI,Available,Amateur Intermediate Radio Licence,YOI
20YOJ,Available,Amateur Intermediate Radio Licence,YOJ
20YOK,Available,Amateur Intermediate Radio Licence,YOK
20YOL,Available,Amateur Intermediate Radio Licence,YOL
20YON,Available,Amateur Intermediate Radio Licence,YON
20YOO,Available,Amateur Intermediate Radio Licence,YOO
20YOQ,Available,Amateur Intermediate Radio Licence,YOQ
20YOS,Available,Amateur Intermediate Radio Licence,YOS
20YOV,Available,Amateur Intermediate Radio Licence,YOV
20YOW,Available,Amateur Intermediate Radio Licence,YOW
20YOX,Available,Amateur Intermediate Radio Licence,YOX
20YPA,Available,Amateur Intermediate Radio Licence,YPA
20YPB,Available,Amateur Intermediate Radio Licence,YPB
20YPC,Available,Amateur Intermediate Radio Licence,YPC
20YPD,Available,Amateur Intermediate Radio Licence,YPD
20YPE,Available,Amateur Intermediate Radio Licence,YPE
20YPF,Available,Amateur Intermediate Radio Licence,YPF
20YPH,Available,Amateur Intermediate Radio Licence,YPH
20YPI,Available,Amateur Intermediate Radio Licence,YPI
20YPL,Available,Amateur Intermediate Radio Licence,YPL
20YPN,Available,Amateur Intermediate Radio Licence,YPN
20YPO,Available,Amateur Intermediate Radio Licence,YPO
20YPP,Available,Amateur Intermediate Radio Licence,YPP
20YPQ,Available,Amateur Intermediate Radio Licence,YPQ
20YPR,Available,Amateur Intermediate Radio Licence,YPR
20YPS,Available,Amateur Intermediate Radio Licence,YPS
20YPT,Available,Amateur Intermediate Radio Licence,YPT
20YPU,Available,Amateur Intermediate Radio Licence,YPU
20YPV,Available,Amateur Intermediate Radio Licence,YPV
20YPW,Available,Amateur Intermediate Radio Licence,YPW
20YPY,Available,Amateur Intermediate Radio Licence,YPY
20YQA,Available,Amateur Intermediate Radio Licence,YQA
20YQB,Available,Amateur Intermediate Radio Licence,YQB
20YQD,Available,Amateur Intermediate Radio Licence,YQD
20YQE,Available,Amateur Intermediate Radio Licence,YQE
20YQG,Available,Amateur Intermediate Radio Licence,YQG
20YQH,Available,Amateur Intermediate Radio Licence,YQH
20YQI,Available,Amateur Intermediate Radio Licence,YQI
20YQJ,Available,Amateur Intermediate Radio Licence,YQJ
20YQK,Available,Amateur Intermediate Radio Licence,YQK
20YQL,Available,Amateur Intermediate Radio Licence,YQL
20YQM,Available,Amateur Intermediate Radio Licence,YQM
20YQO,Available,Amateur Intermediate Radio Licence,YQO
20YQP,Available,Amateur Intermediate Radio Licence,YQP
20YQQ,Available,Amateur Intermediate Radio Licence,YQQ
20YQR,Available,Amateur Intermediate Radio Licence,YQR
20YQS,Available,Amateur Intermediate Radio Licence,YQS
20YQU,Available,Amateur Intermediate Radio Licence,YQU
20YQV,Available,Amateur Intermediate Radio Licence,YQV
20YQW,Available,Amateur Intermediate Radio Licence,YQW
20YQX,Available,Amateur Intermediate Radio Licence,YQX
20YQY,Available,Amateur Intermediate Radio Licence,YQY
20YQZ,Available,Amateur Intermediate Radio Licence,YQZ
20YRA,Available,Amateur Intermediate Radio Licence,YRA
20YRB,Available,Amateur Intermediate Radio Licence,YRB
20YRC,Available,Amateur Intermediate Radio Licence,YRC
20YRE,Available,Amateur Intermediate Radio Licence,YRE
20YRF,Available,Amateur Intermediate Radio Licence,YRF
20YRG,Available,Amateur Intermediate Radio Licence,YRG
20YRI,Available,Amateur Intermediate Radio Licence,YRI
20YRJ,Available,Amateur Intermediate Radio Licence,YRJ
20YRK,Available,Amateur Intermediate Radio Licence,YRK
20YRL,Available,Amateur Intermediate Radio Licence,YRL
20YRM,Available,Amateur Intermediate Radio Licence,YRM
20YRP,Available,Amateur Intermediate Radio Licence,YRP
20YRQ,Available,Amateur Intermediate Radio Licence,YRQ
20YRR,Available,Amateur Intermediate Radio Licence,YRR
20YRT,Available,Amateur Intermediate Radio Licence,YRT
20YRU,Available,Amateur Intermediate Radio Licence,YRU
20YRV,Available,Amateur Intermediate Radio Licence,YRV
20YRX,Available,Amateur Intermediate Radio Licence,YRX
20YRY,Available,Amateur Intermediate Radio Licence,YRY
20YRZ,Available,Amateur Intermediate Radio Licence,YRZ
20YSA,Available,Amateur Intermediate Radio Licence,YSA
20YSB,Available,Amateur Intermediate Radio Licence,YSB
20YSC,Available,Amateur Intermediate Radio Licence,YSC
20YSD,Available,Amateur Intermediate Radio Licence,YSD
20YSG,Available,Amateur Intermediate Radio Licence,YSG
20YSI,Available,Amateur Intermediate Radio Licence,YSI
20YSJ,Available,Amateur Intermediate Radio Licence,YSJ
20YSK,Available,Amateur Intermediate Radio Licence,YSK
20YSM,Available,Amateur Intermediate Radio Licence,YSM
20YSN,Available,Amateur Intermediate Radio Licence,YSN
20YSO,Available,Amateur Intermediate Radio Licence,YSO
20YSQ,Available,Amateur Intermediate Radio Licence,YSQ
20YSS,Available,Amateur Intermediate Radio Licence,YSS
20YST,Available,Amateur Intermediate Radio Licence,YST
20YSV,Available,Amateur Intermediate Radio Licence,YSV
20YSW,Available,Amateur Intermediate Radio Licence,YSW
20YSX,Available,Amateur Intermediate Radio Licence,YSX
20YSY,Available,Amateur Intermediate Radio Licence,YSY
20YSZ,Available,Amateur Intermediate Radio Licence,YSZ
20YTA,Available,Amateur Intermediate Radio Licence,YTA
20YTB,Available,Amateur Intermediate Radio Licence,YTB
20YTC,Available,Amateur Intermediate Radio Licence,YTC
20YTD,Available,Amateur Intermediate Radio Licence,YTD
20YTE,Available,Amateur Intermediate Radio Licence,YTE
20YTG,Available,Amateur Intermediate Radio Licence,YTG
20YTH,Available,Amateur Intermediate Radio Licence,YTH
20YTI,Available,Amateur Intermediate Radio Licence,YTI
20YTJ,Available,Amateur Intermediate Radio Licence,YTJ
20YTK,Available,Amateur Intermediate Radio Licence,YTK
20YTL,Available,Amateur Intermediate Radio Licence,YTL
20YTM,Available,Amateur Intermediate Radio Licence,YTM
20YTN,Available,Amateur Intermediate Radio Licence,YTN
20YTO,Available,Amateur Intermediate Radio Licence,YTO
20YTP,Available,Amateur Intermediate Radio Licence,YTP
20YTQ,Available,Amateur Intermediate Radio Licence,YTQ
20YTR,Available,Amateur Intermediate Radio Licence,YTR
20YTU,Available,Amateur Intermediate Radio Licence,YTU
20YTV,Available,Amateur Intermediate Radio Licence,YTV
20YTW,Available,Amateur Intermediate Radio Licence,YTW
20YTX,Available,Amateur Intermediate Radio Licence,YTX
20YTY,Available,Amateur Intermediate Radio Licence,YTY
20YTZ,Available,Amateur Intermediate Radio Licence,YTZ
20YUA,Available,Amateur Intermediate Radio Licence,YUA
20YUC,Available,Amateur Intermediate Radio Licence,YUC
20YUE,Available,Amateur Intermediate Radio Licence,YUE
20YUF,Available,Amateur Intermediate Radio Licence,YUF
20YUG,Available,Amateur Intermediate Radio Licence,YUG
20YUH,Available,Amateur Intermediate Radio Licence,YUH
20YUJ,Available,Amateur Intermediate Radio Licence,YUJ
20YUK,Available,Amateur Intermediate Radio Licence,YUK
20YUL,Available,Amateur Intermediate Radio Licence,YUL
20YUM,Available,Amateur Intermediate Radio Licence,YUM
20YUO,Available,Amateur Intermediate Radio Licence,YUO
20YUP,Available,Amateur Intermediate Radio Licence,YUP
20YUQ,Available,Amateur Intermediate Radio Licence,YUQ
20YUR,Available,Amateur Intermediate Radio Licence,YUR
20YUS,Available,Amateur Intermediate Radio Licence,YUS
20YUT,Available,Amateur Intermediate Radio Licence,YUT
20YUU,Available,Amateur Intermediate Radio Licence,YUU
20YUX,Available,Amateur Intermediate Radio Licence,YUX
20YUY,Available,Amateur Intermediate Radio Licence,YUY
20YUZ,Available,Amateur Intermediate Radio Licence,YUZ
20YVA,Available,Amateur Intermediate Radio Licence,YVA
20YVB,Available,Amateur Intermediate Radio Licence,YVB
20YVC,Available,Amateur Intermediate Radio Licence,YVC
20YVD,Available,Amateur Intermediate Radio Licence,YVD
20YVE,Available,Amateur Intermediate Radio Licence,YVE
20YVF,Available,Amateur Intermediate Radio Licence,YVF
20YVG,Available,Amateur Intermediate Radio Licence,YVG
20YVH,Available,Amateur Intermediate Radio Licence,YVH
20YVI,Available,Amateur Intermediate Radio Licence,YVI
20YVJ,Available,Amateur Intermediate Radio Licence,YVJ
20YVK,Available,Amateur Intermediate Radio Licence,YVK
20YVL,Available,Amateur Intermediate Radio Licence,YVL
20YVM,Available,Amateur Intermediate Radio Licence,YVM
20YVP,Available,Amateur Intermediate Radio Licence,YVP
20YVQ,Available,Amateur Intermediate Radio Licence,YVQ
20YVT,Available,Amateur Intermediate Radio Licence,YVT
20YVU,Available,Amateur Intermediate Radio Licence,YVU
20YVV,Available,Amateur Intermediate Radio Licence,YVV
20YVW,Available,Amateur Intermediate Radio Licence,YVW
20YVY,Available,Amateur Intermediate Radio Licence,YVY
20YVZ,Available,Amateur Intermediate Radio Licence,YVZ
20YWA,Available,Amateur Intermediate Radio Licence,YWA
20YWB,Available,Amateur Intermediate Radio Licence,YWB
20YWC,Available,Amateur Intermediate Radio Licence,YWC
20YWD,Available,Amateur Intermediate Radio Licence,YWD
20YWE,Available,Amateur Intermediate Radio Licence,YWE
20YWF,Available,Amateur Intermediate Radio Licence,YWF
20YWG,Available,Amateur Intermediate Radio Licence,YWG
20YWH,Available,Amateur Intermediate Radio Licence,YWH
20YWI,Available,Amateur Intermediate Radio Licence,YWI
20YWJ,Available,Amateur Intermediate Radio Licence,YWJ
20YWK,Available,Amateur Intermediate Radio Licence,YWK
20YWL,Available,Amateur Intermediate Radio Licence,YWL
20YWM,Available,Amateur Intermediate Radio Licence,YWM
20YWO,Available,Amateur Intermediate Radio Licence,YWO
20YWQ,Available,Amateur Intermediate Radio Licence,YWQ
20YWR,Available,Amateur Intermediate Radio Licence,YWR
20YWS,Available,Amateur Intermediate Radio Licence,YWS
20YWT,Available,Amateur Intermediate Radio Licence,YWT
20YWU,Available,Amateur Intermediate Radio Licence,YWU
20YWV,Available,Amateur Intermediate Radio Licence,YWV
20YWW,Available,Amateur Intermediate Radio Licence,YWW
20YWX,Available,Amateur Intermediate Radio Licence,YWX
20YWY,Available,Amateur Intermediate Radio Licence,YWY
20YWZ,Available,Amateur Intermediate Radio Licence,YWZ
20YXA,Available,Amateur Intermediate Radio Licence,YXA
20YXC,Available,Amateur Intermediate Radio Licence,YXC
20YXD,Available,Amateur Intermediate Radio Licence,YXD
20YXE,Available,Amateur Intermediate Radio Licence,YXE
20YXF,Available,Amateur Intermediate Radio Licence,YXF
20YXG,Available,Amateur Intermediate Radio Licence,YXG
20YXH,Available,Amateur Intermediate Radio Licence,YXH
20YXI,Available,Amateur Intermediate Radio Licence,YXI
20YXJ,Available,Amateur Intermediate Radio Licence,YXJ
20YXK,Available,Amateur Intermediate Radio Licence,YXK
20YXL,Available,Amateur Intermediate Radio Licence,YXL
20YXM,Available,Amateur Intermediate Radio Licence,YXM
20YXN,Available,Amateur Intermediate Radio Licence,YXN
20YXP,Available,Amateur Intermediate Radio Licence,YXP
20YXQ,Available,Amateur Intermediate Radio Licence,YXQ
20YXR,Available,Amateur Intermediate Radio Licence,YXR
20YXS,Available,Amateur Intermediate Radio Licence,YXS
20YXT,Available,Amateur Intermediate Radio Licence,YXT
20YXU,Available,Amateur Intermediate Radio Licence,YXU
20YXV,Available,Amateur Intermediate Radio Licence,YXV
20YXW,Available,Amateur Intermediate Radio Licence,YXW
20YXX,Available,Amateur Intermediate Radio Licence,YXX
20YXY,Available,Amateur Intermediate Radio Licence,YXY
20YYA,Available,Amateur Intermediate Radio Licence,YYA
20YYB,Available,Amateur Intermediate Radio Licence,YYB
20YYC,Available,Amateur Intermediate Radio Licence,YYC
20YYE,Available,Amateur Intermediate Radio Licence,YYE
20YYG,Available,Amateur Intermediate Radio Licence,YYG
20YYH,Available,Amateur Intermediate Radio Licence,YYH
20YYI,Available,Amateur Intermediate Radio Licence,YYI
20YYJ,Available,Amateur Intermediate Radio Licence,YYJ
20YYK,Available,Amateur Intermediate Radio Licence,YYK
20YYL,Available,Amateur Intermediate Radio Licence,YYL
20YYM,Available,Amateur Intermediate Radio Licence,YYM
20YYN,Available,Amateur Intermediate Radio Licence,YYN
20YYO,Available,Amateur Intermediate Radio Licence,YYO
20YYQ,Available,Amateur Intermediate Radio Licence,YYQ
20YYR,Available,Amateur Intermediate Radio Licence,YYR
20YYS,Available,Amateur Intermediate Radio Licence,YYS
20YYV,Available,Amateur Intermediate Radio Licence,YYV
20YYW,Available,Amateur Intermediate Radio Licence,YYW
20YYX,Available,Amateur Intermediate Radio Licence,YYX
20YZB,Available,Amateur Intermediate Radio Licence,YZB
20YZD,Available,Amateur Intermediate Radio Licence,YZD
20YZE,Available,Amateur Intermediate Radio Licence,YZE
20YZG,Available,Amateur Intermediate Radio Licence,YZG
20YZH,Available,Amateur Intermediate Radio Licence,YZH
20YZI,Available,Amateur Intermediate Radio Licence,YZI
20YZJ,Available,Amateur Intermediate Radio Licence,YZJ
20YZK,Available,Amateur Intermediate Radio Licence,YZK
20YZL,Available,Amateur Intermediate Radio Licence,YZL
20YZM,Available,Amateur Intermediate Radio Licence,YZM
20YZN,Available,Amateur Intermediate Radio Licence,YZN
20YZO,Available,Amateur Intermediate Radio Licence,YZO
20YZP,Available,Amateur Intermediate Radio Licence,YZP
20YZT,Available,Amateur Intermediate Radio Licence,YZT
20YZU,Available,Amateur Intermediate Radio Licence,YZU
20YZV,Available,Amateur Intermediate Radio Licence,YZV
20YZW,Available,Amateur Intermediate Radio Licence,YZW
20YZY,Available,Amateur Intermediate Radio Licence,YZY
20ZAQ,Available,Amateur Intermediate Radio Licence,ZAQ
20ZBF,Available,Amateur Intermediate Radio Licence,ZBF
20ZBI,Available,Amateur Intermediate Radio Licence,ZBI
20ZBJ,Available,Amateur Intermediate Radio Licence,ZBJ
20ZBK,Available,Amateur Intermediate Radio Licence,ZBK
20ZBL,Available,Amateur Intermediate Radio Licence,ZBL
20ZBM,Available,Amateur Intermediate Radio Licence,ZBM
20ZBN,Available,Amateur Intermediate Radio Licence,ZBN
20ZBO,Available,Amateur Intermediate Radio Licence,ZBO
20ZBP,Available,Amateur Intermediate Radio Licence,ZBP
20ZBQ,Available,Amateur Intermediate Radio Licence,ZBQ
20ZBR,Available,Amateur Intermediate Radio Licence,ZBR
20ZBS,Available,Amateur Intermediate Radio Licence,ZBS
20ZBV,Available,Amateur Intermediate Radio Licence,ZBV
20ZBX,Available,Amateur Intermediate Radio Licence,ZBX
20ZBY,Available,Amateur Intermediate Radio Licence,ZBY
20ZCA,Available,Amateur Intermediate Radio Licence,ZCA
20ZCB,Available,Amateur Intermediate Radio Licence,ZCB
20ZCD,Available,Amateur Intermediate Radio Licence,ZCD
20ZCE,Available,Amateur Intermediate Radio Licence,ZCE
20ZCF,Available,Amateur Intermediate Radio Licence,ZCF
20ZCH,Available,Amateur Intermediate Radio Licence,ZCH
20ZCI,Available,Amateur Intermediate Radio Licence,ZCI
20ZCJ,Available,Amateur Intermediate Radio Licence,ZCJ
20ZCK,Available,Amateur Intermediate Radio Licence,ZCK
20ZCM,Available,Amateur Intermediate Radio Licence,ZCM
20ZCN,Available,Amateur Intermediate Radio Licence,ZCN
20ZCO,Available,Amateur Intermediate Radio Licence,ZCO
20ZCQ,Available,Amateur Intermediate Radio Licence,ZCQ
20ZCS,Available,Amateur Intermediate Radio Licence,ZCS
20ZCT,Available,Amateur Intermediate Radio Licence,ZCT
20ZCU,Available,Amateur Intermediate Radio Licence,ZCU
20ZCV,Available,Amateur Intermediate Radio Licence,ZCV
20ZCW,Available,Amateur Intermediate Radio Licence,ZCW
20ZCX,Available,Amateur Intermediate Radio Licence,ZCX
20ZCY,Available,Amateur Intermediate Radio Licence,ZCY
20ZCZ,Available,Amateur Intermediate Radio Licence,ZCZ
20ZDD,Available,Amateur Intermediate Radio Licence,ZDD
20ZDF,Available,Amateur Intermediate Radio Licence,ZDF
20ZDG,Available,Amateur Intermediate Radio Licence,ZDG
20ZDI,Available,Amateur Intermediate Radio Licence,ZDI
20ZDL,Available,Amateur Intermediate Radio Licence,ZDL
20ZDN,Available,Amateur Intermediate Radio Licence,ZDN
20ZDO,Available,Amateur Intermediate Radio Licence,ZDO
20ZDP,Available,Amateur Intermediate Radio Licence,ZDP
20ZDQ,Available,Amateur Intermediate Radio Licence,ZDQ
20ZDR,Available,Amateur Intermediate Radio Licence,ZDR
20ZDS,Available,Amateur Intermediate Radio Licence,ZDS
20ZDT,Available,Amateur Intermediate Radio Licence,ZDT
20ZDU,Available,Amateur Intermediate Radio Licence,ZDU
20ZDV,Available,Amateur Intermediate Radio Licence,ZDV
20ZDY,Available,Amateur Intermediate Radio Licence,ZDY
20ZDZ,Available,Amateur Intermediate Radio Licence,ZDZ
20ZEA,Available,Amateur Intermediate Radio Licence,ZEA
20ZEE,Available,Amateur Intermediate Radio Licence,ZEE
20ZEF,Available,Amateur Intermediate Radio Licence,ZEF
20ZEG,Available,Amateur Intermediate Radio Licence,ZEG
20ZEI,Available,Amateur Intermediate Radio Licence,ZEI
20ZEJ,Available,Amateur Intermediate Radio Licence,ZEJ
20ZEK,Available,Amateur Intermediate Radio Licence,ZEK
20ZEL,Available,Amateur Intermediate Radio Licence,ZEL
20ZEP,Available,Amateur Intermediate Radio Licence,ZEP
20ZER,Available,Amateur Intermediate Radio Licence,ZER
20ZES,Available,Amateur Intermediate Radio Licence,ZES
20ZEU,Available,Amateur Intermediate Radio Licence,ZEU
20ZEW,Available,Amateur Intermediate Radio Licence,ZEW
20ZEX,Available,Amateur Intermediate Radio Licence,ZEX
20ZEZ,Available,Amateur Intermediate Radio Licence,ZEZ
20ZFA,Available,Amateur Intermediate Radio Licence,ZFA
20ZFB,Available,Amateur Intermediate Radio Licence,ZFB
20ZFC,Available,Amateur Intermediate Radio Licence,ZFC
20ZFD,Available,Amateur Intermediate Radio Licence,ZFD
20ZFE,Available,Amateur Intermediate Radio Licence,ZFE
20ZFH,Available,Amateur Intermediate Radio Licence,ZFH
20ZFI,Available,Amateur Intermediate Radio Licence,ZFI
20ZFJ,Available,Amateur Intermediate Radio Licence,ZFJ
20ZFK,Available,Amateur Intermediate Radio Licence,ZFK
20ZFL,Available,Amateur Intermediate Radio Licence,ZFL
20ZFN,Available,Amateur Intermediate Radio Licence,ZFN
20ZFO,Available,Amateur Intermediate Radio Licence,ZFO
20ZFP,Available,Amateur Intermediate Radio Licence,ZFP
20ZFQ,Available,Amateur Intermediate Radio Licence,ZFQ
20ZFR,Available,Amateur Intermediate Radio Licence,ZFR
20ZFS,Available,Amateur Intermediate Radio Licence,ZFS
20ZFT,Available,Amateur Intermediate Radio Licence,ZFT
20ZFW,Available,Amateur Intermediate Radio Licence,ZFW
20ZFY,Available,Amateur Intermediate Radio Licence,ZFY
20ZFZ,Available,Amateur Intermediate Radio Licence,ZFZ
20ZGC,Available,Amateur Intermediate Radio Licence,ZGC
20ZGD,Available,Amateur Intermediate Radio Licence,ZGD
20ZGE,Available,Amateur Intermediate Radio Licence,ZGE
20ZGF,Available,Amateur Intermediate Radio Licence,ZGF
20ZGG,Available,Amateur Intermediate Radio Licence,ZGG
20ZGH,Available,Amateur Intermediate Radio Licence,ZGH
20ZGI,Available,Amateur Intermediate Radio Licence,ZGI
20ZGJ,Available,Amateur Intermediate Radio Licence,ZGJ
20ZGK,Available,Amateur Intermediate Radio Licence,ZGK
20ZGM,Available,Amateur Intermediate Radio Licence,ZGM
20ZGO,Available,Amateur Intermediate Radio Licence,ZGO
20ZGP,Available,Amateur Intermediate Radio Licence,ZGP
20ZGQ,Available,Amateur Intermediate Radio Licence,ZGQ
20ZGR,Available,Amateur Intermediate Radio Licence,ZGR
20ZGT,Available,Amateur Intermediate Radio Licence,ZGT
20ZGU,Available,Amateur Intermediate Radio Licence,ZGU
20ZGV,Available,Amateur Intermediate Radio Licence,ZGV
20ZGW,Available,Amateur Intermediate Radio Licence,ZGW
20ZGY,Available,Amateur Intermediate Radio Licence,ZGY
20ZGZ,Available,Amateur Intermediate Radio Licence,ZGZ
20ZHA,Available,Amateur Intermediate Radio Licence,ZHA
20ZHB,Available,Amateur Intermediate Radio Licence,ZHB
20ZHC,Available,Amateur Intermediate Radio Licence,ZHC
20ZHD,Available,Amateur Intermediate Radio Licence,ZHD
20ZHE,Available,Amateur Intermediate Radio Licence,ZHE
20ZHF,Available,Amateur Intermediate Radio Licence,ZHF
20ZHH,Available,Amateur Intermediate Radio Licence,ZHH
20ZHI,Available,Amateur Intermediate Radio Licence,ZHI
20ZHJ,Available,Amateur Intermediate Radio Licence,ZHJ
20ZHK,Available,Amateur Intermediate Radio Licence,ZHK
20ZHL,Available,Amateur Intermediate Radio Licence,ZHL
20ZHM,Available,Amateur Intermediate Radio Licence,ZHM
20ZHO,Available,Amateur Intermediate Radio Licence,ZHO
20ZHP,Available,Amateur Intermediate Radio Licence,ZHP
20ZHQ,Available,Amateur Intermediate Radio Licence,ZHQ
20ZHR,Available,Amateur Intermediate Radio Licence,ZHR
20ZHS,Available,Amateur Intermediate Radio Licence,ZHS
20ZHT,Available,Amateur Intermediate Radio Licence,ZHT
20ZHU,Available,Amateur Intermediate Radio Licence,ZHU
20ZHV,Available,Amateur Intermediate Radio Licence,ZHV
20ZHW,Available,Amateur Intermediate Radio Licence,ZHW
20ZHX,Available,Amateur Intermediate Radio Licence,ZHX
20ZHY,Available,Amateur Intermediate Radio Licence,ZHY
20ZHZ,Available,Amateur Intermediate Radio Licence,ZHZ
20ZIA,Available,Amateur Intermediate Radio Licence,ZIA
20ZIB,Available,Amateur Intermediate Radio Licence,ZIB
20ZIC,Available,Amateur Intermediate Radio Licence,ZIC
20ZID,Available,Amateur Intermediate Radio Licence,ZID
20ZIE,Available,Amateur Intermediate Radio Licence,ZIE
20ZIF,Available,Amateur Intermediate Radio Licence,ZIF
20ZIH,Available,Amateur Intermediate Radio Licence,ZIH
20ZII,Available,Amateur Intermediate Radio Licence,ZII
20ZIJ,Available,Amateur Intermediate Radio Licence,ZIJ
20ZIK,Available,Amateur Intermediate Radio Licence,ZIK
20ZIN,Available,Amateur Intermediate Radio Licence,ZIN
20ZIO,Available,Amateur Intermediate Radio Licence,ZIO
20ZIQ,Available,Amateur Intermediate Radio Licence,ZIQ
20ZIR,Available,Amateur Intermediate Radio Licence,ZIR
20ZIS,Available,Amateur Intermediate Radio Licence,ZIS
20ZIU,Available,Amateur Intermediate Radio Licence,ZIU
20ZIW,Available,Amateur Intermediate Radio Licence,ZIW
20ZIY,Available,Amateur Intermediate Radio Licence,ZIY
20ZJC,Available,Amateur Intermediate Radio Licence,ZJC
20ZJD,Available,Amateur Intermediate Radio Licence,ZJD
20ZJE,Available,Amateur Intermediate Radio Licence,ZJE
20ZJF,Available,Amateur Intermediate Radio Licence,ZJF
20ZJG,Available,Amateur Intermediate Radio Licence,ZJG
20ZJH,Available,Amateur Intermediate Radio Licence,ZJH
20ZJI,Available,Amateur Intermediate Radio Licence,ZJI
20ZJJ,Available,Amateur Intermediate Radio Licence,ZJJ
20ZJK,Available,Amateur Intermediate Radio Licence,ZJK
20ZJL,Available,Amateur Intermediate Radio Licence,ZJL
20ZJM,Available,Amateur Intermediate Radio Licence,ZJM
20ZJN,Available,Amateur Intermediate Radio Licence,ZJN
20ZJP,Available,Amateur Intermediate Radio Licence,ZJP
20ZJR,Available,Amateur Intermediate Radio Licence,ZJR
20ZJS,Available,Amateur Intermediate Radio Licence,ZJS
20ZJT,Available,Amateur Intermediate Radio Licence,ZJT
20ZJU,Available,Amateur Intermediate Radio Licence,ZJU
20ZJV,Available,Amateur Intermediate Radio Licence,ZJV
20ZJW,Available,Amateur Intermediate Radio Licence,ZJW
20ZJX,Available,Amateur Intermediate Radio Licence,ZJX
20ZJY,Available,Amateur Intermediate Radio Licence,ZJY
20ZJZ,Available,Amateur Intermediate Radio Licence,ZJZ
20ZKA,Available,Amateur Intermediate Radio Licence,ZKA
20ZKB,Available,Amateur Intermediate Radio Licence,ZKB
20ZKC,Available,Amateur Intermediate Radio Licence,ZKC
20ZKE,Available,Amateur Intermediate Radio Licence,ZKE
20ZKF,Available,Amateur Intermediate Radio Licence,ZKF
20ZKG,Available,Amateur Intermediate Radio Licence,ZKG
20ZKH,Available,Amateur Intermediate Radio Licence,ZKH
20ZKI,Available,Amateur Intermediate Radio Licence,ZKI
20ZKJ,Available,Amateur Intermediate Radio Licence,ZKJ
20ZKK,Available,Amateur Intermediate Radio Licence,ZKK
20ZKL,Available,Amateur Intermediate Radio Licence,ZKL
20ZKM,Available,Amateur Intermediate Radio Licence,ZKM
20ZKN,Available,Amateur Intermediate Radio Licence,ZKN
20ZKO,Available,Amateur Intermediate Radio Licence,ZKO
20ZKP,Available,Amateur Intermediate Radio Licence,ZKP
20ZKQ,Available,Amateur Intermediate Radio Licence,ZKQ
20ZKR,Available,Amateur Intermediate Radio Licence,ZKR
20ZKS,Available,Amateur Intermediate Radio Licence,ZKS
20ZKU,Available,Amateur Intermediate Radio Licence,ZKU
20ZKV,Available,Amateur Intermediate Radio Licence,ZKV
20ZKW,Available,Amateur Intermediate Radio Licence,ZKW
20ZKY,Available,Amateur Intermediate Radio Licence,ZKY
20ZKZ,Available,Amateur Intermediate Radio Licence,ZKZ
20ZLA,Available,Amateur Intermediate Radio Licence,ZLA
20ZLB,Available,Amateur Intermediate Radio Licence,ZLB
20ZLC,Available,Amateur Intermediate Radio Licence,ZLC
20ZLE,Available,Amateur Intermediate Radio Licence,ZLE
20ZLF,Available,Amateur Intermediate Radio Licence,ZLF
20ZLH,Available,Amateur Intermediate Radio Licence,ZLH
20ZLI,Available,Amateur Intermediate Radio Licence,ZLI
20ZLJ,Available,Amateur Intermediate Radio Licence,ZLJ
20ZLL,Available,Amateur Intermediate Radio Licence,ZLL
20ZLN,Available,Amateur Intermediate Radio Licence,ZLN
20ZLP,Available,Amateur Intermediate Radio Licence,ZLP
20ZLQ,Available,Amateur Intermediate Radio Licence,ZLQ
20ZLS,Available,Amateur Intermediate Radio Licence,ZLS
20ZLU,Available,Amateur Intermediate Radio Licence,ZLU
20ZLV,Available,Amateur Intermediate Radio Licence,ZLV
20ZLW,Available,Amateur Intermediate Radio Licence,ZLW
20ZLX,Available,Amateur Intermediate Radio Licence,ZLX
20ZLY,Available,Amateur Intermediate Radio Licence,ZLY
20ZLZ,Available,Amateur Intermediate Radio Licence,ZLZ
20ZMA,Available,Amateur Intermediate Radio Licence,ZMA
20ZMC,Available,Amateur Intermediate Radio Licence,ZMC
20ZMD,Available,Amateur Intermediate Radio Licence,ZMD
20ZME,Available,Amateur Intermediate Radio Licence,ZME
20ZMF,Available,Amateur Intermediate Radio Licence,ZMF
20ZMG,Available,Amateur Intermediate Radio Licence,ZMG
20ZMH,Available,Amateur Intermediate Radio Licence,ZMH
20ZMI,Available,Amateur Intermediate Radio Licence,ZMI
20ZMJ,Available,Amateur Intermediate Radio Licence,ZMJ
20ZMK,Available,Amateur Intermediate Radio Licence,ZMK
20ZMN,Available,Amateur Intermediate Radio Licence,ZMN
20ZMP,Available,Amateur Intermediate Radio Licence,ZMP
20ZMQ,Available,Amateur Intermediate Radio Licence,ZMQ
20ZMU,Available,Amateur Intermediate Radio Licence,ZMU
20ZMV,Available,Amateur Intermediate Radio Licence,ZMV
20ZMW,Available,Amateur Intermediate Radio Licence,ZMW
20ZMY,Available,Amateur Intermediate Radio Licence,ZMY
20ZNA,Available,Amateur Intermediate Radio Licence,ZNA
20ZNB,Available,Amateur Intermediate Radio Licence,ZNB
20ZNC,Available,Amateur Intermediate Radio Licence,ZNC
20ZND,Available,Amateur Intermediate Radio Licence,ZND
20ZNE,Available,Amateur Intermediate Radio Licence,ZNE
20ZNF,Available,Amateur Intermediate Radio Licence,ZNF
20ZNG,Available,Amateur Intermediate Radio Licence,ZNG
20ZNI,Available,Amateur Intermediate Radio Licence,ZNI
20ZNJ,Available,Amateur Intermediate Radio Licence,ZNJ
20ZNK,Available,Amateur Intermediate Radio Licence,ZNK
20ZNL,Available,Amateur Intermediate Radio Licence,ZNL
20ZNM,Available,Amateur Intermediate Radio Licence,ZNM
20ZNN,Available,Amateur Intermediate Radio Licence,ZNN
20ZNO,Available,Amateur Intermediate Radio Licence,ZNO
20ZNP,Available,Amateur Intermediate Radio Licence,ZNP
20ZNQ,Available,Amateur Intermediate Radio Licence,ZNQ
20ZNR,Available,Amateur Intermediate Radio Licence,ZNR
20ZNS,Available,Amateur Intermediate Radio Licence,ZNS
20ZNT,Available,Amateur Intermediate Radio Licence,ZNT
20ZNU,Available,Amateur Intermediate Radio Licence,ZNU
20ZNV,Available,Amateur Intermediate Radio Licence,ZNV
20ZNW,Available,Amateur Intermediate Radio Licence,ZNW
20ZNX,Available,Amateur Intermediate Radio Licence,ZNX
20ZNY,Available,Amateur Intermediate Radio Licence,ZNY
20ZOB,Available,Amateur Intermediate Radio Licence,ZOB
20ZOC,Available,Amateur Intermediate Radio Licence,ZOC
20ZOE,Available,Amateur Intermediate Radio Licence,ZOE
20ZOF,Available,Amateur Intermediate Radio Licence,ZOF
20ZOG,Available,Amateur Intermediate Radio Licence,ZOG
20ZOH,Available,Amateur Intermediate Radio Licence,ZOH
20ZOI,Available,Amateur Intermediate Radio Licence,ZOI
20ZOJ,Available,Amateur Intermediate Radio Licence,ZOJ
20ZOK,Available,Amateur Intermediate Radio Licence,ZOK
20ZOL,Available,Amateur Intermediate Radio Licence,ZOL
20ZOP,Available,Amateur Intermediate Radio Licence,ZOP
20ZOQ,Available,Amateur Intermediate Radio Licence,ZOQ
20ZOS,Available,Amateur Intermediate Radio Licence,ZOS
20ZOU,Available,Amateur Intermediate Radio Licence,ZOU
20ZOV,Available,Amateur Intermediate Radio Licence,ZOV
20ZOW,Available,Amateur Intermediate Radio Licence,ZOW
20ZOX,Available,Amateur Intermediate Radio Licence,ZOX
20ZOY,Available,Amateur Intermediate Radio Licence,ZOY
20ZPB,Available,Amateur Intermediate Radio Licence,ZPB
20ZPC,Available,Amateur Intermediate Radio Licence,ZPC
20ZPE,Available,Amateur Intermediate Radio Licence,ZPE
20ZPF,Available,Amateur Intermediate Radio Licence,ZPF
20ZPG,Available,Amateur Intermediate Radio Licence,ZPG
20ZPH,Available,Amateur Intermediate Radio Licence,ZPH
20ZPI,Available,Amateur Intermediate Radio Licence,ZPI
20ZPJ,Available,Amateur Intermediate Radio Licence,ZPJ
20ZPK,Available,Amateur Intermediate Radio Licence,ZPK
20ZPL,Available,Amateur Intermediate Radio Licence,ZPL
20ZPO,Available,Amateur Intermediate Radio Licence,ZPO
20ZPP,Available,Amateur Intermediate Radio Licence,ZPP
20ZPQ,Available,Amateur Intermediate Radio Licence,ZPQ
20ZPR,Available,Amateur Intermediate Radio Licence,ZPR
20ZPU,Available,Amateur Intermediate Radio Licence,ZPU
20ZPV,Available,Amateur Intermediate Radio Licence,ZPV
20ZPW,Available,Amateur Intermediate Radio Licence,ZPW
20ZPX,Available,Amateur Intermediate Radio Licence,ZPX
20ZPZ,Available,Amateur Intermediate Radio Licence,ZPZ
20ZQA,Available,Amateur Intermediate Radio Licence,ZQA
20ZQB,Available,Amateur Intermediate Radio Licence,ZQB
20ZQC,Available,Amateur Intermediate Radio Licence,ZQC
20ZQD,Available,Amateur Intermediate Radio Licence,ZQD
20ZQE,Available,Amateur Intermediate Radio Licence,ZQE
20ZQF,Available,Amateur Intermediate Radio Licence,ZQF
20ZQG,Available,Amateur Intermediate Radio Licence,ZQG
20ZQH,Available,Amateur Intermediate Radio Licence,ZQH
20ZQI,Available,Amateur Intermediate Radio Licence,ZQI
20ZQJ,Available,Amateur Intermediate Radio Licence,ZQJ
20ZQK,Available,Amateur Intermediate Radio Licence,ZQK
20ZQL,Available,Amateur Intermediate Radio Licence,ZQL
20ZQM,Available,Amateur Intermediate Radio Licence,ZQM
20ZQN,Available,Amateur Intermediate Radio Licence,ZQN
20ZQO,Available,Amateur Intermediate Radio Licence,ZQO
20ZQP,Available,Amateur Intermediate Radio Licence,ZQP
20ZQQ,Available,Amateur Intermediate Radio Licence,ZQQ
20ZQS,Available,Amateur Intermediate Radio Licence,ZQS
20ZQT,Available,Amateur Intermediate Radio Licence,ZQT
20ZQU,Available,Amateur Intermediate Radio Licence,ZQU
20ZQV,Available,Amateur Intermediate Radio Licence,ZQV
20ZQW,Available,Amateur Intermediate Radio Licence,ZQW
20ZQX,Available,Amateur Intermediate Radio Licence,ZQX
20ZQY,Available,Amateur Intermediate Radio Licence,ZQY
20ZQZ,Available,Amateur Intermediate Radio Licence,ZQZ
20ZRC,Available,Amateur Intermediate Radio Licence,ZRC
20ZRD,Available,Amateur Intermediate Radio Licence,ZRD
20ZRE,Available,Amateur Intermediate Radio Licence,ZRE
20ZRF,Available,Amateur Intermediate Radio Licence,ZRF
20ZRH,Available,Amateur Intermediate Radio Licence,ZRH
20ZRI,Available,Amateur Intermediate Radio Licence,ZRI
20ZRJ,Available,Amateur Intermediate Radio Licence,ZRJ
20ZRK,Available,Amateur Intermediate Radio Licence,ZRK
20ZRP,Available,Amateur Intermediate Radio Licence,ZRP
20ZRR,Available,Amateur Intermediate Radio Licence,ZRR
20ZRS,Available,Amateur Intermediate Radio Licence,ZRS
20ZRU,Available,Amateur Intermediate Radio Licence,ZRU
20ZRV,Available,Amateur Intermediate Radio Licence,ZRV
20ZRW,Available,Amateur Intermediate Radio Licence,ZRW
20ZRY,Available,Amateur Intermediate Radio Licence,ZRY
20ZRZ,Available,Amateur Intermediate Radio Licence,ZRZ
20ZSD,Available,Amateur Intermediate Radio Licence,ZSD
20ZSF,Available,Amateur Intermediate Radio Licence,ZSF
20ZSG,Available,Amateur Intermediate Radio Licence,ZSG
20ZSI,Available,Amateur Intermediate Radio Licence,ZSI
20ZSL,Available,Amateur Intermediate Radio Licence,ZSL
20ZSM,Available,Amateur Intermediate Radio Licence,ZSM
20ZSN,Available,Amateur Intermediate Radio Licence,ZSN
20ZSO,Available,Amateur Intermediate Radio Licence,ZSO
20ZSQ,Available,Amateur Intermediate Radio Licence,ZSQ
20ZSR,Available,Amateur Intermediate Radio Licence,ZSR
20ZSS,Available,Amateur Intermediate Radio Licence,ZSS
20ZSV,Available,Amateur Intermediate Radio Licence,ZSV
20ZSW,Available,Amateur Intermediate Radio Licence,ZSW
20ZSX,Available,Amateur Intermediate Radio Licence,ZSX
20ZSZ,Available,Amateur Intermediate Radio Licence,ZSZ
20ZTA,Available,Amateur Intermediate Radio Licence,ZTA
20ZTB,Available,Amateur Intermediate Radio Licence,ZTB
20ZTF,Available,Amateur Intermediate Radio Licence,ZTF
20ZTH,Available,Amateur Intermediate Radio Licence,ZTH
20ZTI,Available,Amateur Intermediate Radio Licence,ZTI
20ZTJ,Available,Amateur Intermediate Radio Licence,ZTJ
20ZTK,Available,Amateur Intermediate Radio Licence,ZTK
20ZTN,Available,Amateur Intermediate Radio Licence,ZTN
20ZTO,Available,Amateur Intermediate Radio Licence,ZTO
20ZTQ,Available,Amateur Intermediate Radio Licence,ZTQ
20ZTR,Available,Amateur Intermediate Radio Licence,ZTR
20ZTS,Available,Amateur Intermediate Radio Licence,ZTS
20ZTT,Available,Amateur Intermediate Radio Licence,ZTT
20ZTU,Available,Amateur Intermediate Radio Licence,ZTU
20ZTV,Available,Amateur Intermediate Radio Licence,ZTV
20ZTW,Available,Amateur Intermediate Radio Licence,ZTW
20ZTY,Available,Amateur Intermediate Radio Licence,ZTY
20ZTZ,Available,Amateur Intermediate Radio Licence,ZTZ
20ZUB,Available,Amateur Intermediate Radio Licence,ZUB
20ZUC,Available,Amateur Intermediate Radio Licence,ZUC
20ZUD,Available,Amateur Intermediate Radio Licence,ZUD
20ZUE,Available,Amateur Intermediate Radio Licence,ZUE
20ZUF,Available,Amateur Intermediate Radio Licence,ZUF
20ZUG,Available,Amateur Intermediate Radio Licence,ZUG
20ZUH,Available,Amateur Intermediate Radio Licence,ZUH
20ZUI,Available,Amateur Intermediate Radio Licence,ZUI
20ZUJ,Available,Amateur Intermediate Radio Licence,ZUJ
20ZUK,Available,Amateur Intermediate Radio Licence,ZUK
20ZUL,Available,Amateur Intermediate Radio Licence,ZUL
20ZUM,Available,Amateur Intermediate Radio Licence,ZUM
20ZUO,Available,Amateur Intermediate Radio Licence,ZUO
20ZUP,Available,Amateur Intermediate Radio Licence,ZUP
20ZUQ,Available,Amateur Intermediate Radio Licence,ZUQ
20ZUR,Available,Amateur Intermediate Radio Licence,ZUR
20ZUS,Available,Amateur Intermediate Radio Licence,ZUS
20ZUU,Available,Amateur Intermediate Radio Licence,ZUU
20ZUV,Available,Amateur Intermediate Radio Licence,ZUV
20ZUW,Available,Amateur Intermediate Radio Licence,ZUW
20ZUY,Available,Amateur Intermediate Radio Licence,ZUY
20ZUZ,Available,Amateur Intermediate Radio Licence,ZUZ
20ZVA,Available,Amateur Intermediate Radio Licence,ZVA
20ZVB,Available,Amateur Intermediate Radio Licence,ZVB
20ZVC,Available,Amateur Intermediate Radio Licence,ZVC
20ZVD,Available,Amateur Intermediate Radio Licence,ZVD
20ZVE,Available,Amateur Intermediate Radio Licence,ZVE
20ZVF,Available,Amateur Intermediate Radio Licence,ZVF
20ZVH,Available,Amateur Intermediate Radio Licence,ZVH
20ZVI,Available,Amateur Intermediate Radio Licence,ZVI
20ZVJ,Available,Amateur Intermediate Radio Licence,ZVJ
20ZVK,Available,Amateur Intermediate Radio Licence,ZVK
20ZVM,Available,Amateur Intermediate Radio Licence,ZVM
20ZVN,Available,Amateur Intermediate Radio Licence,ZVN
20ZVO,Available,Amateur Intermediate Radio Licence,ZVO
20ZVP,Available,Amateur Intermediate Radio Licence,ZVP
20ZVQ,Available,Amateur Intermediate Radio Licence,ZVQ
20ZVS,Available,Amateur Intermediate Radio Licence,ZVS
20ZVU,Available,Amateur Intermediate Radio Licence,ZVU
20ZVV,Available,Amateur Intermediate Radio Licence,ZVV
20ZVW,Available,Amateur Intermediate Radio Licence,ZVW
20ZVX,Available,Amateur Intermediate Radio Licence,ZVX
20ZVY,Available,Amateur Intermediate Radio Licence,ZVY
20ZVZ,Available,Amateur Intermediate Radio Licence,ZVZ
20ZWB,Available,Amateur Intermediate Radio Licence,ZWB
20ZWC,Available,Amateur Intermediate Radio Licence,ZWC
20ZWD,Available,Amateur Intermediate Radio Licence,ZWD
20ZWF,Available,Amateur Intermediate Radio Licence,ZWF
20ZWG,Available,Amateur Intermediate Radio Licence,ZWG
20ZWI,Available,Amateur Intermediate Radio Licence,ZWI
20ZWJ,Available,Amateur Intermediate Radio Licence,ZWJ
20ZWK,Available,Amateur Intermediate Radio Licence,ZWK
20ZWL,Available,Amateur Intermediate Radio Licence,ZWL
20ZWM,Available,Amateur Intermediate Radio Licence,ZWM
20ZWN,Available,Amateur Intermediate Radio Licence,ZWN
20ZWO,Available,Amateur Intermediate Radio Licence,ZWO
20ZWP,Available,Amateur Intermediate Radio Licence,ZWP
20ZWQ,Available,Amateur Intermediate Radio Licence,ZWQ
20ZWS,Available,Amateur Intermediate Radio Licence,ZWS
20ZWT,Available,Amateur Intermediate Radio Licence,ZWT
20ZWU,Available,Amateur Intermediate Radio Licence,ZWU
20ZWV,Available,Amateur Intermediate Radio Licence,ZWV
20ZWX,Available,Amateur Intermediate Radio Licence,ZWX
20ZWY,Available,Amateur Intermediate Radio Licence,ZWY
20ZWZ,Available,Amateur Intermediate Radio Licence,ZWZ
20ZXB,Available,Amateur Intermediate Radio Licence,ZXB
20ZXC,Available,Amateur Intermediate Radio Licence,ZXC
20ZXE,Available,Amateur Intermediate Radio Licence,ZXE
20ZXF,Available,Amateur Intermediate Radio Licence,ZXF
20ZXH,Available,Amateur Intermediate Radio Licence,ZXH
20ZXI,Available,Amateur Intermediate Radio Licence,ZXI
20ZXK,Available,Amateur Intermediate Radio Licence,ZXK
20ZXL,Available,Amateur Intermediate Radio Licence,ZXL
20ZXN,Available,Amateur Intermediate Radio Licence,ZXN
20ZXO,Available,Amateur Intermediate Radio Licence,ZXO
20ZXS,Available,Amateur Intermediate Radio Licence,ZXS
20ZXT,Available,Amateur Intermediate Radio Licence,ZXT
20ZXU,Available,Amateur Intermediate Radio Licence,ZXU
20ZXV,Available,Amateur Intermediate Radio Licence,ZXV
20ZXX,Available,Amateur Intermediate Radio Licence,ZXX
20ZXZ,Available,Amateur Intermediate Radio Licence,ZXZ
20ZYA,Available,Amateur Intermediate Radio Licence,ZYA
20ZYB,Available,Amateur Intermediate Radio Licence,ZYB
20ZYC,Available,Amateur Intermediate Radio Licence,ZYC
20ZYD,Available,Amateur Intermediate Radio Licence,ZYD
20ZYE,Available,Amateur Intermediate Radio Licence,ZYE
20ZYG,Available,Amateur Intermediate Radio Licence,ZYG
20ZYH,Available,Amateur Intermediate Radio Licence,ZYH
20ZYI,Available,Amateur Intermediate Radio Licence,ZYI
20ZYJ,Available,Amateur Intermediate Radio Licence,ZYJ
20ZYM,Available,Amateur Intermediate Radio Licence,ZYM
20ZYN,Available,Amateur Intermediate Radio Licence,ZYN
20ZYO,Available,Amateur Intermediate Radio Licence,ZYO
20ZYP,Available,Amateur Intermediate Radio Licence,ZYP
20ZYR,Available,Amateur Intermediate Radio Licence,ZYR
20ZYS,Available,Amateur Intermediate Radio Licence,ZYS
20ZYT,Available,Amateur Intermediate Radio Licence,ZYT
20ZYU,Available,Amateur Intermediate Radio Licence,ZYU
20ZYV,Available,Amateur Intermediate Radio Licence,ZYV
20ZYW,Available,Amateur Intermediate Radio Licence,ZYW
20ZYY,Available,Amateur Intermediate Radio Licence,ZYY
20ZZA,Available,Amateur Intermediate Radio Licence,ZZA
20ZZB,Available,Amateur Intermediate Radio Licence,ZZB
20ZZC,Available,Amateur Intermediate Radio Licence,ZZC
20ZZE,Available,Amateur Intermediate Radio Licence,ZZE
20ZZG,Available,Amateur Intermediate Radio Licence,ZZG
20ZZH,Available,Amateur Intermediate Radio Licence,ZZH
20ZZJ,Available,Amateur Intermediate Radio Licence,ZZJ
20ZZL,Available,Amateur Intermediate Radio Licence,ZZL
20ZZN,Available,Amateur Intermediate Radio Licence,ZZN
20ZZO,Available,Amateur Intermediate Radio Licence,ZZO
20ZZP,Available,Amateur Intermediate Radio Licence,ZZP
20ZZQ,Available,Amateur Intermediate Radio Licence,ZZQ
20ZZR,Available,Amateur Intermediate Radio Licence,ZZR
20ZZS,Available,Amateur Intermediate Radio Licence,ZZS
20ZZV,Available,Amateur Intermediate Radio Licence,ZZV
20ZZW,Available,Amateur Intermediate Radio Licence,ZZW
21EDT,Available,Amateur Intermediate Radio Licence,EDT
